sst,chl_log,ssh,current_speed,current_dir,sst_gradient,chl_gradient,front_strength,ftle,ftle_ridge,thermocline_depth,d20_depth,mld,dist_to_front,dist_to_eddy,dist_to_seamount,dist_to_shelf_break,bathy_depth,bathy_slope,moon_phase,season_sin,season_cos,day_of_year_sin,day_of_year_cos,sst_7d_trend,chl_30d_anomaly,sst_x_chl,front_x_ftle,ssh_x_thermo,sst_local_std,chl_local_mean,current_local_mean,ais_fishing_density,viirs_light_density,lunar_cpue_modifier,zooplankton_index,spawning_season,enso_oni,omz_compression,eddy_enrichment,dvm_accessible_depth,salinity_front_strength,productivity_front,habitat_compression_ratio,cpue
17.973035799154385,0.24115512401151445,-0.03534938100632818,0.462100602813139,0.8918571697088726,0.043523861459934816,0.0006450361824679591,0.4396832874852578,0.048886696328491984,0.0,203.17241963856378,270.4136822378596,30.58450229386913,5.64624700384663,80.8425502309347,135.31466875116655,60.465764697507666,-1077.2651088041448,0.6884807648547355,0.9599541179271593,0.9995786855478958,-0.029025013321975237,0.9995786855478958,-0.029025013321975237,0.05687226403666806,-0.2053049352017535,4.3342896770084645,0.021494663356004837,-7.1820192717811855,0.07307328634475958,1.7446216062516342,0.4675469963763216,0.00445963442020624,0.10678852754991566,1.2624990550776631,0.533505560495066,0.0,0.49249341268521274,1.0,0.36410240511976344,305.7324024429164,0.28351245804229563,0.24554902232349574,1.0158620981928188,0.21315183404804192
15.790920758252433,0.3460689104879369,0.08753557474700663,0.22637134904648964,-1.3763824571903416,0.023247732849238006,0.0015782109047439558,0.24178100955347728,0.026531066231978054,0.0,217.5790268945052,290.4641994271336,30.95703390346398,134.5656040375517,136.58702211751847,132.8269942271671,109.55609676039688,-1158.4053205578766,3.2378331480759837,0.5998053941540261,-0.9093882203647925,-0.4159483918249421,-0.9093882203647925,-0.4159483918249421,-0.09282845536307803,-0.1457049683441828,5.464746742409766,0.0064147079780978245,19.045905172104927,0.7135664991825708,2.203564537480619,0.22965698924331934,0.2641862945045546,0.03842400929809958,0.7154936161224169,0.5282562772209664,0.0,-0.1963179441511758,1.0,0.2761407220947179,245.2719553561519,0.030055760455872882,0.14293835074475908,1.087895134472526,0.04956205801450728
19.894768158444986,-0.2702572649595011,0.107645217088882,0.048099497952171937,2.9348706595546146,0.024899652028075817,0.018700351716891998,0.20442584459761032,0.03771178433159353,0.0,197.91289545076157,255.10786025494912,89.336661153092,15.414458319091413,10.030348730388358,21.797217019972983,1.8939496120836563,-3242.5868187664355,2.475857618478495,0.7288439953813121,-0.09233133369539122,-0.9957283388645872,-0.09233133369539122,-0.9957283388645872,0.017166995601585834,0.23229624820403166,-5.376705629504712,0.007709263363268934,21.304376595486435,0.38448834385873903,0.5393250696423766,0.08600653598996205,0.2192472950527499,0.4624319895645436,0.9354684367235291,0.30091171807754746,0.0,0.3044226542130508,0.9932038134242606,0.8833691783875769,228.4872024536567,0.3788487415752419,0.13340401909008462,0.9828392124376668,0.008913799293405347
21.23620856521882,-0.0985951724027104,-0.10809702299310214,0.34702097748665556,1.9499170097289458,0.0667312502502947,0.0002235040064704723,0.5443503512150001,0.07848650277901403,0.0,180.75919877167337,251.61013965803477,36.63433731462888,124.74134614339978,59.84287016845461,420.80689711692827,142.97340613678318,-2696.851227338355,1.0905911247454183,0.6214412049633365,0.3474028211842774,-0.9377159910299093,0.3474028211842774,-0.9377159910299093,0.08872855735666797,0.3115995591029521,-2.093787644667665,0.04272415535339337,-19.539531265836295,0.4182107347202932,0.802040011948554,0.2810811842112366,0.4974388558161808,0.0493865795135203,0.7648847163863637,0.4562571504370083,0.0,-0.5113159638055534,1.0,0.5839710261628142,219.17748796842218,0.07576966452877291,0.37228709378080943,0.9037959938583668,0.0018704899787804004
20.474233044025564,-0.3791468641169238,-0.09308141947451899,0.021921979485501522,-2.344870550877347,0.040410464536289624,0.02273383772599881,0.48071781992026663,0.05791071583791152,0.0,173.64093500049867,209.7108030335414,50.24350189154836,28.11138515623584,21.89574786844501,36.5536208630636,27.78452910317986,-5324.431993636492,0.6063780680711924,0.4302777227200989,0.7865965660866021,-0.6174672802835514,0.7865965660866021,-0.6174672802835514,0.026372421523318243,0.22854122144607875,-7.762741253841391,0.027838713067622884,-16.162744708729104,0.47174953162279143,0.3810971209075278,0.0,0.23499445542123468,0.11463494103977874,0.7265848069750513,0.26208165158908625,0.0,-0.05804124101976537,1.0,0.7545763379073421,212.6317830769222,0.06204587360109293,0.4300552455418054,0.8682046750024933,0.005835119085851885
14.438935233328866,0.1869762222391672,0.1744686889450433,1.4021699662479399,-2.1201766032690283,0.015000006959312692,0.0022222237876709625,0.3093547488123325,0.030693311887049452,0.0,230.07871596365388,277.7156274428645,39.77775290075851,34.72496027704609,31.59033991550539,98.69008664664472,218.33983285539716,-1014.7044223217774,1.3080877637170634,0.6096766866778844,-0.9878726596350429,0.15526624985999563,-0.9878726596350429,0.15526624985999563,0.04741223658113293,0.19147631414126415,2.69973756308384,0.009495121789036762,40.1415319283377,0.6491652743640485,1.5974689391759962,1.439339370292297,0.27321956729019947,0.03376816137918684,0.744528834604528,0.48577262755322526,0.0,0.11103338921064004,1.0,0.7557036562048249,285.3127655424829,0.1911376287065926,0.18050617591951684,1.1503935798182694,0.14090765982030862
21.102763309184066,-0.4062204231147011,-0.007006514979360157,0.06401192290676311,0.27676055809193567,0.0006145959461090265,0.0037142020094263805,0.17206750045849262,0.0005255179844609577,0.0,157.971827702147,244.04969540105242,48.937467806981616,15.000974252016519,46.63921674977001,30.914398207393198,174.42513016443792,-2039.4179488637392,1.2494419779484893,0.40067297437486615,0.21547731504673012,-0.976508846196619,0.21547731504673012,-0.976508846196619,0.00181864552526649,0.011990229838901016,-8.57237344034614,9.042456603218195e-05,-1.106831977111995,0.4508308941901836,0.42468268822911565,0.06761255609951936,0.4637670261025486,0.00011333091123740724,0.69229966263127,0.3229118526248421,0.0,-0.5896101449478166,0.9991622799650133,0.6562530754261912,169.7862983040523,0.08729448016273389,0.1542044980859037,0.7891974576855872,0.0007581507183434786
19.947422545227088,-0.7604094777347029,-0.06602875371187038,0.866875956011359,-2.498322966240102,5.297490138792648e-06,0.03646677821603205,0.0,0.05417013004336845,0.0,168.26478058705223,247.4087369046232,51.90902372284893,141.13029450013227,46.49409119685537,100.71264405310237,11.263493623192119,-3180.1548771845387,0.17162655856204984,0.45363938783015667,0.9312100364121947,-0.3644830148102912,0.9312100364121947,-0.3644830148102912,0.00530375611465786,0.20308879477481945,-15.168209159769567,0.0,-11.110313755764379,0.6609394880313714,0.2128248275094654,0.8012701362739757,0.016301233334450323,0.026349083223298788,0.6355587782545777,0.4410176602230412,0.0,-0.15060076315796722,1.0,0.6387621109690088,175.11350094795793,0.0017715923471578474,0.1848893889280793,0.8413239029352612,0.0022379319600983522
18.435913372409747,0.46816564415522477,-0.10451732949042161,0.38131889653717665,2.917521731838244,0.039253605955737736,0.010530241721743333,0.3192189837603102,0.0832305906958602,0.0,162.67542767989642,193.5213394200579,57.94602429204723,23.54495418386468,118.59192237480697,109.5285860399964,24.336039658047344,-1804.1097560803414,1.8144882795348374,0.9110038882574208,0.6564105761979381,-0.7544038410927472,0.6564105761979381,-0.7544038410927472,0.07012637711869099,0.07112379024765801,8.631061259584131,0.026568784579702822,-17.002401274814986,1.4136468125327242,2.904769832654822,0.27657485414567917,0.49041807881222654,0.0768562974438252,1.2580020437307342,0.48391034754041795,0.0,-0.13141878207749455,1.0,0.3070089344263762,233.45741071274324,0.22930197456364482,0.2533145532778636,0.8133771383994821,0.1472017663795322
18.396291796339984,0.2098357828785905,-0.014145578040111212,0.11853166220377614,0.8672266310681467,0.02154783696456247,0.019321427740553527,0.16005012486209194,0.10787920742546203,1.0,215.88123131245916,265.6897951848272,30.218351304584942,11.365719022116826,156.85153221082683,283.9459548116342,155.4314204432039,-1175.9093767122802,0.7595542364468375,0.5638596620282463,0.0966127018812031,-0.9953220513156602,0.0966127018812031,-0.9953220513156602,-0.033489417425345495,0.38949808962490784,3.8602002911479927,0.017266080618468713,-3.053764804925691,0.7199925633233205,1.5844912816827035,0.1632250020457479,0.10539956566664334,0.1328627893266263,0.6899563766197987,0.5045995834730737,0.0,1.3680474792167598,0.8776085537114933,0.2152142510103122,236.90783155749517,0.0658763104071533,0.11126961074518552,0.9472960759279182,0.022874609635204844
17.90242274327737,-0.04641838631051852,0.1507894420978277,0.7855868147555073,-2.725808918288112,0.06838811608473487,0.005617657138641167,0.6662974206329696,0.03909633732085971,0.0,206.00066229661235,258.0417816944632,49.7920659411607,5.255012633526503,37.66990317544419,136.39172019644212,19.206318914109826,-5289.814229116403,2.179562064164645,0.10041094391261407,-0.6788204829862355,-0.734304263829602,-0.6788204829862355,-0.734304263829602,-0.03838195591298926,-0.18362023358638369,-0.8310015747916617,0.026049788713085328,31.062724939489183,0.20883235714305953,0.8929539139609205,0.759509056578743,0.09642645146760892,0.12869022636140567,1.1820883449932713,0.466374044449,0.0,-0.7254734142529473,1.0,0.64058791834738,173.88237746639197,0.0986539178853936,0.2475515332787121,1.0300033114830618,0.1275384503885598
15.90442558261383,-0.19765392291606887,0.06854379817631263,0.022900379861485833,-0.3550896286323941,0.018007440302148014,0.00016694306474219632,0.17482830660884963,0.00264015647970167,0.0,209.40495964667198,265.652845217933,38.90885285309786,75.88066996092381,18.610835201141228,6.010446961604013,3.9742013424486395,-8000.0,3.9896930000546726,0.5237656745267855,-0.05587875690537313,0.9984375616565666,-0.05587875690537313,0.9984375616565666,-0.023910701238569542,0.13452167383877936,-3.1435721081303076,0.0004615740865286247,14.353411291140375,0.1452796156333726,0.6743729200383015,0.04291341403685814,0.4011499239991387,0.054633708553215005,0.722086683479819,0.4127719503572127,1.0,-0.24778451427822568,0.9747447103633694,0.7764201612284253,213.24078823579876,0.11710047975052126,0.02477429254537504,1.0205818836972416,0.11412938570041742
20.01750255508483,-0.16547452407888927,0.01817623463107941,0.1894025040315975,-1.7469235696615941,0.0267202323401881,0.0037543068657427997,0.16740947757615057,0.02474014000436689,0.0,171.7247839396846,240.83542386532216,43.14698832500431,54.2447595528458,168.17527487014547,4.9782359607032545,51.886654666170884,-3372.38937739252,3.2430400917414293,0.9532602148983514,0.8367329140344921,-0.5476112038402312,0.8367329140344921,-0.5476112038402312,0.0011723201234806017,-0.25285852452985574,-3.312386708550612,0.004141733913291885,3.1213099648591247,1.0565776893882335,0.708249581699538,0.17621450271791897,0.08178573928338365,0.008791675368874598,1.3335114141989173,0.4357120303558657,0.0,1.6944059624274654,1.0,0.21324122547331167,209.3115087791081,0.021284622949603982,0.062152143547988224,0.8586239196984231,0.02601969569520786
14.959961779591405,-0.16572305353312553,0.15885209435910486,0.17669667937269398,-0.05999979523714538,0.07061870684747404,0.0032044470765229035,0.5582134838202,0.009471641135766123,0.0,183.89907456867854,261.4864608127451,87.44994342860551,7.871096587560706,61.9829439011638,500.0,9.692087158807766,-3383.4330232778484,0.13747473677553457,0.10004286825919728,0.9066860720977985,0.4218060770826634,0.9066860720977985,0.4218060770826634,-0.08050444556673708,0.13566975202655512,-2.4792105468527383,0.0052871977958907235,29.212753145935785,0.24978575548065382,0.6438897233384223,0.17498473071732895,0.040675694001046474,0.010762220978532805,1.2398238374968416,0.45551956597348303,0.0,0.6337682261090278,1.0,0.5196016467688984,219.2685224039393,0.04568475581414146,0.26295085060416856,0.9194953728433927,0.7620831926537676
16.21515224402645,-0.26312542172454606,0.13957751649705066,0.4957075086004201,-1.5894856630509049,0.023947241618338753,0.007545559947034248,0.24446664683412728,0.008098844684119255,0.0,167.5496764033378,218.1109190372639,57.82706989675536,98.41195585056161,328.9665601503359,39.76754249053664,23.71930164548178,-3199.4666757434243,0.4175072458589332,0.9711873081218005,-0.14144406768794202,0.9899462489023779,-0.14144406768794202,0.9899462489023779,0.03655294651898374,-0.3438211699594152,-4.2666187725371785,0.001979897403157031,23.386167722262382,1.0164111976040537,0.5789883254816036,0.46609497241128933,0.5351108331121539,0.09630418800041433,1.3031505389691924,0.3208917839730102,1.0,-0.16455957193680892,0.984705050856382,0.059935907228709326,192.5990712152696,0.4231841537593015,0.18236676234149088,0.8249350631185955,0.1568277679317508
16.03209835913327,0.16262982995883846,0.03341222107225244,0.31586393733887386,2.0847367217233295,0.015665766940463656,0.005393594404957776,0.0,0.0841934781582549,0.0,204.59325124845265,271.4230381979087,41.023225663147564,24.97531381660437,156.28093707692355,41.39357303739547,32.653005677014505,-2274.440323092033,1.1488251303421078,0.9876403503981414,0.8009803309782905,0.5986906625177214,0.8009803309782905,0.5986906625177214,-0.008212344303609686,-0.24270856730163795,2.6072974300292167,0.0,6.835914940604187,0.03970642110566869,1.4056130052703268,0.31203843612033993,0.537549087139732,0.22891107930009502,1.3074033174297064,0.514688408589962,1.0,-0.3223195282643869,0.9772240887527567,0.2870959725454117,295.6509796723743,0.14777062412101646,0.01410105707901748,0.9996672675811646,0.9605823276760858
16.60892570373469,-0.46257861999708644,0.27761196575361347,0.005068135460104764,1.3892073054499594,0.012185729938096862,0.010641352658022641,0.11179161744938768,0.0007522467820374893,0.0,188.64425590208992,248.36719714868272,47.92407049495351,26.890371014685492,38.4384904549924,315.82977120295976,125.8271105956603,-5549.813010752433,0.4896762616428961,0.5607131662641393,-0.5699010576127624,0.8217133225960589,-0.5699010576127624,0.8217133225960589,0.04268446300554546,-0.256524763345311,-7.682933931667731,8.409488448506791e-05,52.36990270910688,0.5399977807941789,0.3116032487662794,0.0339217972797318,0.09082424007454014,0.08027770662162205,0.6521702135492897,0.466999623315222,0.0,0.06186255458386632,0.9972628509007841,0.6580114300234644,246.51322929869013,0.12134064511033371,0.10766936319705885,0.9406395422348764,0.08968648927296388
13.162021014483173,0.4146797550515627,-0.024742315559350858,0.34563753740971026,2.5546058694905636,0.04082092314093643,0.0030729155375084313,0.3137344705682578,0.013951168145196072,0.0,181.97713489689792,231.66017322672894,66.62809317774204,55.8837038960854,202.5071190203043,36.943750058510936,51.39583939225296,-8000.0,0.045492262667663194,0.3324387294612199,0.7799125224167177,0.6258885343075018,0.7799125224167177,0.6258885343075018,-0.1059534963263646,0.05042640021156053,5.458023650269403,0.004376962351841833,-4.502535696205608,0.2576219929544835,2.6061291028903493,0.33185111140409906,0.20529081125957457,0.0032869589498757167,0.8781223089014986,0.5519367676013187,1.0,-0.06475872844201681,0.9273854835112071,0.10197992859048674,204.6306322532763,0.06918165454969169,0.11300132363762372,0.8438147661717192,0.20576665167015715
20.186118061939826,0.18061738127720248,0.10980284971591932,0.2864585605141348,-1.8977882772128851,0.009528184744228738,0.006242480032294604,0.17329730010357156,0.0063983079808098186,0.0,203.19081332318746,227.7184407077167,76.73036396413588,171.95203942189602,163.28749755223765,6.713593456665562,23.974352266500357,-2797.3175292473015,0.6449050927912718,0.008634673837892848,0.753697664392914,-0.6572212950663319,0.753697664392914,-0.6572212950663319,0.042876151324247436,0.0709050314472551,3.6459637825000093,0.001108809498305476,22.31093033898137,0.12060094091599809,1.4571407552943283,0.26981738247553444,0.13861660624957486,0.04011439679211798,1.3367550489743152,0.44167526608464874,0.0,-0.7451661322642623,1.0,0.17915292990206966,152.73527427870198,0.1386803590713191,0.05430274777842092,1.0159540666159372,0.030284107322785563
14.966566014171091,0.31056140252584113,-0.03929966050421272,0.12879970714916505,-0.7201018103742456,0.022828165246652262,0.010575021286339024,0.33304514017703724,0.07039616057774899,0.0,186.01858588461965,251.2956901852054,38.96755911575692,34.8220293998467,19.437044032891322,223.53939881657976,91.03206160046643,-2049.593047878215,1.0309127820021833,0.015505009487129295,-0.004300592702981974,0.9999907524084426,-0.004300592702981974,0.9999907524084426,0.06684474719765644,0.4900957989469083,4.648037732356562,0.023445099167541634,-7.310467272739289,0.5258590288306461,1.9962025327594586,0.15917660172299802,0.17878449877976235,0.03194131888937496,1.3536814777400064,0.5140243767616813,1.0,-0.43171058051506617,0.9978741704607316,0.8253014009357859,163.20266562295393,0.03580189017134528,0.22145284520192945,0.9281157103994659,1.0
18.85009750278884,-0.05219576346369667,0.09028484364194213,0.12538880032183097,1.9193029200538936,0.012397181181663988,0.005265824707365031,0.23109638784143327,0.15058855989056177,1.0,167.49530593720291,226.57321162048314,32.028781257847875,61.401646626267514,5.946269245013312,317.5770278885112,41.89681652956984,-2010.4154777938443,1.2261543128505008,0.3880954014612751,0.8670985522812081,0.4981366284784055,0.8670985522812081,0.4981366284784055,0.021927391700086434,-0.018258102891510246,-0.9838952305231856,0.03480047224095217,15.122287507299626,0.08725445805568229,0.964362283267262,0.15909779526169984,0.26047467678497865,0.022038387990969466,0.7580223350081645,0.40579451824971496,0.0,0.37307610931389107,1.0,0.9729776271763756,174.32582826968087,0.05661911369366713,0.11477206553194198,0.8374765296860146,0.02228872291331097
18.38483708342422,-0.2749918511543449,-0.02483871835647762,0.3601579823455559,-0.7926451852124541,0.06856723528747313,0.004436029432700172,0.6510276647456675,0.017212885607916662,0.0,209.89898900309868,265.7428274547988,53.05539224884529,125.57488688135412,53.821649257916235,24.539077333037845,165.63494903960415,-1418.5114510830094,3.1758300099109507,0.7830717939354036,0.8494504794814806,0.527668345562516,0.8494504794814806,0.527668345562516,0.001500949408395426,0.1545079410950897,-5.0556803827418735,0.011206064720856295,-5.213621871157361,0.25765333514941086,0.5992077042949984,0.303283471651655,0.27034886978493405,0.07613247939423147,1.0278375906889718,0.3968772299497475,1.0,-0.4970856920730669,0.9833396253642745,0.5823691703085927,293.8228172102738,0.40914447075955734,0.3479222484398487,1.0320099660532351,0.17779190671894354
16.12988339450592,-0.14048380377777536,0.04613683159170215,0.27046593614547776,-0.7597100946385344,0.01013164475168299,0.014811953787761891,0.0,0.022958437725225114,0.0,162.86344983693624,198.14446126171705,40.30826879048588,94.94606122850129,150.38122615079592,68.73308326378614,202.60975252978022,-1720.1653109977146,0.8989667447615086,0.9423735225320612,-0.6400381082043503,-0.7683431655492202,-0.6400381082043503,-0.7683431655492202,0.04326016496684254,0.03217401203333553,-2.265987373752167,0.0,7.5140035575703585,0.2187662425262543,0.8381151822821415,0.2690204940529243,0.5049754090425428,0.05663287086889926,1.3213055762854091,0.3101586967972986,0.0,0.6997305953191414,1.0,0.32620849918967443,197.52355373381485,0.023243782484207977,0.1012797371980857,0.8143172491846812,0.16051126872995988
16.290565510428166,0.6098424037752785,0.23901359098825514,0.2714506497949937,3.0538696062317907,0.027752690438592444,0.009802643365194225,0.19606767269926256,0.009418025676832285,0.0,206.21603580828835,285.603094907378,32.64829445567457,60.28345642404772,47.47470062771757,156.64199074874145,24.37323961374507,-1633.115606349987,0.43051663939002455,0.15477830512061974,0.9335418911179212,0.35846832151248087,0.9335418911179212,0.35846832151248087,0.06357141293704578,0.13777961199312938,9.934677629738161,0.0018465703758784031,49.28843523790161,1.201167404519508,4.094853395107709,0.24526250930332147,0.035268978370732985,0.02797766692882064,1.1839377859953006,0.6794829622861732,0.0,-1.5423435719392202,1.0,0.6430848851329908,200.33272296050504,0.03174702057919711,0.2290213592633782,1.0310801790414417,1.0
14.533250885894661,-0.3520613483833686,0.09518518013812746,0.36420575794613674,1.7018835962494574,0.05235635142765942,0.013208024276333993,0.5523245825947342,0.07120070340037073,0.0,216.0460547447548,268.3331329814877,50.11164127615136,52.17476985744012,45.98923751329859,55.46556891536823,8.589255323998255,-4412.230931026557,2.4662481561078753,0.4877526053857767,0.1542040475626894,0.988039023376751,0.1542040475626894,0.988039023376751,0.02614632839217081,0.02873269648809363,-5.116595903281861,0.03932589878606123,20.56438263901123,0.6406678044162443,0.47680668116162767,0.364891656744037,0.373881062871847,0.07141434979250698,0.7271277295259314,0.5907395515060128,1.0,1.6843669868625077,0.9448892699104323,0.6703928104552999,251.42520161227682,0.018573272832831687,0.3411798038997753,1.0206979946740031,0.10570842317511711
16.369470899971102,-0.39306882253908454,0.04768411126898514,0.4654556769301634,2.2670832882804586,0.023684101592142265,0.010651885671278087,0.0722545684173036,0.08253068602074505,0.0,183.97740575221871,216.85677211997555,33.95389947465652,82.19064602086227,19.28153639287775,192.47823489500078,27.143768794991058,-2300.1452226418073,0.06662892686422364,0.5017256346832102,-0.9417589340994617,-0.33628873017668287,-0.9417589340994617,-0.33628873017668287,0.029882059048966153,0.2199233744483689,-6.43432865223945,0.005963219099612925,8.772799086868025,1.100264047198573,0.3967639019726123,0.5371540213403109,0.6565347216506926,0.0360585304532105,0.6806053429882868,0.3206465965470837,0.0,-0.03004231696754823,0.9948724890816655,0.8227911963832634,183.47874675675178,0.016098617643009065,0.18005390757836,0.9151702979774868,0.04780732020010828
13.787586840441476,0.03746096483691677,-0.07747027921783914,0.12683418550259887,-0.5845069093099058,0.004130972661594703,0.0009632889747445237,0.1806646755623507,0.04564843216194655,0.0,191.67981671463048,222.14501101756446,33.52225904366436,21.95117479496724,2.324182584229035,83.32578245177933,119.12188009544542,-1081.6590591151955,0.295390061209328,0.3803033753956985,-0.2426868445825954,0.9701046827361175,-0.2426868445825954,0.9701046827361175,0.08284709370831464,-0.21053470311784392,0.5164963058157145,0.008247059186468049,-14.849488921306653,0.69988782261401,1.072564384143167,0.14478255085325273,0.24264314924197028,0.25178815481422845,0.789065224134368,0.5342362387886828,1.0,1.018934429446057,1.0,1.0,213.056331191199,0.012514023534825901,0.11546252386544681,0.9583990835731524,0.15433241019211422
14.385998286436726,-0.23132733394345026,0.018822870450322625,0.19629280443506372,0.5398420011394465,0.004805647908487841,0.005015966770044958,0.014993475905145062,0.012984900265169162,0.0,238.04259022085026,298.20467622780876,61.95445921955084,44.67191306333851,27.84738987147527,44.65006821179008,171.871694407825,-1524.1267461319148,2.9641353003251827,0.5399560662834777,-0.9975590477788613,0.06982797572987089,-0.9975590477788613,0.06982797572987089,0.03805784928233893,-0.4894946544735431,-3.3278746297164514,0.00019468878925652555,4.4806448373863,0.08884402348901545,0.6306424959803139,0.30450504988288474,0.08890106620131714,0.013064127412745364,0.6778024703684101,0.5610877186802836,0.0,0.35565296077220254,0.9893483023405918,0.7466743772266801,260.6312055619808,0.08485151321080882,0.0670517373715455,1.1775351625987767,0.05298534279551851
15.534413543668474,-0.4957983119962823,-0.10080025015745171,0.2437139464676196,-0.31068107900186925,0.0031115982658666557,0.005766879193447981,0.08113334990296,0.009904742200385511,0.0,233.36951715818338,293.9782632542876,45.93742512610568,93.18196362888006,299.51752953095445,134.62847067037208,205.22331244187478,-2433.5333243586347,0.12866122646659428,0.9250222318078987,-0.22596360824801906,0.974135744004672,-0.22596360824801906,0.974135744004672,-0.04001295663602497,0.0834806244158003,-7.701936012803016,0.0008036049146424917,-23.523705708668604,0.31674146430835265,0.3874008931497434,0.2546936729543757,0.425013393621026,0.05755744193310668,1.2671637849399549,0.2798675462930752,1.0,-0.4735478447987419,0.9758462964159879,0.017816671732815897,351.88611024332346,0.05673795841571377,0.1220553260154634,1.1386638950760029,0.19972889544689815
17.00923722400295,0.5340848210249772,0.0886976348237032,0.44200052147555796,-0.31231464838468215,0.020486002923955186,0.007570819229950199,0.026717417865867787,0.04846705870957265,0.0,236.5715297222768,279.62637737257705,44.16630445883108,10.777540414069708,19.934172439063992,500.0,202.16547619332053,-1843.9625675175018,1.6693777134130008,0.4385291505173182,-0.17752914918703497,-0.984115542601034,-0.17752914918703497,-0.984115542601034,0.0633320950953796,-0.36101546705186477,9.084375418552995,0.0012949146602731993,20.983335152991355,0.04075523982234855,3.4597950771237542,0.43367759603319656,0.39057248495953706,0.10496625364935518,0.711662940947981,0.31426944991812766,0.0,-0.2834751161086436,1.0,0.8645371220259636,249.34210544599017,0.07192717657624384,0.08720013403991855,1.182857648611384,0.026403887112970897
17.86743468838814,0.06823405928575217,0.08618776396898403,0.027546941304377428,-2.3392353205031395,0.01587275632121084,0.02262132584381614,0.06612936063627345,0.10473647975905816,1.0,229.46711951723435,286.40649693718876,35.65188074913168,24.458867913916876,27.161732215092407,133.9049590497838,54.361325327434514,-1045.8391508367408,1.327829831375123,0.1377797280913735,-0.666088855860977,-0.7458723993404063,-0.666088855860977,-0.7458723993404063,-0.006186064491975607,0.26234766595972386,1.2191675978117813,0.006926156441760511,19.777257935594044,0.05280684278563761,1.128139161432326,0.02656281800135363,0.040035647227728,0.024097151737096367,1.264739788999577,0.6119150424968802,0.0,-0.5306999313267351,1.0,0.7592814343067201,277.5505880277804,0.024136112975352647,0.10608596844427948,1.1473355975861717,0.17770806242953924
13.997095350764852,-0.5804909552585384,-0.01796354459135899,0.28549397929190556,2.149684105034435,0.016261126068943477,0.004758935974001553,0.0,0.36757105522646377,1.0,175.96010081130117,235.97419594936633,53.82638908112308,32.62544398941029,117.49401709038167,185.62441477474994,58.75906895089113,-5124.013971859986,4.177506663659649,0.6654495674566734,-0.10730813165636247,0.9942258118156161,-0.10730813165636247,0.9942258118156161,0.0016641504301390588,-0.10962381021934475,-8.125187251010336,0.0,-3.160867117223832,0.1193497109828022,0.2823108253793202,0.29262547177931847,0.4239391386035635,0.03011545537724407,0.8644764802980861,0.36189389428931706,1.0,0.5059630707173216,1.0,0.3211006914274497,188.28453247828259,0.6785332908413048,0.07794743192513807,0.8798005040565059,0.0717059148405872
18.01247898277716,0.8143102187247999,0.1663531986883709,0.11347685057446538,-0.687742172511161,0.025247350989622924,0.005278606342578826,0.3545924592763445,0.0841704509884335,0.0,178.47227612409978,230.5711544390536,45.29380138838462,11.23131664908931,71.84645954873277,10.73402253792112,188.43473267839036,-1225.47410702174,0.23277211744373782,0.031374524533401615,-0.023651127245231586,-0.9997202729664083,-0.023651127245231586,-0.9997202729664083,0.00534402137118125,-0.20764736055126365,14.667745700241131,0.029846207214387653,29.689434010438163,0.3531292718148889,6.482432688306637,0.1296194219721778,0.4693274197177826,0.19027258283553833,1.2296295123016105,0.5201974635772769,0.0,-0.617453724922891,0.9662504345005956,0.5365943281564342,185.40762930896386,0.07965723709999392,0.18498513174078274,0.8622445717561084,0.069692991872201
17.26507428515374,-0.7797419594703212,0.15228960693699922,0.48759458927411914,0.5141178299271396,0.0027948784352269046,0.0029931602291609796,0.011928310364767082,0.05857130999442274,0.0,174.4671578078756,213.94704099371,45.55048264578732,41.6968757590379,24.7230146854464,43.20710269013601,34.436069144554224,-7089.275558206583,2.4684775054361054,0.940115264491655,0.2551824131233728,0.9668929289391521,0.2551824131233728,0.9668929289391521,0.048443393382793645,0.5401040157252867,-13.462302853506433,0.0006986567640844585,26.56953488597679,0.3606891829193401,0.14983233332974966,0.4379962215541446,0.36203373702172537,0.0381127964158928,1.2789661916901438,0.3377726464259836,1.0,0.8121853025448926,0.9710341999835609,0.7879101118086755,233.67920926762346,0.009096525278257557,0.036014392311810264,0.8470678850268807,0.038411506974616545
18.753412536248753,-0.2743458817491888,0.01496465984459531,0.08982991578626183,2.243548577177723,0.029281702534038036,0.02020678551458832,0.3499475206840039,0.019989777251308308,0.0,198.84581811485964,263.2661573523691,34.84028424741358,1.2790043169277496,115.98931970662896,335.4322428543394,257.3157654722809,-3084.5327345871615,0.7713532871556306,0.9398876560903239,0.998376906467142,0.056952196034039754,0.998376906467142,0.056952196034039754,0.08744264538281182,-0.003690002923575549,-5.144921498063455,0.006995372988120845,2.9756600296091427,0.6285077889854456,0.6134959775346562,0.07817190621286634,0.24612867452158488,0.03444600376317042,1.289900050645722,0.3719402002849256,0.0,0.8001379042024648,0.9764210004634555,0.3060572264276531,257.7489286420554,0.11350672042631248,0.2826502483466687,0.9707861633084277,0.10550189069478935
18.970361711518787,-0.845253310517822,0.05655111216544726,0.06655234856427976,1.71830825800299,0.0002646620730190281,0.024301369653819908,0.00898798896319785,0.032706336224871624,0.0,141.13445616811197,203.69892582547985,98.19039231849078,234.81093487728452,94.28547067754425,79.91672319213954,49.56938817805594,-1477.627949471073,0.47078584757712894,0.09214260358293058,-0.6913512362094071,-0.722518835873311,-0.6913512362094071,-0.722518835873311,0.0012210721056341493,-0.04202117205717668,-16.03476103838179,0.0002939641890157842,7.9813104611723,0.1213828372197409,0.08282703167565601,0.03033254305249526,0.40814285063617717,0.02918376890700518,1.2368926305339918,0.6191577752316351,0.0,-0.13524886490821106,1.0,0.3627444823733602,146.64382079486361,0.0032729341674151767,0.18320566103373634,0.7056722808405599,0.009197803965676892
16.21792236198441,0.23482899805841567,-0.05884572179411018,0.7901747896671565,-1.8960267089298715,8.133655400110037e-05,0.01518815757025953,0.04766087093124703,0.07325737681246752,0.0,179.51559219888279,238.03079279962316,53.78773728413628,32.773652435696334,22.756160852451266,31.061916849109295,20.03999808493656,-8000.0,2.7119964980746616,0.5508868458403816,-0.7825970017677834,0.6225286602431057,-0.7825970017677834,0.6225286602431057,0.08656310550562427,0.14959507886200593,3.8084384588539733,0.003491510381020744,-10.563724596240391,0.3401924355109153,1.8256669296291828,0.8416558921910066,0.6359951001340365,0.16375310708248345,0.682121269314337,0.43215359649083024,0.0,-0.30328213215084565,0.9401601095548976,0.8495573928803933,226.41255639065668,0.5262374824419584,0.11942456749338413,0.8438669941425697,0.15521919119932764
17.795953997759575,-0.3039113096645477,-0.027218052729658816,0.014251061305476775,0.7446288711147298,0.005538734472803836,0.005402817797642817,0.021643158687185693,0.2605540932745904,1.0,186.95529319952934,224.44931504785973,34.89929036456563,8.924006093294757,137.2885314392539,70.31318697845745,122.69181324374937,-3751.845820026071,1.1237499073670563,0.7973903684125478,-0.6267266965083301,-0.7792391467859886,-0.6267266965083301,-0.7792391467859886,0.008229415638528888,0.16309282453884213,-5.408391686189156,0.005639213587337742,-5.088559028393614,0.7628517971296707,0.5241704619536837,0.0,0.27269551648038964,0.23014769885570718,1.1078300436774444,0.43714584478116425,0.0,0.13856038359642775,0.9429831847722459,0.23628851799076359,240.02555725093,0.19171897075558905,0.0,0.8814784889566059,0.052241182311366985
22.04098332722411,-0.05110477164243704,-0.10780077139635724,0.28045297194065416,-0.02682235716667103,0.0026022562229713365,0.014002088516077994,0.005668003282322722,0.04262451315999833,0.0,182.59818881155323,212.63270140898874,41.18265794922314,38.611544299988395,33.436571287564874,6.768280553594019,57.502694398102705,-6955.904535492506,0.14089649832670703,0.46457847974601874,0.5467112728685939,-0.8373211953118121,0.5467112728685939,-0.8373211953118121,0.07010839718614874,0.22782533707845187,-1.1263994197125504,0.00024159588049827858,-19.684225609463127,0.3584899850636724,0.8656809895598918,0.28829812284670225,1.0873320110031015,0.46273957103851676,0.6785577007917551,0.5715588725691155,0.0,0.6206817052841194,0.9642830948991764,0.7132369359454581,204.58949818306192,0.01503690773117079,0.17742728212474718,0.8803817331509436,0.0003881647522446181
20.490936516339854,0.04322314867008864,-0.04783369897209981,0.16062892099515838,-1.5070084770538235,0.007160531927793576,0.0044117798174834145,0.06243207739701154,0.028466983039410827,0.0,186.81825095930694,237.96610961539352,73.9745227987145,64.03709476264898,118.68516113956382,63.190738476646054,102.37126577999717,-7435.242494470438,1.0425057004282623,0.47877163455092275,0.8964562582905575,-0.44313223418263453,0.8964562582905575,-0.44313223418263453,0.009921653576706005,-0.26659470000853425,0.8856827954351058,0.0017772528883759115,-8.936207978881685,0.6700821714302543,1.1080568680959895,0.08472043162203532,0.1269227339111963,0.07108902203491652,0.7199279613900555,0.5852261919342772,0.0,-0.4729558149931191,0.9530888731390861,0.3195259633288953,200.16257009093002,0.056650385931093304,0.09502163037923145,0.8902719814431042,0.003234195869451037
16.96366395608017,0.19594474128076056,-0.01043888642558086,0.2659806308535786,-2.884874874572994,0.04350982109445253,0.017043385867989768,0.47566137643724815,0.03574269317728961,0.0,173.11114566671986,237.0547125659367,76.37027508141176,143.3417310125258,14.354442470747735,259.9674414897634,32.14289577225438,-1666.1632295626132,1.7800415080185654,0.9702000035056308,-0.9164086366943458,-0.4002439388573056,-0.9164086366943458,-0.4002439388573056,-0.024621182822868664,0.10722135634734656,3.3239407450478917,0.017001418634283817,-1.807087588617073,0.510056080971078,1.5359147864501455,0.28759253111487376,0.5979986951510639,0.018620333239121833,1.2633802710140771,0.5889904960833137,0.0,-0.6563589080296776,1.0,0.8804215751020884,220.1820223416123,0.021628002584744163,0.29552298728290555,0.8655557283335993,0.1801667175117236
15.625299937713633,-0.34064627465259695,-0.16603672466550468,0.3052482440756379,0.8155028395676012,0.06625794721024156,0.013741072481066064,0.7057913142242184,0.027128724547966384,0.0,191.83640903910293,257.4420022535314,44.0234083188588,20.219350825668673,38.61371639816941,436.4946450287778,12.596671404429452,-2128.928279521364,6.103063257756103,0.23050809297977504,-0.5839514998576998,0.8117885474764613,-0.5839514998576998,0.8117885474764613,0.09610495338833766,-0.058637208881503866,-5.322700214111604,0.01914721815193601,-31.851889028444667,0.4334113617778975,0.42906280061685453,0.2853029988683965,0.5279227267735215,0.2501707961307716,1.0206325600771575,0.35633548292886025,0.0,0.05436834170113019,1.0,0.7303622709291512,201.54060269883837,0.03843679458601279,0.36473605987145086,0.9591820451955146,0.1722840703939065
19.79527109605725,-0.4522234917754184,0.05768139749961226,0.22094434763195167,1.7583802892624814,0.0038522120061258293,0.018334695711114086,0.31966580846199266,0.027333395802141582,0.0,156.47486856498685,215.24059607648599,101.52235959136337,40.31172389455756,293.6438096540497,158.18075752388876,127.61809848361065,-2747.319598583549,0.2301887482425765,0.5263101888976166,0.9831469737221499,-0.1828169249850199,0.9831469737221499,-0.1828169249850199,-0.029394239939019757,-0.18420569551091204,-8.951886615700023,0.008737552067103225,9.02568909239659,0.39038680265460346,0.35666625504768706,0.13010461931869943,0.4846632815436243,0.10921511196188022,0.7327743739858305,0.36695661198990115,0.0,-0.7460649753985764,0.9759159384326707,0.04956341084471826,177.22586597539183,0.1973359662627168,0.2989698551640752,0.7635315909836397,0.003485286562661504
20.090205302887536,-0.1768909472767793,0.10221282705262742,0.28604327631795146,2.775398634324377,0.015702082391860668,0.0020846968141109844,0.32518103665656733,0.015013706127379428,0.0,174.24963926996122,217.4928265982594,48.18959117220091,6.011612039886153,128.66205096434277,500.0,65.84513410923282,-5128.548861871033,1.5020402286734735,0.11496816146754973,-0.3271603271220951,-0.9449688462364056,-0.3271603271220951,-0.9449688462364056,-0.032740453908440645,0.009622569600423906,-3.5537754470127507,0.004882172522558299,17.81054824268326,1.0424188121950693,0.6489941810947953,0.33315480413025156,0.2852813594954621,0.4013717131757322,1.2397482279311776,0.2060198932185025,0.0,0.15898464184149996,0.9903066643853432,0.3450218609777594,181.78357792084424,0.08305668539938697,0.1220606867447959,0.8628028951789231,0.00906439162278777
16.64060803815182,0.1783482841539526,-0.000791773490932441,0.09843934719916365,-0.9111639163278054,0.026610128161560383,0.004331828558595736,0.08822540302664011,0.026110396287468435,0.0,187.8215441899424,225.75843319002968,40.54575048368145,13.58731117187947,26.96586628936485,189.82656327706295,76.01473764507026,-2083.6506337737646,1.4366083954803708,0.30244015027883964,0.42667408318992467,-0.9044054548343001,0.42667408318992467,-0.9044054548343001,-0.06280201477721613,-0.362248440758363,2.967823890882849,0.0023036002356471904,-0.14871211971559242,0.22657195253279283,1.4611673985891744,0.0,0.32120837583722606,0.24014703350409936,0.9038741479544368,0.4693026989861702,0.0,1.4235380239402027,0.8730133414451527,0.7512022701002354,176.67653472154586,0.2701751801789388,0.10580768793209006,0.8198535694432502,0.11118504749809989
16.336059200821968,-0.6356036219290354,-0.2697242058438506,0.03265788566284015,-0.6332373126878812,0.0029278858513837255,0.012588950414072318,0.014968310721111718,0.04276227598213311,0.0,203.5213948167339,253.26839236678316,34.57720700396457,16.342238195488434,25.879546807702518,52.53312134404967,34.8635175527515,-3919.3446467778367,0.517428028793821,0.8509044274892407,0.9997451236925734,0.022576263041545485,0.9997451236925734,0.022576263041545485,0.06336337596011804,0.18458619740584675,-10.383258396089586,0.0006400790340425011,-54.894646589176325,0.8876987708634307,0.22034707176564186,0.031086911392803836,0.014195767667677484,0.010571518627971527,1.1768148223184083,0.3579401278038353,0.0,-0.21629181404225892,0.9771286163527424,0.7905189833678572,234.9229972924835,0.049921658307294704,0.12388305033226449,0.994332894577277,0.19498536161561528
20.870526932457338,-0.5277857680267091,-0.025299276441509744,0.06985689543745306,-2.1173980715165506,0.007395456511240968,0.02064002549844352,0.03336498108585997,0.04065790455350265,0.0,172.31446204270347,222.20370217332808,42.52850131339011,0.11208089050502279,118.30048839730567,7.553333644631575,30.723406329625057,-1890.6465740603928,2.678696300235784,0.7164486574775395,0.5610336262283677,-0.8277930117131022,0.5610336262283677,-0.8277930117131022,0.07517236497166624,-0.058135185707713116,-11.015167086169113,0.0013565502164183158,-4.359431210088393,0.5167683677264121,0.23089868751327175,0.1044164209139649,0.238677823541298,0.14122496640087762,0.9399411889226137,0.44500445515723974,0.0,-0.5734029398924874,1.0,0.29716808422450597,225.98627680699548,0.18245062195095685,0.08739423521465783,0.8615723102135173,0.00128474230953574
15.788103915879104,-0.1421174943481214,-0.139338621236748,0.26409237881081593,3.044932277429038,0.016519142752607737,0.024786520434221734,0.29320447560707735,0.025291528479139586,0.0,200.66083629559532,267.27026569357554,87.52394471123726,37.70859826107353,56.897378179238416,137.81048163030232,158.94697520213222,-1130.2357203090464,0.5682576799448014,0.6120037868956673,0.5376773767406141,0.8431506618282,0.5376773767406141,0.8431506618282,0.01865649206767133,-0.09550019120060521,-2.243765769032502,0.007415589345027585,-27.959804265641054,0.623016609336017,0.6573216835449497,0.33292896446376186,0.13720541925862545,0.01089127012240388,0.7475256143851547,0.6082311121454643,1.0,-0.580295074038602,0.9744090022413042,0.6707630881514981,192.4940359586553,0.048100439443118884,0.23358550010200918,0.9776286264184836,0.2418351334954069
21.360317922027292,0.1906747777662255,-0.06096190325367517,0.010984257244315591,2.1965198787749403,0.0004890986947397381,0.007560111807427503,0.0,0.049166039005385576,0.0,178.08522268241552,220.88950673759865,77.23289503429432,8.996156353402865,1.6385711805976324,309.63562437571176,192.93293367159922,-1113.8429132800823,0.2963548444773165,0.11388856494806043,-0.19443122004766195,-0.9809161537413774,-0.19443122004766195,-0.9809161537413774,-0.04919365680190181,-0.02753573287201655,4.0728738727984775,0.0,-10.856414116074614,0.14785067781242725,1.48712224761622,0.0,0.26781338959511364,0.009151677386599876,1.180912356832396,0.5497321810649008,0.0,1.573011673680583,0.9453744832612984,0.9662159671918281,208.11042403133914,0.09599592564927448,0.014289689748029116,0.8417861268493091,0.00172873524532913
17.20493471697077,0.01690552109038876,0.14519363006285246,0.14154543122767665,2.8752090263933825,0.012947625281952469,0.0042518156654307885,0.17590514056419124,0.01655980422033126,0.0,186.1659121472594,230.21617299789452,76.00018682718185,30.485161632589502,26.135862581145656,174.21154744641905,7.564158976705487,-2118.311097184689,2.6222254944248453,0.8506985495370184,0.6350683134867438,0.7724559775191742,0.6350683134867438,0.7724559775191742,-0.00033893928674620834,-0.03350335158873786,0.2908583867165111,0.0029129546890928576,27.030104578622673,0.8533481348579843,1.123260190290509,0.11574423852295147,0.007185803227884688,0.0013475962005582596,1.1944743244486278,0.5596003436051175,1.0,-0.26680048417941393,1.0,0.7569947978307552,222.49881966354104,0.014857103684057104,0.05976764235631264,0.9308295607362971,0.3677486502038922
18.87007580742664,-0.2848996944495219,-0.2434473082869535,0.21006663724621888,-0.029234793366531786,0.0032477196642599292,0.004577730262569608,0.0,0.007392357857398312,0.0,228.2756155381369,309.1004820422284,34.799075384197664,100.96984867677699,26.15962630849497,68.43233708060099,85.2345073852051,-2372.922496457373,4.837453995596521,0.298109297217625,0.14782713347053048,-0.9890132145779883,0.14782713347053048,-0.9890132145779883,-0.015130967550405239,0.22813636626065834,-5.376078831775165,0.0,-55.57308415030688,0.3836776099488646,0.539201076083877,0.2642492886282711,0.026877672316061477,0.034007005553546875,0.9565938262954223,0.4055184418896438,0.0,-0.27717321171744874,0.9442759904380813,0.7755588159126807,282.08037644671464,0.008596184107312378,0.034367079172497525,1.0777759147756845,0.025381689477393332
12.613932238011659,0.11251541587790509,-0.08163625248873582,0.41382191586037526,-1.823497342743565,0.0106991603612078,0.01595112441340203,0.0,0.01455881932259316,0.0,223.35393807780778,296.62227162361097,52.86272731120403,20.08784192085463,23.075922189882657,162.81769948250545,3.2360629318577296,-3730.0844081430837,0.3081795089253845,0.5349828439508179,-0.5978291414589552,0.801623551065242,-0.5978291414589552,0.801623551065242,-0.051523429854200026,-0.2191426445594558,1.4192618316155958,0.0,-18.233778483273383,0.19898020745433873,1.3255255431294994,0.47138395100833547,0.2959162893992677,0.006788131923117849,0.7253449065837753,0.5953070687440631,0.0,0.03192630353437128,1.0,0.780591932507234,283.7254064890626,0.03182183428652151,0.09836958664209602,1.116769690389039,0.07206661757561361
15.048996223197756,-0.6889032497534507,0.08295696118548929,0.4450765901612,0.4598321127104237,0.0001957341640272928,0.0005189994582026631,0.211186659550519,0.032054674898568,0.0,201.07712545804588,237.83541884058454,72.41392344071221,0.33872157089423244,204.3959823203304,74.56103292759722,24.570288989006546,-3982.3931049549196,0.04616108878547849,0.23347469843014057,0.8009803309782905,0.5986906625177214,0.8009803309782905,0.5986906625177214,-0.02444457815930445,-0.076441238236874,-10.36730240368834,0.006769519714806447,16.680747291912873,0.05552432988120975,0.20525310693356008,0.5091137662037587,0.29008379941238227,0.05138900602465085,1.0387186919169689,0.3477777454182439,1.0,-0.03743813047366006,1.0,0.14523924525654652,208.61305311221844,0.25383851738075125,0.1445629338649477,1.0053856272902295,0.1932261217574447
17.54425344122681,-0.3257257010396982,-0.07019261195486608,0.49201542283205313,-0.8036701952591585,0.009159692354541973,0.001165751525076749,0.09662136336624444,0.04186810266440057,0.0,184.88721290398365,256.91849138818907,79.05742931507021,36.43260155547291,130.65994203844957,87.77658607716563,111.55511675840674,-1355.4784347808727,2.5785629027621213,0.5207365685692255,0.9999300657962057,-0.011826390691832589,0.9999300657962057,-0.011826390691832589,0.02528678256485182,-0.0433113339975345,-5.714614251361741,0.004045353160992274,-12.977716390786032,0.36311432666321775,0.49767539559674795,0.620094491040916,0.3009740024392115,0.0020180310884288445,0.6662870666276572,0.5152017647377396,0.0,-0.11372871354518306,0.9945311359895872,0.33219357544464445,209.2961448483209,0.17631645587963732,0.012473234673702677,0.9193804493967376,0.06444337288006881
19.678577715258108,-0.1392442056604673,-0.07784301771719253,0.10218272173994322,-0.9558959730314767,0.0015858709169058866,0.00025304845754619393,0.0,0.0196090590805362,0.0,157.44512497692858,190.6168987783949,45.4346765349523,75.76258729009918,6.173915585360932,289.78065998040154,81.15756082036857,-2314.6107610388,0.31469500558938046,0.5621395348390664,-0.9854237542919524,-0.17011767832049052,-0.9854237542919524,-0.17011767832049052,-0.030258441359176193,-0.2130318047429822,-2.7401279224888886,0.0,-12.256003653064644,0.5236835182956465,0.7844900767581642,0.07674807770341574,0.08358663919364459,0.04480058581748635,0.7488920610708122,0.5095633301197814,0.0,-0.3536039784933835,1.0,0.9474933018412667,215.86218068778336,0.6769607091156683,0.0432632107248068,0.7872256248846429,0.003870712193012247
14.277340761513745,-0.05353861337886088,0.20324061686075276,0.07136657082259515,-2.6240825943795043,0.02714573929437964,0.012415389839719376,0.29574448006605025,0.08373504867809166,0.0,203.209596496279,246.6987157591351,51.56398191808095,127.34485540205411,80.57198432165788,68.78220476886388,10.601241792480169,-2080.3799848049657,0.5970521534753196,0.34046844175630486,-0.5412984521036173,0.8408305333122887,-0.5412984521036173,0.8408305333122887,0.014586694157554493,0.03186268932705418,-0.7643890271089355,0.024764178434607625,41.300443743928405,0.025270519429370225,0.9044095379408208,0.08998566632778948,0.5560215907576309,0.0020670549574188716,0.8529489557641293,0.4812417816927928,0.0,-0.003842729273401856,0.9165533110811943,0.45597969917607123,249.43021806566173,0.497625666399368,0.1605653867721475,0.93126214256069,0.23946602774877776
12.141118288133972,-0.18100314993976793,0.03783873934105239,0.14294137319885386,-2.681982582542386,0.007234166926323381,0.000535425377052869,0.0,0.036278508781651016,0.0,223.2728249222299,268.46917245493216,30.669912596417145,6.762896900832464,195.1448933203396,63.96315275294388,40.500810141701294,-1124.0076155422169,1.291607150725587,0.5059216469595909,-0.27591294500296043,0.9611826292540837,-0.27591294500296043,0.9611826292540837,-0.08881610998706674,-0.14477465889118774,-2.197580653943572,0.0,8.448362224172683,0.12594405039356713,0.7411856155968205,0.12564814818547015,0.09905261771006113,0.08007863324871925,0.7230120230235577,0.2687766254954642,1.0,-1.6702022925621827,0.9143529289137104,0.1306105812084774,276.6151953508817,0.005252700082597974,0.04464674329602773,1.020750807072395,0.04614203055551577
17.431962537157172,0.011921015962906126,0.09343024110319759,0.40517860226404523,-0.7615311510903471,0.004203454693230308,0.0013685549536499694,0.01369719274273477,0.08893578213443863,0.0,140.22449849031233,189.0606241490927,67.50794076417529,109.9188252197016,28.16499161056897,193.59775208622102,23.29347683681095,-1337.5088355846028,2.105924947507657,0.406052375848003,0.6866759803451553,0.726963615332308,0.6866759803451553,0.726963615332308,0.08395905288984157,-0.2808564008701505,0.20780670367023224,0.0012181705496212734,13.101208702524847,0.35027183173239457,1.0259700821616327,0.3064229145137526,0.7415450707423036,0.07255575614474176,0.7817829958703093,0.5611228524211201,1.0,0.24366774523883566,0.9601636264331228,0.7292841076346115,180.18987064664321,0.48976941127758766,0.0,0.6731923149261212,0.07956657346794728
15.380645782188891,0.35601488177203394,0.04946697178742192,0.5951845797612415,2.6778844294847017,0.013180536534493978,0.013840898043568242,0.0,0.08735407789697977,0.0,185.9076790141957,245.2040240721601,60.63215359554856,112.11948831869809,76.88617338153585,360.36460329597827,109.0902609787523,-8000.0,0.8187959227442887,0.6974954101862525,0.998376906467142,0.056952196034039754,0.998376906467142,0.056952196034039754,-0.01957057892635726,0.10524548131338762,5.47573878972351,0.0,9.196289912860308,0.440230244505434,2.2998882615779346,0.5906844340936115,0.20981187592970743,0.03260555410579982,0.9503967984448293,0.5412157954837992,0.0,0.4598558404748167,1.0,0.46836688886387173,203.0581667424243,0.03360080293087798,0.1475914859190163,0.9295383950709786,0.18431424329740076
17.010855076891048,-0.2487726314847991,0.016169739159877825,0.22083772078300867,1.4012993008357286,0.03144049269816553,0.0004443013659093642,0.2355328052023123,0.09660761143654173,0.0,172.7830991995248,224.38019897381366,66.02914002962514,63.10498015734218,425.3965418472549,56.32365823356925,283.83653377510296,-1174.4835025497637,0.19475768116608916,0.5438913331614629,-0.09019000427034513,0.9959245770286599,-0.09019000427034513,0.9959245770286599,0.04351244419870059,0.30945501593284014,-4.23183518128474,0.02275426172554366,2.793857645291611,0.1515984106342807,0.5991334739648879,0.12111949635104927,0.13092230419543002,0.012488409684159775,0.6778942009449834,0.4829416064649252,1.0,0.14941719870551526,1.0,0.014587744235116006,205.08161425458565,0.03067712657409519,0.09391208742500924,0.863915495997624,0.054065207641793595
16.94228516512927,0.16868546737126028,0.12640249099721235,0.8012989049797221,1.6371378426211374,0.0006992047379295159,0.002745361763665605,0.0,0.04839654832630391,0.0,184.5940277262617,243.81493804204223,32.37448250284659,39.931571452137234,155.40757070207874,117.07411966559279,94.24034889361326,-5970.288578713248,0.4533572742965713,0.8780761003092281,-0.04084439154329611,-0.9991655196610109,-0.04084439154329611,-0.9991655196610109,0.009434251071832139,0.009684151468155329,2.857917291417001,0.0,23.333144927807957,0.508401565497677,1.428035899817553,0.7752574787619533,0.3759242563175846,0.10491719456878126,1.1775228763297112,0.506656952528832,0.0,1.4034974179830135,0.990679910809673,0.2700477590174386,217.81277489543538,0.13673883205386553,0.043681251829414125,0.9143679746192561,0.2818704690098867
18.026380707988643,0.15076744413931775,0.19053466044672862,0.0034569523693263817,-1.6695009176768247,0.0081991625364744,0.002699352547726465,0.1940615567984152,0.08324836371045578,0.0,184.13867139647255,228.1110584580688,101.6191444983564,51.26151225977058,6.563028042999712,200.37236464056647,128.02469466292607,-6675.344030221944,2.2938384141937167,0.04964195752039402,-0.8605996962501181,0.5092820071573356,-0.8605996962501181,0.5092820071573356,0.020124905877675126,-0.020657100084651287,2.717791346425753,0.01615530706257174,35.084799229638634,0.2983390283374712,1.4171729023883752,0.0,0.2069714438514472,0.025466236093593976,1.289969408017211,0.5212081417934844,0.0,-0.6350964929564475,0.935458213285925,0.8885231378870346,164.616381961343,0.1250284684648251,0.14445061614516627,0.8612701627069415,0.10159391837400153
15.501787822564385,0.33337620759509484,-0.16835169246106452,0.5982267408125366,1.4735930064534264,0.01760959043309698,0.03890946608157353,0.2225005050992858,0.22382922118643034,1.0,205.64365082806637,261.2569901871701,36.801615086278446,7.044661775481412,28.789071818883166,70.6175470184597,5.24548118038918,-8000.0,0.1273009020637866,0.026638658667017756,0.10303137904317879,0.9946781061893646,0.10303137904317879,0.9946781061893646,-0.056599219673838325,-0.024895112141087805,5.167927235230338,0.049802114769960514,-34.620456660777165,0.47612557865258376,2.062576324561226,0.6201695975504457,0.2966865437411507,0.021560357468416315,1.2681320658361086,0.6300718297337369,1.0,0.12095805349438177,0.9936325036587781,0.8225702667934419,210.56482710820006,0.2220782923958841,0.24232086708965989,1.0216710781691156,0.7179791451329418
16.856724666331928,0.5853538117377919,-0.0035317356187046962,0.04181325330466993,-0.5886142886241474,0.007874223734378613,0.0025122481609102555,0.14259464093799548,0.06473491386414572,0.0,183.2469589316551,234.4314615088286,41.60006299775281,153.12880213972863,269.9323060401587,100.79965746886033,103.04755088690165,-1103.3332675114264,1.3919502003461257,0.18854935269555206,0.6740694616546161,0.7386679638813748,0.6740694616546161,0.7386679638813748,-0.03802794920933551,-0.10319017521161389,9.867148036851852,0.009230851798609925,-0.6471798118782429,0.339150519561983,3.842558564225228,0.0028869390274524204,1.3610417096568863,0.19818863019484192,1.0801040039594452,0.49041071780696494,1.0,0.055526793930202135,0.9678194089579566,0.059910267041245385,185.3354358869753,0.025234125272827975,0.12561521948654228,0.8867498174328868,0.22030339587809755
15.995776314183102,0.4107613185355016,-0.0043198748398427765,0.18259065643513997,-2.7684304424801365,0.04121228379790577,0.002696076958404454,0.4095453728426597,0.003727587359900494,0.0,210.3798992245805,239.55494810804402,48.42249033766677,107.32875472369743,140.80463805205764,81.28001436064542,51.071674182420345,-1846.8812901635124,0.9049903305658092,0.11857657592768178,0.9608854255574977,0.27694620226893646,0.9608854255574977,0.27694620226893646,-0.03689267070209106,0.234019484257176,6.570446169812796,0.0015266161551140333,-0.9088148334689241,0.027050219411288694,2.5609497616889216,0.09333025474229187,0.6152158460271073,0.02619804369382714,1.257121392241198,0.558378054418402,0.0,0.06444145273963613,0.9538752120871739,0.2520474466960271,214.53874494867273,0.14408178122627713,0.1907156747517971,1.003380854958625,0.6754638094107737
14.316899893660914,0.4023348946579949,-0.042927723531224794,2.0,-0.6609058470836215,0.021925946090387033,0.00037716379565014334,0.3015443707408289,0.010821044049164969,0.0,190.30885856019708,247.55401169056307,53.78880273055436,32.42635328004394,8.390184957612686,116.17307278395822,28.027972011451947,-1716.2421268425353,1.1026239571222824,0.5258957727962887,0.5230943033491326,0.8522748088519838,0.5230943033491326,0.8522748088519838,0.0012673713020387742,0.01880995166975406,5.760188410545122,0.003263024918564242,-8.169526065815104,1.067004840535707,2.508480015181344,2.043282933159968,0.013608767305019266,0.021311180349351692,0.6736904500689201,0.4326067323117172,1.0,-1.518755851069652,0.9496319187257176,0.866279677466587,210.33294427025936,0.11433806578064876,0.1373543233311159,0.9036168325251058,0.1347323694483292
13.169834162348348,-0.31601821233391103,0.09810606294734381,0.0059604580635922635,-2.3169007848830603,0.0839527809535361,0.012076341920434372,0.752175882601037,0.1046585578534935,1.0,201.91531742061065,253.35614794790493,50.21822380471204,13.347748432987805,19.01529332382567,423.5521720002168,6.502311388043303,-4554.8757711194685,1.375764196651867,0.20013405158598474,-0.6250496486104377,0.7805849965070866,-0.6250496486104377,0.7805849965070866,0.0663077790252181,-0.43572814446376623,-4.161907448719395,0.07872164312520316,19.809116840899335,0.996771577879991,0.46266284998999574,0.0,0.019862421267607507,0.11037952202005896,1.0921327372771945,0.46026528160730523,0.0,0.1578780175795839,1.0,0.8549295158613587,188.94881430673968,0.0803304010346815,0.40295853787638386,1.0095765871030533,0.21693541648132647
16.474667300627896,-0.27288449851164087,0.025688768251905733,0.6842456358766131,2.222359268648188,0.01021663875843004,0.017256294784003253,0.028895793086133242,0.012504906080617476,0.0,185.65967780459664,224.95103408665153,37.52574008969233,291.8871749069349,92.50477710656588,55.6244477441817,13.6797026980365,-4088.3042361000216,2.6909970452265686,0.016048624660417454,-0.9410336347451197,0.3383130181923076,-0.9410336347451197,0.3383130181923076,0.02166274199356845,0.23979079092398803,-4.495681324477972,0.000361339178667052,4.769368436845769,0.22094550794050502,0.55907546850296,0.6626405302549301,0.39884310607981616,0.01869905657678441,1.249533320593472,0.43419603829567466,0.0,1.6289545738133493,0.9639836390709079,0.3484886576792827,220.48941441563088,0.020533164025595258,0.1814190491188447,0.8948644591940367,0.2117919001861318
20.994849263164458,-0.3213753645977894,0.1925472864442779,0.35008973884630235,2.138130666029163,0.047669691691236346,0.006079518157224233,0.5174560240580515,0.007834388876485776,0.0,183.79872503817273,227.4260931117314,69.85156486554331,37.64816484974,26.421396059654946,263.82052642473053,12.60917761845489,-3090.664502782888,1.3696498893984246,0.28262205542809105,0.6300720909843687,-0.7765366444428655,0.6300720909843687,-0.7765366444428655,-0.045017018605785386,0.1907669832071691,-6.747227336625108,0.004053951718950954,35.38994575801812,1.3023143197519007,0.4328251707228756,0.3012018756669629,0.9882057393829373,0.07985185377478926,0.9408297123069237,0.3386968216456762,0.0,-0.43536402826650566,0.9996741292764958,0.7864787559709411,202.49892762320232,0.28594788467504895,0.2306268652755653,0.9186941520733269,0.0020029330013853134
13.554082581273114,-0.15666268735183364,0.11002664092961026,0.2855848107178972,-1.3353721070250397,0.00542186515495565,0.003846130123966517,0.026303912546838854,0.03816169776044791,0.0,208.17059628243373,252.16578511082017,35.63512911371216,54.10986227800038,190.58523535500927,167.10879726737443,41.982928089135754,-2953.4800162656015,2.283534372043313,0.5092030377406366,0.4784338202547012,0.8781236129591848,0.4784338202547012,0.8781236129591848,0.004366698763070129,0.12032019812908828,-2.123419001770924,0.001003801960529718,22.904311449270196,0.6476788798255999,0.7901673021906621,0.3430386200670362,0.17729165110296374,0.03681684782339348,0.735985935990749,0.4358669907905881,1.0,-0.5514906682446594,0.9115493101448414,0.16248081753832383,211.1270547603221,0.3408598872621233,0.0538969959231082,0.9487888171684639,0.08666175013985612
16.87373449492608,0.18420356298743074,0.1364702437788823,0.08034561670171081,0.7032285683452613,0.03456302003747629,0.001556885362348623,0.3442456155384799,0.0768052617899187,0.0,157.98619782168993,204.3124207053175,33.60437323212531,185.65780916965576,40.81752921914608,121.98782250921441,5.417292733318701,-1657.8329582814608,0.03699872990536827,0.714255148052622,0.6216868902665479,0.7832658619336791,0.6216868902665479,0.7832658619336791,-0.004031691743007845,-0.5510813820154005,3.108202014869299,0.026439874621464653,21.56041493042475,1.0331913862893085,1.5566562867029197,0.09387156672684477,0.05097534637315737,0.011316710961712622,0.9695803475751681,0.42075960267459644,1.0,-1.297051844786478,1.0,0.6485812679442444,195.47835262487718,0.14592209665650288,0.14872417345700195,0.7899309891084496,0.3083862044918517
16.17134762313147,-0.4359035938559738,-0.1199164219986234,0.33305962045685944,-0.8560229358636686,0.004473200552403206,0.001209584741713618,0.02831847773257253,0.024292473914475327,0.0,202.3652728870666,278.74964469654765,44.28089625602985,8.384026744790054,216.0561696983586,432.79828119835315,260.35701479842925,-7289.884721682344,1.6576700946923868,0.4383948068849288,0.9967506498213929,-0.08054900421874167,0.9967506498213929,-0.08054900421874167,-0.017543255044937388,-0.0005896645374408822,-7.0491485464172685,0.0006879258816161686,-24.26691946139206,0.6670690184434139,0.32637064807442046,0.3024051972325168,0.44206711111356234,0.18952431149452773,0.7535448287501224,0.3468143679367599,0.0,-0.20390699824435657,1.0,0.011996646581867804,259.4078342519444,0.09553349043738467,0.07476076987563987,1.011826364435333,0.058290054363291884
18.579180266513305,0.013547596133239942,-0.08060859240170529,0.07256116578425707,-2.1725610209714743,0.04305040430142048,0.003661543381243597,0.5558490844703525,0.0323196131390624,0.0,179.82525517534282,261.1790717600787,33.11459894866299,36.16802536783034,15.114400569678057,252.3671630402085,95.76606992294258,-4022.603469866462,0.7317397240870519,0.9627143283769121,-0.9906923101615609,-0.13612033862266704,-0.9906923101615609,-0.13612033862266704,-0.0007708262909853965,0.17868559644076068,0.2517032307373835,0.01796482737378381,-14.495460697961853,0.2858397956487179,1.064046945783832,0.0,0.04968733326583014,0.01588553722887956,1.289453864316915,0.48751283260420264,0.0,-0.83847916417217,0.9884315371837861,0.9677551188917634,250.93590973044581,0.011858892233971779,0.4122999819549368,0.8887247669871534,0.0576443838523822
17.271486659206364,-0.0346217770216074,-0.07236914548697733,0.5372737369232577,0.9387538238278434,0.011377604528618466,0.02388301374407478,0.2443313385540719,0.017583668817661408,0.0,202.1939000392314,211.30331978905974,99.10801508867735,58.53383020591839,157.51056382999786,124.79539073509893,108.65215024002401,-1167.7788121592268,1.7433848981720228,0.19945266227037373,-0.9467139181463862,0.3220757010206104,-0.9467139181463862,0.3220757010206104,0.03818559606697898,0.0758998783229673,-0.5979695599467096,0.004296241338910707,-14.632599768518489,0.41368508996787673,0.9731178843645906,0.6628054470381141,0.06441634739383381,0.024399764514598615,1.1270308957038366,0.4716466194089449,0.0,0.47224363132991426,1.0,0.15427611611720898,203.91788501439893,0.17102580788916014,0.21006347495235048,1.010969500196157,0.19607875293813168
18.48711079590749,0.1460612789898492,0.13231188022504495,0.039558449041823034,1.634298239550989,0.010693160883679645,0.00044753703088958377,0.04431503278042169,0.059830441859696576,0.0,198.76694930060427,256.08956525296236,54.22577844601811,26.280899792736157,79.27009748134984,27.927441512163586,16.754724019329416,-1415.5167194662265,0.4903477397563875,0.5140619843423949,-0.24477230089725957,-0.9695805901076308,-0.24477230089725957,-0.9695805901076308,-0.03599632092412185,0.04103027018176033,2.700251047677297,0.002651387992279568,26.299228788559134,0.21656417787954493,1.4182406930204823,0.13852681987123913,0.04666499674826666,0.008301507455076478,0.714072641672251,0.2798613649890753,0.0,1.6041471717794678,1.0,0.46625796790226864,219.52635919074302,0.4129419304890788,0.03139814194028663,0.9938347465030213,0.02282216419887521
11.103646613033765,-0.0612549871786286,-0.09671762861318087,0.16280217976745015,1.7261338902124423,0.009360167815569666,0.03175859422761848,0.0,0.02895318499709104,0.0,204.1068672700735,268.43113779771136,37.33098411856977,40.863719532806556,43.12925056764711,57.27086499977149,51.89371888148724,-2332.3292055736074,1.9306666595900666,0.25318372925503285,-0.5412984521036173,0.8408305333122887,-0.5412984521036173,0.8408305333122887,-0.017294550183300426,0.17910253681107616,-0.6801537309174062,0.0,-19.740732186026772,0.06068953046987353,0.8181600695587009,0.2349572804925907,0.1625648120305968,0.05891491330489073,0.980830822966055,0.4778606306327654,0.0,1.4079037303378052,0.9275594987125299,0.6131785485498908,200.46831735357748,0.09966219115576876,0.13953285834288098,0.9466063174440713,0.044262995701079194
14.72069670531506,-0.0031867143147593507,-0.0937934349210762,0.16761450982757423,-2.2040120607771243,0.021727234169610993,0.0006612738209584604,0.14612265160734583,0.020859572414872407,0.0,218.65930561715484,265.41815394696783,37.9431430624263,88.05163390523411,30.167196960114406,193.28091149430168,37.94186922681724,-8000.0,4.012040166534236,0.806667908684503,-0.4363729641045924,0.8997658785476209,-0.4363729641045924,0.8997658785476209,0.04910604014464068,0.02786165890544914,-0.04691065491405831,0.003048056032656602,-20.508807351290322,0.22086534052620355,1.1045535242718785,0.132455925150883,0.02552752300272976,0.1913853037967604,1.1160248540954887,0.41918868452222097,1.0,0.2585892519407542,1.0,0.7919807994062378,256.72986230085604,0.07446236270625507,0.12827125428385824,1.0932965280857743,0.3459446922326138
18.758785241573012,0.05019106324898731,-0.11213554174005556,0.1705628129077699,0.07903316259473936,0.013203448913930632,0.04685185290426697,0.04233847448251052,0.003777411636400068,0.0,189.43037967309434,253.3517309448214,66.76540303741861,3.1922030988912753,183.82373043178515,124.14505522063774,26.519628021281168,-8000.0,0.8532442803385138,0.18775846107212646,-0.9926289059345095,0.121193461470736,-0.9926289059345095,0.121193461470736,0.023448138667799982,0.2407248769536252,0.9415233765339608,0.00015992984617766259,-21.241878246666843,0.5276505372588677,1.1544859037884017,0.14551545249530595,0.36384267735768266,0.0251646375848459,1.1409249812466333,0.41609786538175303,0.0,0.3687244103741715,0.9347430253130474,0.14012330300635875,186.88280442477728,0.017378605617485846,0.24299341300301386,0.885343630909137,0.021575128766091734
14.077495708581063,0.6709895797981869,0.27530272188787536,0.005455085174730023,-2.99142856358317,0.06628228238735108,0.0005845721618487558,0.7459976579534182,0.06249943173584513,0.0,192.04829896059877,266.86081429129,37.61506914451502,9.416062376216457,198.70404877669796,279.70350844063665,50.37560356398598,-1587.105052357499,2.040583710277488,0.9616010875261423,0.4784338202547012,0.8781236129591848,0.4784338202547012,0.8781236129591848,0.0639555906807758,0.03235135632308832,9.445852930111586,0.046624429698360004,52.871419437789264,0.5723125827240115,4.6256423603184205,0.02548835513260534,0.03141511076693594,0.03691064935502958,1.2514792364869178,0.43793294600748667,1.0,-0.38501550767297776,1.0,0.09950183778174836,218.08501989266998,0.08548758385915473,0.4211978091056595,0.9602414948029938,0.5087166222642293
17.5228541934226,-0.23191631797947976,-0.014223190966612382,1.4333843832228117,-2.575040990934652,0.014743260031228247,0.0029178071301887514,0.2394823479897283,0.005012305476619943,0.0,160.88228706726682,190.30465721450554,45.62614589129525,34.57982587153619,87.96696259368183,500.0,196.70480546117716,-8000.0,0.253463555706504,0.7166064956222719,-0.6383844591746642,0.7697176640069211,-0.6383844591746642,0.7697176640069211,0.07179248587983206,0.01643681527015317,-4.063835825029856,0.0012003586843827181,-2.2882594921030894,0.2623243130091669,0.5967068698681903,1.3886917015879385,0.3877736106593808,0.37222287178545777,0.9057030399130783,0.410673422153739,0.0,-0.5767988625463266,0.9870572986014026,0.44467780386759886,186.58947246568067,0.04859675402736846,0.11444366325400336,0.7940001783271587,0.20063664695616198
16.53101927147953,-0.4589086172643623,0.052988801655906415,0.7477281119875484,-2.632333239393721,0.0732987794671542,0.011433311422552953,0.6298803763677441,0.002895961415793189,0.0,174.91373341621616,226.92016170959104,71.31236247982207,83.08359287946232,98.56945786802966,103.5312428669491,182.3355756976543,-1703.7341896800908,1.389496036140229,0.556865081143555,-0.5412984521036173,0.8408305333122887,-0.5412984521036173,0.8408305333122887,-0.06802705600943579,0.17848273771640255,-7.586227195845196,0.0018241092665262787,9.268469126885968,0.02583399803492639,0.3365934214140016,0.6982581512120285,0.5774850134413222,0.10638665201803106,0.7146376109824039,0.32886194681325576,0.0,-0.4563682843888792,0.9987544189966288,0.30958207872763954,211.01431005130337,0.007930151541513887,0.48429362023481565,0.8734793209632209,0.06144414926088527
19.3637386466812,0.2738931403614018,-0.11406173179952024,0.4346096140262746,-2.782252299847343,0.01106174587452474,0.006233275738119699,0.0351669828897625,0.14218354885723733,1.0,162.5969778673959,241.94818552409174,44.263952990415206,16.420876397688325,161.0065655575032,293.1246221560639,473.64164128547975,-2475.4932516939,0.6055959594691729,0.5323480706677093,-0.3754703786876202,-0.9268343944460494,-0.3754703786876202,-0.9268343944460494,0.014414889380520064,-0.079717386259379,5.3035951870769535,0.005000166429868175,-18.54609288092344,0.20967216143674305,1.879175823813694,0.5075375421074841,0.39273847693011193,0.10659436224797306,0.6695224726917797,0.6184362504846945,0.0,-0.36779818332724357,1.0,0.1792105601801729,180.28449442159427,0.029955524618130995,0.0,0.8129848893369795,0.014403944850423464
15.579677295564725,-0.3904224019281274,0.09592583999199789,0.07197359640280364,-1.0444579836027121,0.004700479514952295,0.004471024053162297,0.0,0.02306419927543322,0.0,214.0902750553616,245.52379554038816,44.76922728025342,24.877617969955207,65.73274468720193,11.872259717711568,5.950782181272869,-5715.894291551953,0.6222188399610631,0.3624702358980706,-0.5856957398073508,-0.8105309990194823,-0.5856957398073508,-0.8105309990194823,-0.02539783137759269,-0.21944843042295215,-6.082655030999492,0.0,20.53678946880343,1.1219893177394105,0.34729842135276806,0.06921657838909316,0.45856291006590943,0.006167778513147168,0.7681273681451046,0.21649351954593854,0.0,-1.635971156672884,1.0,0.5527467521382883,241.71774868366788,0.04204481714672897,0.041198400339361715,1.070451375276808,0.06768462213245025
12.245622317136265,0.8203979345704568,-0.1773666625242487,0.174541045109499,-0.8942254408312911,0.022574160565035327,0.0654247318644911,0.23917945800262927,0.010408488993889187,0.0,241.154840706904,289.4263555900808,37.43651468829792,67.11602965938333,33.10165345789221,66.37841635104856,45.24479690436473,-2786.873525112605,0.21427473007244102,0.0210260601660045,-0.981947190186646,0.18915526872004093,-0.981947190186646,0.18915526872004093,-0.05993595340093384,0.0007602729011636182,10.046283256508483,0.0024894967561847475,-42.772829247750394,0.5097840395620555,6.615707369485681,0.1185475957525733,0.0286929262820426,0.04976206919260262,1.2847682104442615,0.47666733117971793,0.0,0.4048389027103175,1.0,0.7935354244879607,275.1146661063138,0.13282563411617423,0.44618632081790666,1.20577420353452,0.0644403200483266
15.304813454094015,0.38054116253001397,-0.09790027452004435,0.16055996302391387,1.2432560260222578,0.010287168094150072,0.03258542805375861,0.09838003819975978,0.09545214524013566,0.0,245.02600411667822,288.3000449752668,47.94363051986683,15.325200815837473,51.482344864438275,254.3735585737136,24.12119952727761,-1858.2776900600263,2.2918553138478632,0.915123765919971,-0.5574684374327892,-0.8301981337405212,-0.5574684374327892,-0.8301981337405212,-0.039459669204941324,0.11807490491157224,5.824111504125935,0.009390585694973565,-23.988113067572314,0.28824329525279396,2.360261264426664,0.20819332986746236,0.1496522163833969,0.0661774947869914,1.2881009568307782,0.4039179773175902,0.0,0.7296183878595159,0.9801811097007421,0.5494855157899177,349.00804642452346,0.04257701777586033,0.20978042093672797,1.2008493031031213,0.26127919016131806
19.53171950108033,0.19802472696686474,-0.07313738994719998,0.23148556898033507,-1.0688972351805681,0.014792327900286851,0.008435237895171819,0.22683546074676125,0.006446900490146542,0.0,160.89393507720604,226.67232617840108,48.082605498852615,108.95864836480112,13.351384101707335,18.96284970545215,93.98514290620508,-8000.0,1.2823194107727593,0.7949373361755413,0.8271893372462497,-0.5619233046832195,0.8271893372462497,-0.5619233046832195,-0.015038417461141552,0.18507250657627727,3.8677634213948204,0.0014623856430709117,-11.767362469881096,0.07908191828588376,1.5602241226852986,0.20279065303090937,0.3217916719906004,0.003450255116782866,1.1127784262864477,0.5055694832256831,0.0,1.2343207034233779,1.0,0.8444374147494678,197.90557142876688,0.04269799616828811,0.1698636311260166,0.8044696753860302,0.02205393976091607
20.110380129356233,-0.07625869998970047,0.021887153850827398,0.062182152697706536,-2.2594597995905032,0.013572265352414467,0.002962616107698669,0.1854357829800879,0.04986253409168898,0.0,193.45469169036127,261.32338089830563,108.89208724700649,65.69804550218919,217.41904502864298,74.48908330940179,47.04924385412115,-2754.9647927200817,3.7198520918912497,0.13485808239841401,-0.9474042892438845,-0.32003923622313857,-0.9474042892438845,-0.32003923622313857,-0.014726034258510576,0.18617990433348003,-1.5335914449634107,0.009246298050663673,4.234172600191318,0.09682892706510135,0.8583322863219432,0.0,0.026474358421088705,0.04140866768962138,1.2082265469104856,0.5558739914493543,0.0,-0.31591231410394216,1.0,0.1313070461315246,218.88501368461468,0.15399838742215297,0.11045266840753055,0.9672734584518063,0.008124477340271705
12.771118038123875,-0.685187106257491,-0.07930823140871929,0.13272472325167925,2.8078023987740384,0.04519049706884715,0.009797794937447776,0.5129252677940896,0.0404000108948306,0.0,213.97400342508175,266.408913797235,60.079855871661394,37.60370841495849,108.31149190979514,128.03658441064158,190.0537451495241,-5923.265008501242,1.926591800761288,0.1220796061927556,-0.9748595108374125,0.22282040779479959,-0.9748595108374125,0.22282040779479959,-0.030344434411551432,-0.01372963489218261,-8.750605412214943,0.020722186407115123,-16.969899779086475,1.4619181023358607,0.18261742053648714,0.07598409833235256,0.017630778351078114,0.09980629557788975,1.2213970245806947,0.39753411271229433,0.0,0.04450487963479749,0.9814395393717972,0.23866820381899323,218.47763416044154,0.18643057974864197,0.3164035320155342,1.0500127367952579,0.05848898692532347
16.98586180685707,-0.5252707704732112,0.15239981010956674,0.026492633838455033,2.359187824715571,0.017793528990452345,0.0022607681663346863,0.02373508592594964,0.11519599445519116,1.0,140.0510149054165,190.53415435906925,55.68803116262349,32.515420508733285,44.72867623334474,500.0,190.40057766734785,-2678.8458975018157,0.6023572609145691,0.30810067184861556,0.7799125224167177,0.6258885343075018,0.7799125224167177,0.6258885343075018,-0.0006820697559235666,-0.034274011088474866,-8.922176718439305,0.0027341868267191805,21.343748077237578,0.3061377569078142,0.28383110062300165,0.0006679623210143239,0.02465734740428334,0.13383912555401456,0.9555235105455762,0.26174467249670136,1.0,0.25410550527649417,1.0,0.7072417446481648,143.23847948588903,0.15545782559102042,0.04357640999752073,0.7002550745270826,0.1437358545355173
16.82519483085828,-0.033085702645206105,0.050322320442642454,1.174459669938945,-2.3610592124635006,0.005337836984212601,0.0041650830582001044,0.0,0.014066570114279876,0.0,194.57923169898612,218.7920140161665,31.597807261847596,24.52623641297671,82.2204353951149,322.64147632241344,83.78476787362725,-2711.7094147876596,0.28493505053120605,0.7631394040991135,-0.9093882203647925,-0.4159483918249421,-0.9093882203647925,-0.4159483918249421,0.12233230989446549,-0.1184231888989285,-0.5566733931214358,0.0,9.791678449039551,0.5618920070418283,0.9676585258025666,1.185457639587221,0.36429060809920927,0.0026191324753310073,1.0085585393138385,0.402114040937381,0.0,-1.2923562085155564,0.9933906875917622,0.3894870014563374,216.7900473660613,0.3436456984176379,0.10827446636491589,0.9664659838426631,0.09198144320096942
13.552594669888627,0.09089414000561333,-0.06896034260842834,0.06351977727879589,-0.8621868561859265,0.014538249153699542,0.008009686459244544,0.2402722220113158,0.011235298737441089,0.0,210.16457467176807,281.50961248893714,54.213761668231214,26.385340189290478,16.563361465658957,90.10715914768845,18.67233741341655,-2111.4156881783297,1.669671543319099,0.5031650301867744,0.8916401947968874,0.45274469960737107,0.8916401947968874,0.45274469960737107,-0.08626092975066274,0.049975210796075614,1.2318514373641858,0.002699530192605901,-14.493021073519747,1.2924456127719497,1.1883744418868951,0.07210665820903434,0.31810170765122014,0.013109939523077433,0.7072915428548624,0.3827164489264358,0.0,-0.05877761457235488,1.0,0.8254861399934103,243.62106149070328,0.4030389304782494,0.02190555472366662,1.0508228733588403,0.06483836879370211
20.77193908809264,-0.33865736188974493,0.09976170770685008,0.11284092264641798,-2.0854856441586107,0.016955652294168812,0.008129309913142663,0.11569891109542368,0.004921186027640001,0.0,207.60534816123723,252.30785343088382,34.58443034688619,86.21382126238373,6.888226742447485,98.92082099908647,4.403667826609885,-2609.366083280811,2.128613055248916,0.6542098833633946,-0.45370308603134424,-0.8911529104063088,-0.45370308603134424,-0.8911529104063088,0.05685884586605289,-0.32822480125063225,-7.034570092907928,0.0005693758646959616,20.711064061640194,0.590214076929381,0.426082436449152,0.1742294330693554,0.6854261879451198,0.0256156832098383,0.81247563111011,0.44997452810661276,0.0,-0.255049093473622,1.0,0.9464787887577739,270.0382349855577,0.12340310315173526,0.19084998433352823,1.038026740806186,0.0013872152923461807
16.218767892285754,-0.00370077819516601,-0.03932845712730578,0.15959141826628975,2.8846821752050698,0.01624348555363529,0.006084663652717159,0.0,0.004848254451398186,0.0,174.44942495397734,222.31454907713209,50.267820426906454,1.051635878553771,63.88150180852708,8.246995833718465,12.312460043816458,-1132.4596644919063,1.8252951362683283,0.006194279996998842,0.6350683134867438,0.7724559775191742,0.6350683134867438,0.7724559775191742,-0.0009187156672294047,0.004551847293147815,-0.06002206256822971,0.0,-6.860826730185646,0.2692658529732054,0.9287853729733764,0.14773977417259512,0.5350991871489057,0.14992907859227622,1.2611501758589612,0.40448785924932285,1.0,0.1668194609901252,0.9832067274645175,0.5304794588051913,149.28520334926134,0.21103731228089107,0.15841321918116674,0.857599241085335,0.7593194891645861
12.285713835166979,-0.09071260166475631,-0.05904366372401126,0.06390929494959656,-0.9049194771932458,0.029430647811896915,0.02633445444377428,0.37510543610613484,0.020040116859769273,0.0,225.30323952042053,289.877236559714,31.151861331100893,53.15039060021611,59.627670117257736,16.206083029965118,191.5727193517081,-1360.610584999747,2.05211794798207,0.9237045481763261,-0.03869579017652689,0.9992510374388481,-0.03869579017652689,0.9992510374388481,-0.02189394235786224,0.5699361369875661,-1.1144690652966878,0.007517156774301659,-13.302728710174073,0.12297664284674342,0.7703547251030131,0.04062664131904708,0.016329741433232434,0.1556561970660877,1.30173096137883,0.2951133082257995,1.0,1.050935115975808,0.9797278606452601,0.5026780339851857,281.9954548485001,0.26337197992349876,0.2316710210646073,1.1036793042589412,0.22811751275141925
17.72191491976324,-0.1707120171738895,0.08958156474952943,0.6930967551849982,-2.5251026784007613,0.00030595582926039164,0.002515973463978852,0.0,0.07605180128182486,0.0,202.10735791877204,255.07135305100635,32.61620752184949,144.96889081897973,7.373840208001528,500.0,96.06480023469042,-2389.389019215355,1.185740897617487,0.1656858129544444,-0.8702939222685674,-0.49253272872205434,-0.8702939222685674,-0.49253272872205434,-0.10091050380447747,-0.300772682477751,-3.025343844136831,0.0,18.105093369756798,0.09015944794418013,0.6814316703849354,0.7553490872091314,0.3347483328830703,0.06780527504924638,1.142442142958602,0.4828638493633387,0.0,-0.04713752482016379,1.0,1.0,205.44642287279962,0.48201779501897246,0.014972687204845535,1.0105367895938602,0.07663139967450956
16.118489125955456,0.2469635159674371,-0.24528245758881978,0.9074021486238625,1.4253028144963222,0.000595067178085836,0.008986002673760136,0.11221437114354618,0.11088721168428428,1.0,188.27370523816091,253.3313344943333,73.96487982148479,128.52040582696245,11.51643717582587,34.21666184110891,44.89131445305088,-2981.980337401511,1.4812195381337572,0.318901275328512,0.18175978759137534,-0.9833429613388902,0.18175978759137534,-0.9833429613388902,0.03813816562870928,0.03136712152485991,3.9806787466288616,0.012443138727013248,-46.18023712016916,0.2781381109315648,1.7978626597626912,0.9563371677939951,0.16115743349477504,0.05681595538529119,0.8949878400513815,0.6133703807518949,0.0,1.2594192213738367,1.0,0.7624630159885161,211.2235002625417,0.06250730394108962,0.16960182908024707,0.9413685261908046,0.2494528990346005
19.297009505555174,0.04398662703376807,0.0734817066728709,0.7288635824236959,1.330260386968635,0.022494495609342146,0.006091381112664115,0.22310348400939034,0.0023743484659688777,0.0,192.38366300198675,251.43481504146888,43.23535258613019,41.0769947513308,22.06422034214941,204.47020543254666,79.60932380589678,-2015.4460244124746,0.09935758444957266,0.9471505651926528,-0.023651127245231586,-0.9997202729664083,-0.023651127245231586,-0.9997202729664083,-0.072048374866299,0.07556715809245874,0.8488103599879326,0.000529725415010008,14.136679893364438,0.7609488491802611,1.0662813512570346,0.7181907010167102,0.30016429874694966,0.07242260920843535,1.2762276996422117,0.43873074928502914,0.0,-1.2516614508838584,1.0,0.7459032019223177,252.30386543027436,0.008383497410265872,0.18793530945270098,0.9619183150099337,0.06163073913890365
19.066022928008266,-0.28362779248162395,-0.07130947942136585,0.417415253684882,-1.6271285028626652,0.0005539444954244297,0.004738226094670918,0.0,0.05836494661810916,0.0,219.29327776295085,272.3500836754869,45.28745232189927,8.675738455867648,142.29558604686426,20.576497588112264,44.683654521944746,-6140.525368536105,0.8698662719540484,0.7328935352402057,-0.6913512362094071,-0.722518835873311,-0.6913512362094071,-0.722518835873311,0.04139469522106353,0.101293008566815,-5.407653994475012,0.0,-15.63768947788101,0.2583855489185698,0.5509324586900504,0.4320167327339393,0.197319869515493,0.20306008860682367,1.005216238204876,0.41949586896172775,0.0,0.27350234277210594,1.0,0.2091618570600625,278.2535770096921,0.056135770993549175,0.10750160650712692,1.0964663888147543,0.01882245860097289
14.051462009913994,0.4549124368881484,-0.07146073036523719,0.4053820506006206,-1.1217882750697168,0.0707511578010767,0.000246233571866703,0.8438306671231037,0.024654342730803205,0.0,207.7624762744909,262.4191172015444,69.80890091445265,12.582066617715256,15.779985559212315,30.31928431149125,68.03036640544569,-8000.0,1.617093714056472,0.5110667054564781,0.7112757519738152,0.7029130847082615,0.7112757519738152,0.7029130847082615,0.08706654344968774,-0.1933286060811841,6.392184824771215,0.02080409047401531,-14.846858297065383,0.07481699459218716,2.855704263432624,0.38161593836380525,0.1082310481761265,0.15626209866012666,0.67080785772565,0.3676067446422417,1.0,1.4266650973345454,1.0,0.8065354635279505,277.556266275309,0.06331928399265119,0.44174366672647863,1.0388123813724546,0.16298833311035213
17.26036068960045,-0.04370675459440018,0.19581369349227226,0.2575692411188048,-0.533952014667908,0.033850804875186644,0.006590346963919253,0.20824248683814942,0.002365383462943494,0.0,227.28421016112011,260.44261896247394,64.32376335897645,33.88948729709142,54.251995780779765,34.2638724812078,29.976987995432484,-6589.759643935673,0.13063880762738284,0.8629160143034047,-0.07518957641475855,-0.9971692572470178,-0.07518957641475855,-0.9971692572470178,-0.06414018817965951,0.10311734221385399,-0.7543943488711987,0.0004925733346491868,44.50536066412277,0.8430850939824182,0.8351297104693246,0.19946114801754433,0.1160563659166079,0.06837199258855685,1.2303474160036847,0.23752022176055448,0.0,-0.527741957994546,0.991260713404951,0.6422592780717404,268.7124494813502,0.05594362558192142,0.03543331083910267,1.1264895415499636,0.19983293953572545
14.600475234210055,0.3794940400482328,-0.05312127717698095,0.005416159296021465,-1.4595839357262275,0.037894967411614786,0.006793147254685538,0.5223717920792568,0.0338184131928078,0.0,234.0339381030524,281.79923616056203,51.53288537178173,14.069023775455126,118.52394219693002,29.583874911393817,47.23635606621937,-1359.0249842940902,2.1515856128745927,0.061262306715770154,-0.9789888737409319,-0.20391367068311472,-0.9789888737409319,-0.20391367068311472,0.05841802924787007,-0.10690131166258998,5.540793333254542,0.01766578510480379,-12.43218169479265,0.0324805488937463,2.4047678863321664,0.11527796609110255,0.3916137334259781,0.35829116068744726,1.3048744302054598,0.3220157393501206,0.0,0.4393453355089265,1.0,0.22275580119095725,219.8261264142257,0.04704051275725242,0.3603831062507149,1.170169690515262,0.20256661052962516
17.351036165873257,0.18821244533116255,0.09559146327623916,0.2154353465828338,-1.3264576501519945,0.0012436467660036673,0.03430751119323888,0.0,0.0013502415547759319,0.0,187.46223492522174,253.72294067417693,40.497276939934395,7.278501702649141,116.51626644436561,33.17429368373974,29.003018061826207,-1920.0872692919866,3.1798843212500314,0.07629283294386646,0.9967506498213929,-0.08054900421874167,0.9967506498213929,-0.08054900421874167,0.0012719682373567136,-0.28551669216491804,3.2656809458084446,0.0,17.919789345536053,0.43212323833889743,1.6021726577384912,0.18834092641346364,0.7336113435071894,0.003621982707781016,1.2123476807914522,0.47375968685356823,0.0,-0.25565744421804054,1.0,0.3897450790389626,196.70015335906407,0.014649585439836679,0.20331134106531934,0.9373111746261087,0.6961610552739843
19.055706577921523,0.24803008611449678,0.02792447291650234,0.058975412404821674,1.8949483199181563,0.02587420643385829,0.010179920094023543,0.2749790503701839,0.06213539374231977,0.0,171.9593183978442,208.47971761196436,49.777713282993545,5.482719263135699,36.15579481731035,80.98951653127247,7.805766586287599,-3968.450490945851,0.8269005433500549,0.15516091883403937,0.13079267585675922,-0.9914097417023038,0.13079267585675922,-0.9914097417023038,-0.10471023159206444,0.19039146166597087,4.726388543494458,0.017085931565640557,4.801873329340804,0.6205312420929545,1.6756248310079016,0.07372504808612289,0.13323506524021164,0.0025758952271809714,1.1528683153392953,0.4564103132920924,0.0,-1.2482334294650141,0.9785500829962945,0.6826835436104692,209.0181989412913,0.19212004415539735,0.2617063025080268,0.8413540264509834,0.04779847329148941
20.578971741176414,-0.4649489043040613,0.038299102534957316,0.002766170532223868,1.5824240223641457,0.010840663822932037,0.004152559423756792,0.12558865777187841,0.0034468252289045946,0.0,166.53567293513612,205.8065317546643,62.34369160074644,33.74586240695449,37.23283147711487,349.68242727200965,0.30819438440642216,-1304.6124045300853,1.6679272712860689,0.2645710331697555,0.8724040568049612,-0.48878539428899265,0.8724040568049612,-0.48878539428899265,-0.06024084274737712,0.13292296187630348,-9.568170362764214,0.0004328821540723756,6.378166813470894,0.10622207595867425,0.4430683904614053,0.0,0.29322131057003814,0.08044917367405295,1.0031974617535189,0.4348809251323676,0.0,-0.19522872800345964,1.0,0.6210808211327501,150.50626793865376,0.000835131265475523,0.006857626097262606,0.8326783646756806,0.004025994597137013
18.519179180387706,-0.08160679268449128,-0.02505422578270817,0.14514209511010856,1.2103250343865426,0.014873882371359644,0.010158184149635454,0.10602684135734688,0.02721624153405854,0.0,216.12746590327563,252.9331015925896,86.19967708054669,101.29724855519501,8.136300621443866,53.42991779400839,65.54895769964016,-2384.0681758453024,0.30580602964795567,0.7090296679501309,0.8494504794814806,0.527668345562516,0.8494504794814806,0.527668345562516,0.008911332131927064,-0.19331249119174743,-1.5112908160608467,0.00288565212347486,-5.414906328585229,0.04354733936197452,0.7981662041618933,0.18196467583909465,0.017581900127348442,0.04033609822044462,0.9727426897585681,0.41799366368422747,1.0,0.1559619256349676,0.978099867764748,0.8168137994557317,268.72714873730837,0.05857409228458561,0.043004857452603795,1.05697122910162,0.07406938873214924
12.870773813831516,-0.12040019326186194,-0.030271550234289804,0.0027760175515637742,1.173532868137225,0.03467474413542749,0.0005984353345968558,0.27053617234658084,0.03523217550547455,0.0,222.87850009972274,275.1792090533135,56.60975985259965,38.06906791203544,500.0,57.8444922989293,112.48107274711312,-1751.2996771295152,2.093537678065637,0.5324176291160967,-0.12439450483979998,0.9922328391893008,-0.12439450483979998,0.9922328391893008,0.020059162281648096,-0.10875949542831023,-1.5496436546150263,0.009531577904694047,-6.746877711911922,0.8179539764456076,0.675423602762102,0.0,0.45120728346636313,0.2591695238239409,0.7276665998558675,0.5307161546846988,1.0,-1.520987753612003,1.0,0.0,254.45106112546947,0.0008392860140532593,0.13908307568216488,1.1143925004986137,0.064210297030982
14.474089665288988,-0.26453864162988283,0.15279883901618926,0.09172697720519567,0.13748822523997362,0.020276798731189302,0.003897583903468288,0.16578576841537906,0.03490368554650877,0.0,184.30007561138373,255.3380084029497,31.757808532479,48.14792090969455,68.00896760440683,33.41294958945158,11.909465202496722,-7670.598391450721,1.4646961861864245,0.42604458331483996,-0.5574684374327892,-0.8301981337405212,-0.5574684374327892,-0.8301981337405212,-0.07903456277995013,-0.1160024836082846,-3.828956018884674,0.0057865343288567165,28.160837584015333,1.3327512711422815,0.5507489205446027,0.17562490627792804,0.044731930345326014,0.04621722068421623,0.7199131595990482,0.49754586355904123,0.0,0.02507289198703457,1.0,0.4714730576389603,224.94185368484432,0.2681643191482582,0.16903550243629462,0.9215003780569186,0.03728674253651595
17.66198796155114,0.20644411272189106,0.09304600697882323,0.0026860474065800682,-0.9366892359281835,0.0011559578933926721,0.003556558007298736,0.0,0.016498145595613536,0.0,215.51330139066442,273.7207013063354,77.98212785720767,2.0264067348728285,139.62979138011508,151.02542149668366,77.56982377430613,-1095.8462880175941,0.7685599338976092,0.7825884909340046,0.6166212130956382,-0.7872599821916922,0.6166212130956382,-0.7872599821916922,0.001585254682681904,-0.32871692779445355,3.6462134336271466,0.0,20.052652145224997,2.2407974676982283,1.650139715157164,0.09255655042589123,0.14183725862836566,0.15934972036572076,1.0319493316119577,0.44872062442148253,0.0,-1.3955557840030313,0.9069112154906254,0.25933632031767206,278.67457241492997,0.15921509873670703,0.09836224773229985,0.9772571505930246,0.24872917695936464
15.817792778469904,0.2532519042720469,-0.049968095860104866,0.35952572034027375,1.3857247609963448,0.06503653339306356,0.007874421047986236,0.8465613982254387,0.07914588380562021,0.0,182.2418258528155,199.58738715491978,30.10079246634436,24.533186195873384,9.830014093415212,180.40863692466908,310.7280901867719,-6151.031576754782,0.550545245570622,0.3171605983617457,0.8460288880917339,-0.533137056031809,0.8460288880917339,-0.533137056031809,0.04117779801740614,0.1524859475293235,4.005886142528135,0.06700185005827396,-9.106277023934023,0.5647262123107777,1.7776230907995578,0.38780767313077097,0.2654028278279755,0.002775363438686819,0.8941286837098689,0.3876438982450781,0.0,-0.5106906626582766,1.0,0.8838482082567434,200.55214004932506,0.06883674873805913,0.4263655054819918,0.9112091292640776,0.17852330896632695
18.973702015687966,-0.7950963724458088,-0.10458761406894285,0.07277552572093915,-2.4104325948803456,0.0588364548261793,0.016159657204021155,0.5402514511930708,0.163038350155805,1.0,174.50451027069067,234.23388527280397,65.12999066995164,18.195151397929237,360.5210069575741,306.9044702590582,42.044549963428885,-2658.2170272938383,0.2843627265263635,0.08545745889630463,-0.9020987014301837,-0.43152975897147144,-0.9020987014301837,-0.43152975897147144,0.04992877597096529,0.15998368165570742,-15.085921644541232,0.08808170527179768,-18.25101037348087,0.06913553786230248,0.17586892950770536,0.07851960299130484,0.3921290954972368,0.5270664301682926,1.2450019696256784,0.1391194090923938,0.0,1.3704391264227607,0.9669716979191729,0.07497186769496887,188.72877673757793,0.024658615212965713,0.3306020766172622,0.8437046129550175,0.013378204473131101
13.213861011818366,0.16964698781734555,-0.058447373338066516,0.8056505086449225,-2.2552205279987043,0.0005800933411803392,0.013187794057639257,0.12169565885479768,0.001420986691567024,0.0,214.8756320348317,258.24428121603165,45.90207755382569,59.874072717081816,4.683907525806706,289.12582668280584,35.45662633020835,-2264.5692831051074,0.0508992840981228,0.39676638331713243,0.6350683134867438,0.7724559775191742,0.6350683134867438,0.7724559775191742,-0.02064179836328868,-0.06652191299406505,2.241691718092048,0.00017292791165414816,-12.558916286792813,0.4369832330317286,1.583893436763728,0.7962797526363465,0.3716680807629615,0.01561341600139653,0.7494205954731273,0.6188039534885624,1.0,1.3375947486538384,1.0,0.947116386431237,227.28669917785732,0.31483585267530456,0.27038485129556483,1.0743781601741587,0.1458148459611283
17.265799264814856,0.36870486127538094,0.09814952700507851,0.07093816878630228,-2.348244954217021,0.02410029873528306,0.006006337787617453,0.343720283210462,0.0030254334469782167,0.0,253.97744870108662,311.6181839882273,56.877894720351414,4.519994592929972,13.107979583409259,344.91435375112707,2.3728505022573017,-5545.7082420649895,1.3436968862999161,0.7664112735561063,-0.4071294853542516,-0.9133704517637858,-0.4071294853542516,-0.9133704517637858,0.021923438927828765,-0.005625112319438819,6.365984122742136,0.001039902841229757,24.927766459968243,1.8954309763756942,2.3475310418245177,0.06856096849583732,0.4858622573726782,0.07669555759557332,1.0241550227502538,0.4110531287007835,0.0,0.10179597600582316,0.939706000831041,0.8559523567734315,328.3772885534363,0.06688131927380926,0.17425286567349832,1.193320663100845,0.18993720399606134
16.98460731477528,-0.3018016177553983,0.11786917746664081,0.8138446471658821,1.4622106434730915,0.02364973311788709,0.009615704215057619,0.2727903050745572,0.00242550228356646,0.0,223.5879967033556,271.34549407333037,32.98752545752213,60.00071638746388,31.76634825061178,6.9737903798266085,67.97724637342547,-1280.1353533363676,0.5765057765527887,0.47408571517154974,0.9941098647022418,0.10837701279187609,0.9941098647022418,0.10837701279187609,0.053621769323214746,0.022939594244631906,-5.125981964539351,0.0006616535078931298,26.354133262838523,0.4957384719191974,0.6482368051940469,0.8343064033895338,0.29288205285244157,0.042474804278988504,0.7304206961066484,0.25508636395894335,0.0,-0.3803477053065501,0.9814560741405419,0.7765103952728141,283.118429925236,0.11220689552641175,0.21824105275162536,1.0972089873471191,0.11556246905862334
14.479459331030384,-0.03513030436767678,0.05549436020159315,0.3056315831905333,0.5751683396403,0.002842055333068691,0.001735366518342753,0.014852649924058813,0.0011836476436977994,0.0,197.67133726585786,234.76448892227683,44.84031311766948,10.542643612663166,1.375766409084569,264.6016724252029,38.87249966522132,-1037.1352459554453,2.44800662135552,0.977147932497035,-0.6383844591746642,0.7697176640069211,-0.6383844591746642,0.7697176640069211,0.042622798960933544,0.048878371721488234,-0.508667813378495,1.7580304085280513e-05,10.96964439176212,0.005134066667496545,0.985526192158542,0.3101188367480043,0.21598816301826562,0.014245982602676536,1.3511062165042966,0.4577161946534745,0.0,0.33563287625666816,1.0,0.9977450157372326,257.6207890043291,0.3359698515559475,0.0,0.9883566863292893,0.38666934882182086
16.21270552691478,-0.5864239723776433,-0.16167709312084175,0.19277596442379943,-0.3131515720650615,0.023192556159656447,0.0023214809818255418,0.25130374630460256,0.0456265003188189,0.0,204.17857517048643,253.10650129585204,43.625942484573315,3.4930099528749063,9.695657111519047,5.6089749722484905,6.586048582421977,-1933.3422928290206,1.3520101074893756,0.856127303583627,-0.9748595108374125,0.22282040779479959,-0.9748595108374125,0.22282040779479959,0.04457186076645614,-0.26950583988738197,-9.507519178082338,0.011466110460887333,-33.01099851111952,0.11641661198137093,0.26174157352787947,0.24186120528952965,0.5540728128202977,0.08129859541902544,1.2163528836384425,0.21328227057625124,0.0,-1.4736356544373854,1.0,0.9463270046464012,248.4603768375722,0.02011123055222478,0.16099724937097293,1.020892875852432,0.12450885661284823
14.038827524370873,-0.14556116577505562,0.0753779080528714,0.161377258165047,-0.14934288630592096,0.005447815613782554,0.00963707213756652,0.11169513286324215,0.04170427077463298,0.0,231.74894484145048,275.1268933358273,40.96255841170685,28.947170511115576,49.06294480127823,18.087083716828413,299.87562389185075,-1789.7787068186603,0.0236487653901534,0.7909538584492458,-0.9986126020839734,0.052658056924614005,-0.9986126020839734,0.052658056924614005,0.00567533078168762,0.09768891984468044,-2.0435081005623625,0.004658164065137257,17.46875065560882,0.0858145499198628,0.7297955187181647,0.11546235187813454,0.7688534493493703,0.03467285463703111,1.076633652539755,0.44105095418922297,0.0,-0.06747898203776512,1.0,0.6696739349101498,283.83671999012705,0.17238384243451058,0.060716270083588625,1.1587447242072524,0.1638986151454006
16.366352841103005,-0.235642286294797,0.13035782036029034,0.09694140819515552,2.0581159517113825,0.014521321181826316,0.0013415503658555062,0.15526005787791805,0.01950518812639324,0.0,221.07786209623586,275.6935863195668,42.01955129514077,35.040087513840454,22.988564004893618,146.5785261253897,154.16425809046981,-1090.781772889762,0.9670278084855248,0.7731805997383453,0.8009803309782905,0.5986906625177214,0.8009803309782905,0.5986906625177214,-0.004725886852129239,-0.23510145220968004,-3.8566048017848584,0.0030283766374234944,28.819228232778155,0.31134970201906087,0.5652712356570763,0.17334552824899185,0.6126860100724842,0.0017495295299045277,1.0165642575781424,0.38102257280188595,1.0,0.5532169624454821,0.8838080236607784,0.7799344494169327,288.1519290150771,0.06792130918344921,0.04244598991611172,0.9769519418721216,0.39120460453090483
14.147367160994865,0.49385571939648043,0.017355654567803712,0.3633586234637354,-2.3770560542076176,0.0003373396656591678,0.0027895110352108596,0.0,0.053771920689404035,0.0,208.26071285816013,244.97063715347775,61.37959292509481,61.43837856874549,78.46393668928465,32.55078653829123,50.73594580012165,-2581.8191331572134,2.2519317796343623,0.5811240695033141,0.49346814167723735,0.8697638720650646,0.49346814167723735,0.8697638720650646,0.013605678687745837,0.13627504268957955,6.986758186859261,0.0,3.6145009924107843,0.21068668143838887,3.1303325015789585,0.34222568540829085,0.11246656080959365,0.3460339312021292,0.7581636125530694,0.6164462521593614,1.0,-0.1188595557997143,0.9937065298462003,0.4581966172318038,243.73098749186153,0.5176931229305267,0.0,1.0347501513878912,0.25749382704430435
20.686199170583116,0.13583865852633195,0.1979803055601667,0.12681347758306089,-0.7335978222618271,0.02149649538512453,0.007392376588973743,0.03313382222623465,0.12198106478319004,1.0,178.88134370322263,212.00979588615243,57.42632570396803,1.9084966429222885,136.34624872636294,50.64403011434954,87.75430398075092,-2401.204254485169,0.5088218258075307,0.9011497021105285,0.24893980855376657,-0.9685189578512204,0.24893980855376657,-0.9685189578512204,-0.038188435950093316,-0.21297603406036292,2.809985545340531,0.004041698915493031,35.414983085377216,3.62993814166775,1.3952986968034868,0.08951952909739155,0.027732954119789224,0.09893763964683178,1.2939358515747443,0.5540454319807571,0.0,-0.03560962920963522,0.9912654030435659,0.2979638261970039,203.24813483928594,0.10056629414015412,0.026267929308826512,0.8865944363147481,0.01229425351559498
19.828169472243154,-0.2579846085312826,-0.1320970655908891,0.10399316371879003,1.6346724798264907,0.03635714832952883,0.0038958515500202785,0.5144703056764655,0.016532558885006123,0.0,167.39720379721874,228.37843150937087,36.88260123645475,54.42981345311805,7.056813259325072,246.12042740857808,237.55791034496406,-1086.492337722542,0.904711564074873,0.5898721125502232,0.7865965660866021,-0.6174672802835514,0.7865965660866021,-0.6174672802835514,0.05560474965381865,-0.2600217497330601,-5.1153625391885775,0.008505510623183265,-22.112679409732632,0.15661919025057314,0.5318895081024998,0.12212370889037108,0.21043963470918184,0.08271869777755135,0.7766786861649709,0.5216345690747604,0.0,-1.726344579810949,0.9967860841464765,0.8093314468968597,216.0621821269258,0.046816152050354595,0.26150857615246875,0.8342960163504968,0.011318308156331018
14.879339062530747,-0.013134736398945523,0.0684807520446975,0.022014449440325403,0.9917340140666235,0.011815290736501099,0.002628828580248288,0.0,0.006866600525938041,0.0,220.58361852987252,287.216211050369,40.388745435456876,28.765047785863253,35.51606980163137,500.0,10.255036620055124,-1857.627823692213,0.0692443593081598,0.37253650678578965,-0.9882042449941422,-0.15314166701312007,-0.9882042449941422,-0.15314166701312007,-0.07652022783840451,-0.005607711959556104,-0.19543619637687457,0.0,15.105732085666341,0.8491748707770728,0.9012103548062032,0.04334207427831212,0.3672095614150239,0.19039976271900005,0.7974086811854363,0.4686559623243169,0.0,1.5750171867619838,1.0,0.6959724073356802,225.57954190254677,0.39076002931736836,0.039436714218094374,1.1029180926493627,0.1327660473657595
15.176229012331873,0.14882534127710215,-0.1020221358463,0.20681075583651062,-0.4074851667326054,0.004229310353871413,0.004803538793181838,0.061861618901399296,0.0004676333053846108,0.0,229.2752849199799,287.97615181372714,45.86105789987076,192.67477226799755,83.2987253844517,11.22006366595623,22.946569548341973,-1445.7795710484288,3.023929056732058,0.19590137339271807,-0.97139528468375,-0.23746831555846842,-0.97139528468375,-0.23746831555846842,-0.025215515595953555,-0.010101044843439138,2.25860746205975,2.8928553323304467e-05,-23.391154264305328,0.1699472802559898,1.4747860775916295,0.11997725116602638,0.46884782429716554,0.11424439229009964,1.0853507449363446,0.3864898022182128,0.0,-0.5156911662222377,0.958494096998116,0.4235052723943403,251.23976861883332,0.15291994240652892,0.14946742675246513,1.0987950359168095,0.13623566684135513
17.08552213126602,-0.3097575416390634,0.10585419084637493,0.20351806473618447,-1.732015261441319,0.001974964638848526,0.004441880720020531,0.0,0.10916995839433363,1.0,176.82985002644546,217.09825750635173,39.238483467924425,74.30876762660948,81.25650344483113,1.2338243420004718,135.48038819904477,-3788.4635954869455,0.7693543784085175,0.8130949130016315,0.6029878670694714,-0.7977503570459932,0.6029878670694714,-0.7977503570459932,-0.0018121408346173592,0.020749328530646906,-5.2923693330007735,0.0,18.718180692035215,0.04295127603557354,0.5387264446055295,0.17946257539003013,0.031297548521623066,0.021017305379292806,1.1261954183411411,0.29984778495855935,0.0,0.03749379344101434,0.9226501666027512,0.46242107234017393,182.63644779213007,0.23611760557451592,0.0,0.815760452936197,0.10691849233234672
16.436818441436525,-0.6944473016902948,0.06128608557410278,0.46236703736155904,2.805072871957144,0.001962931831915638,0.0018213060791789956,0.035709432904566324,0.059701896946190935,0.0,179.42461043888034,218.3235614136332,123.78244454310473,93.44077223261138,139.87959629703565,23.338325781674627,41.518710548074814,-1071.177963260589,0.425326915739348,0.3711372998930085,0.8494504794814806,0.527668345562516,0.8494504794814806,0.527668345562516,0.023483974946826025,-0.17854714649969583,-11.414504215028872,0.002131920883275338,10.996232029457277,0.2555432993723603,0.1312392183306344,0.3537645386506849,0.0057534338283482915,0.09293372986779004,0.8277156891274584,0.2927632474246593,1.0,0.2966279692827742,1.0,0.2068385620763869,201.56497583395577,0.5852695873873842,0.0,0.8971230521944017,0.04553073821063723
21.41091875723822,0.2042618362235849,0.18013558167627286,0.29642157764715965,-0.5785597063757169,0.013459823670468505,0.0009510667461204488,0.02060156258128129,0.0356842454267323,0.0,153.25420492196864,193.0168664243025,36.08846313518313,160.8309376075879,7.22641045243642,41.72384439198581,77.5619777566587,-2987.0680147707412,2.1378310880499787,0.7909032343899806,0.8887010478292915,-0.45848712914008766,0.8887010478292915,-0.45848712914008766,0.03287642575010992,0.04056354384559134,4.373433580587475,0.0007351512153246262,27.60653534795354,0.2570428791787147,1.609072247061676,0.2626362233033825,0.09870110418710748,0.06867615534735903,1.083224090774608,0.6800667603597149,0.0,-0.1608416775368868,0.9502874168593565,0.9850575390708762,188.2510577780944,0.18053206082598708,0.015531578413687512,0.7281777125906602,0.003059703224472902
18.340615741826447,-0.013839337534091334,0.04997085907082238,0.7030872218599407,2.3740073450651353,0.05572890141617338,0.015358779048557735,0.5923567629551462,0.04353119267325091,0.0,200.85436678183066,264.2102907280871,40.282014712848124,71.7456344724466,120.51721476887076,330.181387543047,68.80520642076439,-2256.6863255247426,0.24447163668833746,0.9830028202072865,-0.023651127245231586,-0.9997202729664083,-0.023651127245231586,-0.9997202729664083,0.07444930786479384,0.05939833605808405,-0.25382197183420513,0.025785996379503684,10.036865256214128,0.26723285244524686,1.0199897595133807,0.6714550582297264,0.14893615236315844,0.1751875485309498,1.2951878205350407,0.42300529290392114,0.0,-0.02577675007987817,1.0,0.2627522617837838,220.7451396955238,0.3147855494179604,0.3304049536927681,1.0042718339091534,0.17848126750051524
15.02355991791802,0.12963284809730988,-0.04040060180604112,0.2194500657371667,1.7456603900317296,0.041305795201327704,0.026553897154287933,0.43365959543078436,0.002666495145689219,0.0,189.63139645290505,227.25566358078234,65.73138966979485,15.634161844828643,89.34567751112755,199.68894016329952,32.14508784101134,-3908.1036443602234,0.41434454942661886,0.3987065985080763,0.9995786855478958,-0.029025013321975237,0.9995786855478958,-0.029025013321975237,0.0038876056902438882,0.2331426610915234,1.9475468607203,0.001156351206097737,-7.661222538017335,0.9535857402488691,1.3940093832562224,0.2343231149899923,0.12017645384822817,0.23734436766615707,0.7381185841657083,0.4855464768546057,0.0,-0.33028311246881525,0.9531399224313318,0.3862877946514482,218.9698733064185,0.18117185427161922,0.26784261902590095,0.9037262725283353,0.1813498390864667
15.215808960532595,-0.22703357395347304,-0.049107021242102734,0.7079435146410524,2.2715601915144656,0.034834863894005016,0.022925891413575566,0.6244498136680257,0.05478167138624083,0.0,192.31314240305318,255.57375004749463,117.02830909668457,109.63367631706234,134.27717301568518,34.37583605686119,14.688971077722163,-1081.1412050219724,0.13681572549824036,0.3407412710801251,0.9111686353326631,-0.41203363695942635,0.9111686353326631,-0.41203363695942635,-0.03589929249148129,0.03700654436738284,-3.4544994889029947,0.0342084044895611,-9.44392556912226,0.5235045163893578,0.5581809799106553,0.6685537268295155,0.0664690959423273,0.08751578773227217,0.915756759269634,0.5678045379453233,0.0,0.11000644046206771,1.0,0.22790040973425174,189.94464264658433,0.22999956913762312,0.4800676653529197,0.9615657120152659,0.07190732384846327
14.951003875688292,0.008671847191948669,-0.025017724101276062,0.10980898438929816,-3.0352686280211567,0.029383291584322666,0.001504107863550752,0.3068309204949613,0.028468082337349945,0.0,236.07256889843188,295.6261162602939,41.12533788204599,108.57797898082337,77.5328471276268,69.69111566798041,78.2832418712585,-2901.8733004823166,5.820307841999267,0.1700927858051695,0.998376906467142,0.056952196034039754,0.998376906467142,0.056952196034039754,-0.007251836575791601,-0.11987843089792341,0.12965282097620118,0.008734887908295434,-5.905998396580453,0.48802273878745184,1.069274190960856,0.08225659662791852,0.00497930377827934,0.15727384538777936,1.1176448726907469,0.4767620899669808,0.0,-1.5034969282990032,0.9972772126898598,0.5220465702027763,249.81387974831046,0.011150422548492729,0.16496131649223972,1.1771489675178153,0.34604705684060005
15.187606091427163,-0.5656223092183927,-0.05107240412258521,0.06455068337997616,-0.14205384753241823,0.006249545750038668,0.019252241231570235,0.19731896818320058,0.016336750389611434,0.0,193.73615752820353,262.3020622512098,43.66089327922384,39.115210282558785,42.524458867027974,500.0,6.187993367126513,-1862.6134017330314,0.3625431122874718,0.4753516011377865,0.4012289854475009,0.9159777842484877,0.4012289854475009,0.9159777842484877,-0.015969877810501364,-0.26941244117618207,-8.59044882893236,0.003223550730344628,-9.89457133043724,0.2987504609942432,0.27263513199261036,0.12974506888965037,0.36408084428427323,0.06943343402552109,0.6740898224552719,0.29029151962922767,1.0,1.5034692781674381,1.0,0.5493310620010132,213.12930932173163,0.12271100569994066,0.2038453625670657,0.9686807876410177,0.10848050769231743
15.80034956492792,-0.03696017273425478,0.13471089708472858,0.11866939456625684,-1.5115218447438308,0.0032106249730480623,0.0007620282819523547,0.0,0.021336641642479948,0.0,212.65407738119495,278.6013735660162,67.50720959622313,3.8589778428542525,14.70185270414756,280.45415696259187,206.22419715977207,-6763.857832674728,0.529308734192748,0.6540184621162676,-0.5995514915196489,-0.8003361849976323,-0.5995514915196489,-0.8003361849976323,0.025996673168472085,-0.3060521821015791,-0.5839836491813433,0.0,28.64682153274606,0.34136303518952205,0.9378506740948341,0.2218790010307291,0.7208048486570005,0.14403027582481676,0.834770898517331,0.5174717415723966,0.0,0.46852777110249655,0.98768275755912,0.9526219822896289,224.7668566210366,0.005519608816259152,0.0,1.0501738277702457,0.0827009488201268
16.29008668412848,0.0743109370852111,0.12756382767617225,0.42554843107781404,-1.419865700585165,0.00022360391419774082,0.002592804733013876,0.10424557094651545,0.011141238617871328,0.0,193.26239411380664,251.40222784802538,30.00477224192896,14.254036020449028,172.9589063146979,45.51123908562132,11.69623722223335,-1646.841754501998,2.6345496345582333,0.3127867371308164,-0.021501372740813793,0.999768818762748,-0.021501372740813793,0.999768818762748,-0.053349949880381775,0.06459562618736087,1.2105316066969065,0.0011614247807713632,24.653290739018114,0.0020107716354539253,1.140643419831778,0.3795032096685488,0.02435915574365623,0.06062358174634656,0.8786379829163993,0.41829905970416686,1.0,0.3843620313944563,0.9796655565095583,0.2510258047434287,190.48284731223194,0.09061982756595247,0.03584869742535517,0.9466625544093599,0.2667328475962562
13.53859030796183,0.3550568044671111,-0.14965674449423508,0.5415020451352033,-1.4461359050765157,0.022918745245015634,0.006083506720610912,0.2518147827458409,0.19193923262604376,1.0,235.8690135453478,263.838795794846,34.05258357966983,9.848362978144008,21.765407845053325,62.684679474484106,31.27406282040013,-3962.0122263273806,1.9613893042726274,0.4856656089693636,-0.29240597695107734,0.9562942772197719,-0.29240597695107734,0.9562942772197719,-0.008771486056215076,0.15863977410380495,4.806968611734328,0.048333136164130625,-35.299388694263385,0.0941883186199664,2.0520900715045562,0.5924648820147878,0.16105870357636126,0.00960605439743837,0.7319148293100333,0.5321710463641894,1.0,-0.0007944105416448632,0.9883508330535035,0.7761603872320892,250.92118124412946,0.08171958509981601,0.08553108656465376,1.165606680145263,0.0682640656343745
14.674727293489534,-0.6185915804763945,0.0038360143082646855,0.36470834399450297,-0.6954627107630866,0.042213893052006325,0.011329670313039924,0.44911279892287176,0.05227155846891588,0.0,192.1362115943085,251.28813723216211,67.26177831828005,17.716108047529243,56.07413936030306,11.672408727558722,71.92095952843525,-4454.636786671503,3.6071205854603647,0.5370727985015449,-0.42083100859565564,0.9071390534005044,-0.42083100859565564,0.9071390534005044,0.08113310092625094,-0.17804408890923248,-9.077662749539774,0.023475825928035352,0.7370372568115385,0.06804635026930748,0.20179607190167487,0.3840987086333324,0.6795636471430385,0.07469971564897948,0.7398154550941327,0.40842694810287833,1.0,1.507643318333328,1.0,0.6221319188009059,242.74180792190123,0.5071435385434986,0.28018125616900424,0.9606810579715425,0.08193161558913085
18.286487312066964,-0.5004543385501607,0.006249151680014581,0.29580768971541,-0.561059443785374,0.053226472971465474,0.0012737425329989098,0.5606215840606927,0.03545374487995818,0.0,184.59506928775042,236.3271701682358,35.80011175454068,56.37113896109138,46.62287547025073,211.88547693041926,30.180565219402673,-1937.4604987730763,1.5385364157750465,0.27523734143257017,-0.8437282590292712,-0.5367705514607103,-0.8437282590292712,-0.5367705514607103,0.0089926065467336,0.051052719613627985,-9.15155191216638,0.01987613461548583,1.1535625873619535,0.28984770629932327,0.3427259713893609,0.20886825307377688,0.41550606996772177,0.2121697862689878,0.9161989546493111,0.32550132933266746,0.0,0.5593033672345037,0.9232813616064213,0.6338682470136099,216.5536170136309,0.14441185398750406,0.2933957506399992,0.8521659345891295,0.028494934713065686
15.63489755768128,0.0648745038243256,-0.07812952818006473,1.1509013312186986,0.8421997177357721,0.049652350694453874,0.009851941615070962,0.6671573240755027,0.002821222061112829,0.0,193.33252265391218,237.73371657230825,45.06838022766162,8.989879365169788,216.61099283229623,50.597787016780785,24.114052156368988,-2410.164123352044,1.153059931781011,0.023511440640559655,-0.9998699583618592,-0.016126573270657762,-0.9998699583618592,-0.016126573270657762,-0.0526466397878704,-0.03484373610637823,1.014306221398733,0.0018821989609148094,-15.104978776811835,0.5611740177388073,1.1508414290182223,1.1113428183771192,0.06256467885206478,0.07188417484418706,1.2740655486306711,0.4783683321846446,0.0,-0.22788414982254152,0.9675931830946554,0.19726820829296726,238.58620902003685,0.2751302340026469,0.38951833424985965,0.9353361549520923,0.44154932930691215
13.326642577287457,0.22275808283324622,0.04382499920738438,1.1124359810883133,-1.2543465114787888,0.02270336770089971,0.014114832965167341,0.25254412358125433,0.0031187441386158147,0.0,231.91054735060632,302.34391106662395,109.80228161978212,0.48184894945209794,261.7681238458157,238.23541479320147,13.065273029677837,-8000.0,0.7079116366974159,0.21562391753424215,0.4012289854475009,0.9159777842484877,0.4012289854475009,0.9159777842484877,-0.01698923085213576,0.14365350711242306,2.968617351120465,0.0007876205051609049,10.163479553824398,0.7770543337212114,1.7026695622425563,0.9610443458014751,0.33396930677389464,0.1690938509616963,1.0380323855305489,0.6434183326112024,1.0,-1.322978640437703,1.0,0.12050455655261236,236.6746587517464,0.11701787916997272,0.16349892938095184,1.1595527367530316,0.34759100772815943
17.840130561827436,-0.47189437203043594,0.14608508378280027,0.021646723461996725,-1.4276832969175333,0.013858398599929767,0.00015906003238774002,0.06017178108072059,0.11141398438125272,1.0,184.44276548246523,232.17273043981933,34.38331154434968,131.73661589239381,10.875920276501787,37.02288687450028,6.008134648077323,-2719.351717473175,1.5421191873744873,0.8031496363123867,0.9559793438440766,0.2934339689665273,0.9559793438440766,0.2934339689665273,-0.1116491638767882,0.17321538235337655,-8.418657208414546,0.006703977877519561,26.944336848637317,1.3946226026245496,0.39267683517976526,0.037825037691448404,0.12591590157086735,0.023510064922315527,1.1218687482906748,0.31656237082216654,0.0,-0.524693090752486,1.0,1.0,218.0019887196455,0.7880558520513407,0.0,0.9222138274123262,0.1250998075120426
20.15576947938611,-0.22726347433085586,0.08918089839532661,0.2307289951693625,-0.8758244930351711,0.0027252952332835144,0.0057735847452058805,0.0,0.07914947696715696,0.0,173.76262488644625,215.82089113220013,37.37077078326436,7.407943609793084,15.275593251969683,1.184149347383362,7.494878912166761,-3161.971310586707,0.07782579665072974,0.27806234313197276,-0.9626519747161487,-0.2707418984477642,-0.9626519747161487,-0.2707418984477642,-0.002943004166637205,-0.4532425286600429,-4.580670199697113,0.0,15.496306994903414,0.8359515758257704,0.5760396894919008,0.17688944527814227,0.09538240036595007,0.2987135201233872,0.9602275766055346,0.5475997371493053,0.0,0.5891626902253158,1.0,0.7802318534331232,190.9551362570649,0.22861787757095484,0.019207104684713035,0.8688131244322312,0.007292794457389573
13.013955690014303,-0.006446176711121382,0.1347068388942004,0.1126237495138694,1.17190512158838,0.03522521631023576,0.011495788427840685,0.4339649124888282,0.007925590649955487,0.0,215.80833330216217,282.6691758210667,99.81801602428813,18.105737570617716,94.47505029355241,121.39636567264151,128.90236510112382,-3846.0995725821285,0.09516394369654912,0.013821932733225961,-0.07304518821104743,0.9973286321364752,-0.07304518821104743,0.9973286321364752,0.08238406804701318,0.20642693963264047,-0.0838902580885358,0.0034394282528302077,29.070858386160264,0.05008322928442735,0.963819296398434,0.11932009636856791,0.2785886613829628,0.12950312985259319,1.2877246169873235,0.389983393680738,1.0,0.1804667858970075,0.9970378840386178,0.39834382514464595,209.59786716615943,0.021136451411307374,0.29231201919121685,1.0758454199674428,0.21726685441649454
10.62674164260793,-0.08916685781716505,-0.07184678475356596,0.49813899188884797,-3.1405171254210202,0.03316582810746171,0.0020044488063557056,0.37640382689663,0.015674492840308942,0.0,254.4861874805561,298.40979712638904,78.93909010414178,12.337180604666106,36.7533456613629,85.09790113215946,39.19737105975089,-2653.1820349957106,0.2779483081020185,0.4249486566852003,-0.5412984521036173,0.8408305333122887,-0.5412984521036173,0.8408305333122887,-0.059330148369420625,0.05043939262437783,-0.9475531611061683,0.005899939089756113,-18.284014334671145,0.8035509503388344,0.7050485066240085,0.6266865879747763,0.16486724335955064,0.05316143907997187,0.7392339767674201,0.6168318521541438,0.0,-0.020781570843627795,0.9340854432123731,0.6062349850601003,275.27799573514153,0.17020855543060973,0.16926342590044763,1.1885592161210115,0.01139391907002853
17.256902660158175,-0.028500560959897753,0.0036507772766668604,0.8628755487710632,1.5514941127788644,0.05589484195492277,0.04176355712441941,0.4059010533465258,0.05376022135812271,0.0,205.14967702407887,246.4572787147385,41.34286144362289,37.659932788020086,13.655638636719129,243.48366606628124,93.29002476102448,-1676.0189020391663,1.6230414672619462,0.6824712412886437,-0.7393922635959241,-0.673274892250183,-0.7393922635959241,-0.673274892250183,-0.07280234355570256,-0.10627119612811287,-0.49183140624485977,0.021821330477404404,0.7489557791950526,0.7428838480089057,0.8590983268339148,0.9425324490834376,0.06801634027036081,0.06925075303822564,0.8427084495784216,0.36017632095836394,0.0,0.3646011802136967,0.9446079106430787,0.8464214449095051,248.2408004225008,0.6196817592353079,0.3648979891739153,0.9689300389140877,0.04696226840786587
17.65012201162213,-0.6607000051420566,-0.07656476792661458,0.4772805792623964,-1.0117891714778944,0.03932095339656394,0.0010576775112243995,0.44467371635156994,0.05021300945996437,0.0,176.02731094048644,209.11999940697913,42.10288946078153,16.774438631607016,32.78165300504482,61.31152691262201,260.09080965948186,-3676.1531809945777,1.0853039467427585,0.7524094396386135,0.6350683134867438,0.7724559775191742,0.6350683134867438,0.7724559775191742,-0.03266300083752487,-0.1006925674756884,-11.661435703836668,0.022328405525758894,-13.477490210904369,0.07249099089719346,0.15142733967149355,0.43893026320505435,0.10827532955502762,0.06995926082159612,0.9822649298371974,0.31150942896693357,1.0,0.03445264481886601,0.9850644429444946,0.8329778367708337,229.83286641297863,0.040825505067992776,0.18288960971241328,0.866991224973038,0.04606918738693848
13.671223892502343,-0.30372054873146803,0.023943007058056628,0.39008599778764536,0.4790286231124181,0.0270033630944493,0.0004709049173829933,0.1617993952638241,0.021900471035605246,0.0,242.81231198537347,280.5096716641883,33.636410514866284,30.61470419637179,26.09794985706118,124.17017717869633,197.3870732713972,-6960.770103987341,6.100717585463382,0.4138983400186267,-0.20917350564635637,0.9778785428342386,-0.20917350564635637,0.9778785428342386,0.04606581701647562,0.0063494808350969935,-4.152231622461568,0.003543482969553824,5.813656899648845,0.610308813225974,0.5247439216475582,0.33964688685029953,0.2882614759563721,0.04581078747313095,0.7038400209020721,0.555267495176994,1.0,-0.07743605120563725,1.0,0.793706734199909,230.71937545728338,0.18294389356389976,0.0503327571897696,1.2140615599268674,0.11416354361631013
21.218905692794383,0.16529758609493345,0.03294509091072474,0.47082253345336056,1.643193024093244,0.0060692280338854486,0.0319598828673977,0.10451808231526369,0.03771427017456186,0.0,206.84447717316456,245.82863706442458,59.40933224194658,4.178181609807343,91.79101820866376,151.49029254416862,14.482286665219052,-3909.2926960776267,1.1670319344741262,0.5718583914867275,0.9039461929224011,-0.42764620926777464,0.9039461929224011,-0.42764620926777464,0.08523187920984321,-0.10074975784651173,3.507433890594953,0.003941823194564951,6.8145101048512355,0.5466350206670669,1.4471529040497344,0.5354716104089261,1.40512235766717,0.10514778314874776,0.7344265432961189,0.6300179130008895,0.0,1.3635186142841738,0.9872660738872824,0.44857980265356934,230.88618583152638,0.09622689457843527,0.18942598479281614,1.021052674420089,0.001792582698036167
14.208073106522939,0.2424868965052563,0.0959838005400907,0.003551161700367068,0.06807936607424825,0.005357486296047292,0.00168880412202942,0.0,0.05518814495350918,0.0,212.3551140158564,271.6708268505882,31.488343775975874,40.84949904303682,99.90810279876584,33.3192892036903,291.69777318425633,-5410.26204699247,1.3645725067815409,0.7455082515279067,0.2717767384711357,0.9623603298276545,0.2717767384711357,0.9623603298276545,0.022410607530644513,-0.18740072694361798,3.445271552920543,0.0,20.38265090736618,0.5851843741632339,1.7210688020163847,0.0,0.042693260493047905,0.0045631034049705855,0.9957852078051384,0.5682157004859765,1.0,-0.7286106565195589,0.9834159237254121,0.3939145988164393,231.79300146706026,0.03790850349952294,0.0,1.044167003038593,0.48582018430813456
20.445194962910463,0.26235553394276084,0.13134918538469562,1.6046144592149842,0.9245785627029477,0.013552534668443061,0.022023179438725723,0.10737717321699124,0.08979954279647219,0.0,166.4081614696036,201.12207688932398,92.47592251843412,10.764516592502835,178.0138812962919,500.0,94.52857016147345,-2597.3835360512494,1.417423288388814,0.8892415023506486,-0.9926289059345095,0.121193461470736,-0.9926289059345095,0.121193461470736,-0.06429548605553093,-0.14155953061927085,5.363910041058219,0.009642421061663412,21.857576450397328,0.02635188084949163,1.797160112265336,1.6541705975669385,0.5450820769175498,0.388225891294155,1.200708979236975,0.38116837990576746,0.0,0.7906171866608924,1.0,0.19113782689198777,207.72465262696198,0.22083989939038945,0.1415289311466948,0.8320408073480181,0.0069562804256343294
17.37481614876238,0.17636814421246427,0.0688977163945762,0.2560454605576288,2.6385654254584843,0.05795537474430329,0.007766744145722455,0.5250729016640868,0.008123030720063224,0.0,184.9410174020761,207.0734342635487,40.50024666228829,22.502821554165127,39.02357491405877,383.840230903523,317.08553561582846,-7371.729544323474,2.729134823324446,0.639899235892585,0.8916401947968874,0.45274469960737107,0.8916401947968874,0.45274469960737107,-0.0011112436313355264,-0.20803239006393648,3.0643640801899767,0.004265183310490113,12.742013766692622,0.2530062803371056,1.4620075826806198,0.3928387357872052,0.40728575241844484,0.0056527581168772855,0.8212627667832745,0.484696145429008,0.0,0.196553294573665,1.0,0.6507798814790571,229.09670217121564,0.0888935796148919,0.3631768833679497,0.9247050870103806,0.2072164604279172
18.586774164100948,-0.7513670011595586,-0.0860169862840881,0.24332743631944595,-2.9539373296987494,0.0008378830956809329,0.005080159076019364,0.16027012928034773,0.020361951732707235,0.0,152.77784928051943,207.32629628894176,31.48568281487732,30.14111816957925,59.85581681611092,37.126823225396,180.89020004861638,-1288.5206207862964,5.958659413149032,0.6908627678169704,0.9431964659565866,-0.33223549871590435,0.9431964659565866,-0.33223549871590435,0.08947127410451983,0.2693136893119764,-13.965488764910491,0.003263412636601189,-13.14149016607492,0.5411849683282185,0.22344213151125925,0.27709834770951236,0.09734064788795453,0.23877017265448397,0.9227897844298121,0.3374198150817643,0.0,-0.8659678514070956,0.9779705945789202,0.5141713809090989,206.78124417065177,0.22272134681473138,0.09081054784878051,0.7470612204967912,0.02418131648191719
19.54828560454309,-0.255352198634452,-0.1352172714324218,0.13440391452414402,-0.9454382057057966,0.008884179490705009,0.03442300943377119,0.12902656993805212,0.05415802995666644,0.0,198.68682280012783,239.17755341766343,55.69407087208243,23.64433918380478,104.5328926341658,40.39236014597499,125.7910760415212,-3859.6828224475794,0.9115216736342782,0.0986751278287924,-0.9020987014301837,-0.43152975897147144,-0.9020987014301837,-0.43152975897147144,-0.01554503509425723,0.01118096305409003,-4.991697708654286,0.006987824839910944,-26.865890048610375,0.10062537021163434,0.5601209496861541,0.19360460043828687,0.39304148155583546,0.10374431928908119,1.2132500599746114,0.3261158609379709,0.0,0.030742093622391838,0.949924352631698,0.32411827429805373,195.89354493373565,0.04692683215003243,0.17468584623445843,0.9436872576243017,0.008008984384790526
16.54951243016476,-0.0006222802186381104,0.05200200307053304,0.3811339421246357,2.6820037820181497,0.030808255256321488,0.02020542078362558,0.4341938527939479,0.005747288768882902,0.0,190.44617161015142,240.20216784200798,62.72328363256979,36.82014075306585,77.09996261494655,306.6961288549308,408.80197318470107,-1061.2111850990125,0.025606207847512562,0.4204502876844305,-0.20917350564635637,0.9778785428342386,-0.20917350564635637,0.9778785428342386,0.007023625258771815,0.45056861839000134,-0.010298434213397054,0.002495437453680653,9.903582400842357,0.06777638801246286,1.0481345243462812,0.4345354416324891,0.04331995390215101,0.103343369911754,0.7269105275463529,0.5195903745124287,1.0,0.3365512479439803,1.0,0.3260307569138011,216.59356710649809,0.10439953433213556,0.2051993610382019,0.9522308580507571,0.20478301465703527
14.678104213299862,0.9189636137490607,0.15005211088612125,0.2414361655562066,2.1201341482017364,0.03918291914711539,0.011785752641634908,0.6813504478174421,0.34947410278398233,1.0,168.1228978330968,237.35913746959028,40.983909187851324,91.78217358711834,30.60540417559091,66.90409998339808,188.23602111545418,-2043.8739494176857,2.66752766333887,0.8889588498559174,-0.5412984521036173,0.8408305333122887,-0.5412984521036173,0.8408305333122887,0.01202798019995307,0.07421527407166935,13.488643690839355,0.23811433643246516,25.227195708147875,0.005782201482366527,8.188143125673932,0.21358124919400276,0.9567699771753921,0.265840110003521,1.245306712539541,0.5101752323560345,0.0,0.0733587889692177,1.0,0.7322448962082144,179.31670438679117,0.25855860872308234,0.4914233229781328,0.840614489165484,0.1074103076651907
17.083359381751702,-0.307200725701792,-0.0024791877068242422,0.24839722898434305,0.7340518558956703,0.0093128241349728,0.0042597916385329285,0.09780877554272202,0.15262976508710285,1.0,212.04562203909666,263.1187932314766,51.3882891092247,17.98208728899523,141.06109598531364,17.156728330879808,22.330869786952654,-3990.5511139100367,1.5080239067758745,0.16072005594491157,0.8584015232918917,0.512978386299228,0.8584015232918917,0.512978386299228,-0.0772931479583495,0.11778165082158881,-5.24802039949864,0.014928530434542833,-0.525700899445228,0.6586464288807088,0.5195825919147216,0.26290675697807864,0.6587712227231511,0.19176766653018135,1.1594093588435463,0.2748609523972715,1.0,-0.6599293869680243,0.9471156566035634,0.255986668091516,205.06030037465388,0.14138088920890737,0.12716934116512543,1.0041586427373503,0.3570245800317706
17.33743930231864,-0.03360707489516898,-0.15273935621330192,0.06740377295439196,-1.700839718472756,0.03092122016938659,0.025107202950949793,0.4594112203239883,0.04475179608697458,0.0,174.6912261979572,247.33554292929983,46.08959416842251,44.302628764639756,61.60461857375949,216.87494869877787,280.5387227774776,-6917.619405914739,2.953125756934116,0.3099594211347093,0.8992961915530253,0.4373400963303323,0.8992961915530253,0.4373400963303323,0.049897335631011286,-0.21232105339152596,-0.5826606211234687,0.020559477252007276,-26.682225425588285,0.554961583871522,0.9013455227111475,0.01958199042796204,0.09853520696680758,0.10279171269787282,0.8484726283985986,0.282872183936951,0.0,-0.6077993803960109,0.9798695160691229,0.5091145789817515,195.07822299174782,0.09762515353240624,0.3694718577360711,0.85587303638057,0.17508086544571644
17.33168850972563,-0.023049152015812355,0.2084755956708015,0.2012102437191813,-1.0647923261434729,0.006929445009573327,9.35292194865591e-05,0.0,0.016688247411567974,0.0,195.23427711209078,244.21207404661067,70.69726259000798,36.22598635328551,86.27886120845591,193.76423995352994,187.17883822690976,-2241.8347944878988,2.1848500509836284,0.677963564409135,-0.9288394302558068,0.3704825404820963,-0.9288394302558068,0.3704825404820963,0.04268808747482297,-0.043641787253783815,-0.39948072315137434,0.0,40.70158221630145,0.08293092726441696,0.9342374859466155,0.26570665075729466,0.023376559370217643,0.1366225396197207,0.8555798420250659,0.617772155667071,0.0,0.19260787827565895,1.0,0.4154496027557906,207.76250634476446,0.07649082463035169,0.05860280757509351,0.9761713855604539,0.1347033277245642
17.407136163337142,0.03280521939530755,0.048940455016144455,0.03270931045722629,2.2491062439697105,0.007694713955482828,0.0058636304664915605,0.20243495054776606,0.05110620393884846,0.0,178.63584123637037,243.74018845671802,43.31877011475703,55.28978040733842,10.999658300751973,89.27600888635493,9.863230320610407,-1870.604906069514,0.8116979821923046,0.9020739639824542,0.9111686353326631,-0.41203363695942635,0.9111686353326631,-0.41203363695942635,-0.09967701989264648,0.014538261450171175,0.571044920882267,0.010345681867044834,8.742519352299707,0.3769308807105414,1.1461042344136716,0.0,0.07733061205256542,0.10087520248887111,1.230762891253746,0.4038724555227148,0.0,-0.3361318112551376,0.9431168941948659,0.9220896296822636,251.71890498601834,0.061379823458620066,0.1569154137588956,0.8423723988936639,0.5621794269372618
13.605804631628857,0.2419832198007742,0.017114151604912704,0.18401631525472992,1.2457763072271533,0.019536267690806786,0.004505656232262726,0.11461179216514494,0.21538599976248657,1.0,222.20032984141906,263.9889213601119,90.35858244208617,8.751186720192676,160.1210190844593,500.0,14.445930111676205,-1571.3382797342952,2.0198425070752037,0.059040366638059893,0.4784338202547012,0.8781236129591848,0.4784338202547012,0.8781236129591848,-0.06653258091844493,-0.12744972782309302,3.292376412741837,0.02468577544006007,3.8027701315676543,0.21506205012384216,1.7262622073130345,0.2190657399188073,0.5911942310644217,0.014004868348860425,1.274481230536981,0.4373469608180499,1.0,-0.1981039603370786,1.0,0.24589245091758005,236.606294680477,0.08275124368342908,0.07605066832851567,1.1110016492070953,0.3061515552329714
18.767152628886144,-0.5183807151338936,-0.11679711510063771,0.0835555483524065,-1.346799327591307,0.025749548492208563,4.997542816724487e-05,0.2556539717681236,0.003983442633239959,0.0,206.27977060562813,257.8951303614117,61.223987865435916,33.79042492948726,3.022834116742491,48.029930165252615,171.96111233964112,-2170.0237798335042,0.404688093765379,0.8704919764154813,-0.5285813283559292,-0.8488826652214553,-0.5285813283559292,-0.8488826652214553,-0.04848500625677905,-0.09296020530922973,-9.72853000078893,0.0010183829304982685,-24.092882110358694,0.31561576988733414,0.3277180994643876,0.14014144919528382,0.16854191922688094,0.0345038828986123,1.2022041249092876,0.269175916183658,0.0,0.45659039976459015,0.983675400696321,0.9103334813162927,242.0576046907867,0.00041498313099601125,0.06606744365556808,1.014561680030182,0.037764039931218435
16.98603502766283,-0.5970274477685384,0.001621622289545257,0.7231569303232179,-2.3106696597065,0.0482411160835194,0.018474972611923716,0.5360989265187031,0.039621227283189175,0.0,206.03850788044755,242.0439878411407,47.811362166709166,7.459165034227339,65.86031021887219,187.41060288679665,15.71326360051172,-1744.7795706009724,3.9737902018078297,0.22032271388288116,-0.8343701235229538,-0.5512045872199277,-0.8343701235229538,-0.5512045872199277,0.03741746231294374,0.08402956647583681,-10.141129140272534,0.021240897413871265,0.33411663688357984,0.9602941218108386,0.2020165430873303,0.6985748115027924,0.06941367563186529,0.022795603375749825,1.1025969533899338,0.4972383558081627,0.0,-0.2911323795293605,0.9391621371615375,0.47783504043449077,190.01371959828788,0.6961911131204787,0.4558560024306074,0.967517826992877,0.060975769412542694
13.630271197628176,0.6345510691439484,0.0686884162195553,0.4188290107951018,1.7641320379355943,0.07165924582923722,0.00097908509216761,0.7860155812980999,0.03979711336100717,0.0,204.1349900022782,241.92200339350728,36.387785436750136,48.56966349515343,68.39285295527685,290.38198488409296,88.68015100033591,-1974.7439555851101,5.214150218987884,0.8608558109001282,-0.004300592702981974,0.9999907524084426,-0.004300592702981974,0.9999907524084426,-0.03755560350861921,0.08795195965177849,8.649103161176924,0.031281151192438426,14.021709158251245,0.08938284527454367,4.312537961612198,0.38277923226215993,0.29818111671310515,0.07140065077160349,1.1862122592364797,0.40715763687139994,1.0,-1.315741257413857,1.0,0.5422786086206102,242.4682820537775,0.13732675079188694,0.3760511631382437,1.020674950011391,0.3891310981519077
16.2800849731141,0.01691743329425599,0.05030207205535471,0.07566372379028448,0.4789337876646367,0.005939304668392114,0.004623979074585081,0.0,0.011048818567547409,0.0,257.8093681458027,304.43937170146535,34.85657603006716,8.63111827352468,61.78197788199224,63.924435006512965,6.587428365186683,-4646.579430543228,0.3679758616421881,0.8892355649566329,0.07947729992362097,-0.9968366760893436,0.07947729992362097,-0.9968366760893436,0.020067554962779968,-0.26738905511044453,0.2754172515574771,0.0,12.968345413015637,0.17828479893596733,0.9601601411267444,0.06717907660571316,0.256152464210987,0.011661052803742954,1.178690358971422,0.3321242365784223,0.0,0.18541746380119536,0.9829282844342183,0.5685689157501772,308.5989452578164,0.10856622624979376,0.004000388446890848,1.2670405997131182,0.20873420945326399
15.583128571790521,-0.4019525369663253,-0.06798871281524327,0.08433005427452854,2.9118680256159992,0.008387487566375744,0.004082242783676178,0.0,0.05425833038888023,0.0,174.65985850944116,204.73184769098685,68.2001823738309,11.110981485325965,133.93600821958853,27.833386047060483,1.7878495695590153,-4005.094415876444,4.303301038689182,0.7754824253405667,-0.9521140536681102,0.3057430764672831,-0.9521140536681102,0.3057430764672831,-0.009088749766702212,0.05674818028864956,-6.2636780633036295,0.0,-11.874898960549418,0.11110701428475925,0.3934557938084449,0.0397084748633245,0.3179302575124775,0.07286028061875795,1.050562212572969,0.35752430937875723,0.0,0.12565408729372798,1.0,0.32923321942793254,190.95359966111624,0.35275591103915493,0.02228405313916082,0.8732992925472058,0.1653563336746462
21.097709092379556,0.14937011644314954,-0.005706528295749936,0.044485491137814644,-0.5875332619459646,0.006479907713416581,0.012391252088508038,0.12594408501125537,0.010073808400828159,0.0,163.2685316774064,215.65893125348938,35.42538264156239,22.875499336650506,110.40886148960638,313.94739058981054,135.43594809156846,-1438.1905812717011,3.836393283375916,0.9238165496022088,-0.2280577712215198,-0.9736476020539838,-0.2280577712215198,-0.9736476020539838,0.003558587649157032,0.11060303648912467,3.1513672638124293,0.0012687365816210002,-0.9316964958226643,0.0046520761822889415,1.4297607678713844,0.052305370864247594,1.0602506499435806,0.0472804654837119,1.31871436940896,0.470248835917631,0.0,-0.14875018518307004,0.9439414230090537,0.39665914536653635,180.38137701091475,0.19319342737136255,0.12765937062787341,0.7705796506208488,0.003325868581552718
16.20370492849516,-0.08735286490054114,-0.06160067020367657,0.46894603210462843,-0.9485915631073478,0.0057606640901936845,0.00486058330199868,0.02083498458062684,0.04705977747853113,0.0,202.2166816136801,247.67528188076187,43.29219380860344,37.651533018661624,61.47910207449087,301.4341873737576,64.02657816946949,-1587.466851400411,0.04873835986380508,0.9611580889257444,-0.451785789832884,0.8921264484954345,-0.451785789832884,0.8921264484954345,0.024796771479099394,-0.11805536802835828,-1.4154400475070703,0.0009804897381329263,-12.456683113766175,3.0113985927125144,0.8731187774790088,0.42309752498279884,0.8063028480961167,0.34776649322842096,1.2860966535499656,0.5027605953093247,1.0,-1.7141604554516043,1.0,0.6614975480829405,255.91733934409487,0.23518588598472642,0.06345575952937339,1.0110834080684006,0.36206286517741043
20.68425790837392,0.0263122406781279,0.1664161582896393,0.6068759272566925,-1.3147179281720716,0.05718293817997852,0.003275796963154096,0.43209453091364736,0.0050015569929488,0.0,169.10288335179504,222.62158231854926,37.218899568623996,20.454891179088925,27.113099910234688,47.73977665981462,54.683923266042946,-2457.9850230945253,1.6076293234707484,0.9251861027480038,0.07947729992362097,-0.9968366760893436,0.07947729992362097,-0.9968366760893436,0.013616706070052343,-0.13838276014164153,0.5442491723336049,0.0021611454227060847,28.141452203106734,0.3981057333291906,1.0215644561550672,0.5646481287233869,0.49086969880900755,0.028764316558927795,1.2543184230430073,0.3863873157409659,0.0,0.10719285408551181,1.0,0.7478783074957145,230.68359043588168,0.6224551029356646,0.2554056282655161,0.8455144167589752,0.010854875214063232
16.72519932188569,0.15321808581973534,0.08948739786361128,0.11037759659535824,-0.11385045575911246,0.004857869057065986,0.002723855214995826,0.04148101711992093,0.1300316161211096,1.0,171.01136796097742,201.31350319309476,41.034995177936594,59.80727160782834,10.587662898769757,204.27541270327313,17.777324521892467,-6648.409959124429,2.587459172860277,0.5131290702910157,-0.8945422369764496,-0.4469834295196741,-0.8945422369764496,-0.4469834295196741,-0.0009485937783582555,0.08829382801286022,2.562603025052861,0.0053938436944507345,15.303362323924413,0.13315079229344084,1.396595001811351,0.1377227414782761,0.3876464408904153,0.18698995663190465,0.6918664531477788,0.627416093912009,0.0,-0.1772305966582929,0.9248910478394761,0.9784638180412119,183.11499458208397,0.09229986616574072,0.005516602160456879,0.7908344165294531,0.042036577903886325
11.216237310348706,0.009571900207408446,-0.05243348685996414,0.355248146271499,-1.1138225058208016,0.009166444254317912,0.010243367812941334,0.079767291930802,0.12796256626979538,1.0,240.42054457728074,300.9465292370471,30.508988656463856,8.285648321548244,6.146750382695675,0.816532963671093,59.631025502542315,-2642.960281763714,3.228070755714565,0.4636767631574912,-0.22596360824801906,0.974135744004672,-0.22596360824801906,0.974135744004672,0.01635402146504437,-0.5146174709571689,0.10736070423726914,0.010207227379857365,-12.606087464958273,0.09736201126144686,0.9900787134748764,0.38612605474831907,0.12137921858148239,0.05336056639941014,0.7253035334167658,0.3845570115117837,1.0,-0.06159465338858403,0.9917719807005922,0.8943827689103405,282.7614411054991,0.07193862710504814,0.0923948188680472,1.1922117984826237,0.01935558294317027
16.51085380194831,-0.49983190929464977,-0.11684696588550361,0.04189190823464752,-2.6817225523841928,0.004382794872466392,0.0021321760198765743,0.061519446855554216,0.1809157825591631,1.0,196.50322490469574,271.96742988676664,34.83700483025162,46.16041814296972,58.19053325869135,66.2563970761061,19.06587619661521,-2628.266977332369,4.4346843186289995,0.1052062599805288,-0.6897960046655887,0.7240037789593305,-0.6897960046655887,0.7240037789593305,0.01084860385941923,0.00041689410141845085,-8.252651579912651,0.011129838870479436,-22.960805616830427,0.6427738292327116,0.30364967264488973,0.027216191851779252,0.3099708272338565,0.23115288603477768,1.2275267535977048,0.27416711910610564,0.0,-0.9186979860122984,1.0,0.6785352319877415,196.15038236769365,0.06673083583238967,0.06857452557784227,0.9825161245234787,0.16057806539251562
18.70240261150015,-0.2331445072170536,0.02778150822312614,0.04701589436189529,-1.1804279430938496,0.0237537646460665,0.01606929884825542,0.29046177855539496,0.008455615646516456,0.0,209.0527305372138,281.35072702605277,51.832721610828344,67.1483827001051,6.004128058306721,82.45285791826824,259.7724297826532,-6849.383079683913,5.90978593787331,0.21609096896280033,0.5751899607119775,-0.8180198708443174,0.5751899607119775,-0.8180198708443174,-0.010483348564739679,0.3268855809224603,-4.360362440633139,0.0024560331594679955,5.807800152486577,0.6389754501116298,0.5364002212148021,0.0,0.9312723021975968,0.13611743410029087,1.0179662562761438,0.3046507976879335,0.0,-0.07421027177988077,0.9765783906241121,0.9644605027573586,234.85138650066594,0.3577866847860275,0.19247784234156012,1.0207818957180421,0.09311560235036292
16.654267416555104,0.5438574872248148,-0.0492817389717278,0.09123370386009372,-1.7662917735116999,0.03194939936309511,0.0004185270452072657,0.3660591295392865,0.13180941251313935,1.0,223.24131178199127,301.79990972501463,57.340041825872284,57.90193770591118,160.9564119538119,238.77155154600402,12.902818025116037,-1704.9121513667503,0.7616652059699187,0.652365385796242,-0.05802556932878035,-0.9983150972033183,-0.05802556932878035,-0.9983150972033183,-0.02156177025531391,-0.5192718627724423,9.057548028737767,0.04825003880964453,-11.001720054946196,1.2110167658019642,3.3904426023486565,0.14977673503179306,0.036379024601223144,0.09029712757513536,0.8071375791826733,0.4541894983250428,0.0,0.1585380274100802,1.0,0.22707575830997628,251.2022313339037,0.12020519525266557,0.257454942909389,1.1162065589099563,0.07619019009748525
19.00345859117933,-0.7451533299095184,-0.041830666370260554,0.06635279685760663,1.9816223747223285,0.026421837095229772,0.005128463175425383,0.1874010615014384,0.07308475534942564,0.0,189.00268730739236,239.63915222613946,75.03565198682568,29.42271988186855,46.0024482161785,15.818771684632715,77.78807370678479,-5985.482572999212,1.2071938096814534,0.12734182264605376,-0.5574684374327892,-0.8301981337405212,-0.5574684374327892,-0.8301981337405212,0.09402214090143152,0.1645749733344318,-14.160490449014924,0.013696160732055294,-7.906108355838209,2.2772237469800154,0.1276879795707266,0.04393272855347651,0.29571436519800715,0.0010331047570891862,1.2070471181773186,0.2213727555443854,0.0,-0.6324533902954076,0.9159827212434897,0.6807644715458724,201.8429006632252,0.06964403866825335,0.1183302500537318,0.8656159792107881,0.016239753132122576
17.412581671688194,-0.19886488206916858,-0.11352141335604425,0.5139987920624836,-1.6613211109758896,0.0011003506586029035,0.010690291976728019,0.0,0.006405500032568113,0.0,179.3475604898087,224.0626426897597,35.639159363921564,68.60123863785968,115.01137169930368,205.53903965762507,100.07753566810243,-8000.0,0.019460176479663513,0.9423805295319295,0.7112757519738152,0.7029130847082615,0.7112757519738152,0.7029130847082615,-0.022135244593130553,0.10888448955365776,-3.462751000660039,0.0,-20.359788548761724,0.21167050899751608,0.6301605375174885,0.6171145429997815,0.24079014808999993,0.05272304864842062,1.2966222662355094,0.49526074462286407,1.0,1.3555350538476285,0.9605848784715141,0.24883259962792276,232.4542813641302,0.015224053578346403,0.1333752500167142,0.8613927729863271,0.3490224458479958
15.109442531926213,0.26769382687763293,-0.10114087245217424,0.01664299399738506,-0.25841754068119505,0.023861329963232057,0.009679558621158801,0.3313921689611033,0.015712743238997896,0.0,216.62709562475814,273.9408487228087,31.903061607525647,25.80022101538973,295.26305020929675,12.112143664562266,69.25186365534955,-8000.0,0.13260894881468704,0.22704599534521974,0.9958270335100595,0.09126072172931188,0.9958270335100595,0.09126072172931188,0.0683497497180186,-0.28762016584166683,4.044704493358999,0.005207080062300424,-21.909853448268613,0.2530708477573523,1.8448203260061673,0.010023150407823707,0.0687473818346987,0.0720934644697106,1.025636599223915,0.39006990044575074,0.0,1.6431581179101447,1.0,0.0,258.62877876769977,0.47015023282157264,0.14448709858262396,1.0831354781237907,0.23923934339528985
18.670800523021285,0.0681447348215869,0.01626701525605247,0.5892012747127416,1.085346386399956,0.02226459705615751,0.008279319117473384,0.16832748385727034,0.05755897953272816,0.0,207.05749717052956,253.4842006330906,34.072364686608765,4.1704225334710525,83.09666807696871,116.13744430054166,4.505075434675043,-6374.933943119351,0.3996644379256641,0.08793098970427471,-0.9671667297977312,-0.2541427094613622,-0.9671667297977312,-0.2541427094613622,-0.03425645733341328,0.10409777152463269,1.2723167505480313,0.009688758198136254,3.3682074653530454,0.6201309131160004,1.1974951794395203,0.5959901440825153,0.07472490555287364,0.08271867087819296,1.246480218242294,0.44693882123752904,0.0,0.2993980994049439,0.970526906576768,0.4414116501537168,223.69439214476853,0.06539893511178917,0.15829178272427932,1.0047743610622097,0.06692579035619133
18.564219749750762,0.22692968833078928,-0.026687844784202303,0.08011206342670536,-2.20397255940093,0.007954974592227387,0.0032454695382505274,0.04004054005636772,0.0010005771384067252,0.0,185.67132924366942,209.5647720070448,44.152165186072054,20.700282666717882,38.75530441074628,33.322619878252375,127.1316119075634,-1772.9809195287944,1.0774188118094736,0.235245311543957,0.44794493940789115,0.8940611451454876,0.44794493940789115,0.8940611451454876,0.04050872574873174,0.20028397921951946,4.212772601915224,4.006364898986027e-05,-4.955167615731571,0.4892184805672904,1.7283896967726677,0.058524491893978944,0.2542356786822164,0.14444411629085954,1.0291198808637598,0.38108451901990126,1.0,-0.10232705690874538,0.981973235891931,0.6960016099355765,203.89496490662106,0.0061019832367438165,0.0,0.9116213799488109,0.09128464858446265
18.728532371798423,0.4483086863115664,0.2496514386020694,0.12048473761703993,0.19655364658007946,0.0471621084071429,0.009376442112650703,0.32119417604581113,0.002697194166140892,0.0,175.85441022485287,238.14390293069258,34.081415523541466,27.38544968490248,24.061529140695754,15.691997301509176,2.992552695823306,-8000.0,2.6176449135743827,0.04891158951707686,-0.5995514915196489,-0.8003361849976323,-0.5995514915196489,-0.8003361849976323,0.08918791149893218,-0.23532343983898518,8.396163744144596,0.0008663230578291924,43.90230649715298,1.037642435314686,2.784950783206951,0.13265519607124782,0.016778253838325066,0.09649665884689773,1.2626215603505138,0.39980019534381095,0.0,-0.09136015765539797,0.9242212905585308,0.8902717006366506,149.03704021654943,0.026998717781868194,0.17575571810319848,0.812641949842114,0.04306074992846414
20.226650894398706,-1.051958103102195,0.0594253432667813,0.05507109022140754,2.1814399533801145,0.05816907086413869,0.018127854275744062,0.5788226616312633,0.0019946961389569608,0.0,201.6203508830546,248.10432268941994,42.80261521939546,0.7068255359091821,102.76238902220112,113.92284981558903,243.77102086922852,-4332.002245886744,0.10972703964112819,0.16608962520040438,0.0966127018812031,-0.9953220513156602,0.0966127018812031,-0.9953220513156602,-0.016875324343875547,-0.14144486774001205,-21.277589306981977,0.0011545753282966723,11.981358560794412,0.6271572289289868,0.01,0.2288994579740629,0.587395539463237,0.00491532690914905,1.1481885834012657,0.40285993581028495,0.0,-0.4824576954329212,1.0,0.31039626214933264,201.16149874995125,0.16030827330399455,0.4252931581714058,1.008101754415273,0.001123066627083463
16.221011595480665,0.7296997388002857,-0.11516951814120134,0.02184945927314788,0.5282949441133185,0.052416603637043216,0.013486089301881143,0.5586930828464876,0.14121969592126304,1.0,178.27874879058726,206.2684571544145,62.82180412319425,30.46703713763411,110.34396233987943,44.206728312036056,51.71253894278757,-1742.4587211512794,1.74506139973922,0.5876840635733351,0.07947729992362097,-0.9968366760893436,0.07947729992362097,-0.9968366760893436,-0.033369607787176,0.005221422128202448,11.836467924298647,0.078898467272894,-20.532277593028216,0.21652131038200356,5.3867672983238135,0.004401009716343225,0.14229534730926016,0.05515575996078578,0.7584057569595452,0.719732518734395,0.0,-0.27779321978127164,0.9330210869064123,0.40873774861779083,193.70226089347426,0.1804206504708714,0.33535312495226693,0.8316891598445447,0.050668172935313484
16.339636874267168,-0.13489176365381106,-0.15356362430171133,0.5942814204591559,-0.11066926787584253,0.011880827892313267,0.005697455177301057,0.0,0.002778888716552564,0.0,178.48957556243997,220.86534158360598,69.02746490729862,3.145770046452559,19.49601452880923,171.13467409424248,95.33575472352531,-2540.678582420199,6.064825514809318,0.2891634385941736,-0.8235472349556007,0.5672476988027229,-0.8235472349556007,0.5672476988027229,-0.021461481033937312,0.1955340292997542,-2.204082435432743,0.0,-27.409506123442448,0.43424515403380454,0.7325167383365627,0.6580978463588405,0.05571717374316027,0.11481158374956693,0.8913265017325336,0.556666356312222,0.0,1.228321953110135,1.0,0.8095879897722106,177.52926997619562,0.019655397353010865,0.15835786795813558,0.8924478778121998,0.08432708061711298
16.06589356972427,0.34635158817474515,0.03981713886581,0.13112649961416262,2.1292388921269323,0.05115262470375832,0.008138837314459422,0.40450120887827207,0.012325351054833589,0.0,189.05246345902856,235.87756117152315,51.2965695468267,83.26920730884522,7.310781603992035,86.249655962064,49.75441777875304,-1631.2594736430422,7.954465542235777,0.8011604254881464,0.986146248341595,-0.16587819893463143,0.986146248341595,-0.16587819893463143,-0.0009683817326427776,-0.10822368040899073,5.564447753320427,0.004985619401529273,7.527528190471611,0.4034153067024498,2.2070707706838664,0.13565818549369008,0.3853459488644328,0.14013635106286357,1.1039765768258838,0.354819153826178,0.0,-0.7352012950171752,0.9658654137389764,0.9155244087087979,234.80100314006,0.19153392337966993,0.268846185293828,0.9129961791861366,0.28268011927149683
18.85839832386462,-0.6415390381135695,-0.03968670947270169,0.18434545350893644,2.810166738714683,0.026251054161722416,0.0006590046307213518,0.1203377680678864,0.003923504280884299,0.0,159.485626854652,209.6631146282105,45.12244437472313,1.799856936477299,94.42343948614158,70.67230003719727,27.345334347123778,-7948.217343105229,2.704390045426994,0.40473373512574107,-0.9666180104000972,0.2562218218071163,-0.9666180104000972,0.2562218218071163,0.016093566921264714,-0.008418146607849761,-12.098398721054659,0.00047214574816641417,-6.329459738052285,0.9137060607244272,0.2892976242960099,0.24303511908157097,0.02133655374431357,0.14928225231998687,0.7194490688539004,0.22051041656423812,0.0,0.10921163127884813,1.0,0.380785117294675,183.66681246243385,0.04667870273236165,0.02867512309094814,0.79742813427326,0.002983957536800767
13.27393827258387,-0.547400858000958,0.13314749495046554,0.11558469931590122,2.0168107453509307,0.016799724471088434,0.007381036662866237,0.24683246841425863,0.11040541987909969,1.0,255.34380486713684,305.7014798262997,43.565357977567274,27.0524938509194,28.444447089583903,41.96014031966264,139.31133966325265,-1687.1910753089069,0.5597522537429781,0.7139646102082096,-0.9748595108374125,0.22282040779479959,-0.9748595108374125,0.22282040779479959,-0.001999859481519132,-0.13297875555405983,-7.266165199464163,0.027251642315070834,33.99838796917976,0.03917415200696133,0.30605747937791367,0.018990357215155282,0.35409597152097766,0.06222420816501853,0.9005450382041341,0.5657277788917724,0.0,0.05439894084273124,1.0,0.7371682792198805,315.63455951699603,0.05696349467292671,0.18631145132089588,1.2767190243356843,0.07759521368992905
18.303986855539392,0.248571363537196,0.02818638384599395,0.12399884447352454,-0.5754804068282158,0.00042457611294820403,0.0004339208329714766,0.0,0.05515124901797761,0.0,147.48522577689775,218.02052195331558,47.36989098561529,49.04843492057929,51.046367676080365,105.20835248141866,47.63240020192019,-2489.5645642162644,2.0544572052676977,0.7082938877287408,-0.03869579017652689,0.9992510374388481,-0.03869579017652689,0.9992510374388481,-0.020999227980070097,0.0049115257086817365,4.549846970848339,0.0,4.157075185360721,0.41518969608373435,1.7785842360652562,0.221243248116272,0.020736042642095994,0.01259098787280307,0.9023985896916954,0.4618524325264094,1.0,-0.27260998505489276,0.9507460858234886,0.6245441238088364,204.0529686827943,0.47529302380325056,0.0,0.7011050056208952,0.049549481080643304
13.005121475957186,0.0036054028102429636,-0.19825203096943333,0.10741677247021386,0.7017883736404111,0.008000781218827017,0.0036694389245491015,0.07213935247700168,0.025303742865979823,0.0,200.85041185955498,231.52230452256896,42.665515583985595,95.78442802940476,94.31329622681353,17.922674408567516,63.88759628854157,-4195.06777988151,0.6013928218539544,0.1357782410084838,-0.9011686968561569,0.4334685453485363,-0.9011686968561569,0.4334685453485363,0.09772709289049859,0.20933564289553416,0.046888701516967154,0.001825395625596335,-39.819002072203936,0.6333960096519788,1.0165305113398129,0.12446804477967949,0.6452166139599846,0.026917984018178066,1.2382533671289293,0.31306128268763156,0.0,-0.34743913699865936,0.9712121415767015,0.3696587741126714,218.70273182729164,0.16543164398352134,0.09601942947012124,0.9753417931934045,0.07658327423177763
20.763184588030967,-0.37114728864047813,-0.10194242984175317,0.21479162984747804,0.1673947067713879,0.03088974842266196,0.01699050401701129,0.38068369972117455,0.08517057193035715,0.0,188.52414283878153,236.2419802452799,30.315316546404897,20.681645378235956,99.73129326815783,0.03948790573791292,240.52665420790933,-4518.809301208327,1.3462489373949116,0.05658138386491085,-0.05802556932878035,-0.9983150972033183,-0.05802556932878035,-0.9983150972033183,-0.010021941272624669,0.021179367473882087,-7.706199663389456,0.03242304842981678,-19.21860920481914,0.3537898179554466,0.467939405813131,0.20140386794084272,0.5126291543717806,0.27571693887651105,1.2297852121161001,0.5025516072384286,0.0,1.1966174416248472,0.9771280771176349,0.2983464274443534,167.16721251094648,0.7036180638610281,0.26048503586291755,0.9210611659115447,0.003925065393870936
16.133191242938867,0.12001147290627345,-0.06752820560071288,0.1601738272829096,-1.2358483720000677,0.012608442141556127,0.00447369054935266,0.1448665863274964,0.044156709666067724,0.0,204.86620691701998,241.68174927836395,42.43380517112196,28.288690070601806,157.15689594522138,1.2302053223348874,14.43241147720418,-6181.477432120606,1.9563135719116815,0.841993989979342,0.753697664392914,-0.6572212950663319,0.753697664392914,-0.6572212950663319,-0.031005068856976112,-0.07149183891808417,1.9361680437436861,0.006396831792777595,-13.83424734133071,0.54363542212212,1.2838139172412038,0.20533932221763776,0.08508812756789778,0.17206311856720222,1.1499903752233753,0.4747402251548335,0.0,-0.4088556964600389,0.9805173429548861,0.19432855302135735,260.66585908392,0.1133080466349713,0.1151355730498809,1.0043743443376119,0.3037079330935742
14.881331098555156,0.18126560938147004,0.044203693836823876,0.13099549585170706,-0.40639561539387836,0.009647883383827419,0.008746795351072612,0.052482967494379,0.071594373889313,0.0,215.52109630959683,284.36362007824715,36.28965358513219,12.945472107947117,303.9076596511967,190.7033373458923,386.97650330149986,-1674.7951854365608,0.9454969487459887,0.7008510022945001,-0.9785481345802031,0.20601832032517084,-0.9785481345802031,0.20601832032517084,0.04152555837902776,-0.006551339353706726,2.6974735499870213,0.003757485197613231,9.52682855664605,0.14533879509308298,1.4739674917099046,0.138191000989862,0.014907452869345071,0.11365300931354774,0.9080282919749207,0.5341395469737931,0.0,-0.674405965801596,0.9351165857931872,0.07071103058072478,272.52309790732596,0.3855320812487105,0.07989708265597482,1.0076867587371743,0.11151375842633775
13.678770806566677,0.20185203974150867,-0.10527524298487462,0.027345329969127894,2.06884419074575,0.004884750230914653,0.005208492528736266,0.08349434098671357,0.032791887473445545,0.0,230.340065346039,271.9182537499546,30.29450280647751,53.20329134454778,83.20936471978729,289.94368189914246,61.401064284998654,-2334.2801130293838,1.2313507365807732,0.1749809091959229,-0.4363729641045924,0.8997658785476209,-0.4363729641045924,0.8997658785476209,0.042321789974680946,-0.1601251117615859,2.7610877884620852,0.0027379370343058036,-24.249106348456156,0.8689829458197301,1.5799596182043782,0.0,0.29124497349772416,0.23408153747706972,1.171244531141329,0.25648877222044403,1.0,-0.6598862232716699,1.0,0.3650209077767868,267.6753800121667,0.06826144835268778,0.07171107468898705,1.151700326730195,0.31658407155533047
20.72283176212316,-0.222188324563055,0.015281759395857637,0.08692916875413247,-1.2536221197840416,0.02508823978544956,0.004437662436142739,0.3545797279042762,0.0522134370970389,0.0,189.7119309362241,234.55448337350816,35.227687872110565,13.228915455715914,31.728758247385933,205.58104282409153,26.51771947793345,-2494.9481992846613,3.6978877015476224,0.6799918967818687,0.9798567700958665,-0.1997015525660636,0.9798567700958665,-0.1997015525660636,0.0706244688453925,-0.19887841415917046,-4.604371269428206,0.018513826318815096,2.8991320830909375,0.06001775212404055,0.5406342520650528,0.0,0.013909813721283923,0.05224427115787435,0.9306906539177384,0.384044264295161,0.0,0.7025502942325426,0.965562612186686,0.7572128298883071,225.32887145696492,0.08342535454977851,0.2515680890968943,0.9158937379888036,0.0046560498754237975
17.851880681881926,-0.4299499248868269,-0.13361498212124137,0.6281412769760575,2.4476591775769396,0.01746014371696519,0.017460785354546406,0.163840276114233,0.061711573629519824,0.0,193.57777930348652,259.3232097839072,48.84325582543465,50.35692914036807,369.30951605677313,31.46149155737893,147.15110290270954,-5893.402239516081,2.323235214871233,0.3294679796767461,0.7306444969184916,-0.6827580970759147,0.7306444969184916,-0.6827580970759147,0.09639318795246665,0.2406836058668408,-7.67541475826373,0.010110841262904346,-25.86489152070496,1.0701467691526316,0.36930712229137674,0.7194442131547577,0.8330897951150652,0.01970244841401764,0.8436927427380055,0.4803878526665391,0.0,-0.11058949060915069,0.994291297376527,0.08392081123006893,209.82173287066828,0.03472054432844808,0.07906143763394873,0.9623635066346531,0.04295228998691726
17.65012666590324,0.0973437159993244,0.0006185418978453521,0.3818468290732964,3.087741477965886,0.02716524685306568,0.024173276527146594,0.04775874523725998,0.014239515120985806,0.0,200.1286993491929,270.00032168585096,30.073149334874596,47.57537444757317,14.710149600937893,7.3600663782811555,230.48423541741485,-5600.693334103921,4.491035279829174,0.056754083586309734,0.01075130776352193,-0.9999422030204416,0.01075130776352193,-0.9999422030204416,0.01731360101192826,0.327541921798812,1.7181289175177874,0.0006800613749652723,0.12378798550877167,0.289142171433883,1.2560964833682966,0.37070434784943185,0.33319405918555317,0.0013929052814285045,1.2973079098927154,0.4005653475804513,0.0,-0.08718281145991363,1.0,0.9372029019601822,225.1140668262105,0.2536524826870371,0.1496212827110384,1.0006434967459645,0.1246443867503824
15.151268798725035,0.08392605941319112,0.037002598444821344,0.0487352263897378,-1.214116888301349,0.03249027429940892,0.0040737096222211175,0.439676022208655,0.04053427197617745,0.0,210.6860065696887,282.7753596378954,31.942135759109505,116.56969321201869,1.2781593501952675,26.101777329722545,20.904993712644853,-2536.623182278012,0.2567649098617846,0.22876272759744842,0.6350683134867438,0.7724559775191742,0.6350683134867438,0.7724559775191742,-0.01441271227716219,-0.3583022760623594,1.2715862853870261,0.01782194746560946,7.795929699041182,0.25102508800812623,1.2097421946388782,0.018088761621308992,0.11225845962845175,0.042050077505137486,1.0370760930865688,0.5860889456185703,1.0,0.44998189193402494,1.0,1.0,228.71680534984634,0.1189502272984772,0.20514785130245367,1.0534300328484434,0.8771744609527042
16.086903676878983,-0.6550527959218495,0.14615103173579602,0.20652913713587764,-2.3704067121308277,0.011093693660458908,0.0029403621545705015,0.15096340211062004,0.021709899197815692,0.0,216.11844603830994,241.47174960343392,37.421667702203536,32.800140894885374,82.80831482446143,67.52900942616921,15.218992206396443,-2051.2252366368584,3.7368566262239233,0.7558048525573527,0.9181214482844364,-0.39629913726891813,0.9181214482844364,-0.39629913726891813,-0.09511185335195897,0.11642589890641375,-10.537771231265058,0.0032774002423808777,31.585933865635955,0.16423275971645412,0.20321168444074833,0.17976830446925574,0.865442438605071,0.05474247266561954,1.0079103211663272,0.2200665729120642,0.0,1.4621159072423298,0.9689347073267975,0.34665339750142815,233.153290682269,0.49815078957912956,0.02275096614352705,1.0470233163002605,0.09755848638125779
13.636528412469376,0.7160376734695938,0.024557542360516618,0.6918566045641502,2.8725111515473074,0.015359458048433604,0.0030225602526127025,0.1502869439834265,0.013274350490430912,0.0,218.9798879432485,276.22359948356916,46.68782841211619,16.297692884487827,57.20311976595046,177.31550960663392,326.9657744959912,-4247.416478293526,0.39584161456879974,0.3907272482893107,0.8670985522812081,0.4981366284784055,0.8670985522812081,0.4981366284784055,-0.046892570917402725,0.17178669429813684,9.764268078666586,0.001994961568571761,5.3776078742675075,1.010963092462802,5.283061583495145,0.7650800815020958,0.2617732133946515,0.07259880884618541,0.7761727292931491,0.5461476243688649,0.0,-0.36301284795591754,1.0,0.5967589106810867,208.39087699368696,0.07385604617675001,0.048365898302356936,1.0948994397162426,0.14955982713332874
12.276353162891251,-0.7474705094709961,-0.08167349242507829,0.2709864870202532,-2.0667585557428447,0.00272602841099737,0.006918757226689408,0.0,0.020669176381171227,0.0,227.01000614571169,281.0617603157871,45.92351991225729,16.939372032871795,89.34897186655108,354.426798136192,36.83821319763209,-8000.0,0.04631669513710261,0.5448620195374464,-0.9903973200352558,0.1382503109109819,-0.9903973200352558,0.1382503109109819,0.010428088416644835,-0.24233702638979873,-9.176211953112198,0.0,-18.54070001735876,1.238531132476483,0.22589975536075688,0.24648091468781158,0.9441628622521505,0.10654245517632377,0.6642755098822226,0.5023715718783717,0.0,0.25799912054805907,1.0,0.45758374365090215,300.93228398944285,0.04738800237372452,0.003606090558584886,1.1350500307285585,0.0063372928431588245
19.706871233830853,0.16647343297190653,0.14930050869581588,0.6073232323738766,1.7056574157387958,0.022107343496508308,0.013460923932319973,0.1912425746483782,0.030396032244133838,0.0,205.65396010665506,254.88556792345435,44.413510684820196,182.4169005139155,71.58726925390381,336.6470714745927,126.08376381389694,-5369.483408723133,2.5722564183481236,0.13654217927013257,0.02795029824021032,-0.999609314096404,0.02795029824021032,-0.999609314096404,-0.059047092328457784,-0.09435102888838091,3.2806705074311333,0.005813015465463277,30.704240859232627,0.36863129075138373,1.4622893427621029,0.6395415127910066,0.19545329019743915,0.07128669500044482,1.1947672380964236,0.35988511371435644,0.0,-0.037623198634860994,0.9647077624266427,0.4539386751242035,179.80353828782978,0.07986778444594962,0.15115904122900478,0.9919798584433462,0.03083880325325854
20.685931030255404,-0.4626928031305767,-0.018317803620779848,0.612169973954835,-2.895835419234729,0.005576244221000666,0.013845014607539022,0.0,0.16939766603225306,1.0,177.28649701291297,228.28501867939832,49.824531774548745,17.369066550352183,4.09661549919979,119.27116600072333,149.32047451932593,-1962.6602675594577,0.5910982938166001,0.0926604535362241,-0.6132298262997502,-0.7899045386224707,-0.6132298262997502,-0.7899045386224707,-0.0792560877345727,-0.115409251677775,-9.571231413754651,0.0,-3.247499236898513,0.1990586445834452,0.3492449887924674,0.5954384681531061,0.1896606296525685,0.04558212888233061,1.2640987819533398,0.4077437963742237,0.0,-0.26752561015820325,0.9742976091885022,0.9562274685026937,178.87049336424658,0.22906266030180908,0.0860915405169837,0.8636490509054282,0.0033628590681585063
17.22212319591639,-0.04815644252138504,0.07735667681014466,0.037671344035646474,-1.661493487997808,0.005204038422211271,0.00341729408021395,0.0,0.10022888903108483,1.0,168.92385483610477,238.21046392048027,30.29262104641724,52.07880338341669,41.74819283154391,27.421371408332035,0.15341913744219637,-2436.3835959815824,0.31784977142972337,0.23925223884144242,0.49346814167723735,0.8697638720650646,0.49346814167723735,0.8697638720650646,0.00329139474757695,0.38018935208306326,-0.8293561857803596,0.0,13.067388044080348,1.1613537447277182,0.9638595141229319,0.0,0.09049416589095152,0.054615312331866894,0.9944506917485912,0.5012865100731712,1.0,-0.07344966524169133,1.0,0.6828833681727029,198.7108174635342,0.30811709647906466,0.04420113356553196,0.8446192741805238,0.12216137857062014
18.177641896562502,0.06916352539176526,-0.06128957711701447,0.354706899120802,-1.5069886257415843,0.015239773928007978,0.0003329195605864644,0.13875279621005795,0.04336333829635122,0.0,222.26770153073406,287.8465399364033,32.166702197468986,69.10011946611606,173.76452150769194,69.95551382384836,143.2973452056186,-2773.469360783858,0.7852691643040459,0.4725376487842149,-0.45370308603134424,-0.8911529104063088,-0.45370308603134424,-0.8911529104063088,0.03883796095378066,0.33049004327652715,1.2572297968753168,0.006016784441621423,-13.62269343358948,0.02483295907579114,1.14340909927229,0.399771144110435,0.010627520691011187,0.09713447221106018,0.7181772529652822,0.4695149133790567,0.0,-0.2713277376767404,1.0,0.2652972230648493,218.48451642163576,0.0939671642977561,0.050587583126400625,1.1113385076536704,0.029939064390158587
13.265525407504414,-0.016547688504800512,0.009077825989241388,0.17447276081436955,-1.2740098674134757,0.03067903952682293,0.0030810052233714363,0.25319370671846575,0.17090563502852668,1.0,225.02427065664415,288.4779690564842,77.41946904867466,109.05240002012715,26.81344657569499,194.47718974993148,15.081161284844935,-2641.480808737754,0.5227806313688862,0.8469911716937316,-0.9823516608469237,-0.18704334906991657,-0.9823516608469237,-0.18704334906991657,-0.012323902294459312,-0.1842353625938786,-0.21951378229589993,0.04327223123194593,2.0427311723769725,0.06104587141777887,0.9143343957576301,0.22962298828925506,0.26749102085793475,0.09924108346594139,1.1198623460665067,0.42251304523527405,0.0,0.5662012496263448,0.9248717374267915,0.7520124497536409,260.5711295132131,0.13797573271016025,0.22123304472384664,1.0405929408270354,0.08981720259644425
17.14505550439117,-0.03385744106632005,-0.08012679345779451,0.08537417439420865,2.634563226421844,0.009496713942279656,0.012839396461392424,0.04795725915829996,0.007750227203661366,0.0,153.00289075239263,206.1066037296295,36.369606936977505,31.424545704913232,181.20856688844776,20.15075472189571,70.9821274883296,-1839.8630182819097,4.2602702295892225,0.7633916163792912,-0.9296339319682695,-0.3684843993077793,-0.9296339319682695,-0.3684843993077793,0.04483938013634749,-0.2918496222088077,-0.5804877063187102,0.00037167965454169453,-12.259631025762463,0.37529034367424174,0.936346622071671,0.05140823867205561,0.1505562366672544,0.1066133426046781,1.0280198227675323,0.35728954578528677,0.0,-0.03802232343851716,0.9497203685867848,0.20787595878562298,163.10841737371783,0.010447198642757607,0.06960911067282022,0.7265498090010295,0.13578738761499362
17.006051179557062,-0.2965229728507121,0.032225995534920886,0.09537707193547361,-2.0400892644761495,0.023656275406266053,0.009950223404228275,0.3105253907222709,0.0011230323753602734,0.0,162.8950331722868,246.95389484853268,57.233560884249854,202.40362091324334,69.19889528329253,192.56402289354523,53.82325105384885,-1747.9538342834576,0.20880450582067345,0.1600644113235412,-0.957232443323312,0.28931997761869527,-0.957232443323312,0.28931997761869527,0.03082914819620356,0.1545953923531878,-5.042684852213619,0.0003487300671525089,5.249454611670903,0.40737239882459675,0.5259112047786837,0.09348921861148549,0.08581987996709091,0.08736897405054979,1.2009108814284544,0.4251761795003907,0.0,-0.01975882978062152,1.0,0.5163943305521325,206.73966849568555,0.06736328650878032,0.10769098269818876,0.814475165861434,0.0716428392564953
17.712383988206277,0.020098613722521336,0.08038280951636177,0.34077055551706564,-2.0505868656743607,0.00840696588452403,0.016921551654625607,0.10962687285717515,0.011262950567342549,0.0,181.2735726573921,225.26422999757244,31.20780673533305,14.646646980895362,34.77980254517624,227.85511543708776,114.15889418512835,-5977.575558147114,0.1569727151916447,0.07147160795158591,0.6612634749656386,0.7501537286959042,0.6612634749656386,0.7501537286959042,0.057461665654932964,0.10878950402613591,0.35599436388392985,0.0012347220498427104,14.571279061269514,0.9227915072491205,1.0717916212514622,0.34562099486637365,0.4636470893613293,0.09564952624751763,1.2636977501375186,0.4427491094572952,1.0,-1.6579163519103985,0.9412812724459064,0.716212881136781,225.52342834999098,0.03824832022894934,0.12219162644211004,0.8531470956588275,0.3515777433415013
20.931643531970064,0.7710846117707708,-0.04947992755245532,1.9970656425076247,1.2043291460916263,0.025387794244207455,0.033706345911996415,0.2043264601304299,0.058423939778363604,0.0,188.30283533548058,214.06341408161424,40.2693033201562,28.02860676353946,47.05719930887537,227.758467914937,90.7040594903022,-4997.480912176711,0.7710430272903348,0.22550774543573582,-0.3108569682435036,-0.9504567035349151,-0.3108569682435036,-0.9504567035349151,0.10867192291977959,0.24879870023852646,16.1400682265733,0.011937556801786448,-9.317210650321503,0.20017919942521514,5.944549644981472,2.0193218812898763,0.4880469440627267,0.15996392833265985,1.0166395038053235,0.42203320203386374,0.0,-1.3488391125569725,1.0,0.6911683474105187,186.3585251455019,0.5165237614181761,0.2730529767653043,0.9415141766774029,0.0030019391427809237
14.67176343633616,-0.4033930970248832,-0.05510079193866743,0.1377200816637627,2.841992200887103,0.0154673916838792,0.0019814090032788364,0.092435794753813,0.0929073792917947,0.0,243.9256884194335,289.9470281966295,42.46856067147803,68.27721042887525,25.187584580576896,73.92838722732428,407.41624419961795,-8000.0,0.4718483189260635,0.8523284847047107,0.0966127018812031,-0.9953220513156602,0.0966127018812031,-0.9953220513156602,0.13070133203345477,-0.21181491436931263,-5.918488091400087,0.00858796744333099,-13.440498606095424,0.9872037182518135,0.3583800526142516,0.23628461028078943,0.3905149098425946,0.033629003284431476,1.1371132965004118,0.49947578076299776,0.0,1.6408988183828965,1.0,0.7357701279052034,317.88709727670266,0.05079601362105797,0.0,1.2196284420971675,0.15110636129294144
13.436203346270526,-1.0504688923931376,0.03568182184639621,0.43800053459473925,-0.6956468923778201,0.0009034134381643254,0.004681810388078886,0.0,0.05463941122168869,0.0,269.94276897319816,320.8088351460332,50.102686455446936,129.0658517792178,84.27167506616614,192.32571862319728,74.82403524998188,-4277.970810033399,0.6790944242396566,0.5158474934721706,-0.6115298757991053,0.7912213413483807,-0.6115298757991053,0.7912213413483807,0.03658355582521881,0.14470820409645802,-14.114313647125767,0.0,9.632049791224548,0.4225982238444287,0.018606436394753095,0.4218070198330063,0.8536394879778882,0.25101204194610865,0.7132017129948608,0.20142460107912705,0.0,1.004575113919434,1.0,0.4420595853222227,317.87880766109834,0.7735326670870069,0.0837758476968871,1.3497138448659909,0.008299352577853946
19.674268374658997,-0.3893424542625504,-0.08250159699797889,0.24801766962816113,1.7161179593025233,0.00951671904358313,0.010633626342812617,0.07042276742573057,0.00014025633623574046,0.0,131.12755431669328,200.6753157824611,69.51046202167751,10.361289660893016,35.411130993242836,81.43525131011619,200.77254630615676,-4265.38152326333,0.25549992577061775,0.8069025813092126,-0.9358348973349941,-0.35243871088460327,-0.9358348973349941,-0.35243871088460327,-0.022992509495438476,-0.14635184426100328,-7.660027934809812,9.877239346714618e-06,-10.818232641566416,0.26109711540378433,0.3787691732214724,0.23151545511290034,0.2398421713498418,0.285817478273338,1.1328287900979,0.2505670733100124,0.0,-0.2642158624963339,0.9538505825310847,0.7031561099635592,157.2538368740911,0.23146499292913664,0.08342568215111919,0.6253804703542716,0.007329310816900772
15.57166658523024,-0.34408475489148377,-0.15179436873354848,0.1394798306904376,-2.946588389803462,0.05277667539096263,0.01414680668125921,0.5861717723472109,0.1497632617431756,1.0,196.25657945506538,238.59190850232335,40.42762536199657,89.97590047475263,152.8079287404422,500.0,40.72768981327638,-5255.06205802982,2.863992827717736,0.36958220093619143,-0.27591294500296043,0.9611826292540837,-0.27591294500296043,0.9611826292540837,0.003091794326078386,0.12463269940133898,-5.357973080230855,0.08778699656849649,-29.79064358818715,0.25165802137996185,0.48190126627551233,0.1307140754522145,0.15902997488431028,0.17944913804239856,0.7935278294207966,0.33881910116436426,1.0,-0.8495819632824051,1.0,0.1416059718901,185.48093117760402,0.07031879101384705,0.3062001277336356,0.9812828972753269,0.24716433540729094
17.815921262446274,-0.3987028388697145,0.035319641840123574,0.05245431369618769,2.036152396598551,0.03470039592236864,0.009137087389876274,0.24274794626103655,0.017503584497846374,0.0,178.57686446778592,235.94531557822202,33.35368836729832,19.08195998259458,12.254179790352689,211.07060147456457,74.73440450053609,-8000.0,1.161921168276225,0.5904430946246406,0.17117705961019986,0.985240282501282,0.17117705961019986,0.985240282501282,0.07866272925636343,-0.007423866734580731,-7.1032583844166375,0.004248959189058724,6.307270893934488,0.06249068761575947,0.3532031900841651,0.005343578535898806,0.1667289259697863,0.2772671844141975,0.7332394076269009,0.30092262393039804,1.0,-1.0890537293983213,1.0,0.9462980936372237,256.3579877368877,0.12974276559002354,0.11905293474891646,0.8928843223389297,0.02844257028055299
17.972003016798922,-0.38201353374484887,-0.010769717661993423,1.2920120121815273,1.4036441268018338,0.015409126619623239,0.01675787409617476,0.2999351879467924,0.10360680918696673,1.0,200.77792709156216,228.61926297587607,42.59356717065599,32.17302506920529,93.71191561563124,61.79350902651892,22.183260985374673,-1821.1734566757066,0.2244035074411656,0.594732842911864,0.31494162072895193,-0.9491110448902284,0.31494162072895193,-0.9491110448902284,-0.04466124776462847,0.3801236005937751,-6.8655483809204405,0.031075327786060324,-2.162321587536425,0.3922732853544942,0.31824935946503724,1.2059039286488598,0.12788862992751832,0.089988529337369,0.693665898270436,0.36687387684278916,0.0,1.4896216039955812,1.0,0.43320565449719955,200.28041979106115,0.018071283265748427,0.271843214423722,1.0038896354578108,0.04130863761241521
16.478679374514638,0.46355203142359735,-0.012885939144057857,0.17140428908595923,2.4920096363356956,0.005591097734759282,0.0016341361922253032,0.11438817646035665,0.016709560394395345,0.0,216.13205800671093,282.3533265506714,31.08022264612703,45.228558622363764,48.57314639775841,269.38202592222984,5.280603918763481,-1770.1093145866016,2.048934966962332,0.6267280951145556,-0.9578523554276669,-0.28726097055059635,-0.9578523554276669,-0.28726097055059635,0.07238305483213149,0.08947873910001147,7.638725299234395,0.0019113761429690812,-2.7850645465544597,1.2961534005592128,2.9149297750984178,0.17809244427459409,0.21336056588562957,0.15077610375031678,0.7939046230483447,0.39528769127850205,0.0,-1.591359579093687,1.0,0.616940971343184,261.0109693319162,0.2527061205434514,0.10956082811420527,1.0806602900335547,0.15829572315343798
17.438959057801537,-0.6971498132423324,0.05210704145812396,0.019526975531020976,0.8636507347367592,0.031017746707620284,0.0009713118070514378,0.03638466798880641,0.14066297739570394,1.0,180.58312833991573,231.6079195567544,62.212524917553715,148.76398936016852,45.42870790342378,230.00368279110916,38.232916537653445,-1073.1346001534143,0.8667122034584895,0.47015127463633655,0.5376773767406141,0.8431506618282,0.5376773767406141,0.8431506618282,-0.008496202995892535,-0.06279886268049657,-12.157567050287023,0.005117975730859668,9.409652555045708,0.011537264391230576,0.17248578888056348,0.045890817801809175,0.08619507787997818,0.0674156171829656,0.6845825247690139,0.3902246684406564,1.0,-0.46235172373836364,0.960029349807388,0.6218314907579005,193.10159059174103,0.09382810113341435,0.0,0.866825516431767,0.020437768172593664
18.959719990034063,-0.06411148589387361,0.06607503524304116,0.1437967171823111,2.772999918108983,0.022497744820780843,0.0024196097651543094,0.23351237165066274,0.008151150376808249,0.0,182.86971784566856,228.66137677305554,42.188063364090766,145.05718682902074,123.49288679453211,96.15719179718944,78.57208893810858,-5467.845958434795,2.271619704487104,0.23923960124267496,-0.8149159841660791,-0.5795791048257612,-0.8149159841660791,-0.5795791048257612,0.011356297573958462,0.027586681472198272,-1.2155358206928624,0.0019033944561696874,12.083123051537543,0.199363495302007,0.776402575094936,0.14391934007073098,0.027494259906162576,0.04763005687153325,1.001314417678942,0.578488354565132,0.0,-0.2789704877337063,0.9638164930260101,0.2908665462549858,216.15584777328448,0.10700440115223643,0.061089653764526824,0.8812642506733412,0.015634285057134004
13.86199745752546,0.16239119543821665,-0.01610018915871988,0.8785284310202126,-0.6920463063573243,0.02541960933779552,0.01760385159509838,0.3582697577155348,0.022866750004358876,0.0,216.21257978935776,298.18736615070713,32.10047480101416,48.03423819018494,12.24264543870694,176.83617112139783,228.86943204882303,-4640.860365255501,0.45046298428921727,0.4284848490939748,0.9941098647022418,0.10837701279187609,0.9941098647022418,0.10837701279187609,-0.04038437808801352,-0.020103691378283033,2.251066338289079,0.00819246498380336,-3.4810634331034747,0.4882284226337653,1.457142778772204,0.8753931095110256,0.7353709780711192,0.37833404329100395,0.7782726668829213,0.48494517181423863,0.0,1.575172043177648,1.0,0.9201395523493002,260.924657699776,0.0999332901510473,0.27369816388968193,1.0810628989467888,0.12265876025779533
13.149025784584364,0.04298458113462496,-0.11226694052899522,0.22550751691185164,1.461038156926656,0.0031021692344008495,0.002757346213255333,0.06989228316008858,0.009926902096923545,0.0,223.3380546480276,289.3866608421792,35.7529977961321,52.616063999716346,94.33789856995364,51.7033429042396,54.746526642502104,-7067.469848339665,1.3364879046549398,0.9747584564445797,0.4632579225674917,0.88622350294858,0.4632579225674917,0.88622350294858,-0.06618626012957345,-0.23088726746706803,0.5652053656787421,0.0006938138522606575,-25.0734800990316,0.4031372748296595,1.0847257866603064,0.1805710176256352,0.07202810206181219,0.03787287853349183,1.2421866758470443,0.3120191291770621,1.0,-0.5160523939733618,0.9643968883142554,0.39195489352811413,269.0719835116476,0.6056519974396589,0.06445336081165376,1.0769326247235846,0.27402068650074524
15.888750980584222,0.018406753691141975,-0.0638586803171146,0.0003434715522346298,1.4172617188565786,0.017594835966071868,0.004741365482652129,0.13471426368890246,0.0048188270976119735,0.0,210.06899093179663,244.4713627536538,51.39045829776015,280.86245074085116,136.20144461485492,292.09163311989005,7.427790926377193,-1993.8812235992427,0.048059147279949865,0.27211225136048844,-0.8437282590292712,-0.5367705514607103,-0.8437282590292712,-0.5367705514607103,-0.013941800378064,0.38497843086479544,0.2924603257595043,0.000649164744298928,-13.414728536452447,0.7961693398806144,1.1270932416204391,0.012963593647751272,0.010612084644720566,0.09407236943029205,0.9084206226487237,0.36143904551059347,0.0,0.7147557558732345,0.8706898445572087,0.22276925089760358,211.41515746812289,0.24331963033291848,0.11932742572558634,0.9145246853034784,0.1729011322906386
18.70010115930083,0.4301671848606201,0.05849639304653893,0.013194947620629857,-1.453879689941268,0.045394080998960834,0.05300776482619203,0.44783163202511334,0.0105465911025759,0.0,200.5806973737509,248.9398207539105,49.16641891689247,65.29400712382584,72.21482479562764,162.68473385547216,7.305421104117368,-3746.4347344502717,8.68140875060202,0.7248283328516643,0.44216815196707204,-0.8969321743510065,0.44216815196707204,-0.8969321743510065,0.06515058471677737,0.31974394452078536,8.044169872305256,0.004723097105768105,11.733247311123812,0.47571283557781535,2.6970133132432177,0.021687907016541913,0.06733866659225363,0.008633248475025848,0.959689858632996,0.5366530872794745,0.0,0.17140261168279658,0.9846833712863202,0.45985373511048827,213.19364120732524,0.15099517559240414,0.46079827229589604,0.987542386524731,0.07007317747501068
15.439781828430057,0.01392515829716729,0.013640266344498182,0.1275270530927953,2.6425791805429375,0.01256724959266504,0.015999804305670128,0.14350449074375216,0.026944831591794206,0.0,208.00938348795836,299.05417658802315,32.89683930244497,61.2231490784019,18.496280158577104,35.52557228091184,26.03410148554025,-5756.475418459519,1.7392291762745935,0.944729153338002,0.5467112728685939,-0.8373211953118121,0.5467112728685939,-0.8373211953118121,-0.03509802801425297,-0.03526069280807999,0.21500140603461557,0.0038667043357565926,2.837303392930614,0.38704922106961215,1.0618876766982182,0.15127164503047424,0.2172497306577471,0.09901999511572572,1.2705315549232608,0.25539340604790595,0.0,0.1880665871413182,1.0,0.8305289815757435,270.85916653251616,0.07157716232564681,0.14564632402770186,1.0400469174397917,0.35411538467745474
17.6657836251579,0.11270968373804231,-0.05497593657574801,0.381294847023155,1.7541195126023421,0.006208619479901887,0.002576858999731291,0.13904502026135043,0.11670287340602306,1.0,263.88165784286207,343.5639096409805,31.088628783045415,37.21890201569818,80.39884242539402,161.94275541265714,45.42276796668006,-1152.6487415158829,8.114475378060666,0.5662556738127862,0.8887010478292915,-0.45848712914008766,0.8887010478292915,-0.45848712914008766,0.08062605800102761,0.13997614638963132,1.9911048853762334,0.01622695339729829,-14.507141285072422,0.7370922199534268,1.295450935577167,0.3974786469361192,0.1262705448106199,0.03313517616429198,0.7100581565324198,0.34362823972549106,0.0,-1.4618328072302933,1.0,0.40091076104452267,322.9265492485168,0.22189769504429088,0.08341394437295704,1.3194082892143104,0.09031435513348432
14.630126454556596,0.13170169494620299,-0.07843864858351238,0.13818167269565074,2.301856143500573,0.03363611599868732,0.0009260679725871448,0.1948516751745032,0.1324890230322235,1.0,225.05885072757653,288.9032976818395,63.41045762821264,14.21045476323783,115.41394576621109,91.71712210398864,56.334106425980416,-1796.735703996082,1.2802269163298263,0.4893359845007865,-0.9231578729647039,-0.38442104726885545,-0.9231578729647039,-0.38442104726885545,-0.02864366906325872,0.4102858683283917,1.926812451342387,0.02581570808006209,-17.653312102829545,0.414284900484617,1.3243823867688995,0.15787248919253674,0.17292326740629727,0.10411645900217825,0.7088527156680219,0.3050048713301542,0.0,0.820869264140317,1.0,0.3319949605466406,249.2643869851901,0.07669239987690903,0.150396767594441,1.1252942536378827,0.05075514853780435
20.8440618049489,0.20158543558955225,0.0617822810255927,0.6474593590962433,-0.8633662048573232,0.006896284367134646,0.005158673515739643,0.008461008347691638,0.14358874470934624,1.0,193.470599192616,215.7648771383078,30.1024611097388,17.309127600710184,8.68385724610796,294.0131190944994,0.7189523316302104,-5056.5165495679385,0.0043868432571005245,0.12083779476226597,-0.6788204829862355,-0.734304263829602,-0.6788204829862355,-0.734304263829602,-0.053411357819056295,0.24737926387694623,4.201859278406173,0.001214905567620342,11.95305492950801,0.09274129552359729,1.5663089004232853,0.7133984253542512,0.01808168925623643,0.012471927181009392,1.2252837939002474,0.4917807413028266,0.0,0.6152506143154018,1.0,0.8771742712207484,195.5880830330278,0.4565567544292499,0.09648905257227894,0.96735299596308,0.002663392573220684
19.335345520922598,0.030549653273191424,-0.02216524055620553,0.08862375649098132,2.1441670416641445,0.0077374702434551525,0.023388031617415712,0.2412325152412994,0.0019770393944355067,0.0,174.39075297891372,244.3730070586146,38.88494149188229,52.206523916140135,17.782167854272732,88.98013345236005,70.88745456469051,-2534.024558193882,2.757459395849537,0.7532671895481854,-0.8702939222685674,-0.49253272872205434,-0.8702939222685674,-0.49253272872205434,0.012681852429053654,-0.06147828154944285,0.5906881015815402,0.00047692618585081273,-3.8654129905554386,0.468391739904152,1.126924239808298,0.11723360827715333,0.16522947044356812,0.018142136030485114,0.9769489553080244,0.670800375817963,0.0,1.393375861593529,1.0,0.7893747771158339,251.95653697291706,0.054821853056457,0.31759094054192555,0.8719537648945687,0.02590396293278457
17.260046030066906,-0.8043845172436795,0.07527167787721363,0.4738885552918254,-1.162537184053618,0.02778551353958474,0.0021715062785462873,0.28114985772394097,0.00786307935841575,0.0,180.19147049177704,220.66369305025293,38.099948125274025,31.097618371006142,88.46421259506343,86.56674079912722,273.4133344298516,-5172.7761935300905,2.495264077887171,0.9114910140530768,-0.9708824104813836,0.23955655912092708,-0.9708824104813836,0.23955655912092708,0.03395359938970431,-0.017591443939691663,-13.883713793499057,0.0022107036428906453,13.563314323078487,0.42872864406577466,0.19428675211297247,0.4979190423888113,0.24364562971421866,0.12489585945667643,1.237042228357024,0.20324353792596972,0.0,-0.16184488787970716,1.0,0.572518501293653,248.18909514364935,0.017666707961376357,0.21655648602701372,0.9009573524588852,0.03097563752173068
14.505250018145782,-0.09468417179861469,0.08793357974385611,0.31722788296207227,2.9179178540015913,0.015192317042743842,0.003687768266365643,0.3047133841152464,0.1343532510237423,1.0,217.6884541970237,287.54122320972397,38.13485135381643,53.148276271106795,82.12260852210044,323.51711426004994,122.87078502341153,-5062.358834100763,0.282321265866218,0.9806848153825589,-0.6132298262997502,-0.7899045386224707,-0.6132298262997502,-0.7899045386224707,0.009404395826025438,-0.3435068894481171,-1.373417584699974,0.04093923378632971,19.142125046450754,1.0997702169397103,0.729679228698902,0.23010231296759326,0.28194610448502966,0.005671112798663082,1.299280175117674,0.5174303450160369,0.0,0.36069371423874863,1.0,0.5368845491540581,308.68887715634077,0.2113616258558253,0.2614685921029306,1.0884422709851185,0.15282274808014387
14.019077544161824,-0.41134105387760805,-0.031283975028518464,0.16328871471003095,-2.991128358227088,0.005020228919721496,0.005656960955999035,0.34876159297564,0.09940102814370572,0.0,168.00141908414255,207.16139180081876,36.2871994473937,92.1548025054414,92.99981696525319,26.520916362493793,47.739182473248704,-2850.2678488282354,0.919438275814229,0.2016575010877535,0.4632579225674917,0.88622350294858,0.4632579225674917,0.88622350294858,0.007547669779598947,0.1549543686423103,-5.766622131407434,0.03466726091881523,-5.255752199383981,0.11592636823692129,0.32541535952019546,0.21596355853810584,0.35453062102914423,0.010724606338089266,1.0947409944362276,0.3319112051292433,1.0,0.11776601419731864,0.9906570246942105,0.40175168459364263,133.32414969402396,0.1400126622927616,0.25332365492359493,0.832158929871509,0.2828974457270119
18.417488987704875,-0.07841505616375144,0.09496474848360986,0.27109861693472187,0.7488774463233665,0.008680716366856077,0.010141595774919134,0.037603682987754766,0.07150538391725599,0.0,168.6611091709713,225.9935523644168,48.74315070591713,9.125410783972233,3.170769752399851,219.73865606669892,45.54992688844141,-3234.9368997340603,1.3181582991695497,0.920055413014621,0.8402480696078469,0.5422021592729844,0.8402480696078469,0.5422021592729844,0.08014801054706698,0.24856904681452063,-1.4442084333661513,0.002688865788742192,16.016859811387953,0.9326266481195161,0.7751510174994699,0.2562058621635887,0.16764982463266456,0.03663156686950495,1.277439918409868,0.3062204579372556,1.0,-0.26632393415318334,1.0,1.0,226.15821992081078,0.03847211924667624,0.04004217627913553,0.8433055458548564,0.15941788189981418
11.987099210996442,0.2102699336339667,0.013840975446193322,0.5513839711770928,-2.4363710050115404,0.02702420198361224,0.010085578499016612,0.1505139057000553,0.16419168979708487,1.0,204.13571027658682,244.53147088032196,66.24786464929093,9.271097316993425,17.444009607195706,388.4188745660026,36.03411156393486,-2717.3198428921605,2.9962202824225708,0.370267954375328,-0.05587875690537313,0.9984375616565666,-0.05587875690537313,0.9984375616565666,0.004745727374606343,0.24994123323800857,2.5205265555599965,0.024713132514851164,2.825437353629472,1.0105264819479267,1.675823426124185,0.5553445242027975,0.28383654138208597,0.24361917783012377,0.7767730529571982,0.637953373539015,1.0,-1.4689788081430812,0.9635038586124628,0.8909745695348659,231.83863258032463,0.7543084337392233,0.20236027456744382,0.983427722660436,0.06919489625047344
14.408356689589649,-0.09558463756271356,0.02677582375840398,0.1180135078491595,1.3743410608461382,0.03096685658418216,0.02925705018265616,0.2831154947638282,0.10474756711146778,1.0,206.00173969130415,250.55253506306238,47.9168620011048,121.97995274196887,194.7525508889743,95.69215246005636,66.62461097999243,-8000.0,3.0093496858507534,0.6191525133364397,0.9724075561219968,-0.23328854407545518,0.9724075561219968,-0.23328854407545518,-0.023520339270445334,0.14020805363907504,-1.377217552048726,0.0296556592880705,5.515866275898974,0.12771940211212704,0.715876462924384,0.05436843130721386,0.7184116966598811,0.00541066822907135,0.7906304467625818,0.651646739453966,0.0,0.3334252326955014,1.0,0.1388543728916643,219.22598164607234,0.06264706656988367,0.21902197589191896,1.0300086984565207,0.22457863270816603
20.40029051866221,-0.15140105311011784,-0.2188749095111957,0.3591641443817905,-0.8564716475520098,0.006673663021563093,0.0016293735826031614,0.1766359019805041,0.07308741657658027,0.0,163.71011851839006,223.04306806000938,41.28564837408196,23.477858791668112,27.85393316766609,182.57337513430687,15.161194969115598,-1737.8370469819001,0.7905681719840031,0.2236506362233338,0.42667408318992467,-0.9044054548343001,0.42667408318992467,-0.9044054548343001,-0.05664847716248225,0.07046932263211855,-3.0886254682778107,0.012909861750429104,-35.83203737677975,0.16227347379173712,0.7449899955538637,0.46365782064423133,0.47133037466432065,0.09341951190280355,1.0779512311285293,0.4684760942627671,0.0,-0.2506241788828513,0.880438623372229,0.7710262851219646,153.81632306649135,0.021022032534649047,0.21468806027705703,0.720683556902179,0.011092856942903639
17.537509865777174,0.07319198639064167,-0.09709212983234547,0.13112263973979554,2.328803530871742,0.0029591872223022593,0.03216091385688753,0.15348145940065128,0.07432444479316036,0.0,204.9925596129409,235.20908326287312,56.343980890151016,92.11388151947966,38.69704082510574,16.80994163369844,35.49738336810284,-3111.873207016317,0.08423468482407023,0.2483897712580323,0.6944521021088763,-0.719538934232584,0.6944521021088763,-0.719538934232584,0.0636817844715169,-0.1995624501325595,1.283605183421707,0.01140742425599739,-19.903164212604477,0.07404218119672122,1.2034825210849605,0.0074118541550225875,0.20952717017622288,0.036882681080889275,1.004440936013176,0.4972298618072434,0.0,-0.21833290387501753,1.0,0.6660026688630314,215.89926002192558,0.19500917993719583,0.18878353222411556,1.0249627980647045,0.22516119666787476
14.634720108517676,-0.13954182007721191,-0.09166943638774402,0.37842294268013515,2.341758940469493,0.0037565571156471184,0.0019650087263823014,0.26476331967215583,0.008332797154980538,0.0,233.01180353106955,318.5980740422631,35.90062457512807,40.786093023595534,80.13361162253256,228.14754681489558,273.13377870996345,-5494.410212053795,0.921546643619848,0.6189581582599799,-0.05587875690537313,0.9984375616565666,-0.05587875690537313,0.9984375616565666,-0.021283901154708903,0.0639419084845697,-2.042155480263129,0.0022062190369073428,-21.36006070138489,1.3033514200497185,0.7325412963873151,0.4528285652065738,0.02796286878958929,0.07145409645077914,0.7768849223035144,0.43529578650505507,1.0,-0.004758310346464085,1.0,0.5115125297784453,249.43925991595725,0.2227042468639874,0.1865891084061669,1.1650590176553477,0.28679787620310165
19.323746255437296,0.12914502514342557,-0.031865472240356955,0.09212063243205072,-0.8288157686686546,0.009744457770589913,0.004609888907007805,0.09376402577427173,0.0006475136031640161,0.0,177.79052797064634,212.38220596246572,38.38127552756134,51.27325085003235,100.99153601996616,84.74923613733377,79.3758914509905,-1864.3833719957024,0.8816177260087037,0.4848328803581615,-0.8935790198239952,0.4489059314938798,-0.8935790198239952,0.4489059314938798,-0.01640514941433518,-0.12633239843342353,2.4955656960236254,6.0713482176262364e-05,-5.665379133647038,0.49749752283784954,1.3226601494196306,0.11337866076096734,0.09709540345300348,0.2515862911841226,0.6942949202513699,0.4545471107851162,0.0,0.6527549723745076,1.0,0.4277214596518399,187.6761313760685,0.17111114702392036,0.14214414696405617,0.8889526398532317,0.007160013606333386
17.414800246475487,0.7385198539253965,0.01143510076537779,0.32687274005804473,1.9476729464980913,0.008646518722116293,0.002604212525986866,0.13527083877641172,0.1027957157017849,1.0,182.36968153864416,216.12242814780836,42.69445411707475,65.96168173275015,140.1041090537928,440.65897747532284,6.521244174059819,-2676.1718508362183,0.6182264932839621,0.9643983316889878,0.0966127018812031,-0.9953220513156602,0.0966127018812031,-0.9953220513156602,0.05259397025347534,0.10503588549744172,12.861175734167036,0.013905262685602,2.085415684944254,0.5197328242971798,5.536142220940777,0.2316080504715386,0.9613828332209868,0.21012072707714802,1.2740039150205638,0.5947858507850134,0.0,-0.13518728290967902,0.9408591293853497,0.324436311703474,225.9009254918616,0.22635592285952463,0.10362097912602787,0.8579208989936611,0.16019352503667714
19.059061259167898,0.366615373022083,0.01552503250409739,0.23390328773746505,1.1381165651567846,0.019014174274691695,0.00974572383832914,0.11896477765146223,0.0076858293805627115,0.0,164.3422307007638,223.71923721969316,69.20064725893725,38.42031816498166,99.5827058394039,203.0231390388293,1.0253919526229085,-1145.740325381102,4.457119855017133,0.26446392080502845,-0.9164086366943458,-0.4002439388573056,-0.9164086366943458,-0.4002439388573056,0.10270738973886562,-0.15277323857125075,6.98734485298057,0.0009143429833257187,2.5514184734252296,0.2820434723270474,2.3317037346807665,0.33572315662483526,0.1879817415855514,0.12539933746912377,0.9446342882193081,0.5726041477248138,0.0,-0.4151954231535071,0.9160927189303352,0.38271771656900816,188.85139282703602,0.27660932564339286,0.0056934318095781256,0.7527636047886955,0.019866506525155748
16.539331181442712,0.04019284699498282,0.028574694679125236,0.10556876694306878,-0.46139359494406484,0.01174248931461542,0.00180074389407123,0.0,0.037155957866749,0.0,208.01832079289295,277.3974378422315,31.125043585056755,13.411807714147416,77.93926642873575,157.53714114223075,22.493241283614214,-3490.7380288327477,5.218188943584029,0.8780366618061209,-0.3271603271220951,-0.9449688462364056,-0.3271603271220951,-0.9449688462364056,0.012566595691540545,0.10376320579198339,0.6647628075750754,0.0,5.944060004321245,0.07758963513584129,1.0247547511487378,0.1312570412696233,0.09031623660146938,0.005906372035915552,1.207196487624211,0.6223629904141998,0.0,0.630866789722246,1.0,0.5670747506113446,248.67651467650896,0.023264635143981405,0.0,1.0400916039644648,0.2567472154808179
16.18971028969644,0.7992246056226484,-0.0684944591266171,0.9927109196937862,-0.9849744720506926,0.005815305887992366,0.008331290685107167,0.05418778911508122,0.010338858822045167,0.0,184.4206906739389,229.5651491752052,33.34590592527859,54.68492875664743,38.48642849029908,426.3634878738883,29.30793129828514,-4038.9841398145772,2.292877018014965,0.4604746711915244,-0.7944973291665992,-0.6072676460566135,-0.7944973291665992,-0.6072676460566135,-0.006849913653232627,0.26462468265036226,12.93921482142757,0.0005602399015395806,-12.631795459468604,0.7340464122916017,6.237752181528144,0.8747950962266501,0.03735300898677292,0.08429573245953602,0.7227278006574076,0.5176103616583576,0.0,0.2235593488512939,1.0,0.6767254344075597,200.95225981158862,0.1547859147343378,0.08659102682974336,0.9221034533696946,0.02912267934972907
13.896999161098273,0.04380416257522707,0.06913629637748382,0.3204392321213587,-1.8202077981549751,0.05199231250534135,0.008653867278755074,0.4045476996794427,0.044981630021016794,0.0,221.82735298941023,255.7553147280937,43.84843514796839,204.26279427964516,200.36883568596008,130.2965667841875,8.167781043013779,-3881.214527901557,0.01637674545252909,0.1345540656303703,-0.27591294500296043,0.9611826292540837,-0.27591294500296043,0.9611826292540837,-0.00028262375865520904,0.07543033148057657,0.6087464105605429,0.018197214952834107,15.336321620908587,1.2421954864289553,1.0238869953947305,0.29931639990061715,0.2132353760861,0.009854176796004442,1.1723486567689725,0.46930927949767515,1.0,0.18645584536864612,1.0,0.237183561989318,251.2683906717177,0.29897047643059843,0.2773242293203114,1.1091367649470512,0.3558489810490508
15.992619471259054,0.08350802157862236,0.1809288443551591,0.5736838817373063,-2.7444422313122216,0.005728076442688042,0.0031745097771081966,0.12161648475284743,0.008426442906442904,0.0,236.1519057008312,272.3162220705145,31.366292292702116,50.04541369072535,25.0737443436634,125.61394984720945,11.899794885641334,-1453.2039291020044,0.005026525647922976,0.23912671574423638,-0.886721063082993,-0.46230483047981086,-0.886721063082993,-0.46230483047981086,-0.022776914236831595,0.06569174806512874,1.3355120119045973,0.0010247943652521528,42.7266913907199,0.14612180916567152,1.2720317849083584,0.6004096195973901,0.3004336132895426,0.14139266409850157,1.0182177029657182,0.4536809876470563,0.0,0.8255757221839747,1.0,0.7550616876233976,217.80779592935778,0.12245146614108926,0.06774121073259706,1.180759528504156,0.12077950796466852
18.72860947184946,-0.4531304993665459,-0.03533248874491267,1.4568961670485,0.10907212974554303,0.008869852170877752,0.010045899326289654,0.0,0.17640179094743058,1.0,170.9026604799905,205.45236691500565,49.11668316308208,4.30909046326321,247.2071447843899,152.32685129776957,24.284548932390084,-1628.7204411424732,3.7463273456176847,0.7556996176096513,0.6612634749656386,0.7501537286959042,0.6612634749656386,0.7501537286959042,-0.017792368283416567,0.18260537936584653,-8.486504162420168,0.0,-6.038416327884895,1.289297090768409,0.4234777573536648,1.5425580594408483,0.4091873711257342,0.05375178873400597,1.004998131460969,0.484436625582905,1.0,0.5184739693194017,0.97709277045863,0.019537811696487287,214.19371104304102,0.03295921917534224,0.0539462639824506,0.8349387700357226,0.05270020743415041
18.860628761218763,-0.4028841748387806,-0.06636681674336485,0.6910140510894605,0.25158211424442545,0.006493815302088193,0.0026761859825510386,0.0,0.05105030559732252,0.0,192.7476222200625,247.37031667304268,31.186800377848957,16.07246789053539,36.30332887795083,68.23262396117603,9.077330494315621,-2171.5503698732427,3.607391292730646,0.8266337487643689,-0.023651127245231586,-0.9997202729664083,-0.023651127245231586,-0.9997202729664083,-0.01752446153481827,0.35406693076478346,-7.5986488554041935,0.0,-12.792046121598208,0.22043747001672814,0.44978590300835897,0.6705516436944998,0.18535451403186662,0.10854058311597128,1.1922679940424545,0.6295754496089447,0.0,-0.027000226950891812,1.0,0.7969536800121342,248.33520334174122,0.05121981275590858,0.0,0.9637381111003126,0.0633809614994214
14.033023972391069,0.21076851787540826,-0.0685331823910873,0.7687676677462183,-0.351741142638184,0.004568290937691274,0.003012496020682953,0.07245082974095861,0.04344894074234657,0.0,198.3227025579648,247.27291075671707,38.09082048173368,95.8789237839975,139.4288107254376,39.14131162277125,29.315847038872512,-4380.32154206021,0.29955917786357356,0.03956333936800582,-0.9011686968561569,0.4334685453485363,-0.9011686968561569,0.4334685453485363,0.045536403900216474,-0.02145682084874681,2.9577196639709395,0.0031479118081487512,-13.591685946698357,0.058980108377094456,1.6175258959775325,0.6364221269430368,0.3171426239682047,0.04961228740055204,1.312461889151926,0.5874717227104732,0.0,-0.22884171840896117,1.0,0.281028385847129,209.0131693913134,0.14145933437248914,0.14000551001965852,0.9916135127898239,0.2843396440907668
14.552128467537148,-0.06407644217385575,0.008546782653049175,0.19400660211417528,2.8311855790320344,0.004785605154791906,0.011791159498223253,0.08509226828923139,0.0038719240543583036,0.0,176.95706992108308,233.34455905466282,56.66477095888002,79.81749546755717,194.90359328435534,111.6032120842787,72.87101014700009,-4664.661599788287,0.03776924830551185,0.4100296365602928,0.2551824131233728,0.9668929289391521,0.2551824131233728,0.9668929289391521,-0.004408529628369656,0.10420440174324051,-0.9324486182566641,0.0003294708004289853,1.5124136155359227,0.12380309633609551,0.7915077281870253,0.2669576330231036,0.10975007307631801,0.028970977376856444,0.7678686224775093,0.5202129247298106,1.0,0.26980852999100163,0.9843226267260619,0.16836742466337784,188.69726752906985,0.19897268051861744,0.08260524839853103,0.8709142394123394,0.19439487737939437
17.399677284075214,-0.511537201760753,-0.052576310961300415,0.09699872028507174,-3.055575109948295,0.0005337125215270225,0.0009016269102644766,0.0005932004676634569,0.0880226640772227,0.0,210.7430033712029,266.2160447853142,49.150510793440525,11.710887655094297,19.169916765933014,81.15935689405902,116.9484313204894,-3666.501506199432,3.6775336419016416,0.4941726504642281,0.7758587728069828,-0.6309066211876704,0.7758587728069828,-0.6309066211876704,0.06796562063046707,0.30224651580372025,-8.900582229435974,5.2215085495591876e-05,-11.080089678162745,0.5625711441479968,0.2552370893868747,0.12190882822005039,0.06200017971539116,0.017066255700592496,0.7278024134521309,0.4640568604161466,0.0,0.6230373545227157,1.0,0.807530955040566,220.68877325433922,0.045446059171560506,0.04424267110837012,1.0537150168560145,0.03603390582399915
18.29486341915657,-0.333830160778518,-0.173032841308321,0.2035427724826883,2.201030977557033,0.0017751679380740885,0.001989980622297492,0.2044861961738518,0.016633127839307153,0.0,176.86103268153627,239.2257170064413,51.61659003977084,66.60696648560447,8.348629740404437,1.6034022820185763,29.623070399719076,-4905.864382844375,3.8976833526386203,0.6150333556572798,0.9559793438440766,0.2934339689665273,0.9559793438440766,0.2934339689665273,-0.005813857999722212,0.13385777127987242,-6.107377196638065,0.003401245042333318,-30.60276700161004,1.1554133223016434,0.4141845349361311,0.09191507614919998,0.2630543019459858,0.018287648375261957,0.7586374333196201,0.5266677453790863,0.0,1.6764995721310865,0.9182713865298899,0.8776462372784981,239.88395866359792,0.004924247132377962,0.1823711052365015,0.8120321285179125,0.07216677262739452
16.83767830564134,-0.18282585951041858,-0.1456751872451672,0.0873394724588962,1.8901168960827324,0.006684172009320577,0.008359548620081078,0.2237880836741174,0.021443781493255,0.0,166.82981639600484,210.6806560979636,62.00636198929128,17.110456541916786,146.2748549416766,165.3697964092751,79.75696716719966,-4793.968593278996,1.0720388567262293,0.6506171415001136,-0.9854237542919524,-0.17011767832049052,-0.9854237542919524,-0.17011767832049052,-0.018351457547130055,-0.4004754562337558,-3.0783630083888065,0.004798862767102041,-24.30296474156487,0.1939120598480088,0.6541237650899163,0.1044742796922699,0.09090158926986505,0.1636193310573426,0.8659096255352917,0.6640208489812411,0.0,-0.7477544460726724,0.9693498490294922,0.1940862545358215,182.2626092984455,0.22879687523273345,0.09593961852753771,0.808582286685426,0.08800566031243645
16.11454564192975,0.048537026265125516,0.10201901394674445,0.38689342580341257,1.6257892417743918,0.00318193731500873,0.0016174181494671817,0.0,0.14907856209707632,1.0,165.9315441889407,204.85847310582434,58.39544494333115,97.96773722853384,62.569213514491835,27.224589336951986,85.64047606759604,-2621.456712729753,0.6071335771323648,0.8305587358615922,0.7799125224167177,0.6258885343075018,0.7799125224167177,0.6258885343075018,0.06389375020532687,-0.14312370921328263,0.7821521250729083,0.0,16.928172520816386,0.3138907287266399,1.1876172943519845,0.4093217495635016,0.0804525147764823,0.2299813934291911,1.150223289952093,0.28874202909811697,1.0,1.4485060782848156,1.0,0.5418184476640968,184.93572004682116,0.12337155199302667,0.014487858088761026,0.8296577209447036,0.49449272417890594
17.485180245584335,0.19809150222712832,0.12817940401233752,0.44226430981693493,0.1565475246738508,0.007823073840717584,0.009609005959702292,0.23917170518581196,0.00485144059601844,0.0,207.17201373243412,259.5164247579475,65.42528882263042,22.98923047831266,69.69037508276993,98.40683404337969,22.912727922616824,-2995.9470411908414,3.8445547793712893,0.2733895638338605,-0.7036774074790128,-0.7105196029692745,-0.7036774074790128,-0.7105196029692745,0.0010775009813167103,0.15020842009008728,3.4636656215599095,0.0011603273199574022,26.55518524825921,0.09292083625443291,1.6471195930901148,0.42602849414679556,0.13633227029246617,0.06353840584360551,0.9547302812377121,0.5396732193383879,0.0,-0.15923704347607864,1.0,0.4906152051851726,224.5676383169201,0.11163622279352138,0.18153046890660088,1.0358600686621706,0.040116865711233976
15.691662846769368,-0.07148885366667018,0.1599889587957975,0.18184780593970676,-1.945554538090922,0.042298189129547394,0.0068479408397943125,0.5992020361744921,0.12911721385061556,1.0,219.6139938267782,268.78914368578,52.30304531324741,40.81861855575692,42.91571351461381,261.68764487801053,170.08360840539922,-3314.8675271777556,0.049219337062358384,0.11192813226438658,0.4012289854475009,0.9159777842484877,0.4012289854475009,0.9159777842484877,-0.0063217133548118315,-0.08003453112630327,-1.1217789890394205,0.07736729744446617,35.13581420933294,0.9663462368768494,0.8238083437990886,0.14048366792965628,0.5084611351895107,0.05194232548843051,1.192378502048563,0.18115570747394483,1.0,1.6608688503493567,1.0,0.5540286182159275,212.20584123042403,0.5859400432680694,0.3209381908953129,1.098069969133891,0.8793632444615237
13.265166217048245,-0.478996532607377,0.022630443877937667,0.28621948664803404,2.280038318155869,0.0018430369933566352,0.024289584613521886,0.006040132529332418,0.08674377730223254,0.0,218.03020419431482,271.8244844097082,33.224125661558325,40.817341480324906,27.955820359731906,263.42744092099997,97.51576330108608,-1952.2562609817187,1.867846157026153,0.18648677364081567,-0.451785789832884,0.8921264484954345,-0.451785789832884,0.8921264484954345,0.0016780321407972782,0.28807093527163063,-6.353968622426626,0.0005239439110003818,4.934120299714731,0.893176362320646,0.22006918500314332,0.2557329203315253,0.03747927418252841,0.02778324209342486,1.1045187822622515,0.47328587041053927,1.0,1.207595830224761,0.9483041226007582,0.8408056784265251,251.24420723052654,0.44309185331530726,0.1708357479604812,1.0337947074447693,0.1918148996832034
19.17964324376934,-0.14212071587195846,-0.09909055079538115,0.05382147732753027,1.5368335397668034,0.004597701378014314,0.028119001549439075,0.05051732606535895,0.0901552038535266,0.0,224.55216242966705,263.8764683142736,34.78218478945744,70.1383304261592,18.47686849333235,56.46210164733568,25.771119707057373,-1078.1300484608732,0.7326630714206006,0.9368462311659346,0.9039461929224011,-0.42764620926777464,0.9039461929224011,-0.42764620926777464,0.07333247565891692,0.3715848027281066,-2.72582462797327,0.004554399829557509,-22.2509974574496,0.09708057386179221,0.662557539656477,0.03755378747801729,0.2769471169121445,0.1129620172814873,1.223711765451701,0.48378568805440236,0.0,-0.10622054700456551,1.0,0.8103109795436656,282.3599197871238,0.03999470514223596,0.13249145668081552,1.1227608121483352,0.09018133238703203
17.192538991166643,0.21524084750978145,-0.043801614915718205,0.23161538862574022,2.0911773641131344,0.08551195943987418,0.008791897823909938,0.8500474390860818,0.11838577567423936,1.0,196.53460070965903,256.167860051446,54.95272876296165,96.6141021883033,31.724647132869002,41.62299284000997,134.94561135751425,-1260.9232826955542,0.31489022586568977,0.5466821284782544,0.5467112728685939,-0.8373211953118121,0.5467112728685939,-0.8373211953118121,0.015303886589369417,-0.11804903321677136,3.700536663303671,0.10063352543610653,-8.608532897898924,0.681118582498275,1.7009298955205674,0.24935140942754397,0.28470426642114804,0.0014563210574395264,0.7053670537855229,0.4276034300410576,0.0,1.808191346272021,0.9936929160188648,0.790071738942256,252.37665766365245,0.37553925101635355,0.4717320876424611,0.9764752023889216,0.11900872270594862
15.72303087932586,0.04815526135041065,-0.14913876349798483,0.02252413381040028,-1.6600956375844926,0.027099115790375147,0.010236788353986712,0.2064912190880151,0.04396155424211362,0.0,221.26467676647894,253.58907758356722,76.52368454801042,46.32268990244596,169.71092159946065,80.3017378895871,142.27815394989017,-3379.576036649253,1.24359241181268,0.21909489239905444,-0.9708824104813836,0.23955655912092708,-0.9708824104813836,0.23955655912092708,0.06247419944617582,-0.20650053408334568,0.7571466612145138,0.009077674928457943,-32.99914029873396,1.3706931526735153,1.1288440361683316,0.06194213022192853,0.13995359974801502,0.21217600973953943,1.0406003197030638,0.19022022355145352,0.0,0.09104343007973661,1.0,0.14792998343239225,244.78355831399898,0.19600424029847577,0.13588480695294017,1.1063233838323947,0.17476235240784363
18.151308065865532,-0.05822702211984665,-0.15298919895419744,0.35512674860663496,0.34164815774864277,0.03991416959787071,0.04275525147635387,0.34457492801976,0.06792750007719277,0.0,178.8046461635965,222.1988762726675,40.79306819805989,16.32135572523195,40.32199553302749,206.92864750685095,13.01296172299024,-8000.0,0.18365457363174223,0.7858647725986594,0.6819721490904629,-0.7313781428679254,0.6819721490904629,-0.7313781428679254,-0.011731220107947315,-0.07223646986921044,-1.0568966162553033,0.02340611344966094,-27.35517958585734,0.9136243188158936,0.85674419709021,0.24773517450228472,0.27817950284009896,0.19575961344226933,1.055082259083885,0.43982646959198723,0.0,0.03637786352018927,0.9832787605340455,0.6759072421918877,213.19531755013472,0.04226233219952587,0.502340869345591,0.8790740542873486,0.11915054180455101
16.503146226869482,-0.4240358013259472,0.025526271056272677,0.046515495678972146,-0.5280436750017579,0.0014325463180076216,0.00231555588974555,0.14625772041973575,0.15582085796950873,1.0,208.77690011095814,275.71252010995335,46.23714056970215,50.235660736596145,122.63968489978413,38.03660736407761,5.305284464004041,-4864.372801089886,0.5613191759935852,0.5870074005125802,0.6740694616546161,0.7386679638813748,0.6740694616546161,0.7386679638813748,0.05447019536143405,-0.0837834503736226,-6.997924834709883,0.022790003480467762,5.329295742520682,0.41513676062221666,0.35540446604288717,0.05931408662007986,0.13421727711504125,0.03387214585013972,0.7021453534535743,0.4086788550774779,1.0,0.5423921996076961,1.0,0.34196321710723243,267.82331051015336,0.0827737466598259,0.0515666559862533,1.0438845005547908,0.108985729619324
15.824441858818702,0.08974966877692829,0.053901154940701836,0.569841261828655,0.8775815097215176,0.0012799687352744546,0.0014640227907621397,0.05653730166777933,0.0017739609601096766,0.0,231.99148560601677,265.0217612206744,66.25442895974084,147.1552094751007,145.3369995640077,52.5890566917288,88.14297374845391,-8000.0,2.9535874002741647,0.3673277989830701,-0.5556819724760489,0.8313949395234058,-0.5556819724760489,0.8313949395234058,0.01188424182114746,0.3072176575756751,1.420238415408738,0.00010029496594858425,12.504609010573509,0.46507061137260275,1.1920172885727613,0.5942385858481722,0.032396733078131124,0.0580119132969508,0.8194445465875579,0.4571516660613826,0.0,-0.5167122786296571,0.9718941431779615,0.27549841387850044,244.5398214524596,0.33460871666471775,0.07283606069175066,1.12735583063821,0.2071613656108667
18.28663052968756,0.1688544193704809,0.19583735557262433,0.3758962198176112,1.587180948505729,0.0390827551696024,0.01053219111693279,0.3354085969898372,0.1499804041640646,1.0,187.2630675383581,253.01671322324773,54.86707979861387,228.17285599508367,10.41679776117127,41.82606508101838,316.79414490806,-7816.276760076403,2.5829504972757675,0.018302530195462685,0.6482618097757122,0.7614175109532997,0.6482618097757122,0.7614175109532997,0.04412878309902463,-0.20706688365617337,3.0877783803329026,0.05030471693663765,36.673103943129796,0.24552156746547532,1.4150232744573175,0.3843532888541274,0.661873886672568,0.011440262564402937,1.315794476622682,0.41318536550049606,1.0,-0.6048485806743296,1.0,0.8876758916736892,181.8884211947367,0.2169342072365397,0.31019728193269935,0.9363153376917904,0.18844772177545124
18.19281889097612,0.06329337278402902,-0.008309357618599605,0.049451792382984285,-2.0501068029449616,0.0005686607730283406,0.002176986518095741,0.0,0.03234799759368006,0.0,238.2386177896339,267.1021271929597,60.70492292084219,52.714253962754,119.64464715542233,258.0189407277151,135.7851176188915,-3998.4241826996026,1.4685088349883766,0.7827864603768787,0.01075130776352193,-0.9999422030204416,0.01075130776352193,-0.9999422030204416,0.0483323118339982,0.14848604105497007,1.151484868058877,0.0,-1.979609873774934,0.6908225373867344,1.2604966488144265,0.029209006400603966,0.018920614513166196,0.0023335314634947042,1.1120582082893355,0.3698151549234968,0.0,-0.6667177556072035,1.0,0.3277311136433887,304.76878937132494,0.023383674175933712,0.0,1.1911930889481694,0.1419278033241861
18.66847395427767,0.012563605772704628,-0.13578348108056013,0.16152639225185905,-2.04807819067762,0.0339621068059027,0.003473383307678198,0.2638100281976794,0.009608063388673014,0.0,172.22388785542427,198.44549974093678,33.480682856437255,2.0931567715073656,0.36289349144398236,14.781291835449743,181.94667707782563,-5058.091782699149,0.2597193709474415,0.7174415658633946,0.7112757519738152,0.7029130847082615,0.7112757519738152,0.7029130847082615,-0.04708097645199542,0.2775675880694377,0.2345433471395489,0.002534703473490919,-23.38515901823751,0.9876588397387269,1.1152754347341873,0.2325169117623841,0.2767687651492096,0.00844730197533843,0.9888999933625268,0.4467059995576086,1.0,0.20206491448355024,1.0,1.0,213.82455718611826,0.6072481810082071,0.15403857809576585,0.8611194392771213,0.09766196639164923
14.990018460706304,-0.34970634039834153,-0.012192038375503231,0.0785182514384323,-2.8676025713992903,3.015337011377312e-05,0.021750564487015657,0.0,0.028635609541824994,0.0,211.0220819073653,238.61414800697395,32.47778408746526,7.15486458320537,27.104762607331025,26.608691362200037,231.0736826793913,-1007.6144916061711,1.699406587042638,0.26210665167686,-0.9474042892438845,-0.32003923622313857,-0.9474042892438845,-0.32003923622313857,0.0035978803192031486,0.16384408598990086,-5.2421044983971825,0.0,-2.572789320693184,0.6490688686592688,0.40589241731372083,0.1457383812280195,0.05286216544897975,0.02216447099482969,0.981887671749385,0.31735639235724716,0.0,0.547509078604671,0.9605769086293001,0.7551836997121534,214.14143803308556,0.07031678885091375,0.05943217598223971,1.0135146954554795,0.08050243351889304
14.868159781910615,-0.2703082046850316,-0.02824591991134011,0.0005497721951481013,-2.1539699302391604,0.025708820281697124,0.016546685516942432,0.3484051915476971,0.010188409782621624,0.0,193.2417956650735,244.99388817375655,78.38497818705501,14.691525169165448,37.75097761020982,141.80297516873847,7.318118146631991,-3282.7928429443486,0.9580521337092549,0.2656199741033253,0.9912685467787256,-0.13185851571739118,0.9912685467787256,-0.13185851571739118,0.047859897627526155,0.08729105420972287,-4.018985577618449,0.003549694861880718,-5.458292283879216,0.22479527914471872,0.448957233754028,0.0,0.09749314652753596,0.0008282823719775964,1.0013063689006776,0.4903838002171608,0.0,0.6414106199964167,0.9087488304922257,0.6298805847665194,177.91345598590925,0.08066032017539808,0.15629001743289833,0.878041279064266,0.34247646457499076
15.421085400820143,-0.1396364914677823,-0.049123167679844676,0.7642127158137734,-1.6325397460027893,0.018777580379690836,0.006901640290022036,0.10176768685453538,0.0017857163941560079,0.0,199.45375694840794,260.39769320505184,37.460922480019974,57.17816133118926,58.10029521006619,260.6446506176165,47.52702547718703,-2816.461535740078,0.9536174126832224,0.2714880295057628,-0.4051645224207563,0.9142437912130223,-0.4051645224207563,0.9142437912130223,0.055824268486859396,-0.03244223754264904,-2.1533462599955637,0.00018172822681147868,-9.797800346951629,0.08783268706816919,0.7334934908136248,0.760058816375517,0.06438476153176946,0.2224095192002575,0.9674581363746193,0.4211842525525434,1.0,0.6093377957389281,0.9853522838684343,0.5281087488604795,215.32567911444997,0.1861922322074127,0.046141172434658394,0.9826610746762668,0.24322648546916825
15.858912283718134,0.0369234500737267,0.03437495674748749,0.007169625831819972,-2.6859449828945463,0.03906624336389043,0.006889182033852374,0.48083269045256294,0.01697881966001553,0.0,218.5143744828205,287.9032860411566,34.906067274884684,26.794889405727467,70.94131225082792,351.59971371542986,41.296453336886714,-2519.236997638783,1.1112788939442373,0.6704197797542557,0.9559793438440766,0.2934339689665273,0.9559793438440766,0.2934339689665273,0.06267172383962966,0.36979532637232326,0.5855657559314776,0.008163971537834137,7.511422171551238,0.08723986175608914,1.0813647661712915,0.04576163804643398,0.4559235808796765,0.01843248104427663,0.8433472013275196,0.28307192456848945,0.0,0.781743293056061,1.0,0.47297137085629676,247.9209176351243,0.2582959677248008,0.24634408903240432,1.0925718724141025,0.3446638923508748
17.599632985905384,0.07091000667524985,-0.12144725291060277,0.13396501715343542,-0.9067204718332662,0.003814862323524994,0.015571686086871801,0.057844298067379646,0.01582168297089377,0.0,205.70684722436525,273.89990858141704,31.310510288522288,92.9264245994427,12.93541706930937,27.87102454224907,82.63782345479198,-5001.450272578809,0.9944417421542905,0.29417728391330056,-0.8786374941610001,-0.4774894280028391,-0.8786374941610001,-0.4774894280028391,0.005236386255124607,-0.04905113167427267,1.2479900925124983,0.0009151941456959639,-24.98253150030021,1.7611276163601095,1.208769094037132,0.1980964168909019,0.0918217834075742,0.01979970350427984,0.9094493878544482,0.4783064476668389,0.0,0.09092850242606867,0.9839063443920237,0.8799656528111371,224.4540468430674,0.013716008585160014,0.08123416370567171,1.0119813603446686,0.08434877306751185
17.811960290531406,-0.1412263112159617,0.01307214328259615,0.23933774366236277,1.1006022926000139,0.001562095408069254,0.004477544594512561,0.029905148333890047,0.005272766801672934,0.0,171.8739230739908,234.81440184782468,31.660836246907095,104.75229233049137,2.184405942271925,50.72291836150961,48.39225986153082,-1984.973885366209,0.34438508116700384,0.3103627550319803,0.10303137904317879,0.9946781061893646,0.10303137904317879,0.9946781061893646,0.07701047705647204,0.1896568634945042,-2.5155174473569395,0.0001576828733340401,2.246760548965116,0.9439562337612859,0.765123610571675,0.19856156816761147,0.023837575408317015,0.02273668938160425,0.9080947777298497,0.4702351997003421,1.0,1.664721920545976,1.0,1.0,179.45742725384378,0.06090529771733791,0.022358138719244698,0.8593696153699539,0.08865999271490992
12.46308366472121,0.11116091770815119,0.06515632657194788,0.21977721708878717,1.8414327701712114,0.006229228720189882,0.004854106811192739,0.16487190201649088,0.019299920307423144,0.0,198.52045874418621,236.04370696631892,47.94696148903252,83.07452732448269,25.613703416977422,482.09253278092115,3.846151498016006,-2689.543762529035,0.11941277697826025,0.37661899389099907,0.6612634749656386,0.7501537286959042,0.6612634749656386,0.7501537286959042,-0.032860328480777634,-0.03174704021200938,1.3854078176438778,0.0031820145698515513,12.934863841149102,0.1729338002331962,1.2331965119223929,0.16746726212235846,0.08279908622034626,0.008087160966689563,0.9083587703424639,0.6284729251102694,1.0,-0.46654339210074663,0.9487577959613379,0.8194100139046583,206.599074740929,0.5294531323143239,0.10701285545022056,0.9417391644568391,0.12022058021033794
14.223847268723187,0.14541046988385128,0.14197377702319633,0.11840814923237536,-0.9687649918147674,0.01150187129409274,0.005507491526241796,0.1993545847349063,0.13308243639189318,1.0,226.71470279491126,264.1071497855127,98.61088906526562,7.738091914682618,39.225190829116876,23.043108623218515,20.73767532404119,-2850.771462005895,0.5533125811918891,0.9802013262726759,0.986146248341595,-0.16587819893463143,0.986146248341595,-0.16587819893463143,-0.07473825848455118,-0.3683406166137918,2.0682963149011733,0.026530593842415448,32.18754266248496,0.0686484485630392,1.4616996503966362,0.13211624262018515,0.1802317947129343,0.0900239500122662,1.332687950141238,0.5646254769317403,0.0,0.31051122828601707,0.958549651460553,0.6347307320643526,288.01939501766947,0.6206182927272549,0.067374669448787,1.0865864967252254,0.4784392582206463
17.56017150122658,0.6263898573142277,0.0310375849035939,0.3514117777733286,-2.614905286337277,0.00016606206763756498,0.02068730691185996,0.0,0.0561141260545504,0.0,173.65824028709585,235.4751251098889,39.11616211899892,40.984731449008954,37.9160165764409,500.0,11.407112238064213,-1417.8296088290215,0.6641242885653422,0.4600984069413755,-0.6644834655228552,0.7473029667054296,-0.6644834655228552,0.7473029667054296,-0.01388054469261384,-0.053928542164637765,10.999513321066685,0.0,5.3899323771194485,0.28297737833238,4.2128239528346825,0.29523281209863944,0.2639241292097357,0.06871370255425556,0.7167711964811551,0.4540893897021583,0.0,-1.5451233981103958,0.9960103865869585,0.7762620954288387,196.1597153845122,0.10229981012157868,0.12101754535079183,0.8648270552118064,0.022777527376698647
16.597430471989707,-0.09346436617993512,0.10431204505192769,0.7179974042958788,1.6296843888075028,0.021893709847438922,0.003038473348168627,0.11053573389354555,0.12444858189611574,1.0,162.98531445638713,234.30494105600314,68.18003217783067,71.30658983785405,238.69676927961711,42.90881576873636,154.88282169399008,-1852.1127941410523,0.4268163291434049,0.3773753553216572,-0.021501372740813793,0.999768818762748,-0.021501372740813793,0.999768818762748,0.05979211421732279,-0.031256765928445215,-1.5512683192800594,0.01375601533189816,17.001331464377255,0.3239294656543054,0.8367678544204221,0.6207475296267438,0.09145008146532627,0.0344738672714307,0.7992394279665377,0.5785629912043151,1.0,-0.3820161401523445,1.0,0.08796647115880525,195.33749858078824,0.06104624236213066,0.13112683894660082,0.8149265722819357,0.14763355821205382
18.994736577177807,-0.5081888840743001,-0.044389604030609486,0.06894335012352756,-0.6837130504174089,0.025716975497442313,0.019721721631552624,0.23421810510688362,0.027125837711779868,0.0,163.95261275779825,198.48549955914325,67.00439285692002,15.738310254436733,75.13656140689565,289.35478170888086,43.15674804066787,-2641.7969739295067,0.05857109487066095,0.47002297764439704,-0.65316012232693,-0.7572198192083127,-0.65316012232693,-0.7572198192083127,-0.05431035855625425,-0.02867902991524407,-9.65291398444128,0.006353362308289924,-7.277791560102518,0.4850938209999244,0.29724768735135804,0.027924553114950623,0.09154317601964447,0.048240634490229556,0.7195517653030457,0.23516844981033522,0.0,-0.36446545310721024,1.0,0.5053362057224131,195.53484004832762,0.03451895083748836,0.28224992177547026,0.8197630637889912,0.003994064415098885
17.99328721086855,-0.667056907418152,-0.030429027407922544,0.056548295607770215,-1.5618264825265444,0.012466215311818277,0.01561810376223595,0.16025943542130128,0.014270049088925922,0.0,181.77398066101932,251.18397075185592,40.06983702690549,30.866876298788025,6.9475823687300995,211.72443830685316,47.02639420525729,-1885.3815421876793,1.4634187721954026,0.719203504846846,0.8550745085896932,-0.518505144391157,0.8550745085896932,-0.518505144391157,-0.07349290064388769,-0.13206201640315826,-12.002546521168563,0.002286910010425523,-5.531205439581339,0.09545423265554669,0.26137447507538314,0.07740647646398266,0.2864474241664138,0.001876061725979595,0.9396028784612676,0.35275815791227466,0.0,-0.20979440735297195,0.8973406373371027,0.8859333445400589,262.88218840035654,0.22429433703336413,0.1452115226934672,0.8155658982883063,0.03821485618781793
19.073295057932526,0.08531019582507929,0.13478470412156415,0.014818710659855388,-0.18415403243699124,0.0114372282314477,0.0061871521332313995,0.2508298478368096,0.1972557527686136,1.0,176.0446545602697,197.2395925359308,41.16255185482427,17.14150260651438,37.025725631550884,347.5487626594907,67.18481847331515,-2605.676365505159,1.3336092022417017,0.8836907352995232,0.9248025743285089,-0.38044736628785164,0.9248025743285089,-0.38044736628785164,-0.08602544939389423,0.12515407037606185,1.6271465364217408,0.04947763045188668,23.72812667708892,1.0185116329480106,1.098940238448371,0.09249922582458017,0.8314270887717855,0.17567636503153605,1.2460877702649862,0.5382033392926129,0.0,1.4080159218970165,1.0,0.6679448242586219,225.54408280692746,0.06709778264321853,0.20104507969195587,0.8802232728013485,0.09477923561179027
16.1068684073024,0.15791644614168482,-0.1371584424963816,0.04338297914980072,2.9522443157973584,0.008136669932846062,0.007362809896594673,0.08787345191470103,0.0342492498390901,0.0,184.67679522065734,240.5256716296872,42.09671455710072,4.973200598011472,46.859969997807625,71.12128584668189,100.63655284264699,-1471.725024553886,0.07630311442046502,0.9908018162483887,0.9738922359149924,0.22701082094141847,0.9738922359149924,0.22701082094141847,0.036797214209582284,0.14741789646860953,2.5435394173529744,0.0030095998088498655,-25.32998159768857,0.573936691524145,1.4754384667790332,0.007944745992472559,0.05808955136780241,0.0023719076149050383,1.2948352163518104,0.6195570129650854,0.0,0.045199646416825834,0.9425632574130696,0.6777749945576365,226.11160627400056,0.27727639721666925,0.046700766765617914,0.8703478083589459,0.8649689788846482
16.05745879592748,-0.2363874664325053,-0.04031403022455935,0.07272450642547418,-0.800227507093576,0.013245801074839794,0.030720742497358924,0.30282764062088197,0.032370804511873345,0.0,201.99342103559917,250.4363120189609,79.25969396393889,39.95840139845592,124.78691654526307,18.878331670974575,150.62664473581373,-1419.7687554286476,1.6189225413372195,0.48606422867011434,0.8367329140344921,-0.5476112038402312,0.8367329140344921,-0.5476112038402312,-0.07238023626404676,-0.061163781902998884,-3.7957820021136444,0.009802774355330406,-8.143168880791288,0.6977060906808716,0.5386505303661021,0.06651118419456535,0.7251199830786802,0.3064901176477337,0.670803954730555,0.603431981717835,0.0,1.4741690158783658,0.9659219232319016,0.24317232227677185,228.1220511700597,0.000936711243634264,0.28784934813995755,0.975549368634486,0.09647184010251067
22.222642548932615,0.16452523862520202,0.1128446306725966,0.014674807409401913,2.8868288063250533,0.0005441583063958878,0.0011976797015336718,0.0,0.021205685060414113,0.0,175.26864794852293,222.20580177596827,35.92678929373017,22.574055653919316,67.12406832280632,395.70023521490305,46.29600665516343,-4908.796639323121,1.8351055918347403,0.4601430339767252,0.02795029824021032,-0.999609314096404,0.02795029824021032,-0.999609314096404,0.027451516300849233,-0.06284310365982775,3.6561855682457063,0.0,19.778125846236428,1.0049805870012252,1.4642528421880048,0.022452060122788817,0.23857604547175246,0.014939810945896588,0.7238079717403301,0.602151165595129,0.0,0.3248625083837467,1.0,0.5138326676577218,210.8297074841377,0.2440127518155125,0.02591463584423706,0.8763432397426146,9.511767754014999e-05
18.489092773475765,-0.1699996425630324,-0.021111171475251073,0.31666977996350226,-1.5508839092587157,0.030481085042882917,0.005670403700265957,0.25105298500088535,0.08603712549100774,0.0,181.50760650849506,231.97667346899047,31.9561668137572,29.265300277697488,10.802335904592674,3.9615639281918162,201.41678651198777,-3223.2887795626193,0.3889517753649999,0.3303115835933559,-0.9231578729647039,-0.38442104726885545,-0.9231578729647039,-0.38442104726885545,-0.016404329182008882,-0.2101376525241776,-3.1431391628056256,0.021599877175413257,-3.831838205063237,0.7598911579178075,0.7383186797671152,0.2842398113767427,0.4041211555633793,0.013556424556070848,0.8734196157815733,0.41083859279779067,0.0,0.0752897183834076,1.0,0.9211521663496668,219.56233903363912,0.11220785866336606,0.13714291023977193,0.9075380325424753,0.028885998786874048
15.497239644284823,0.5908835569309627,-0.02856020318712541,0.3000635025715809,-2.4784353681892446,0.007183083520266075,0.013576026060482914,0.04126258474996465,0.0019129477512511862,0.0,257.526442699271,294.72048989064956,35.260764213838364,3.9749824005899783,163.41350919505948,17.255896819118274,32.883326848699674,-1443.9430435660247,0.2526537047562765,0.7790926146281145,0.992098522791769,0.12546123335273648,0.992098522791769,0.12546123335273648,-0.03852990918239374,0.050872466907382376,9.157064083626544,7.893316870825636e-05,-7.355007529548789,0.17026568554207325,3.858216995374969,0.26370530953801335,0.3070687077569449,0.003960184135567002,1.0501592466479566,0.5965997227565812,0.0,0.07911884260432797,1.0,0.14397422009719615,344.54692878082903,0.20986998146353186,0.025316106963277185,1.287632213496355,0.21511048618302578
15.393836568868153,-0.418487768154181,-0.02653321165665122,0.06992549860917091,-2.1540091079650865,0.05142109195566814,0.013097362662572228,0.4324881669933792,0.008374750372162176,0.0,166.10222506865395,222.7933965919849,49.31297245368055,19.548131043861535,50.004340413058166,44.27725710615461,46.34565963284132,-2835.1819900685214,1.5719827207524126,0.6555861679982766,0.23851257519407648,0.9711394088771653,0.23851257519407648,0.9711394088771653,-0.049936116271198205,0.2755838790395632,-6.442132309035848,0.00362198043748354,-4.407225494387314,0.013368752700504654,0.333514907533877,0.08667474614197868,0.07165839000281377,0.04331440235680881,0.841585710660673,0.4096672356674231,1.0,1.4928680537923984,1.0,0.5176277581965042,178.430435556652,0.08369935688041931,0.3233936546673175,0.8305111253432698,0.14407964924375757
19.050740629407063,-0.37152837679486395,0.011715177484724545,0.27640495016641703,1.7202214051504114,0.0009740360192448762,0.004821097597867183,0.12568080838725285,0.010621083375313077,0.0,221.85474539596908,272.7647726078604,50.188051509283525,53.53424965771338,55.53347402857312,215.01576805736428,37.475733102566565,-3341.244357809722,1.5375915191517073,0.36336451357279753,-0.3754703786876202,-0.9268343944460494,-0.3754703786876202,-0.9268343944460494,0.010314542033847277,0.27572342644997105,-7.077890742783571,0.0013348663445577596,2.5990677181421535,0.04618809228253502,0.4064820056669547,0.21653336964474854,0.5610709521670437,0.008112886261761324,0.83275602197628,0.3233272551006111,0.0,-1.5450137499781553,1.0,0.6192493507318124,271.65246723874077,0.24517979247791294,0.04551569785709284,1.1092737269798454,0.018957369710414562
19.352299688446237,-0.26621270111291817,0.10860838419192409,0.16607350098883858,0.2363301806289213,0.021104118336052104,5.011479531972206e-05,0.0,0.01743498581488234,0.0,172.7196779893573,236.7493502244069,61.97861597582758,100.77509322935381,204.77665165953414,74.04189833772287,2.977580448849503,-2111.717346603001,0.25104726383213016,0.5185416815963014,0.9992088560679753,0.03977011384605572,0.9992088560679753,0.03977011384605572,-0.037707890712376284,-0.11982982434633449,-5.151827972807958,0.0,18.758805144573532,1.0525244038719272,0.519981982785276,0.12770281389415275,0.10330881028464613,0.055358455627509476,0.7004792621945115,0.39850557156941635,0.0,-0.28973394686670434,1.0,0.27219188100755914,198.66796998469,0.07158182887737925,0.0,0.8635983899467865,0.004517823440186125
19.845415914680707,-0.08798143157124158,0.0924231518323214,0.3695992977883915,0.5147326799379326,0.023589518287663914,0.02731276219535701,0.18553828973827663,0.10631751356049529,1.0,171.93729745198158,245.79315340191346,47.57292852810016,67.08710221536562,5.680824417690414,95.67974757319718,139.41023792697283,-1131.5800733541469,0.7773812220054768,0.20582077328516402,0.5751899607119775,-0.8180198708443174,0.5751899607119775,-0.8180198708443174,-0.00024864048469996653,0.3982383534054199,-1.7460281023003092,0.01972596963524033,15.890986948043501,0.12747686209896303,0.7641091543934309,0.35946990380125154,0.295895852494743,0.20922625567721967,1.0688004129809792,0.6165848318783715,0.0,1.2477595792233898,0.921222797477431,0.967718527099419,164.01475945566386,0.13467851772731707,0.2822440903013879,0.7919627907471182,0.02617587800583145
17.228217605231574,0.08540936370491793,0.001145724149896091,0.04515972477190713,2.938698527146186,0.0035036973922432024,0.021405364907277735,0.1498577019422817,0.04082970949639089,0.0,207.616000679031,259.51975436965296,30.28944172154075,55.06973154882003,38.85384399123388,53.19904007435193,69.86402835403418,-1238.0073330784082,1.6337732384701518,0.6939936486309771,-0.97139528468375,-0.23746831555846842,-0.97139528468375,-0.23746831555846842,0.02007031933866073,-0.07243428017811386,1.4714511034326938,0.006118646436100095,0.23787066588280906,0.19519289673457454,1.2226465025010242,0.06128278287572211,0.08577538372363452,0.023424550420014196,0.8753164014557705,0.5274275635830002,0.0,0.5357688923767832,1.0,0.7105845092195163,246.76569758915363,0.026980381879039846,0.20881194086640276,1.038080003395155,0.0889112351953284
15.143508757843689,0.20743007308353845,0.10923885674907959,0.6179442453356992,0.030394095370142704,0.07250980428924048,0.004440234512099926,0.6938661947854852,0.08825828886913613,0.0,183.89601465652862,221.61523916595172,92.96880374734135,17.666182892995018,17.0678875053289,83.55297213547908,0.2497779359673302,-1214.5718889266584,2.401164071007368,0.25212354711352714,-0.5978291414589552,0.801623551065242,-0.5978291414589552,0.801623551065242,0.030633061708212086,-0.20318793969393859,3.1412191283807207,0.061239443055905625,20.08859040179117,0.02577852378961614,1.620149940872162,0.5421819164423914,0.30539020387518745,0.09588526339748893,0.9883837627827651,0.6870512697163538,0.0,0.510829831112067,0.9632009165637798,0.7988886576015373,222.02047279026468,0.30295202393301957,0.3779398267751605,0.8856440493479734,0.33647748506137665
18.375478597030483,0.3909422491081125,0.03417929633297362,0.2129982524848688,-2.406328723540579,0.04011452696662609,0.0025653973243957035,0.508433916697511,0.10969522180749397,1.0,191.0201757321677,223.95168882235689,114.4609515310265,6.393712860527842,4.5226209083778866,46.77018812782164,290.13999016948253,-7795.349446458841,0.727780531659556,0.3495460690225596,-0.2280577712215198,-0.9736476020539838,-0.2280577712215198,-0.9736476020539838,0.04671602059031707,-0.2723692621235972,7.1837509311610805,0.055772771266586384,6.528935191926456,0.6609779710336384,2.483189878833009,0.2064574097612269,0.1085843368814717,0.2003894233680859,0.8704041248017216,0.40039147964035265,0.0,-0.46311531577509396,1.0,1.0,220.1967922949925,0.3549199723857275,0.19357857611701318,0.9551008786608385,0.033763104972428654
13.93031051887493,-0.5425877094545468,0.08591201678208316,0.16498949296712923,1.3729717099256051,0.020344598093086544,0.0033944675270666364,0.42321439543048,0.014218443502110845,0.0,238.33079721659163,313.804574488989,43.88901638585373,22.47973468692306,51.228196794859635,230.432462548044,51.09576273020052,-1233.110004640708,1.8753228806169724,0.06811858069172871,-0.4363729641045924,0.8997658785476209,-0.4363729641045924,0.8997658785476209,0.00823641726435615,-0.21525355463687046,-7.558415276426928,0.006017449970708278,20.475479450159078,0.024136840849464006,0.24571130187541618,0.10044670633610912,0.332132844805795,0.048446919519903514,1.2669883181553379,0.33045608867309767,1.0,0.188277850570951,0.9751873483085859,0.5802885251888199,218.96035428681756,0.032927039507401355,0.17041452040409577,1.1620858907895966,0.2798937098813719
15.184479215772857,0.1618035218926075,-0.10283694740929981,0.25657004464907207,-1.8356240167901772,0.05365698890570881,0.006646333455177491,0.5446083537606639,0.025841708136713576,0.0,170.72351257203707,244.2791074315549,38.21521909037062,10.042761193622479,275.37344099567434,500.0,40.595826395335685,-4570.231032213641,3.390776596373351,0.2198704379498816,0.9912685467787256,-0.13185851571739118,0.9912685467787256,-0.13185851571739118,-0.05250450261547999,0.06674996329113542,2.456902215217147,0.014073610126699132,-17.55668488390151,0.2065968908060364,1.4042547013230617,0.22236000477557488,0.0036344714413883783,0.1670722876920875,1.067237771335398,0.5157963778750263,0.0,-0.48141217831255195,0.9421995350535325,0.12187543965009989,157.89376044406802,0.21779787310277418,0.3254020583427424,0.8042780708403962,0.42889949058375354
14.218854044930646,0.10082645179129335,0.17385527334330636,0.6600123684779946,0.5123184565831482,0.018302108635413306,0.002585546783012339,0.2999145132536073,0.056970743932528614,0.0,208.5672050665351,271.8777792237823,32.50792609442433,56.734011718876665,60.07999849637539,104.04267343510455,25.996620438284058,-3330.483191260208,0.5747456338174157,0.19488255082488215,-0.9753363880767837,-0.2207236509605022,-0.9753363880767837,-0.2207236509605022,0.023286366746013712,-0.051492824953530615,1.4336366018886362,0.017086352936220222,36.26050844729189,0.25050707609829365,1.2553935600502155,0.6994437015376698,0.07249143191938112,0.017175269363553743,1.0920952954529002,0.5393597537154917,0.0,-0.06966228120295846,1.0,0.5787376536640069,196.11513054770572,0.03157265686996738,0.19438657617734093,1.0428360253326756,0.11523540089238149
17.388118858323168,-0.36867069505636774,0.02202130541454285,0.19550131834032058,2.2266274523272473,0.02937866897466704,0.006097724228790952,0.5357004421157974,0.05841350535692862,0.0,189.65632524436637,240.55413377626502,31.01473080370799,143.21004200037171,232.48911539956862,271.2725956194104,104.9069906113807,-8000.0,0.8439140131665618,0.7353066835078935,-0.12439450483979998,0.9922328391893008,-0.12439450483979998,0.9922328391893008,0.03281018211343018,-0.126401574586252,-6.410489865220738,0.03129214064524016,4.176479862006065,0.32640819948969896,0.4156349347278169,0.19180904246102912,0.33434117735366864,0.14761426744017497,0.9600361477214102,0.38302098716930666,1.0,-1.5419952434490147,1.0,0.12937893441681936,216.86223111827366,0.049196070314468064,0.31098981020834443,0.9482816262218319,0.16387747499472932
19.32683933400535,-0.1726450627343342,-0.2748309347317814,0.09139195900634584,-0.14400385009825722,0.0050018340361071625,0.0015157370144140024,0.09022741108211854,0.0012677514848457932,0.0,203.95419347007595,266.181676874553,32.333840590386465,79.7344856720004,37.93109859534806,28.58750861805429,107.60643448355745,-5205.468653436388,1.015818908317708,0.6944677884398144,0.9776530844816641,0.2102247521189836,0.9776530844816641,0.2102247521189836,-0.009077961528103922,-0.16947901206388283,-3.336683389275751,0.00011438593437314756,-56.05292163384755,0.4779162740346387,0.6606858693321116,0.1748454628648598,0.29593379360708505,0.06041142174591693,0.8710562412812801,0.5041533259347307,0.0,0.5487813610849552,0.9947303480383644,0.7139980704749336,247.99507178248433,0.06412799043973269,0.02900539795500754,1.0143971292718625,0.013712563889964745
15.529287909068067,-0.19509559976355043,0.16595271734693562,0.5205842486762459,-1.166881125339439,0.001905088396030106,0.0006770307868108828,0.014244565221470733,0.021769766571853894,0.0,205.48256667975963,275.04954739565443,81.63922504619718,32.25533738940286,86.84007387661707,137.70213426081426,54.41932946192938,-2906.6585404471325,2.0460948860957417,0.5381438088549196,-0.9977068927101168,-0.06768276175455162,-0.9977068927101168,-0.06768276175455162,-0.014395156420726746,-0.21722349135081442,-3.0296957385204863,0.0003101008597889661,34.100390307929004,0.15012954023972694,0.6027615217510208,0.5169743725556485,0.10433336160465802,0.052064945060686575,0.7115829255425893,0.5000314665436113,0.0,1.42399960212794,0.9923667217958185,0.44769385470739437,216.13269484668228,0.1214191664809191,0.0,1.0195703054109189,0.059124124638756825
20.879202244970315,-0.8027870316320405,0.0005054931210662157,0.15192689146191202,0.47467320674685576,0.04506496461472197,0.0033079526659288796,0.5408961778897259,0.013761005482341293,0.0,243.03074377142656,283.7613891146344,92.75833273377752,21.296572637447785,34.577478078617226,8.563571317673025,87.66662471488948,-4061.7840807797515,0.27867010601213094,0.3870565114697616,0.16481784665719793,-0.9863240225317866,0.16481784665719793,-0.9863240225317866,0.12375886926820118,-0.17797376092527192,-16.761552793084753,0.007443275269317969,0.12285036918406218,0.7965687564307681,0.17397748672034916,0.2003275326005284,0.04972456611360828,0.09115644247784005,0.7569094153709739,0.19078965471417386,0.0,0.7128787101230362,1.0,0.721841361858114,262.68420774910044,0.11847400887469342,0.29777940512352347,1.2151537188571329,0.0005126143089825521
15.851944644300547,-0.26682268277811755,-0.039549396115139315,0.17956419022865996,-2.3439341654785384,0.00940459979442114,0.0011909722058417273,0.2124676732814398,0.005642240795995062,0.0,205.80231814279193,256.2492476764714,34.79561818474289,42.58581766741496,201.24729545066944,5.298105595659602,44.75616881822055,-1217.293257104446,1.4565644518646572,0.8894131195875818,-0.6772399381909491,0.7357622347736527,-0.6772399381909491,0.7357622347736527,-0.064652558415174,0.20307873437062818,-4.229658397242484,0.0011987937740186897,-8.1393574016432,0.2938547161130379,0.49385116633634224,0.2193029256507947,0.004929251978616497,0.04576093960036599,1.2686571940458768,0.48532075508226913,0.0,0.49774520942151557,1.0,0.18212088925716707,288.75602142214495,0.18283223881220217,0.049600092998746334,1.0290115907139596,0.2557025460910542
20.120196672149067,-0.2718033699179516,-0.06056830651871992,0.5595707844368759,-1.209110694168824,0.02403307291736668,0.0036172027534038787,0.23644919978630288,0.044961082520654914,0.0,134.78190970384196,168.18837664998028,36.27969044010566,14.766435371243341,119.36091292745158,305.42445950307115,16.903118215906545,-2752.1713044652633,2.5956383997551375,0.8840833477231488,0.9373419384643772,-0.3484108069446808,0.9373419384643772,-0.3484108069446808,0.02468371859714437,0.3606673030946416,-5.468737258902072,0.010631011983534784,-8.16351202012073,0.15080511519109308,0.5286976997350252,0.5589097705277992,0.07959289654930485,0.013784806392509178,1.2206618805808194,0.5165559323165149,0.0,0.050332463219073975,1.0,0.2668228310082826,202.88560616170207,0.09114242139961275,0.14089506452026507,0.6739095485192098,0.0123763317442137
13.465229790692174,0.056801774198933425,0.04395018685343685,0.42115571380464484,0.026029897531895774,0.0026568577562461914,0.020176059147062993,0.0,0.012675932907795,0.0,177.11167239727422,225.1757480128636,51.19658623221818,141.27362149957156,79.32387734991931,226.9893495928193,73.37488203508752,-1256.3340611009007,0.2818815964948079,0.6028351731989833,-0.2426868445825954,0.9701046827361175,-0.2426868445825954,0.9701046827361175,0.05230157231915747,0.37303205396387823,0.7648489421076484,0.0,7.784091095784896,0.23912070176641045,1.1244110386613666,0.35537308107738247,0.3284523411401816,0.023114523536485666,0.7591385503935993,0.4881357724607927,1.0,-0.6633133863729832,1.0,0.4404362540317537,240.15188198060127,0.5908634829265249,0.031441779426125804,0.8855583619863711,0.1431645922828287
17.783378671823435,0.3257417730643545,-0.08883889189372893,0.09784432862761598,-1.5447137965222284,0.008092296274982605,0.004874852312333218,0.2526624945794592,0.047249455821257634,0.0,192.3435813420712,265.50768453960796,44.423457575459864,170.8686850550761,92.95160450986737,195.61983768510098,136.7093953112285,-4360.8356585619895,0.898711042834677,0.65794804502345,-0.9521140536681102,0.3057430764672831,-0.9521140536681102,0.3057430764672831,-0.01706326206114362,0.13741738563887365,5.792789299634591,0.011938165375320905,-17.08759062930092,1.2125460539045856,2.1154290452175952,0.09258801769404619,0.6029281581835159,0.019046536967868215,0.8305942363312363,0.3148651353235418,0.0,0.7129751925746587,0.9181366602630804,0.46814912262881175,194.41113096120853,0.48109793085056585,0.09807408655001368,0.8829884669822469,0.047008200597633304
18.938737303030344,-0.899425727688337,-0.05769064626707324,0.12672044267831117,-2.894926601253222,0.024438093257923822,0.015909471549396103,0.21731948680702617,0.03948173590817964,0.0,160.0761144006624,226.25433122702853,109.9075763519122,50.39722172976975,9.404010779976039,183.3283904768837,68.7313604816091,-1268.0391314956378,0.7250433064752568,0.7964507056902602,-0.9626519747161487,-0.2707418984477642,-0.9626519747161487,-0.2707418984477642,-0.00842583759504136,-0.09845520663813011,-17.033987580276317,0.008580150585816137,-9.234894491696162,1.6013205731271745,0.18532261130155256,0.10008190853020772,0.6588770119654238,0.005236086609799843,1.0974516810880548,0.2874025117700728,0.0,-0.2122068650251588,1.0,0.918891571203648,231.7983786860966,0.1325207913867161,0.19711780620666558,0.8003805720033119,0.0038046046947486823
14.790587655453924,-0.3812523986936235,-0.05528781038116881,0.6353707544966193,0.5349565509423009,0.016044583309522676,0.0019406640764289202,0.27981871014345255,0.020528961230881777,0.0,208.6092482406052,260.6343502617545,45.82035067411476,55.07080361744622,26.464863918100995,108.32512882506416,31.55924189399929,-2631.995724607462,1.3821402208173779,0.7227749586212375,0.18809941761179758,0.9821499931752291,0.18809941761179758,0.9821499931752291,-0.020073331536458707,-0.1335626973897591,-5.638947021730106,0.005744387452210283,-11.533548560484755,0.7837357440525736,0.3499439659740484,0.6067998071722809,0.31077615477966547,0.1466256395522297,0.9936592067316824,0.43660616362697363,1.0,-0.2726294260983294,1.0,0.7511785723310289,255.6764569506828,0.05941216261070219,0.17877427606525795,1.0430462412030261,0.34484529146040693
14.040503719670273,0.03113667880219491,-0.029224704370223727,0.04153760000779528,-0.6204811064630182,0.0028656919285582443,0.021291789558381544,0.054943646605866286,0.016536229134704004,0.0,199.6941201011688,209.29562335124922,37.835213784714774,99.33106810006319,7.71971606865486,103.95826549793262,44.55999632455011,-1769.887369838165,2.157396075925759,0.22490148218758077,0.5083564379375122,0.8611467540480452,0.5083564379375122,0.8611467540480452,1.1115643204026478e-05,0.15122796543702072,0.43717465454039617,0.0009085607297708069,-5.83600162442861,2.1259085422324455,0.9547611773916973,0.0493286495234914,0.13691484795439474,0.1250405592645964,1.015920463906061,0.36810003882695486,1.0,1.5801778162165356,1.0,0.977450791422028,214.72696502395053,0.012234142712328443,0.1510207610830217,0.998470600505844,0.5344869025833077
17.807860429370955,-0.6417829613029786,-0.05152082497318609,0.17348925647732263,-0.6873160106752647,0.013785903681323538,0.022590220218378896,0.3205555525790854,0.004936564486674553,0.0,163.21140881104978,203.3745192794908,87.6981226580686,42.99756433242991,42.05655699888762,18.397698913378825,76.96519065894843,-1665.240561094643,0.2833418953756242,0.5033607016961573,-0.8528367217694595,-0.522177676659508,-0.8528367217694595,-0.522177676659508,0.04497462813436062,-0.04927164045154262,-11.428781400831824,0.0015824431568682506,-8.408786426981218,0.0280684795365805,0.19843862328701706,0.10101070962360462,0.2753712760547534,0.11051953521573539,0.7084011719867658,0.44556334091499883,0.0,-0.02158221393778731,0.9429509528733839,0.6985468831940461,208.4357352198981,0.018917906872481155,0.21750229813542404,0.769501767290934,0.023252982565500298
17.602921719953613,0.1514099634507184,0.08528141316548622,0.31503100136373846,3.1215668596049673,0.023806286655356678,0.004962347677239581,0.15315827428802326,0.0022111935193942426,0.0,188.19996756560798,239.73605703859954,32.071193860723305,10.299160158484655,51.09674943975085,20.212485852373213,500.0,-1413.7795765991086,6.9493943796582816,0.15188590370172406,0.13079267585675922,-0.9914097417023038,0.13079267585675922,-0.9914097417023038,-0.00991039769508827,0.0823833091869304,2.6652577342440336,0.00033866258354728286,16.04995919169372,0.051988424807133816,1.3595655837290714,0.27133880065750604,0.735139358623949,0.027885419703179915,1.1263839240259532,0.5456705180323048,0.0,-0.4431928329081947,1.0,0.5349239150749519,210.84462686878717,0.14803890818084062,0.007839979973487218,0.9409998378280399,0.24761606248840276
18.964792658315325,0.15338749335998797,0.027106230479769955,0.20269868343960368,-2.439232866860352,0.01482896664785737,0.00022419203633306396,0.0631916262753132,0.026240678681786103,0.0,212.82715203679206,259.58845074156477,32.57598642212352,80.2573379798628,200.10366195028968,85.78388880256618,3.938533098215212,-7434.508810802574,0.28014031121893135,0.809380853490498,0.8964562582905575,-0.44313223418263453,0.8964562582905575,-0.44313223418263453,0.15552960695315193,0.38608759714022983,2.9089620079508904,0.0016581911604700058,5.768941835462327,0.1329084412283118,1.2729742813782101,0.15209545672430466,0.05702483194193415,0.08370030588465634,1.1460476718156567,0.48645679169235795,0.0,-1.4095812692145386,1.0,0.17169164127151718,227.13105781880708,0.046599985721613515,0.03230101135166283,1.0641357601839603,0.13012912226134296
16.276639944559967,-0.2274728731962403,0.03930367383442835,0.1855752433969872,-2.1728785514007742,0.01043473926134275,0.011419564490247731,0.18979603279642782,0.022176009938070382,0.0,152.71070166760347,203.20229038692813,36.98971005856622,19.946391013975536,40.23427421824466,362.23004546296073,35.884004011019435,-7004.188758294652,1.814141008346949,0.6535768638490941,-0.8331829385891785,0.5529974600700271,-0.8331829385891785,0.5529974600700271,-0.0226368796271406,0.04336571571111602,-3.7024940541697493,0.004208918709499915,6.00209160937018,0.15634238371964398,0.679597614005127,0.17286401475861585,0.34541939937774674,0.08839083774846243,0.8259189433438356,0.4176230825180487,0.0,0.053008840336599916,0.9508688850441913,0.6756183812089052,170.40383211736594,0.48139642141339556,0.05702690843401577,0.7260392731449512,0.06789353183739083
20.59751784727122,-0.42431721941467665,0.061060221351728776,0.6099928160716731,2.3641227232710254,0.045315563905672554,0.003519101698253099,0.34012170839899514,0.02595810275810173,0.0,212.0839355694389,265.72278438808496,46.376707066575825,37.35279816337753,38.08364588481662,314.3162801735312,31.827090055719893,-3775.7220136112996,0.7745553806927914,0.9790912174772503,0.11371951458594969,-0.9935128947338007,0.11371951458594969,-0.9935128947338007,0.06887575828328292,0.45557029020929046,-8.739881499798301,0.008828914256882228,12.949892051015723,1.0387773876227486,0.40441425745799897,0.5715847501645974,0.2156136825164211,0.047671676271623255,1.2525674817747978,0.40564105452213406,0.0,-0.3481026424398558,1.0,0.7188847038520428,267.0574207311559,0.09931291617055048,0.23487765398004118,1.0604196778471944,0.004640524485754406
20.821546580105753,-0.9494959980467559,-0.009309427016570114,0.19144212133847122,-2.323134511332563,0.00014665146138410082,0.003604586568569318,0.01312936086279992,0.03670975628013247,0.0,203.04188089553324,245.03666950913828,107.48506754663761,58.83101914760272,11.788677808065874,63.7250050659844,68.9256205737019,-5720.27941768541,0.6541570456858691,0.136509686436462,0.24893980855376657,-0.9685189578512204,0.24893980855376657,-0.9685189578512204,0.02719624311863605,-0.22537496333093135,-19.76997515095453,0.0004819756373872948,-1.8902035715040884,0.16601187387554772,0.1456899851224086,0.1563206829053107,0.031244451736468178,0.031510153857973865,1.1579768870427984,0.3071696500219336,0.0,0.2224795485537389,0.9594111680107815,0.8893319194935577,184.75170680441408,0.2020307148902544,0.0,0.9740032405254477,0.0008615272148256579
18.853718569273884,0.34399771848309846,-0.1020309329123823,0.3568484753675787,2.624001642474804,0.027011704839795866,0.031114005568302756,0.4249579716939462,0.036732408986126945,0.0,183.34038343232413,233.22741918515615,51.86282590909886,2.9890645539354477,31.04946170711258,314.9691004730367,49.3559437785094,-1147.120590542727,0.12526160020881383,0.5101476846734042,0.8964562582905575,-0.44313223418263453,0.8964562582905575,-0.44313223418263453,0.00542365605716875,0.08948448140715345,6.485636172752644,0.01560973001817699,-18.70639036211391,0.7244021434466366,2.193719742320066,0.363621646078987,0.21940113244532458,0.2111122691355309,0.7250262916503101,0.3730509096990001,0.0,0.24496098773506025,0.9947865162539399,0.7562993153941953,231.34272248285882,0.015711837409851902,0.4797584659524842,0.9119227066165164,0.05228469043064013
11.838797620759816,0.864536552791151,0.1805172479376882,0.6293302410613371,1.080461957030888,0.005973820766083916,0.0006094389559027137,0.0,0.08838527166187257,0.0,186.47746602142442,234.23581521392177,34.994082265547675,88.81466314743682,58.25261631042111,9.486828678732488,66.82065817601173,-2719.0891206425376,3.2338395505229514,0.7240103382613757,-0.10730813165636247,0.9942258118156161,-0.10730813165636247,0.9942258118156161,0.07353805471787989,0.06274730411200895,10.235073284243773,0.0,33.6623989685813,0.1449837468140888,7.341470206819722,0.6070459974445096,0.2849760736557009,0.00755111943880723,0.9012891198590508,0.5366697915108486,1.0,0.3110755719086057,0.9525654398819334,0.4669357973541929,255.7595421545971,0.16018678457449417,0.0,0.8881599472438322,0.11062535629052377
20.66512470667802,0.2693454368421635,0.09275346546294125,0.024341302011894675,0.17695275042511138,0.011255070955544033,0.008903912688587737,0.15276463741629745,0.09450290030983845,0.0,190.7147957832239,230.16675576845566,60.4181541544995,199.4384508278968,53.15947087480378,403.18638982923613,85.92549446487165,-1624.0823452233922,0.781307125727066,0.8673423325358515,0.742280907086982,-0.6700888411055113,0.742280907086982,-0.6700888411055113,-0.08000381228283997,-0.1968162542642012,5.566057041517977,0.014436701300620974,17.689458223951153,0.01928227632242857,1.8381507165309876,0.024581616355991636,0.33005253710580623,0.12636361733078702,1.2100324997031051,0.4976493722792495,0.0,0.49380544951095795,0.9824643844174118,0.5429203062302033,240.12805988416432,0.022537013401439734,0.14404956249079073,0.9368524721922874,0.0077155662648995425
16.333620599593054,-0.07100205071661067,0.1612827013935584,0.6208256318429024,-1.392349581895036,0.07837647923939914,0.008674109091349936,0.9049393313264186,0.05260589463709107,0.0,208.39631433605632,286.0913792663564,36.39692753071613,11.541508439604831,56.13939346249496,209.8680442982445,122.22795914260094,-2660.5260158699252,1.9251899278527844,0.8533977312387963,0.9979887423155984,-0.06339140486951038,0.9979887423155984,-0.06339140486951038,0.021258922923329232,0.16033110911343848,-1.1597205581981829,0.04760514311671722,33.61072053658031,0.03677734372468135,0.8898925124797264,0.5650407260794459,0.04461898931126376,0.13157657573044587,1.1686200134674487,0.5812099753378016,0.0,-0.6077831638477802,0.9828520670860635,0.6074184487263661,267.7216529389688,0.08704628328698032,0.45900983413475616,1.02411374159155,0.29883275269612314
20.102786512678268,-0.5955537870690241,0.10345384209614493,0.003878729874277608,-0.8829541527184737,0.0021450020188458515,0.003141398510841849,0.018859253683110203,0.006973174904763364,0.0,149.53499012221042,192.38811178324397,42.430529473616176,62.486354628771124,12.378392298522558,14.917202175275213,176.399005480338,-3320.728704341154,0.6091792734559883,0.20199946042788697,-0.8945422369764496,-0.4469834295196741,-0.8945422369764496,-0.4469834295196741,-0.035818996916407754,0.30616199890357276,-11.972290638265642,0.00013150887450563012,15.469969255951748,0.09484486004477045,0.26322674351630293,0.0,0.2507078749119767,0.011896193100193603,1.0832706916542896,0.42987132669046235,0.0,0.11695084990293941,1.0,1.0,158.37113661252678,0.020969671616742073,0.01672792633324971,0.747674950611052,0.003908253722158341
15.531125197194633,0.359896760588246,-0.04603714038654818,0.4231292565665322,2.0480329644881055,0.1042617132451811,0.0036423955987964895,0.9499078494152295,0.028106714012979747,0.0,229.47422846239215,245.6610902717168,70.10625517507447,120.37174949023917,25.45335515629056,204.22464880066988,332.63255829234623,-1240.0470857183566,0.15065806311189883,0.9823209386598686,0.22177215755648186,0.975098513039961,0.22177215755648186,0.975098513039961,-0.021799396755258726,0.4405339634462186,5.589601646760832,0.026698788262198486,-10.564337270817978,0.22346568264088693,2.2884968692286343,0.5251706789119976,0.05835143248334711,0.04597291366811964,1.2779356795826942,0.6512163112102145,1.0,-0.6241074431987922,1.0,0.7936418058393644,299.0824978872055,0.030416663646288172,0.5023645802333594,1.1473711423119608,0.9417284705159528
16.943811860517037,-0.15616878070544454,-0.2347977938328866,0.33069106576686874,-2.7802809209172623,0.009146300842004346,0.0003211817848165807,0.06520220761064249,0.017303269572161363,0.0,184.59551190258216,261.34449980387194,30.0156841896263,7.975556940542752,151.29183228735658,160.90887669159417,49.71341200104395,-1270.277934776704,3.620103876286569,0.9813427876419994,-0.5716666713027052,-0.8204859638785327,-0.5716666713027052,-0.8204859638785327,-0.024150114601800356,0.08225797144405356,-2.6460944387593957,0.0011282113749869784,-43.34261894617865,0.40684634092696337,0.6999075061471122,0.29582082821737565,0.22670363310571115,0.05467560153906516,1.2693555454003407,0.2860791734135364,0.0,-0.7168216279261534,1.0,0.18562599622241796,261.294593598422,0.25580651978907143,0.07722163538237398,0.9229775595129108,0.15562029016167853
15.3272031006302,0.09479193817547008,-0.12290964255277458,0.040747288807401076,1.6873406618052407,0.002162820742481397,0.002837737277537646,0.0,0.0119852657479282,0.0,183.25984542776507,220.56570566015347,61.89474375449001,1.8387370385419783,30.23893833142726,38.87665286423779,4.6094472933823685,-2199.8950248248225,0.6294706466128125,0.9690586478315735,-0.4071294853542516,-0.9133704517637858,-0.4071294853542516,-0.9133704517637858,-0.04819121465612039,-0.38002136440283674,1.4528952887178113,0.0,-22.524402095803325,0.3240265830768801,1.3171910088163878,0.0,0.18076664451392602,0.007597197566304593,1.2797254328608019,0.42860106437426304,0.0,0.06690526655758972,0.967401698387183,0.7458207462627287,201.22673577710532,0.15170803917334155,0.06516445039313012,0.8864294285649629,0.3240691262069414
18.816774524393075,-0.16609964358871518,0.06365220467082366,0.34834186314801086,2.059758113625114,0.004228618547915396,0.0016965817005172577,0.049202007980798136,0.09884744280350183,0.0,187.16224320948163,250.66086844664218,48.30248231249034,9.706003775082557,2.0631523305996504,81.7488095592101,63.34617180341513,-2093.4526124327467,1.2021007277782743,0.6136128096955982,0.9997451236925734,0.022576263041545485,0.9997451236925734,0.022576263041545485,-0.08262900915116733,0.09539795119891387,-3.1254595419909053,0.004863492669699384,11.9132894114204,0.19774262406638285,0.690548705044771,0.36544827378959,0.12818711660623214,0.38289801817538294,0.79040516063334,0.6324708657182492,0.0,-0.32628958107486367,1.0,0.9349086361281203,231.33785385942332,0.02363619085282884,0.069449870696241,0.9358112160474081,0.07401750382848138
19.134527380608667,-0.2297682935285283,-0.010174791933650049,0.38658230068443933,1.2941282556629696,0.011301440295439417,0.0014903824484958587,0.0853438469191686,0.01772177610081768,0.0,179.99265135695615,219.7793549218488,47.446291352033235,102.13374126814767,172.20592002856125,158.78928873266668,98.95103253669012,-1812.9399812635218,1.7257784377178536,0.8319352584738386,-0.9926289059345095,0.121193461470736,-0.9926289059345095,0.121193461470736,0.019439211776268145,0.14839191629875,-4.396507703717353,0.0015124445466839645,-1.831387777143043,0.4557275023820616,0.5376774411354384,0.3511838504183218,0.21356760472907574,0.0636314990701804,1.1389344879774275,0.3412379361472322,0.0,1.304090299708527,0.9450917800602264,0.2411889641173715,225.15239515674963,0.023268396935347546,0.10200539344716988,0.850547876343527,0.027231650323972147
14.104143140516976,0.49706757844327704,-0.04198498589157446,0.26052048388077503,-2.799129744921565,0.00010896211920007519,0.0013979439175597322,0.0,0.004587622423202758,0.0,233.00078299464522,291.53995502853775,56.299794887861665,103.08103690501773,26.177427529177976,13.204465729466326,7.571037375275745,-1279.6223772832602,9.035175781205972,0.07603360770080447,0.2717767384711357,0.9623603298276545,0.2717767384711357,0.9623603298276545,-0.003293494170637197,-0.04703719952193135,7.01071227687413,0.0,-9.782534586755983,0.1649038174908374,3.1578069571898397,0.27271282889143944,0.03210998595192519,0.08052299159069737,1.27904879591914,0.44826736627490843,1.0,0.39610717262729317,0.9944655981401399,0.772088731205417,224.04611562957223,0.07198286915060922,0.0,1.158556315139454,1.0
15.485144814762918,0.40752441043061877,-0.2495553501651347,0.564631390758528,1.5246458303501527,0.025285161082066052,0.0014976957381810797,0.2994663503168296,0.0038281856604235626,0.0,180.56319295656766,229.8409825566396,37.291181430910115,179.23928519316036,69.6897117130812,34.46337908323852,7.5018330855629385,-1540.8275008674696,2.1625671678635836,0.2554604167081139,-0.10730813165636247,0.9942258118156161,-0.10730813165636247,0.9942258118156161,-0.015029565698342844,0.043023855086689,6.310574511069012,0.0011464127880622664,-45.06051084521103,0.7356274814864949,2.580237583179657,0.5601546411273358,0.635701956456035,0.05965647186729232,0.9824421810472517,0.4839531947727912,1.0,0.6540320449364003,1.0,0.5507889445434648,184.334166611323,0.30772318927548786,0.1896614493912558,0.9028159647828383,0.22737375602421445
13.926663165083582,-0.26345567630807176,-0.0013127264244281612,0.14754412665600847,1.4021801319567384,0.017717613586927927,0.002246776738570682,0.3350876980814179,0.033226784192321855,0.0,196.60346803177583,261.608430591481,31.552844118831985,22.185116185244365,59.7132719599394,167.93092299079473,189.86095256848276,-1392.9476225039452,0.9239938444916462,0.09199590046689088,-0.7825970017677834,0.6225286602431057,-0.7825970017677834,0.6225286602431057,0.03795873440398825,-0.09668526490977845,-3.6690584628718064,0.011133886629653176,-0.25808656761952936,0.019594545708114478,0.5379500412468465,0.17503793866082648,0.010834015718053565,0.0016783012025555673,1.2695999745759032,0.6122928229135903,0.0,0.055554989068090976,0.953873157165179,0.5427147424491945,238.67689164959634,0.04761582080560789,0.16173302786704585,0.9376738538054668,0.43851476110555077
15.085378832142387,-0.33075878053706853,-0.10817785502523014,0.0006748298307185428,-3.0593214040857086,0.007315067144724605,0.0036975818971631807,0.10593275933169638,0.22788961772706107,1.0,218.63080877575214,265.42524520118246,30.5765872170882,33.85087035946362,179.27740971497812,438.8879692696845,20.32864184496381,-1042.5485516060974,0.9086399995577124,0.5055607170423029,0.8992961915530253,0.4373400963303323,0.8992961915530253,0.4373400963303323,0.022596741097526393,-0.026739121578066627,-4.989621506459123,0.024140976028873048,-23.65101193579213,0.05477511543824947,0.464313499940023,0.0,0.07195537620311643,0.026379804781054568,0.7126313590535671,0.3332337643999348,0.0,0.560617990967244,1.0,0.22359567493614899,225.2401374200988,0.0038002972748114356,0.1207656660626717,1.0931540438787608,0.07285763012927844
21.451121654234107,-1.026673598568793,-0.07243825807659221,0.04337222179571628,2.464789077027846,0.0008975568274334133,0.0035194229106800252,0.14334212531871038,0.003546677669510296,0.0,182.44953141886717,222.61973280529185,75.31098377815397,30.24601720468933,366.2272049870087,69.50128907940012,63.8058938476632,-1591.0061640609842,2.1062838773623596,0.9647301595111575,0.04514101777397193,-0.9989806246941579,0.04514101777397193,-0.9989806246941579,-0.013341822728930437,0.20349739706252482,-22.02330026208949,0.0005083883149680165,-13.216326242873219,0.3853110237589613,0.0407321782191859,0.032044608627299145,0.3728855572417778,0.08567700356150103,1.2764420265569014,0.3517474081554182,0.0,-0.2064221612306846,0.9922122691890277,0.0,231.88275627065482,0.07723793289372768,0.09504688678319778,0.905143317907945,0.00042218906015819923
14.156714185938684,0.14949982889339658,0.08501040968971368,0.29730819942394265,-2.3109817862264714,0.015438431018859354,0.013810688945409011,0.31226679996663886,0.08429431116889029,0.0,217.60298983658018,271.4582876150234,55.809233310603005,16.191476143317843,44.21230907959902,29.397368188425318,11.81766544575748,-8000.0,0.07498485930999219,0.6491707502322052,0.945320046913132,0.3261441535642696,0.945320046913132,0.3261441535642696,0.1525461841113699,0.27780474804032734,2.1164263484905534,0.026322314804101476,18.498519315714283,0.22053071197242435,1.415765462898177,0.35470422081726655,0.3538407461887965,0.03966618983257747,0.7937919204309334,0.5116283793615788,0.0,-1.6358199605259047,1.0,0.6438944221900951,292.57117430098526,0.04750005202158043,0.2561999696417231,1.088014949182901,0.37431652267045845
20.703347670814644,-0.6167219406470676,-0.102914195408401,1.0090494151311116,2.895179773059229,0.004041188357290618,0.0043346466701382706,0.0,0.07870245607630788,0.0,182.130370978638,226.39299500663267,37.43012269015408,135.99945681353475,109.70284670077133,10.413585279200634,79.81297361476565,-7357.142652152404,1.3432495196775145,0.4612521170229331,-0.6788204829862355,-0.734304263829602,-0.6788204829862355,-0.734304263829602,0.05089943579369567,-0.2541417843868505,-12.768208753435754,0.0,-18.74380058870012,0.3677198954339988,0.1809767167962367,0.8981423065385656,0.24742455251852397,0.01852178610732624,0.7375166750253797,0.16464282664885657,0.0,0.6316116161513491,1.0,0.36084112350898534,181.9301818886373,0.012934881281021295,0.03624701245555369,0.9106518548931901,0.00041297358716318625
17.865693564098173,0.3954069312857706,-0.0933689305373192,1.0762043470763285,-2.696927978278218,0.032554724218542566,0.005062224391814478,0.353033092584545,0.015822514116427423,0.0,218.73950423590702,239.80191143492448,41.2336345012498,85.6501673997603,82.76300400966925,264.8713843842691,51.01373659492834,-1714.1556613655866,1.4913505913691834,0.7928357359327023,0.7971015927871943,-0.6038452208771035,0.7971015927871943,-0.6038452208771035,0.12224003540546202,-0.10226447688626308,7.064219067472,0.005585871090984993,-20.423473576770043,1.5613448751197359,2.4729220990442955,1.00992996116427,0.09585779477698235,0.011229518365911469,1.0553704998060818,0.5077433098723692,0.0,0.23079910457649333,0.9786161653602631,0.42366638739619084,261.6435467748267,0.01111046455001633,0.23984658028818,1.0703100742407416,0.10551585525106856
17.104217737751235,-0.10807463797361952,0.018558032741011986,0.6839465074925984,-1.645883979819586,0.03258513896295339,0.01802582515048597,0.28335662521467164,0.01790226790747741,0.0,210.57315705956503,251.5506461149123,66.68720664927247,66.62648358243885,103.1892553084287,58.112188791174674,271.8122287821228,-3908.2949128950286,0.4639716884164603,0.5503362035325255,0.062318379354325076,-0.998056320853012,0.062318379354325076,-0.998056320853012,-0.020747746210333984,-0.31769089836871367,-1.848532139829426,0.00507272621795172,3.907823543089667,1.79489413845071,0.7462299614597995,0.6426917613471187,0.3714715761659558,0.015477924249727321,0.7299030637495089,0.37849628499920773,0.0,1.7193438602613726,1.0,0.3743074471590762,246.1851542949199,0.46638578796028,0.1914248278706821,1.0528657852978252,0.031206350994473612
15.174334727240398,-0.16799203435095383,0.08723620916133092,0.08954518927122014,1.1953269413052894,0.04606901016736079,0.0015948040510114917,0.3124737175559982,0.10776929299545307,1.0,221.68903604611322,314.72057068649485,36.355004878499,35.01655989927666,30.30541314666685,113.31830874155351,86.2890165738158,-3684.2783399960153,2.4054446893675774,0.4576476669503954,-0.2593382659754056,0.9657865518844574,-0.2593382659754056,0.9657865518844574,0.012484956051509328,0.3676648517636412,-2.5491673607514405,0.033675071620670814,19.33931111729256,0.11961712638483328,0.7283614010708666,0.004902993850813456,0.2594155894699125,0.165126921049619,0.7114922368994004,0.4925983961769625,1.0,1.55468193092542,1.0,0.7556863171588252,260.37888287814667,0.053992885626069576,0.08561515438459816,1.1084451802305662,0.1491658623099571
13.86835551841613,0.2388664202088164,-0.04027058954067963,0.22835577811031846,-2.279280042930588,0.00061275919778814,0.0032427729565006613,0.04170367884976687,0.04675070569904535,0.0,212.09354066669678,234.77294727858992,39.58570328037144,26.381342393310504,442.88492030085604,93.16105642717665,131.1353707065189,-1971.6131967678161,3.524856527913203,0.6293281810183619,-0.6788204829862355,-0.734304263829602,-0.6788204829862355,-0.734304263829602,-0.06191346310853324,0.17415590389782387,3.3126844368672455,0.0019496764164729531,-8.541131920417989,0.415491438905819,1.8107679583860383,0.2043864367308253,0.32420436674483416,0.12166841722318494,0.7798226937859145,0.6597369869007211,0.0,-0.525014302653362,1.0,0.06436987672751644,250.53022654247178,0.14842148440076766,0.08651409456491367,1.060467703333484,0.07760042413457026
13.334207232316935,0.3657739566487045,0.14672154050229072,0.09627559777310235,-1.9794072172624926,0.014672257105358457,0.0005386313431665441,0.041507609248738156,0.25247100104597886,1.0,228.07663884783634,281.6923861931503,53.412091624391195,11.050947385785834,18.15318621247853,428.07241776623783,210.01209688942154,-8000.0,1.4810441218620252,0.5118006868657011,-0.7379428103031386,0.6748632518680403,-0.7379428103031386,0.6748632518680403,-0.016523915738272943,-0.40020067998383607,4.877305738138336,0.010479467658054253,33.46375580433915,0.17145064958066578,2.2643119471967044,0.0673716061609422,0.909039310935271,0.019081190892723653,0.7137082793057373,0.4704112597778063,0.0,0.163022765378452,0.9905932401872771,0.8650679914731473,245.18830219046328,0.3097667679393323,0.09069667829326654,1.129655883436508,0.08094286683631119
20.308456596957715,-0.32169736794085335,-0.12786691779251602,0.13139276510287162,-3.0713991463067214,0.039815049586788304,0.0010102953382638909,0.4465808234277708,0.07312825271547878,0.0,204.75168927159265,251.10824884759404,38.62507687995034,30.965890052522628,89.93275303093611,60.450304365869684,15.335564822340144,-8000.0,0.23503293457819502,0.641545212392968,-0.7157953492826642,-0.6983101158835584,-0.7157953492826642,-0.6983101158835584,-0.029197963731652496,-0.012906952491892205,-6.533177034182357,0.03265767531351263,-26.180967419969523,0.9764883663324379,0.4765320758669664,0.1801277736923057,0.24561961949954647,0.008820742750434622,0.8520623652127918,0.3672863261428489,0.0,1.6840774244086378,0.9513668910762285,0.4264895635772704,253.10697913983938,0.05389519247711125,0.22254699213706203,0.9739698903246053,0.0027079130533569197
22.40996592262234,0.2070709860413178,-0.1454055600608409,0.15783687766758273,2.051334815374071,0.033381848001442074,0.0015115611257825873,0.17823067170029872,0.15314964226932476,1.0,161.62067514237222,239.16697357009082,39.75664309812391,252.2037987764013,23.556703736159008,170.07396954168544,52.00978005546847,-1465.5933280438985,1.3267816591890729,0.8026370207544916,0.14782713347053048,-0.9890132145779883,0.14782713347053048,-0.9890132145779883,0.14977526233284183,-0.05669181443003399,4.640453740749738,0.027295963612322213,-23.50054478648786,0.012051179098984087,1.5953909505899861,0.1534232776906622,0.0715507594257141,0.001777491912281908,1.1161848995211054,0.7328434715644285,0.0,-0.1523248981092504,0.9645034170995097,0.8340958759136913,198.52544049250966,0.0355205958982108,0.1372281823210349,0.779418467243739,0.000679334175246811
18.810584913044355,0.22768422172658984,-0.1539285998285257,0.6252969741366079,-2.9052361823522364,0.010293163030448556,0.03124130670034227,0.12003093025224604,0.052432628199525856,0.0,224.02560039738412,257.36002568399954,85.73932030887687,14.929083922015279,28.767941746697737,59.06635995164959,287.9543638700335,-3387.294649856474,0.45973521540289675,0.4624185115456131,0.10303137904317879,0.9946781061893646,0.10303137904317879,0.9946781061893646,-0.034623864885288534,-0.15118778883950182,4.282873386148436,0.0062935371383592365,-34.48394699491415,0.6422269250028211,1.7124341686537135,0.6146464094115509,0.421517258046299,0.006357065576621719,0.7122036104478874,0.41299848194460753,1.0,-0.4692615539355447,0.9206658733369627,0.6823494024542499,267.6587969436532,0.22028307697805363,0.13475646969355232,1.0312636251984755,0.013679928378368851
16.102411134227925,-0.2891861681474284,-0.16521837644104315,0.5451259714925918,0.8329808245474872,0.002090696335575668,0.009416825334762577,0.0,0.043968609635176535,0.0,181.08355509286045,232.6031066370637,37.96691264687404,6.87128356430745,85.62195350460327,32.99990680087385,119.3634557674264,-2571.4915629847437,4.440486265670948,0.41502124870996493,0.5376773767406141,0.8431506618282,0.5376773767406141,0.8431506618282,-0.011701690840421126,0.2072554634072794,-4.65659457384186,0.0,-29.918330972614594,0.966732192785888,0.5186354277087942,0.5261340451564469,0.18911725096303925,0.07960064074762108,0.7904014250720723,0.27232190974444326,1.0,-0.03143205119262298,1.0,0.38714436354230286,222.1034934832849,0.08619637531277206,0.01600714039520882,0.9054177754643022,0.16687520461119482
17.396895551285233,0.07563880354966028,0.033654896516011626,0.7455209241691071,0.5171521954011227,0.00756361493986793,0.0025798364413675136,0.14302262603587196,0.06565133647965686,0.0,188.94445392725916,249.23741918516112,42.08103826082015,3.925945177330057,3.8952817369834483,141.83490725651842,85.48342759725371,-4844.166323954663,0.1447409608568455,0.5586655372613355,-0.2112757555821793,-0.9774264960104055,-0.2112757555821793,-0.9774264960104055,-0.07268351534311968,0.2026773684947473,1.3158803649776227,0.009389626546085161,6.3589060441962335,0.27406242544969056,1.1708829089330186,0.6929211314981223,0.22299860435501834,0.07396628679004424,0.6699228704307838,0.5991030115014375,0.0,-1.816759998892675,1.0,0.8925331349819792,190.88668946829094,1.0,0.08850822727267446,0.9447222696362958,0.07803475308080322
18.534379494663774,0.0809554548613694,-0.09777893193891725,0.03599095528148004,0.07062463996046375,0.020545442153682546,0.004419433612785669,0.1661164141778778,0.02877186045543489,0.0,207.46604865140006,254.77662860672805,47.69525409234103,21.947967813257684,250.1419974894762,294.61937214045287,81.81120737312962,-1056.7904082276114,7.517245199427117,0.9047536341108595,-0.023651127245231586,-0.9997202729664083,-0.023651127245231586,-0.9997202729664083,0.026686168387943306,0.05389032193633943,1.5004591225637438,0.004779478288083126,-20.28580865072134,0.6586327575684433,1.2095998735258655,0.08053065001526881,0.05227679012241528,0.008837100790010639,1.2144966752742528,0.4570799643171797,0.0,-1.546137111617357,1.0,0.10939861687021055,284.4403431218391,0.006462134796219865,0.018392014771064752,1.0373302432570002,0.09726742906226793
18.38569583928365,-0.03600719274178536,-0.14101923638492192,0.15802605191070668,-0.7844071490339561,0.025784300081275743,0.00014449645564660322,0.2088636900592058,0.05821255586893642,0.0,214.30211274955013,252.78881693310555,32.929196211317866,228.24358306169648,157.66869985685258,8.572556486491303,186.661491494095,-3068.5176533374943,0.11632929757286192,0.42298228375891,-0.023651127245231586,-0.9997202729664083,-0.023651127245231586,-0.9997202729664083,-0.04501127050450851,-0.12833048830395752,-0.6620172937769275,0.012158489226563738,-30.220720295617,0.0919105907062678,0.9097017645887494,0.21852990056157343,0.7381639799686436,0.06250724105313753,0.7205126321445153,0.47293086498988757,0.0,1.2579432048283627,0.9311932058924661,0.2273493215133849,236.40332809060962,0.051184057701448106,0.02867991760130334,0.9977833570039116,0.03993957837501648
16.443088906538346,-0.5014671228663297,0.03797966951356056,0.11706508016518724,-1.2593855500225248,0.009682903026206046,0.023976313002799565,0.20947951538635362,0.008024660327773466,0.0,196.6684230452798,246.33548054157475,58.24034139226487,10.903509369418728,116.79105548853764,66.13463026890481,28.02798610762084,-1823.7011393458974,2.1121268875316797,0.8477497199876857,-0.8235472349556007,0.5672476988027229,-0.8235472349556007,0.5672476988027229,0.04592728645131678,-0.12664960585332485,-8.245668484997047,0.0016810019566020832,7.4694017110128454,0.9984261691033238,0.3946180256743046,0.056456780132004364,0.02884540886095936,0.040288094459661195,1.2154661763364283,0.5979305410091705,0.0,1.3695961326872632,0.9817357842092544,0.3802808674419469,263.190319293837,0.1094235103297842,0.23251891002754915,0.9653821426377759,0.19494555815627576
18.458462425184294,0.2811829928665377,0.08239492471907173,0.08336619662086268,2.871085973731078,0.020208743754040307,0.02188554836802452,0.1699304207190429,0.06547112549035541,0.0,193.2803928995112,238.63794924157625,31.65790152517814,2.1216362868071754,3.6593117921029297,32.77113360232701,96.27549541857002,-3877.93262880761,0.8740173433802226,0.6171628705814465,0.5663619330814524,0.8241566360566663,0.5663619330814524,0.8241566360566663,-0.08941623037739121,0.008785350140380078,5.1902057084278495,0.01112553589952535,15.925323422627832,0.9264263973904356,1.8709758893617863,0.16436898929619437,0.05182846249694095,0.014488186005998722,0.8059686200408711,0.351879543213276,1.0,1.5865558897366185,1.0,0.9816516169595528,238.9434868320346,0.010283832028187806,0.16410887326776333,0.9664019644975561,0.03377746295376004
19.47025996786507,0.14501967151436962,0.1050858396915399,0.043196574991198874,1.7929589232640097,0.04737475740887555,0.013472203970725183,0.4848328342960685,0.02322906914002254,0.0,190.23010256836184,235.54556505920846,50.41652079881764,75.36077205621721,56.06785814766657,84.9804067644294,156.04845636083166,-1923.5643397352387,2.1153044013441256,0.012397146592553865,-0.8437282590292712,-0.5367705514607103,-0.8437282590292712,-0.5367705514607103,-0.006081164504934728,-0.09142727147992413,2.823570704839173,0.011262215429216467,19.990490063004064,0.05328974675443847,1.409305946789994,0.00964744591803162,0.030203689361162935,0.03479985799916759,1.2476017642122674,0.45220670397525303,0.0,-0.3595080038335974,1.0,0.5392365106680275,228.01924090554968,0.01098563190587134,0.2924436489534747,0.9511505128418092,0.027730695797828893
13.724819437535455,0.6522039313831665,0.08752844646697741,0.2713140190465792,2.656107252803416,0.0057110897404566915,0.00013796646561421187,0.037249276707674916,0.017161231348861,0.0,260.98293059721493,324.9436157955325,31.65708722572535,10.623920570285229,21.441909633487608,219.2439528163388,41.66230138958335,-5235.761751386157,0.24124202426446445,0.47620257154743195,-0.9998699583618592,-0.016126573270657762,-0.9998699583618592,-0.016126573270657762,-0.09228999502102586,-0.001164290823415682,8.951381194684723,0.0006392434551581486,22.843430469573207,0.09878547819800383,4.515043238609702,0.23368818808695854,0.4114427167232512,0.07446189186252138,0.6902561014618723,0.42420370541820224,0.0,-0.0036493718970951796,1.0,0.8137101397551405,298.39223489343465,0.030190287212114107,0.0,1.3049146529860747,0.027364188937425097
19.021131788706782,0.26658385176393856,-0.09181034660425894,0.06184406583698136,1.4696241801577035,0.0022440945725429855,0.003626212578938544,0.07318018765974416,0.014298282577047787,0.0,189.49936433897886,245.5436080880732,90.05237130899397,61.3549334687142,51.527356056311234,20.847368085687382,187.47930587968636,-1254.7414818918376,2.4894131269988744,0.2105354279555487,-0.7944973291665992,-0.6072676460566135,-0.7944973291665992,-0.6072676460566135,-0.02452564783758663,0.11161621923672545,5.070726577142948,0.0010463510022004072,-17.398002321248395,0.5658162977308043,1.8694213285309744,0.08548374942200185,0.9202149939336323,0.2929366222128985,1.033914197439374,0.5235059235476854,0.0,-0.17678860508890756,1.0,0.5035660944524047,193.40195231328772,0.0396692909411061,0.0,0.9474968216948944,0.03005194156963372
18.864590443467783,0.418189160190516,0.02760909644497053,0.22675138788147495,2.067224019539559,0.018868991567146522,0.011542143613989742,0.29298440789772484,0.04000996123011852,0.0,172.52458576678825,230.80108892650276,104.65849802739078,21.412098238854586,30.7160079229125,173.70788883890356,340.0232191194665,-2000.4096558893577,0.4398185124209052,0.15036636007554371,0.9972495210773451,0.07411742515094437,0.9972495210773451,0.07411742515094437,-0.014360642534189477,-0.3067056926467204,7.888967234891826,0.0117222948010172,4.763247927563847,1.2232582901795084,2.60442914925994,0.25485359488319675,0.8944989088710291,0.1823464013171842,1.174562903704418,0.4574280078734194,0.0,-0.12948227497506307,1.0,0.71512153417337,170.0478308348782,0.23729612264442593,0.19332678009246743,0.8626229288339412,0.11109503675050922
21.44246363883257,0.2648253253026226,0.049687157739242434,0.12179272202769863,2.9165001906408214,0.003684664984191553,0.009807569614540618,0.12041019553104552,0.1535858394222841,1.0,170.84145626862878,225.7958990111226,67.15941273335079,12.39150275096871,158.1138027876595,26.15471112123522,70.10592025633345,-2153.437647423113,0.818219175429808,0.23443788632198959,0.5467112728685939,-0.8373211953118121,0.5467112728685939,-0.8373211953118121,-0.02995157321617616,-0.15163685683708095,5.678507408443492,0.018493300955636987,8.488626386021245,0.039898667810283284,1.9084454823835943,0.11822951576878335,0.1834524864028734,0.12848048479006977,1.0563421438057896,0.37243004000395286,0.0,-0.1329545281776886,0.8920672957399262,0.0883856878778738,162.11508850499044,0.00528133152520132,0.10855775463568479,0.7620103794691326,0.0013669545101869305
12.378478097841372,0.3983416511636043,-0.04748832450890927,0.025090522446342783,-0.2912598407952758,0.00501991687004824,0.0007701689093470574,0.0035323117447727953,0.016606085520861767,0.0,228.8479551299436,293.24616112367454,36.18105219969396,61.487481837667666,159.2575246906681,84.95087645011965,18.56208532845705,-4168.085239498985,1.9588652327765492,0.7124193471528398,0.3373010691361842,0.9413968285264122,0.3373010691361842,0.9413968285264122,-0.025010813289531544,-0.00673859216374596,4.930863404386644,5.865787092004148e-05,-10.867605956411069,0.21739391892188661,2.397868926532224,0.007776285280432393,0.03154463233474223,0.0026462600295173847,0.9590881872703326,0.5829789932063327,1.0,1.0725871151823902,0.9449450024151941,0.2198271605170826,293.9207076906947,0.05486516586752451,0.0,1.0812436575648838,0.12349045955775902
18.067297946350163,-0.2933905661095128,0.016475210390471503,0.14799975664433673,2.5566046867063035,0.006094131725934073,0.002338940124610222,0.18184601411992293,0.03381208214849483,0.0,195.0897032047755,264.65359871338507,56.49912179423462,12.949402155353809,95.74002222479118,155.67660650487264,88.5821943817728,-2715.8537584648147,1.686330573065729,0.6273827248993503,0.8992961915530253,0.4373400963303323,0.8992961915530253,0.4373400963303323,0.04855841346786763,0.31306897944473594,-5.3007747725489125,0.006148592367799185,3.214143905313319,0.6384720077300244,0.4541762161855508,0.20661740079249186,0.05900498043930281,0.08337323639965064,0.7991077354644107,0.4070243267218299,0.0,0.5146520356707316,1.0,0.3699246953136827,209.78008676022398,0.01594882744238486,0.07754393950951913,0.9754485160238775,0.08343902254128903
15.017077167189369,-0.6548325389244852,-0.12516182299616832,0.09440265485758002,-2.870949707456963,0.02067887517092107,0.00031262291216772875,0.115153615397189,0.05886424563461199,0.0,208.23671616477884,253.9360176368333,59.53050774275649,21.743878441422883,35.42650932157575,206.93695370560695,38.35605593443606,-6278.633060539964,1.081804362236717,0.5368531283320513,-0.9410336347451197,0.3383130181923076,-0.9410336347451197,0.3383130181923076,0.1087227159271371,0.16906671000145046,-9.83367076861553,0.006778430702453771,-26.063287009919392,0.20817714074525195,0.25457331997411053,0.06323769121472866,0.18547554309573802,0.045620341976952104,0.6952561783321755,0.22661193831073934,0.0,0.1667849566085048,1.0,0.6950751461018737,257.7610400513821,0.22644260182545525,0.04894125860104199,1.0411835808238943,0.03344249996258172
20.299021240311962,0.01587459107767194,-0.06276001760942014,0.7452368028575308,-2.4638120383585345,0.010153805069929592,0.047462177699129804,0.02728985936149529,0.021529938184844884,0.0,159.90206417543163,222.1940977635436,43.31552275640868,117.92122852216384,89.40197789523536,165.11118076949657,93.41276412152109,-4546.612822126111,0.15640116416525782,0.4952685404199474,-0.6788204829862355,-0.734304263829602,-0.6788204829862355,-0.734304263829602,0.01696536007797769,-0.0007168051167754384,0.3222386614669294,0.0005875489851261041,-10.035456363432719,0.24805456785859137,0.9932234770915243,0.7417983496577111,0.18041766151480965,0.06998177910242619,0.697270568905999,0.3333448889709096,0.0,-1.484760858184904,0.9914006150288889,0.36242911099521524,179.1904560565115,0.1175183511125941,0.2919438785973824,0.7926350238395589,0.00200030622732533
17.374377772589238,-0.12431748330740805,0.03717873055880829,0.3579754609351038,-0.060479835986544384,0.05909556161401097,0.016483640570408097,0.5781755425588998,0.0009674235257675135,0.0,200.16421725173197,230.72139281813037,41.89323725236309,92.99287365153567,74.10069024426284,226.22274169388982,140.75536139338243,-6237.653134545442,1.162601692510597,0.3891780058269044,-0.7494423368521954,0.6620696215153815,-0.7494423368521954,0.6620696215153815,-0.043002179550850464,0.08046174142298543,-2.159938918720464,0.000559340621894876,7.4418515007169095,0.4939641160589321,0.7041481368811348,0.44266483443563054,0.07412104601872367,0.1073619403010395,0.7903351448477972,0.4521331973374631,0.0,-0.2918870526675613,0.9922784145996546,0.44319092316398917,188.26956489351662,0.015430692240608201,0.36678287067561827,0.9930931607706472,0.04417984293657923
16.460268861799413,0.2280913808242118,0.15075426543471948,0.12356453875648307,-0.28919459601969155,0.002768351821473173,0.02677048143228002,0.1323635634356107,0.017599128080674136,0.0,245.99363951316639,262.19779999864573,33.70411507862628,1.2325517112343463,25.407790562693997,50.18696705195044,500.0,-7624.84695240477,2.8552613511830733,0.886567895380967,-0.9358348973349941,-0.35243871088460327,-0.9358348973349941,-0.35243871088460327,0.0032038719656358274,-0.020300773543044992,3.754445453425605,0.0023294833061177486,37.08459042642058,0.06900501872476422,1.6674368791198289,0.05671037540845683,0.1478601389197507,0.04522904080926596,1.2973959228139258,0.3171363239725026,0.0,-0.2412508845360034,0.9607782313950992,0.8102621931886589,341.18608949194913,0.21705867485693475,0.1037177941472178,1.1817266695295179,0.14663034894786425
15.893253458030532,-0.6759158507477077,0.11514396133218395,0.22109618571791184,-0.3882186676734598,0.01526109187874761,0.0009014896875546258,0.03559577684311557,0.038967410816560334,0.0,204.16707376600834,281.5631492751892,64.73729451016112,1.7055583659435887,21.15039860473333,139.65012593433988,10.541864994786119,-1304.291247422651,0.34721858247556553,0.9324542380662963,0.998376906467142,0.056952196034039754,0.998376906467142,0.056952196034039754,-0.01771345830376153,0.21544475476986605,-10.742501932233655,0.0013870752595802895,23.508605647018413,0.08745374078567388,0.1716215096045852,0.19816370936421757,0.13709439303795978,0.029185154884670123,1.237832489334814,0.3713610492250382,0.0,0.13372312612160417,1.0,0.7375625587322153,193.76362286974853,0.00944692873796944,0.0,1.0208353688300418,0.4160965234737227
15.450994195786134,0.11806231406207453,0.06608584777343189,0.868071654585404,0.2336820399848567,0.013275677972597573,0.02083907879607793,0.22190519413984117,0.025850053164325287,0.0,241.81940666581204,286.8190300623097,44.58014995890232,10.439607143335952,73.62953246396233,34.93981238054662,185.0773812397267,-2218.7937523019536,0.6173724138707217,0.7644377975378303,-0.9223291176290545,0.3864052261209853,-0.9223291176290545,0.3864052261209853,0.044469643229894495,0.08675063027891951,1.824180129314193,0.005736261065954818,15.980840497578475,0.3150078586107426,1.3442426419990712,0.9193284176766807,0.1779787686496109,0.006717948553912659,1.0748427759911996,0.60166503217974,0.0,0.5049138786372271,1.0,0.5041691303263476,295.64099926407425,0.10587806598783887,0.2617386896742148,1.2090970333290603,0.14136853947622066
18.96644916788102,0.26289073680088604,0.007970003877477616,0.25024242941744873,0.2411033681613528,0.02212871085202177,0.009183460234675637,0.21581239903841995,0.004645878173244447,0.0,202.71878825042253,256.5058808498678,51.05178761206534,135.4024493113259,24.735628851862856,109.20000732279553,91.21512186912933,-4914.547746701524,1.4072347675967194,0.2882245464984926,-0.9231578729647039,-0.38442104726885545,-0.9231578729647039,-0.38442104726885545,0.014393061341987912,0.25576004887665377,4.986103796240793,0.0010026381142081162,1.6156695283934315,0.07286272796592717,1.8770737315914399,0.27664243149369944,0.020887530896967533,0.10251370878239295,0.93596080289241,0.5561396400121594,0.0,-0.8769684709216901,1.0,0.7403013302968576,224.92652154595268,0.2157967350817165,0.11954324964335061,1.0135939412521127,0.02648034700667709
14.40375602325173,-0.3123078157325013,-0.007523051297531867,0.7010208762453872,2.328326919061918,0.007706112365205433,0.031902685757972046,0.03368777129344093,0.041799538685088594,0.0,263.6937477064342,295.31551076798905,34.14916770743874,72.29109189985269,61.953627327817074,5.635381263111791,204.9204272510882,-1174.7877587464013,0.0054040387762013895,0.91386408243174,0.9335418911179212,0.35846832151248087,0.9335418911179212,0.35846832151248087,-0.0788897474055972,-0.2710677364809559,-4.498405581965607,0.0014081332993946011,-1.9837815908339305,0.15854561845287832,0.4915988325509629,0.745721755740669,0.34983943073759716,0.00754279340952158,1.2817337019096788,0.3408213178428648,0.0,-1.611759537866405,1.0,0.45414382572122136,289.86686099234396,0.1258812723143403,0.17193297919931752,1.318468738532171,0.20096104549704563
15.21111515954953,0.2172199222186339,-0.1447599953887652,0.07524843147514629,-0.9681583514019945,0.02460707603564282,0.003630564122194186,0.3558513969912209,0.11916971924912688,1.0,209.57976410849196,240.5096084045207,31.469089593190755,16.882878771320627,259.38643191579837,55.13001383923281,103.27675199846851,-2211.307209673556,1.7068219751384324,0.8191353767873587,0.03439806061360801,0.9994082116062598,0.03439806061360801,0.9994082116062598,0.05489677438621948,-0.16123810801822555,3.304157251816032,0.04240671107385339,-30.338765685923793,0.12569160189798234,1.7017285337628871,0.009104215861579154,0.850703759914221,0.08093116466347597,1.1318122227466794,0.5100170154915532,1.0,0.5523897083783617,0.9522016664660229,0.13604789232788675,269.90709889724394,0.2660985239519472,0.2923230712043047,0.9978110032083101,0.99995232133112
14.296593555807096,0.4203525519443819,-0.08355065338895054,0.555840508165874,-1.1545921272476007,0.0018310762896326513,0.019094111585528525,0.0,0.0794861487544902,0.0,221.36172926754858,260.66757089406747,30.002137399226914,28.493484186432667,90.96001222185522,96.20418253658174,116.38665293663546,-3113.9707758349487,3.6161752669991003,0.12402644274421581,-0.9962102997023297,0.0869772313136861,-0.9962102997023297,0.0869772313136861,0.04834202697754507,0.05491426732708887,6.009609585295118,0.0,-18.49491711561166,0.3569290048083689,2.5630823349682244,0.5718962590914196,0.23741091682035173,0.008899960734319192,1.2555514885634977,0.3878952638726444,0.0,-0.12385812453601718,0.9989912344153555,0.4691442545311134,216.20238307947037,0.05060181869144011,0.12706134887355125,1.1056921358665304,0.16286539907605088
18.582247196491956,0.08464145820033742,-0.08028548545936913,0.7945607592864704,1.2685452011294203,0.0037220829970116614,0.014017153683297857,0.2657884453451094,0.0074538076550618,0.0,199.23569954348477,258.8791654908111,66.20920175894368,63.810437918165064,51.15364715956615,227.76791383538793,46.59439621967208,-1577.0574711708528,0.19353383112236278,0.34167755077213824,-0.9854237542919524,-0.17011767832049052,-0.9854237542919524,-0.17011767832049052,0.0747514351783936,0.09870223773376949,1.572828499350211,0.0019811359485403515,-15.995734858685683,0.42777277857020934,1.218976750042451,0.7803004247370265,0.30516358103583924,0.08636154946353614,0.8464815266903328,0.4763246041336023,0.0,-0.06863035089572715,0.984307996122304,0.5726002477777344,214.6876346636525,0.0900812168988928,0.09556372746411874,0.9805464608683646,0.04975693357603244
16.449234424743732,0.6353114707905909,0.057475931554064934,0.16669751318841994,0.932908113160746,0.02298898705810553,0.021329636493499952,0.21222569172682698,0.002573720443261383,0.0,184.55777795607213,226.809635946885,71.00872978707186,61.11366964874199,212.29300462509002,4.014509783408361,147.70439231720417,-3151.663755912862,0.5431797618217731,0.32760593632909507,0.5376773767406141,0.8431506618282,0.5376773767406141,0.8431506618282,-0.02582204504154091,0.4800676900010083,10.45038731576316,0.0005462096013826228,10.607630213573517,0.3065864134926552,4.385684355646869,0.28031836167183893,0.015019664442323907,0.07718252912786712,0.8399817594190432,0.5126117681851408,1.0,0.5488144907047933,1.0,0.0922167002547981,229.55665734923846,0.02632098807402898,0.28500642096254397,0.9227888897803607,0.24372679781696135
20.575734281667703,-0.012642163086661412,0.09449477714858266,0.1822018835214236,2.0724897236328994,0.009388892887686805,0.011562774487564969,0.10887309929997221,0.00423597964566046,0.0,198.24819611167354,243.2113393631529,58.19234422348602,6.83880354551059,132.76732623084226,106.4954194438184,149.66769200512556,-2109.4179075771867,0.001586894066133264,0.7300467811702278,0.21547731504673012,-0.976508846196619,0.21547731504673012,-0.976508846196619,0.015048688845755626,-0.3615493271369165,-0.2601217884166532,0.00046118423259465237,18.7334191116811,0.15005822115924117,1.0201527385828197,0.22267077382567466,0.40557154970691006,0.36014867678920515,0.9759909401223329,0.3441685346003056,0.0,0.5089406462488384,0.9958651806616696,0.2525496153679089,244.52173577453635,0.18904214962950835,0.11973275807839295,0.9871423781830094,0.005564020241514455
12.342966793464438,-0.018350307451030827,0.07365734195264621,0.2713467644091616,-1.1983408705385756,0.009159199751798356,0.010117513309641531,0.24588249912584262,0.15499070015610053,1.0,235.59270063416193,274.4250344531592,59.3663382504004,34.02200326629609,5.092374583622513,18.64628805084223,45.65760806970131,-1229.9511375575576,0.015853557297789807,0.523898560589964,-0.5120551783114646,0.8589525565270845,-0.5120551783114646,0.8589525565270845,-0.059238833756320955,-0.006615050472763189,-0.22649723551793655,0.03810950069564612,17.353132112157876,0.4932478857214005,1.0304417827978887,0.27023083382565943,0.0808824944367153,0.042834096783883766,0.7371790635034006,0.5096191241451271,0.0,0.30154874141002863,0.9887186256003506,0.909847870924324,265.60943803064225,0.20022456439594682,0.19199383195138023,1.1646744558624171,0.03605890315024599
15.96411275439162,-0.011207817401216319,0.11826664380697988,0.32908867287530186,-3.1014166079737,0.0023814812856565695,0.009600080904205869,0.04140778071459705,0.0006726022754770552,0.0,225.030923739106,292.517745078761,62.47195804887424,27.039862295767186,0.9476438824781372,84.05675413257967,123.6231605960731,-2520.4903194162334,0.24320005603200645,0.2668845843474166,-0.9620675724981452,0.27281126433401914,-0.9620675724981452,0.27281126433401914,-0.00256224040182487,-0.015584397832947128,-0.17892286072364977,2.78509675310929e-05,26.6136521034085,0.6234208648210486,0.9450209167349481,0.3433835977046333,0.0997934959205001,0.05458215558715706,0.9682393992581304,0.2505714342939781,0.0,-0.4955395416113408,1.0,0.958875953464874,239.6389172884322,0.041277981146645513,0.08391280150943577,1.12515461869553,0.2190794882878582
17.717929172388093,0.040775595812421156,0.007225755152647977,0.1967151356672918,2.790134415300675,0.015534840946309272,0.006068069506720504,0.2742352973048304,0.00316077246584913,0.0,196.27531753795282,259.30326767421377,56.7955487807399,51.308213892731956,280.67412000519573,435.94295244654813,109.18508665728068,-4979.736826847342,0.40118342007111996,0.23079461692174763,-0.9084917035725082,0.41790288888678667,-0.9084917035725082,0.41790288888678667,0.019849266879952268,0.047567722484080616,0.7224591185664025,0.0008667953768850582,1.4182373870374805,0.15304204373431002,1.1442976103210158,0.19942952338050116,0.6125862439021811,0.20354923546353462,0.9738910782214473,0.33753506205959277,0.0,-0.05746889513670861,1.0,0.08290455619908793,245.38717277081963,0.23221213903770346,0.2131258117787602,0.9813765876897641,0.08644163721276187
22.44490530321333,0.16606532695760454,-0.09829301825938862,0.05602785164001528,-2.8637163094477676,0.003790560607297774,0.014240982305555356,0.0,0.023451501535534325,0.0,179.73497207174475,222.47274835531556,49.47058836514233,23.041434999220545,48.44239498507136,222.03047843620146,110.31394716839442,-1303.3054384025393,0.6899470955551985,0.4575050431004498,0.6166212130956382,-0.7872599821916922,0.6166212130956382,-0.7872599821916922,-0.03180278856809295,0.34665212425770187,3.7273205377105936,0.0,-17.66669289169871,0.11620364013414108,1.444429499640814,0.09097860203029456,0.425700784138749,0.02882511501869054,0.7071822521127268,0.3683516834249523,0.0,0.34482367699516114,1.0,0.7197466607209171,212.49613333936537,0.05190833477089078,0.06721783969424573,0.8986748603587238,0.0001268705653752175
18.460066842042092,0.18006338084391454,-0.004993289634925709,0.03503594176816336,1.131054680824633,0.01840234157902613,0.003315943878686985,0.1397637117731649,0.01684676723132783,0.0,198.03779253913322,258.29953651998875,64.75019267185442,33.85711079591193,135.53699422407487,98.68709660250107,66.75441187403852,-1534.137439829513,2.3930637011655027,0.6659570297612809,0.6990793005655562,0.7150441465537444,0.6990793005655562,0.7150441465537444,0.01711699907160997,0.1752551228676936,3.3239820461827443,0.0023545667196289023,-0.9888600568092218,0.744463122115618,1.5435397985542005,0.0,0.2189538086178122,0.073876853946915,0.8517845789993982,0.42652875147815583,1.0,-0.020616556500299088,1.0,0.2401163965734183,219.9279355634338,0.0058029375082783025,0.012383153595183966,0.9901889626956661,0.10016083607344951
21.663357050702743,-0.9843093189333523,-0.07248370904324795,0.5054903474102334,-1.119462611421052,0.0133511895800357,0.014434679256062646,0.1731852736426162,0.005170450041921875,0.0,191.75088721573235,238.0723321845471,49.335849082542815,124.54458164662225,7.27828448100123,246.95409445378652,8.59533040200787,-2336.002456603419,0.09022099790656213,0.5087259341077147,0.7971015927871943,-0.6038452208771035,0.7971015927871943,-0.6038452208771035,0.008400004706591649,-0.32080286430647265,-21.323444224387252,0.0008954458053657163,-13.898815517729798,0.03728337021556757,0.1692228127755971,0.5737512144019324,9.234217360266635e-05,0.0547768044914285,0.6991029396408285,0.4322873489733402,0.0,0.02699453539346608,1.0,0.9809579291819153,211.24913759683176,0.5288677045687896,0.17494232814900396,0.9587544360786617,0.00012360652947152777
15.052511690742698,0.3795106942416514,0.06578599917560968,0.06266625332861708,-0.48045598285272995,0.0034297285207810675,0.003834257643144696,0.1424392149701516,0.06760352830659319,0.0,228.11694327878368,273.05370459814276,52.74804734926531,31.09351514155079,20.690091085832037,221.88385425535344,28.514831738653545,-2535.860740001428,6.178333416844861,0.26103350931933655,-0.9231578729647039,-0.38442104726885545,-0.9231578729647039,-0.38442104726885545,-0.02249182283501321,0.3067518894553749,5.712589161834335,0.009629393501203556,15.006901042480663,0.04939369363763689,2.3564283712996583,0.0,0.14364179904157157,0.044727067633346974,0.9643546473077617,0.5823525911035137,0.0,-1.4480427494503152,1.0,0.8307448104067776,222.17936347080547,0.20550534988492464,0.02130002863670412,1.1405847163939185,0.1353541477442236
16.786671973424628,-0.06684522710339971,-0.03590874030973931,0.015109487004429451,2.1239225803630006,0.02650465720976119,0.02925306846714659,0.3420162279237029,0.050658133117096306,0.0,194.82848263679196,244.08282101631224,30.640134823451966,78.93983400513105,14.603017054788808,58.72890248539911,377.3823108292145,-2067.489202933388,5.895301246123047,0.6199850709663753,-0.8425720899866032,0.5385835804920232,-0.8425720899866032,0.5385835804920232,0.06987357030356164,0.30117260488216663,-1.1221089003738443,0.01732590360236609,-6.996045387945117,0.33916813622690173,0.7645551498615887,0.02536167828147668,0.09947283814757663,0.12475990245175056,0.8209806551158219,0.45050442222159137,0.0,-0.06446093680651219,1.0,0.780519869385832,222.03150505485138,0.6882265632316541,0.40810286218826564,0.9741424131839598,0.08154745869235004
20.945025663585373,-0.3351919786887878,-0.009853161723445317,0.16783244798822347,-0.5052969810371515,0.004239970358159386,0.021868239088648034,0.11000291437488297,0.043987545338083335,0.0,163.81562587177277,223.46413534490353,33.46663754807958,68.70864594762148,50.923827556898786,41.31865101746093,67.97025844804706,-4940.945547730198,0.5234510281804834,0.9989123077162025,-0.7944973291665992,-0.6072676460566135,-0.7944973291665992,-0.6072676460566135,-0.011722138455047517,0.052614913439773786,-7.020604595864622,0.004838758183386463,-1.6141018545419898,1.0710164538437228,0.5545549397288434,0.12661845796994345,0.347387160171231,0.05829771862295949,1.2288039604931464,0.4055376113278025,0.0,-0.14398456987787317,0.9357191988251768,0.5997313612364962,245.064730327568,0.14649167044141947,0.1462356049161629,0.7664271309789006,0.0014246970335381145
15.297130313112827,-0.8729512131641981,0.06936222296710835,0.15026417340526022,-2.2344795894357246,0.007655957062254609,0.002209826636111193,0.1826653548579989,0.00830120747392462,0.0,177.63469916155012,214.25170643814016,32.31231098999721,2.623127747293835,13.247901605883378,435.59843465956106,297.8395067703874,-2254.536174749152,1.2479084136352259,0.17666875125501091,0.2551824131233728,0.9668929289391521,0.2551824131233728,0.9668929289391521,0.00664243623390115,-0.3235530495756333,-13.353648464762673,0.0015163430089743133,12.321137609938654,0.7073798546115703,0.1583890799022494,0.15240554636245723,0.14846490620774866,0.07407492996715241,1.1362063533660705,0.3178816242661247,1.0,0.09195353901153586,1.0,0.8684187080416325,183.72277525751312,0.23063419587223216,0.09979478468551393,0.8881734958077506,0.065813998621314
20.123044399850446,-0.29511203838218136,-0.07410942895915659,0.6071147533785579,1.5986627872970312,0.03903456694093491,0.008544582860904147,0.4378476347501416,0.014059717245045601,0.0,187.70135452295656,245.23727378621643,56.6576851492448,78.00996772735691,23.677207328313568,18.35016067750424,69.70344602924024,-8000.0,0.3171666673940621,0.5283995756843428,-0.5431052396834317,-0.8396646346181327,-0.5431052396834317,-0.8396646346181327,-0.07334516246160648,-0.030323795130727367,-5.938552651295004,0.006156013940998993,-13.910440198556515,0.7094625443270853,0.5015059548133051,0.656515690577086,0.2194846013306577,0.10580489765733808,0.7080029063863501,0.5429156892385181,0.0,-1.40641085141223,0.9948810268232741,0.8623980401947822,190.71549198515544,0.19906191275564714,0.22784544431634834,0.9337025816195921,0.0027536368025646114
13.43254041992553,0.08048891166270669,0.09639765858222499,0.019060875377559062,-3.0145999465623423,0.01840590500093176,0.0017255510475283253,0.0,0.011232904007777565,0.0,235.6777594606362,323.14507405763953,69.41093507443222,72.52309678759988,126.98596674841126,32.25220595278161,95.15934303571231,-7731.11504216504,3.5801364504809374,0.37565612997151165,0.9272375462179537,0.374473674486883,0.9272375462179537,0.374473674486883,0.025959553601890256,0.09374559758201122,1.081170559265123,0.0,22.718784191910153,0.3340487996418141,1.195518296542177,0.0,0.9051902225632462,0.06144825729184902,0.8498408356586149,0.28050448728993815,0.0,0.9165153040380043,0.984956062816618,0.3561287035607551,270.85644663494236,0.23299160273809877,0.025586123378139917,1.1606611902589508,0.12954943358339402
19.892480761021282,0.5978889933814568,-0.13475963519596137,0.41446844751455936,-1.415394377264403,0.02267804475097239,0.008540897021970474,0.37100077276109256,0.0033200067917333945,0.0,203.21408004094775,255.96089774627586,30.878815974014923,59.35354514225442,242.95978191839296,52.89852948138338,49.922379146573064,-2779.103694493691,1.5066772220642561,0.21841588249532495,-0.6400381082043503,-0.7683431655492202,-0.6400381082043503,-0.7683431655492202,-0.02384468542047631,0.1993102026808273,11.89349529806701,0.001231725085305165,-27.385055293001013,0.4943825031544598,3.856957982831174,0.4059945318950104,0.0877947201299327,0.04031924526941352,1.058711598124475,0.6168391528359862,0.0,0.14848308013209163,1.0,0.10691223106578845,208.6780740717917,0.03459154051798663,0.2509231456736148,1.0160704002047387,0.014621087772624367
15.588562995925612,0.09250742061530293,0.030655096793882525,0.21047063770980481,0.23922355882860824,0.010317666466675885,0.001243076781997232,0.01941016476239879,0.025107264048085245,0.0,203.48366712301976,254.01943850216705,30.36011680104037,125.79569003367148,48.66302602207131,202.41609200509367,80.83518157132542,-2245.2337497265144,0.20242971888043465,0.8754922291417628,0.5175855102531889,-0.8556314858488706,0.5175855102531889,-0.8556314858488706,0.04786054847376043,-0.35408955824977867,1.4420577538522372,0.00048733613190638626,6.237811511630342,0.4246430810783276,1.2478288926949845,0.13848278798178165,0.25985082057244696,0.04479841128863473,1.2261559608151251,0.4130566966039083,0.0,0.15185585979374935,1.0,0.6754072272281838,268.1563789590406,0.13689492902446118,0.0,1.0174183356150988,0.3160097818175526
17.558462253421748,-0.33382684099012033,-0.009089899732260745,0.1585878105888737,-0.39104223391556747,0.055609547865131365,0.0013653480739988194,0.5874579793877303,0.023365791052500876,0.0,202.69944370907106,251.43692865016334,90.95826654567574,104.62980584942356,43.232556524601684,94.47000716579146,236.01246787441954,-3224.079044187654,0.0264496080105409,0.9577705025003712,-0.2112757555821793,-0.9774264960104055,-0.2112757555821793,-0.9774264960104055,-0.0655573117766431,-0.15382090953353328,-5.861485986704052,0.013726420398498071,-1.842517619100487,0.4036570677350009,0.437103475969177,0.14461868624382282,1.3993184838716584,0.05126618088032401,1.2932517278915643,0.45022500568112345,0.0,0.14354707967305572,0.9704120322124482,0.641680047742593,256.09333277198095,0.06364633382039278,0.32320892162346404,0.9835098954902619,0.10969818563875838
17.904580045988386,-0.745961405211346,0.08273417964239793,0.23351921234212436,0.7554169331940437,0.049681123401905884,0.025386347003373194,0.5149117101357787,0.0006027103036820307,0.0,176.98924114635452,234.16241607138838,80.26456464833055,79.17659675017575,74.37890954394403,493.5873311181919,114.11170800706012,-3275.625718273642,0.9133335303508829,0.35019578254451833,-0.5716666713027052,-0.8204859638785327,-0.5716666713027052,-0.8204859638785327,0.02153484754963604,0.21960328228827472,-13.356125690824523,0.00031034259318536895,14.643059671774182,1.4714606656823106,0.18211305524504412,0.16139955340190332,0.3325243309496641,0.09247153025999794,0.8261988437565494,0.38888338551670526,0.0,0.36193551622136233,1.0,0.5312773081557688,224.48891340435566,0.2757485922644113,0.387773901174887,0.8849462057317726,0.02606748432362595
17.310068040575075,0.019834403802249573,-0.1374373961863985,0.19134951473888862,-0.7455144338035495,0.01083545771893518,0.003213003436729755,0.1130873390963368,0.10456802922254559,1.0,168.568791278414,194.41273330482156,36.94857157897061,83.64242106059373,100.47605824240351,129.9224889621397,122.69506113891005,-2028.5630918075515,2.8825252537081876,0.34729058129689616,-0.7621140503891487,-0.6474427960827475,-0.7621140503891487,-0.6474427960827475,-0.10910280959060169,0.30035301413551063,0.34333487936118107,0.011825320179325667,-23.167655751593703,1.1353864553011286,1.048243999273062,0.1994388006684313,0.5887669653327716,0.09996025854548068,0.8807103031045572,0.5262996547682826,0.0,-0.2515947669429011,0.9284176174956639,0.3711491561034621,167.9185773039785,0.029591740499630884,0.06781523900762476,0.7825111779141449,0.041255489006974795
11.975704115406257,0.11505879016411016,-0.15307911227912113,0.04771390900519618,-0.6874765280816812,0.004796491934477401,0.0037027851817608933,0.0,0.1267648316257045,1.0,207.5616908126811,283.07795540595384,38.68698010317771,5.265543968191143,30.183518368826192,500.0,150.69083587167918,-2663.9203480751084,0.2402964816002961,0.09176208515615525,0.03439806061360801,0.9994082116062598,0.03439806061360801,0.9994082116062598,0.030793404919033242,0.08610548653262784,1.377910026881999,0.0,-31.773359372758634,0.07502918471188472,1.13445525847347,0.02640541400689309,1.323570223155268,0.09791998103653204,1.2181535604480762,0.6256235683355584,1.0,-0.7007185280233752,1.0,0.794343661211097,189.9723342890873,0.017937930908955894,0.0,1.0378084540634054,0.25493462278600443
13.061304649878469,0.14114954471778823,0.07500443858611368,0.062435657212644505,-0.9509144796620221,0.0065595658379315625,0.014278940692243487,0.0,0.0031760171914274335,0.0,233.0455173036232,297.76332161818345,43.74549236360191,191.71000415611965,29.293033429723554,216.13326511851352,17.143340698509654,-8000.0,0.7385642719949626,0.6177532158219615,-0.20917350564635637,0.9778785428342386,-0.20917350564635637,0.9778785428342386,-0.008740132038585613,0.22970244272405443,1.8435972047506763,0.0,17.4794481903687,0.4002224035637168,1.4085411303376805,0.09979178410196804,0.33880828586841866,0.0914840128221951,0.758416037618955,0.33406888759900955,1.0,-0.36240557338838697,0.955465709767257,0.8060446323840789,294.9869104542119,0.019885120859173894,0.18711411819285761,1.1133350029929197,0.15081048775905936
21.716882559446198,0.18425896287491164,-0.039092214154918745,0.3642175539769102,2.433292120303654,0.014156464713134184,0.0010444940006950738,0.04132675647170457,0.1545907247029738,1.0,177.46952774833068,217.80178967587548,47.95932196226933,33.421447154056196,120.01057672907913,121.91481877493983,2.8006332162517,-1084.248232052923,0.961743942729546,0.026545356900964268,-0.45370308603134424,-0.8911529104063088,-0.45370308603134424,-0.8911529104063088,0.019967675457374417,0.091056254201264,4.001530257279813,0.006388733232584122,-6.937676784710037,0.8068102649577015,1.5379256679710607,0.4256454595272099,0.05452892160346141,0.09045371059331787,1.3184620041408261,0.5781833145921098,0.0,-0.21567468906777165,0.9679114023019805,0.33698489614247884,138.811709866636,0.06521676290392642,0.08502544151652619,0.8588738973437848,0.0010797920161889445
16.87808786750007,-0.1321460348804927,-0.009080210376820547,0.027230177261518735,-3.032915469217448,0.009596178411320055,0.007501202620107652,0.1785856278376345,0.26975409377252324,1.0,254.01297712624913,304.4861855780596,89.33182585942933,211.20237288623636,48.93006383963741,374.9098864082316,94.15440581537838,-4671.473058684054,2.9621864407327423,0.4962104186333234,-0.05802556932878035,-0.9983150972033183,-0.05802556932878035,-0.9983150972033183,-0.03000812598154436,0.19261695162279094,-2.230372388054685,0.04817420419813819,-2.3064912707488476,0.053595510143668715,0.7538196461229048,0.02776258268376875,0.761771193236549,0.1519844818713949,0.7077902489753147,0.4237926077450514,0.0,-0.3531994455237778,1.0,0.5759755981359684,288.3874849709582,0.49357854487809927,0.16321697622529507,1.2700648856312455,0.04237530094756489
19.887344047518262,0.1305536086817442,-0.06597491609091383,0.13356137097823875,2.7623519496215287,0.002858459446746437,0.007153720233531644,0.0,0.06477324901987785,0.0,188.2762744962371,229.91605149876057,33.06877478164626,268.53326660803026,88.87155580357698,159.01366970057572,215.73808765079633,-1344.2561052570788,0.518013661841853,0.1528145326794621,0.6819721490904629,-0.7313781428679254,0.6819721490904629,-0.7313781428679254,-0.0474649549361183,0.029024455026492063,2.596364532498914,0.0,-12.421511411799102,0.27941934923038825,1.3415125576081737,0.17824412024938674,0.018146791201476744,0.00574046176681319,1.1635193120928489,0.4234974453046111,0.0,-0.033387010879674016,0.9800588539167764,0.3901563590021087,212.91996391225592,0.06319221563253899,0.09209279767692934,0.9226091490125127,0.027744768423045112
17.070760064546572,0.10378738719405778,0.09128103798272369,0.09995789702104557,-0.8908194872490416,0.018061500450503882,0.0007071594052538714,0.09258690750423837,0.008999595574935614,0.0,191.52163463237272,246.01015999075292,38.72306050984555,2.3823551761404542,101.82464833549722,27.665588872881276,32.28279161677566,-5169.529083691529,0.3598704410245755,0.6723182846529213,0.6216868902665479,0.7832658619336791,0.6216868902665479,0.7832658619336791,-0.021725155734484934,0.09598970864364337,1.771729584515954,0.0008332447230721166,17.482293605390943,0.40141043110771535,1.272398404937266,0.1690808291942118,0.006794935381699757,0.13687335677573242,0.8572017032876551,0.6689443201828793,1.0,0.3353349054937107,0.8568361676164928,0.39884056972918697,186.26275728584739,0.009692992576484946,0.06482467247144487,0.8205133171702421,0.2650995669688122
18.120800912595943,-0.6697004482559784,0.02992162104100391,0.0511996684148004,-0.8489666841932562,0.010642696917887058,0.014120219528486855,0.14823163455882726,0.12632824402923315,1.0,173.47643665435177,224.3966996066772,61.9583393225069,3.7666363644193783,9.402513611398845,162.9329598865847,431.3016039896562,-6334.127107813042,1.715427600206735,0.9289100941300574,-0.7277014757264236,-0.6858939875998223,-0.7277014757264236,-0.6858939875998223,0.009600599611760614,-0.24435571867662398,-12.135508493922845,0.01872584210339964,5.190696197115234,0.025813881763366915,0.22258414513361235,0.005094515301293651,0.25544374293365696,0.10974347521189681,1.2979847652597307,0.41973605670667463,0.0,-0.588730886059236,1.0,0.9549329017432928,223.11250211396103,0.230295750183712,0.1272503049729719,0.8673821832717589,0.02716666712142937
16.7977071816702,-0.5129727115896534,0.024066408805704355,0.3279379588586871,1.4193266238635616,0.04384433286221241,0.01659954635027558,0.33570086113535424,5.4746728648336106e-05,0.0,198.89284657216027,252.32234991193408,68.46601450304607,58.07536432874711,154.83758705802413,167.13098696654117,37.92684125061689,-4743.7267509943795,1.6510948102797696,0.08878268842299275,0.753697664392914,-0.6572212950663319,0.753697664392914,-0.6572212950663319,0.028828533283041635,0.14442745319451436,-8.616765401470358,1.837852395159e-05,4.786636554135843,0.08384221476846992,0.32063463749743437,0.399687237140187,0.10073727217877805,0.15788061301567322,1.2690731438366751,0.3313336371353631,0.0,-0.2296306555346393,1.0,0.2205124791140089,174.27134791251743,0.08438743048391097,0.1186949020466245,0.9944642328608013,0.17903860220012735
16.182492125506606,0.4221898377279645,-0.11696204681748615,0.2507329988437104,-0.7019779537078583,0.008654416141383802,0.005883643750777037,0.03223934243908072,0.04093074435642414,0.0,168.12203344984772,202.6972101920221,31.70689967472449,64.02416551996484,215.98039579139504,27.091924335129182,8.436731613653794,-2515.138177598651,1.5400440036269916,0.7777404808096422,-0.5412984521036173,0.8408305333122887,-0.5412984521036173,0.8408305333122887,0.015192181338992443,-0.2504705695770464,6.832083724501697,0.0013195802835932284,-19.66389714741206,0.3465794843870498,2.66734336305402,0.24888604269617615,0.07844118584432494,0.0002521258737585879,1.030636332866122,0.6090597083038244,0.0,-1.4494016156004241,0.9919468293970964,0.09973317537962371,170.4517403233699,0.21303899519659922,0.0,0.8338405901618452,0.33706260735137533
18.31104103370677,0.09180822358628771,0.05015055532044023,0.5804597301073741,0.7329010323850071,0.018879477305409807,0.01260898226248064,0.19697692466110736,0.11095001686500248,1.0,160.9156521010421,203.6924995109582,44.47542418662612,99.72564230361922,37.93491872758714,82.80933232381257,22.09437392235965,-3647.570658002983,0.6644337301043498,0.8305681027748816,-0.8437282590292712,-0.5367705514607103,-0.8437282590292712,-0.5367705514607103,-0.04683803992513443,0.14420321319611742,1.6811041493202399,0.021854593113166187,8.070009312618026,0.21004103278039787,1.2495399186800629,0.53154089621328,0.051447642605303705,0.005868386364729491,1.15259686159975,0.4591653860347344,0.0,1.7583721014908453,0.9880180723919351,0.6938760587841086,179.69225191529213,0.004479866905105704,0.26978464833838517,0.7949378620328142,0.06814352280043229
22.313821253770406,-0.3596748376200353,-0.09922129187574794,0.41980914441466194,2.536086352360961,0.023157995145272205,0.021964895162275785,0.25984422536573787,0.06730181226288405,0.0,154.39729390551517,221.58816259901783,41.50291567700041,108.87311807206086,87.5796701857075,148.26816183941878,267.1369553663442,-1653.8845296708805,0.05046690037707285,0.1762063071890656,0.36348161248290634,-0.9316013725767187,0.36348161248290634,-0.9316013725767187,0.09188397089646799,-0.08779660739632769,-8.025720036132364,0.017487987273159422,-15.319498963424758,0.48611699237248807,0.529329221551259,0.43473226380753055,0.39043206833998684,0.016330348016295983,1.1326731792220064,0.35276028929789705,0.0,-0.16876002562344805,0.9813554953275837,0.4026062537026173,158.89117740225979,0.039541343276712486,0.2977566427437203,0.7575931641894268,0.0003462884715589422
15.963306289475199,-0.6461215121987934,-0.06585530276812745,0.11105626787255303,2.175226485589431,0.03459737502131705,0.013788224894487285,0.2412511553953231,0.003077353443650711,0.0,195.45437669853274,237.44750631356922,42.83764712843619,57.452954979531626,102.8087876779822,142.46950588587504,24.273791750200306,-2456.369810207845,0.8550584752344113,0.9226423016320422,0.20496611396949532,0.9787690698649216,0.20496611396949532,0.9787690698649216,0.016640703645975072,0.07399766079278051,-10.314235599448226,0.0007424150738405104,-12.871707154837509,0.283649345933803,0.18957961967862372,0.10745151123353652,0.3167034414191335,0.1441234603837223,1.279367748037337,0.29247306218844915,1.0,-0.3409587579610572,0.9144267365206641,0.34404468106486913,235.4372086826724,0.16574277417392314,0.19968263564091365,0.8936435391155991,0.22879284913543674
21.83882992750344,-0.1928248372038375,-0.13653476647851506,0.20639629248428015,0.09655168297415262,0.040796030411513244,0.012391895852199002,0.42205459577325016,0.15522883189609915,1.0,166.99240586225665,177.3399878395195,44.35310165858253,17.89849509776863,118.2721783972876,272.9126174336,3.293234307298069,-4664.397126653361,1.9490738715311673,0.6209178393888325,-0.34336687399638804,-0.939201357453208,-0.34336687399638804,-0.939201357453208,-0.031118225428730106,-0.19055934412139747,-4.211068825493145,0.06551504189826193,-22.80026913808862,1.5979378114516194,0.6227205157818848,0.13604570219063306,0.5059066230671373,0.2776390159032539,0.7728650302389375,0.45153259199845325,0.0,-0.49245911025299116,0.9091355871290133,0.40444520271407264,220.24030998271462,0.01405432087668289,0.1941099510808689,0.759093694748346,0.00022280737903531198
13.058681604828916,-0.38601784134404854,-0.015654147458441146,0.10674313840161917,1.361265466869261,0.004171759491658464,0.0030149922350325917,0.08160307020295487,0.09144029324904959,0.0,203.5040600854473,251.24460430771734,31.113287211147934,2.778909257460759,9.226246206450192,500.0,23.016085587047165,-7596.499614706889,2.3556523341908764,0.5349369415029096,-0.8235472349556007,0.5672476988027229,-0.8235472349556007,0.5672476988027229,0.021211010258324198,-0.10072163748139024,-5.0408840838952935,0.007461808669380975,-3.185682564969059,0.4060469969404004,0.49578065245989766,0.05169066348623742,0.049110748333112145,0.06574307543785167,0.6709498277876985,0.33071012525346427,0.0,0.15428737982618657,1.0,0.8880914373260109,237.81033873857362,0.2113293873370914,0.08761528008060918,1.0175203004272364,0.021249332682742254
20.845460923381925,-0.29465889141826884,0.10644732600673101,0.18512720066093782,-0.6758524291168273,0.0480101607494795,0.007373014423526729,0.3527815550915897,0.020526550274246894,0.0,198.2504101383711,284.42277679529957,38.626032631408464,11.277642487160202,48.64244500909561,141.40702855437993,27.136994529391735,-4637.100676168617,0.35084879209785347,0.6714125047823867,0.23224292400907015,-0.9726578145718654,0.23224292400907015,-0.9726578145718654,0.012799363950258574,0.07359418387608778,-6.1423004067865605,0.007241388326414517,21.10322603896732,0.10394683442660625,0.49965894135478467,0.266992917190935,0.35412841810560336,0.08399012603936064,0.8779838638121872,0.42134405542560455,0.0,-0.5929132769633937,1.0,0.6402102148438275,228.4036294255755,0.07909719964398425,0.1993536373280497,0.9912520506918555,0.0035484054498596753
16.681248246971876,-0.025923537461726,0.022669498916318018,0.023413263754808396,1.7344365903323933,0.020787257759786466,0.006225137234886685,0.2293568752034475,0.021317610315023605,0.0,187.26306546234574,249.99623040406993,30.387556029663,79.52434876002181,175.23623786653403,147.77069623335638,103.32102544816344,-2078.0598101346377,3.801901786504337,0.2881091347015847,-0.8149159841660791,-0.5795791048257612,-0.8149159841660791,-0.5795791048257612,-0.008766661806896375,0.1508663266502029,-0.4324369638387266,0.004889340488658594,4.245159859565037,0.5509870844826636,0.9886373345403029,0.03734200657849647,0.20842897489583936,0.041778673563776327,0.945309014599708,0.5348130571261445,0.0,1.6954736575714389,1.0,0.1810101215022724,177.25064774067624,0.12983462643380633,0.18070201948992407,0.9363153273117287,0.05984213753726453
14.774225486976606,-0.12177311588931994,-0.04418209064965035,0.583102490239741,-2.07229858427929,0.01339148534684947,0.00201082529759814,0.06225653049402782,0.01089336490685357,0.0,207.42448129056294,248.6622942014061,42.75714829285774,128.06151349842494,103.72359639036029,281.8867415291711,51.29897745313986,-1823.3875474128454,1.6468889017018444,0.02541086673122006,0.6866759803451553,0.726963615332308,0.6866759803451553,0.726963615332308,-0.014639432476572525,0.2187582354317933,-1.7991034724005466,0.0006781831045061019,-9.164447235336354,0.08343630765381076,0.7622620495721301,0.6571922025973133,0.0053424815390018055,0.015011399772478395,1.338643332148387,0.44278514439367517,1.0,-1.7733594265189019,1.0,0.293105636952054,213.4879138292918,0.13711631160162724,0.0,1.0371224064528146,0.615471965704048
17.717619499747066,0.2648069449829448,0.010914631810118867,0.5300563450614184,-2.8548797149333525,0.020019525629902137,0.007216652227366508,0.21258677436762896,0.05849409984818771,0.0,225.9883277868105,275.2293011302417,45.614557120198185,36.643835648465554,2.1033273785685864,8.548625265560187,272.81854407843036,-5994.802105048909,2.18543248670711,0.4420512236420855,0.5467112728685939,-0.8373211953118121,0.5467112728685939,-0.8373211953118121,0.04924356143699192,-0.23001473276798,4.691748692098272,0.01243507200626424,2.466579391177491,0.3449214975943713,1.8285633212070591,0.509227687973666,0.35304201975659466,0.08545353872049471,0.6801800500463433,0.687371147662705,0.0,0.14496595236959287,1.0,0.9161354703738929,297.135831503676,0.1485813141016531,0.11787918993065115,1.1299416389340524,0.09189125492753485
12.65725689360782,0.8347522261584748,0.010361397213421712,0.06349496718168882,0.2559309508548462,0.0031396758172515557,0.005332199361306067,0.10370465847323,0.029733141004763222,0.0,236.3399929847149,296.53788353460936,57.35321975421914,17.298362380591684,1.1143026801779872,71.57026528428355,223.03884579600108,-1047.8490701599853,0.9359786271967236,0.7433464037050186,-0.9620675724981452,0.27281126433401914,-0.9620675724981452,0.27281126433401914,0.0863923815731392,-0.30022656393761543,10.565673368998828,0.003083465233235361,2.448812544731932,0.6649488477006098,6.884528141659011,0.023413516661259966,0.030037982662531642,0.12190995701266878,0.9853504532690063,0.5765334570679008,0.0,0.10065979683594345,1.0,0.9848629554633609,274.9864081877933,0.3244807579689613,0.12276896973608145,1.1816999649235747,0.03890121179733244
21.20389619355048,-0.07199492610464817,0.006606868392649231,0.12045660785947196,-1.788579793146421,0.011748730857992731,0.00666695251772142,0.09986140651819378,0.017988376355057373,0.0,196.0834054568167,219.73962878816462,45.65637917806707,1.8968465084982011,63.14387937892572,89.16680989270925,59.22407442676627,-4803.868839556909,3.509456551946996,0.9186503926223129,0.4575313760742512,-0.8891934772070711,0.4575313760742512,-0.8891934772070711,-0.10180018835780671,-0.1950612663812939,-1.5265729395852974,0.0017963445637946493,1.295497253835666,0.130851829974495,0.8731584402902196,0.03629087870223531,0.49093384044325694,0.17021843251532953,1.254745003749497,0.5741046192200392,0.0,-0.2949703738818804,0.960742261737098,0.43419132365739127,238.41199879123204,0.013593040592987653,0.17965609341536043,0.9419280722384725,0.002665544611551685
15.756088080047194,-0.16901045823329192,0.01773344302598232,0.12336890432246568,1.437127483568621,0.01301941465372559,0.002293868835652789,0.22153568813516147,0.04280368027533788,0.0,199.48444823230037,236.64356330834062,68.77438919705008,26.77041313348445,55.597768625464035,500.0,175.0157732600535,-8000.0,0.9701956968810905,0.4301038172980367,-0.6515303615068021,0.75862255966641,-0.6515303615068021,0.75862255966641,0.06152677879915256,-0.21312164453904578,-2.6629436663728847,0.009482542764514415,3.537546097297018,0.5920691247737085,0.6009246976651882,0.1717677498893499,0.5949507288165287,0.0489720857446625,0.7165821560417388,0.5222779730135964,0.0,0.12374368337744689,1.0,0.6650315617551259,204.00986292533383,0.3362204277239795,0.08931518479337461,0.9974222411615018,0.21013953692939025
21.22775708342519,-0.17112841215655872,-0.10399943539450265,0.03255465051236273,-2.5049582724836132,0.0018694851080065858,0.02095669719600297,0.09777624950410098,0.013974143592204682,0.0,164.35788327271433,220.3330864026605,37.94038863492829,86.99748726189543,14.02906054479158,500.0,201.8546793744185,-1532.681842858037,6.312970284138059,0.2636476916017445,0.5322271388474397,-0.8466016020976267,0.5322271388474397,-0.8466016020976267,0.0009964761703308458,0.31336578573577967,-3.6326723633316944,0.001366339350477539,-17.093127062997862,0.14779774952067612,0.6830032712119682,0.05308626458634199,0.6170403943083632,0.02690656973961228,0.9280756262451159,0.5768608623978324,0.0,1.7431539042305901,0.9851963649935944,0.8510248963473541,201.04124342318346,0.003386212859153366,0.10369100921576759,0.8096239457915982,0.002955337094988165
18.745197004305354,0.5196716407195241,0.01065383600302108,0.14200040506640993,-3.0882161262664845,0.01403838839323491,0.023242375952042395,0.23116689345829847,0.03704980409935067,0.0,177.8869658931971,251.80426450036055,33.707381480654846,2.086951881793415,40.15058505688425,11.878064820637345,67.88422544290394,-1973.1827567341697,1.3909935709759726,0.13129550277993207,-0.9223291176290545,0.3864052261209853,-0.9223291176290545,0.3864052261209853,0.01183452719138123,0.26804161939605425,9.74134728283807,0.008564688116885426,1.895178561701126,0.21619384337258943,3.2590554770864872,0.12162314397967426,0.4554604977320968,0.0659806034559584,1.1715886936675337,0.725161153988439,0.0,-0.001828258774103835,0.9858568617726604,0.6471518252881642,203.4338048147419,0.10746509226099255,0.28293962919598536,0.8768554297286378,0.06671218362854105
18.936670058279873,-0.3109884709112568,-0.17552483693003892,0.2688824699565959,1.1039767055202852,0.008226299161704814,0.018035647206059414,0.12257398560218136,0.020537113017536412,0.0,224.5656759570618,267.9758282319505,34.96138839480196,52.93930329142286,32.055547322498356,43.191914640721656,5.670876549292619,-3624.8011768108177,4.609758487398119,0.9354943347735447,-0.7839338166829201,-0.620844401650647,-0.7839338166829201,-0.620844401650647,0.06758211650417487,-0.19932334663685802,-5.889086065575438,0.0025173157953218795,-39.41685365244724,1.837844974569311,0.552222961689107,0.22924949198079253,0.1796490181328689,0.09958648108927398,1.283810760057781,0.2272180291686519,0.0,-1.020931113178876,1.0,0.7868989788647246,278.66423040434495,0.04627070099869878,0.08846930267407178,1.1228283797853091,0.023635284488666534
14.23538900048413,0.15985822279174594,0.057562360840397855,0.01683994326985346,0.005023016581426898,0.0021517694204838044,0.001149463272177627,0.13159438324877865,0.0038558723156313594,0.0,211.17390732906077,284.6791679180243,45.54817846466861,6.942629967313055,43.285952411243386,132.34931145747709,59.26794121457994,-2013.2248079775288,0.46485346347654344,0.23094507587862012,-0.3251276029999093,0.9456701548465688,-0.3251276029999093,0.9456701548465688,-0.13274044461125403,0.34206181721670187,2.2756439863665614,0.0005074111392615487,12.155668653752134,0.24553335305841245,1.5326474801155605,0.073183422971584,0.04203356607761382,0.2639543733470922,1.020839455374065,0.5004951629704297,1.0,1.2954808196125527,1.0,0.6416156334218981,213.82389586623682,0.04611633933511458,0.012143189359457907,1.055869536645304,0.4362626083613502
17.494621430297798,-0.3016325970385753,-0.11027491919103805,0.47729140151236504,2.840096562814213,0.00209389733527174,0.010942579186787583,0.05944850370574188,0.007361421077505176,0.0,210.2885747017638,248.97372077175976,34.972548664847835,27.97837877534303,19.870856091484633,3.153250126049873,3.7412584846006585,-1302.1190876069186,0.9168716738686288,0.9110712323530119,-0.2112757555821793,-0.9774264960104055,-0.2112757555821793,-0.9774264960104055,0.040739470462718724,0.25609972870317016,-5.276948096227439,0.0004376254682055928,-23.18955558203557,0.5823453812694505,0.5930053206233968,0.4684273449785409,0.586064825149748,0.09193434385688543,1.2295822956407059,0.3935682444843857,0.0,-1.707073525785292,0.8826828818031581,0.8523409356943588,248.8878735258529,0.07278583127288828,0.09773392491409703,0.9280906256401579,0.064256325596
20.876675871831132,-0.2166973288279214,0.11775978301589163,0.640282318534975,-1.5865947185228397,0.0043526286061176655,0.0019908772466240786,0.0,0.0015045580419278991,0.0,197.81204446725155,197.02935454099114,69.21414172237337,18.168526419622328,67.14048620755041,65.41438581918143,326.6655192526214,-1241.6562812039622,0.6438468972383535,0.1837562035616559,0.19864794288017112,-0.9800709131432666,0.19864794288017112,-0.9800709131432666,0.06412485308672103,-0.32592057160287696,-4.523919896232123,0.0,23.29430343439345,0.13803709525755933,0.6250350036468367,0.6319558077611969,0.0363939459607075,0.08670690893738342,1.1642042593908912,0.4286387069724309,0.0,0.43955672277462227,0.9872462871478564,0.48236097186128085,202.9305686378961,0.08600079708078791,0.11423865851561575,0.9764460322671039,0.00492866477688547
16.91095807419321,-0.4238595205987648,-0.2445236263661804,0.6439969905136554,-2.3671516270899486,0.0008887992548602318,0.0014633180163662427,0.0,0.00571039107783506,0.0,209.7029595908384,270.86012219458723,95.89482858467933,10.30011371765505,134.7707776756998,500.0,59.65296460503161,-1748.6657707702436,0.005631558558955921,0.018132739165049316,0.7865965660866021,-0.6174672802835514,0.7865965660866021,-0.6174672802835514,-0.034430837032507475,-0.20604646600941603,-7.167870582193345,0.0,-51.2773281388724,0.15765398446886178,0.3537472870619351,0.6139584557390368,0.21951770430298692,0.04453554466304753,1.3692666849530954,0.3466810772928719,0.0,-0.5699615337811994,0.9846281643970258,0.2621068506404986,231.241286873606,0.3115460106629914,0.0,1.0323972008527544,0.1787360508027323
20.10807069296874,-0.2294630346218109,0.16744249425267144,0.3676573069561786,-2.9964122314836583,0.013285258080532332,0.01650545695186295,0.11172687414522782,0.00819012808208235,0.0,189.6089610987416,247.714945243903,36.58588980459467,21.251248826224302,8.838650237535706,154.2928596166502,98.00031517513233,-1762.9367032976377,1.6395648572184145,0.2242203254248294,-0.8247650844733614,-0.5654755126737576,-0.8247650844733614,-0.5654755126737576,-0.06969765165267922,-0.33185197045867765,-4.614058921598507,0.0009150574094601107,31.74859737903104,0.38449337132054995,0.6056600742028969,0.3472843323188967,0.7329925055750203,0.032108007888430004,1.0466884282950522,0.361234886421545,0.0,-1.4433035650867734,1.0,0.9638309092169451,203.19371690603992,0.37421199503089647,0.11990292565934202,0.948044805493708,0.005281346507098758
18.858501288705394,-0.03311981177978059,-0.1639220676777915,0.10799178238660294,-0.35030423794265,0.001698848487069107,0.0012082875842560844,0.008266179932402262,0.09462515696822613,0.0,170.33815918060694,231.38092343262565,99.07388788327209,38.46971040220642,30.577572266181612,95.30005239491388,189.29269962456968,-1637.2291974424659,0.21867828871672368,0.49278953688029825,-0.12439450483979998,0.9922328391893008,-0.12439450483979998,0.9922328391893008,0.08199644080901644,-0.017316329080742706,-0.6245900131306724,0.0007821885736311649,-27.922183257313872,0.14790291679771614,0.8795879409490768,0.1354979241091311,0.12977331411469478,0.1913682287445467,0.6552424844786572,0.3350732480229074,1.0,-0.14857104981953595,0.9274812245158041,0.6934611292435402,221.2733640163571,0.4711530024594144,0.01573971188326553,0.7899272222929863,0.014474767712276569
18.62032385373702,0.1987607772353433,-0.11999346291371316,0.04984329713726729,-2.5081414805545967,0.0029268714769165034,0.0028111932868073925,0.06504259069375153,0.0016176356951246946,0.0,169.14983104151395,229.60640412261398,45.4417025669791,4.072734628163556,205.86531160622468,149.30127861598947,142.56686270281295,-1001.3414124979254,0.09444048251876885,0.34870499505975805,0.8755389928586302,0.4831474640149687,0.8755389928586302,0.4831474640149687,-0.08781958679008385,0.0034824248113797165,3.700990041542573,0.00010521521640959775,-20.296873977940752,0.032848513259977084,1.6976522190573968,0.0,0.30083807300518056,0.05196046759976924,0.8375372043395123,0.4895524446109947,0.0,0.6135021102303535,0.8505210994287553,0.15401250624037408,172.44162628666905,0.534999886924731,0.022941411179163162,0.7193275013280832,0.029574237182282137
14.52598157823743,0.7090860694485734,0.029905703794100097,0.1547536208609678,1.7319188017330367,0.003773826396347717,0.0007436373160018148,0.0,0.0123306921033299,0.0,221.2701432301887,274.14639404661006,35.428041352976074,11.204963819278865,45.21387180498854,215.06579492152923,0.6793559113758323,-3855.924491609913,2.7126106249157127,0.9077207365843712,-0.3893781415452015,0.9210779895789526,-0.3893781415452015,0.9210779895789526,0.02093248976899111,0.0031079694200268986,10.300171182194765,0.0,6.6172393619201255,0.10150267184908886,5.177550369903289,0.1587904833444182,0.6645845961319916,0.2373643565216777,1.18840928761871,0.6497644540898161,1.0,-1.3912781956535791,1.0,0.5154403251005933,235.2712509532622,0.28333871017900913,0.0,1.1063507161509434,0.8248097055132185
13.605289636946269,-0.26752436244450906,0.06187149844245802,0.3038911976688649,-2.689292567980536,0.03653486710234337,0.021743687446759263,0.5662195414783757,0.056264328218571,0.0,158.36464576638997,204.4824180189408,34.91311408242745,14.061379878479329,30.875497043310396,153.4200911043161,85.46239598709634,-2338.631421596252,5.22518814716608,0.5450845367281615,-0.14144406768794202,0.9899462489023779,-0.14144406768794202,0.9899462489023779,0.05115541731956977,-0.4053454786687827,-3.639746435996937,0.03185796212550811,9.798257933875613,0.734309720117465,0.5553281335930419,0.3516704506108902,0.46135509858570356,0.023212500358635514,0.6714513450459504,0.3605018060033584,1.0,-0.17732377903806806,1.0,0.7976359266830947,236.36799030621927,0.057888715321811474,0.4319260666483854,0.7918232288319499,0.1313458659897878
18.218112988576724,-0.818791175824878,-0.028338542651605084,0.009058230513805669,2.6436804429466543,0.042285910890641855,0.0044299875993535,0.41261327795858704,0.05981304599674532,0.0,196.7411699917896,243.43084433183623,44.31778804084481,1.8359221960910297,148.79741266390963,56.228854179876876,48.9773172432741,-1867.3048262935802,5.7978602058224125,0.11776948602000026,-0.9926289059345095,0.121193461470736,-0.9926289059345095,0.121193461470736,0.019829950262480127,-0.28544778682712435,-14.916830155227219,0.02467965697340483,-5.575358037139016,0.5471731811599697,0.20163045921886677,0.004820294385572994,0.06643632784805888,0.04484046896434506,1.233956608735029,0.29433057221039244,0.0,-0.5980887329023511,0.9107997753049143,0.1980088747708694,207.9838655440077,0.01823924203205161,0.23777282869121283,0.8959590671087396,0.008072360194513257
22.466984134975544,-0.05866680917302502,0.08926060522578717,1.0254688118195574,0.2566927702551647,0.010906887376464338,0.02563041161580879,0.1083000941588596,0.09262079845347666,0.0,165.75959390710184,208.85357288203747,39.964593987810616,15.288368529500126,8.356144618312914,103.7369944021882,371.7208611434501,-1236.0689062605493,1.6886505203762354,0.625331986625738,-0.48408852163897587,-0.8750190302029955,-0.48408852163897587,-0.8750190302029955,0.02823162949967266,0.05203097516503061,-1.3180662709399908,0.01003084119358028,14.795801674128615,0.4062769978499227,0.849055162960329,1.0781801248512677,0.2978293340308638,0.16759402844456034,0.7467988940818638,0.3713927058998361,0.0,-1.4326058148247618,0.9937799142230573,0.9155516905139635,212.42654920432085,0.45130775700380005,0.20064537749081685,0.8236427750732425,6.105305910222237e-05
14.814802012330755,-0.03980160817745093,-0.07965542527560598,0.5963290525991471,1.2338413443440706,0.016036896930282037,0.00911818215136152,0.09329405858938293,0.061304350057718886,0.0,162.45621643978834,206.45035498568404,105.93828759697513,17.92483717475849,55.80412514368668,153.18879379894955,144.27259855583824,-3542.275578300751,0.031079029003270565,0.3889468513095383,-0.7607200913564104,0.6490800741100398,-0.7607200913564104,0.6490800741100398,-0.0132509802287335,0.12444449723002643,-0.5896529449213003,0.005719331626068866,-12.940519009177232,0.41704669305406544,0.857029649337134,0.6633590098804972,0.04706935760312073,0.010035609959770332,0.7612354378959374,0.34459469953055,0.0,-1.3788315836035872,1.0,0.5674313348016635,165.66196035970466,0.09468648434345862,0.08515274693913762,0.8122810821989417,0.26529534265219445
15.745025420358056,0.005852017525916936,-0.039969194678204124,0.4559442101146708,-2.3190162179387577,0.027442085123879325,0.00940364030273301,0.1740831752207997,0.029966871394222983,0.0,192.30011020828601,215.13458884939965,47.21764809315909,20.060437765858882,179.61607304556242,60.19409304566687,4.306109750858898,-1793.2974124507762,0.456967329661048,0.67894134540245,0.9967506498213929,-0.08054900421874167,0.9967506498213929,-0.08054900421874167,0.02313603459412099,-0.4039622592459952,0.09214016470594302,0.00521672812373969,-7.686080541555092,0.2995614755640469,0.902903292620983,0.5011233273745346,0.022784329728726713,0.022882916962285924,0.8259546284844211,0.4272634288444018,0.0,1.498554113250944,0.9460978060070586,0.11719189489447593,204.21739609027236,0.4405211014053289,0.20971855126742217,0.9096735618148749,0.20471095014413115
20.41505777139613,-0.32666337970856324,-0.030207794248237125,0.5495911556955048,-2.57921410570537,0.04798517787046215,0.01236855484507685,0.4672214616477387,6.2919952586280245e-06,0.0,177.36359772059464,209.14897851660422,43.04207557201449,0.10111619475885049,37.26995202336942,6.600589885475032,74.49655680765271,-2160.318474542882,2.3779213612453236,0.7861766965651602,-0.7508642533989489,-0.6604565640279754,-0.7508642533989489,-0.6604565640279754,-0.035423429792682405,-0.25622640356655263,-6.668851768549828,2.9397552214168273e-06,-5.357763067070822,1.6337340866882972,0.47549535902843654,0.5227283672366269,0.32993893377526434,0.032320130188983436,1.0692935531563237,0.4353221419130535,0.0,-0.042333278177774804,1.0,0.6362906771163288,222.2903037323855,0.0005829370514056897,0.2702265687669888,0.8868179886029732,0.003697982362885921
14.241911494504759,0.6672568194570475,-0.05383958581782503,0.1177168866488523,-0.9193319455890747,0.012543656026917769,0.00437294760122736,0.1281916326881265,0.0006510586400366493,0.0,210.17093516612914,257.7196156942403,37.653952860590735,40.67764281307058,27.432707230743567,185.01282710547616,43.94126399089412,-6004.0607470848045,0.5589333627193231,0.9855514449666272,-0.9410336347451197,0.3383130181923076,-0.9410336347451197,0.3383130181923076,-0.0289472226797297,0.20448262798391822,9.503012566812012,8.34602700420093e-05,-11.31551610028935,0.3072910129024455,4.637492748214171,0.11594496874997137,0.7464710322399644,0.022586356910397787,1.33246183199153,0.6758231362955973,0.0,-0.4127520794658421,1.0,0.7861506580074442,232.47740912615347,0.17908369710568153,0.032108040029632454,1.0508546758306456,0.3076177323323579
15.346356635661166,-0.06877285745043521,-0.19341785743912235,0.17809363091421196,0.12839399690741704,0.007748315608707417,0.029181469109562742,0.06879274643753942,0.004735929083473199,0.0,218.35450619865196,234.74150148848696,70.10179020411749,45.80782476439046,30.85371830715298,53.04213685174754,89.63115330694365,-2030.647711679127,1.878443008102495,0.5766460587805704,-0.9410336347451197,0.3383130181923076,-0.9410336347451197,0.3383130181923076,0.0017772882085985283,-0.24487064344762743,-1.055412797287866,0.0003257975685855402,-42.23366075112082,0.8882433011693879,0.8795108789707209,0.19538214019297806,0.4337467814615282,0.07429308611923739,0.7157354711207309,0.32047375543718554,0.0,-0.4833213072968282,0.9286184215574541,0.7629374141254343,250.78726059973323,0.016163060116976546,0.2634890650605922,1.0138400844307476,0.13980133431616285
17.955592443743935,-0.18763244787549968,-0.002466706650849419,0.01295309491022998,0.4743927512577062,0.008346064645600252,0.008027236046884625,0.24897624075974795,0.17794164999908635,1.0,212.73132943995,232.6137320946597,79.86835091669647,49.28927383467519,30.149845456011906,18.13340775239328,10.885647821010336,-1203.5717782621118,4.957845556942844,0.3667506703684432,-0.5285813283559292,-0.8488826652214553,-0.5285813283559292,-0.8488826652214553,-0.07699219325755256,-0.002939833160780522,-3.3690517632745,0.04430324309135933,-0.5247457851735635,0.3250957528691498,0.6498372532522523,0.0,0.6965349474848308,0.04745746011030859,0.7985606815412466,0.41881666968779085,0.0,-1.380900290425602,0.9718079076474796,0.6954452958001754,256.583365887674,0.028051809252266854,0.05469332635875436,1.0336699407705223,0.023790143373582835
21.256643030448135,-0.5188094315564759,-0.011500715370273163,0.25329393734440675,-1.0694706579865727,0.020745102822194657,0.008695141987722177,0.19482009308416343,0.02339571136368003,0.0,146.24106170937793,191.22682910745198,54.07107097611019,18.74803044973895,24.06170046728581,15.945429215945452,49.31157239260009,-2552.163260218759,0.5888811857877839,0.4336003514769675,0.6564105761979381,-0.7544038410927472,0.6564105761979381,-0.7544038410927472,0.028852005663092668,-0.26390867621442965,-11.028146887425722,0.004557954665642364,-1.6818768261661088,0.681359723124844,0.3265184559959763,0.22813863344642857,1.136375679888256,0.01655039019496262,0.7012566521438703,0.4899922491141657,0.0,-0.011563192668568228,0.9154581816021911,0.813195844238515,174.23352862651046,0.07806526396370052,0.13319585170967257,0.6693878821402047,0.0008001688376256958
11.748417060626691,-0.2469417812846701,0.1078182763710338,0.034873334372042195,-1.4284049266656957,0.03349941700849044,0.001137995209392519,0.3264012426411341,0.12529857394624888,1.0,224.11078546468113,272.18582172010593,68.3066418908223,41.12483038134355,249.61433588332338,257.4971995528596,54.23769353330242,-2451.4714925219187,0.5113301123438256,0.4026217439661841,-0.30881248126625377,0.9511229423235357,-0.30881248126625377,0.9511229423235357,-0.12403691870648464,0.16629639077199754,-2.901175036226363,0.04089761023721767,24.163238604960455,0.42309951320584865,0.6068693705356221,0.006707666913756068,0.7499006433567784,0.014934586523901115,0.7320495232642054,0.2950749382446107,1.0,-0.15645501619062832,0.9917734126442901,0.11029689100097827,256.2783882088694,0.015579089037114318,0.1651152178766119,1.111335592553496,0.04252995751130124
18.167076685517713,-0.05799812242659605,-0.12859444157038943,0.0003906531646091689,3.024791646254652,0.0550646607000304,0.04130976082557265,0.6321761548480578,0.07802766717423124,0.0,211.05572397015888,256.35539371969156,42.31256367713644,36.7133829231387,24.744820256025623,188.51223924295272,196.988965890039,-1788.6052159051974,0.2386747291414385,0.45053733205826807,-0.886721063082993,-0.46230483047981086,-0.886721063082993,-0.46230483047981086,0.018140773268664034,-0.40339651209069055,-1.0536563377400152,0.04932723060596952,-27.140592964176836,0.7234221334417402,0.801978502844762,0.1275686832169517,0.09010258335053174,0.08578615875470086,0.6894305662955298,0.568001926578152,0.0,1.1641569818421031,0.9604503313674484,0.7618797078630075,274.45705639362257,0.0845796315927998,0.516909265749365,1.0135427001206792,0.03119207633707496
17.134931766477877,-0.106492541775432,-0.06394073240696911,0.044011032819801205,-1.4284072843703495,0.028200597878852866,0.0042353906736450585,0.26489939589560857,0.12121002105854861,1.0,197.36076565829546,211.6621556879992,52.14327705194292,8.01201738619973,53.371695518729084,123.86248078334128,33.70190602169703,-1024.79008236921,1.3132938303734107,0.030058668594975524,-0.9903973200352558,0.1382503109109819,-0.9903973200352558,0.1382503109109819,0.022843597543681517,-0.06089180115758014,-1.8247424369608223,0.03210846135490352,-12.619391904591609,0.9325745663419925,0.8259866291939665,0.03045649686078805,0.30221614125899915,0.35692292029519634,1.3182433371224236,0.3901307342028373,0.0,-0.40938841335209936,1.0,0.5217464405687078,206.64732402461098,0.11372276153066585,0.07606606045386857,0.9868038282914773,0.21287674996328093
15.605335778386001,-0.059356539852131296,0.12034912255235453,0.17673976871904795,-2.2749848963620236,0.013739828398943433,0.001965673704030506,0.19133219086252107,0.02987057408302532,0.0,223.81522279808254,297.10115114719144,60.47752662875814,21.271528344864862,116.10729213471708,274.2809785987048,39.67991969226928,-2817.5730051611445,1.1057591610329884,0.24732823872184584,-0.7036774074790128,-0.7105196029692745,-0.7036774074790128,-0.7105196029692745,-0.03972601882238983,0.18806128563567137,-0.926278735035659,0.005715202381626476,26.93596567760897,0.34609287359148133,0.8519259723249247,0.23017354915880417,0.2884032240042946,0.081089247690486,0.9626308562856117,0.5122303646056089,0.0,0.00662605560676215,1.0,0.3112728495656041,202.3334498836209,0.2665577260655131,0.04624221573903736,1.1190761139904126,0.12550663678221466
13.265695507889363,-0.05963823917042392,0.02932888612843522,0.2292444354653053,-0.8830409717917513,0.02755047117491555,0.0074565446508107714,0.14760023791481935,0.041600653476169744,0.0,174.40060417480692,202.85714415663685,40.65176520368394,32.8731284525792,23.58303373661004,234.8488816094429,130.84514535013247,-7315.144670500653,3.1026135411510154,0.987760804467835,-0.6897960046655887,0.7240037789593305,-0.6897960046655887,0.7240037789593305,-0.061698306949546804,0.1220057209951055,-0.7911427214615241,0.006140266350494611,5.114975460573216,0.4400520353277294,0.8975683345955002,0.18577432137612337,0.06148322941253115,0.065915509024657,1.2891577473122642,0.41924760786572174,0.0,0.27799024405388567,1.0,0.8081687759776994,223.09902724532498,0.062056989718380154,0.1589823606237298,0.8720030208740346,0.156252296399971
17.45568839910956,-0.12497714415812694,0.054937968615637205,0.23349842348466085,-1.2323128757977666,0.019372266031853984,0.013233515398165939,0.06660820820860772,0.030042858679124724,0.0,187.922443096685,225.65002703955756,117.24351298240562,24.96633995073367,114.1963778041258,141.28999245655075,275.3083201587338,-1578.157190066982,1.8240499852934433,0.9280145271270035,0.13079267585675922,-0.9914097417023038,0.13079267585675922,-0.9914097417023038,-0.020408486101824854,-0.09282247412167394,-2.1815620854348596,0.002001100986080917,10.324077281019548,0.1515018728445123,0.8010450166854295,0.318587175357138,0.27779815307521327,0.0007906891052127439,1.2821280501761625,0.47712828207978714,0.0,-0.2898794080670056,1.0,0.3162483324704351,278.7472293265212,0.22934295518250755,0.1687386909575455,0.9396122154834249,0.21803628214189372
17.69898064700513,-0.23854216245275028,0.04534336233395314,0.39209313295957215,-0.49175223510972677,0.0024068540263959015,0.001810520967078972,0.03627439670951765,0.0022031047452103765,0.0,239.64213927814274,270.7156195061499,43.77744431251838,29.742614055727685,187.36658170361747,31.902078345564753,56.27324441026239,-1049.9716240514863,2.1548664493883183,0.04828896742056188,-0.2944616217868012,-0.9556633054034704,-0.2944616217868012,-0.9556633054034704,0.031983863437428345,-0.13973642855177204,-4.221953116745981,7.991629552038201e-05,10.86618035177249,0.22148743650110225,0.6288295289753386,0.3731647596898036,0.1129204966347343,0.1037660000681034,1.3135910470400114,0.575122688201036,0.0,0.405938280166783,1.0,0.12393500379228821,236.92502460553007,0.19821093155771255,0.006324294899131434,1.1982106963907138,0.1125235943255655
17.86909447979591,-0.500694669649888,0.04578716474345541,0.09121694934777906,0.7773163306741302,0.07852413421894608,0.01990098746895808,0.7620795836322758,0.02661962197272949,0.0,175.00061520140358,244.4860781471462,35.67496625464356,29.097946208226034,48.29525648813717,500.0,119.16850997388238,-4329.885988018596,0.6293745373778078,0.9795808776675899,-0.9410336347451197,0.3383130181923076,-0.9410336347451197,0.3383130181923076,0.017284955769509103,-0.04657930494978162,-8.946960357504048,0.02028627042942627,8.012781998432713,3.3082532708572807,0.32217999346466686,0.09386579470790014,0.35066826106379445,0.03886571529358315,1.310752583106347,0.36275438877280136,0.0,0.23573862417385727,0.9841714923237144,0.6403075581429997,263.7107126048038,0.45265696204155936,0.43401154321959046,0.8611530831016673,0.05710661380644756
17.849904635124346,0.0497991678555592,0.1821049994847682,0.1009365579016821,0.6480975786579806,0.006116845922016201,0.008289732690529749,0.0,0.1010329853077808,1.0,253.70327827333207,310.0245801039395,45.9546258822718,22.09971113209205,89.56152374587788,308.30449959515533,31.30360242510033,-1764.7097590557769,3.472032373698326,0.791954162636307,-0.10944576864891556,-0.993992768446958,-0.10944576864891556,-0.993992768446958,-0.05557665544450035,-0.25787021655870923,0.8889103971302815,0.0,46.20063535924914,0.5093501369282887,1.130423507111525,0.00930041931905222,0.13045555396221967,0.3246483046929567,1.0759900345737974,0.5571198817012388,0.0,-1.2949361902157732,0.9812667427309841,0.4716225103309458,334.45257027325493,0.006681835478271179,0.0,1.2447529474572252,0.12615813393805247
17.810215962211554,0.03066671443013319,0.009154065798031732,0.684954425711546,1.2458920946030192,0.009663595797914228,0.026019594250267123,0.10882113138164054,0.16249125296167402,1.0,164.19308550265242,207.09443868542448,49.51790614785061,71.82452237634135,91.69630746240742,187.29415810487325,44.139312039615184,-2673.826063246135,2.601193590675715,0.0027471261375608957,0.9997451236925734,0.022576263041545485,0.9997451236925734,0.022576263041545485,0.005284054698897759,-0.020001482633215023,0.5461808068521415,0.017682481986909717,1.5030343082731303,0.012682980802595799,1.1177611408941648,0.740784474697204,0.1242812281620459,0.02904691046602666,1.2828886425872659,0.48206372123827795,0.0,0.7478073185208783,0.9517566840635516,0.3612163100685441,156.158886793387,0.3180363234476517,0.2315370252423466,0.7813593330208384,0.2256171097543325
14.952377598532383,-0.2170496393878443,-0.10113432768427388,0.38941987127623195,-2.157111320052997,0.013304987838708,0.0009141838327540379,0.15395988780457784,0.0430640134928588,0.0,245.31271052872273,287.15787208970164,79.10663995540132,50.085490138412624,56.383655122086154,30.61799329169711,191.01135534079916,-6386.825150006088,2.85516153763356,0.913463555213852,-0.9986126020839734,0.052658056924614005,-0.9986126020839734,0.052658056924614005,0.013097839410545271,-0.01657519294198442,-3.2454081657523353,0.006630130685775367,-24.809536051729268,0.02084848482816317,0.5316081762272012,0.4560808626729704,0.5362368736612951,0.34100389886136345,1.2844958387284082,0.3388405819795015,0.0,0.38451671411043786,1.0,0.5541214131105273,290.92805020069284,0.40060644353248753,0.13153320286638587,1.2265635526436136,0.2833205907808384
20.28969249535069,-0.44743216792501306,0.06387974862278914,0.4618899910322665,-2.8529157007951187,0.025411908114125116,0.013253350821140876,0.18312939342409956,0.0544307997713995,0.0,179.44630370971578,232.14020222088254,46.723505955249415,3.369479691244233,19.21155753916458,58.10837227465101,72.24851589812984,-2846.7102003577743,4.696168174894838,0.9603692313138422,0.6944521021088763,-0.719538934232584,0.6944521021088763,-0.719538934232584,0.010978504008176945,-0.0835898512876751,-9.078261099726626,0.009967879345725008,11.462984772265319,0.6624058467723728,0.30933853881344286,0.4025264111678889,0.19105907745941716,0.03626217725694529,1.2647305207766844,0.3683264536807441,0.0,-1.3957150765874367,0.9752562872350765,0.9623686189029755,237.94459107488922,0.3253321887780097,0.01729184376516779,0.8750306795699767,0.014648691855033263
19.244522199285218,-0.32270433409273813,-0.056655167422710796,1.9016333809041495,1.8272118608376573,0.004117420823418636,0.0040975896071819866,0.0,0.0572778929489606,0.0,194.69239750437055,225.99408298600747,33.53261644782499,23.67691940673136,300.4131100366295,5.33124831364824,28.749326561729223,-2904.9324062035284,2.321198783369515,0.6287580180678572,0.6216868902665479,0.7832658619336791,0.6216868902665479,0.7832658619336791,-0.04932956584597674,0.20006952289358226,-6.210290721253252,0.0,-11.030330376539075,0.10172743746583109,0.46169610599959726,1.9603735920081005,0.37152803961275876,0.21559571311659376,0.7673694618026831,0.38078390750204966,1.0,0.1578538435779952,1.0,0.06412520039407668,256.8267197273079,0.14149064345628842,0.0,0.9734619875218528,0.015918595296160624
20.352873345020377,0.10165914169204043,-0.010993697641829092,0.8323608377429116,-1.7771823789919314,0.0033593473056747307,0.028192504771808086,0.05525512800103643,0.017863465833812816,0.0,187.73946234483032,243.45055337702422,34.31523559122435,31.326434734843684,24.733279273175427,442.37071977809785,49.32912722063594,-1943.8139503175576,2.605177748376599,0.788329001777724,0.7067265555776158,-0.7074868024503348,0.7067265555776158,-0.7074868024503348,0.007785136511956468,-0.2140967247690353,2.0690556352215794,0.000987048091189468,-2.0639508844586225,0.30810497995453906,1.1971043980517242,0.7654964572710472,0.5870990783728848,0.08113786205590741,1.1121270820463771,0.3240679672306668,0.0,0.5872167514735335,0.9533486738182667,0.7175404329829919,200.56683183495124,0.10353689589024419,0.17543096607085717,0.8949058372489921,0.014980279638144208
13.975765873053444,-0.010974867213046531,0.03701810017557189,0.9219315164661717,-1.158210939159424,0.009409064304986432,0.0071942388154278645,0.0,0.046264248941553815,0.0,211.36852953654184,253.13885697551683,56.603822420106866,164.7715841548636,69.22783340652894,279.9354176005913,125.74660712849055,-1878.2839465051975,3.5892322360716724,0.332531655406462,0.3373010691361842,0.9413968285264122,0.3373010691361842,0.9413968285264122,0.045887250594597084,-0.34087748345136687,-0.15338217465738888,0.0,7.824461400347031,1.0204334502028736,0.9614602241695009,0.9535348754415329,0.0032836082772531223,0.20218055138808186,0.8621184242161762,0.49425759659475216,1.0,-1.3853788455092038,0.976696163530856,0.47655548314952506,234.86229738066123,0.05048372126940277,0.049280246259041365,1.0322141594474943,0.373472820374946
16.294266880748083,0.07914301170142816,-0.08213543152188554,1.2823015649729468,-0.27847256723450586,0.037498583356753885,0.007705513714045269,0.3145825468233707,0.005561687406690259,0.0,209.4528088924379,267.2473966216389,38.09040263416423,38.88779323675667,97.75087532776654,15.583797161977667,0.10767239806425881,-2272.0013326759145,2.625830663824848,0.572321261548915,-0.6897960046655887,0.7240037789593305,-0.6897960046655887,0.7240037789593305,0.026848085958753154,-0.10506387463169989,1.2895773544092388,0.0017496097890320897,-17.20349684185141,0.3891121044189189,1.183576911890786,1.2679030762257324,0.20654851523146242,0.10128427312661976,0.7423118693786226,0.5276685801969806,0.0,0.009815311174342747,1.0,0.3384012174695442,204.5873343918803,0.22864577644941836,0.17195245280858704,1.0472640444621895,0.1340793723653766
14.729104677214625,0.021637300913216695,-0.05102947478197681,0.2514030544370962,1.3590929954282194,0.002811769932694657,0.008357252974539845,0.08151121338281322,0.004553595775957695,0.0,197.09646080260617,254.38229847490595,39.2930661081749,31.38015039338583,44.81377890862458,208.64490157001723,50.5247579078365,-2441.095745851382,2.275045657845238,0.7315499491381177,-0.09019000427034513,0.9959245770286599,-0.09019000427034513,0.9959245770286599,0.02057399574537199,0.024799528390338346,0.3186980700831603,0.0003711691169531647,-10.057728876143472,1.1037011835183659,1.055439028667953,0.31821574825617016,0.42196159846124465,0.10160532196996214,0.9832567921210096,0.5344846777245407,1.0,0.623765588714692,0.9937547364286359,0.6578363169438443,233.56041268856117,0.05358955338375547,0.08089441888595059,0.9793277072795543,0.3840315358249446
19.50055811300833,0.4198976266601122,0.04758485710704116,0.1861662940252887,-2.1137613661157366,0.008968332949774527,0.012673940587913076,0.08729972649851055,0.1528402243042421,1.0,192.60944623647066,233.7052719610782,47.47047914829941,93.9202124156289,75.53593177895016,149.67957397677444,296.34090873785215,-1872.246517039169,1.1275580241214078,0.5612608927326408,0.9933900548258936,-0.11478762552212701,0.9933900548258936,-0.11478762552212701,0.08213412838519524,-0.021345651349293976,8.188238070199795,0.01334290977973134,9.165292976628784,1.5405674411094332,2.626803877990122,0.19862586741271154,0.08789573694876288,0.043447700724622375,0.719105081339291,0.6559636291172292,0.0,0.4279986101655584,0.9039839280567961,0.4852281206122586,191.94603491798281,0.00727970983677646,0.09465761245651003,0.870579218948445,0.014532442086387107
16.55770110495892,0.20027347163434833,-0.0548644971209072,0.006259096537590486,2.5283679989250105,0.004360159546738039,0.011902157306032701,0.0,0.08772494539653358,0.0,177.65491422761596,196.86424143978343,38.49552977742791,36.37348956819536,69.0976879337847,49.90491173163718,144.1990286417878,-4116.32521133953,0.2741088143487529,0.30460507362561884,-0.4972040784469378,0.8676336233547726,-0.4972040784469378,0.8676336233547726,0.008389556451939126,-0.03023240318893164,3.316068282574008,0.0,-9.746947530156051,0.046630703948465906,1.639358927314075,0.05283250845806373,0.2324397883048988,0.4999344901177927,0.8559485531195988,0.5754335633061309,0.0,0.04373587889508744,0.9992403590721202,0.46926196975518886,205.13400686569548,0.2025707406300996,0.06083219252398891,0.8875998014186485,0.0948462768280677
15.507836312138599,-0.05285732621530438,0.09733853159903573,0.4763803619236698,-1.1213768315409114,0.01634732125544525,0.008859332677429721,0.07316628065624697,0.015936220524936134,0.0,203.9233555711995,250.22097699455662,31.75000086191468,94.2228708975295,33.65410429378417,141.78992370386044,174.11777904084337,-4589.804554889643,0.34673156333603816,0.6492002713045584,-0.97139528468375,-0.23746831555846842,-0.97139528468375,-0.23746831555846842,-0.04209545354728136,-0.22527290260311103,-0.8197027628442528,0.0011659939835273207,19.8495999900486,0.5569618094231383,0.9140566692023638,0.5382681953983889,0.0495930884091677,0.057124108304077895,0.8299820980153738,0.3817687481906452,0.0,0.004801355479757831,0.9599113134605867,0.8070521181281002,229.8595253713677,0.29112035801896885,0.03583432969737783,0.9787416804582018,0.10674060831403791
16.543714973185683,0.00715297743225482,-0.09861575978626318,0.8583333878669841,3.0326591399701632,0.04949110937448253,0.003108283293712093,0.39358995856758544,0.004418658236817396,0.0,139.43569102296777,167.69359528213045,30.408819626049837,47.146831343503095,27.62166827678972,380.242362264065,2.634772055130232,-1186.23891566287,0.15225898288992157,0.838418925587998,-0.27591294500296043,0.9611826292540837,-0.27591294500296043,0.9611826292540837,-0.04193709227314485,-0.19650799650901962,0.11833681984885334,0.0017391395123532792,-13.750556611552604,0.3197333925454614,1.013055159204426,0.8437818120000462,0.16095920021329965,0.04689828913870886,1.157676807114677,0.4120528733217401,1.0,0.03961493927143728,1.0,0.7629051931716021,197.66807314629932,0.198572478090192,0.21172381739265597,0.6971784551148389,0.36447581341304913
14.0370739248799,-0.14335139785564086,-0.09895243764115683,0.2353516469935446,-1.3482926313351975,0.009819496282600216,0.013579449742854823,0.0850194146789554,0.007290253252343625,0.0,198.86120297668683,250.0407232650874,32.47127556497299,29.68850551566384,8.149618209819035,135.2424233703495,79.82987793971354,-2130.629017249209,2.3275750056809907,0.8360082148526288,0.8584015232918917,0.512978386299228,0.8584015232918917,0.512978386299228,0.008801358847119793,-0.09766923618008792,-2.0122341689345005,0.000619813064375606,-19.677800786796034,0.33527395897943973,0.7022039726363455,0.23390648375132828,0.2762962123465935,0.0037132983595999473,1.1285729608539918,0.5123730896270654,1.0,-0.029818375802446964,1.0,0.8989497271372487,237.926248294945,0.453165992060651,0.07668861162279703,0.9943060148834342,0.6870847313064322
11.138459476161295,0.34398661616698334,0.19060558657553223,0.021521772436801093,1.4178197130910943,0.011009165111775033,0.00289445059100374,0.3126729034414001,0.0484133821952959,0.0,243.58578025745186,289.73720225425205,53.01137700795916,186.85735639181232,132.31789916620622,25.26329916601971,219.49441410792113,-2722.9029136388735,0.5714172356746957,0.13217096693032726,0.38541335945432564,0.9227440286201427,0.38541335945432564,0.9227440286201427,-0.07187716852721752,-0.11343946520061093,3.8314809845177935,0.015137552776421355,46.42881052743031,0.2269959006393164,2.205558783575015,0.0,0.018716678966661245,0.018132049999831253,1.1696904929295822,0.5405687895420245,1.0,-1.4507155690934646,0.8858534802835493,0.2052313405636037,240.6128258412476,0.0069337454047957645,0.1329231605689202,1.078906555943238,0.08446020767133885
13.255552097819896,0.05127196104635043,-0.15302264415929526,0.06039450864366929,-0.7749108233893822,0.009536522498600042,0.020723636895057865,0.1519438892267901,0.040869954912143736,0.0,218.58733197389714,259.7674087756989,61.838678064613966,55.93844580950241,303.31991890852953,305.2801681131681,121.04404649474884,-2644.10570633137,3.1865639993132673,0.4454207961818366,-0.4822058478963526,0.8760579434344281,-0.4822058478963526,0.8760579434344281,-0.015549143636485888,0.21961711309746532,0.6796381508072904,0.006209939901874674,-33.44881151837141,0.6251655701221963,1.1238163851326604,0.04539329243448344,0.9610673343475207,0.03681092521139647,0.7160719600773021,0.4559082056211643,1.0,-0.03659958444087119,1.0,0.0034230432702854613,215.49302462934978,0.10682813973521095,0.08624549820782855,1.0929366598694856,0.11301218019645881
16.747712345669587,-0.33995712793587934,-0.002671652899829002,0.02456273668082303,2.114843116619854,0.0071815965731109165,0.00890109988173496,0.0,0.12051925007878961,1.0,211.51224255659147,242.07880834894962,52.89158763341845,54.57393351247299,87.68365684394018,103.24089236365464,10.918544480187098,-5811.208000874708,0.45316819390565694,0.038739223018102065,0.9912685467787256,-0.13185851571739118,0.9912685467787256,-0.13185851571739118,0.023208682581494264,0.052783170696659124,-5.693504188530102,0.0,-0.5650872961756529,0.8583384035812235,0.5830711285672558,0.12091638452856565,0.19143078038616598,0.03762541888843332,1.250422847851641,0.3115343613131347,0.0,0.22879655105715996,1.0,0.35379593565990375,221.7913886729161,0.029302515974001814,0.03572845018723806,1.0575612127829574,0.24918249462731562
18.35010476697426,-0.03444003875079467,0.18514838475629003,0.19512190320011627,-0.23620634613085967,0.02082275719098054,0.0014618329802454128,0.27894918864970103,0.004066126335208705,0.0,200.47273438717872,268.2745720726622,39.320537001145,3.369008205236306,120.18198656133742,109.37581392425186,235.5571922843413,-2085.6593218567928,0.09588745603049942,0.632766644436895,-0.5716666713027052,-0.8204859638785327,-0.5716666713027052,-0.8204859638785327,0.05855725013840325,-0.10651269851686694,-0.6319783192557354,0.0011342426421536505,37.1172029594629,0.0579758394676105,0.8508853589514281,0.23291102719470633,1.649813644715542,0.25237732508869104,0.7941660373788536,0.3917622490516643,0.0,0.7088119941577564,0.9257978598910245,0.2911181746286833,248.37049124698865,0.1808261014582951,0.18693243756564118,0.9279861423107592,0.03160294959440061
11.820239741395413,0.07785196983951219,-0.002859144789927242,0.4004263621360245,2.3281205016224167,0.01015093767155208,0.0192597887784765,0.025620715925759763,0.00934784428235909,0.0,249.60268173414912,292.79744731022623,34.44466943879466,4.350026417394341,78.66845244191586,489.2310557458978,93.16951719881071,-4993.555973227674,1.4398377873055108,0.24216221484129075,-0.5699010576127624,0.8217133225960589,-0.5699010576127624,0.8217133225960589,-0.07720068736336283,0.2190026115272483,0.9202289478429191,0.00023949846287655988,-0.7136502070320601,0.8334044373504468,1.1500189372106877,0.3481963851206227,0.5833736091617042,0.165792443618195,1.0068467120950149,0.5199587365476639,0.0,0.9331869878108001,1.0,0.4111038199910606,286.53087039385326,0.22704374547859127,0.09283005717464166,1.2480134086707455,0.08184618907770869
16.033151434987243,0.11558288651758719,0.13467706690639988,0.5593680110649651,1.595543438603011,0.010637693212616761,0.01766169626519976,0.10589119446550442,0.1024040663326431,1.0,211.05329043117496,296.3535533879026,39.262785048708814,221.0812198753908,51.472789565170636,413.81880409059016,11.968080302185884,-1481.24851734271,2.2205201507362364,0.9303548380411819,0.8271893372462497,-0.5619233046832195,0.8271893372462497,-0.5619233046832195,0.00495388094843877,0.08925571771296678,1.8531579228294208,0.010843688902088325,28.424038116215197,0.011820227748039687,1.251270695802681,0.6409401429109184,1.8367070495456796,0.04805299795417467,1.2681577329955263,0.2722527010764805,0.0,-0.004707998031579379,0.9360057702546392,0.6368623990821395,283.0636519633252,0.027353513011009186,0.12357992161856252,0.9877354883740399,0.4421038681497397
13.700136280796869,0.2517001699068883,0.06524748644050148,0.543125945672562,0.5405336091680688,0.042905468108991436,0.0023264452392666012,0.37016862064153777,0.04259931864516086,0.0,197.94107575478623,248.46501989663386,41.882178086045215,26.85697807516181,54.76802196099797,38.48731076939565,312.04478445051024,-8000.0,0.621737177728637,0.6182559427444095,0.5376773767406141,0.8431506618282,0.5376773767406141,0.8431506618282,-0.0034118056709338354,-0.2715087206390359,3.448326629624097,0.01576893102314854,12.91515765632869,0.17039603109149046,1.7987182217137792,0.5625761045961916,0.2973084672536355,0.028013522760154803,0.7911518359084208,0.2537580800945204,1.0,0.05772743363880222,1.0,0.5490681539274233,242.67994433366152,0.1470471063591636,0.2595024931958861,0.9897053787739312,0.2677969952944352
17.32354159944745,-0.4260254735280299,-0.0007201884234801468,0.015797338115759126,-1.570859600620979,0.09674820327320044,0.005656756680937093,1.0,0.001149065065450952,0.0,205.67114591172123,260.94498633699334,37.586331867811055,6.677455171007218,6.825905442538996,13.753239053954758,500.0,-2398.99932937201,1.2802855294484523,0.40061761474237423,-0.9666180104000972,0.2562218218071163,-0.9666180104000972,0.2562218218071163,0.0018752850541263557,-0.6483345635756752,-7.380270013087124,0.001149065065450952,-0.14812197832951773,0.6581825173344127,0.38643467619344757,0.05731856216121734,0.2457510417577337,0.054065598747605206,0.7752710815056738,0.45543391805537925,0.0,0.049394618236781006,0.9676905817735336,0.9760285301949603,242.30681427672033,0.08340719869899597,0.5795329036274467,0.9951301542067141,0.04971150991913531
16.02668239476939,-0.6081189765079242,-0.013064526146287427,0.09935698511932903,-1.5087956193760095,0.05767619562549359,0.010782214597058833,0.46335116508344454,0.01436937692992675,0.0,226.94641924749047,277.5346021631959,71.23754655682049,9.984580903820879,90.70906952353565,116.6071940176906,18.58430293308644,-7791.516558910325,0.03386573562625316,0.731463189276687,0.2985688173637202,-0.9543881083175908,0.2985688173637202,-0.9543881083175908,0.00707827527930845,-0.26524691718624877,-9.746129694724731,0.006658067542004729,-2.9649474280651473,0.22986751681765738,0.21788279528273463,0.12388342588080022,0.11295276303784986,0.12115313705379567,0.9437929693020808,0.30543411936732673,0.0,0.5399185938464399,0.9240976350093171,0.42827036121060647,290.6839287315137,0.033209623266596745,0.37231579156786276,1.0486032465021944,0.08573368544880465
16.712738729300618,-0.4673053429546004,-0.2119317414142744,0.042913677068534405,3.087696065147864,0.003946461325555048,0.023537385960684123,0.07082583886909657,0.027989311079096992,0.0,193.86623611564283,248.98981206339545,55.96990290160533,4.50577970662551,26.86283123499657,44.684267779753824,86.89926019591744,-6944.8717449315745,0.17720789194333555,0.2073916951501703,0.1542040475626894,0.988039023376751,0.1542040475626894,0.988039023376751,-0.0015833498554587606,0.11898692367902436,-7.809952103606458,0.001982366436545143,-41.08640902141908,0.6710053200938726,0.3857589940111086,0.06390159860594434,0.7812640534105084,0.01895915303305306,1.1054525562868103,0.4267579269679417,1.0,1.7259987103546155,1.0,0.7967027085167728,224.08124678904232,0.06410001557013974,0.26595411047924505,0.9693311805782142,0.07489948053424457
16.84055195409359,-0.5373491058440307,-0.03191116598853623,0.1837022792712288,2.672791612390986,0.014381905542133342,0.01644869375807023,0.07528667499620836,0.005050233954998422,0.0,200.68122498896798,267.07153498489015,42.656670595297015,124.0104046523947,150.31949445884234,500.0,53.74494650610031,-1409.250869929303,0.5474649805586916,0.091431805858599,0.8367329140344921,-0.5476112038402312,0.8367329140344921,-0.5476112038402312,0.06961044752660309,0.17829701091642325,-9.049255534452136,0.0003802153224247822,-6.4039718814057425,2.2790221569097486,0.3086517637939704,0.08381658714722381,0.020100861007314032,0.10012635854923879,1.245260887704411,0.5270648604113706,0.0,0.1750031387224405,0.9226835749524539,0.2672558620123345,175.6343749841435,0.04007734333280851,0.12286116530320458,0.9258263504932934,0.16112785549153658
16.27377126879573,0.06587848448792977,0.02322185058311941,0.6084915485586421,-2.271884260824746,0.004820614889477068,0.068193813283891,0.12208895683242943,0.010784800576241331,0.0,220.2995801175072,286.8629750786888,30.931122360612527,27.74720494607029,67.33623930278968,48.88098008713655,58.00623801840297,-6011.58570638692,1.445117310479519,0.08738153077452415,-0.19443122004766195,-0.9809161537413774,-0.19443122004766195,-0.9809161537413774,0.06219983582143908,-0.3320461229389402,1.0720913880914766,0.001316705051999088,5.115763933012695,0.5354885274198224,1.210705368470389,0.6638395176000537,0.2456637250883178,0.010703865210741539,1.3085076987474817,0.3585751929180234,0.0,0.5921417425809635,0.9596987938955677,0.6096570740796606,216.83825321459975,0.10636257410698553,0.34415516649083744,1.0571062066723582,0.24557782149781124
12.626374276537625,-0.2555536207956597,0.023166290969257514,0.03587956673960891,-1.8594174844444176,0.007306616801237571,0.004531126587293475,0.102411550018663,0.1328805353747461,1.0,243.37695823739855,266.87784255505824,41.32796379655346,6.81756548050916,24.28893424985465,95.59242616746681,229.78557651760076,-4545.972583196288,0.034195143691866645,0.5828051598478533,-0.6772399381909491,0.7357622347736527,-0.6772399381909491,0.7357622347736527,0.10716445942852111,0.1317288431541095,-3.226715663890368,0.013608501595037528,5.6381414297404095,0.18321089861142956,0.6153687824489746,0.0,0.028637464203153672,0.07331881627109584,0.7221333912804876,0.24470763871698836,0.0,1.8991538571700761,0.9695039796150443,0.741908434757764,253.46821506737953,0.10353815632122616,0.047804482473946884,1.1797746477888116,0.03272061243445891
20.34712855111951,0.3303837760645276,0.2465858757153896,0.8390918406542073,-2.4704580713647655,0.041145470688425945,0.023879023495895935,0.536909971499462,0.026854902259299287,0.0,189.7975526372939,252.63001363149925,76.85292587087204,15.02682095229528,24.663946043161577,17.171847563100513,75.55275768547041,-2055.5786813771447,0.01806414675630806,0.888868545674155,0.9897936029670716,0.14250832791617088,0.9897936029670716,0.14250832791617088,-0.0005286099715612046,0.12414796883206254,6.722361162789225,0.014418664806661216,46.80139572570487,0.1907556903203021,2.033299948224594,0.889891251688459,0.0948232285219733,0.04752265994543292,1.1814487814889052,0.47191780143795775,0.0,-0.22741078736563275,0.9772165819236892,0.8237223402725186,247.05174984109985,0.24530601191169535,0.41650020578854274,0.9273665782284891,0.02152518958400541
18.634666678440798,0.23810425653995831,0.02809580661495055,0.30657357190727824,-1.876549956156951,0.03461361036966433,0.002458731365869007,0.41794788316222764,0.04892099125259142,0.0,182.78944163197423,240.24653291081918,53.02450082462366,22.40000047535341,6.809745926737207,398.212144337136,10.666078873547674,-5693.622901567369,3.321414961225407,0.22275810478190317,-0.12652781683868314,-0.9919630595773397,-0.12652781683868314,-0.9919630595773397,-0.02053447297439009,0.27900835310389555,4.4369934553400805,0.020446424736218438,5.135616803346739,0.4327824917457759,1.7645125017085934,0.3115519015426985,0.2946872157481736,0.059631180286621656,1.0761086530019879,0.4172356277066191,0.0,0.24971335811684092,1.0,0.9540753753271648,227.6039805160609,0.0015593959290935804,0.2932728606913219,0.9139472081598712,0.0537942970181727
18.645899048598007,-0.244511271141028,0.0630145320793845,0.041167574099345794,-1.3179761665330454,0.010462109756417369,0.004969080701970852,0.035267710676822606,0.04833355889712458,0.0,167.37186927517138,217.9102522639792,43.73124566984784,61.97563314267075,80.22163592057886,46.23292663404463,111.41620532146163,-4973.8759346419165,2.1505951366617424,0.7600483857611376,0.9138076496466615,0.4061472386305789,0.9138076496466615,0.4061472386305789,-0.048388100409481105,0.19007882920176256,-4.5591324779399836,0.0017046139711649549,10.546860025626835,0.4585892494626996,0.5049904203888724,0.08294078793388862,0.45592186840955545,0.13759490948199268,1.0316968074390678,0.41078740862570884,0.0,0.16841220021292802,1.0,0.5014982158830217,223.46191226413316,0.17764498684145869,0.0,0.8368593463758569,0.05509850863363163
16.937664239340485,-0.39891297299176554,0.1164963167409901,0.034348045321359426,2.1213725770381258,0.008784552376178277,0.004038797130811377,0.3794657815151255,0.015714619780282442,0.0,183.02255609253982,258.71081994467556,73.05219279363484,50.90786893186028,36.766913438776626,91.04485826956935,51.870005257965026,-8000.0,0.4950647305887039,0.03762352568368055,0.9682507501166718,-0.2499809690726521,0.9682507501166718,-0.2499809690726521,-0.025971911232580486,0.2703764936004822,-6.7566539972516235,0.005963160476137926,21.321453665302148,0.061242419815329796,0.4115755010455881,0.042268089059196615,0.07062175395971668,0.16958121512685198,1.3277063777167413,0.4439663118176156,0.0,-0.11915628242510677,1.0,0.6978860936541116,172.94729153933025,0.19206080123477778,0.22269078813955345,0.9151127804626991,0.4872185797993484
16.294169208753175,0.06508835471094518,0.05405013115277916,0.02033199123161603,-2.543544932647152,0.009873919843570536,0.0008235126041104038,0.15428181180081263,0.06649161028143219,0.0,190.62700059826247,266.9185028736465,45.06779569085399,100.08859338625074,3.6064011001655896,119.16940615851651,106.23251852900448,-1059.2233862794728,0.9756876372009227,0.35334007319765726,0.9952176027737294,-0.09768276782171598,0.9952176027737294,-0.09768276782171598,0.03572855663774795,0.09767318232228157,1.0605606651794877,0.0102584461037729,10.303414383596998,0.23467504497298738,1.1580401276524372,0.07251958773206178,0.08064464303022026,0.012393449099393604,0.8278994605588086,0.4924326806976514,0.0,0.35003144404202324,1.0,1.0,220.94211833391378,0.1278617415630146,0.04161538024712438,0.9531350029913124,0.33227802966277575
19.123702506255984,0.13922666788792187,-0.008604906673669008,0.0038610381388953763,2.400934325878837,0.018380531957680715,0.005919488879127572,0.12873912469395596,0.06799456208138975,0.0,154.56552397312765,218.1344680214646,38.508210102268706,6.551372264060393,4.779090801831801,81.1848302422203,46.72808246794579,-5123.245275507213,2.470823518408123,0.6537165095580695,-0.16057454459499376,-0.9870237158387383,-0.16057454459499376,-0.9870237158387383,0.04342625442302888,0.09098437796008167,2.662529377625921,0.008753560406306964,-1.3300219087555132,0.11352127828854303,1.3764177649933111,0.0046684407736896395,0.053463936992445865,0.04753660660678687,0.8995797841632337,0.4755091842591074,0.0,-0.14840593511222344,0.9163500024997389,0.8887529438525096,191.85693797715825,0.22356305837784274,0.08663429296479809,0.7081805913957449,0.017780436042657242
18.5767365153723,-0.5018133028238942,-0.008118735053940337,1.0383866176050156,2.9652244677971433,0.010982237850337471,0.015485158107375075,0.1303764177879967,0.02753239272856946,0.0,228.10748265514587,269.9544728392169,32.46051667133469,82.88034679599444,74.04875017074978,172.58764493147143,305.8823587808398,-1416.3692464963337,3.881345764172539,0.8262505625786928,-0.8616928164028522,-0.5074302810827518,-0.8616928164028522,-0.5074302810827518,0.03377573723173739,-0.06745691745219566,-9.322053506468214,0.0035895747370831743,-1.8519442154984203,0.1089944942288774,0.2546791111512571,1.0524329515934976,0.19019825812673383,0.0460102283379119,1.1326266131496818,0.4805438747089019,0.0,-0.7276909564029657,1.0,0.4266659498205204,289.3122565400652,0.003468515772195308,0.13453332930113254,1.1405374132757293,0.01797893587646143
15.16867220937413,0.2896476082576241,-0.035065448223628094,0.34088018443300866,-1.3713675952925843,0.0021543349076507475,0.009152021094398798,0.08462671175343676,0.07545857684424252,0.0,188.24619982712272,220.35895286273873,30.904584229426856,36.52710109779944,48.09681478991237,24.54046214506932,70.55694015478028,-1040.6474626346494,0.7922069744027898,0.9431917804288561,0.6612634749656386,0.7501537286959042,0.6612634749656386,0.7501537286959042,-0.03322338411062425,0.1640512726768007,4.393569625889107,0.00638581123192227,-6.6009373733327195,1.003580762292719,1.999787441028791,0.3611181892916565,0.023914629408751532,0.16125394541660387,1.3124805352962312,0.5605171023896182,1.0,-0.31067828353284244,1.0,0.5897240958068048,215.44496383286295,0.0057971168247601965,0.10713277030151333,0.9412309991356136,1.0
16.243663047374056,-0.7610135453209111,0.044421102913658,0.40551526108755226,-0.27499085738498685,0.01889461270231127,0.012254508960086445,0.24822557491663652,0.006205951203020063,0.0,188.66057868894998,249.97658067145204,37.29272294219329,17.921534288522743,28.165830733754884,267.16101772830683,27.44029027610176,-6284.0087422127845,2.9846604420789946,0.6325703649591,0.4632579225674917,0.88622350294858,0.4632579225674917,0.88622350294858,-0.03295374537276744,-0.2664813441101368,-12.361647604680407,0.0015404758052742472,8.38051098169212,0.30347219574028333,0.10885024338637149,0.4994473750494608,0.4565622409950923,0.05834944381492349,0.7824306449514847,0.3177080278205903,1.0,-0.20632734945599707,0.9687685664753043,0.750793972770727,250.7656178836548,0.19174296226712798,0.2870016115467712,0.9138421918344771,0.0991799105563106
14.977374424875418,-0.2896870364199584,-0.01703207209798789,0.35341635547285727,0.18427560623800288,0.0037605515741831914,0.01667020190044014,0.08720832550350976,0.01118682657207768,0.0,162.39600038124087,232.78900375950238,35.63825956173298,12.79105469890102,15.252650370722186,158.27704900643508,190.3663479209672,-5625.861104812912,0.20797206690817777,0.46267423256219886,-0.9928872135356962,-0.11905873003404988,-0.9928872135356962,-0.11905873003404988,0.09782320220552661,-0.02773548575298585,-4.338751210494239,0.0009755844130490628,-2.7659403869181634,0.6755887361343373,0.5507577786320379,0.3834301093063689,0.15937747987120218,0.0818383845614977,0.7229658262095295,0.4700718073674853,0.0,0.08688533443105467,1.0,0.8608539376120449,161.37512752542057,0.15983751918891662,0.15070958607912893,0.8119800019062043,0.04235541155395656
17.350864819518264,0.18662564180188884,0.062493639053160466,0.8299325686774793,-1.8492084595369884,0.021502622323583857,0.003709750501439848,0.3116744386279757,0.009538782403248786,0.0,216.1078696088259,235.6780031856273,31.77442148063324,2.1143566379159022,52.71023267975877,59.63623837183657,83.55085289216404,-3257.9430367861396,0.5898350237591005,0.06063639201793691,0.9590788900341131,-0.28313898122818354,0.9590788900341131,-0.28313898122818354,-0.041599649222104094,0.10797670766493471,3.2381162827604104,0.0029729946507269784,13.505367199881432,0.16347528279610882,1.4652348157631712,0.7640899265345941,0.10740444018585436,0.029780502874527895,1.2988297988660698,0.3234324126514878,0.0,-0.33904293914448413,1.0,0.5533116647360379,212.70419943011044,0.3170096995056619,0.1528943017151053,1.0805393480441294,0.3588013138473115
18.174045651740123,0.8146530097625098,-0.10090873103296993,2.0,1.4550373016252296,0.008895131570070691,0.01482533407788165,0.17576841666097007,0.046615894974621756,0.0,204.94099840271932,271.2354193587173,45.75663070738906,27.6384581898167,38.408882652626716,41.197454017267795,85.31965614282724,-2366.2892877874383,1.993105572549061,0.27564764684121745,-0.6788204829862355,-0.734304263829602,-0.6788204829862355,-0.734304263829602,0.07082623333124173,0.2816429722525111,14.805540989751345,0.008193602050923338,-20.680336085448324,0.883437548056489,6.52519646122488,1.9718010113692874,0.486077001851037,0.014421672205013034,0.9768411804246178,0.6785728089487549,0.0,-1.4413062308566469,1.0,0.6315273029638302,241.071285013983,0.08807871643607788,0.13226733189139936,1.0247049920135967,0.0826786314930469
15.625311557812545,-0.2507360332343448,0.014684845840864394,0.021975750579462848,0.5026472821694061,0.04976710866551633,0.020080699530289344,0.4129144700315534,0.013692713383040104,0.0,186.11839544989385,232.29541238961366,74.29053077094844,13.108223706533176,28.678624156138998,146.67988812518345,158.84343956882245,-8000.0,2.068628339742314,0.9231118058218843,0.4784338202547012,0.8781236129591848,0.4784338202547012,0.8781236129591848,0.020228802411262875,-0.09558763549751778,-3.917828638056678,0.005653919489851963,2.733119945330728,0.18024408337332665,0.6516086515577684,0.05187595116161673,0.0868851639172214,0.07474470595545635,1.2889571552903407,0.41460859719450843,1.0,0.1137518843398602,1.0,0.7179076672919671,230.19249735677334,0.11369749944175929,0.29731861327206405,0.9305919772494693,0.585943354588281
21.555113046432574,-0.6535042891883122,0.1552067321407369,0.28429062887118184,-2.436761544795971,0.01743650739173214,0.028284903549867554,0.38517048431804524,0.00819239278069964,0.0,172.1345440994609,194.9995015832445,57.284191766953015,26.781708351742097,11.086451703289804,500.0,41.42724271155391,-4192.710332918867,1.7840906493525723,0.5828965430802117,-0.5995514915196489,-0.8003361849976323,-0.5995514915196489,-0.8003361849976323,-0.03662994695519041,0.19331621046739655,-14.086358829782633,0.0031554678950657376,26.71644007821289,0.344669245583995,0.34015450250775403,0.3472779260512193,0.0017187663513549706,0.02528849334622729,0.6426796428267374,0.23190640690194017,0.0,-0.423409961349295,0.9789973243452667,0.8095946698434453,203.82156450312155,0.28109115333013857,0.2904252833239343,0.8425962905038227,0.0003191267521206708
15.418545634654826,0.007188700732847192,-0.022462349734481402,0.5446951709351296,2.4880302486262016,0.043407199558568026,0.0025148438600079417,0.6309607773407018,0.017981157832892527,0.0,210.9415408039442,267.9824831323937,32.24072829487994,1.6855684122951395,177.1983002165245,98.90769506054674,139.76122038305644,-2465.299759654255,9.36933850793377,0.3426772883168314,-0.5412984521036173,0.8408305333122887,-0.5412984521036173,0.8408305333122887,-0.05922427800379168,-0.03943571953949819,0.11083931030328102,0.011345405323727718,-4.738242663068574,0.42820121090194746,0.9357544054581552,0.5085863661205186,0.1284299500902179,0.08522459419748789,0.8329536285652155,0.40941446555451405,0.0,0.06293537705767953,1.0,0.15558880622118415,235.01912490569876,0.1647366320568175,0.3350370501669078,1.054707704019721,0.17681737927089797
18.611383512531244,-0.0631424279147578,0.18430016269667773,0.3453703659320642,-1.24285997071717,0.0023393278598238315,0.020314868155673196,0.10348976812222538,0.05076893420214221,0.0,197.95506963747087,261.5958694395788,30.859607429133895,48.616740170366484,215.07820139477386,34.04663528551754,30.19031265832105,-6396.788782425466,0.9602911511481019,0.24881687333831148,0.37945284372454435,-0.925211078289358,0.37945284372454435,-0.925211078289358,-0.03444597076712164,0.19741178726811295,-1.1751679418339158,0.0052540652283922145,36.48315154081805,1.7786407958992994,0.8294573851771601,0.45736424674856624,0.13112815762352453,0.03073355700072601,0.9849768914807732,0.5442826750993807,0.0,-1.5851079693689534,1.0,0.1134727815077668,214.049706141212,0.16320775542628088,0.03275745582385664,0.9897753481873544,0.05537762967103113
21.285480432365308,-0.11132439957684281,0.016367144732892865,0.24178945502328644,-2.1598618085656383,0.00488888383892239,0.02733110884149878,0.052758510144285904,0.002580919337617945,0.0,148.68417458903815,193.4139447270266,48.91325452503882,12.000943676439656,46.77104156191082,14.712245495532217,77.36099808491713,-4434.560014968967,0.08866685855639987,0.11365702768765606,-0.46896519100763184,-0.8832166493127127,-0.46896519100763184,-0.8832166493127127,0.020881580701740687,-0.16027042114735102,-2.3695933288377047,0.0001361654590553,2.433535404989499,0.11537311307390948,0.7477504583414849,0.2505696452682041,0.25650699428541807,0.007720577156525534,1.215362806019214,0.3565354109985279,0.0,1.4919679704728366,0.9721487291018899,0.6484867256425109,156.05498042962813,0.13980797841732603,0.15247510986614415,0.7227156568214848,0.002322727122829417
20.349051878670526,-0.23522176135316175,-0.005650819214600028,0.6088329134868944,3.0275804965867934,0.011839996519120445,0.009665910315530293,0.1239885534623434,0.004520143792931621,0.0,155.50308239651642,189.64276292246933,56.11211792766959,9.659572182512678,59.79309842324466,131.6713178677131,11.019355157476678,-6719.252891823663,0.1903907101483729,0.7516049785125594,0.9590788900341131,-0.28313898122818354,0.9590788900341131,-0.28313898122818354,-0.045481399702039925,0.14519431426862187,-4.786539824767746,0.000560446090327382,-0.8787198059357664,0.8300512884949631,0.6945587367238446,0.6298612836157225,0.2960600377581159,0.2806237448870345,0.9945229687033199,0.4557765329316447,0.0,-0.45484705749878523,0.9389208550137678,0.5582918974374464,194.84452375856435,0.507828626814695,0.10372339577637804,0.7300254354050679,0.006180410303460354
13.966676211915996,-0.15450264369306752,0.01166185023038663,0.0116487836447096,-2.4949963555893087,0.027861069423957177,0.008564910297014052,0.24623425476010743,0.036149780566678356,0.0,189.16342420258172,264.8447881059958,60.719748991322014,27.76783101956385,53.92132360624928,40.7618290367536,15.229777532564562,-2768.3330843551985,3.1172176737311084,0.41237613653830874,0.9724075561219968,-0.23328854407545518,0.9724075561219968,-0.23328854407545518,0.0777205180856683,-0.019067554194600312,-2.157888398346099,0.00890131427757746,2.2059955221176013,0.7010595074950867,0.6972275861936904,0.0,0.6101120175255742,0.07159233344681769,0.7736542396074757,0.5147023003371226,0.0,-0.1431201660096703,1.0,0.6728768256446734,214.05942124116797,0.16544287097984423,0.10790913639308097,0.9458171210129086,0.07459991772137252
12.6142231639067,0.0777980792914314,-0.03114232441637862,0.8568355838366216,-2.766507321782651,0.01629065299041009,0.002272955784599954,0.14346810740795168,0.004541280529487487,0.0,219.37509174179056,259.345536947082,42.723611670546475,181.99707536214999,75.22848574802413,366.18301422676564,142.29995226855215,-1334.7306245915352,2.9631502154741387,0.9365493653756093,0.4012289854475009,0.9159777842484877,0.4012289854475009,0.9159777842484877,-0.010393023430038874,-0.23702023721221144,0.9813623339054242,0.0006515289227741505,-6.831850275895664,0.05433084033304759,1.249917452867309,0.912609412926769,0.48687972804717466,0.05560277673871003,1.2825505640694344,0.46411351701088027,1.0,0.28487802320531574,1.0,0.5119071617432834,263.10201283692277,0.023220744318634485,0.06399169311804047,1.0968754587089529,0.3080479259992825
20.034071299257757,-0.1652924159295082,-0.1980556071106414,0.5035819064118631,-1.6490030913982348,0.015900818112691183,0.01272640743416541,0.0,0.03897114023165225,0.0,221.4299206787723,288.8220054400478,33.55736637277741,5.065256781428508,3.372266344671233,398.6965136688781,150.52067139143935,-5818.800494613181,1.88250314513833,0.45439171119565513,0.13079267585675922,-0.9914097417023038,0.13079267585675922,-0.9914097417023038,0.035022322920513826,-0.03065952275503745,-3.311480045958336,0.0,-43.855437372495416,0.40594008776991597,0.6984366726783295,0.4812926976909769,0.05219607562813512,0.36725087109891674,0.6970081902504256,0.3387468237107619,0.0,0.35080993023330387,1.0,1.0,220.61385283577212,0.04290317779158473,0.11962781297941408,1.1071496033938615,0.006429645228171136
12.166770702280653,-0.3284986939166869,0.0880174858223151,0.002204371898902192,-1.1355920155040047,0.016881436404099687,0.013716961718154062,0.32184070933228826,0.08723716204268953,0.0,239.71343451408646,267.0176796362761,51.39462713311825,35.97624674144543,182.0459511289206,12.13649827651562,182.30691441124017,-8000.0,0.0855595353466423,0.8183765635964552,-0.3251276029999093,0.9456701548465688,-0.3251276029999093,0.9456701548465688,0.03098555458190601,0.2643422442040153,-3.996768284883006,0.02807647011195497,21.098973823762062,0.20097070538108275,0.4093942206877952,0.0,0.09391873443912423,0.04547459920150471,1.0809103806975968,0.3943348823072021,1.0,-0.2896669015442381,0.990884432651759,0.18018640540000702,318.5287702735234,0.020216258175729807,0.2891076309787446,1.1876415527874757,0.09845644280977256
13.3951599927844,-0.2103771554734117,0.21927131639471137,0.7893933540409421,-0.41593011541637326,0.02550790207949498,0.004842556515973942,0.37282438495783216,0.035334740935081856,0.0,185.8983508194906,242.13842653429688,48.84963924185186,13.323442705442776,93.32168449216766,101.75637553284432,5.075135076707245,-1187.4562571836823,2.7384739882371303,0.1302376232438106,0.6740694616546161,0.7386679638813748,0.6740694616546161,0.7386679638813748,0.08109503903159632,-0.20384098392984643,-2.8180356563932283,0.013173653056766228,40.762176099795575,0.028976674263578167,0.523069657969295,0.7735337080802749,0.022011117808251244,0.3450118872931819,1.251029121013103,0.2775041776763078,1.0,-0.7310413728816519,1.0,0.42007279024974664,214.03721364921822,0.13156032148576588,0.18396805582377035,0.929491754097453,0.21720896235535272
16.474951768974716,0.046620129316922304,0.04804292700326693,0.2155838569589269,1.1634587934073437,0.0030346275528970626,0.015663208737865794,0.0,0.13023591997160175,1.0,213.02205597775955,268.83466334263693,72.08671422731291,0.8151079726080828,45.92631038555416,200.05278795863944,8.7571605620878,-1126.3554680599254,1.9475432726702218,0.15090762727671447,0.4878471454423119,-0.8729290708206411,0.4878471454423119,-0.8729290708206411,-0.021898517440711175,-0.2968634875754405,0.7680643819596591,0.0,10.234203085425344,0.7657862088672089,1.082665716012548,0.28472273254119046,0.23657284262208214,0.030651918326820883,1.1555290795901212,0.4081274624864217,0.0,0.29642173660568893,0.9856510375194808,0.6207120224463513,229.41552153312446,0.008315022622341234,0.1044903104475765,1.0498270524450581,0.5466181109889289
16.09238132793232,-0.22657341389516317,0.05413209613564595,0.4492248867229209,-0.8437476911575392,0.0016133644836707314,0.006934584003760292,0.10513243632365175,0.008067618389829985,0.0,173.68675196292685,236.78799206056044,40.98564650716661,26.70417986870548,46.40792430176109,46.61621591357053,93.15896553373514,-3831.7293744688413,1.1579660399102272,0.27321191474212825,-0.8517119107469189,0.5240103253675756,-0.8517119107469189,0.5240103253675756,0.005304113363937906,0.0797485046530863,-3.646105775172405,0.0008481683766523228,9.402027954745249,0.959033125552588,0.7093516731721832,0.47251202290789707,0.7293205277773972,0.06259967631735823,0.9524803241960789,0.3052910618509718,0.0,-0.28701669104995686,1.0,0.633694810254057,194.50519582350216,0.11891698610152428,0.012314033695420348,0.8684337598146342,0.16789592781188192
18.842530985884167,-0.3204999017565431,-0.018259268555799603,1.06157239742058,0.37280407099087576,0.0240803933935157,0.00727627194341617,0.24003247314696396,0.009868510651024405,0.0,262.2157011302788,334.61045202878995,35.05640456182087,20.99463365083772,23.553590040714056,93.64052185491433,124.27771101198526,-1476.5792568421818,2.812757602512684,0.19123465943193996,0.01075130776352193,-0.9999422030204416,0.01075130776352193,-0.9999422030204416,-0.07006972467619987,-0.33555962045567744,-6.039029329820495,0.0023687630178425433,-4.787866906485045,0.03816043505306844,0.4909601372998046,1.0171181356018755,0.261047185266009,0.3232557124876427,1.17243628244465,0.39723407192648846,0.0,0.6057550923516267,1.0,0.8862251496208474,258.95535633134284,0.23499669286457567,0.14158966364696923,1.3110785056513938,0.04378810560347937
14.013875694205067,0.1674689030112583,0.11577890988306426,0.012543776676278111,-3.1050783894574243,0.0031628889841526374,0.008851550453020858,0.011724275909959506,0.015446362315315898,0.0,243.82779803754516,281.62335236301413,31.316118351749786,24.16654842338477,39.51901251711993,129.43638060508968,4.455266987042492,-1795.8940270428848,0.3649365473767287,0.9767405872568806,-0.9975590477788613,0.06982797572987089,-0.9975590477788613,0.06982797572987089,0.005157410919491712,0.3126709921795283,2.3468883894446586,0.00018109741358996454,28.230116655974935,0.1983321066062814,1.5232318157903553,0.0,0.7722737367073851,0.07292673066954052,1.278198795322009,0.34818906384273474,0.0,-0.1800993202096539,0.9756768669174707,0.6700492394178351,266.50304305869,0.0690762660013744,0.06166017314452635,1.1894857102832894,0.21934552758388537
17.239194142567452,-0.16205182794810324,-0.0039271618459774905,0.024210635693152373,-0.723196627838,0.004029847624112033,0.004134673341101263,0.08958262709752798,0.05394310256643591,0.0,240.09457730562139,297.906198883898,35.33442980329284,305.548468658542,117.4952146851717,500.0,93.82097032693424,-8000.0,2.648858688995332,0.8081417506561264,0.6944521021088763,-0.719538934232584,0.6944521021088763,-0.719538934232584,0.05700057815396314,0.30763207297956097,-2.79364292315529,0.004832364841692733,-0.9428902634207293,0.053714802725035586,0.6176579905959125,0.09468896444225895,0.6855444663041453,0.01391738903930514,1.0989027911418123,0.4340341375652707,0.0,1.127365038475436,0.9095986928405765,0.24224050512176476,293.32994339740026,0.05802302191370248,0.14181106589832804,1.0919485683765198,0.11651113476754833
20.52720056204672,-0.8181739703803845,0.026722009819689665,0.05436796771148008,2.79582064357598,0.029057858021585784,0.018811549806413638,0.11629986128214617,0.04388756349300191,0.0,192.22961400665594,221.73110323452843,57.778264991236895,16.204083110150695,59.75847607291563,81.69422201208087,412.2183727826706,-1652.0669047761987,0.8694357724408104,0.3484122433939153,-0.5995514915196489,-0.8003361849976323,-0.5995514915196489,-0.8003361849976323,0.010973584600678099,0.2076560655432907,-16.794821184644224,0.005104117546247505,5.136761633121014,0.3737687291662562,0.13573275905551307,0.04254891695087272,0.43020059785858106,0.15985544285702968,0.8330598044711632,0.4405609161501302,0.0,1.419749391723035,0.9901395714494111,0.5849791474158053,174.37511561259458,0.001029756869363575,0.2118478336631605,0.9516707381621802,0.0005575475315419611
10.915525926280964,0.28262439087824703,-0.15652164674642235,0.021551336760597544,1.726912782761147,0.012259251641569269,0.001297982532828921,0.12146759819691316,0.040389814971702936,0.0,223.90873110331708,253.24000684622774,42.78197828550203,7.447455019878528,17.32852142786311,27.371428273868826,326.11101345184534,-1766.4371617751021,0.1827695274406038,0.5198231571720876,-0.07304518821104743,0.9973286321364752,-0.07304518821104743,0.9973286321364752,0.11563347698039435,-0.0022463977446860396,3.0849938660308704,0.0049060538162304795,-35.04656331319307,0.17675824592202283,1.955952251427558,0.04957196471596284,0.09385153845019427,0.10875849956153705,0.6541455996068378,0.6119601457213011,1.0,0.2773554818070312,0.9711588041788055,0.8846581774866172,262.5146080851969,0.06799742864530459,0.07767018908334655,1.0872546777174557,0.02193735789633332
17.394219996411536,0.05111852251171184,-0.052934187024444884,0.38337526758029394,1.5129945978334929,0.033056334243845575,0.006102150033816426,0.3385114601182924,0.019924931659321785,0.0,200.86372707235014,242.18870834893815,43.397891750729855,33.2939930635196,100.4942708566538,2.068407553396813,60.341589581120225,-3160.080905293381,3.4710107128160637,0.533248116768228,-0.5856957398073508,-0.8105309990194823,-0.5856957398073508,-0.8105309990194823,0.02598549576854746,0.3329323335582872,0.8891668264602314,0.006744817708754208,-10.632558095274836,0.05748123751392988,1.0703535818099417,0.4236327193635693,0.92523968348272,0.02643120871444148,0.6548683980888921,0.3331234854492961,0.0,1.7918165307951848,0.9693019526230869,0.3737917781699687,259.08157188321036,0.03461683348586823,0.15419039323584863,0.9734880143118991,0.03330178792384317
16.420177008541827,-0.29439058510494004,0.036735314818123775,0.12612438511772014,-1.2282623442685539,0.013269714239152996,0.005110940650352465,0.14074203884814837,0.01320387730651685,0.0,181.09597938637947,237.2358884754724,47.82980063272987,3.316178472499223,196.91661286779367,218.20006177368222,61.08331396579967,-3585.5869018804974,1.205232637831171,0.6072090549966979,-0.957232443323312,0.28931997761869527,-0.957232443323312,0.28931997761869527,-0.027020620167566147,0.26908949453076436,-4.833945517071313,0.001858340612819979,6.652617815055104,0.38363670267254807,0.5045042624830729,0.0,0.016068841851350293,0.036965919930722735,0.7510799785544875,0.33923167619509076,0.0,0.02658287779736453,1.0,0.04565592122640312,201.76214368649528,0.5129300894139976,0.16385150807845605,0.9054798969318973,0.0644499214618124
13.149154918134432,-0.11336613502944931,0.09072117345839911,0.25807606461189286,-0.07429129498550191,0.011527255994693491,0.024452967685586385,0.0,0.0013135594166903905,0.0,203.435033281555,278.58805058373093,37.537416961586956,133.82662849674352,1.5305648186638847,13.04183967453905,65.03062642646978,-5965.295769878689,1.1911475589572793,0.10361674783288244,-0.9417589340994617,-0.33628873017668287,-0.9417589340994617,-0.33628873017668287,0.022788237400308553,-0.10654376928776046,-1.4906688719723755,0.0,18.45586494185115,0.5815352038798972,0.7262655214862158,0.3212956120160481,0.8857421885664856,0.10723012767941276,1.2252255121231737,0.5182716066777119,0.0,-0.7940959733672508,1.0,1.0,198.58490824782268,0.34435784710433176,0.10525042791548825,1.017175166407775,0.1029434909695646
14.295158660491651,-0.3211258488666724,0.09349397421295044,0.501180617319321,2.1647050075540717,0.0025481756857949375,0.02141040011339473,0.07017335329551638,0.022360490850462607,0.0,219.82708313883964,297.7112669863483,46.6700812498379,104.7712302278695,3.4263222197457703,149.478088349313,46.96872777557586,-1051.51569014202,0.3005342644449706,0.3489801650180715,0.5663619330814524,0.8241566360566663,0.5663619330814524,0.8241566360566663,-0.0731697401331198,0.2877672054018322,-4.590544959534145,0.0015691106243106742,20.552507642290788,0.2584379305437828,0.5187126355548786,0.45856304294223454,0.4403109062772221,0.2686946437942168,0.8292500289743798,0.47223548354861755,1.0,0.11373936234886493,0.9158777384036564,0.9778124513623188,222.72511828095196,0.004776606325784606,0.16456313675206527,1.0066736587253649,0.1465980725698233
14.80499967696121,0.45070403727459696,-0.157918091531775,2.0,2.388588518673936,0.0020469732274137,0.000443285966709355,0.12645123188034563,0.032621636762482524,0.0,243.35290466597877,288.02953472984495,47.691964395519605,29.0374351468849,156.3794687266989,311.5459629165549,3.8287491461012473,-1491.3289164817165,1.1095391388137557,0.08592979946337098,0.8494504794814806,0.527668345562516,0.8494504794814806,0.527668345562516,-0.03994904703451852,-0.18233470030484192,6.672673126255521,0.004125046154569085,-38.42982627356535,0.8762318038146523,2.8428813606172527,1.9819705925011104,0.40865544454827324,0.13798702169434393,1.2279862150182717,0.45608547594970167,1.0,0.016995141973338068,1.0,0.1938272585263842,250.5113253671654,0.317015215108516,0.05931567090808724,1.2167645233298938,1.0
15.46457111887381,0.1714542999606546,-0.14777797752480817,0.03692118809320347,1.3228808681711062,0.02848002495217443,0.0021426609060775062,0.3255333959304047,0.012734443423784107,0.0,210.30633835178156,264.889355230674,99.56504707300314,40.61427294183348,24.37576626510666,61.849936471519456,24.01866869019244,-1012.8417991687006,0.7466209685661623,0.9190652186702755,-0.6267266965083301,-0.7792391467859886,-0.6267266965083301,-0.7792391467859886,-0.06085046026429291,-0.03940658655954121,2.651467215378266,0.00414548661302805,-31.078645342274278,0.04890582638532738,1.5182389767571014,0.11388715369063215,0.9864173732672328,0.019293939063319113,1.2750580271703051,0.42707118692734436,0.0,-0.04772182472508993,0.9208981670711538,0.8430804823671885,267.62730413117293,0.01599012444870761,0.2730921092226017,0.9683536075580076,0.25250830080848297
21.32615740425151,-0.30995846074946865,0.05841371010552137,0.1975526582554773,-0.27305824177669,0.0036387323352519802,0.023401312017650073,0.01346853223469234,0.05687766253125784,0.0,162.33405471278877,226.47913669214617,51.40413700054174,22.58195628760796,58.28775964725972,189.07464078642587,18.25270864929251,-1004.7273987623701,1.510480897700106,0.4034538736100931,0.8073707443023492,-0.5900444739548627,0.8073707443023492,-0.5900444739548627,0.0008055444578812057,-0.35869279281753536,-6.610222922722682,0.000766058631236199,9.482534412246688,0.04338313042388008,0.5333794195964361,0.2698988930680539,0.4215593979103595,0.12103239374442994,0.6888241268639814,0.4117327064143688,0.0,-0.18507614646181803,1.0,0.4570575979945481,161.59973453060917,0.06548589973039773,0.09323863763589196,0.8116702735639438,0.0007074378282638706
17.374193010371275,-0.1244323727416735,-0.07468083880048326,0.18734608622663151,-2.6818831163077155,0.008180748952418831,0.0029050305587969894,0.35071154981612335,0.02503436897725786,0.0,180.17882487880092,241.65956520593534,44.78281781406873,32.49811279952959,69.53931545815448,275.17196280815244,283.47092096453144,-1068.3003562306053,3.9931700979606233,0.7270170442447711,0.0966127018812031,-0.9953220513156602,0.0966127018812031,-0.9953220513156602,-0.0030261589174839978,0.029184752896098273,-2.161912060752297,0.008779842342682783,-13.455905776034236,0.08629696229142611,0.7394912292422835,0.2119850814037088,0.05315862327000438,0.04396673704405279,0.9547198162321061,0.2480058890347379,0.0,-0.19510417500116578,0.9762462379874416,0.5044713345395768,237.72823858681394,0.15381119522506184,0.23569362912814434,0.8794944997646372,0.05581153413894955
19.10669616315204,-0.6281364283102773,0.08945926060417758,0.15649350391235378,-2.3916736989316485,0.014556720440642726,0.0011594899935602932,0.05310972584723367,0.006927881975831974,0.0,197.27942295897142,244.73757180537922,44.22609640234373,44.43087873131229,43.138520767765485,160.93932094109692,63.20433891463999,-2112.563800537502,0.8063295365435718,0.9208264095042292,0.0966127018812031,-0.9953220513156602,0.0966127018812031,-0.9953220513156602,0.060255482513482866,-0.058901699320359484,-12.001611884732002,0.00036793791243842764,17.6484713103284,0.02784998757875123,0.2855925451057969,0.19291545131809282,1.1873275705522082,0.043224918027360684,1.2744441953127592,0.40831259252998875,0.0,-0.29297076877931416,1.0,0.6225689621608312,305.82484989698236,0.1055904661538719,0.028032075455235797,0.9863971147948571,0.012168868967797952
13.917144226230297,0.682341354256779,-0.16301682090820183,0.2761149834748627,-3.139752171483349,0.02091201474597751,0.0021810028172258183,0.2864652775068504,0.04500873998922181,0.0,238.69372520077528,289.8353007701036,34.03703776842296,80.43218283463735,72.28357423183765,23.570358494375213,110.20854312145994,-1596.164832345981,1.6378931816721072,0.30943732607541297,-0.9620675724981452,0.27281126433401914,-0.9620675724981452,0.27281126433401914,-0.004953424410924619,-0.09043998838350252,9.496243038712894,0.0128934411912461,-38.91109225296633,0.1303916372602117,4.782681946595925,0.32501306961369625,0.1004205001427982,0.010673679292816571,0.9004027847534339,0.6606583441909295,0.0,0.4180956395976511,0.9987546689198855,0.5599812189055678,284.64912665600644,0.10148137542908069,0.18259288100124005,1.1919823624307724,0.1902506436188098
13.33493341928505,0.16236777393502577,-0.009840994373344757,0.19656606553549835,-0.8846739395066652,0.028898755453144197,0.021723771538635677,0.31331492509951103,0.005562760501564133,0.0,240.1368599713919,288.4841461459596,50.6619385276539,30.789896551677526,30.735693990875973,112.5180006770654,128.72499976359396,-5005.725243147697,2.641913693777734,0.08784919541067826,-0.05587875690537313,0.9984375616565666,-0.05587875690537313,0.9984375616565666,-0.0501259893371582,-0.03313083112508834,2.165163454861095,0.0017428958898940848,-2.3631854878111453,0.004395618734232335,1.4846278362917318,0.26807146275832194,0.10741018237473023,0.014371268061857803,1.2505642213349033,0.43544399453235544,1.0,1.4963287073421934,0.9925936583510164,0.7475322096862254,244.25352451898044,0.2454792639910029,0.3462769311417658,1.1917916217196483,0.3799048515931548
13.89339117510109,-0.27562953916415267,-0.003423681724311631,0.13451637898668062,-2.994666877705501,0.003757171576677485,0.0018960643770822795,0.23880301073411878,0.041957331875164525,0.0,239.85660597775907,286.730996785122,36.68742159793351,10.949315528204059,176.6392790871174,433.81624111498627,17.248742443345446,-2600.757004727877,0.37199380215769384,0.33621624490630797,-0.004300592702981974,0.9999907524084426,-0.004300592702981974,0.9999907524084426,0.07796588578439967,-0.1159090497810696,-3.829429007020419,0.010019537174159899,-0.8211926783414697,0.7867254043185058,0.4315677848822925,0.21238730934306918,0.3982304086652682,0.19764103063103614,0.825508586501568,0.2667336678468569,1.0,-0.6499652414117059,1.0,0.1277157894777864,261.59886146115707,0.0031040040899026036,0.02865318874522943,1.1992830298887953,0.1805172220760906
14.440768339997588,-0.008681248005559222,0.04804670970032451,0.3124884637068935,-0.4082701297922795,0.03760695798500973,0.007646190146499665,0.4147445614415682,0.03688306821380847,0.0,218.37215861427768,263.25100221188643,37.74416171804283,5.183733751469932,9.952530691628182,398.04943529227893,140.73538520985977,-1556.3982288464595,0.3012081888602641,0.6709875423025903,0.49346814167723735,0.8697638720650646,0.49346814167723735,0.8697638720650646,-0.1472320399186868,0.008334828454310439,-0.1253638913503468,0.015297051950955437,10.492063711573417,0.1017508152454204,0.9428913400203881,0.31787357528789995,0.5989110623300732,0.26447936475791844,0.8513517789249281,0.5899591750991113,1.0,0.3627850629932894,1.0,0.9621787760165696,252.0584737581284,0.3441141335205463,0.2423337569877706,1.0918607930713884,0.2857682972884167
14.368610541384639,0.2305202248416961,-0.1031159996146353,0.09753735075471749,0.612872093838277,0.0062533148443921615,0.0016254460552475123,0.12264867294342792,0.07197501285076012,0.0,212.54650030472007,260.7516229545447,51.975423351842494,15.838062997885979,63.31146302720554,105.57873027308877,16.12448293384339,-4716.574505313407,3.5449843659406044,0.4997974665026429,-0.9994446170919858,-0.033323525711631344,-0.9994446170919858,-0.033323525711631344,0.0019232779456428727,0.25671381831322515,3.3122553326627515,0.0088276398112319,-21.916944843513598,0.0013540092881640234,1.8160692929891096,0.06067059785053035,0.33016584306862873,0.2913498599909055,0.7370190200697103,0.506520955255348,0.0,-0.5872079036465687,1.0,0.4079839494179247,233.7321023592126,0.20238232301577477,0.02474832207609462,1.0627325015236004,0.0654739665931234
18.64361057091712,0.1056880540437598,-0.19667640613254173,0.15315456060850866,0.602432689275072,0.0680242353997536,0.005190456127888584,0.7308140521539618,0.05914821543262469,0.0,213.9899077727674,257.90269654914454,47.541561697046035,128.94948997582802,97.3737547752019,324.5486060170266,57.8905935722429,-5702.937755258742,10.405961914806674,0.0749535678324138,-0.9882042449941422,-0.15314166701312007,-0.9882042449941422,-0.15314166701312007,0.010880374574826976,-0.21237056378755984,1.9704069215899,0.043226346997991945,-42.08676600938195,1.0814207791417025,1.3060716916858972,0.14039692488832678,0.10240175325836937,0.014759997646558502,1.2493576572265672,0.5367491701670679,0.0,-0.38015291972535886,1.0,0.4030639270749374,237.96483274564025,0.537275798612424,0.4136459009345738,1.069949538863837,0.06862297373338246
16.34083817754566,0.2889847178383444,0.01712727615456816,0.06298753762462976,0.3474445538836961,0.0019843110062678078,0.02223110309650666,0.0,0.22741433155599458,1.0,171.0925440326356,204.0612791266155,35.41024972097358,67.84262658814264,60.21749913214062,66.93320353119225,26.151173271118676,-2224.8352041709327,3.130479236736322,0.07019623675586573,-0.7494423368521954,0.6620696215153815,-0.7494423368521954,0.6620696215153815,-0.0005143769084552833,0.172505482567475,4.722252509980079,0.0,2.930349249634563,0.09766485191922068,1.975858972893842,0.06934754091195512,1.096929690545782,0.057449183957163565,1.3006337368475616,0.36123444647807734,0.0,1.5693298375718465,1.0,0.48445469361140314,194.7296988514356,0.03627100457963434,0.14572204903212077,0.855462720163178,0.3659287159334967
20.673383497135188,0.60987171978626,0.052643027254547836,0.07219609642520922,-1.7205192239582856,0.002638631538004607,0.023190969384551025,0.0,0.2132993956885194,1.0,171.36057155093064,234.29927579664596,53.58790278959751,166.7305118895188,39.97434969700964,160.5456769669135,49.43486305079149,-3198.116107783492,1.7976158703896048,0.6995616051579987,0.44216815196707204,-0.8969321743510065,0.44216815196707204,-0.8969321743510065,0.025004594019508993,0.043048442750820586,12.608111947198722,0.0,9.020939238510536,0.07519146418480735,4.03140485515676,0.06954272784617191,0.08558852539243055,0.07637376594331552,0.9406266842256132,0.4097326116525415,0.0,-1.4770212196722874,0.9645239468083637,0.6473701250789885,183.93316429380062,0.10010498884856082,0.09243099269439635,0.8264068739982032,0.003597582140593942
16.597021780063503,-0.08865906421493075,0.10074549626330379,0.07420875156779687,0.12056742515312058,0.005244820858469318,0.001852828554494333,0.024881420921625184,0.009284724195360512,0.0,246.5935800911182,304.3374460997943,58.05285744583884,65.3654258334631,48.31753190509502,47.779526903269925,108.83876055686142,-5118.381478738497,0.009105332204277155,0.7365453390240077,-0.023651127245231586,-0.9997202729664083,-0.023651127245231586,-0.9997202729664083,0.005534510894034905,0.07482528665573214,-1.4714764197752543,0.0002310171308459626,24.84319260162445,0.6149780039530333,0.7606335826124202,0.02359765529054479,0.08128663695694989,0.055891699149962296,0.9225920043837154,0.47811326113182223,0.0,-1.79954136822204,1.0,0.604787806905886,308.4080939544071,0.06197001094378706,0.0,1.2329679004555911,0.10749206380695757
18.656151440957988,-0.2809569801648619,-0.035855165338415054,0.22418894670365727,3.014898067853232,0.0032139424036942235,0.0018321889424181119,0.12787770578486254,0.08018507337292669,0.0,182.57818095027986,260.7270870978093,34.51056670278548,165.81635012009173,15.81540562155254,65.61197900015789,156.19396253115582,-4500.8363872709,0.7130090213048501,0.10950778094383895,0.2985688173637202,-0.9543881083175908,0.2985688173637202,-0.9543881083175908,0.024982998498049764,-0.006141772530934248,-5.241575970349894,0.010253883221120735,-6.546370865159346,0.07657157710756299,0.5104342971427375,0.2460286554062135,0.7564372926187429,0.0018066606388579915,1.2278997456264313,0.5106129438289109,0.0,1.6319906037376082,0.9488204469764339,0.8992238711649625,210.79880860167287,0.107076671364868,0.08329014791417554,0.8661695562869438,0.06135186480926044
19.08756748427706,-0.4130077610712317,0.07756816410154473,0.0758815002206759,-0.3479767068389301,0.0017519356628740992,0.005064511894514544,0.04082903049786937,0.00627655088341629,0.0,201.88308952429233,257.42585982833185,35.25388254135714,50.6309817555092,42.20323598900782,53.66245376759728,33.95274724001819,-8000.0,0.2097895467564167,0.7947178923331458,0.7067265555776158,-0.7074868024503348,0.7067265555776158,-0.7074868024503348,-0.03011096478865029,-0.1434800214037336,-7.883313510977311,0.0002562654874404327,15.659700617547152,0.31411037846095186,0.3830036483029126,0.0,0.5203086689019649,0.1963539141664792,1.053854302722151,0.2751250111178646,0.0,-0.20858729727812347,1.0,0.7658833875250546,243.01148014773366,0.11573767503984762,0.0,1.0094154476214616,0.03810209991891954
17.4506476666628,-0.8902489751966219,0.04857737748884289,0.08213959962953586,2.3530006613039767,0.09124382652989407,0.005445613738603982,0.8917647766299516,0.025506441072938896,0.0,198.70012387394914,242.44572164336003,52.3010761756641,41.35627031144764,55.6616871948453,129.09369489857875,9.219359119723054,-3937.1390290522827,3.6337177773160265,0.34555912071574424,0.9999855506507186,0.005375731557583884,0.9999855506507186,0.005375731557583884,-0.07295262021953244,0.08897273948310074,-15.53542120176388,0.022745745726034376,9.65233092450467,0.5579231697447077,0.2244744820731026,0.08640897340534626,0.09247315094352783,0.003739638540753999,0.7854493384876815,0.3062824314752719,0.0,-0.13290378029742841,0.9257825770372207,0.48416716252819725,215.0682396102239,0.11956578666661799,0.48977134441586434,0.919765563688198,0.014347902412589366
18.53364587340281,0.25895434065037026,0.13224050777143362,0.48305751745137687,-0.7451515896027234,0.005178154321060525,0.010817993679965663,0.18900152332213865,0.02890777547935563,0.0,204.33059488881796,244.93406418841226,38.26453765488754,425.6080388441196,191.67583511135265,66.62316959586147,192.03645625347357,-4045.23515891856,1.9263427921981982,0.06820913813738372,-0.7839338166829201,-0.620844401650647,-0.7839338166829201,-0.620844401650647,-0.002317664258468147,0.1037678594847038,4.799368046994481,0.005463613601452581,27.020781621336386,0.21869404227062353,1.8662717705035208,0.49053252607638154,0.00910870972874301,0.04156109642781443,1.2966291271391883,0.3301208659048919,0.0,-0.15695401412198612,0.9578170653618289,0.16939819323619884,222.43141255351034,0.02346595856544262,0.10770523118369833,0.9785566538002217,0.053013976720969115
