sst,chl_log,ssh,current_speed,current_dir,sst_gradient,chl_gradient,front_strength,ftle,ftle_ridge,thermocline_depth,d20_depth,mld,dist_to_front,dist_to_eddy,dist_to_seamount,dist_to_shelf_break,bathy_depth,bathy_slope,moon_phase,season_sin,season_cos,day_of_year_sin,day_of_year_cos,sst_7d_trend,chl_30d_anomaly,sst_x_chl,front_x_ftle,ssh_x_thermo,sst_local_std,chl_local_mean,current_local_mean,ais_fishing_density,viirs_light_density,lunar_cpue_modifier,zooplankton_index,spawning_season,enso_oni,omz_compression,eddy_enrichment,dvm_accessible_depth,salinity_front_strength,productivity_front,habitat_compression_ratio,cpue_target
11.544398926022732,-0.37161834084965967,-0.08664161386594389,0.12270828997134871,-0.1305481734175582,0.0165481751218548,0.00643066298074794,0.12968082062944575,0.012619746704292204,0.0,212.85496085815316,263.2129271759969,33.696144348944365,13.008608441645864,37.96679050322307,20.0926451026927,459.1998234388079,-8000.0,0.8949492324994157,0.7712118706198419,-0.6897960046655887,0.7240037789593305,-0.6897960046655887,0.7240037789593305,0.012635098540342943,0.012506682566754135,-4.290110374995161,0.0016365391087483565,-18.442097328122706,0.010578585808657953,0.47247077471880117,0.12809974734339144,0.33108785346508346,0.050597425176828574,1.030167983515673,0.35096030830167685,0.0,-0.13122338600861788,0.9716379944595827,0.6635663843096687,256.5201406621219,0.14369334154251923,0.09821957119538392,1.0340898363949445,0.0018964828591579524
14.601980687277777,-0.13035745499107623,0.0013898209332511191,0.14813882731299602,-2.975219553323127,0.00726914465060888,0.004879809951338696,0.10142951747044385,0.009450770379934373,0.0,198.65517175863644,244.1865470443568,33.985919872314334,21.21249849515999,50.10874520768731,51.980542475455536,183.88730512049054,-1361.099111121599,1.1963285678035334,0.36592916426748545,0.38541335945432564,0.9227440286201427,0.38541335945432564,0.9227440286201427,0.03316081948521415,-0.05899003901454122,-1.9034770402223773,0.0009585870793607067,0.27609511620874944,0.6034050759374,0.709433052075892,0.13056967435722458,0.08760254428154872,0.09152093459343892,0.8084588115617034,0.501546873664981,1.0,-1.7940911048763157,1.0,0.6009508910144943,198.86423432632841,0.022373422847268027,0.10892762986466992,0.9932758587931823,0.08232961245849485
15.213945162152662,0.0824752689315604,0.0011277696618660139,0.027771622911795857,2.7803677015818717,0.000851520356339262,6.098960570052577e-05,0.023994428015776455,0.04588668825304834,0.0,179.42754540454672,228.97719368741966,53.59121790830582,47.67516694600945,76.60615201644832,0.5463098937036196,95.44559492546145,-1102.2602695390844,0.6977820648790842,0.05223649849813272,0.5891760872322963,-0.8080046647350754,0.5891760872322963,-0.8080046647350754,-0.016844046169757917,-0.09220479033242301,1.254774218758553,0.0011010248381701435,0.2023529422103345,0.26172423243738524,1.1708531414047416,0.0,0.27614648467562,0.033468778206088824,1.316765867344379,0.49669036591886984,0.0,0.805264678449551,1.0,0.4879706701208491,194.88554145819492,0.05136223287732292,0.056306554879089574,0.8971377270227336,0.35620751218824753
16.01283564559366,-0.24931743061684855,-0.00980735685325076,0.0485493644901629,-1.1361634437471553,0.0028901829563585334,0.011479111146716299,0.0,0.006619916129382464,0.0,195.5125547616029,258.9198300649667,31.39979995319124,17.414930452498727,0.23527235021767245,87.22896869456117,39.26760499814696,-1217.731429860306,2.902413882443724,0.171039241112511,0.24893980855376657,-0.9685189578512204,0.24893980855376657,-0.9685189578512204,0.0018100985331314032,-0.4313789773614901,-3.9922790400492967,0.0,-1.9174613938377707,0.13136376986750367,0.5962057079090471,0.01950539873566179,0.10815479439855769,0.28997340245278236,1.126124992180402,0.32648487394155495,0.0,-0.7498363189265342,1.0,1.0,211.17133787555892,0.08516896577534529,0.08488905495812633,0.9775627738080145,0.6073461432797684
17.50610331901824,-0.08985944880109273,-0.06492629196101361,0.008899393124375835,-1.5334799747836707,0.029584643999068738,0.019313772963724433,0.2051990450433492,0.22223735541074024,1.0,202.18553429094044,242.24275095888987,44.799660089108734,5.637327932815601,56.79664165249804,171.66783483705896,28.84047518406309,-3217.2114773241638,0.6372886151710622,0.6165536876737592,-0.9521140536681102,0.3057430764672831,-0.9521140536681102,0.3057430764672831,-0.05469062533451047,0.1365535024615786,-1.5730887949019592,0.045602893103243294,-13.127157029667128,0.36910972896653643,0.7693949879334802,0.04407533130207793,0.030002699800572654,0.1193360223379788,0.7390619375131164,0.5299279718964263,0.0,0.0877703579191197,1.0,0.5119695059523373,248.28637874565203,0.06164165559157766,0.243367166121894,1.0109276714547022,0.04321889385348624
14.15939921895367,-0.40882801790612655,-0.14855620032310715,0.12839954875292314,3.137878822270163,0.001580081308063214,0.01480933887504051,0.010716151369703986,0.04036336117907405,0.0,192.19386881645656,240.3003137073576,47.7977707306374,23.680052367279448,107.99417239542464,144.0444316802172,0.36034724984737904,-6339.284394420958,0.6451889971615687,0.7751001868973535,0.7350336741329413,0.6780306024735382,0.7350336741329413,0.6780306024735382,-0.06722485121285907,-0.24661020802182604,-5.788759117426385,0.00043253988818499106,-28.551590876770497,0.27304242305732956,0.43122344811847785,0.11795457162312734,0.19142905188820644,0.01841932414109174,1.003355535134175,0.33554847911883284,1.0,0.32393372543332755,1.0,0.3726137259520005,235.49385985784323,0.025622707417360144,0.10197348800518866,0.9609693440822827,0.0619939368127282
17.353309536905712,0.24253649641923342,0.00926794460290038,0.22069680914143,1.3740677308291582,0.0008385240505656051,0.004237338082279379,0.0,0.09645426726755635,0.0,166.1001431035268,216.2544440135889,31.68353989207998,16.001907489992035,130.20859120605326,314.5013021558356,55.43812785877743,-2519.1003565117935,1.3471205452887673,0.756048634535596,0.3953117887649151,-0.9185469991587165,0.3953117887649151,-0.9185469991587165,-0.07494861730241549,0.012654050968248318,4.208810896359581,0.0,1.5394069248173121,0.8488749061606482,1.7655614496510483,0.2043247777633447,0.35931591679953495,0.003990648174377284,1.0289016455577713,0.40864411832351294,0.0,0.22533352455836675,0.9880670359509627,0.3332972569967372,199.9165198226015,0.0029158689013313106,0.04893121958290822,0.8205903803366622,0.5286337041996175
15.513089199783273,-0.483486557352435,-0.07683556595479125,0.1193258333091538,-2.843997289103122,0.009963452698205175,0.006336695140678992,0.12434478346509381,0.004087995841178196,0.0,211.0192031612144,273.9879810941292,36.275509505724635,40.22789513281961,43.106050255564774,123.60703640919249,123.20787233896702,-2953.5583883525414,0.9493464972868182,0.5836815851150307,0.8211001178128892,0.5707841943569036,0.8211001178128892,0.5707841943569036,0.032462390056411376,-0.1616536886865386,-7.500370091104456,0.0005083209576775069,-16.213779902220985,0.5044048095299523,0.2848037149167816,0.07278700605761557,0.1662628064226027,0.04614984118550346,0.7521845717525301,0.4261717924468155,1.0,-0.24741000284586084,1.0,0.7671151729769496,271.4816168230859,0.220758978280235,0.05727397469377011,1.055096015806072,0.09926808301903126
18.710103585528316,-0.4603763327039154,0.0085993480747625,0.10453766543913237,-2.7527547336148914,0.03700191208349421,0.0047086077092026845,0.4829673521297341,0.04874113669283989,0.0,208.18000361989914,256.6823230118276,59.602640184294785,83.83253885883725,39.53144183253094,43.56357052376871,52.83383075100752,-2005.8132180461516,1.4785379362069435,0.08475814571489249,-0.9708824104813836,0.23955655912092708,-0.9708824104813836,0.23955655912092708,-0.01689539240441217,-0.07774530350959705,-8.613688873215905,0.023540377728334304,1.7902123133328298,0.2499209411553604,0.3428643827129412,0.07403509697925154,1.155234703140956,0.16685276776323096,1.2903042691922668,0.38156048662783626,0.0,0.1058355614846372,1.0,0.7087996543871478,233.90921834756213,0.186571677902812,0.3555444086917584,1.0409000180994956,0.09888383959779963
18.95585621523043,0.7119996395886432,-0.07940435416988534,0.34670706977352245,-2.9813616016049775,0.02265143528259558,0.005938908326078759,0.19436077436056307,0.07394666184002026,0.0,196.11499177922303,273.23947819662885,46.655462568244204,26.145775054515507,306.1559443360903,39.48223119010085,148.08535355425997,-2495.6548881857398,0.3126893782631899,0.017288627185812477,-0.7393922635959241,-0.673274892250183,-0.7393922635959241,-0.673274892250183,-0.09355601314122015,0.23045849834998222,13.496562793338208,0.014372330456605036,-15.572384265261578,0.06357684961569383,5.124843455523131,0.4171544751026205,0.2548596920438875,0.09212360031516516,1.2900104033392659,0.5045087124354354,0.0,0.7492729418952399,0.998995468441619,0.023839334423523866,225.42817119643672,0.16215328314080904,0.06519109586114019,0.9795899404045458,0.1336046229083327
19.02034736232082,0.449445835762501,-0.10996583458443415,0.8300319869124619,0.6259240057366586,0.034665834678213596,0.00794503794048806,0.24089286716984948,0.045185555846825626,0.0,184.9634190379393,232.61534037221287,39.27873607277328,115.33114324440936,14.846797261382068,195.815544225575,245.5446659930159,-6063.973561725938,0.9675598811887773,0.7821417573220727,0.01075130776352193,-0.9999422030204416,0.01075130776352193,-0.9999422030204416,-0.003154447634180486,0.10632364016067478,8.548615916751363,0.01088487810260518,-20.33965674209741,0.1310712431716666,2.8322377668867103,0.7730431240723565,0.19661516562668813,0.01421649103062779,1.0172526760273932,0.4617300228396646,0.0,0.5014674151662246,0.9452031933251634,0.7984393823643063,235.8155901498465,0.01661809346114601,0.17564050401223874,0.8741400716150028,0.22099946797469167
16.64253352318162,0.007310694403212664,0.02342983603768977,0.22590448664113993,-2.691939638284885,0.008729089700065256,0.0009621301558015858,0.1197760628517571,0.037893223598299386,0.0,179.5346657433675,225.96941116728829,34.747824410664634,53.12380368642866,49.74244688894693,17.667180644614856,36.98811171282502,-3190.568976850384,0.7584919766515937,0.5493764341898627,0.6166212130956382,-0.7872599821916922,0.6166212130956382,-0.7872599821916922,-0.06244106658930418,0.22600798925789403,0.121668476683203,0.004538701131365593,4.206467781448539,0.3840333297185476,1.111365889858399,0.2619456414754014,0.1025592904191393,0.28711768165061075,0.6437394500594055,0.3441169241798121,0.0,0.44683493616521003,0.9600611890718489,0.6995549265858867,236.17758198034392,0.013091382272645625,0.0,0.8618213233659716,0.1844205457364609
15.916804688363543,-0.08899952862616556,0.015092152680649597,0.23631349176465083,2.723059356030771,0.012974955832634154,0.0027920121545880073,0.09708722496956121,0.06470422926818824,0.0,213.01901285767377,260.4535310334078,47.517060755179806,32.483304401404936,50.43592329691392,15.868657833069047,71.43805649975558,-8000.0,0.7577799090539753,0.7827121027315078,0.8211001178128892,0.5707841943569036,0.8211001178128892,0.5707841943569036,0.08301894094864859,0.06607709892431467,-1.4165881144990973,0.006281954063442658,3.214915465929272,0.7522783735923229,0.7961699381393517,0.23866625280982706,0.15546427015610298,0.006840899213868332,1.1472665079196036,0.3970752461001887,1.0,-1.3507669533014186,1.0,0.6407595026032088,254.7171279059515,0.017987504665996364,0.05759723631592288,1.0650950642883688,0.8499956790391113
12.684676852613471,-0.211953208028719,0.057928197132093295,0.09991146364446797,2.74516475288116,0.010656263741116398,0.0011717443455117526,0.0909562873289737,0.15405477211950577,1.0,225.24977477484825,255.5001533449781,38.23344255063351,60.52419786082428,83.05672359388922,478.7836932164751,53.41728515238098,-4572.207515269916,0.5432736631227542,0.16278846147938886,-0.46706492487743034,0.8842230238742036,-0.46706492487743034,0.8842230238742036,-0.028941086079341316,0.07922871686815611,-2.6885579517190594,0.014012250117301334,13.048313357117024,0.6334188357384356,0.640516950670365,0.11215199680053807,0.13509246866590588,0.07830173766349859,1.1720933906914868,0.5282079623444357,0.0,-0.18011031192473867,1.0,0.43470323205380174,232.23315833727457,0.498216002782387,0.022772183498641366,1.1262488738742413,0.03490699144304348
18.637147783468055,-0.1449931459760918,0.21858637664176253,0.14019944299322348,0.2893662355274027,0.023479781363080654,9.709678882653531e-05,0.20562044171549868,0.0468203544089028,0.0,159.3189889652079,193.76808626382763,42.222016343906766,85.05615864638276,69.59104778211015,101.10826484490015,39.26599496680257,-4420.0976620218735,0.9147093319695386,0.40742317077114354,-0.8048257371083452,-0.593511190196115,-0.8048257371083452,-0.593511190196115,0.03407529929095606,-0.3562278000452356,-2.7022586891463796,0.00962722195483479,34.824960528133744,0.30672228455581263,0.7173767445416267,0.10358162894249259,0.4956827065683391,0.08954999053813299,0.7534410827955111,0.4527060744024026,0.0,-0.4860786582511722,0.9896216317580406,0.41762934385414857,202.69407833332446,0.01865937691408936,0.11008349836908118,0.7883275891489515,0.11037182892021799
20.278971250072733,0.07942858623731261,0.027728953121084685,0.12359434665278898,0.7328640199921659,0.010713989607010156,0.003680453311781355,0.33132367607120017,0.09499514778228517,0.0,207.91639145425935,249.95638810817297,51.553015624057444,51.191495245133765,69.51119159675955,95.53456942925345,204.4285370206318,-4276.449604248298,0.692941966521373,0.9191692870779731,0.9039461929224011,-0.42764620926777464,0.9039461929224011,-0.42764620926777464,0.05444815136924937,-0.06350499877331083,1.610730016740385,0.03147414157215364,5.76530387174025,0.8583546343780667,1.201886506003589,0.10600547835039312,0.06534544174411795,0.292985834162396,1.2704932618695364,0.5577736960133314,0.0,0.4694995947569864,1.0,0.45245939916586786,282.11793061091504,0.18429367688531997,0.20115198866238912,1.0395819572712968,0.2768614763219123
18.12404195585521,-0.1608858427830384,0.04850817670641296,0.9193897723573922,-1.307566038678365,0.02583054089406595,0.005492334555275521,0.034234982840864986,0.022360513579042285,0.0,215.27022593355474,282.3076736663067,68.50295950232655,4.992930544624065,37.592544827487096,152.1065939687917,48.47048129117689,-4393.949205306841,6.642410830469055,0.17159799124716568,0.5027907197793043,-0.8644081744776648,0.5027907197793043,-0.8644081744776648,-0.047746422627852066,-0.04498178636972166,-2.9159017647029133,0.0007655117986914412,10.442366159214316,0.17200649792266745,0.6821610058125588,0.9191037633487943,0.6230265044208996,0.031209914902134556,1.098939132646515,0.47747397735001434,0.0,-0.050084811687532184,1.0,0.7182195367775053,220.54319929891324,0.12808811491686498,0.0,1.0763511296677737,0.9208102291085359
18.598455162826568,-0.29010457739400275,-0.10775613288673254,0.3726449654496394,-2.739641315067207,0.009681893967915559,0.005032726615988258,0.05798554936589097,0.028178815761250555,0.0,200.5180953756348,250.02120448520463,108.42130884784551,1.435604994171772,113.70389181349461,348.20135451595434,32.18720147716651,-5408.962700029102,3.314071804451965,0.06152690381254433,-0.9906923101615609,-0.13612033862266704,-0.9906923101615609,-0.13612033862266704,0.003802355877735391,0.24473296407039508,-5.39549697519311,0.0016339641123963406,-21.607054531491414,0.04163609298725632,0.46986703036715927,0.34661161721917955,0.225185087338352,0.10170608615258597,1.2540144495386374,0.34525969269371765,0.0,0.1685721544201586,0.9147865563983351,0.3384590868006431,183.29410792529595,0.42313579747923774,0.05268568501530799,0.9171562898211493,0.08471773058366165
14.069696308748512,0.18397681868624038,-0.12869074405363745,0.46052243279311766,1.492007980265539,0.00821918210726688,0.00036270254453549033,0.08182291850782959,0.04723744258816329,0.0,223.913904576333,266.6442417320974,58.01831676019064,80.12652330781289,130.0226107137269,270.883759238242,339.34502393376465,-1824.764481813594,0.36057153348381515,0.6534673837817484,-0.9823516608469237,-0.18704334906991657,-0.9823516608469237,-0.18704334906991657,0.02767339506940732,-0.10124586558138567,2.5884979667650905,0.003865105415409564,-28.81564698388347,0.8126386046360491,1.5442415210649583,0.47709403799494515,0.3470088395630379,0.03622735404924907,0.8812933815181374,0.31268239532451175,0.0,1.577372908888692,0.9776823784580572,0.1751536006681445,263.73075046123927,0.3511817137769816,0.11240868309940635,1.0945833939800986,0.017607353025535177
18.277718061284148,-0.5430943009553844,0.1582829446773334,0.06435058439222252,-2.50205242460522,0.014929126781118358,0.017154716502620928,0.07117701858290569,0.009044294612631018,0.0,216.4985521367193,284.8965733208182,52.15109157624214,5.552169053040756,125.45951714143017,100.14268730100689,160.1323244946966,-2113.138363901432,0.08186750512507121,0.5945363406217563,0.23224292400907015,-0.9726578145718654,0.23224292400907015,-0.9726578145718654,0.005777308620505338,0.05297190181122449,-9.926524513552717,0.0006437459257125118,34.26802835057912,0.7253995302984454,0.2719185246388618,0.08722253519837607,0.4684477199204099,0.08392177664909192,0.7711360517768199,0.27585041838631275,0.0,-0.2771505957881105,1.0,0.31682190626514745,241.41606039236066,0.04692358354042742,0.055748836929484444,1.0824927606835966,0.1499673571361846
16.730423342223418,-0.2275269006226378,-0.09234797799333037,0.5187638535795717,-2.6040181406260796,0.004888596142220762,0.0016561485053365038,0.13886854463503595,0.008896700520558716,0.0,219.52836627787661,292.79602327126054,106.78424929465221,38.89573520270216,49.53714806931701,198.95488059280112,4.331688471089377,-4558.093315824417,0.1323933809247323,0.9520305058577333,0.9431964659565866,-0.33223549871590435,0.9431964659565866,-0.33223549871590435,0.018055037965490905,0.04515146861695046,-3.8066213691607276,0.0012354718533437556,-20.273000737941118,0.11034622971367322,0.5469663997124327,0.6273991847605678,0.3473954342392868,0.004689036353655168,1.2635685089735569,0.34874738379685233,0.0,0.9949185438955233,1.0,0.530922683116679,316.7177464069447,0.06225442899189123,0.03501232638609718,1.097641831389383,0.7805122336580386
17.962250988313993,0.08074500663501444,-0.10439440714686421,0.174526907240826,-1.1861201865830662,0.14627585635908527,0.009174318863097872,1.0,0.34644182897885356,1.0,208.323114995868,277.1538519094844,36.78582673668457,4.959570761130362,72.4746498453129,101.45298280508734,17.390108931148234,-7203.92133656096,0.5125273237887389,0.9064684210548758,-0.8437282590292712,-0.5367705514607103,-0.8437282590292712,-0.5367705514607103,-0.06648146967795769,0.23153503205614548,1.450362075231208,0.34644182897885356,-21.747768084981658,0.13377297773213515,1.255037281627387,0.18843640870894457,0.15099177079427523,0.10462497556194401,1.212864924911397,0.3872534639660862,0.0,-0.06880272822466085,0.9435391957648283,0.5521478149762915,280.17542540212435,0.11643636478975572,0.5889093267112562,0.9828051219121255,0.24819035277583332
14.920507588150995,-0.11929088194686427,-0.003909892121655298,0.04470350725969886,-3.063268602852114,0.014107131269723079,0.009691837305960373,0.13629585084837673,0.11520910949967096,1.0,182.30625571529228,219.5099057567649,44.37160492880294,122.22113369948669,21.647705088386303,338.4868658641608,7.426050533502818,-2329.977235651656,1.0997577661659976,0.749430390220571,-0.8437282590292712,-0.5367705514607103,-0.8437282590292712,-0.5367705514607103,0.027701810985726216,-0.0267488164612267,-1.7798805092854129,0.015702523604741454,-0.7127977929496974,1.376946295902597,0.7647676769163698,0.0,0.0017339603679986646,0.0042597598968093274,0.9834554898847253,0.5302083603939424,0.0,-0.6511787306784476,1.0,0.815778812549863,207.97555867566578,0.6528704952883432,0.12048485261631124,0.9115312785764614,0.06853382946440707
16.459249719931634,-0.08893031706512433,-0.009019241337738836,0.30763109248487946,-0.41446644987706405,0.016126725228015608,0.0012371954486988636,0.13419987674578668,0.142650317626099,1.0,185.1692617870686,227.74053248416377,42.834173000148056,19.507667403273548,73.3194672394032,167.85484256615877,1.3595143333113264,-1855.1177415579677,1.093055620419966,0.019157237878252187,-0.5856957398073508,-0.8105309990194823,-0.5856957398073508,-0.8105309990194823,-0.024308209708635453,0.16555738973862932,-1.463726296247579,0.019143655043169807,-1.6700862603885132,0.7291154940757745,0.8034300666663902,0.36578204652681345,1.1602441851082044,0.054617454169366135,1.2883664178132117,0.5337192991252016,0.0,0.32769259747288937,1.0,0.4572008328541288,165.3336420525069,0.8120291513495037,0.08084366210761587,0.9258463089353429,0.3859471168547314
14.242360275776113,-0.012411129509124624,-0.09025065064432918,0.04785308510869022,1.3048976427968233,0.01565530168587953,0.0003352570291249643,0.1453573334356306,0.09935751729627668,0.0,195.30709936452385,272.5131404192446,50.46436516041762,49.89709005854954,72.58668368227639,138.78434987166935,500.0,-1302.1367758062975,0.8141103596952308,0.48038696840656014,0.44794493940789115,0.8940611451454876,0.44794493940789115,0.8940611451454876,0.017472561164207034,-0.3409730268275049,-0.17676377789826925,0.014442343770971323,-17.626592793104926,0.17143838416585103,1.038829628701124,0.0376595530268806,0.059343583035701385,0.020632063131427417,0.7637494301806764,0.6693262946012958,1.0,-0.6206191900731043,0.8726733531335709,0.5334126374500029,207.88772950043347,0.03723854449341471,0.12547006929805649,0.8521965064661526,0.06429133639328091
22.072764410360897,-0.20820325882497634,-0.030497321871310004,0.18121699270900046,1.8934311782445956,0.0005304931907570916,0.000258302051326497,0.0,0.08159235255637291,0.0,181.1623384198875,234.77943379988784,52.545653125896365,14.322246621899836,46.427503298442694,145.17854413756692,155.45358115388638,-1209.8210670072763,3.6816153010357713,0.8961019365370388,0.16481784665719793,-0.9863240225317866,0.16481784665719793,-0.9863240225317866,0.045999442277573216,-0.32280388658878834,-4.5956214815130965,0.0,-5.5249661457505,0.13033680063494488,0.5273471548611949,0.2818132608558432,0.03958851535552308,0.17993465656965227,1.2326658607315546,0.34239739405701497,0.0,1.3298314248093903,1.0,0.6462656119511492,218.68781033625268,0.04371192203602483,0.0,0.9058116920994376,0.054858819694154536
19.424506769846076,0.023426346798064754,0.12293757176501044,0.03957339796262348,0.6553821186608997,0.01730396523383163,0.0032836635866547274,0.16520234952574,0.12198571925860698,1.0,203.76518363388013,249.75077766043896,92.87835431607223,37.23101745716279,269.2958415048167,20.117756399440932,80.53809164550321,-3180.3593921346055,2.811373875513214,0.4336510881144773,-0.666088855860977,-0.7458723993404063,-0.666088855860977,-0.7458723993404063,0.033440425375913685,-0.4566688689249054,0.45504523197177077,0.020152327430109182,25.05039688620067,1.4362354001527098,1.1190635362044894,0.11311962058788888,0.31465544475894835,0.020007853901177205,0.6900067391644303,0.6132587826261512,0.0,-0.5347283730345405,0.9813792722703756,0.13392679656621492,226.94007383873975,0.481873527946504,0.07305273119126386,0.9998546381432836,0.13852676334331376
16.949630560536562,0.4563592292285693,-0.08059936088317976,0.23645260480884883,2.1794748964449635,0.02689931207857476,0.008663480563943034,0.25019321063406763,0.051879927450821886,0.0,183.4648025250023,244.24002194496487,33.95118083459724,0.8619069550846603,24.168590050502164,348.2879754973091,180.20993608691455,-1683.542139674682,3.5473429547967186,0.9621457196129947,-0.30881248126625377,0.9511229423235357,-0.30881248126625377,0.9511229423235357,0.017435986274473687,0.15719699502666667,7.735120338315468,0.012980005616383627,-14.787145828073971,0.6622865432077174,2.815945796533126,0.21118923562327052,0.2937145574735532,0.03153060428479026,1.2897962871421098,0.6775806049506985,0.0,-0.12683078801921874,0.9179000936781526,0.789326582700491,258.71169467734234,0.1362622815868686,0.13628191481340704,0.8420117971217169,0.11020367439110951
22.294894707815992,-0.10173820612265955,-0.13936724843661716,0.06779752699874637,-0.5874639795441632,0.014330161167482779,0.0014423092562444969,0.16854654313406708,0.020183819312143702,0.0,204.2851433721603,269.394629382532,45.99527526314965,14.937637884932217,4.046794474724619,454.5737003250273,53.11878288250713,-6963.168699371349,0.24045357681554286,0.6524879806439825,-0.16057454459499376,-0.9870237158387383,-0.16057454459499376,-0.9870237158387383,0.03210641480922584,0.1347333875577472,-2.2682425932667747,0.003401912972304445,-28.47065832825782,0.057535573959588054,0.8017320218498438,0.10389266619230514,0.047007800063042754,0.08530175094269817,0.8354100429692791,0.4115128932777147,0.0,0.5774687352506663,1.0,0.9672809162780719,224.9428857474404,0.013035140199627057,0.0740746654814779,1.0214257168608014,0.01420979929958237
16.90023832146425,-0.488626263760427,0.09425936208997923,0.07230252037417943,2.1913996404063756,0.017215897036771066,0.0007268861449726156,0.24748017685049717,0.10451280040424012,1.0,228.7071088675175,270.1353653035935,39.325249068848244,67.81688917415569,253.26543045342476,30.2014775567299,500.0,-1401.60758295425,0.24334158424561014,0.10945712754279413,0.8271893372462497,-0.5619233046832195,0.8271893372462497,-0.5619233046832195,0.03442055269443926,0.17936551477985646,-8.257900307677867,0.025864846327182056,21.55778618729563,0.04917276005975442,0.2952156633116482,0.04260476298678505,0.9020366687994497,0.07809755302345112,1.1933884994341541,0.4240616001299594,0.0,-1.2214678703048873,0.9931759884119776,0.06518533972129666,282.00794072002515,0.08766268674519644,0.1943506233974956,1.1357320445317123,0.501342269673237
18.07596965401629,0.12479705025645474,0.049229691193803674,0.04867508045798534,0.04067300941222829,0.014542409661895014,0.008938177638477608,0.02239808185909245,0.054522228098669225,0.0,191.06659484997593,244.3581942292749,33.89948415232383,23.93051333659447,155.71162725547646,7.807248918299516,52.22027954422563,-2515.0832228589097,2.007433616440167,0.5092720751866835,-0.34336687399638804,-0.939201357453208,-0.34336687399638804,-0.939201357453208,0.0747750580691963,-0.13547236714123861,2.2558276933464216,0.0012211933280941037,9.406149461915915,0.30646014947490025,1.2867483590846254,0.04880962177872003,0.3802353780162706,0.09233300129957595,0.7125739241542223,0.5927928824525892,0.0,0.10327348805103503,0.998795487390118,0.2238912780689481,201.39205449083298,0.008587917599410546,0.0,0.9541822636357596,0.1844119576559933
13.738624316003236,-0.24214263714835593,-0.06205186206486616,0.012664136137090092,-1.7402153311806785,0.030352725446116967,0.0015587361620944403,0.19846086453785478,0.013043735440011665,0.0,223.30946016054887,287.2078611988047,33.28582623486566,31.40899808190092,11.554751485014677,81.5624058184524,60.631877116245626,-4351.128518826628,0.19195588133335045,0.6956171356451476,0.8992961915530253,0.4373400963303323,0.8992961915530253,0.4373400963303323,-0.0017025349731385525,-0.11270953150693325,-3.3267067226675513,0.0025886710122277707,-13.856767819662103,0.6763008785434402,0.6383022623844561,0.0464633768547878,0.49371283220844947,0.025452240236426144,0.9357413651837595,0.40778614216152054,1.0,0.20527885882039706,0.9825869689877619,0.9757757852747407,241.72987165046047,0.23956175983072198,0.04731317253389593,1.0971048280272353,0.06824990088760356
16.292015103841965,-0.3753513039718145,-0.1582167016126918,0.040191282639179406,2.790649401344816,0.009346606619743816,0.01659453668343617,0.0,0.1722980011854561,1.0,172.70551016178007,205.30120297238227,37.58011700305414,66.83278996430187,44.268716411862485,72.87668245993927,97.11536625570547,-2013.3408037640934,1.8842942935135796,0.06536897223962068,0.5521013427459208,0.8337770129585915,0.5521013427459208,0.8337770129585915,0.008197849672119435,-0.02420952853246215,-6.1152291135555785,0.0,-27.324896168134067,0.4284238965392905,0.514166356350497,0.09584129294150491,0.04702177717481553,0.15235964800671883,1.2792095716811158,0.3800581266827635,1.0,-0.2781746620703103,0.948933122402293,0.6171699041824111,209.85848117806793,0.025538042139238524,0.014688530052521867,0.8194298950694945,0.4540028438873892
16.825128636932714,-0.09471638215740277,-0.07446233564385632,0.44709150510110085,-1.413899699194091,0.0070942459203993755,0.006748214011732791,0.1575821992397537,0.0700789480771877,0.0,187.9057460044978,238.09092786588988,38.35068625382665,14.487699125202761,14.215994036857008,138.58972886571632,226.96991739498108,-2251.458425152538,0.12459935779590192,0.34464953207076743,-0.9020987014301837,-0.43152975897147144,-0.9020987014301837,-0.43152975897147144,0.04660334044880558,0.2887398605895312,-1.5936153138231801,0.011043194758411746,-13.991900728396129,0.2542403504041278,0.7929897571563406,0.49185179654541283,0.0308821968382295,0.16703803275279422,0.8080098235425526,0.37305880056464436,0.0,-0.7037721534133425,0.9272598583200876,0.8998802573855883,233.7593462313945,0.25646909698637693,0.1826168672128392,0.8711872770883049,0.11984706737234499
15.05697771038417,-0.006657482536298054,-0.005470443684927131,0.14157939723376897,-2.9769638731147534,0.011556842746198934,0.008835777601501263,0.14060075678103565,0.016484003070469194,0.0,202.56583888838125,235.84999409262053,75.98203073275275,2.98393389605422,69.90470473689021,31.69128631728512,9.236627015610011,-8000.0,1.1493490600212213,0.7170810630539863,-0.09019000427034513,0.9959245770286599,-0.09019000427034513,0.9959245770286599,-0.02451938048817565,0.33876562552441025,-0.10024156615631168,0.002317663306488884,-1.1081250141289118,0.8986979982520696,1.0015612125384608,0.14532887882941037,0.29476128257614703,0.055355984708390864,0.9225246396598445,0.2129975257532523,0.0,0.587822938537239,0.9654655029862688,0.4530365724636698,242.49570105980646,0.3642623326552466,0.08375926966303597,0.9778516476510325,0.10349201861723556
16.180311429897873,0.02469815262217223,0.11656720898838191,0.5365852164934952,-1.6168266724609002,0.015011293540950476,0.020844933486767067,0.20063968700278184,0.03701242253021245,0.0,115.35196962935903,150.59826217545685,39.414809201960225,23.678211253881663,13.21774578554388,59.68363320230888,71.61074415585288,-1301.2926019760298,0.10224665955092925,0.1570713623070341,-0.8235472349556007,0.5672476988027229,-0.8235472349556007,0.5672476988027229,-0.06676337363389928,0.15876169796827255,0.3996238011698955,0.007426160871676536,13.446257151006977,0.4415947182090989,1.0613673311996656,0.660756411497556,0.055584378879091116,0.08494505807370781,1.1156164693796637,0.4607518845421737,0.0,-1.3009685293269069,1.0,0.7728488893995692,128.41416323619447,0.21741906529376748,0.18821082863097632,0.5767598481467952,0.1393683076174615
21.476754378358578,-0.4933765668533771,-0.1036581974869657,0.8010838859448477,-0.8376267563716087,0.012084273041974077,0.0017702114142502654,0.0,0.05141885337159009,0.0,229.07134853288989,270.6248473706853,47.307246556393906,51.517361279582005,77.51045663314909,105.08007349054783,122.18666988531494,-3183.4031248406577,0.48345211444425623,0.3483398982705226,-0.5139010013093103,-0.8578494977869301,-0.5139010013093103,-0.8578494977869301,0.024661508729138533,0.06620394496070021,-10.59612734234779,0.0,-23.74512308482785,0.7013236156293279,0.4076128673163637,0.7828328656184932,0.0926868182654146,0.26596151657775197,0.8221905045292639,0.3050065822266508,0.0,0.4128079043903041,1.0,0.47102854643179515,261.1411379883217,0.19275359644090298,0.0,1.1453567426644495,0.01237214152685182
16.55994282905131,-0.04297248790962885,-0.008451988151147343,0.8683585289231786,-0.9339974858644879,0.012689433714820397,0.008173101343883014,0.3053891494362178,0.031195213235419794,0.0,207.73489522811653,264.8916882963086,51.4182950562455,42.32508259170932,29.547202769064786,15.343918482935889,3.8392091178049834,-2059.3317176555474,0.5193511807081936,0.6899103224672339,0.2551824131233728,0.9668929289391521,0.2551824131233728,0.9668929289391521,-0.010301184230797232,0.26707653954002514,-0.7116219430055523,0.009526679636446295,-1.7557728730478757,0.018903712450999977,0.8001324575333308,0.7879984973382137,0.6334947723492855,0.10142697427838605,0.8987288827262874,0.3360192644518729,1.0,0.3418746699939418,0.9965413335276705,0.7627005020450792,253.4646783693458,0.061971384534746286,0.18044077962922805,1.0350820475542908,0.48410349674209435
16.016570695421482,-0.1288384633491675,0.0675144659894898,0.021901549110843688,0.15499053290056297,0.017310009965986382,0.0042186379020350655,0.11221500884532806,0.08934224138006408,0.0,173.29685519902168,218.46651576944964,48.36661470638894,82.14286596413555,212.16678387664334,30.430852374027058,41.278161569832875,-1465.57793679826,2.296051451878175,0.7755409018641138,-0.07304518821104743,0.9973286321364752,-0.07304518821104743,0.9973286321364752,-0.06037637058671839,-0.05116849142991168,-2.0635503565214104,0.010025540406725325,11.70004463641989,0.68800228203916,0.762151728732589,0.0,0.007553082611688043,0.06634627229843301,1.0210381123170893,0.47289339551205634,0.0,0.10608129184328861,0.9480115925464255,0.11432903848848852,187.6869042409914,0.17832470008947118,0.1205267799749377,0.8214371384025592,0.1266174058402095
18.211128439708258,-0.2687474261017586,-0.2381267340121921,0.23500714392783226,2.4072571959936413,0.0005130587891523039,0.0014121910018808942,0.021951168602648626,0.046028702359902515,0.0,243.68902486531752,283.96275299079144,40.99000538929563,147.26403539800577,48.60708014337469,210.31708605920144,96.71015482121516,-7904.686394684517,0.1716449066199974,0.5185117938254206,0.2985688173637202,-0.9543881083175908,0.2985688173637202,-0.9543881083175908,0.02502709646899187,-0.07818830609645899,-4.8941938945801295,0.0010103838060633507,-58.02887160579393,0.9266653705936162,0.502226600970052,0.3087075304339494,0.5040444813597583,0.04212300062846319,0.7602180259097188,0.26455666200262634,0.0,-0.2963257743575358,0.9813042533572894,0.5402390116427054,231.95637123753744,0.14098038485628933,0.03068439172437694,1.195665382984132,0.16592633397223527
17.662326454260498,0.46090304232604307,0.10337861679388999,0.03207538582518944,-1.3047774002872023,0.07529295925011115,0.00901233627947147,0.8383680585689487,0.024610873070956333,0.0,187.72321293953098,238.49653138940536,77.38253159193368,92.37910566950394,78.65613537257849,17.566190212963487,159.910548135481,-3491.6985704271233,1.814346808133339,0.9568575277000096,0.9682507501166718,-0.2499809690726521,0.9682507501166718,-0.2499809690726521,0.07155665075146242,-0.025804424122762216,8.140619997324416,0.02063296987618448,19.406566093793582,1.2803529136145662,2.772236399517564,0.028242739832849216,0.11394410176129002,0.10085498846491535,1.31281369493277,0.5997434454769682,0.0,-1.7176009166132586,1.0,0.47062314700280117,224.71600012062925,0.22380917001161277,0.4588525081169004,0.9386160646976549,0.9472443908326963
12.725028394284559,0.1384423469004421,-0.11824505722064374,0.637418226732469,0.13050557875023694,0.012127803966027202,0.0003515644466114367,0.022580064080664833,0.05526631553246256,0.0,215.12090653916383,247.9164656151674,72.39914624712566,11.557045491905225,28.08870691756086,461.24296312866176,261.39181424056113,-1677.6432080344061,0.4804417377356136,0.9253308587989965,-0.6250496486104377,0.7805849965070866,-0.6250496486104377,0.7805849965070866,-0.0814871273144543,-0.19574287388391556,1.7616827952795187,0.0012479169462252468,-25.43698390308018,0.27159164766652844,1.357415701724786,0.6453711016351735,0.18387195525117123,0.0953415591208424,1.2138011923537544,0.5191262835611185,0.0,0.36664873048331337,1.0,0.7684292879743044,311.1613987246337,0.0016334051336222813,0.0,1.0756045326958192,0.024503286192592427
16.058471979627676,0.42306271680429597,0.03319954934569346,0.45549425113165226,-1.0044365773749018,0.015598569368466646,0.018710785594412437,0.1013532578333998,0.10999874701488269,1.0,196.76961338214866,253.2016616496573,45.86758152192232,73.12589180132464,50.505009281037765,164.2817374626561,44.68372302000934,-2694.318218676669,1.2669580126677216,0.4734370539077851,-0.9998699583618592,-0.016126573270657762,-0.9998699583618592,-0.016126573270657762,0.051116249760824066,-0.03500187287432255,6.793740783426945,0.01114873136755032,6.532662489213669,0.8340672087895411,2.7412850777373716,0.4283680571354354,0.4820602336810975,0.2578916348128382,0.6510007702028534,0.47344008635091916,0.0,-0.40989715737385835,0.9761400565113643,0.5590363133392326,261.8252912541473,0.1264043308634803,0.12783295252336346,0.9603735076328495,0.05568775461546111
17.70162376264587,0.7740032535843886,0.024668314961074408,0.13462012777470914,2.0217597588999174,0.03077740430364114,0.011465019310330041,0.32569122049649885,0.00422240783723603,0.0,222.09633561105863,289.0671370404333,31.74301079404522,52.41625891688104,4.0732789452922304,298.3895250872974,158.7533865747094,-4536.518710718512,3.4444760516558985,0.16027441011132237,-0.9999994220246925,0.001075151282798226,-0.9999994220246925,0.001075151282798226,-0.1268533757872841,-0.22348160875678805,13.70111438601463,0.0013752011619433846,5.47874235855408,0.08445076829412916,5.910163649120173,0.11198500380974964,0.4088694781562943,0.01612836739760234,1.130790356338989,0.5597694627532124,0.0,-0.4562174956888671,0.86942989242661,0.8924110621107232,227.53850407459706,0.01047511378306616,0.22751644499619375,0.9654859658933348,0.09703095789882335
17.13760871095495,-0.05953716916114171,0.1084586391463845,0.14748524009477312,-2.1513531409063575,0.011559732596990417,0.03944339977176291,0.40134463351637484,0.011001617791880573,0.0,210.35199693666644,259.1639363218463,41.43872683604204,34.253905409586935,26.373402741578865,28.76842313316975,460.7273532317483,-2312.876239768063,2.1851263102819187,0.7729315638839585,0.9831469737221499,-0.1828169249850199,0.9831469737221499,-0.1828169249850199,-0.020014331509075695,0.20500156377991569,-1.0203247088415806,0.0044154402607695376,22.81449132947528,0.7816186003893772,0.9114305523851224,0.10813044704730837,1.0840649358221117,0.02945835402521853,1.09027113860936,0.32204731521040453,0.0,1.7064741759104263,0.9662576184919209,0.7555584303445323,239.96902187370438,0.11226985524201354,0.34829807276533675,1.0162710980252156,0.5172480287559819
12.810928987268877,-0.03744495455277272,0.05509243808935404,0.24361200692695995,-2.4912184566018167,0.02031576214243033,0.006163612374641961,0.23327009570950574,0.06274708637359573,0.0,214.20407810214627,261.1643432026431,37.919312932338535,14.784983372840777,67.15373643370272,61.04698621092909,168.63912440294425,-2268.7274893224458,2.4868210790394216,0.24313957539314401,-0.03869579017652689,0.9992510374388481,-0.03869579017652689,0.9992510374388481,0.092025795612129,0.10873747820660358,-0.4797046537070817,0.0146370188438613,11.80102491132965,0.0524457740038443,0.9773258144247483,0.2671695475934644,1.144582064357577,0.03878607094180522,1.0396552427839894,0.5194171171536217,0.0,-0.18437401087268374,0.9758652741194681,0.5435689620060483,235.39094907590456,0.06463618557236248,0.18019766762685674,1.0451716069732946,0.042622231238711235
20.466436784092902,-0.5366165812839776,-0.2377290491729981,0.35160719134936264,0.018819731133781215,0.06921701414430015,0.02519023095827241,0.8528062565060733,0.08305296483487355,0.0,216.51217011686677,272.1137754151003,44.36790578432459,69.0672735130867,23.058594012788333,250.75810270444276,129.06286653022536,-2930.039176440361,5.057844397946344,0.842821309999105,0.2821076626819194,-0.9593827529490743,0.2821076626819194,-0.9593827529490743,-0.016416202425643334,0.28591247950956505,-10.982629338144578,0.07082808803255906,-51.47123233626515,1.1334490527623393,0.2900239213886436,0.3467381954725076,0.15562235499846674,0.007349334302425806,1.2139240862439507,0.3882439369125299,0.0,-0.6950945942535016,0.9546447031148619,0.8149009263375955,280.0361152808013,0.06370627869366859,0.5966077103766522,1.0334609818098537,0.16332202899030138
20.19654355117095,-0.14678334714540686,-0.07847792471559914,0.5578554702443149,1.0800015533683096,0.016855298073112198,0.002021204040171313,0.28912029525031757,0.023972995698380545,0.0,199.67755382608252,219.25051254360935,41.82865889413987,23.028863956427404,13.62890002325579,89.92408818033753,9.513005225411414,-1778.7482822549573,0.1574857573033252,0.5871443411550983,-0.19443122004766195,-0.9809161537413774,-0.19443122004766195,-0.9809161537413774,0.004496919791049597,-0.3258565605828379,-2.964516263208854,0.006931079594350376,-15.6702800365583,0.8133334561359596,0.7192315147901233,0.579605739134485,0.08219777346869737,0.3178277792189847,0.744164584635471,0.4541674933871434,0.0,1.6047823937499328,0.9793412108430147,0.828548567320132,246.86380794736672,0.15371456709951004,0.1282337323933106,0.9777622867110345,0.09515191935146156
16.11460755306594,-0.28427610188420815,0.01382051293532801,0.034750348616204636,1.856839601394797,0.03454547078131012,0.007541659850014523,0.3822557114625531,0.013117149156425707,0.0,204.62533637619248,262.67759822516047,45.06261760204637,0.06730871471449455,2.7228740743154676,500.0,140.39938461134614,-1048.243999109368,4.420232678185355,0.3940930063977466,-0.999832969770105,0.018276557681691223,-0.999832969770105,0.018276557681691223,0.03814331003867776,0.3803393893844146,-4.580997818579403,0.005014105183149937,2.8280271082830133,0.06984803436646167,0.43385061981122713,0.0517222678820788,0.07679331720651388,0.20011191458571248,0.7577205120246268,0.45754762268468174,0.0,-1.6597333808214072,1.0,0.9799848738640143,178.2771869187337,0.06661482546943587,0.2651277646699344,1.0231266818809623,0.1085059148250161
19.52718643393972,-0.5752207171586894,-0.019497988611978698,0.24710983303384554,0.5631295589328156,0.023744014478396337,0.007506007207629495,0.13852056762089549,0.24159762175202415,1.0,203.4966812095682,300.02496826574117,50.743374373753575,60.28822203463741,39.348035479697984,199.2730733622964,1.0591207715780382,-7049.26599767614,4.11204399530822,0.5563833585825442,-0.8437282590292712,-0.5367705514607103,-0.8437282590292712,-0.5367705514607103,-0.08582367570303262,-0.3144950827586881,-11.232442184622235,0.033466239700948794,-3.9677759727996205,0.151916520257642,0.23012912379758055,0.22581589635220073,0.3567781477090194,0.22030288407096899,0.6812044186147599,0.29947535103702416,0.0,-0.6207007830988842,0.9981351773521743,0.7190608924287544,300.6184549716057,0.1964889526575471,0.10130333997439356,1.0155859799484561,0.017849218727491734
18.183938849346863,-0.5555937211269915,0.04776107297567705,0.1437509173429129,1.7206487966941815,0.011841498313553663,0.011603992309905204,0.22439034421736015,0.021528325668567883,0.0,234.7655336999389,282.9253903832181,52.3262982330455,16.207716051213243,162.3352431160765,500.0,0.47457340704321405,-1130.2334124577196,1.2423020084737166,0.5328087684579272,0.8837203473619977,0.4680153284438345,0.8837203473619977,0.4680153284438345,0.003604740041987767,-0.23966161501664118,-10.102882250054286,0.004830748407193377,11.212653787216551,0.029140123766722745,0.32358186952545875,0.07081438607777353,0.13890637698464836,0.10849420376330299,0.716842252538912,0.21475511433885786,1.0,-0.37135296785034977,1.0,0.1386030826845417,294.9405675269213,0.15123188378509175,0.22757203273714677,1.1738276684996947,0.05828112531578157
20.880769165759027,-0.04107663263077482,0.07893665556697055,0.09585155273389738,-0.6741225836581619,0.013668922069408878,0.02908361326609503,0.0,0.008384486924469966,0.0,181.67951111478368,229.89263560903873,51.20859721539414,92.83343627649211,99.14041717071544,41.47027333929997,141.5803527344599,-3289.734333367158,2.8708268393745136,0.9247328458999177,0.9431964659565866,-0.33223549871590435,0.9431964659565866,-0.33223549871590435,0.0032106535980654122,-0.12416430937261802,-0.8577116840698941,0.0,14.341172992443276,0.6186262462730808,0.912786684582524,0.0185615729339295,0.16235324683375799,0.10245947005713436,1.261187918140816,0.5395703425966469,0.0,0.5581692002827174,0.9245813957177298,0.3742130680947796,228.12374044645424,0.016654755150011892,0.2471255993333792,0.8398874797991075,0.0778992982168416
16.17019974525209,-0.12893821226528063,0.06084517364296791,0.3690539013116081,-2.935078990690292,0.0039877898571955535,0.015841981366312555,0.19996541093966475,0.05404146917899614,0.0,212.74679874504756,273.9009037465428,56.657933035437175,98.2852524136164,273.61549863810984,409.4006678180474,3.6414675322786887,-1297.4760149627632,0.02657113426585171,0.21436304976156284,0.7648913904341225,-0.6441592666722685,0.7648913904341225,-0.6441592666722685,0.093116048662437,0.26154413839397295,-2.084956647125301,0.01080642459216119,12.944615911627967,1.1559678238144926,0.7614919279488662,0.5203864808963614,0.3302716219111026,0.13498812716520966,1.0595739875163606,0.49953110952144864,0.0,0.8082580943632336,0.9847467971022528,0.1318011476854268,212.05876192362982,0.13045460729493508,0.12450933820473281,1.0475086432897156,0.4932797710484645
14.558331960126303,0.15209334471889935,-0.021427494255446523,0.1541780996220707,-2.4121191880090143,0.0165026313931594,0.0007723453818609758,0.18502684475341954,0.0493877203520163,0.0,208.33083021902306,283.0108202419925,61.80043715505255,6.695586984841354,98.44729201966956,23.241510315118592,31.95517259787892,-1291.6232355898373,1.1243249612116561,0.9281584525516764,-0.3251276029999093,0.9456701548465688,-0.3251276029999093,0.9456701548465688,-0.06178704154989117,0.04511469944571468,2.2142254013436595,0.00913805406629782,-4.464007667750521,0.5390050067003679,1.426020437387404,0.22808677184323622,0.3649629286518972,0.05038514375048745,1.318493522956253,0.4192781213807415,0.0,0.294142216739924,0.9030488944577499,0.30988950332851906,286.0861503990835,0.011819061448625242,0.13484936946334794,0.94066462955377,0.15120582561355111
16.340843813158948,-0.06377644763735385,-0.18463370111204805,0.423904978686941,-2.8982913744919903,0.012436365016995077,0.008363971835367894,0.0,0.007440283636438253,0.0,232.94103205481542,297.56554972132744,41.22981275702479,81.08798917492791,36.39839029894335,269.31191305136565,191.7430453541765,-2718.427488337572,0.9087881979188378,0.0313410414598555,-0.9753363880767837,-0.2207236509605022,-0.9753363880767837,-0.2207236509605022,-0.01907696582250608,-0.04876585010431436,-1.0421609698001093,0.0,-43.00876488914079,0.1670258963482633,0.9730230761042962,0.49091410703150173,0.17368109235276663,0.026064858654393775,1.2904116886208508,0.4813445527674009,0.0,1.7043407223440228,0.9786711235081575,0.7526786950563189,245.03910871850573,0.12545341914263566,0.10706808748497586,1.13986330776118,0.5648400955545206
17.393191746141998,0.777089400335508,-0.04554812488548173,0.5256622636489917,-1.074778742025877,0.010217056688877029,0.0038494126990739146,0.06811995738558639,0.048424585086236975,0.0,198.1488516953301,215.81474851657686,84.296690454009,21.53675014509619,154.01543098827642,129.2655457257132,4.612586496596227,-1594.8685211773068,6.070799119619975,0.7692032815330766,0.742280907086982,-0.6700888411055113,0.742280907086982,-0.6700888411055113,-0.04641778954118078,-0.15852548692903212,13.516064943929992,0.003298680672489165,-9.025308642933695,0.31324274031435506,5.963821927358582,0.49193192329964697,0.37541755309300334,0.10709377064264325,1.0760390115452403,0.6923607539221212,0.0,-1.5118797161979902,0.9477171272351164,0.29530739547270995,245.716825542838,0.1458624241762976,0.004773025170571148,0.9389453024681769,0.23500593378244494
18.252759855660685,-0.2977406026278165,0.04163681481389552,0.14200495350814765,-0.02832873829570204,0.004114690619029287,0.00136142928920797,0.10654168828258692,0.002377151648811643,0.0,190.0848587049921,248.5358412699333,94.83540272708333,16.374499459079132,112.71188996840831,4.025819843817096,13.81373907839787,-5583.71312151631,0.4465797861990951,0.9196681307115652,-0.9963950238187231,-0.08483487790576538,-0.9963950238187231,-0.08483487790576538,-0.051720590184568975,-0.27518703013213996,-5.434587719045229,0.0002532657499681276,7.914528060825251,1.4822406030574506,0.5840719338873468,0.14248044019630365,0.21804497610763604,0.08824296220681599,1.2149478275800458,0.5192089899142215,0.0,-0.3530829276820062,1.0,0.31285501337671706,251.69604738234594,0.27725862773939036,0.0313219571764003,0.9504242935249604,0.3044888174447675
17.489532310366517,-0.1077723486390162,-0.10904472525504777,0.005091693850390911,-0.902783875585309,0.012843892999003148,0.0065333693281822685,0.10473654268605481,0.04956881977728947,0.0,169.8444948353474,258.4234470139725,36.962107358457494,30.211473805108866,51.023244603634204,2.2810408506003026,78.91319502200841,-1663.8242704137037,1.1284811397819627,0.39405219098652955,-0.9977068927101168,-0.06768276175455162,-0.9977068927101168,-0.06768276175455162,0.05637013635322892,0.2265254647386021,-1.8848879736861588,0.005191666808501436,-18.52064627540284,1.0262067554968883,0.7869141553076751,0.0,0.08227044619316069,0.24264717400163352,0.8446960664263812,0.37737826406094793,0.0,-0.6789453711256257,1.0,0.5832055812657955,187.66838134591583,0.06531750375743535,0.05571626307247857,0.849222474176737,0.1113269298674921
20.645224952273843,-0.6466632559015133,0.06312747301215764,1.0576988761475685,0.38075773135995084,0.04542198584461504,0.005109028259147771,0.5257204395455077,0.016678473160685714,0.0,157.6135076629451,216.95012336433706,76.12283727062297,13.60502679688497,403.25896744022344,187.62546025024034,405.6939360271253,-6193.0665350821655,0.293816061209909,0.07306718699526726,0.6166212130956382,-0.7872599821916922,0.6166212130956382,-0.7872599821916922,0.0013325751000408841,0.15972785220972796,-13.350508386456568,0.008768214240983648,9.949742451344068,0.7990733349869603,0.31030872736381887,0.992094771389274,0.10746872815498133,0.03532677276192261,1.257738100320245,0.20412440707134785,0.0,1.3087065334392456,1.0,0.06938308072692706,169.10566566850767,0.06521744517454628,0.28176629914168666,0.7880675383147255,0.07866269351167503
21.45320398896477,0.2461865494990838,0.09083932972673045,0.3668004048272124,-0.12183631328381761,0.003998092076759515,0.0003452272290943427,0.0,0.021950806535816016,0.0,169.7978532551594,202.47882455608317,51.18186237323727,15.971606520290857,244.30066741889232,35.60066317918254,113.08716392602653,-5505.038538218524,1.1642469924905554,0.8046675314937101,0.5610336262283677,-0.8277930117131022,0.5610336262283677,-0.8277930117131022,-0.027778359821326037,0.27049007541847003,5.2814902657432174,0.0,15.424323178736415,0.8002973566025013,1.701484154454411,0.33736172880842735,0.3970008002682724,0.01243588845207963,1.1222470364395323,0.3552064684651872,0.0,1.4366944429718747,0.9785326087363535,0.07759266200453603,225.31435610375758,0.20529904014080974,0.0,0.8307636815180183,0.03840629882520879
13.699023096380783,0.5363710927780163,0.012686697629584257,0.6812179420283182,1.1180475981898779,0.014775522842118659,0.00792693962447721,0.01715699114242586,0.019390549465602293,0.0,203.95939339936277,258.186837765642,48.6059911499172,41.15167038951487,10.001459970025694,30.598211714517323,294.59309329119156,-8000.0,2.4469713060388347,0.8428648556917351,-0.6115298757991053,0.7912213413483807,-0.6115298757991053,0.7912213413483807,-0.025892295057126775,0.07936362539622485,7.347759988197045,0.000332683485428109,2.5875711527711385,3.4104394689158997,3.447748952805695,0.7475271901997972,0.030540514671427543,0.24462512828212757,1.1912694149185994,0.49928306262119126,0.0,0.08390285768934086,0.9490140951441679,0.7871678727425535,262.39879228636164,0.1594993288814235,0.03829896429084488,0.9678016958652482,0.06210363319065463
18.844815413480667,-0.06959637693622649,-0.3063779866312396,0.028457742907147362,1.0490542129565084,0.006012411510954949,0.0009859948230767903,0.052979574804788945,0.03797206089215079,0.0,231.58099579184335,262.37068702172735,34.03124264454565,27.73753255535744,250.90781085133136,429.42017261621464,285.964745047631,-3347.7982377014846,1.834598677626986,0.3362573879884535,-0.3913578365610259,-0.9202385798054075,-0.3913578365610259,-0.9202385798054075,-0.0281613538472698,-0.5284204917111069,-1.3115308768102114,0.0020117436405277037,-70.95131923276254,0.17518811144612037,0.8322450943495997,0.07049501125334585,0.4477037964074898,0.04863097485222262,0.8303315980959434,0.5857922567882818,0.0,0.8697845674482862,0.947421850273078,0.07640346454920621,260.7606799841008,0.30764475542591624,0.07331917793168685,1.0970244776059508,0.26530385896042125
15.294396596593142,-0.534469932689513,-0.12780883627118034,0.041798720395350576,-1.1431366777359317,0.007715258388989517,0.013928622346019489,0.08030915061888665,0.0742602042451213,0.0,211.155480890158,279.6475362291909,48.101044354201875,99.4828543981584,65.47434423066761,22.914409275362953,500.0,-7003.012960510689,0.0043100397190986,0.5185932856859061,0.8111602420785621,0.5848239578463322,0.8111602420785621,0.5848239578463322,-0.023690158870384698,-0.24891658653629045,-8.174395119507853,0.0059637739277107315,-26.987536284852553,0.8449735794431853,0.2990726148690318,0.0,0.10514341402265391,0.16243023371666918,0.7266157895564909,0.29698496888243625,1.0,-0.2862291589836973,1.0,0.5430955449509499,271.863827942006,0.10526487742942958,0.015007100945232943,1.05577740445079,0.07904158056241621
16.68884910903531,-0.007300279457806272,0.1886189158556082,0.018487912143143305,-0.9662630745317999,0.0006632045379934684,0.003008100731118328,0.0,0.04376279663050237,0.0,191.18337837992527,226.84513955950638,41.29334396609092,50.4639621150251,80.60044813604166,82.03265822256282,198.09045802042053,-1515.7960969300946,0.08174866300116217,0.8094690680101495,-0.9823516608469237,-0.18704334906991657,-0.9823516608469237,-0.18704334906991657,-0.06322226721446322,0.09297426116934175,-0.12183326232511897,0.0,36.06080155963403,0.0765415045127483,1.0444497900705731,0.0027471096352695394,0.029316111338566733,0.09010012404178021,1.1356363436183738,0.3892721727803935,0.0,-0.5969554793839976,1.0,0.4836432532262965,205.66834532642514,0.04241812249053226,0.0,0.9559168918996264,0.31000494600715855
17.91800242762275,-0.44601381780499916,-0.0546537793028378,0.07372574764988983,0.5349995418749849,0.04016700243779248,0.008975803232005409,0.5243991390421441,0.014698641095420174,0.0,189.0027146927443,240.11636921312464,136.95197973968658,76.53429991177002,114.55664425751115,52.81933619823792,119.67276968474614,-5501.139465935444,1.6278409917342382,0.19204297725011954,-0.5431052396834317,-0.8396646346181327,-0.5431052396834317,-0.8396646346181327,-0.012936477128260009,-0.07394340504720402,-7.991676670183265,0.007707954735527817,-10.329712656454467,0.23646953677050453,0.37702552411496676,0.11118190624671888,0.9209709691534195,0.06409006365954162,1.0854535345032554,0.3214068175174183,0.0,-0.1791961705821423,1.0,0.2740122550199458,183.93406233296054,0.03904041990858838,0.34057498949159243,0.9450135734637215,0.5336070207981215
18.439975859616617,0.30478039923940686,-0.1984143223128996,0.00264485854211288,0.6059030653868045,0.0024499637808029977,0.00189635502116085,0.0,0.008047868480650788,0.0,227.4060466942229,264.5393466643452,63.78997545377469,21.376963621769548,13.819887665664316,246.1022679850355,15.504300387125403,-1817.711719891386,1.4490522498984917,0.62897575639127,-0.05802556932878035,-0.9983150972033183,-0.05802556932878035,-0.9983150972033183,-0.01796033458260723,-0.11176839338562537,5.620143204458977,0.0,-45.12061664468984,0.2984870333296803,2.078365170351772,0.0,0.2941224911765158,0.055324653753383794,0.7721937378670083,0.4425439802570443,0.0,1.2464041077021406,0.9812616135356208,0.8574354118024202,270.84712748207755,0.053645608737331506,0.037120582536847975,1.1157241215346496,0.16097842280489744
17.51360742700356,0.11052056777957586,0.12352473883102724,0.6291901389847636,-1.1642747800542737,0.014754513856746254,0.02298706096316954,0.17886169930069748,0.07801943992194527,0.0,222.69652920612745,264.4998083429076,45.74409065302525,67.64058124556162,59.52726953405716,308.9244044136821,123.8692251477117,-6056.472168717199,1.047260371854513,0.43063065951581914,-0.9882042449941422,-0.15314166701312007,-0.9882042449941422,-0.15314166701312007,-0.037889835320167126,-0.22064535297790575,1.9356138367010303,0.013954689602927806,27.508530608763124,0.09670778314093542,1.2562835852538023,0.6331694512264001,0.0015228646032758681,0.38357395567948527,0.7294070698028892,0.4654554007582737,0.0,0.0190895373219131,0.9905614572436708,0.6002575410396892,236.8691635207182,0.3070415884108452,0.1514390447645269,1.1029729924676466,0.14586233823833128
14.57835922171204,0.11981674096510436,0.0013355591543672855,0.11331641820596733,-1.0661441669870166,0.015289814710283503,0.0005494765946219893,0.15969514421919756,0.026857771141963218,0.0,189.2407526173016,261.533012305209,63.66719270227363,69.51130964646444,14.756601462828712,86.0846837577139,81.70504044996675,-4010.6541117409397,0.41428376508326104,0.17441575225426353,-0.5412984521036173,0.8408305333122887,-0.5412984521036173,0.8408305333122887,0.007752312815248737,0.18951791348290806,1.7467314905641118,0.004289055635922018,0.252742219537392,0.4201723010226671,1.2765588688612575,0.13340879055920793,0.038809675853168135,0.17515133789088488,1.1337126602126941,0.33996749368959006,0.0,-1.4997040017626306,0.9984349834124101,0.859805547587686,191.2220723198957,0.20202962045398395,0.11058005259789219,0.9447229385020376,0.07603235459714357
19.501070038770095,-1.0216673486038148,0.11049404889577255,0.47947483327621543,1.2192207757826683,0.019550057861986197,0.02194118775503275,0.039828983406253626,0.04593694288130104,0.0,167.53627324478063,219.0881307181861,42.642673635391844,96.0628378791568,45.18910137354722,203.4379060494765,88.87180772393853,-3003.421569926334,0.020366361067784233,0.8314402072509596,0.8724040568049612,-0.48878539428899265,0.8724040568049612,-0.48878539428899265,0.01199447400590792,0.09123852748286157,-19.923606521447535,0.0018296217357533597,18.511761167724302,0.5818223015914903,0.09593857326375294,0.49902136086842197,0.2271400019358324,0.13481200188645423,1.18869298849835,0.4051858933421229,0.0,1.1372395305834262,1.0,0.559986627670363,235.08002702718966,0.06462302371033175,0.19596377831927936,0.8376813662239031,0.014711629893720593
19.92883624196546,-0.4640095768280005,0.02769586752193653,0.5360002030892562,0.9262095164141728,0.0036001442708586363,0.001981245078724071,0.0,0.024078558194300423,0.0,217.15093922954915,258.76290212366337,31.82190206531472,18.157969109256868,8.046584397171179,31.203006887243887,84.2877981141123,-3553.4149957986892,2.313711694696473,0.3246808321999267,0.47275920928627757,-0.881191653407483,0.47275920928627757,-0.881191653407483,-0.02783236071458538,0.10023824458162452,-9.247170871308912,0.0,6.014183645165684,0.6706157836554762,0.34161776310902614,0.5487074744737706,0.013038314982839395,0.04003748867001615,0.8854192139192285,0.3659164556748352,0.0,0.0036301055890930315,1.0,0.984568318829969,235.32294404900838,0.2756910051620544,0.007454899670344869,1.0857546961477458,0.17279221424213775
18.418280433213766,-0.029296258674179565,0.04585591362121688,0.5316820227943914,-2.2930434219030524,0.031079434319686225,0.0015741007750381354,0.3119854448217254,0.013830545062788899,0.0,164.78976774238507,197.61134817908422,78.20638549676026,3.5272340486178466,49.52355007422141,358.11066383867404,167.9045777719001,-3403.8297550945226,1.4181916285062397,0.9344261156550162,0.9335418911179212,0.35846832151248087,0.9335418911179212,0.35846832151248087,-0.007206707538312747,-0.12672044975701144,-0.5395867079050105,0.004314928753541113,7.556585355255201,0.8746725688214968,0.9254748262098789,0.49899716410526584,0.09976124787672837,0.06457672996187834,1.2727822783214509,0.6935190186714066,1.0,-0.24107919858222782,1.0,0.5987218186786037,174.40070595946833,0.028583228573649876,0.11346517518285906,0.8239488387119254,0.6481104343342965
18.5991858577999,0.1864237006343376,0.03630092477145166,0.19887211217272316,-0.3704447953624941,0.008972842960041845,0.009193484744161843,0.2878484294691149,0.009224394945582989,0.0,201.2243969287591,223.14887463276756,47.96783455994378,36.00498496158998,16.502159995503533,8.115317122944145,208.83817899362245,-1675.194554940431,2.204567719844424,0.568933869819802,-0.8048257371083452,-0.593511190196115,-0.8048257371083452,-0.593511190196115,0.10793118634504284,0.035257551779961906,3.467329056396894,0.0026552275978889046,7.3046316950916115,0.3694683426121647,1.4881833097934756,0.1713233827967824,0.16497134837671987,0.04953258225155704,0.7458846701850711,0.36060645524014917,0.0,0.5023655438269952,1.0,0.9024363286788962,227.10257479612392,0.3948738928285373,0.23363935127107904,1.0061219846437954,0.12023308009296375
15.646720654106831,0.2887718654280893,0.0697488311921,1.0562079096124815,2.467445063794491,0.011475418945506306,0.00790843542354127,0.17268117064494415,0.012519942095817277,0.0,258.8563181149341,290.0871086120938,37.930493239844836,1.2721937496707874,57.52274279279615,271.8999554844391,1.5183022206461492,-3432.248592332796,2.0204316162693843,0.5145099813847384,0.5751899607119775,-0.8180198708443174,0.5751899607119775,-0.8180198708443174,0.10602166293010687,-0.2675529852392962,4.518332711118643,0.002161958257512643,18.054925635207073,0.4149591046791853,2.0042710332489113,0.9995254170364501,0.5124171124461648,0.364750441097744,0.6398463096361114,0.6523023969967042,0.0,0.253899298641218,1.0,0.4928040737626805,299.97382942200244,0.016511243096779878,0.2120350339887221,1.2942815905746705,0.1287061609529134
19.976692770230958,-0.7074220549128345,0.22774304485560984,0.6648130198412113,-2.9134773629229334,0.0031212138309553777,0.031635026458964315,0.0,0.003070867287996496,0.0,189.6343905089695,241.31377913063517,54.517537043216464,126.31798308359828,84.7185131229925,115.85840043877775,46.54660187010268,-8000.0,1.0811500078444387,0.4233059442193591,0.8367329140344921,-0.5476112038402312,0.8367329140344921,-0.5476112038402312,-0.05270450950648679,-0.02596559616923871,-14.131953049879149,0.0,43.187913503850474,0.12862790599370252,0.17800345757634592,0.5867461901660977,0.10746219843334869,0.3197342885176896,0.7157035196648459,0.4830212315617235,0.0,0.0926135922151878,1.0,0.42257040641116667,214.51019057735462,0.32544846513087394,0.11386811712284335,0.9481719525448474,0.028300192984655796
21.510487433091836,-0.19204348544940897,0.0971006335959188,0.9581808502993601,2.2315608901895283,0.004162020112105687,0.0067407391742872035,0.0,0.11070472874634003,1.0,162.1114337907759,226.81494032161584,71.88472125717493,3.4722978829608757,228.2980413216781,126.54050863899957,95.80441861755341,-3242.332210927641,0.7688861569455552,0.4006708898563054,-0.9474042892438845,-0.32003923622313857,-0.9474042892438845,-0.32003923622313857,-0.04572237832942794,-0.5055859157186218,-4.130948980366666,0.0,15.74112293422718,1.3567865186871195,0.7139272750045256,0.9524434132148486,0.23603202300555848,0.10595169010497694,0.7651883786333288,0.38002507629802373,0.0,-1.464496581118582,0.9793401023512203,0.1274666125351448,192.71818234755372,0.043270941870043114,0.0356662995689377,0.7938111408048076,0.007296082887742766
20.826139710863107,0.08906973255147776,-0.1580339317845535,0.26563958214969496,-2.116314054671723,0.0011274375409852865,0.0023328929053048663,0.08457973471029084,0.008681110893354611,0.0,195.8696491944206,237.46437680808756,60.826992827138575,33.94148303480311,73.07297935756056,237.09668255791226,165.07105525453215,-1338.9966264311865,0.13784705851211287,0.8179662748371039,0.5467112728685939,-0.8373211953118121,0.5467112728685939,-0.8373211953118121,-0.05297016384959983,-0.31362322782691104,1.8549786941262874,0.0007342460563505489,-30.954050779455486,0.22324360220245076,1.2282734991859119,0.30645256287905454,0.3266537770524735,0.2925633919385232,1.15771578073233,0.4238543985315349,0.0,0.3942468485193226,0.9577960526311682,0.4772001812309877,253.42185088109323,0.20501744643973754,0.10846211362602079,0.9380158841433385,0.19810950272458644
20.37373969347393,-0.4094225423446685,0.044666151527890344,0.6130258940061338,0.04554450098059837,4.9147121516405874e-05,0.008854113809289356,0.0,0.03677687069670368,0.0,178.8115447191938,252.369698729979,40.93729403711161,81.4598167173373,87.51604872652622,42.96612484328286,93.93820356420314,-5713.591057150263,0.9439219666612884,0.677500849486126,0.21547731504673012,-0.976508846196619,0.21547731504673012,-0.976508846196619,0.05285269699861196,-0.06446236885040228,-8.341468302370584,0.0,7.98682355136365,0.04084290847775006,0.4219842276781302,0.5440117742984365,0.047540277363441824,0.03553118053508703,0.8740127670457088,0.29645683703531,0.0,0.013373530168954898,1.0,0.3576448138850246,212.3785147822281,0.014820183333866501,0.050038504794606094,0.8940577235959689,0.07229533563173489
17.646205417058866,-0.10379640019390246,0.11414807681032178,0.18409542776857576,-0.4754082380796727,0.039666154038892724,0.00799625483448983,0.5107881373399642,0.02053766765077147,0.0,176.90392628764198,216.14141995421858,31.92349808064865,20.78882367155295,1.4203707932802534,151.2630709189848,343.77054970585453,-1731.9417289408507,0.9539607196195716,0.7736901311234224,0.36348161248290634,-0.9316013725767187,0.36348161248290634,-0.9316013725767187,-0.01992646497878471,0.47502362925498637,-1.8316125993728516,0.010490397004644797,20.193242965929258,0.2984128550756535,0.8153003300376727,0.19774408997478862,0.2400434812706277,0.12454950338296036,1.0882373010022723,0.3434483974469591,0.0,0.11265084444949643,1.0,0.86655652348702,194.10377770045352,0.05842884844092947,0.208010526192027,0.8845196314382099,1.0
16.85285539468919,-0.05073763480507966,0.12027008065361461,0.39707411172249196,-3.0779481500344734,0.0006624794835570606,0.007989600040332298,0.0,0.07601798429192086,0.0,214.08716739279967,260.51699154960147,71.0659868279357,71.50832599927536,76.97264269707675,110.08573365570206,131.67162720136065,-4179.81307885873,0.40910582039575183,0.4210841596112086,0.9979887423155984,-0.06339140486951038,0.9979887423155984,-0.06339140486951038,0.011983712179814988,-0.3601486146849729,-0.8550740224385567,0.0,25.748280889235907,0.44323731105111247,0.848524725700936,0.43630567239166174,0.19368670941443702,0.12114081087391484,0.7621677905064635,0.4423287598017522,0.0,0.592833268561682,1.0,0.5393030100021072,232.30899684959076,0.029366924474496712,0.062118886140951415,1.0704358369639984,0.40523165965741464
12.488381807666265,-0.15505991272209646,-0.042660498305909955,0.36078158057068554,2.610015931768979,0.011979460177590634,0.03406286120625417,0.15481585156175898,0.06413434838035065,0.0,232.63210742078306,266.43845661572425,43.677692565218635,55.68374185230232,43.05126167388616,140.97774062385602,27.129710994088867,-1174.4010528724439,3.0860655655809888,0.26143722470273545,0.7112757519738152,0.7029130847082615,0.7112757519738152,0.7029130847082615,0.09984836666404419,-0.2487161185079726,-1.9364473931369484,0.009929013758862503,-9.924201624524578,1.4513822564697483,0.7181056026378188,0.26894489212961825,0.20936274591602827,0.07328889091215741,0.9638100072785041,0.42881061151632166,1.0,-1.5198437527627089,1.0,0.6625776284221068,238.42218405059856,0.3507329615402249,0.1987817999960054,1.1631605371039153,0.030428374572022673
14.962705465580935,-0.6563544945221443,0.11649444451881277,0.022284137440173827,-0.2832131493375507,0.04762684334388207,0.002964479972078664,0.5608857797416069,0.00019557592110012887,0.0,198.67597587328098,263.5374018917988,30.709254304844915,7.388504141336676,71.266188800108,75.9309737917499,157.3106191651917,-1951.507509232557,1.6348717483884097,0.08686521852818196,-0.8857249183835637,0.4642104791518923,-0.8857249183835637,0.4642104791518923,-0.0005232397155231221,0.04335495933856202,-9.820838982545101,0.00010969575300492877,23.144647448590916,0.1176999702413456,0.3170369648357627,0.008755082433362888,0.04767181661669135,0.040210790888216344,1.2522142814973842,0.19131129912756187,0.0,0.5434752647877832,1.0,0.548677288574824,198.15130943771558,0.032887185471158355,0.23172915978149605,0.9933798793664049,0.08654928845727189
16.814752073581513,-0.2757933745900975,0.09277423995512052,0.06751022661328422,2.854251762060086,0.01279272793517954,0.005504922194081924,0.08318091553114722,0.01513071657315216,0.0,185.7426952828777,267.2053544935462,33.83749162162408,57.412438197322224,21.16819649161428,16.099950025026196,103.86053237366477,-1060.3354397455141,0.2105740878648391,0.7766559899840447,0.5521013427459208,0.8337770129585915,0.5521013427459208,0.8337770129585915,0.035312436087866036,0.3538845812029206,-4.637397217268885,0.001258586857197099,17.232137382084527,0.48794048183656824,0.5424961158512019,0.14982073663620288,0.2090854531701574,0.20486441090757213,1.0622634312475856,0.6379815261440718,1.0,0.236687635991584,1.0,0.8556554726061867,242.84351905420385,0.07172314581801315,0.0,0.9287134764143885,0.5759382962940732
15.099475727149034,0.14601448632330316,0.257251743696973,0.46478304041634644,-1.3399275880338133,0.003032212090139461,0.017366638977432344,0.0,0.06577264686253693,0.0,192.39960948753497,215.972355073492,31.07238331899173,27.247736322338756,43.16393564742168,331.07337688002065,56.238451329467665,-3064.415639144289,3.9784503528501647,0.41527643051770413,0.8887010478292915,-0.45848712914008766,0.8887010478292915,-0.45848712914008766,0.02602103746501966,0.04043449939761469,2.2047421920508508,0.0,49.495135027285045,0.3015306227812315,1.4446978449528776,0.4923800913042151,0.040127081746252825,0.18035168419291464,0.728053474197682,0.4459504872321892,0.0,1.3531326450444525,1.0,0.6792858933740853,224.45137139710516,0.012790076807865583,0.14635355954544577,0.9619980474376749,0.16496842431631928
19.09524304857998,-0.29432984539201507,-0.07500017362485116,0.007902249003542642,2.301378557903077,0.049358437082629374,0.010592775573453077,0.4961106539361328,0.03430939766552059,0.0,179.51506938649536,224.3226383569749,53.223736371775445,19.874966850249105,169.7125788789263,128.8017947563443,14.45468976404033,-2741.0875855751783,1.2927113605109208,0.509223592096683,-0.8702939222685674,-0.49253272872205434,-0.8702939222685674,-0.49253272872205434,-0.029410867584797475,0.1404283704608313,-5.620299934211496,0.017021257711996248,-13.463661372264355,0.05738000159457017,0.5424372357012122,0.0,0.18111680091407972,0.056678560435671946,0.7464423562407412,0.4124117509129166,0.0,-0.3584880494908028,1.0,0.16714248263421805,223.419176201872,0.11298935180932686,0.2592836388844605,0.8975753469324768,0.0474169021563099
17.890924640679003,-0.1622278056873628,-0.050740057640042524,0.4394381702683836,2.6539519652351897,0.025248906660421757,0.002296538026768403,0.30675670126025045,0.1800418034977451,1.0,164.7746756325599,233.74637333831043,74.62343091193152,53.936050496870955,76.7059800450713,69.34207126428056,9.34623124463794,-2835.8681085952376,0.4834353494352308,0.46934323519704535,0.7350336741329413,0.6780306024735382,0.7350336741329413,0.6780306024735382,0.052958086587092945,-0.06752075013529545,-2.9024054461753246,0.05522902972991451,-8.3606765392154,0.3414004853073126,0.7036436469464031,0.4723551433889641,0.9891453465185633,0.021757981505276632,0.6722865220525166,0.36304208580555136,1.0,0.16840659027484156,0.9454726596076826,0.48886476869234397,180.29377536248288,0.7315548182778894,0.18152784977636083,0.7789497540315481,0.0566436400523126
19.442847809907068,-0.40588928773974775,-0.030611904845995394,0.26468682205842253,0.35708860351240146,0.00038014096818353525,0.014013953485448523,0.002368009230644259,0.15869505301514855,1.0,158.83150000083876,187.12731717945474,56.40281695855007,104.45744899988598,132.80049191432363,189.0263142756561,18.982932368926004,-5068.140246264257,4.379912174160644,0.4311378563692402,-0.8343701235229538,-0.5512045872199277,-0.8343701235229538,-0.5512045872199277,-0.042485040455009296,-0.10212431778787534,-7.891643649195494,0.00037579135039745177,-4.862134764572393,0.02997991839079183,0.40206897881981823,0.2272999823470061,0.07005914681325226,0.04367974856774943,0.7371288076986857,0.3624156529298544,0.0,0.018719718167872403,0.9859387383914007,0.3366322888453636,209.5421970968152,0.05659707230424635,0.10020149357153488,0.7829906436382036,0.01689591443653231
15.519555698244421,0.20479592047484163,-0.04902221500387753,1.4112248431993815,-1.8681305547676894,0.030320831041893516,0.0018280115996086351,0.40060794419488377,0.055665678181716576,0.0,245.3495473848324,303.8498059893987,34.514865027044166,97.33258314123482,56.06550248896049,33.882899702774665,51.78721927470396,-2180.207163325468,0.9368116984237251,0.6838995770678498,-0.994788305609327,-0.10196189005174576,-0.994788305609327,-0.10196189005174576,0.06699398932220879,0.016436870413551293,3.1783416945825396,0.022300112898591472,-12.027578263003292,0.6754444728284706,1.6298579638304456,1.4457901897040195,0.47152012956017486,0.20679825295771004,0.9010182492324244,0.44493157694680535,0.0,1.7957931468730304,1.0,0.5749855766225591,309.1446531438494,0.6858624129896022,0.21753497958624507,1.226747736924162,0.11978374429162456
16.25243951984236,-0.028700449433670505,-0.08900207497636031,0.010322442610178638,1.1639439435994081,0.02430862287992276,0.010869954743944105,0.1968927098725246,0.00792025144539248,0.0,205.1143316963026,273.43641469941616,83.54167915565931,71.23786210451993,11.178573009830279,439.1392712215039,115.83676526880846,-1802.299096624203,2.7390753275185085,0.6087341157586086,-0.8528367217694595,-0.522177676659508,-0.8528367217694595,-0.522177676659508,-0.029372548260455985,-0.13165787812522087,-0.4664523186130238,0.0015594397699551052,-18.25560112836036,0.050198332668148465,0.9742152113635956,0.0,0.08256677229430585,0.13991182442986322,0.757928965132566,0.44540189000242336,0.0,1.6016038832922734,0.9352916324859977,0.9893208970204473,244.81705273351173,0.1410277966125613,0.1676246676546814,0.9592085906925465,0.12977556374699775
20.570616891215142,-0.3429464951469197,-0.27626755056737434,0.21706074677675807,0.30773826799196824,0.0364817327119679,0.019397163675879254,0.231977806573368,0.04642824989934985,0.0,193.7051322170991,244.87856443245167,34.070041348659686,49.83961014751705,0.034322930501338,15.711136895571414,188.9884312572133,-1114.5395159941138,1.4920545394025178,0.9720537986443055,0.9373419384643772,-0.3484108069446808,0.9373419384643772,-0.3484108069446808,-0.023898386026804733,0.14485386774354903,-7.0546209658522585,0.010770323574691371,-53.51444240994736,0.33305327522615213,0.3863893426125869,0.21440912455615982,0.28771253952040327,0.03643520627322767,1.2792230522522472,0.3970990346851506,0.0,-0.04662550357261292,0.962377019792351,0.9246857352680832,262.2596067812171,0.0618974124173223,0.2320271260360551,0.9320868393078758,0.1825194956444228
15.705622630472478,0.027418754020608532,-0.04346994737231341,0.9531465971662325,2.7930622650906702,0.021107084475670376,0.014344031456474282,0.40876838156802175,0.055370130827360343,0.0,215.21500625829992,273.4689523224019,68.39227420100462,53.47985773574,54.88406116816408,124.1386562868414,17.479981085262082,-2956.4597021764566,0.397062635063561,0.13890390764923166,0.13718540405660057,0.9905453876091833,0.13718540405660057,0.9905453876091833,-0.054424391181339585,-0.3212543797891168,0.4306286036454276,0.022633558765509716,-9.3553849957804,0.2773345394975876,1.077534722051529,0.9262694587380851,0.1831929468258035,0.11323321188330995,1.190532156668369,0.5345994479571983,1.0,-0.2439505506081115,1.0,0.49727367660026345,210.66805957188882,0.1928191483100666,0.283009232398652,1.0760750312914995,0.5218407360378728
17.141832675872816,0.07339984229028787,0.036935805969990444,0.002610913452665445,-0.38156488896762797,0.004582928786030483,0.00013802047834017046,0.0,0.07971946830417649,0.0,197.27476895728867,273.68830474920276,47.244520646138355,57.7212660995792,66.54602972715664,455.19205598898316,6.717095091820499,-4711.226648343283,1.8813638036604239,0.5735193132327168,-0.6515303615068021,0.75862255966641,-0.6515303615068021,0.75862255966641,-0.04621297054083235,0.17799740651336676,1.258207814975568,0.0,7.286502588981109,1.5958775830682312,1.1749273551658568,0.002768799589590724,0.6594243550540175,0.011060759400466878,0.7558024837612884,0.4837319700534208,0.0,-0.21225334999421702,0.9864189678743482,0.5634406242030877,189.04195164123837,0.0071311499422228595,0.0,0.9729778699124961,0.04714696204630585
15.108375543326304,-0.6673786652452336,-0.04932218455059107,0.31946477317243127,-1.454471647962067,0.02150158379202663,0.007115319408329926,0.15817162954849157,0.11261835103335663,1.0,198.07221782256383,277.29861613408104,30.069654429889777,34.4616309243555,30.34943133979871,459.3246870670204,31.761291573711276,-6850.001111021816,0.4891586638088937,0.06324016340231398,0.8806828564301475,-0.47370635037968,0.8806828564301475,-0.47370635037968,-0.021338216116426775,0.007862602460550426,-10.083007504128839,0.017813028100010068,-9.769354481789367,0.32860388940960195,0.1955142101300666,0.2911007644768807,0.09748726112831833,0.12353592301355587,1.2616315141042893,0.4203215022531653,0.0,0.15406349143091547,0.9944877106511752,0.6972969403372646,189.69612626733556,0.21832763159042648,0.07219555370831594,0.9849019322298121,0.27605706646010003
15.4938026637222,-0.023042579159853388,0.193538118352911,0.12971275547308048,-2.2727097976280977,0.025077973584134775,0.0016691545925096,0.24419940373412935,0.004656720242722594,0.0,200.52808486026075,249.59857666474352,34.653709943279594,53.13891006970014,63.40501705594534,43.68059971892698,147.74480554762087,-1255.2944677839548,0.592366601430967,0.8079184187081999,-0.9410336347451197,0.3383130181923076,-0.9410336347451197,0.3383130181923076,-0.1215674278955306,-0.0429441737201727,-0.3570171743659661,0.0011371683066295076,38.80982822076772,0.1629479121470764,1.013123701835827,0.11853584339535658,0.8866873831782919,0.04806814315087326,1.0747122355593546,0.44556253094547854,0.0,0.8596622845861036,1.0,0.6326059217906352,264.0803239731698,0.11975702281943021,0.12519639762081636,1.0026404243013038,0.13836602967844452
18.459778100904554,-0.18586256130794282,0.0013375812715862578,0.0871610400772181,1.2480515202847915,0.03250326462045942,0.003893698805253252,0.33175075716999225,0.18592579671219303,1.0,186.76534548912852,228.77967774964003,32.293668302812584,6.501538304803538,122.57417229831232,9.135977242802012,14.676548142141751,-1334.6993318450448,0.7742925751037053,0.6163113332510931,0.9507903724625832,0.3098349038318025,0.9507903724625832,0.3098349038318025,-0.011666617058779825,-0.32859691203728436,-3.430981639010393,0.061681023836704096,0.2498138283075953,0.5697438985937159,0.615177331404123,0.028380789661684225,0.0905832464682335,0.12326813309407525,0.8111264762268798,0.44524587131439763,1.0,0.9333694911007832,0.964158941217302,0.3604069628332435,222.90134600795955,0.08343788070705468,0.17903567020881156,0.9003573888144089,0.26217504644158784
15.29348624134166,0.10236168472363147,0.12910290551841355,0.40681236806253324,2.978918591971306,0.010112007498131818,0.013794694133041638,0.062451710732489896,0.00804631745155672,0.0,197.3373165071876,233.53761484108216,47.44840935083516,85.51333922639954,45.24026263359063,81.31299973134344,139.13568660978194,-1698.430757288776,0.7160596388667251,0.4283788159925379,0.8584015232918917,0.512978386299228,0.8584015232918917,0.512978386299228,-0.025398711862075842,-0.19595773439957395,1.5654670169614107,0.0005025062899464055,25.476820928284713,0.059755139811687,1.1960516180620673,0.4313453478332328,0.4489272261294565,0.11672233741825254,0.7418459602193215,0.44122368444021753,1.0,-0.2573880613565522,0.926569877423897,0.7154765836874125,219.96116485257826,0.18688915568521666,0.12166531265278188,0.9142340658361279,0.07067913697222351
15.184869781123924,0.1773050702140056,0.026142041272996838,0.18782105452375844,-2.963503490785513,0.011515185004285252,0.001912630616853327,0.11340846034795161,0.007793591229298309,0.0,210.19653440951325,274.85099666594397,59.399253016768014,13.847434259545977,99.86730491030644,30.94582281348256,136.9305264402901,-6463.699976551494,1.3793126929634922,0.8022356546439461,-0.981947190186646,0.18915526872004093,-0.981947190186646,0.18915526872004093,0.039500554930591604,0.23973029462663573,2.6923544027327093,0.0008838591818960208,5.494966477974396,0.26328767297494293,1.543984030563589,0.1965853149559547,0.26118938610886416,0.015255431194614462,1.1269393998428832,0.5769069339658657,0.0,1.243133251174563,0.9305557014568732,0.4125897384275547,243.82787930973004,0.06045713453499686,0.12134988661650042,0.977997917606242,0.1264189419397089
14.913227413978191,-0.7773008758484574,0.0826407309893258,0.2552908894337252,1.5107627203215088,0.01512204694787896,0.02645980829981084,0.1472442463359722,0.013940665161747549,0.0,183.62836225761853,213.05172889075402,52.55480614857963,24.888256232220517,249.1071012431145,90.95016413012135,163.73307785298778,-2180.9549524802096,2.2521670264658336,0.45500260849157825,-0.3574644155648614,0.9339267592294762,-0.3574644155648614,0.9339267592294762,0.02114903691784128,-0.04171979960667308,-11.592064730612474,0.002052682735163662,15.17518208734232,0.17328369142870995,0.09597363683546276,0.1744642807285176,0.09786461197925113,0.14458717888181624,0.7346904745048344,0.36566711157432386,0.0,-1.0726399825138135,1.0,0.03674203532148789,169.5772608853637,0.18191709463655792,0.22311643269551482,0.9181418112880927,0.016116857995440968
18.546457015213836,-0.8658551851628589,0.02792415539335623,5.6417384697141295e-05,2.682482581223751,0.013667831473437623,0.00026986689807393527,0.15416024743645693,0.08146940342874132,0.0,152.35827191078857,198.56966134092053,71.84700099266252,152.0061301199314,141.05133542848876,34.58392710751865,38.20571416135706,-3513.369568719534,0.848929697645314,0.22778609531344718,-0.7607200913564104,0.6490800741100398,-0.7607200913564104,0.6490800741100398,-0.03538187155496484,0.055679693174564227,-16.05854597302298,0.012559343391075294,4.254476060300082,3.1124779221697123,0.03979271908502777,0.0497022503947935,0.40989295573981505,0.06921415495241144,1.1071330838731193,0.3043142367742811,0.0,0.18367242740595124,1.0,0.16105090331049976,191.26671308126325,0.3054089194221932,0.0378852722527401,0.7617913595539428,0.022509128856298157
18.324831594682546,0.11754292423321037,0.1368784631903563,0.23469145975109013,-2.6717264164841645,0.01157260357525103,0.001890604730869146,0.0,0.013946441586988899,0.0,183.23500673473333,234.77535329905032,51.53592695635199,45.435779215968005,39.33406665315937,5.1049587830199314,51.89749406912425,-1682.7780007244783,1.0600980542839475,0.4725007611103369,-0.999832969770105,0.018276557681691223,-0.999832969770105,0.018276557681691223,-0.022927537971295348,-0.1759064026630693,2.15395429172011,0.0,25.080926124524883,0.1073990124874668,1.3562329775455293,0.2258770617683653,2.0227667377503935,0.423639606075376,0.7379161165654806,0.4488404251798495,0.0,0.1312965374975198,0.9653716743360335,0.7495635605087576,205.05071594176695,0.028106316366157288,0.0,0.8844494262424195,0.03200011382690186
14.928230648977888,-0.01356575717370035,0.005593935013240073,0.023952536516838104,-2.449373844887625,0.006570196509299041,0.0005133921209557593,0.25378959579377536,0.06842513547915595,0.0,214.20000514858216,256.65496745780086,34.005633698846445,9.463463183817675,20.825548576707547,44.2563586960481,95.52558557507957,-3694.1290936555924,0.17083629868420594,0.07083179663733918,0.9999855506507186,0.005375731557583884,0.9999855506507186,0.005375731557583884,-0.011730901926044887,-0.0058109272450901734,-0.2025127520170252,0.017365587475389306,1.1982209086368576,1.5272674364220533,0.9771826156624179,0.0320406563286336,0.23690410516018426,0.10776387772940049,1.249054445456131,0.4370412022992452,1.0,0.019555800025169306,0.9420604189596433,0.7370211455788661,210.16089687195876,0.07135404998871699,0.09101489820770028,1.0089467329571553,0.3756998347167642
13.11536190430879,0.02362729016986182,0.049612070808878576,0.19735265061571505,1.2061020205880348,0.0033689579432868207,0.006814679438552746,0.018960748079412455,0.07902463934502874,0.0,178.07868612766717,232.27599010295404,55.98051614767343,0.6551190256429198,64.4389450886811,475.64974710956255,500.0,-1024.785905977568,1.1186539713870458,0.8978611096393875,-0.5120551783114646,0.8589525565270845,-0.5120551783114646,0.8589525565270845,0.07429782772379245,-0.2744304096239959,0.3098804613958553,0.0014983662786875154,8.834852385717886,0.08008586000621488,1.0795469229804833,0.23558073421717435,0.4809348541544676,0.0738583329271053,1.254421510114724,0.4565884858931824,0.0,0.2547733537913198,0.9864713437425566,0.6042272565519659,212.61273880474317,0.22076849355528305,0.0,0.878347603981344,0.03544695353762984
17.896951950791177,-0.22872598240850892,0.03663329336500437,0.026903172358188968,0.9296813094291076,0.02135593124442706,0.002852537879075923,0.2716215743889691,0.015165228037539636,0.0,216.64005639925807,305.1077561736495,48.442728161114744,6.156585377250098,159.48162127448978,19.82789471150968,42.51103665116822,-2922.333664723824,0.32475211906682705,0.7309583747344611,-0.8702939222685674,-0.49253272872205434,-0.8702939222685674,-0.49253272872205434,-0.0411152340228221,0.01997645085757744,-4.093497917062592,0.004119203115524253,7.936238740685114,0.24698220007978589,0.5684522056119568,0.04331528447618817,0.06713242892588958,0.03297653940774542,0.9474682882295484,0.41005499251683164,0.0,-0.017806737824954306,1.0,0.23642656194260936,289.23696501018577,0.016761847017313387,0.11355486647182422,1.0832002819962903,0.22568364959178994
17.665461810541366,-0.020932909290164753,-0.028828545812731882,0.3301806949148673,-2.7091372489436107,0.030654228291267592,0.0070233614251593544,0.1687321487592735,0.04279450708868437,0.0,206.2709905105339,254.44701165533576,42.984013574358585,8.731422575661627,88.77987691427292,49.45755623362608,94.2384862777446,-1320.7703401024305,0.5932816554408538,0.7603157862150277,0.8837203473619977,0.4680153284438345,0.8837203473619977,0.4680153284438345,-0.035988033247532705,0.07412817945404096,-0.36978950964893204,0.007220809136167675,-5.94649269977051,0.10029302332472344,0.8837230587350178,0.3884408528379123,0.2536887047086748,0.08241132772759485,1.0058074018904581,0.3909758980853392,1.0,-1.463058900998459,0.9582091023085372,0.40774806380565926,270.9473338551323,0.03913010429337711,0.1315967309486941,0.9882537032469574,0.6531368990409475
13.438946016880648,0.2705445661016531,0.04049823189246768,0.05678567907751724,2.1012401227027064,0.01445334853767496,0.020845709645197635,0.09743345925182456,0.02703983627566991,0.0,269.1800664848266,312.64898207341577,69.33455946088768,33.5955612722551,215.85336520791935,80.76359633356716,274.7702121084688,-7967.203991943269,0.6404723460651656,0.8744933040184423,0.7350336741329413,0.6780306024735382,0.7350336741329413,0.6780306024735382,-0.056429207580857545,0.06412294543700355,3.6358338190005144,0.002634584785941492,10.901316753332376,0.6384837994751645,1.805134129750723,0.04212090296724669,0.5625129742170786,0.02720270477926194,1.1690805911443152,0.5670717404420741,1.0,-0.3434548666241661,0.9668657989023719,0.13759673605156947,320.4541269154735,0.07321457752890104,0.15716480324383425,1.3013050001522275,0.09180776601033276
12.506374090011452,0.37881995937519647,0.2234386246197682,0.008149128060668295,0.14717637661663785,0.01337044187196191,0.009761323878993502,0.06647283208757762,0.1522560517950968,1.0,202.21984061204753,267.4498179777753,119.05349256484303,36.164673469038064,228.55829860340947,193.5183203537569,69.52688245096182,-1628.7145172385935,1.1588312905217792,0.7915725888150836,-0.7262249146041543,0.6874571793269664,-0.7262249146041543,0.6874571793269664,-0.07410197397180925,-0.18071696609803237,4.7376641247091476,0.01012089096529299,45.18372305718465,0.8648425016732458,2.3787143468131524,0.05987059737202027,1.2406089435937069,0.10839948722514477,1.0688910144081052,0.5896305931610963,0.0,0.05459738289305721,0.9404739216326811,0.12497929331365068,273.5322047358339,0.04377746448564977,0.17495191628566684,0.9509124326617403,0.01180666289641128
17.358341960033762,-0.16318148077367622,-0.027039694209544204,0.511776550775581,2.5584965532707242,0.05460329964799257,0.00047312123178467545,0.6930053729307804,0.032654097816983745,0.0,196.48582058117347,250.07957524335632,39.697842072562736,23.722370701868524,53.280719917460004,277.37666367877694,63.804899500849125,-1254.829821501069,2.0328764567156736,0.4318525902534398,0.986146248341595,-0.16587819893463143,0.986146248341595,-0.16587819893463143,0.015350181181274743,-0.06841019682010033,-2.8325599448141467,0.022629465235377,-5.312916505026298,0.13447319073334624,0.623161248425488,0.5179227816659471,0.06971027002885181,0.15340462849170058,0.7434344932857007,0.6039084616740232,0.0,0.1327602589982333,0.9816293555448914,0.5768344359069639,219.04028537256383,0.0906668696588132,0.3730223702284229,0.9643812471540324,0.3372741411071105
16.101998270133198,-0.7974983656411844,0.04194648928532483,0.07329753534491718,2.374986749701228,0.02363964224417002,5.351726362785657e-05,0.1778150617581119,0.00027785126639617483,0.0,173.03284698768564,244.62288355585628,44.524484869485796,26.94715058013431,122.44071880446279,127.47890352160334,40.89841472719253,-5718.145163579252,0.9410090280263699,0.11863640152544963,-0.9945667569706337,0.1041007489354256,-0.9945667569706337,0.1041007489354256,0.010145166553660497,0.10743882919632629,-12.841317303988403,4.9406140093805433e-05,7.258120462178207,0.5328781954913583,0.1747575333028594,0.09867920657025174,0.368999445622331,0.10760324662797692,1.2184613958491057,0.2700122740893462,0.0,-0.024826173982809674,1.0,0.3652162567734831,166.98040152163793,0.20725444644906676,0.18463348136293034,0.8651642349384282,0.05980600434544441
16.96047961742727,0.3124433309646862,0.12577789508694429,0.002430061666865334,1.9635442228754725,0.012524281229699369,0.010863220661274216,0.2010508109910028,0.03657699129297626,0.0,191.4237084127723,243.89402271006807,50.34292458696194,137.7729322191761,53.94937415572209,450.83356699714955,91.22180899161752,-1263.3180856823205,0.10509971977951814,0.37336477998095274,0.7690308592589181,0.6392116531380588,0.7690308592589181,0.6392116531380588,0.0641380926417676,-0.04228751905561969,5.299188746427643,0.007353833763063725,24.07687111389549,0.600834186158375,2.030134192256998,0.022611520306760547,0.0780332704810325,0.21940021119238656,0.7570775990962038,0.5635103721599134,1.0,0.2362963787850504,1.0,0.6526133913178417,206.99272190922312,0.23423175575073577,0.1905984790013688,0.9571185420638615,0.17871146543822486
20.175182803686848,0.09543588851132762,0.11402532809442803,0.3587271798846084,0.09989571128332075,0.010509305442835409,0.001038972704156741,0.04005100916103457,0.045137017790588485,0.0,183.38395690807457,229.65760878850907,57.48491371332658,53.85992531851752,0.15832240656483948,34.73020721735909,26.287350974439498,-1973.205161961212,4.043075087888752,0.9340847143797223,0.9798567700958665,-0.1997015525660636,0.9798567700958665,-0.1997015525660636,0.05207045038634648,-0.05746107646802201,1.9254364967483122,0.00180778311303264,20.910415853697653,0.28447929707026964,1.2550161236467092,0.4207636961500847,0.005762280469075376,0.011542930707924864,1.2289460701589958,0.27340165164843083,0.0,-1.3736539845113116,1.0,1.0,219.10685720086727,0.48620225492085667,0.07950570526655273,0.9169197845403728,0.16009696506171886
14.137054122877014,0.16414824255834642,0.001171641771936525,0.2237789029260141,-1.560048047689016,0.009367471468138707,0.007364011972982182,0.04841282071599267,0.02203989502670997,0.0,199.3911811487379,222.63530782731956,56.10852895234686,32.95078922008533,448.8719055973338,305.06740468759943,63.00118718552977,-7981.456520280024,0.36550326430584446,0.9490904912313797,0.9762766110869321,-0.21652708524481437,0.9762766110869321,-0.21652708524481437,0.1198558357265904,0.3806935217251113,2.3205725892224875,0.0010670134865274083,0.23361503678962392,0.48489766441150634,1.4670697049538863,0.2598495216039788,0.12377288529825009,0.017710656989033523,1.348137903401398,0.5575265428859407,0.0,0.2626133858598351,0.9973160947381491,0.0,229.74572131286033,0.06416862731787684,0.04308135664185933,0.9942801705424307,0.18825971383739998
18.219685096628698,-0.42715984126016876,-0.2383388702957362,0.2834376220630462,0.037545198377422206,0.01695350292925855,0.02407167367364546,0.14498001277251693,0.13489201915900026,1.0,192.0113354024357,217.71531499525958,31.86713098613285,15.964677869811888,72.55291358684869,92.0519481817177,45.71542056138561,-2528.570039876601,0.9016776708519998,0.7678708655237956,0.9798567700958665,-0.1997015525660636,0.9798567700958665,-0.1997015525660636,-0.0036936383770547923,-0.19019782377322492,-7.782717793686177,0.019556646660582457,-45.76376476379222,0.31915651663570554,0.3933129006362784,0.26129034804755386,0.6777389304999579,0.22947185430019187,1.043369869270736,0.24026781231025618,0.0,0.27784407353124835,1.0,0.549366065463947,251.76592780436192,0.040016836361178705,0.13912291058802118,0.9600566770121784,0.3965150190269573
20.08712381502464,-0.03715267246110354,0.05167028186484662,0.61607734863831,-2.508176085789118,0.016947708654626074,0.008152498518607157,0.29786159922919075,0.0907181676576299,0.0,144.5330380779982,166.99755772159168,30.00878959074076,8.718004844184284,52.317130583728435,201.36988168124935,152.89373264072225,-5013.732947150898,4.542941550972036,0.2044305830713875,-0.8945422369764496,-0.4469834295196741,-0.8945422369764496,-0.4469834295196741,-0.013026478189810354,0.21608369361779653,-0.7462903317852431,0.02702145849764349,7.468062816272777,1.1350724633052829,0.9429839477206052,0.5840139964383176,0.08445438590482986,0.002431149419634029,1.0600054266688175,0.3459939887736059,0.0,0.2451143045430273,1.0,0.49151010892157615,148.9830328715781,0.030715826988506622,0.16724529766758717,0.7226651903899911,0.06844850303708763
16.51308502711308,0.3499458996336293,-0.2219474258623053,0.06074262640672123,0.9980597861902982,0.03159714429218958,0.013067459459244488,0.1269861770188839,0.02495840080220876,0.0,207.2955830434443,262.9856705377079,49.86054116215162,8.492549625057428,7.273864689597824,18.871738453560976,71.77051804282131,-1236.852835520313,3.9974199787641087,0.19444985846416063,-0.5120551783114646,0.8589525565270845,-0.5120551783114646,0.8589525565270845,-0.06501131725666796,-0.23093613270098612,5.7786863955397,0.0031693719023775354,-46.00872104911821,0.16573970205310973,2.2212472473458225,0.058254919026979594,0.06812758130897861,0.0192734774795359,1.1164499569907487,0.5357144178466262,0.0,0.09309494741058837,0.9711169592816659,0.9520384461899525,231.73235275126274,0.07311601784614208,0.12823690927176445,1.0065412813883485,0.31199843510717173
13.379801842414782,0.6414107450222946,0.14699372309412312,0.08493592558040737,-2.299788958233314,0.004782818260462428,0.004829702468965302,0.0,0.0172602966119848,0.0,185.651295408942,215.2175532109301,33.201306192573455,51.36790357687976,23.867678902997053,121.65470221267041,31.588692787569734,-1847.8549846381231,1.2743503666313547,0.8797715108807204,-0.5267547528105542,0.8500173118187018,-0.5267547528105542,0.8500173118187018,0.03482890837381628,0.1309562171542829,8.581948667993935,0.0,27.28957510940727,0.08133056349674966,4.388559448617851,0.04693085352644501,0.23585873413219938,0.13562525984944393,1.2840711164398686,0.484061708211113,0.0,-0.44385645900250703,1.0,0.824648180044291,240.3947782291993,0.08343746901662727,0.0,0.9282564770447099,0.02782377690771219
18.54871747306113,-0.5098011423866178,0.016947387119326057,0.41245508184115476,0.07020179382221192,0.0323385539128688,0.00498159351263752,0.12865502255970632,0.01614933691178899,0.0,182.26164820400584,251.09530869279658,38.38936267596452,4.218216494009573,25.80200741054583,159.46891878914803,93.48683280492142,-5492.563998540502,1.8299855771065687,0.14191592301112477,-0.9987235240803972,-0.050510617185222886,-0.9987235240803972,-0.050510617185222886,0.005926712072316941,0.14163051162479465,-9.456157357573183,0.00207769330471051,3.0888587091197057,0.5970915452520836,0.3209714825524026,0.3598454717748374,0.1999102015854457,0.08428750271203034,1.2070446246832105,0.2976944776417163,0.0,-0.16827768622433492,0.9987808323853024,0.7311621313655268,200.99221944139072,0.3072760985642273,0.039178357619498186,0.9101972035255704,0.0894920906291393
15.24773402293447,-0.11095209013552892,0.0999674019871989,0.13587659944105693,-2.799900632529424,0.022774004581741294,0.0003503142178362729,0.1189898338412679,0.011336970930381616,0.0,185.01377435820132,235.46747283104062,47.816514787730135,46.71631807194205,98.46310880405314,227.41753307242573,62.84931483735126,-1406.136227979452,2.783584956124282,0.5841374773324892,0.9559793438440766,0.2934339689665273,0.9559793438440766,0.2934339689665273,0.03256331525053417,-0.10207303101140915,-1.6917679596751964,0.0013489842872693929,18.495346354435224,0.35638373730196354,0.6531027230062159,0.029473975976154837,0.10408939539439037,0.011414509386976662,0.6573415436915644,0.38487558422983603,1.0,-1.8266625732544148,1.0,0.42226629292041895,176.51608207766822,0.0780333854204141,0.08208837263085329,0.9250688717910066,0.13888819377272438
11.948732377045946,0.15173747429359946,-0.09021111381810512,0.08825172126503536,-1.2597001753793693,0.00840252942628315,0.0016028441526186072,0.002865289143620775,0.11721454948523882,1.0,197.48630685335297,243.82350306682793,33.12630543089626,95.0943252404691,169.75410198383653,500.0,38.688222740306074,-1459.3695121838539,0.5341417399846834,0.3782516822790678,-0.2426868445825954,0.9701046827361175,-0.2426868445825954,0.9701046827361175,-0.056956210961919995,-0.24349537057242127,1.8130704719031088,0.0003358535761144549,-17.81545970506506,0.6687752301263672,1.4505262652672652,0.010788583373599836,0.004264940006961936,0.007302209609983887,0.8631472374950933,0.5457232203358925,0.0,0.7482449048119302,1.0,0.18181399890697297,202.5609602045209,0.021404905871828445,0.0,0.9874315342667649,0.0033260022145470964
16.615088034710027,-0.06693809178327176,-0.15525074733000543,0.5025687722942899,-1.6833881130259125,0.005823552011926404,0.00045827411765896595,0.0,0.022295103738999955,0.0,201.7840099474416,239.12618381937654,63.799371358722624,20.552864170407112,6.047408685432194,397.51689126533364,10.797584046285639,-1410.1494588246671,1.8311222834283947,0.3020110079611765,-0.2614143985111562,-0.965226663665613,-0.2614143985111562,-0.965226663665613,0.017580209451334983,-0.39408664076068356,-1.1121822878545602,0.0,-31.32711834358556,0.08916549409514665,0.8646571335831685,0.601839090349866,0.11796593498055707,0.02266351258272238,0.8482198710461348,0.34667024659073487,0.0,-0.5952413397148701,1.0,0.9140331551195501,231.45360272588104,0.046047666470224194,0.0,1.008920049737208,0.30706357788438954
19.868701052561665,-0.2055703686828514,0.02607543841411672,0.12963775849324216,0.754180425564067,0.02256392463714962,0.0037884154386821915,0.1522244717100293,0.005328533873307266,0.0,194.21836985066307,253.55225107471617,47.08744124824228,316.59962799180477,81.11379449000536,94.53726605557583,103.33069361255522,-8000.0,0.5064107749990882,0.6773820256769805,-0.2944616217868012,-0.9556633054034704,-0.2944616217868012,-0.9556633054034704,0.01025998089769709,-0.12302270178506713,-4.084416200624459,0.0008111332538531948,5.0643291419311085,0.3621353169192416,0.6511186514753204,0.0968127460117533,0.20403015848257464,0.03221304248901373,0.8616382268560467,0.4137489582753187,0.0,-0.28096451071792283,1.0,0.49251329715668773,208.18976580588065,0.001908041668301482,0.038950007353545826,0.9710918492533154,0.16444448292117778
16.641296802777568,0.31257753771874386,-0.003360343995614198,0.12500386469888405,1.8019340552741703,0.01448984729539097,0.011089516641761206,0.0,0.06462088637149364,0.0,212.8235481420602,250.75608084892403,31.287032913443902,20.262041840726376,7.650636068131183,61.16144669064198,219.7777479749555,-3428.6312250495803,2.0294962242161336,0.9595690766519378,-0.9578523554276669,-0.28726097055059635,-0.9578523554276669,-0.28726097055059635,0.0069517519946843374,0.10524372959046475,5.201695579059017,0.0,-0.7151603321244812,0.013684826460528559,1.9895495100140823,0.22017687968994132,0.14721523175713894,0.18134306007420575,1.2563697508144847,0.4590210022038779,0.0,1.5240751694338086,0.9705045630435015,0.8720628006370039,281.55051849244455,0.20669919996626346,0.043729808795643615,1.0327311229748886,0.41316055990874906
16.19877537035334,0.04882788081837067,-0.04915408261571658,0.878055224963515,-2.7815475715627795,0.0033380084496087855,0.001372808513369739,0.0,0.004679809408356244,0.0,230.0659102707975,265.2852402097493,30.307750448476533,24.64893213263523,32.68713115714174,74.3631642216301,16.72559990790693,-1612.1771500251127,0.7531090603709435,0.7776337382402986,-0.9926289059345095,0.121193461470736,-0.9926289059345095,0.121193461470736,-0.0341632954095262,-0.2155256314199157,0.790951873187171,0.0,-11.308678760510817,0.2513569425064283,1.1032056580400391,0.898212955021294,0.03261657203013776,0.10407936314231044,1.0296269853897104,0.539313259255657,0.0,-0.24858520468164766,1.0,0.7646362109596537,255.92392282408719,0.03851193061623954,0.0,1.1503295513539875,0.317624806696583
15.598305614568336,-0.07865715063425349,0.008466128073276378,0.005020414620225285,2.20089730391303,0.011731902331070812,0.017978717396610774,0.23736106330172818,0.13850082944904396,1.0,218.897315925354,286.72256473443423,36.850059019833935,228.73009642813815,416.4779724330601,500.0,44.59949035026039,-4258.543564384661,0.48381314158794403,0.48616259310155396,-0.29240597695107734,0.9562942772197719,-0.29240597695107734,0.9562942772197719,0.05946623242766992,0.019389716184745606,-1.2269182743642235,0.03287470414619638,1.853212711520488,0.2656886427409684,0.779763112781069,0.0025325135384200374,0.03386870145491576,0.08160213592809126,0.7096654390537944,0.5229936028131462,0.0,-0.09930396200713827,1.0,0.0,251.15210161521998,0.0019244716746314996,0.19716962346799244,1.09448657962677,0.1231082700527413
21.373509951029643,0.09120877449594998,0.276743589203226,0.9011901482145674,2.2667702802438177,0.024429847185257897,0.00739647912463218,0.28465727888068926,0.0025417910479146382,0.0,198.04328531421993,253.36260272584528,37.926459034090314,23.369302971231505,79.87591943490587,35.445094585111626,92.31421234125362,-2190.4781770039112,2.6266220484082092,0.4407115082022164,-0.4990686026885319,-0.8665624788845385,-0.4990686026885319,-0.8665624788845385,0.10251537894890057,-0.2952859595821691,1.9494516493104057,0.0007235393231826765,54.80720959545576,0.3146305741740379,1.2709278239836987,0.8261598923735057,0.022599372202863666,0.004417128131374167,0.6584454235183645,0.2801531364307812,0.0,0.2043458146331931,1.0,0.46417206240783243,256.42707968098654,0.03615917415615471,0.20933325032746605,0.9902164265710997,0.013306767262523191
19.288991624514555,-0.2528695498545362,0.08345255473690577,0.1210479135795352,-0.99105263492133,0.02391451859434318,0.009056930025135572,0.2578919531606846,0.02572843431020093,0.0,222.6334152965402,269.1094738728161,47.88352836020286,27.31444376974978,56.17591814719236,500.0,14.984167706144206,-1219.3620864090067,0.26750178811459974,0.9076641883223868,-0.6400381082043503,-0.7683431655492202,-0.6400381082043503,-0.7683431655492202,-0.055517201314880776,-0.0467776384207928,-4.877598629238914,0.006635156176024088,18.579327276298795,0.5891529896302087,0.4883821419518031,0.12128135835833764,0.04176068552953551,0.04746914190654126,1.2482046231965223,0.5165805093982511,0.0,-0.5420415762639746,0.989250727501586,0.5723972846056066,298.7483310597452,0.11856276615477049,0.2029527790491877,1.1012013402413254,0.5335414988457537
21.559378207152182,0.45596793287338544,0.10494986058633189,0.9814696765578033,0.9990520110865413,0.016705249357167967,0.016999084372112085,0.06677463794376821,0.03129882513246047,0.0,188.26679545423912,247.88829022524487,33.35592701129862,73.24329105480368,175.54403605654284,202.89818797248003,10.019382795099938,-5967.368289804621,1.6014170857776326,0.578107098473754,-0.9998699583618592,-0.016126573270657762,-0.9998699583618592,-0.016126573270657762,0.0360221989796479,-0.22940878083974617,9.830385115150696,0.002089967716285361,19.75857393595786,0.0030206575898567407,2.8109468153332213,1.0760788649062147,0.11473143769727567,0.11100958571712138,0.7698279884369573,0.4573195992851266,0.0,-1.624297082943621,0.982479232192344,0.14584632917984935,183.903487763125,0.06704498354587281,0.085341445377979,0.9248410832259697,0.004329357662341009
17.342356970072395,-0.4220104093404473,0.08439368915533557,0.04155627415871766,-0.61190036831165,0.02348310033951257,0.006784748938913128,0.08122250749065327,0.04525867721294621,0.0,196.4954429536234,246.6294210502839,45.79556633993799,86.33429699391836,97.44224755827851,68.09139572126796,3.4238599007829604,-4756.185579501103,0.020069686377569194,0.49663902306619523,0.9989315138848577,-0.046215046983708354,0.9989315138848577,-0.046215046983708354,-0.14389250756701946,-0.01559610037888542,-7.318655163868411,0.003676023248945582,16.582975333068067,2.125295416005851,0.4051492205791224,0.1194381113595546,0.0347723663486175,0.16367571643532397,0.6747696809899677,0.41032765845860025,0.0,0.3743655884409959,1.0,0.3968914976672107,242.73906248758112,0.14189085933196305,0.009337919087944804,0.982477214768117,0.22825371674160183
18.45853685818509,-0.37723786512929813,0.1479462143852193,0.257389058934953,-2.1727827681148417,0.018607212455564057,0.009123933815492528,0.0721565170022125,0.004502463999238015,0.0,210.02599268007646,265.7711899368517,44.87794724754289,63.24235018275868,23.3703640100727,325.4701116689889,1.491260373136016,-4558.207614566371,0.9284418778334833,0.6828358695314231,0.9312100364121947,-0.3644830148102912,0.9312100364121947,-0.3644830148102912,0.033430497474122925,-0.10021589392150641,-6.963259037792206,0.00032488212011286754,31.07255053951509,0.40698735644601197,0.3880604163566323,0.271100991569832,0.46295612304470096,0.09570417740818987,0.8354144237344806,0.29952344619227567,0.0,0.1284494844467581,1.0,0.7876178720910088,289.4947416154382,0.08480851760833613,0.052916754321108525,1.0501299634003822,0.2729539960483234
20.565572862482725,0.04665291071807179,-0.01900716729007449,0.40257362343410824,0.1800912871839664,0.016628070789551183,0.007621000806872629,0.16195972520591034,0.07481190514926454,0.0,202.96377421820526,240.71105568257343,42.680142526769565,39.602440281120195,66.31088349723944,57.185334844246945,6.925608312151908,-1552.4843397705677,2.986670792632943,0.23715381712952643,-0.7157953492826642,-0.6983101158835584,-0.7157953492826642,-0.6983101158835584,-0.09350773082708774,-0.23807322724752,0.9594438346194066,0.012116515600105515,-3.8577664103903353,1.325257671044883,1.0669848094256118,0.34514020513885746,0.07023813338269168,0.05626015234546588,1.020009047236547,0.49411139687868905,0.0,0.8501270060279926,0.9589852848837366,0.5679818054131061,273.34418455989885,0.06425491809125329,0.15186710712649584,0.9731963641986197,0.039854028117476716
18.087821910570977,-0.005292901372966785,-0.20547613076752938,0.4175881065650284,-2.5989788156285494,0.006310958888017851,0.0006826718552350808,0.14992726685284535,0.02084517436056746,0.0,192.6244503068355,273.68042944049483,83.06351096766994,10.717257390366102,68.47310397760191,194.48552113064795,31.870461115458724,-4173.823310691723,2.4397334382187954,0.06373548757487968,0.4012289854475009,0.9159777842484877,0.4012289854475009,0.9159777842484877,-0.026248367394962904,-0.13177469557778812,-0.09573705742443982,0.0031252600189508872,-39.5797267402708,0.19730296134717448,1.0332225807132993,0.3697298393025708,0.036716460304562513,0.2401420231885351,1.2661140647721518,0.7043409601561652,1.0,1.0718233258727436,1.0,0.5322333774705283,205.80906903395413,0.11958609738241853,0.12283680415482649,0.9631222515341775,0.3309588791143197
17.242213627298288,-0.5729185793750475,-0.01885861330060098,0.028777792846729704,2.3780106859606605,0.025209965307300703,0.0020574449211609525,0.3423363947865391,0.0600811036153205,0.0,172.351453807275,213.65715429213162,45.742371516865305,6.117921396191492,69.28845134782776,85.54060780912849,132.89803447774023,-2162.3066117921126,1.1034158925431528,0.855111440485344,0.9039461929224011,-0.42764620926777464,0.9039461929224011,-0.42764620926777464,-0.06565123308771252,-0.18683137244839865,-9.87838453663282,0.02056794840646532,-3.2503094191477917,0.10657654388086904,0.31473634636119213,0.0,0.4492476227519708,0.004585982139862158,1.1661812211488558,0.3767787692222462,0.0,-0.9398631105313425,1.0,0.5227660624345608,189.27696531003255,0.2298447929713357,0.19909991805074195,0.861757269036375,0.42743371991340773
18.13331057935743,-0.3419111343685659,0.08117357099965018,0.027221142820353983,2.665891182309214,0.014006250504036907,0.015792938157222946,0.20312374128870236,0.02549539368157416,0.0,165.84748052226695,239.1877254265166,30.035653416473448,1.3234995393572897,32.659725681573704,111.2034255592052,135.06693948091976,-3012.702581911213,0.6490694226401735,0.6072617006994568,-0.9823516608469237,-0.18704334906991657,-0.9823516608469237,-0.18704334906991657,-0.010780574747469802,-0.2627849400474826,-6.1999807900456165,0.0051787197502296866,13.462432235287338,0.1071972287871943,0.491184729268287,0.091128889188489,0.09484956919029754,0.10402689214208172,0.7299399093135489,0.3527285580800794,0.0,0.04074924579522629,0.9962897904751973,0.7359672732558945,204.75488700635708,0.015489687238230217,0.24059836398023693,0.8261607581018435,0.047002369866850434
14.300283985100151,-0.6337825168073762,-0.09698003951150737,0.2901194751175145,2.020754937065986,0.02937522516262961,0.034466484619046535,0.21999656521950167,0.03960608886369488,0.0,211.13332324634618,258.30029050677905,48.69954561918156,45.30196533894003,86.53486634226317,212.35780733944378,66.2250874565949,-7447.495345150016,0.3831999727319034,0.16487710122506882,-0.14144406768794202,0.9899462489023779,-0.14144406768794202,0.9899462489023779,0.04193968491839143,0.21654916505788352,-9.06326997513699,0.008713203511791228,-20.47571803062651,0.7177441172617527,0.27482550897852664,0.37170549692295246,0.11512626698248105,0.09022172061837014,1.1684873150181967,0.3317164990113395,0.0,-0.38395517294023457,0.9765884444134442,0.3972964501143664,253.49731030583737,0.061348039107200165,0.3687908116859522,1.0309518185649504,0.039140338182302725
18.671831098132394,0.18412690948609958,-0.017636595048933036,0.028723018340063827,0.3928757696195153,0.022680386407937757,0.0017635047773441462,0.2292588473197764,0.10859885920664664,1.0,216.74017170123577,278.8466284360602,32.29576483782047,75.71485317917103,45.315141112747355,160.23175633958505,159.7399775486283,-6174.480215624394,0.24305490746720074,0.2980479265007472,-0.12652781683868314,-0.9919630595773397,-0.12652781683868314,-0.9919630595773397,-0.09286566318635114,-0.07203497289018496,3.437986554545563,0.024897249281958495,-3.8225586391309108,0.08931319588066634,1.5164335447056467,0.0385176600884431,0.04324765166316884,0.07604679588488222,0.9286591730927939,0.3307160406991129,0.0,-0.08725234942948125,1.0,0.6205317086149178,232.37809573572048,0.02974151028428194,0.09928555114013253,1.083700858506179,0.41246354268070134
19.14698049327459,-0.5314308038015121,-0.06917697430023131,0.48327923173818627,0.3619026214737029,0.0007305891626900934,0.005234016129431131,0.0,3.9095242931345976e-05,0.0,190.18221282265648,251.19556530804851,38.38966148608743,43.194387584507986,200.2762152762982,3.1082714653985746,70.15578683126678,-2904.1820388159394,0.0918202931438371,0.9899335125895308,0.5891760872322963,-0.8080046647350754,0.5891760872322963,-0.8080046647350754,-0.017973984475781943,-0.44044508981473307,-10.175295233912788,0.0,-13.15623004879403,0.7358563690456619,0.2839205839057506,0.4681252099620286,0.15777279412880008,0.049217873729980904,1.2674307210959634,0.515181708046219,0.0,0.4992969750286346,1.0,0.14737277431557788,267.5247150717822,0.28274689354256327,0.10049824334648016,0.9509110641132824,0.42305944846585386
19.156198926439362,0.06190961443904994,0.15020292518431305,0.563563575513982,3.0448779484098063,0.011790240819760316,0.0030055093440618497,0.09778343184812813,0.004095624616081139,0.0,224.32856978567503,291.5313461129257,40.045460853655676,4.749927371607479,25.193906180914052,73.84840562273816,7.671571808896875,-2431.153579353736,0.5366465782401669,0.6344236324636553,0.36348161248290634,-0.9316013725767187,0.36348161248290634,-0.9316013725767187,-0.02566843844080284,-0.12465616151893713,1.1859528896536033,0.000400484230522086,33.6948073842217,0.017171588283234635,1.120809161667475,0.6409991003470311,0.2871135620328561,0.06380324612209702,0.7729751927047126,0.4905747529255185,0.0,-1.4614973975737784,0.9202962463014586,0.7686241290449465,250.2323136407626,0.06262503830922525,0.050891786604786125,1.0322437035596577,0.41551352760825166
20.1692064321599,0.2052546182764217,0.07494570154065637,0.0458939215272121,-1.5839803984175138,0.009003882770415663,0.010410077858227047,0.29375161740013794,0.09745417425352886,0.0,202.33090677122203,239.72155116375987,39.59110970890245,11.636089715609675,89.28623417047535,101.54926595476168,50.96832504978386,-3744.790478272265,0.24609048443766013,0.6361121409671224,-0.9231578729647039,-0.38442104726885545,-0.9231578729647039,-0.38442104726885545,0.07905243419359373,0.1829423427636529,4.13982276717133,0.028627321309368983,15.163831751326375,0.5821372934905485,1.6125720757718445,0.0,0.07612997972479423,0.051102169813796394,0.8072785161941676,0.3758984021116786,0.0,1.2901808015325928,1.0,0.46505463783398215,248.3895157207774,0.13266297832050153,0.2499186328542074,1.0116545338561103,0.024068266540915456
15.82245420875605,-0.20489505226242047,0.0651540620643959,0.4397677222896808,-2.6643949968298943,0.00643720775591429,0.007874047177723137,0.0,0.1650357847919307,1.0,242.11857396940917,308.2531049885921,34.88079764709112,21.620004577972086,85.15029596290965,30.997445935332006,73.13625018735722,-5128.499695259123,1.9957898103415264,0.07216366320872203,-0.2779791393987801,-0.9605871111248129,-0.2779791393987801,-0.9605871111248129,0.021588050392514258,-0.1522717266514753,-3.2419425820228254,0.0,15.775008595345916,0.052141057432780684,0.5974906635358368,0.4423588886696991,0.03303373353283043,0.03819135640642675,1.2407374338014352,0.3176339131477616,0.0,-0.1611362876515059,1.0,0.4314455365377213,197.56863263455796,0.05134626867406421,0.0747988593222538,1.2105928698470458,0.17963011195611964
15.676285559990403,-0.0859243620941206,0.06216013131209713,0.014968004263796958,0.3891863010840533,0.016963109836306677,0.0004095481222439712,0.1461634167708407,0.10682139864859319,1.0,220.81446595203624,298.51106371570785,58.37799880100791,5.7826275252855845,37.3030975921301,159.93358261883296,57.63160104878461,-4153.457225915034,0.0027287372643198353,0.9689917342439318,0.1542040475626894,0.988039023376751,0.1542040475626894,0.988039023376751,-0.058860855663671136,0.2995487756267258,-1.3469748367474494,0.015613380610718444,13.725856199189174,0.5697207589870661,0.7988411211277505,0.03811630424110348,0.049090381731706434,0.05612288487163755,1.2996839987033892,0.4386395836007645,1.0,0.23691350817825071,0.8823775700016114,0.7074422315255434,265.99797600800525,0.027549585999197032,0.0,0.9742086594398066,0.36700193581183005
16.0767944265623,-0.15498080415043086,-0.0037249252552126948,0.9418516390356487,-1.0757718162170953,0.0056863620720129,0.03439760556303647,0.1780385114397447,0.11744327581785574,1.0,189.4832071330885,235.60281244446065,47.420539185409886,26.05861175513691,16.648745541696325,84.61830262263886,95.37994112299214,-2219.7228908727784,2.489344179310234,0.8927828895587206,-0.24477230089725957,-0.9695805901076308,-0.24477230089725957,-0.9695805901076308,-0.023564718951519986,-0.17133241099231783,-2.4915945283897907,0.0209094260052184,-0.7058107836887396,0.042513756613526396,0.7298679514552074,0.8987116086768288,1.138615222599088,0.18204632512188698,1.2785035488426186,0.5199524187112841,0.0,-1.8104693690718443,1.0,0.7764992408375048,240.1110037435911,0.02618108404737953,0.21269592678871518,0.9474160356654425,0.8973474619669761
21.613977739969773,-0.07354670549433748,0.019755628252750353,0.22124076199509787,-1.1162784123479907,0.0033292622440377123,0.025767727238532857,0.0,0.019096995469810443,0.0,188.37555998562524,238.89615099275707,41.46997835818029,58.68334611297491,7.2480673439737275,194.83948483569995,30.54658141916097,-1208.1248863464346,0.3673661777585476,0.5477824422632205,0.5751899607119775,-0.8180198708443174,0.5751899607119775,-0.8180198708443174,0.07780521191927658,0.10068161116329102,-1.589636855402723,0.0,3.721477534979687,0.05208631170369321,0.9034424095241935,0.1894450509255325,0.0937531933624172,0.049315036769227855,0.711624411017586,0.32386900330215224,0.0,0.0882078206627081,1.0,0.9772452354086968,212.06507266758481,0.10888349429939229,0.06777424037714638,0.9418777999281263,0.0178618981671393
18.83373187539983,-0.011464080544149297,-0.11851845805323176,0.3951042888330197,-3.097074060373012,0.0033945170981329906,0.012645217783446858,0.0,0.17920620807893953,1.0,184.7490440686089,226.89734443140657,71.77663004371561,103.79677422003412,81.52840086447048,0.9066988074262495,126.49952649811156,-2591.368132014909,2.9048174032745657,0.3093889164508735,-0.9527692922168511,-0.30369503751065885,-0.9527692922168511,-0.30369503751065885,0.03571826583870121,0.20732771691820237,-0.21591141916649564,0.0,-21.89617182982009,0.7376859737742774,0.9938613476438628,0.3594174098736395,0.686976623231145,0.08993627134162936,0.8542259319016019,0.5596213221050947,0.0,-0.0741033818738369,1.0,0.4134549521323326,175.88448615101046,0.04321521299306616,0.0,0.9237452203430445,0.23077442377211602
15.756849204793449,-0.36036801054602674,-0.21864419787505676,0.3909841184309608,0.6046900440432115,0.003923908821208855,0.007760846617589393,0.0,0.044633296193488936,0.0,164.10048811876948,208.90394433599297,45.291974900433715,118.12843241471779,43.556363172358054,439.8639861437011,120.3376104698338,-1053.6982688528076,1.8275596321776812,0.6980552283860917,-0.7021479494046978,0.7120310787787131,-0.7021479494046978,0.7120310787787131,-0.045911673120271085,0.09003879446228663,-5.678264400405158,0.0,-35.879619595633635,0.8810060854112359,0.525861889313035,0.46182046123036513,0.06857430735482226,0.039304500647206954,0.9155786235996592,0.38678144322240565,0.0,-0.6921414298951151,1.0,0.5947672718557204,188.4727252706754,0.10202557404240112,0.08276998225772976,0.8205024405938474,0.1187876029096775
12.072979025748616,0.23075241047235906,0.015008113034502408,0.32134480286817674,-1.4826199748514255,0.016291064126139284,0.0033909821067587215,0.1405816690559944,0.009674319248057082,0.0,211.4527678327575,287.12410981674486,44.83668674540971,112.82211879453811,50.62574702894484,48.07978140334159,21.618430528390558,-1369.4395317193603,0.3093584177172886,0.8333743944718691,-0.22596360824801906,0.974135744004672,-0.22596360824801906,0.974135744004672,-0.01335352691915445,-0.2748987949282061,2.7858690117737264,0.0013600319468723974,3.1735070410924195,0.413878213708759,1.66591261266821,0.41706316672103116,1.2465640182435955,0.0024389598003902494,1.1447373821218454,0.39158852307014413,0.0,0.39438637039388014,0.9836216703990875,0.6850564624931409,270.91166550772493,0.1664326987734992,0.1906843378177941,1.0399476235308367,0.008445320376576014
17.421473090592624,0.18464143502897096,0.03239902562721444,0.26755589965848503,-1.9612425837574516,0.0545063239361048,0.0050557945931785295,0.3854675234004262,0.0062993913401815016,0.0,227.22250166946841,262.15898377751535,37.92687595449435,5.0682291826404375,40.086788919205,78.51385838315903,206.75719263757796,-4332.732790998506,1.5544562544768081,0.7861214098232535,-0.6400381082043503,-0.7683431655492202,-0.6400381082043503,-0.7683431655492202,-0.011755457420407399,-0.18849371538431292,3.216725791765624,0.0024282107788298553,7.361787654668882,0.32311400068642115,1.4379251452541815,0.27329552617031305,0.14562769600053024,0.02796098753489722,1.062999520108098,0.4309271725970478,0.0,-1.6909005122522875,0.9480046782662273,0.7046196110142192,279.0852919340548,0.07938427762594681,0.20512910943115312,1.0770399729500584,0.27645603368054295
18.412682928495745,-0.039940118606684796,0.12092645684253776,0.008552885387038205,-2.887551336320379,0.007732969705928932,0.0040059536373519625,0.13685830309309327,0.014578336120756048,0.0,205.52186324993218,241.3900809221706,46.624632677357816,142.52354038869512,11.060465730405749,83.64855687046644,47.68375693426055,-2875.247220110989,6.000383420852877,0.9770473720478788,0.753697664392914,-0.6572212950663319,0.753697664392914,-0.6572212950663319,-0.026899096357790277,0.23401419807731633,-0.7354047400314004,0.001995166343407421,24.85303072649087,0.3812273543778366,0.9478679923869398,0.0,0.2569595135649557,0.011264327599626155,1.3111453679449652,0.6188643699219682,0.0,1.2739796000531056,0.9100127834117302,0.9441474123181471,266.98199356336846,0.04549520459090693,0.1311667530016254,0.9351376141401788,0.9228547142824391
20.17484086918512,-0.6389959183977714,0.15713358160823676,0.6029197067793451,-0.852241349777441,0.03387997538750542,0.00510982338846697,0.4054284821263686,0.06186249429228679,0.0,227.37009227125304,301.5336063174687,37.441199119644,54.58637963315254,48.7570375802449,46.83753968494097,172.88273656193653,-2881.1102237425,0.802529710417937,0.6368553986669425,0.3312212278016865,-0.9435531242349544,0.3312212278016865,-0.9435531242349544,-0.0855106078160845,-0.16092229126639548,-12.891640969733839,0.025080817161472976,35.727476949177266,0.5585296605728025,0.19102534516383152,0.5729276530296803,0.02498177566389719,0.043803143435507896,0.8249743807309975,0.21532927858580056,0.0,-0.03739454070410724,1.0,0.636841464895838,285.4500295604723,0.12001324067907036,0.3024946238900564,1.136850461356265,0.044496813280916876
17.197634199505696,0.29615611755418036,0.15699984849989468,0.27675926813199003,2.3811316508570046,0.0038953510544636207,0.0007394826790890504,0.08979104304643098,0.1427903425809167,1.0,193.46520778577707,252.8334341741025,51.209337580092026,171.17923827530402,1.214837163526198,83.64714166783361,72.49200094901873,-2798.2281790421457,0.593071695693226,0.3212254315588653,0.8992961915530253,0.4373400963303323,0.8992961915530253,0.4373400963303323,-0.03388108576949842,0.19513530278044097,5.093184575642602,0.012821293797297718,30.374008312367643,0.19360728240078,1.963995824863426,0.2768465838045065,0.16474526958797528,0.008069468441580829,0.8712450388207217,0.42123412203851235,1.0,-0.15371172682042028,1.0,0.9832675821261893,205.2457372298957,0.0422477517233667,0.05900951992779872,0.9673260389288854,0.28641681097789284
15.649787354739448,-0.4691814659894102,-0.09980235932938779,0.08593025910267997,-1.026227581937698,0.008165763445547865,0.018737305868994053,0.0,0.02269831423765213,0.0,247.38631318307733,329.19186691871516,39.25259242663823,4.847663654244805,36.73714194400876,89.90886614613163,7.6434686342879035,-3102.762938693807,1.8428374676295218,0.4979276130685336,-0.3893781415452015,0.9210779895789526,-0.3893781415452015,0.9210779895789526,0.06945996529326873,-0.08605694436298877,-7.342590173519188,0.0,-24.689737721469946,0.17555487205518963,0.25099356740449874,0.05841917153084049,0.18266207083401076,0.09442141291482048,0.6982050228520995,0.4748811385650805,0.0,0.5012761313989097,1.0,0.6785721694525899,311.524013772838,0.21813858660180827,0.09242087609921827,1.2369315659153868,0.05489314166973793
14.520848847429559,0.25542735907981584,-0.035226503494976934,0.12686992825134022,1.125156445918221,0.033650447859902254,0.0085711852205424,0.3451555576777521,0.06033858340812431,0.0,198.30144022406813,241.54486065668033,42.319893094369746,8.039454125511533,58.243245140312006,0.41686123379427475,16.69243913070312,-3876.2839219166326,2.1583112151846477,0.8163171679506165,-0.8136678304455991,0.5813300798152042,-0.8136678304455991,0.5813300798152042,-0.01905722435305876,0.028287463843830227,3.70902207269612,0.020826197405716704,-6.985466377112096,1.148686249126851,1.7556814180949252,0.12201841613357918,1.1588523383363079,0.09442700946912057,1.1833251097026787,0.5099598082073359,0.0,0.5310798593302781,0.9637429320577928,0.5974936053375292,227.0790799273118,0.03719453326328196,0.20314930855448343,0.9555580571641328,0.1505261390543333
19.054593905983708,0.3137132759164066,0.04803342958813796,0.13473954737414934,1.6119321110484028,0.023476215510612956,0.005745418427436992,0.14481813114922082,0.029206481005209523,0.0,176.4221495176896,228.31636657625313,58.4890115962818,214.54944829048785,189.449085315659,66.51012664964026,283.33015054262853,-5265.808080720084,1.138978811892236,0.2653425872153774,-0.7931896839451843,0.6089746507720486,-0.7931896839451843,0.6089746507720486,-0.005162681523045953,-0.2772214554041903,5.977679075502946,0.00422962799661966,8.474160896645891,0.6208632947886481,1.984158549958135,0.1554011885243455,0.5983393410581181,0.04982981522244742,1.007141296100465,0.41793290956165574,0.0,0.5469316131269853,1.0,0.20702084075096677,229.02589345741654,0.13494825429448254,0.12801410182204404,0.882110747588448,0.035734380321478174
16.009363836500157,0.03485322003382754,0.2531904677742178,0.020024316732372677,-1.0800744700121983,0.0240255328819271,0.012076534295001757,0.20699566274211972,0.001331542694100362,0.0,186.59533483031618,226.68518067373913,30.940949744008186,52.65089265465728,11.00971442530103,5.880464441318197,60.44166748111552,-5599.545743302037,0.08996704012400114,0.23140825494399142,0.8806828564301475,-0.47370635037968,0.8806828564301475,-0.47370635037968,0.007026282342678704,-0.12165351494249965,0.5579778803951414,0.00027562356243473205,47.24416011017454,0.21338849604518986,1.0618454743261712,0.0,0.21986515985773017,0.002621319672963113,1.0599713495585243,0.5517073066415565,0.0,1.4752218305512874,0.9248659524021601,0.8923379269892007,221.8100176843334,0.1928361023028646,0.20761520534769767,0.8628783603082016,0.5426088119010473
16.14154733774795,0.01601808458278802,0.1480099203713916,0.06262334803567435,2.0209283404181004,0.029236895763127324,0.012237248819370043,0.507715750348361,0.010184007089847045,0.0,237.53848953864488,289.6880070683603,34.82694647770836,70.1684620793458,72.13964943834225,180.8511373392684,134.11818521711706,-2103.260079053778,0.02584068481439771,0.7248345803264707,0.8964562582905575,-0.44313223418263453,0.8964562582905575,-0.44313223418263453,0.1109070697356063,-0.1750612760879444,0.2585566705531235,0.005170580801174721,35.15805292175546,0.08501650205429681,1.0178440460458282,0.05314394490496947,0.5825616861791465,0.16991699700031376,0.9566978944129223,0.5536322860043362,0.0,-0.640432340618445,0.9565253220645095,0.5897001268138709,282.07136734123867,0.8958952855480733,0.33813436457298973,1.1360579010433471,0.45063252471573667
16.72913791226656,-0.32063495010864285,0.11193971619983803,0.006081707250865383,1.205615458365994,0.05563684005937697,0.0002888362055720121,0.5659379383533952,0.006840118334669943,0.0,171.26870642612792,194.65725596686337,49.22948543143066,84.81557801481031,34.86353167502366,161.7119957953467,74.28291334813305,-1730.7639904593864,4.109277241950741,0.4444274265154108,-0.7825970017677834,0.6225286602431057,-0.7825970017677834,0.6225286602431057,0.0004437385708480678,0.045119930111634704,-5.363946299860194,0.0038710824684163665,19.171770391254135,0.6074287009295714,0.48242885423916626,0.0,0.013036446912004916,0.12341925429698315,0.6879308896349403,0.4350438243355117,0.0,0.1286806085358661,1.0,0.6957844947557061,188.31728547338255,0.0899574236491469,0.305786303995401,0.8563435321306396,0.04030339371543863
19.514802637504236,0.06976802848172323,-0.03877879555492906,0.2684899434433514,0.37222990093839137,0.021457403656253288,0.0017126137693069905,0.09582137896381554,0.046601015496232495,0.0,186.99067367108267,247.2649920209078,33.020721108518984,6.3188889946996385,130.44292611673643,136.05298080627404,38.67690456612853,-6768.454074807936,1.227490543921575,0.8165703951897226,-0.2779791393987801,-0.9605871111248129,-0.2779791393987801,-0.9605871111248129,0.05469726767917557,0.0186395159431765,1.361509306228603,0.004465373565963135,-7.251273104969371,0.9542059977500755,1.2362563178076038,0.25261177170704446,1.0652138999167433,0.04486725295180685,1.1556767834147854,0.39922554551390704,0.0,-0.022338553300828817,1.0,0.2016269256718522,236.93269999223392,0.28775817234988443,0.053913613268044974,0.9349533683554134,0.38039787735051483
20.499826479791764,-0.3786607284979854,-0.08831996311551246,0.16101464277456418,-3.1353568180489777,0.0028905967503834364,0.006579225102664984,0.04693950157022575,0.0011985748049163159,0.0,205.51051962634642,260.36263087873147,45.03462343582932,14.157827930214042,21.42956446685863,105.36904227280004,229.33536052548087,-1589.138229563161,0.5383509519469662,0.1436835861589889,-0.9626519747161487,-0.2707418984477642,-0.9626519747161487,-0.2707418984477642,-0.02990900860255983,0.09252997924912687,-7.762479228920241,5.6260503937402434e-05,-18.150681513248717,0.6287022757928793,0.4520022171310277,0.13894224892375362,0.2664558326615978,0.2500727538861707,1.1901553046024533,0.34737042874186635,0.0,-1.5991234624109958,1.0,0.7210335950072357,226.3424847597792,0.054636907284819576,0.0,1.0275525981317322,0.05203412575062732
18.7164599903481,-0.027657010896088283,0.07889078833832396,0.9590427759034625,-2.921110868725927,0.030672881784894024,0.016889281525604396,0.17154922524260927,0.02432715156872853,0.0,228.41525756271068,277.5519376257219,56.73137752139765,0.3145178232211563,42.06321945037841,118.29979592534437,45.36398472698462,-8000.0,1.2702475560115238,0.3356964631494067,0.062318379354325076,-0.998056320853012,0.062318379354325076,-0.998056320853012,-0.01296996302512457,-0.09810450061853457,-0.5176413378892578,0.004173304003974906,18.01985973762356,0.6349608921372845,0.8571942680505742,0.9971526060503029,0.610900468503309,0.002607712408020086,0.8288439866951307,0.47431905489542664,0.0,0.7959987398195045,0.9879967967300798,0.5722428013061249,273.30968129532863,0.0020022695796021463,0.21510683968715646,1.1283677139811714,0.430938871713831
19.075492361119093,0.04595044510753782,-0.11006612642343601,0.08138052176135833,3.0842010594835223,0.027627384168189217,0.017654221077166188,0.15637280243039098,0.15963388825090497,1.0,210.29654761696895,254.44108274797398,34.312388120097076,212.6442900301178,99.89233402646639,338.15993182994197,103.04637159251287,-7115.621933936211,1.1637173759100712,0.2680999065901012,0.3474028211842774,-0.9377159910299093,0.3474028211842774,-0.9377159910299093,0.0006276361555142527,-0.18604601425891565,0.8765273646388598,0.024962398468653873,-23.146526396421436,0.40290899929162943,1.1420056528656943,0.0,0.22256721836373664,0.045072421929939085,0.9586617612422339,0.3256996606447927,0.0,-1.5242623920782903,0.9567125139105468,0.34758514582335054,200.39886808836633,0.0037955651892948904,0.10222625062028402,1.0059666936866969,0.1825380334653466
17.73888583073314,-0.2707151726501065,-0.023843635098030266,0.2572742425659168,1.7736422006105705,0.032110204368006164,0.0037026925425016795,0.21698973008518252,0.007007815852421813,0.0,197.43019588003594,234.00888606951446,33.18307364417984,27.40479990022939,32.8864548284358,35.24780102362177,15.247516743210598,-2186.809922488923,0.04540008537311037,0.6978681480662735,-0.7393922635959241,-0.673274892250183,-0.7393922635959241,-0.673274892250183,-0.03870664709246923,0.036545817108861546,-4.802185540287449,0.0015206240703036725,-4.707453547896216,0.013773127486866595,0.5417359040969497,0.33598823551598,0.8492269928667808,0.0394754752456877,0.8744960860236426,0.5421712122157952,0.0,1.7183973202993181,0.9541425561084286,0.7081395991747079,247.51312187260953,0.08969194944274277,0.15797760985939074,0.9418827587498262,0.2811879230767148
14.842737859566919,-0.2667594377111435,-0.011477794900192264,0.020720741789010674,2.749303604854415,0.006967951246705703,0.013985541066859343,0.025248567247488675,0.011384858714564745,0.0,206.6952403368047,267.61093401729613,49.18217218945912,2.3253645461820263,126.6257512480678,132.09662842835527,25.93585344217471,-4808.161346395542,0.1470941383803533,0.7593292133266495,-0.9223291176290545,0.3864052261209853,-0.9223291176290545,0.3864052261209853,-0.010185889030147883,-0.2059177806014069,-3.959440405511973,0.00028745137085784545,-2.372405575431791,0.030995659260321155,0.5361626163233911,0.02749721494916053,0.44980295011089516,0.0003134537269832519,1.0492949554972717,0.5800069932109123,0.0,0.7453676894218781,0.9656077027487854,0.31601458165138263,211.44987556054298,0.10754494457993387,0.12033882145768879,0.9979325809536503,0.09859095747136186
15.42716728727256,-0.4277153966420406,0.1592912089122808,0.10806193790901975,2.527745586172209,0.015438074247961247,0.00021135797619173033,0.24807764203853264,0.014213109132224616,0.0,208.39204918237755,240.82569939682645,37.25561349952976,0.5068987744465638,5.337297644904285,500.0,339.1724790654891,-7583.507588030436,0.6677689428517755,0.4560026958865563,0.8638670987837349,-0.503719798736334,0.8638670987837349,-0.503719798736334,0.04440254679066349,0.21568450528451766,-6.598436975338897,0.0035259545995586176,33.19502144196839,0.061310974568239154,0.37235986104320556,0.1385628167083455,0.8044411960982337,0.07647169663122473,0.7318814240194594,0.3622472055196668,0.0,0.2575345670851586,1.0,0.9465959532672609,233.35424033421427,0.08036599150968003,0.06807400567568865,1.0419602459118877,0.10270730640482094
18.243635540166668,-0.5870195400510827,-0.035469730295967755,0.2840351589048458,-3.013145602272341,0.001475389764954058,0.01186738908660517,0.07259371745122449,0.05047801135535135,0.0,195.4987061814633,253.17714486220194,30.773462425830704,13.855666898737582,22.564553877733886,89.92065512802961,181.07925942186156,-1135.3570699887607,6.2298687593269655,0.4780293763989356,-0.9288394302558068,0.3704825404820963,-0.9288394302558068,0.3704825404820963,-0.04001822805459417,-0.022904477317822514,-10.709370543648223,0.003664386493830077,-6.934286381467147,0.14408880413634662,0.2690372681308956,0.3202890480622896,0.4086067006351159,0.11039006404537835,0.7083029213081227,0.39755751823541824,0.0,0.13823156162222014,1.0,0.8401694636507118,252.61319363802954,0.046038335830232764,0.06524376462838036,0.9774935309073165,0.019041673585808168
15.13814280876392,-0.5737150398911683,-0.24392496385726156,0.9090579130771613,1.833730603155458,0.006976672999281567,0.005937591614149389,0.1220662628175485,0.05640729538361601,0.0,247.29182640107695,328.4085973232188,37.20419989522291,12.27945693414712,1.935705929848077,37.03540116475802,334.0177847146238,-3385.339398465774,0.6171008981598602,0.13203188278912947,0.9997451236925734,0.022576263041545485,0.9997451236925734,0.022576263041545485,4.451548181916037e-06,-0.06522702194099121,-8.684980205408195,0.006885427743123562,-60.320649817078895,0.7269220865845921,0.23226656889247072,0.8736549550756327,0.2768923933046873,0.18306324297622623,1.2012719483636012,0.48252294830125736,1.0,1.499873300624847,1.0,0.9830737271976747,228.734767388136,0.12995583509041184,0.19679481704900842,1.2364591320053848,0.25909945787820904
20.905518849122505,-0.011987166026876911,0.05044446476624684,0.9806437619963215,-0.3069603434223036,0.011557036623047015,0.0031926504091039317,0.005677909671415904,0.010996538004106588,0.0,192.72256069423779,265.00538302390225,36.58242307344392,112.96272531245748,104.52290645817618,66.54219390695471,275.6567877440472,-5087.081428238505,1.480441420567448,0.7018280938130524,0.5610336262283677,-0.8277930117131022,0.5610336262283677,-0.8277930117131022,0.03543667758279663,0.09243512455004224,-0.2505979253224362,6.243734948560934e-05,9.721786422601346,0.06330155447774172,0.9636584272852947,0.9349258341873594,0.4059039622281815,0.14310034498646787,0.8901581012140256,0.6437580089527373,0.0,0.48719166186979485,0.9880507206410053,0.35228733977092813,201.3152371956467,0.022290113489705835,0.014828094987758531,0.9520983248886077,0.11584546149929066
18.031811469721166,0.5538981294776852,-0.06990218531039265,0.014952146866168779,1.8193478529502292,0.008944284203004008,0.007816916976202345,0.03531140648647521,0.02378743859817697,0.0,216.18138673507525,243.60446759501545,49.785160046073,3.8789199964367005,41.34263436693231,75.56022528505515,128.842602859531,-5204.274900237225,0.09614985843861691,0.9923176335992474,-0.5120551783114646,0.8589525565270845,-0.5120551783114646,0.8589525565270845,-0.041223302440637224,-0.015272899886343269,9.987786644172825,0.0008399679136122971,-15.111551356212889,0.03837985368518149,3.639321454864116,0.0,0.4388318608236543,0.07051767297676152,1.2357483934916365,0.6887828529707227,0.0,0.4511759763033423,0.9999175658800628,0.6325045037281881,284.9534693599809,0.3366963402750032,0.0,1.0808178300635647,0.08185952952735652
14.910552513620665,0.2940544238585366,0.0042631024437746814,0.29158845112810766,-3.099396137208222,0.03144994767651783,0.009021420104656532,0.3416995874534971,0.02248220433593526,0.0,217.91224948327798,259.86117857812843,83.78249945028978,50.342004814689936,69.67989736274924,81.64331793832638,159.01624674018572,-1227.3294684321777,0.6440973473148668,0.7779218408318094,-0.27591294500296043,0.9611826292540837,-0.27591294500296043,0.9611826292540837,0.054770689630747806,-0.3316103433670393,4.3845139288051795,0.007682159946634302,0.9289822433006004,0.1337815758266569,1.9329376227210255,0.2792350496366782,0.41829304240011195,0.02161673064241887,1.0099740519894722,0.32055441224290115,0.0,0.06662086599737482,1.0,0.569306856329736,296.51644224407966,0.03180351259782848,0.25600085623568325,1.0895612474163898,0.15005711941493305
17.026414313499544,-0.6765486614292233,-0.008670470084212364,0.0758166402174324,-1.3307830387469837,0.00873398012329342,0.02801407312980977,0.024507802694092903,0.00894357823899723,0.0,186.9955148915214,243.31727599985146,40.709948933632724,22.45444583429985,7.146985975302092,22.75928118611934,233.08934496748165,-3487.1707289879914,0.6537420492320734,0.22311232318762808,-0.451785789832884,0.8921264484954345,-0.451785789832884,0.8921264484954345,0.003644173985566135,-0.21228597987788672,-11.519197812737485,0.000219187450860527,-1.6213390177488238,0.10759081488643005,0.1591021930348508,0.11077687479498384,0.7544766516545737,0.01032782595546015,1.0281619757979528,0.3169623319528646,0.0,-1.3562386388504275,0.974710062210953,0.8544501236465842,206.01972503916204,0.3476605546234046,0.11369050671743625,0.91133204976542,0.07288678829884718
17.163689216041668,0.16639332440658386,-0.027370399581776828,0.6273398847349113,1.5791138553968063,0.08661764710024886,0.03426001795819388,0.8383398269723787,0.009981515496858514,0.0,228.91476656353808,277.8605377333228,41.72740625259998,3.584442318519009,67.5561684720164,108.58508590969817,38.455536841071265,-1307.5828887113519,1.8011348253376038,0.6231227395942356,0.9111686353326631,-0.41203363695942635,0.9111686353326631,-0.41203363695942635,-0.008256128166964484,0.21154174077292298,2.8559233077386064,0.008367901974558483,-6.265488631013203,0.3882144428192605,1.4637903671135946,0.5981517834738701,0.6034923415465914,0.16576407995210235,0.7585916541196427,0.5250278238093095,0.0,-1.4511068867229842,0.9854346056726662,0.5239360300633886,233.61500756830108,0.1728366012952772,0.49444380215445405,1.1279026636059528,0.4874417098273453
11.445679984373639,0.6691073465963575,0.0790340581784704,0.4015781416956518,1.8411039136396843,0.00746120536330561,0.00561147616855348,0.11874792288605104,0.1148430347021594,1.0,245.49012181706905,274.49903604283276,38.021248218559734,12.915369653937198,25.29564958302936,164.70676098901725,23.88134426612292,-4252.5503681449845,0.49502819521744656,0.29495681066425294,-0.8331829385891785,0.5529974600700271,-0.8331829385891785,0.5529974600700271,-0.10040739029001074,0.016776869568916532,7.658388564335284,0.013637371828812108,19.40208056993002,0.026039969908071062,4.611219086665579,0.4319747237045671,0.7634497575148342,0.1876860583191906,0.9250616674971677,0.5009443722992605,0.0,-0.3348951467582745,0.966264784186808,0.7674191390615657,233.55024857036608,0.10057597318254496,0.11341981968811628,1.1860422978878171,0.001111880777339852
15.883988415902584,-0.3419013263747846,-0.15328648783527074,0.07057569370186302,0.7521890234065887,0.014006353746461033,0.01734901569120744,0.10518626934448014,0.005447981385325237,0.0,229.23702984384886,285.0167691159512,34.82290891586047,106.17539266390989,84.35219393465779,17.35934085459968,6.397338059421669,-1253.1265669832349,3.7521419319393887,0.03017655291628296,-0.3893781415452015,0.9210779895789526,-0.3893781415452015,0.9210779895789526,-0.018680622100673682,-0.3363135604726883,-5.430756707518807,0.0005730528373805344,-35.13893918655273,0.25338394692289834,0.3689522911195108,0.0,0.11418746637093757,0.14007260787885464,1.3189684467198493,0.5769914755478188,0.0,-0.02340031029439278,0.9776253650121443,0.46928046936588375,233.26723351087355,0.005584047685331777,0.09350732233912085,1.1205396748769627,0.18248434844664352
12.156232861330057,0.016304047715938318,-0.05170142249543602,0.14767959999089872,-1.2487441903641188,0.001459831541702017,0.005077731564255005,0.037204274327222696,0.023424991227504424,0.0,241.61829967012017,291.4680462433757,78.01676481219475,10.600652166158785,27.81353427047936,30.58927221863855,89.98186390120043,-2558.191533104685,0.19130875780014778,0.17982285565583356,-0.12439450483979998,0.9922328391893008,-0.12439450483979998,0.9922328391893008,0.01857962080726515,0.07042241334303323,0.19819580061718264,0.0008715097997408597,-12.492009793873752,1.145434057902548,1.021031680509874,0.12840123989213623,1.017185069350327,0.27233266420334856,1.1241826618166924,0.615383124437654,0.0,0.1329650323907051,1.0,0.7561528637920231,231.06799907182122,0.16348308086638608,0.06005021209600828,1.2080914983506008,0.012795482576319687
14.961621338123425,-0.5150925637993655,0.06840379131173813,0.0023569268123927616,-1.1915269801117097,0.01648452164408783,0.009623761038854093,0.32411806204283516,0.005736874285271727,0.0,188.6047917894653,267.31967291852203,36.062638127077726,31.159819617651465,38.345205523169334,67.56278827888778,21.92252170574639,-2502.9736463526324,3.0764642817078203,0.10259357226384136,0.13718540405660057,0.9905453876091833,0.13718540405660057,0.9905453876091833,0.08726725094012339,-0.11185176397394976,-7.706619893649289,0.0018594245755256473,12.901282817960405,0.5423959071785255,0.3778581011138997,0.06071379519297088,0.19760620094110484,0.2577180437583031,1.2820669622861982,0.29114310130422216,1.0,-0.2755014125722889,0.958914493691802,0.6819369371337044,197.1434094683062,0.15220728743983522,0.16954333431056984,0.9042793421332144,0.11961330266764113
16.65938964531853,-0.06546201083749326,-0.061408477534436824,0.15594553231881786,2.9327644782765265,0.009348704452086899,0.002419769427290466,0.07630116462216922,0.03630516689587007,0.0,193.84370573430874,240.04527519504705,82.8058541977021,109.52949503769128,41.21288511229179,157.5365484917886,71.31067239366051,-1879.6185929115768,0.18984223226708943,0.19593255356819417,-0.9994446170919858,-0.033323525711631344,-0.9994446170919858,-0.033323525711631344,0.028394457705580647,-0.17489999050175642,-1.0905571455078646,0.0027701265159571107,-11.903646848777282,1.6311610680948936,0.8581480926737505,0.14739696786717107,0.07090513405742911,0.16877300191029365,1.0764788085145975,0.42394069638380366,0.0,1.266146878147686,1.0,0.6489069592078519,209.15769567694093,0.01093328297767374,0.08560963916102118,0.9692185286715437,0.36423375333606506
17.4942680410186,-0.24227839166013443,-0.1608806709269972,0.23694268367130839,-0.3819411422911121,0.07244872571234409,0.0015411901101557164,0.8424210380953615,0.05824580748822732,0.0,198.03981914676993,265.5598699266688,38.235295251238654,28.365645279444134,446.87584278520274,35.057619882370545,48.42392781055026,-2000.1421813836816,2.9377813345890154,0.7956044214490035,-0.021501372740813793,0.999768818762748,-0.021501372740813793,0.999768818762748,0.056310811588917445,-0.2289745451267692,-4.238483124249277,0.049067493608935045,-31.860778974593533,0.6513882921663711,0.5813578293755955,0.19548550186300004,0.06327269263770978,0.14302048783963944,1.0807246817043197,0.33870282763201615,0.0,-1.9952423199442764,1.0,0.08112435755231392,235.51307565445504,0.4225049022817016,0.4380913858287561,0.9901990957338497,0.29682614101260274
12.921058653486769,0.04070357638814331,0.06685553432567358,0.19372460121895252,-0.3322199658331284,0.01361655670702029,0.007697264942116726,0.1921025738009387,0.029875602036664912,0.0,250.60145055762428,281.5951245106746,152.63929935656492,237.1476015653455,157.94378050818634,65.90744145903234,106.4303555971592,-1421.6897071336762,0.9539507929987532,0.29283213403043173,-0.9945667569706337,0.1041007489354256,-0.9945667569706337,0.1041007489354256,-0.06045522868109694,0.19998589426373747,0.5259332979178788,0.005739180045095896,16.75409387981884,0.1639275547257874,0.9917485613651538,0.16088244011207267,0.18466728464363422,0.2263107022219344,0.9187047736548039,0.43659269204760454,0.0,0.47313016083367476,0.9910375678571909,0.20621122316803892,308.91178370397375,0.07843467512952684,0.005077182163103933,1.2417772603105601,0.011559951211067555
19.487677240354664,-0.7189785313820587,0.1123094630441539,0.38990088013079627,0.3288163673966622,0.0014670671096739655,0.00390579684254832,0.0,0.01621373833311252,0.0,191.08273423547985,225.66259476703223,37.0765422965225,55.073103091697696,1.4852973984395303,244.0532011132442,7.890334566463084,-1976.3772254927521,7.0343695330922795,0.7570399509451119,0.9958270335100595,0.09126072172931188,0.9958270335100595,0.09126072172931188,-0.006341124782647721,-0.39309967440107,-14.011221562317766,0.0,21.460399278995506,0.7523585355764393,0.21290104175068536,0.23849975197738557,0.06344513125439105,0.07346342541845595,1.046031257875847,0.31960998535935287,1.0,-0.15450511755572005,0.9586270072218289,1.0,246.28925745979132,0.0020680479239939104,0.038629611247971,0.9158853482596109,0.0958311925452269
18.437416151410442,-0.12366934683902253,-0.004499520764300634,0.044303541484376756,-0.5686135873477602,0.00195592576245244,0.003456562973147349,0.0,0.05334936383333954,0.0,186.11161531003103,246.93654470717337,33.73875357519328,29.81418592438342,32.694802029454294,417.2174129014992,109.33099371883618,-5756.865144257853,0.13266676268046118,0.9488625548427708,-0.9962102997023297,0.0869772313136861,-0.9962102997023297,0.0869772313136861,0.06103732211644319,-0.16750641488789805,-2.280143212844174,0.0,-0.8374130775650164,0.8146715494340849,0.75686365836491,0.0,0.140742527059302,0.03326130082416839,1.2878237437121116,0.5268753894488325,0.0,-0.18067637503408399,1.0,0.7347335798027175,263.32173572261183,0.11602792914639115,0.0027962484442172406,0.9305580765501551,0.08597457175255487
15.554628898968067,0.43788292062891826,-0.19608455984695328,0.5278671418240759,0.3309452007846332,0.0016568870049848028,0.0006344796266982881,0.0,0.014583262301747639,0.0,195.60732478647856,261.8632864955892,108.97269519241242,82.3715879570735,173.67445347920915,53.66975862416486,5.199899333308911,-8000.0,1.4502250332745579,0.5742731150677747,0.6216868902665479,0.7832658619336791,0.6216868902665479,0.7832658619336791,-0.04438667751999616,0.02402535318224848,6.811106331579112,0.0,-38.35557618359668,0.5289637849029808,2.707589442279199,0.580729210449705,0.6960060483608995,0.03321428290167804,0.7360858669635726,0.4268359717209542,1.0,-1.4330695244069385,0.9747547718524104,0.17718072431177825,247.71856827247248,0.16068203087864047,0.07400828024303172,0.9533458662245212,0.10420068020122826
17.220979326509347,-0.23724128929779922,0.07059697466988162,0.141864668108776,-0.4251490774833986,0.007557111567145663,0.0013291644592395401,0.0,0.08986078378161635,0.0,213.09907912988842,248.73818823877252,56.48306598820073,31.548551475625313,68.78351191251387,33.616260576069635,38.69906399293838,-1583.283017134703,5.332701928077686,0.4854089420100546,0.11371951458594969,-0.9935128947338007,0.11371951458594969,-0.9935128947338007,0.04826113144865513,0.31567261378069933,-4.085527338391824,0.0,15.044150291507831,0.7510419332330345,0.5881093851179985,0.1127345297639644,0.05682620748397331,0.14791466280527807,0.6516145609508763,0.15273884610975375,0.0,0.4148985611604743,1.0,0.49539674973177045,241.12966745401786,0.27934370462591446,0.026406214746990272,1.0654953956494422,0.08583288734250132
15.306371023462358,-0.07357359454665618,-0.16598878814196882,0.14775041409976128,2.0528103824808195,0.006678849806488263,0.010964558554088741,0.05775952345420121,0.015531840368814423,0.0,211.8827868485928,262.24394794585146,58.26231127635291,31.381840763204227,102.48334644828077,60.67870493640992,120.75971148103501,-8000.0,1.2172409154069839,0.7501271755902638,-0.7157953492826642,-0.6983101158835584,-0.7157953492826642,-0.6983101158835584,0.03666589323001665,0.1107716392700638,-1.1261447356609064,0.0008971116980694459,-35.170167017141004,1.4236494264624147,0.8526692606897754,0.1245231959997,0.2890408987338227,0.15277758237097333,0.9732425190382199,0.27850965259451954,0.0,0.21338179863926748,1.0,0.3870685677208645,255.67555275828445,0.22055998815421407,0.12151044668519508,1.059413934242964,0.1506512400192765
17.872771820683116,-0.7222245069279096,0.030879927684816573,0.10571344468549851,2.5701433574834036,0.0658892737134493,0.010898459345905482,0.7203571419426753,0.012837612836664312,0.0,211.39588058047332,240.67219297753715,97.58476085051336,40.915379893233435,19.688700969261372,154.25207828283934,22.2273822782947,-8000.0,4.198229347304313,0.09709013989309001,0.26556302780405594,-0.9640935007889755,0.26556302780405594,-0.9640935007889755,0.013736182422491009,-0.16920492310656052,-12.908153815627902,0.009247666092386104,6.527889505193136,0.35025887074674444,0.1365981715301629,0.0,0.23560689289018802,0.04955272715433933,1.2787668997931654,0.23883616269014052,0.0,0.5089533545504196,0.9373529941447983,0.791863756491568,211.60081652941224,0.1560494354691331,0.37914382764981885,0.9907628080599146,0.21515926242945693
13.381588576123452,0.18731368704100426,-0.08874638247421598,0.4526738337626588,2.7150288355534338,0.003688930799859726,0.006275590225949986,0.16240514966906955,0.13366070763986712,1.0,249.44766201433006,296.72936461974786,49.3733051354141,20.711021511599352,7.418050110990579,13.009014663261002,188.73422258624143,-4099.6905504282895,0.22546392253732672,0.42821208748488515,-0.9527692922168511,-0.30369503751065885,-0.9527692922168511,-0.30369503751065885,-0.01643513125679874,0.305870690821363,2.506554694659466,0.021707187229126367,-22.137577620422693,0.056000154883067726,1.5558587233837102,0.37113194410703065,0.024013891242943064,0.02313840037318791,0.6677436480760116,0.4125278941564434,0.0,-0.007402124097615172,1.0,0.9357912026492164,295.11465828514906,0.05263747241589555,0.07307713842338653,1.2472383100716504,0.013335298751010992
16.403731755155256,-0.20644418837512263,-0.11598392857669654,0.15431331669659218,0.40398497577459613,0.02049588077865676,0.008555967701027763,0.23577631665907584,0.14007836201344293,1.0,210.4108232157878,272.9646650001497,36.15048815505382,35.85052513523577,23.409202677711583,4.754510640022967,293.23664174411175,-4366.809403748116,0.5872121027340089,0.49882459493206066,0.998376906467142,0.056952196034039754,0.998376906467142,0.056952196034039754,-0.04931475772862176,-0.2710246799409945,-3.3864550885162528,0.03302716023916618,-24.404273891623852,0.25118105422573167,0.6815209044347288,0.21381577562657983,0.1305593979852829,0.22721178361069494,0.7402979609072332,0.4377508118052529,1.0,-0.21663261058713923,0.996373820410613,0.7916958434744156,228.89094776633155,0.0012572469820522948,0.15938553028164848,1.0482391789162828,0.21766756877007645
18.653081221199628,-0.30964831558848177,-0.044191001707969024,0.11117799248491149,-0.36349133373822706,0.009668263467825481,0.0005069113610218646,0.05211467907293384,0.015378913906520764,0.0,199.40086773561782,242.87649024857564,42.28837118905771,71.65679157158608,254.00871525918848,500.0,34.45322804491319,-1103.893112003798,0.5243682306501506,0.8310513103983777,-0.6267266965083301,-0.7792391467859886,-0.6267266965083301,-0.7792391467859886,0.0887689647051657,0.053067233071030895,-5.775895180679605,0.0008014671627286088,-8.811724086675193,0.06064020471850588,0.47877852092459106,0.14204269651798954,0.3593185265463705,0.2518470377018725,1.1612494248312362,0.2955733621088418,0.0,-0.13396709218660993,1.0,0.09512191164228917,283.61523230418686,0.04750246197108358,0.010561090001883773,0.9970043386780891,0.3925633502632773
18.83946338359602,-0.06931565755711055,-0.018329755642725983,0.30158850036590673,1.2895613218455502,0.02136014993246086,0.01679576818746413,0.005377374961621162,0.1306907349548844,1.0,171.9092541242555,218.17373353509848,33.21878251567282,67.49586890919325,65.59933358935604,8.467721478067876,109.53772360663136,-2986.456769171521,1.1358322770147375,0.8142176602312994,-0.7944973291665992,-0.6072676460566135,-0.7944973291665992,-0.6072676460566135,0.03159312588620152,0.09755692915044298,-1.305869792457065,0.0007027730858622629,-3.1510546208208874,2.0726886176280255,0.8091005718002658,0.23671654879393517,0.4931835707108051,0.0573899893397717,1.0953639028858413,0.3184925923404402,0.0,-0.034628593801840774,0.9623624954879082,0.5364278546408582,198.9833332503554,0.06482186853397912,0.1535679810286353,0.8271950939824175,0.18050818086488066
16.830846242225537,-0.20338738492609823,-0.06442082503864482,0.3045958539407333,2.1257498179026717,0.006750232274121731,0.008491901615864833,0.07456128028295111,0.13808476019603452,1.0,224.07318077445757,257.1262498000168,48.66327927505178,1.9401781848001152,43.224204773421135,138.4495083344079,6.679785447353857,-2591.9712939824685,0.7520117049358908,0.8482653598499812,-0.7508642533989489,-0.6604565640279754,-0.7508642533989489,-0.6604565640279754,0.017030806233772445,-0.17622311664008822,-3.423181803299499,0.010295776507780621,-14.434979174523964,0.05934734515044493,0.6171761791193254,0.2730672343620723,0.23435467539441482,0.04781330159229072,1.1487184266870214,0.32654715049587424,0.0,-0.03504919245144014,1.0,0.6691520000518025,285.38473741711067,0.06614203649945974,0.07207419528463335,1.1203659038722877,0.37268311056224385
15.767728062936047,-0.42422240864324134,0.05887032782151507,0.11945501703693162,0.395729097964689,0.0011948765661663908,0.011362121341259057,0.014525785031163037,0.017395281668693387,0.0,232.10834041691493,272.382964212541,41.38668282419928,27.96895836481687,79.61695191459174,284.94045234137707,240.71774992721112,-1934.364049280764,0.04529938919341962,0.6978729278677018,0.9682507501166718,-0.2499809690726521,0.9682507501166718,-0.2499809690726521,-0.020642487410112556,0.13951861037765076,-6.68902357769036,0.00025268012207597116,13.664294090451598,0.13595847443046077,0.41924159252551746,0.11799639988699247,0.25628688093246427,0.0642313162210419,0.9603687527355992,0.27480123858753563,0.0,0.7604328546091752,0.9937186765274665,0.45579864804148773,276.1213623087757,0.17127017494735866,0.0028324117226903797,1.1532519642504169,0.22657194648753567
19.750909434890964,-0.3542744030300211,-0.044606937845883377,0.5768328099641029,1.2565178180283922,0.004370246510676311,0.001794974309059176,0.06199534046065888,0.10360404212502179,1.0,224.30455471845207,300.67621846166713,32.65507501386463,12.216252961585495,90.53515354113786,73.662785742401,24.94204228902703,-7703.319191311862,1.533733274926473,0.5305558071848376,0.9373419384643772,-0.3484108069446808,0.9373419384643772,-0.3484108069446808,0.001893581479498888,-0.10277802578819191,-6.997241649346008,0.006422967864641171,-10.005539330874539,0.48680194173199826,0.3809928753122918,0.5170264233562651,0.6727800938883891,0.007561475081618878,0.7478541096630704,0.3414094651159323,0.0,0.48411400847355845,0.9802940845100413,0.48284687391562486,250.99051365588667,0.5909673993404689,0.0,1.0994221405957871,0.12163629516719789
19.684718761466137,0.3497313620973391,0.0980190871671822,0.14411867033449474,1.569095787223243,0.008167008073085555,0.010436234662788561,0.2922941105011888,0.3270833971724507,1.0,183.3182905566824,234.4121639324394,41.632820638186836,13.088749748030907,91.02479459427747,2.2466934871284234,292.50984125882127,-3494.056342029107,0.6585833988699128,0.8278793213433822,0.9979887423155984,-0.06339140486951038,0.9979887423155984,-0.06339140486951038,0.008235863498501644,0.1390284855035929,6.884363504950598,0.09560455063622854,17.968691501414288,0.7213445434070607,2.2662646927105383,0.04391147615881469,0.5742356437166308,0.15204585379656882,1.1374272176948832,0.4427309647250943,0.0,-0.12895836562634955,0.9712242489362213,0.42355287296654914,272.29485419872316,0.0388395229158734,0.24658078279523746,0.8902158453109292,0.10945021328766544
17.354506742346462,0.10491796653127447,0.028117316564347947,0.3894866591906629,1.1083147861479725,0.0422921467522327,0.010640327471564444,0.5469811221416342,0.0009509976624407989,0.0,220.09261817629087,255.0580016765319,35.36562659866962,28.841863749650997,32.90099599281368,173.1816386750672,68.12381691220133,-8000.0,4.425191579812943,0.8732824152552696,0.23224292400907015,-0.9726578145718654,0.23224292400907015,-0.9726578145718654,0.01999378423667864,-0.3679190985172418,1.8207995575602833,0.0005201777685559392,6.1884138187389315,0.7687603288942007,1.2393618300306806,0.3815261398186911,0.0676727991011943,0.027292439998345394,1.2138681694121658,0.5346433766770723,0.0,0.41351541119757884,0.9865753987105402,0.8499351636080051,268.97243530229576,1.0,0.318329331215493,1.0856898126526042,1.0
19.51435643418762,-0.26026966367268756,-0.0697557206596308,0.10483762642859562,1.5465027409622651,0.023502500768482905,0.00393544594015249,0.3135310995098276,0.08578149478456049,0.0,183.73971677312815,229.01813752435828,60.369870250776515,61.864168908742435,394.5280719913728,19.354536819831452,21.056228414174818,-1292.0717328782864,0.4813370186930078,0.4804845926588137,-0.5139010013093103,-0.8578494977869301,-0.5139010013093103,-0.8578494977869301,0.03671701442359671,0.0669952180457749,-5.078994985914958,0.02689516637739979,-12.816896357306007,0.4631997306247367,0.5613029109695143,0.13346805453725766,0.1196097906490534,0.13153831338150876,0.68286704475392,0.3120066119421346,0.0,0.08528720805197848,1.0,0.021838355288583494,204.1305240439743,0.32257084048658463,0.16540719105818819,0.9186985838656407,0.035277444054712594
15.496491288114411,0.16677545069958946,-0.0865939883832286,0.4564332922072587,-1.8306353656623455,0.004556384518814666,0.03448561579886151,0.0,6.756199040410275e-05,0.0,227.71696536791052,253.7555510504121,41.894923530536715,13.813464209089895,20.076453231163246,25.593873032515585,26.857406326361254,-3671.119459223836,2.09367127436093,0.9856619078887716,0.753697664392914,-0.6572212950663319,0.753697664392914,-0.6572212950663319,-0.039123576292754585,-0.08242133453872102,2.5844343188375425,0.0,-19.71892025373291,0.09148947375264267,1.4399504108750558,0.4860261581937564,0.3164314851244659,0.05662600115010844,1.3028269412751632,0.43925665477196135,0.0,1.7043960388655661,1.0,0.8660507108025336,281.7698749617455,0.018639846085063423,0.22543745745519736,1.1385848268395526,0.36633828081625996
20.97758749691447,-0.5759824144143162,-0.16474962990474387,0.4438968043569417,-0.010213022270153083,0.011471527272784254,0.0039516155632995115,0.0634157978081682,0.11428151042806274,1.0,192.12297892524012,226.91058354313694,52.721403278888786,12.714898150387294,166.6827203660137,109.35043093636457,269.4952933207384,-2070.4034846842706,1.1456982249139438,0.8748181249791787,0.5322271388474397,-0.8466016020976267,0.5322271388474397,-0.8466016020976267,-0.07332984827435023,0.2299407565935644,-12.082721495060369,0.007247253158518092,-31.652189674130216,0.28914924190495883,0.2371204577715636,0.487658673634049,0.21949468769243619,0.14769662127625363,1.1916723704132834,0.30910036984617567,0.0,0.23903046094233568,0.9980070133444864,0.15254282333114105,243.36559049565642,0.3033809992886909,0.005727817277304564,0.958700401960123,0.052604607586878335
20.302565090839096,-0.25346159005844504,0.02907331778668224,0.37868951270813717,0.5546076853806627,0.0071347220688460465,0.021995900548507114,0.06186275999561026,0.00845969712313774,0.0,181.68939470354664,252.09449078924342,48.426946396922894,81.766302830171,44.111388080331494,110.63385620931942,67.64176841387848,-5733.571125816962,3.2996088659883327,0.5104696654214079,0.9724075561219968,-0.23328854407545518,0.9724075561219968,-0.23328854407545518,0.0042140425636748744,-0.008796145954190095,-5.145920430189156,0.0005233402127642246,5.282313510686153,1.213363822746665,0.6340316856120835,0.30101164961914595,0.3168439570482883,0.043422983206646025,0.6982925826930827,0.49286925909499,0.0,-1.2376255565142373,0.964428929102509,0.7133589034321192,207.48734471417401,0.05637943219709943,0.02915206781897417,0.8761325418161228,0.05038789813942734
15.534722480372993,-0.006469499216587002,-0.035458754725135815,0.47954607417151185,-3.1260233548367387,0.0004441703787332817,0.01678726137478388,0.0,0.08449046395673376,0.0,215.15514409116338,263.0179077253643,34.94950050002143,12.692845145845922,69.32032634006718,473.8749772166845,180.12165688656415,-1632.4292922823215,0.36453531241463827,0.06928759534710638,0.981124629771712,0.19337647441020586,0.981124629771712,0.19337647441020586,-0.08736086686623809,0.24984590674402385,-0.10050187491666956,0.0,-7.6291334821798165,0.3624869533381653,0.9147595030547847,0.48244116966285877,0.21487602264876182,0.05946255174134411,1.3263270340515991,0.43360164751574154,1.0,0.4455976518239731,0.9615413263037512,0.46475776252721984,197.24235624526838,0.1756673211112878,0.041292974556087284,1.0344028130524596,0.6551983285386921
19.82867427907251,-0.39496565756227,-0.23721955280635143,0.2569374526210414,2.2365784052849103,0.003017364628291142,0.02322084410002196,0.08022009878142322,0.012034262286287328,0.0,190.9362399159752,269.2971925574933,72.9097207302345,19.561103309693635,78.68204936614805,9.55778790795935,93.64652516977915,-6411.449535379383,0.16514180582403526,0.22449205087189628,-0.8343701235229538,-0.5512045872199277,-0.8343701235229538,-0.5512045872199277,-0.01618304974968189,0.10152255300661042,-7.831645375221943,0.0009653897093675255,-45.29380944739386,0.00705632170602717,0.4270171898692019,0.24351488440958532,0.311739900259548,0.10768574194187369,1.0450073511050972,0.4958248237055789,0.0,-0.5010978520549838,0.9769562858710135,0.4780839950343238,195.30794305437377,0.1499583682899054,0.16831872431813846,0.9326817989324394,0.06814616584438449
18.18740546410666,-0.11558200676545305,-0.053571487276940014,0.061234325763295225,0.6913043748907279,0.02437229689219665,0.005777703515843431,0.27941385384353695,0.020179981865429523,0.0,177.18402517018697,225.75380759274614,33.330127159104514,16.09742375069842,14.14952698826988,75.66925992069706,150.46310319565092,-6858.053354651332,0.24147951139888993,0.7763985793762849,-0.9155458729775467,0.40221356823680365,-0.9155458729775467,0.40221356823680365,-0.02545949150558814,-0.025501691809631463,-2.102136821398414,0.005638566503512351,-9.49201175008169,0.3847011183745414,0.8529000421033133,0.056873291488435604,0.22386033377489484,0.0092343857084769,1.0180916408575098,0.3174256813847012,0.0,0.004115486687264858,1.0,0.8548379215192008,230.64738365495774,0.34849564047233555,0.15611986848408116,0.8859201258509348,0.16910679002876605
16.965082939215733,-0.35431519893708235,-0.09010340292549521,0.21371801601146403,-2.330205151640573,0.017422674449476937,0.0021477923909429732,0.06539596518930013,0.01846784281393637,0.0,197.1222897768773,246.58260933400487,36.99596293355214,8.98064990349738,26.198457767771146,415.7029755180895,25.805715714966077,-5188.0628424131455,0.1464887945177505,0.11115425699868475,0.9638074231367307,-0.26659942067929354,0.9638074231367307,-0.26659942067929354,0.02458740961008346,0.157533861922859,-6.010986736592324,0.0012077224057816494,-17.761389101362198,0.014202319357287628,0.4765433668101485,0.20312893432975718,0.10122050930314733,0.10747237399250492,1.1887698863686254,0.39191605931595563,0.0,1.460797992279888,1.0,0.792123281301946,224.23532126272482,0.23566470384592145,0.0,0.9856114488843865,0.7422097618276695
14.965113517945422,0.11531482458407463,0.15756775921706603,0.07104046876291678,1.9877301102307827,0.009323435490435681,0.0017877687066713284,0.21291602581396926,0.021536338509175017,0.0,248.50253211111698,308.1159444892488,30.533798221652994,75.73680015546036,85.52879032004087,16.302374754265923,69.67062075439732,-5225.146296748573,1.564566249832573,0.4698000663192632,-0.7607200913564104,0.6490800741100398,-0.7607200913564104,0.6490800741100398,0.09912985177431545,0.15881169290542435,1.7256994402026404,0.004585431605957888,39.1559871445157,0.4354251559123062,1.2375569491300316,0.03801805973254099,0.7783323792348897,0.011958490395670252,0.7091982076713519,0.4097081219846179,0.0,0.21825083558599637,1.0,0.413420956470706,284.00649619031884,0.10292175640882745,0.1661998330079188,1.242512660555585,0.05075268908161269
19.159413400133392,-0.07551196882624062,-0.17027786118933097,0.2877139250801596,1.3638091423602026,0.02082449963629598,0.013518325597653239,0.21847602974384583,0.10516487219597477,1.0,238.05049533408345,247.96168160079242,50.52996411332636,218.19498669409737,135.7631169681682,248.23999449268882,83.0490338738743,-1934.439445276285,0.5575635863346841,0.6048521921047275,-0.4383067230125192,-0.898825465016444,-0.4383067230125192,-0.898825465016444,-0.09722953119517806,0.09438200089824274,-1.4467650273999295,0.02297600374589553,-40.53472920054854,2.1163439618105286,0.7763248204429909,0.13682440236937932,0.02874486905604027,0.05627950164222015,0.7399559810598936,0.3160685948875035,0.0,0.17936729597117654,0.9999266553230596,0.2178068387640405,282.4260003274787,0.08387406137746567,0.18500449016441153,1.1901651779870384,0.0693971266200043
18.53696537213724,-1.0820508623390914,-0.14413507997340538,0.0355030080496992,1.6229438963419192,0.033820582488934416,0.007424206444942826,0.165298710215119,0.025249141293874205,0.0,164.8772263098234,217.95131616462703,33.11005170802206,5.683691833853564,70.40053927691181,20.70969702440676,60.677662465200854,-2703.1604987995106,2.531120558461762,0.8783468283705153,0.8755389928586302,0.4831474640149687,0.8755389928586302,0.4831474640149687,0.11370925151592004,-0.4584602749250367,-20.057939366070975,0.004173650489916707,-23.764592199959655,0.3548383424051227,0.04520325167331676,0.09359445907823288,0.15213649396757298,0.1315238499450139,1.22394376833427,0.2809412665506305,1.0,-0.01729742420201628,1.0,0.48102064820495327,201.1031415144462,0.05212287069463351,0.13922112206794823,0.8243861315491171,0.059718617585199765
18.032619107479064,0.2903131625253884,0.11099696431056999,0.2529566218751148,-0.678317217428865,0.0324953934782666,0.00593121991062909,0.31981964894816906,0.03129699686482417,0.0,184.7937936333318,234.05899631241752,57.80244072759397,19.655578893287956,194.24253045965725,92.93470240460987,63.890801187796086,-1891.8159780996475,1.1252888209787097,0.8471138628934799,0.742280907086982,-0.6700888411055113,0.742280907086982,-0.6700888411055113,-0.011653757955951301,-0.19651209815287957,5.235106681707994,0.010009394550440014,20.511550116733765,0.4666985073940694,1.959146502878316,0.26945613014886927,0.26279235634062864,0.0829344490685578,1.1233204843710702,0.6668397502023306,0.0,0.33982788858599156,0.9915774647558544,0.2204348524340463,221.7073749032158,0.0917098111076569,0.2105464370163985,0.9161868069677784,1.0
11.547186555158707,-0.922741841787536,0.13567631574639633,0.04723402681419983,2.225519985832153,0.0026946094279603483,0.005372398599528337,0.05506673987189396,0.0028840249077667513,0.0,199.5891326165805,271.8797160193077,38.64877365417961,18.480254694227938,47.68124787443851,161.48256132578987,259.52219436415896,-3102.0708547825298,4.051431039994972,0.7642779210597328,0.051584366869408364,0.9986686402879997,0.051584366869408364,0.9986686402879997,0.017390434108629,0.2768211693011847,-10.655072189371419,0.00015881384938005468,27.079518176436547,0.6893620382208958,0.130766940634096,0.0,0.6291186689371095,0.06415320926798901,1.0475846659283363,0.22629784343925624,1.0,-1.5768010568689614,0.9128851004535816,0.6441227372979635,226.9601422216291,0.15356503990439205,0.0,0.9110097268906516,0.000993526018476505
16.97971003192624,-0.034592351806134986,-0.07449829387256415,0.2662636682523825,-0.5401806327686454,0.04824233677081059,0.00038732464415984686,0.5797026038516799,0.03127093238514717,0.0,195.46758507833428,259.9377759907885,37.80428494317692,9.644733558386932,37.255032777605344,40.06653399233484,229.79180619073375,-2535.271715732886,0.6225105154307359,0.407694242611199,0.2551824131233728,0.9668929289391521,0.2551824131233728,0.9668929289391521,-0.07074160788118583,-0.2511891710870532,-0.587368102990552,0.01812784092853964,-14.562001595726183,0.16185886106357195,0.859852972722876,0.2899202509020203,0.21251263059512268,0.061830283035727976,0.7172520137306404,0.43206564904530315,1.0,1.3567720351960202,0.9892036605230301,0.6245324746130585,188.24189870962073,0.031116183572288438,0.30693187096811375,0.9667862533654255,0.28185448258639983
21.281894448714638,0.0507736610427017,-0.06320858228089109,1.2293572850378602,0.4430220738094177,0.0034195491737706064,0.004195953344149032,0.0004478514250444293,0.014487865154167584,0.0,199.39099783555145,232.38562255234945,31.418468491414192,36.304906489814066,140.18506519116704,35.15619977783405,91.61510635674239,-2453.352436157422,0.3753024109647983,0.14224925434229707,0.8550745085896932,-0.518505144391157,0.8550745085896932,-0.518505144391157,0.04984357851131603,0.1764922300131614,1.080559695085592,6.488411055145483e-06,-12.60322229275743,0.05337726719129285,1.080381149322479,1.2069920446877866,0.005572442958111869,0.07844670827805789,1.1893303478201425,0.3263928871971501,0.0,-0.09363234704527383,0.9812336687321124,0.3009101558870094,193.85103058282283,0.016819049471270508,0.06657638159336769,0.9782458015916742,0.09600188694072978
22.685131471503478,-0.39100513126327185,0.06162353965533129,0.3443573090965128,-3.137556940419999,0.025604702267277752,0.025418596520016164,0.33884084941749826,0.020099550566702776,0.0,187.45219178783452,256.0842710672482,69.49056373927797,113.00532474845862,3.3959856573904155,110.5282186725321,9.331332185673743,-1311.1965821248464,1.8279860533812498,0.6696493095578478,0.2821076626819194,-0.9593827529490743,0.2821076626819194,-0.9593827529490743,0.002073626817586209,0.14129053135593378,-8.870002808739796,0.006810548786931527,11.551467574116387,0.5142001096250673,0.36586440264742237,0.32340869327562627,0.5895824530129713,0.10030901342506236,0.8447458823831114,0.2454264531201083,0.0,-0.2244930049672231,0.9480477397785474,0.9220345978917283,243.1914183763934,0.11147592073869875,0.35352891882736265,0.8885681337049565,0.00411234608684608
17.67193615541019,-0.6709589857412062,-0.23270997969453103,0.11012857770870786,0.9102646255492877,0.0020981255775545465,0.00971896499535587,0.03969545445256704,0.06188296747942747,0.0,188.77514408555786,234.84042620184294,103.61894033302401,2.6379450405076517,134.89462305418573,51.09251048306982,22.694772004723767,-8000.0,0.00032595236224828753,0.18128862248847266,-0.9521140536681102,0.3057430764672831,-0.9521140536681102,0.3057430764672831,-0.00307337055941435,-0.14515047231640588,-11.857144358917372,0.0024564725169693,-43.92985994698234,0.20623455202769037,0.20428729608479357,0.07170784763425622,0.42957345334147257,0.01927247760216262,1.177083472087258,0.2706309192045289,0.0,-0.3755209936592927,0.9716302912123598,0.29668154850245027,190.55364098101444,0.3784147490660615,0.10450571845371051,0.9170982411075287,0.06310690751910308
18.047734666385978,-0.5885744531790449,-0.18611936845055563,0.08174834026885097,1.3708389314805194,0.004439954246527653,0.0023799175610825806,0.0,0.01729717565927841,0.0,191.51071073955143,227.94391234511076,37.06051025021792,99.60694721831244,23.47304416924632,257.901333722912,94.04362242164991,-1223.1063259817643,5.158989433029216,0.5613144834086158,0.7579216274973472,0.6523456189565257,0.7579216274973472,0.6523456189565257,-0.0968692557451477,-0.39904632542334495,-10.622435562388619,0.0,-35.64385253436235,0.44241493762945766,0.3571194551136684,0.10859486390146421,0.20691013006908884,0.16997743822172562,0.7271333504795348,0.31671553086022514,1.0,1.557696362321722,1.0,0.8184422406734292,216.83965776546702,0.07199195042105772,0.037556070735014144,0.9575535536977572,0.05229279582111142
14.379958442917214,0.21136932598004315,-0.02807334008507119,0.16224889885127813,0.42166057921332456,0.02623838132461898,0.01748940626836509,0.12086713589793843,0.02249249507335087,0.0,191.6529171800112,244.60946594307924,38.052167817977285,19.773949946158716,77.33520557795272,167.91376779270925,10.767362545293638,-1174.8413487622392,0.024545872037516084,0.9806781824633444,-0.8425720899866032,0.5385835804920232,-0.8425720899866032,0.5385835804920232,0.0036898406923713705,-0.11378251958958532,3.0394821237004424,0.00271860345871441,-5.3803375222904375,0.2069791736839265,1.5802723643950107,0.12225772027546819,0.22624115580869958,0.12572398903713214,1.3561560851939676,0.44114709480389147,0.0,1.6219958892746102,0.9433376607157462,0.49227914435982933,240.72816353088564,0.09052337520115414,0.06100953605227395,0.9039670728097021,0.10922524510579285
19.7876328441793,-0.8399016077760322,0.15498905661291262,0.214568707076346,-0.02162159019086829,0.006313915947013989,0.01103886068701097,0.17539514648507476,0.05188968520899924,0.0,175.6000072732315,222.55846693827425,48.19885176456495,112.09497612523585,1.324508468586406,2.464766539553575,25.356485486275936,-1017.4727788778004,1.2698517409894121,0.5503097758072746,0.9958270335100595,0.09126072172931188,0.9958270335100595,0.09126072172931188,0.04229141619082871,0.4156030087266023,-16.619664639908013,0.009101198938296839,27.216079468498748,1.21509044907524,0.09572883650059005,0.159726972771816,0.13082496075890784,0.0724204855895852,0.7316862966833187,0.3014122573256725,1.0,-0.08287423038624228,0.9644607264292095,1.0,229.48448078017253,0.01895582342934189,0.1421451440387187,0.8467965528785767,0.008150386113807142
17.12550175007174,0.19059630977479503,-0.04357300881667396,0.27897328996742204,1.9473882977844577,0.00606595064634435,0.030527694000299026,0.1802579243016204,0.020231026886813563,0.0,197.38295595541257,270.4599356658404,44.242499402341004,23.14380595239288,31.482826470627234,42.33278578469306,62.1752994436642,-3587.105291158944,1.5521382006131383,0.6455568672604475,0.7690308592589181,0.6392116531380588,0.7690308592589181,0.6392116531380588,-0.011813931774159436,-0.1726554584418709,3.264057436605468,0.0036468029131072866,-8.60056928010636,0.41258719402160704,1.4942876736492725,0.33556053049772183,0.7809135567581552,0.00717126357214444,0.8597205874456888,0.3137561823958823,1.0,-0.5116145958678507,1.0,0.6884821692930896,217.04188135394074,0.05110342474463334,0.19493871468048302,0.9869147797770629,0.5444526537008535
16.202794774675205,0.1917481009801791,0.010093679173515462,0.08730749650749157,1.1395983916158858,0.05122835610572582,0.0032465838577875722,0.5445744840977306,0.057645840139279536,0.0,174.55748282649282,229.66681325386097,82.60979428569495,14.320161897731843,229.11930022423007,65.40171130161276,62.46861347569944,-8000.0,2.5816673464092132,0.6775754719161738,-0.9527692922168511,-0.30369503751065885,-0.9527692922168511,-0.30369503751065885,0.05870996728220754,-0.1588514689198541,3.1068551286155395,0.0313924536542284,1.7619272289870533,0.4705884109314427,1.5868406323294755,0.07836342601915533,0.042832028482928795,0.031141778301705555,0.8618820721750209,0.41616759399632963,0.0,0.06431625531821844,0.9198646837059847,0.13168546156748054,215.58131023509074,0.2058668969183721,0.3526285554351211,0.8028463186435234,0.1293058042959972
15.092920820823288,-0.4833836163664594,0.1133789272564012,0.30102560169731557,-1.394401932912872,0.0032902040159631563,0.002441667644014759,0.18247271227763445,0.009947937117031125,0.0,177.92404332048866,231.00892713377874,47.486022639138255,1.6898137306958403,95.76084754909759,34.1425190594134,63.59462297212251,-1298.1707905178346,0.5342878805337621,0.8303883576755049,-0.9878726596350429,0.15526624985999563,-0.9878726596350429,0.15526624985999563,0.05664475859456813,-0.19951648206196537,-7.295670647902192,0.0018152270673120207,20.17283716479846,0.06501517639186559,0.3264942015986006,0.2936512821977052,0.34063126207114774,0.2986888012053496,1.1555322516988604,0.4276683048853986,0.0,0.07524511026220942,0.9908408920196448,0.44678911014803735,220.87853688625117,0.3629488673593475,0.15996366897774353,0.8814720889770745,0.09442313175025373
20.771200454365808,-0.41500182619279014,0.21068847332781462,0.054905661787324776,2.884442852742054,0.01790605144371196,0.02194202933508854,0.28472149934128027,0.004208292118275807,0.0,161.55858309914942,225.06828934198103,95.87846333874688,0.21535909534610523,26.730278084140878,268.7522136589558,5.505607755251695,-1244.4447105078243,0.9221756527590187,0.43498067810704877,-0.6132298262997502,-0.7899045386224707,-0.6132298262997502,-0.7899045386224707,-0.032054769137042395,0.24295689530990391,-8.620086120778323,0.0011981912415815802,34.038531226164665,0.28485636111153023,0.33977883744554394,0.08952886780115804,0.23186328084208294,0.06741431902622581,0.7612473864819637,0.2519252187816277,0.0,1.51976829101193,0.9416845317117958,0.7332741903407795,183.99957821018938,0.08791942842648977,0.20454445581007313,0.7606860933487188,0.017736688969837263
14.72272006610073,-0.3639299444758135,-0.057684847314831256,0.7798672732508349,1.3022981892285035,0.03469472099673528,0.005178810056219249,0.41531008291532495,0.01491971462035082,0.0,226.46776815187732,292.86084242326797,70.14461175481989,64.72584181729374,15.863337586437282,438.2194484480822,17.098326170907395,-2814.862339130099,0.4131216572697606,0.4975099010524977,0.6740694616546161,0.7386679638813748,0.6740694616546161,0.7386679638813748,0.07975569293986964,-0.04858314232502128,-5.358038696188983,0.006196307916050885,-13.063758627571648,0.5604361651135499,0.414443825763036,0.7464879382085261,0.2892694984930271,0.20763264045770904,0.7271855161471089,0.35989593884412086,1.0,1.279894467701307,0.9624181601086945,0.8160214663301978,265.1557633716525,0.008040380373844405,0.23125018255345794,1.0897834637432608,0.06132112880849176
15.04183147114189,0.17448969914229912,-0.0016836723733426057,0.39327413871216604,3.0658107089434914,0.017506722262711008,0.004124181493347957,0.08393607375374289,0.04180428073461073,0.0,212.10041980415943,273.8544962186189,41.12938961388872,117.13069117710558,40.917056459508686,18.549572565823656,190.61517662916347,-3079.9850438776352,0.18594597340095675,0.17597201392458994,0.6740694616546161,0.7386679638813748,0.6740694616546161,0.7386679638813748,0.002264748216254119,-0.12518124578982778,2.624644647948715,0.0035088871909624594,-0.3571076171986321,0.3342819009226845,1.4549030799561173,0.36986648007982176,0.3235788382912916,0.03290892489201766,1.150491913470764,0.5054578308651516,1.0,0.4790684935826805,0.9901131385190943,0.6498415565582073,224.44084001767752,0.02555252242410032,0.07501441651896659,1.0500170616675688,0.41618544013629677
17.93063012161346,0.1414235441035139,0.18220552213428426,0.1944002201349897,2.961022178222666,0.009957524545767957,0.011703336755582662,0.27271812056091393,0.012661006898838582,0.0,220.47550417767823,291.76745626990254,40.87653597487387,30.562582269073847,19.02463413955624,60.39551587081768,50.7599706473817,-8000.0,2.0969925980642885,0.614679887737502,0.6300720909843687,-0.7765366444428655,0.6300720909843687,-0.7765366444428655,0.0024872625393915337,0.2826948034390702,2.5358132598077963,0.0034528860058600235,40.171854356513435,0.15694795323415067,1.3997109192497514,0.20968598362113147,0.572185789008039,0.10134964006159962,0.7647300557143751,0.39298683941316004,0.0,-1.5515698604140333,0.9506211938685616,0.8429920965569052,276.992499357738,0.010136494831135821,0.23991530693282195,1.0479434350007877,0.36491822955787767
20.98534680031778,-0.77643101469562,-0.15221992751914284,0.34364673744061774,2.6320874153950298,0.00044510844927699093,0.004402010324436706,0.05808122771359721,0.2548780389946294,1.0,144.10449902402982,203.23473521773664,58.24933119306575,44.31207159950763,172.44442249091992,14.89509934002204,373.7789613676947,-1157.9972412310674,1.6864988051123933,0.2957580063243892,0.2985688173637202,-0.9543881083175908,0.2985688173637202,-0.9543881083175908,0.0049490611301365554,0.11589881758710736,-16.293674109910217,0.01480362942204218,-21.93557639662021,0.6500469263798258,0.3015469710292653,0.26657785731742945,0.020090948957679575,0.05277215057217091,0.9101682522732587,0.36768778741174174,0.0,0.8528623870014984,1.0,0.10774828974155308,156.3053702648878,0.11434085929608438,0.0,0.7205224951201491,0.012510002643959111
16.55167290385025,-0.0839514944606969,0.10275810705538219,0.05086447118359385,1.6045467156986586,0.022159978743248567,0.00232771003487344,0.1830159099713235,0.054197403415915404,0.0,150.89758744323345,203.41235941413396,64.23072103287522,1.1332342156123842,82.973446175834,28.096658563576533,14.017734943983006,-4608.345691268218,3.7895623059186327,0.5076247488886996,-0.004300592702981974,0.9999907524084426,-0.004300592702981974,0.9999907524084426,0.003465787547056297,-0.1838580483420519,-1.3895376761028513,0.009918987104246674,15.505950444890678,1.4662920016883847,0.8517733868844041,0.06191942352200458,0.5679295169717775,0.07097962831909271,0.7344740650111183,0.28529464789239234,0.0,1.287774606374439,1.0,0.4637351889996183,208.764920291882,0.5001166674455809,0.0,0.7544879372161672,0.0438510402303201
14.574457154672965,-0.28068693340133094,-0.10183155323612583,0.58669222711713,0.6875650003140863,0.021898255928262084,0.01261450325972594,0.15215555875209102,0.02157287458393227,0.0,230.00462360042272,298.59220453174316,45.562381550133736,80.4999317193532,81.41862439188645,300.45957443660217,118.60547906417803,-2218.6497128676265,0.5111814681482928,0.7665571935098978,0.9724075561219968,-0.23328854407545518,0.9724075561219968,-0.23328854407545518,-0.13150666783292542,-0.24471678221235607,-4.090859684734242,0.0032824327862069976,-23.421728072721532,0.09817297310527641,0.5193285908165816,0.5489066541580616,0.14507893823235748,0.16311645975985434,1.0715306474192223,0.4967419172830209,0.0,0.06628523577334045,1.0,0.3725803373158679,283.7877320081918,0.0713644120677411,0.14105772121671628,1.1500231180021137,0.14942746120882625
15.997542596955507,0.5073264486852933,0.010247236710315674,0.6943646703047007,-2.0598124692098856,0.016504444450312065,0.008223292540768454,0.19072282265450635,0.24910621915945041,1.0,137.31762588880133,185.95418378756926,30.27820866064015,33.31007833561317,183.135710157218,43.21842990740579,42.59897779969049,-2303.13985509386,0.3470407586443354,0.017569904681986603,0.9395699859530622,0.342356891994542,0.9395699859530622,0.342356891994542,-0.009275319909486037,0.23163399297599466,8.11597647340514,0.04751024125888245,1.407126216981119,0.6797857693982707,3.1828283034810365,0.7371382999274582,0.5545913939418317,0.12302068872000815,1.2803879166104712,0.5626790406121637,1.0,0.28184632946432786,1.0,0.2248625592125311,103.97208551620281,0.14099779976941265,0.009907032912323921,0.6865881294440066,0.5191236633567282
16.401638610564216,-0.6147451279036444,-0.02426190474002743,0.06476942509059092,0.2723849890023633,0.015903280070452185,0.0015400310983540147,0.0,0.023419250358245436,0.0,213.0352782821384,263.5339760273083,52.45644663897842,134.80733411203116,79.6776555207098,172.58408930637896,44.948239552154355,-5931.952466029116,0.34537048479922133,0.5639155265843732,-0.3251276029999093,0.9456701548465688,-0.3251276029999093,0.9456701548465688,-0.06819732358312272,0.003357632748343175,-10.082827425480652,0.0,-5.168641627946476,0.008113041739510244,0.17563345638767835,0.09210259143308636,0.14147841210153198,0.06771149801999128,0.7015553975524791,0.36335477116540005,0.0,-0.11157468881405407,0.9310132160485592,0.4764680295396451,261.8416557850692,0.007385448324017338,0.015628775982373288,0.9916932978262673,0.027831090945583153
16.23040988882231,0.3278439450109641,-0.09580116007012293,0.011529932338080065,1.6674098663784518,0.023181558222878103,0.012151220722875776,0.3017829097640673,0.0005468868436785577,0.0,160.5199391703632,236.3435929298169,64.60574517237671,48.47938976053189,403.5896781167849,72.52694016170067,232.04766847315636,-1863.754142040364,0.03385131034499996,0.17344501731068973,0.8307970168121247,0.5565755266413303,0.8307970168121247,0.5565755266413303,0.08131678511078383,-0.3098128039712226,5.32104160709647,0.00016504110299700176,-15.377996386906359,0.033681600313276105,2.1640589659545415,0.03225735018683157,0.361095893772804,0.4733179592495145,1.1116781996917307,0.6116583943822287,1.0,1.555363790738446,0.9878464489090433,0.11332682064452573,176.71429036399314,0.07221658184153548,0.24125794717554966,0.7928452594426946,0.5153617193148663
13.803150102148887,0.18887084197399337,-0.09831019276582752,0.1313950923096494,0.13104939312833652,0.0030259152167182563,0.0016314056158107995,0.0,0.03274708326933744,0.0,221.69578741286077,296.02464933218926,33.10856506044502,30.62334646406708,35.496274478431744,342.1003949742881,463.04469748621955,-3607.7159014709973,1.568838382716784,0.27938333978385366,0.17117705961019986,0.985240282501282,0.17117705961019986,0.985240282501282,0.07930414958606002,-0.3566231373787098,2.607012581686273,0.0,-21.79495559593026,0.7464546819190078,1.5787626622169424,0.051047159881921544,0.0747538780744517,0.09044171900057216,0.9698188314250852,0.4453957203724375,1.0,-0.04227259817262232,1.0,0.7346387540934981,240.9281208991241,0.08859921128556734,0.06996102349544266,1.1084789370643038,0.09687190814041845
13.824024965986727,-0.06189334479993536,0.02764143642537545,0.33212525222573047,2.3137146811270455,0.008905318891272655,0.00045167910706061506,0.12611399979515522,0.06272118050950977,0.0,200.23135407197438,250.10871696812455,62.05336504276852,0.3343169296805949,75.67940979298677,18.34320708260479,227.19953670743962,-1102.1749569591036,0.0027150648615506525,0.03471328008699792,0.4575313760742512,-0.8891934772070711,0.4575313760742512,-0.8891934772070711,0.042596916622779396,-0.22320774303995172,-0.8556151437427311,0.007910018945928209,5.534682243947321,0.02202175325732913,0.8438697628849162,0.3269554824670395,0.8241037049338841,0.05451150784543673,1.2650081992157411,0.3789303870338185,0.0,-1.5011981712427114,1.0,0.4539301030835342,197.12513388238125,0.068885847123538,0.034186982870081054,1.0011567703598718,0.08862878524549556
19.111724639323004,-0.11724838713816685,0.09955393281626822,1.074687994209514,-2.4526043189429485,0.04203956954362727,0.009823809494009414,0.3682336617004567,0.01705036565326086,0.0,208.86815451312413,252.06488085353988,39.09856090304291,97.29514912797714,21.631432947183768,51.49404472019942,300.5239448649168,-1164.6472030900404,0.7232059234427708,0.16946276018590223,0.5751899607119775,-0.8180198708443174,0.5751899607119775,-0.8180198708443174,-0.011923371866944423,-0.24789691762060598,-2.2408188893893857,0.006278518577831946,20.79364622185749,0.025680906022007986,0.8240657451031351,1.0158246661888002,0.38445317902107806,0.2713580401628411,1.1699407916065132,0.5696671703389995,0.0,0.06654442164639394,1.0,0.7655482185610867,177.1943853775473,0.004989652679542259,0.24129496062703323,1.0443407725656206,0.39731041847535026
16.49536648105902,0.03695687656307298,-0.012973620318850321,0.12217963477408592,-0.7480738558187379,0.0013899940369976494,0.0024461881868477905,0.0,0.005537280411399639,0.0,280.7795975973711,352.7272001004986,37.42345896345922,52.11560102750005,62.68156043171871,94.94092143641065,119.41108958741845,-5238.582025401543,0.912531751782645,0.9866293932871518,-0.6913512362094071,-0.722518835873311,-0.6913512362094071,-0.722518835873311,-0.05040074683018493,-0.4092153941802873,0.6096172229031496,0.0,-3.6427278925078705,0.20052685351509755,1.089877319914996,0.1203364396252346,0.0045626915676997525,0.08381942987699248,1.3153126807766802,0.6396201117079404,0.0,-1.5987379142397116,1.0,0.5462350401517414,324.95033755952903,0.18210616362181212,0.04480643291725517,1.4038979879868554,0.36530406602171844
17.62864413692583,-0.6749276731887749,0.007011315873321638,0.11965598025873637,0.03747554727353597,0.05892848611260909,0.008617228287084262,0.5135938738495844,0.14592648652693502,1.0,130.65512450995902,192.66139987868723,46.090919524279926,50.101359865194375,45.17957429782561,53.05041163155415,238.6394959116591,-1481.2760764445136,1.0552236294141877,0.9985227611993119,-0.6897960046655887,0.7240037789593305,-0.6897960046655887,0.7240037789593305,-0.032879050063780245,-0.21990139732969924,-11.898059768808288,0.07494694951262774,0.9160643484074906,0.6762753617282729,0.25012214144295253,0.003891996414249435,0.02150943283292633,0.039161295615209535,1.2836343220872186,0.2794170784099075,0.0,0.17682930696308796,1.0,0.6349716333842237,202.7441436270659,0.4809957057871864,0.24109707793949567,0.6532756225497951,0.037864523835013576
15.005263986899786,0.19500747061716006,0.05711740662910472,0.03818743177562116,-0.4252127066629461,0.028148300961337816,0.06348892842695397,0.265360066495298,0.027406484006149114,0.0,213.89145486192007,268.6251736748805,58.52542152201151,110.218104218273,15.766986264137973,144.29779860979215,9.049656959500286,-4226.31164993233,5.0276103595447745,0.7198479198896475,-0.4051645224207563,0.9142437912130223,-0.4051645224207563,0.9142437912130223,0.09713209532130165,-0.18381611232877074,2.92613857602809,0.007272586418274049,12.216925201839087,0.0024068380396905977,1.581587871273163,0.0,0.08981683149021352,0.3057009499303632,0.9904198241041382,0.4678767968817925,0.0,1.4389040513524791,1.0,0.9134386679599763,248.37219845928942,0.14222595081625036,0.49589206526999874,1.0694572743096002,0.14652783825684793
15.949152171034147,-0.4781821317032275,-0.097161877301296,0.6055862850789505,-2.459323251760057,0.008267606575226263,0.030061315442199536,0.27161402035399806,0.06635729262111621,0.0,167.36562575377403,212.53753510092486,39.98214937889197,9.610805474362607,25.136976702982032,39.66707812135819,76.35916199096413,-1834.3383543390812,7.049441415803024e-05,0.6118568547711936,0.9682507501166718,-0.2499809690726521,0.9682507501166718,-0.2499809690726521,-0.03460986932599802,-0.09253625767691409,-7.626599584004267,0.018023571028628064,-16.261558393942817,0.7246414600451542,0.32366327986656024,0.66503796552096,0.2572780138606874,0.03252653903880511,0.7272249817998172,0.4827769345706613,0.0,-0.5195110923105143,1.0,0.7313037969017823,217.39917591597325,0.10675463876502278,0.29983070364937925,0.8368281287688701,0.18030634939812337
18.520930017166556,-0.9223406414962307,0.0739692508412923,0.9348808716644066,-2.1769459322122233,0.012850091897793228,0.0026954612201948954,0.26700688168279635,0.09424107389108721,0.0,188.30076161313397,243.2762102938529,41.32026183578112,86.80664609148174,35.44013165862928,216.5738957315489,71.10918882243583,-7737.622731803087,0.29305120238691185,0.777006953099265,-0.12439450483979998,0.9922328391893008,-0.12439450483979998,0.9922328391893008,-0.1177797677193032,0.33858200902554253,-17.082606473140196,0.02516301526609719,13.928466269368291,1.6042334766842417,0.07183599230296625,0.9533335304647346,0.1319438932426468,0.034926073556257056,1.1004489294955762,0.3038344035944881,0.0,1.572262254917571,0.9855470780879215,0.8026384498252168,200.1333964625124,0.04603008373544638,0.11670843040708215,0.9278963270477723,0.01976149694582385
20.07486507160449,-0.3718010621352782,0.0819343097059747,0.021648202205055454,2.1213120139193444,0.023751049614272858,0.003562742955899518,0.27295839164227426,0.042924380801343975,0.0,177.17983859683818,226.85421169852265,48.22866612819435,4.614242912404759,56.934488649181716,41.47125157902118,29.716072407506676,-4174.268727104751,1.9693411789198356,0.8965542721851617,-0.7393922635959241,-0.673274892250183,-0.7393922635959241,-0.673274892250183,0.05150827542426968,-0.053368654419654764,-7.4638561558449465,0.011716569945775367,14.51710776924795,0.2567197150461719,0.4175372849456891,0.003957409831072102,0.04935469002214315,0.03383100109026921,1.2483974022335034,0.4536886915535066,0.0,-1.454599959767033,1.0,0.6296348905202295,203.89807506119467,0.21804363442857486,0.16136193921191452,0.885899192984191,0.09603239959242153
16.114624224939654,-0.41512256313047363,0.260362629875041,0.028427809661674318,-0.09811659314616783,0.0015930493118706125,0.011846361838828964,0.013401066562210889,0.03858988424553973,0.0,196.45579081847052,236.49071812487557,94.09381584252769,2.919376840745388,96.71309187962832,461.1193403670311,32.91744400422175,-3256.025526032578,2.347775687749177,0.5193050595654082,0.4324994021339788,0.901634220265486,0.4324994021339788,0.901634220265486,0.07502515568089468,-0.0335149675488429,-6.6895441121413715,0.0005171456074024913,51.14974635167792,0.6058658257594024,0.42658579437350547,0.0,0.30672420433522113,0.006685431286961554,0.6400002587457233,0.4657719752792672,1.0,0.12884558490857054,0.95424736221566,0.3699960383381069,240.6347556019914,0.14240732407295326,0.058965618216263296,0.9373371009025848,0.1396888090173112
14.097379256686294,0.06422131322269836,-0.03761041905595823,0.09120939813834583,-2.835460617686921,0.014443906358085751,4.97553675257572e-05,0.22885918265014601,0.03424749037915406,0.0,200.24671051987843,252.18234544868696,36.920533649223955,117.24959272818478,33.42397977981078,202.0374052807782,78.87887229523275,-4404.371259362246,2.894805889002375,0.03528399941770122,-0.37347653741307074,0.9276396261490467,-0.37347653741307074,0.9276396261490467,0.08296078435832611,0.1018510727597885,0.9053522088628211,0.007837852655991937,-7.531362697229787,1.4861369850356707,1.1339612553256957,0.036996702258991175,0.25550796668339826,0.012867531042348468,1.340414173785138,0.40340273942775035,0.0,1.563392880296941,1.0,0.8057731395747536,200.31634125111978,0.2559223431998092,0.15368206567509504,1.001233552599392,0.06485032748327473
16.67942908083371,-0.3939181006106949,-0.04580818016681276,0.6684949679761809,-3.0379750174845297,0.018783124897294532,0.008679867930546977,0.30082828838370096,0.1444029371070454,1.0,217.43273708547682,271.41409777007095,34.32192962146279,134.32374165822384,20.548261589025945,159.62266587284952,4.245642070713427,-8000.0,2.0251756157743963,0.7093958205800527,0.7690308592589181,0.6392116531380588,0.7690308592589181,0.6392116531380588,0.05191740021246643,-0.047463614213312015,-6.570329022792803,0.043440488407491686,-9.960197994574752,0.037565884996167774,0.425708589500064,0.6785027557306071,0.562447612874155,0.016165383471178903,0.9534568769371379,0.43283975124842167,1.0,0.09380613231123491,0.9136573903111259,0.7750978447764845,274.45984300898,0.22830519219489798,0.17579047933723874,0.9932951356686096,0.3092312714564102
15.615723281542062,0.01854214487231909,0.07689658715737456,1.4427335719426326,-0.16665896446809203,0.03206878468953098,0.0030783757670194995,0.23770600867455682,0.019595654841882314,0.0,188.01888821260187,232.3879622087984,47.80456715266055,7.374238724715627,158.29990465061812,52.85230035051431,95.86356021595306,-2132.965934026401,0.5267044468848178,0.9846025020724225,-0.5285813283559292,-0.8488826652214553,-0.5285813283559292,-0.8488826652214553,0.06007598386173906,0.08003059277734169,0.28954900337239897,0.004658004899828099,14.458010824673003,0.7134462854335685,0.9894826087892,1.4255519564630152,0.11003400143712687,0.008341294891155674,1.285750795285112,0.4521620522798541,0.0,0.43492549716697165,0.9735240481716098,0.2156377841755502,243.28339722530657,0.21619252931061927,0.14559940784131886,0.9152045459272876,0.32168145902574247
13.818220789724895,0.5415972051609373,0.08191041689121384,0.13058011236489278,-2.1087706580484284,0.035190623634267997,0.009915399802048294,0.34416234957945974,0.07188695606637371,0.0,236.02898646055849,299.5863717897013,41.80828457612286,14.81742765414994,222.35992904697252,7.104751937140393,7.9601699597901145,-5956.048385557753,1.8530609974841694,0.2580529559719613,-0.9666180104000972,0.2562218218071163,-0.9666180104000972,0.2562218218071163,0.0026467037026770925,0.05612297539034666,7.4839097600117634,0.024740783703918575,19.333232679395014,0.07608401198995496,3.5191468429237034,0.20791247153075662,0.2786206889603222,0.05896864260483488,0.9558853948461243,0.40955272143476434,0.0,1.286245780382896,0.9942333058967204,0.04439534318250134,250.14794047579025,0.026960961600501602,0.1906115928923057,1.1733393974806665,0.031131494858090577
17.345483381189865,-0.14286204938254135,-0.0535087153376712,0.41934983745832105,1.2888443300236236,0.05620667424881108,0.011371277991468033,0.3798709195313028,0.04068599761569509,0.0,187.84716593778447,257.1796518224493,38.91945308443343,21.412234446836067,48.55204974600024,76.60212325885689,24.41888210679043,-3345.810170707021,2.8085171249365812,0.46346556546109996,0.9999300657962057,-0.011826390691832589,0.9999300657962057,-0.011826390691832589,-0.10381478117458316,0.024517713119848683,-2.478011303367597,0.015455427326322485,-10.051460529153195,0.48727674920036773,0.7353246090843357,0.41011165145780354,0.7275147023580983,0.144842283871597,0.6607975107977134,0.32960542794977876,0.0,-0.28552778055057204,1.0,0.7077052741394463,200.36449726877277,0.3332166718175248,0.19989970778840493,0.9392358296889224,0.16639171708965697
16.34187722665283,0.00904033747425595,-0.04031626769300489,0.26835370964332905,1.8555720406197684,0.014668425481875027,0.010866620684887323,0.25899446584483976,0.005910315617733395,0.0,182.26054166828666,246.80900707311787,58.40694199139645,98.16329003905412,48.400187248429845,45.21975034167872,79.66121170901718,-1005.9238510194165,2.354934503871156,0.36127440105128117,0.9912685467787256,-0.13185851571739118,0.9912685467787256,-0.13185851571739118,0.0013940520750006817,0.5532932168837917,0.14773608509179947,0.0015307390363892748,-7.348064787770718,0.3377537314432715,0.9609287755056365,0.27128973425555575,0.6928271849899376,0.014689195440659594,0.8793914193806904,0.3861143581815015,0.0,0.16585797047154005,1.0,0.5339427072225277,178.13430895763435,0.06361042342960689,0.19240697594234893,0.9113027083414333,0.40403078734612363
21.806559419907444,-0.8275684537095921,0.05411308382180405,0.0729451902707194,-1.7071621293346457,0.03776470624571505,0.0004878093066386765,0.584149488227236,0.06181046129996009,0.0,207.7013917457784,253.55766596756848,49.15840476801308,89.83734829823025,4.958510571932639,4.703054359995771,26.944623745254958,-4079.571675854776,0.19826947719796378,0.3904674942298634,0.14782713347053048,-0.9890132145779883,0.14782713347053048,-0.9890132145779883,0.03107863862097085,0.1822251688088704,-18.046420659859145,0.03610654933546106,11.239362821444667,0.08588097872150421,0.13754056470875095,0.003520016867950837,0.03598266267804516,0.027952216793780023,0.7405838671955981,0.4187167170238216,0.0,-1.1474546564541448,0.951819146762446,0.879602081217779,260.08561013533716,0.04200510785151118,0.2496754072958829,0.9884708073641967,0.0037002932951210534
17.30265644730299,-0.46344574106135616,-0.08275842407346615,0.23794420834371105,0.5791648257419073,0.005755671573477837,0.0013368088610685063,0.06556497819708693,0.0919767665068369,0.0,178.56462679827501,239.9019493611006,33.72625465414951,18.682436946088878,25.47185690264953,146.7961589913651,431.1665659288301,-2146.952655111035,0.38760639418978216,0.7213999938753569,-0.6644834655228552,0.7473029667054296,-0.6644834655228552,0.7473029667054296,-0.006763502828312518,-0.2163443969413461,-8.018842439550387,0.0060304546906593155,-14.777727109091861,0.08649566333217353,0.3905687316711525,0.21990924708485407,0.5221482645390468,0.24514562622703356,0.9084722738170351,0.4766189550721293,0.0,-0.44255468217882515,1.0,0.7433989588033137,248.55576512446197,0.3228367402416755,0.07949554797632716,0.892823133991375,0.04880234328165252
16.266016534516307,0.31341937344727444,-0.041053398801501495,0.8732723907570952,-2.1711883388698263,0.015380314371943394,0.02045819876264736,0.0,0.0236911446597924,0.0,250.47700707856364,301.64642804046423,105.06571546138288,74.0769383397465,22.862808148570906,242.4019773845635,80.99414437023152,-1195.5542827602978,0.24748642508914856,0.37840438975605006,0.9871957872910085,0.15951325197263655,0.9871957872910085,0.15951325197263655,-0.009041805936980755,0.07404443723783277,5.098084710731107,0.0,-10.282932462202787,1.0025548030249125,1.9949251842462854,0.8821219610104944,0.058587562129491115,0.053559062949161323,0.7914168224722439,0.5720041978492529,1.0,-0.26125530020457954,1.0,0.8617405696585424,258.1374276871257,0.056741989037183325,0.13190262042209297,1.2523850353928183,0.4279539627581867
15.78654652107582,-0.06831354737635348,0.008959276736843465,0.4294697043041565,-1.2341265975773212,0.02000355413841662,0.0015016968461362323,0.2609245930418693,0.050372800316814625,0.0,235.28389156089912,266.74770188240984,60.35601685869075,1.8434660243041765,67.02794331418926,59.169750034422236,93.97309069191722,-1401.8557286101386,2.855692779735034,0.9410841254587267,-0.8616928164028522,-0.5074302810827518,-0.8616928164028522,-0.5074302810827518,-0.04820590195091612,-0.15834736133194405,-1.0784349936765212,0.013143502423044202,2.107973496215564,0.14491998123784636,0.800902091647524,0.4108304187434971,0.053986076586109634,0.01097168504307003,1.2305419376724718,0.4837640382201088,0.0,0.33582619774050537,1.0,0.5593078537308417,279.6288901179945,0.06458896921647894,0.09971505793442145,1.1764194578044955,0.3063120632309207
22.43566481492561,0.04221107564532556,0.09959386848222582,0.4507068220871103,2.442874136538408,0.011298360759713855,0.006372475873558215,0.022574690982230514,0.029015710185905697,0.0,169.5059192927608,229.596859970227,32.522262671404995,13.41998562193559,10.947901930652534,7.101487448793136,2.4598442028218774,-1041.9708858489523,1.1355165939701444,0.7896584537635604,0.2821076626819194,-0.9593827529490743,0.2821076626819194,-0.9593827529490743,-0.0500869371636013,0.08925015281197074,0.9470335446559939,0.0006550206910767794,16.881750233002002,0.5850365568616144,1.0985999616557942,0.4264253954083987,0.0029959843840034112,0.04876848681482618,1.044536769537191,0.4976142920624428,0.0,0.23728819442396093,0.9191153257505836,0.90240350059219,202.70599108406668,0.23153395183243086,0.05383874645256545,0.7789774411370899,0.0371654634538105
15.643883010525682,-0.2015780985905929,-0.06045986161795408,0.4108517054208133,0.2770764804763166,0.017427961073558554,0.01821699819268219,0.10794466656913954,0.0012006428528338945,0.0,197.18483555822243,249.37681017257665,59.99671771782152,36.23555401332734,32.12717883995016,3.765610891480119,274.4832845088763,-7180.898741875963,0.5736819520958301,0.02764702508769512,0.6482618097757122,0.7614175109532997,0.6482618097757122,0.7614175109532997,0.0919074257383035,-0.27503748342165396,-3.153464191835447,0.00012960299241777522,-11.921767871009159,0.051376212986418555,0.7353353278136541,0.4271971867015794,0.7683721564151132,0.29734013228346645,1.325334099875008,0.44751933016689405,1.0,-0.44050800558309,0.9689971304939972,0.776172426714852,205.62900808416285,0.018156005502855243,0.1065723292312799,0.9553576991642412,0.5311193336160904
17.878204257188777,-0.20410509454954942,-0.1842384462030672,0.045269985310399115,2.4246101795367405,0.04610816634800716,0.00022023280261064253,0.523739302459172,0.02400480023549655,0.0,204.691470724772,293.5946907558116,76.08752941055236,32.1258182741804,102.97190546800013,500.0,64.12844235281995,-1801.9766285371788,0.26980937211630346,0.8185488820337248,-0.97139528468375,-0.23746831555846842,-0.97139528468375,-0.23746831555846842,0.0937173184940071,-0.2215558896167958,-3.6490325702896724,0.01257225733101073,-37.71203851735261,0.8419938767000936,0.5913925218726548,0.12101114938844859,0.11176787958428713,0.08633368450426814,1.1391798632613934,0.46014394135973097,0.0,1.4529812196233434,1.0,0.3513365878590168,251.32009892271893,0.29219565421870536,0.1827551749525554,1.02345735362386,0.49244153730935925
13.769109101094264,-0.21549380585986425,-0.1916597467518211,0.21330236034872405,-1.7263189598946505,0.02088392190242941,0.0021437863692727716,0.23429463157556651,0.027374997452902422,0.0,244.5743169196493,316.4333798688277,58.13467840832965,27.3276752054225,89.97140525937482,380.6107221785912,23.787865539652508,-6724.017277733357,0.12288881154447276,0.7728574224386586,-0.8692328164574792,0.49440298420761813,-0.8692328164574792,0.49440298420761813,-0.00013235656230517622,0.06878151249802542,-2.967157723494497,0.006413814942609845,-46.87505164281962,0.24252256338974476,0.6336079293407176,0.22055082886411542,0.19403769805063917,0.00028201002277225074,1.0313461677443692,0.4652121874874406,0.0,-1.2091951193949464,1.0,0.4278073728670178,311.2710410753685,0.030799162093159225,0.09800498926179527,1.2228715845982465,0.049327070399634985
18.70149359730129,-0.06977165498380761,-0.12594130667061335,0.3489023169181215,-1.0679885490781822,0.013324664691809625,0.010803999308763912,0.08443576938423608,0.35224366844969385,1.0,210.89017634758494,271.5574287016028,44.594907018957265,7.4331892980070595,28.509792280912926,24.45462548396757,37.136169250701016,-4310.199832344637,1.8768138842733095,0.5164937283812335,-0.46896519100763184,-0.8832166493127127,-0.46896519100763184,-0.8832166493127127,0.014076180254646348,0.19953382271960507,-1.3048341589527925,0.029741965156275665,-26.559784373210924,0.6270249030359681,0.8645924408689185,0.4061116310917784,0.3352371121291891,0.45921483797897616,0.7021587334281963,0.29909203517969074,0.0,1.6426419126951164,1.0,0.8345269223592685,242.5822334335796,0.1961834177670199,0.09372203977230208,1.0544508817379248,0.22539053716304364
16.434175152911365,-0.36837555077452366,-0.13131677181999374,0.22584521418200912,-0.18251309685311412,0.04348121933603855,0.001326199087891354,0.36985163010021904,0.0524349127065169,0.0,197.0915730392448,250.8291305585675,36.10559420185193,82.22414599591772,11.412680120723026,183.95363032160418,179.75671338277118,-1290.3454304092202,0.13529778901533385,0.49681739674641356,0.8992961915530253,0.4373400963303323,0.8992961915530253,0.4373400963303323,-0.04904290285185094,0.10052886975060263,-6.053948323478716,0.019393137938667964,-25.88142912443814,0.2434625609661198,0.3987021035406209,0.25692533305794824,0.004195275539242438,0.2878984530049181,0.6867858634127355,0.3157189527893976,1.0,-0.5674530921381583,1.0,0.8798138800090332,224.1745068816641,0.12260648693171496,0.21762724673524297,0.9854578651962239,0.21245060463887203
16.30056154899976,-0.2690128750991264,-0.015461075861990903,0.00322815768348465,-0.12516057885777032,0.04723826939975443,0.00805182167513041,0.48496629951962755,0.010851004235368427,0.0,187.84069021135707,240.29652403722736,76.44246785703828,11.84625262446314,31.010799718484478,45.59773801792846,330.23891997820243,-1962.804708530572,1.3007891712354043,0.8355269034669534,0.8307970168121247,0.5565755266413303,0.8307970168121247,0.5565755266413303,0.032128742496972694,0.17082346690704364,-4.385060928026695,0.005262371370098432,-2.9042191613265236,0.06739565999479526,0.5463104927900032,0.05744582641687719,0.22804045189914285,0.17691542659902607,1.1517065320583024,0.3067559062869268,1.0,-0.38859546030569636,0.9278397847456976,0.6950491192562844,283.1860500179715,0.027566110397803316,0.29021625465898276,0.8714303278609441,0.4559159978057338
19.73473181351553,-0.24307440162134264,-0.11888801535976051,0.028155858464511137,3.1268143955564156,0.01642256284476138,0.0178889881716611,0.12327907319637704,0.02923096457286189,0.0,193.15355316971517,228.09821211521856,59.657893190661824,79.29486490158278,56.91746833469785,2.3248799261868207,76.42629000845595,-2555.4198694715114,0.440960176491969,0.42478528916303493,0.4575313760742512,-0.8891934772070711,0.4575313760742512,-0.8891934772070711,0.08798245858071,0.0747637117527692,-4.797008126727961,0.0036035662211785454,-22.963642596033417,1.198087325603691,0.5489890084820511,0.0,0.0697197236624994,0.000545467327900501,0.7100276836670234,0.5242533405221995,0.0,-0.2644977044301864,0.9951695723299255,0.5895109546342912,207.2641245186286,0.11335355839386646,0.19646820820790545,0.9611026945095549,0.3135430953557023
18.823492833750528,-0.324737019543398,-0.0702754959821204,0.7037732140539376,-2.4225115069549075,0.012941706113811735,0.008862129582883235,0.01849334777781661,0.006465379455052356,0.0,230.42873786466532,254.34392945666667,72.24106043315587,67.98667411202757,61.802701725405555,103.8620691280938,24.441907813043855,-2426.634702017663,0.22301010832719587,0.15946234329329845,-0.04084439154329611,-0.9991655196610109,-0.04084439154329611,-0.9991655196610109,-0.07646153899723468,0.034499219806466384,-6.112684960228657,0.00011956651077783366,-16.193493841973364,0.01130092771102583,0.4555476158093428,0.6934268393047175,0.17034692711184765,0.10147294073201865,1.1441956317842832,0.5666994574268516,0.0,0.2778294193118758,1.0,0.5760205557694691,274.2510876717613,0.12701571344980864,0.004499013232495769,1.1521436893233266,0.7904586208001197
16.553545667186246,0.10577535007483121,-0.07740858849820498,0.42542183891133356,2.211461540332855,0.03300197558109374,0.01962366104316152,0.29676343766310137,0.10823021298173173,1.0,214.1111854448041,251.02279880858063,40.673508177703894,24.978217293655263,7.728795563129809,50.04563001379934,15.499807637816987,-2575.63365800159,0.006301349245139845,0.31289883284903264,-0.3271603271220951,-0.9449688462364056,-0.3271603271220951,-0.9449688462364056,0.02319416498511969,-0.10073865485168738,1.7509570879263305,0.032118770063468326,-16.574044646959695,1.1295603279820703,1.1927151138032617,0.4152831603731003,0.204126668233304,0.4984319523139026,0.8661804311677473,0.2489615104700072,0.0,-0.06964824025074512,1.0,0.931145663649441,263.146988806102,0.19956752777263506,0.22766510465175027,1.0705559272240206,0.25719065831601273
16.55612168080381,-0.09231442292588254,-0.04405078608479934,0.40639416580656457,2.2850816465806014,0.053272467599990055,0.003617669934291113,0.566683938325419,0.10981379134212153,1.0,187.52541426747,236.80965899491355,32.56911164118656,35.717019624777144,37.14174585897475,34.63907544974997,0.7613927985359166,-3434.5545565282896,0.6737810872646337,0.26520240335748935,0.9992088560679753,0.03977011384605572,0.9992088560679753,0.03977011384605572,0.026951112132252014,0.1626003617433594,-1.5283688188540963,0.06222971176019922,-8.2606419093597,0.4183781137652839,0.8072885256966366,0.43370802763476335,0.030399189277459528,0.006048439791717799,0.9496118752462444,0.5926342977482837,1.0,0.48563517931731215,0.9937400278942201,0.7399250025925741,212.52694156546556,0.4699141501655812,0.3836486539224813,0.9317575520251541,0.5603640901605785
19.38398331255137,-0.2522323146905428,0.13225043315231225,0.6478113380960782,0.334256860040286,0.010936280456826654,0.0127207299503157,0.0915524578863032,0.08003112485606628,0.0,174.8626370205374,193.27954784740263,37.68956410777413,30.603222944830595,149.0280030063315,65.0782224541837,52.029452288836055,-8000.0,0.8085082599374458,0.6810590296514503,-0.00645086419810515,-0.9999791929590823,-0.00645086419810515,-0.9999791929590823,0.026380325744462876,0.2049758465653283,-4.8892669788476875,0.007327046187978482,23.12565948812162,0.32565658736173925,0.6044129289302118,0.6874319792066714,0.5840878739282036,0.2924456351053085,0.9053925942582726,0.42083729014957155,0.0,0.5567070209405262,1.0,0.21524659644444355,172.06753365899718,0.1786392806823648,0.01282587604718885,0.874313185102687,0.09466787436123669
18.36541724207122,-0.3581387911393132,0.06619475894305167,0.36380862493777594,-0.9799433728602072,0.011802130907791503,0.018864568288505267,0.0,0.01787255486394647,0.0,174.5745032581679,216.40967637407667,58.72184545007242,237.96446481121922,231.79256537384083,31.78201183725962,294.16177964354705,-1911.1574506510556,3.6210114820937758,0.17887335004084526,0.9590788900341131,-0.28313898122818354,0.9590788900341131,-0.28313898122818354,0.08214088339242347,-0.012623138265955035,-6.577368329844486,0.0,11.555917160777414,1.074620370230937,0.44126186396279427,0.3700614344933705,0.9379864149661548,0.15578225698299153,1.152755660492562,0.49755116324497317,0.0,-0.7605677826175112,0.9370450746615803,0.10485495110603323,184.56367093427863,0.016931408061979625,0.07172512614622661,0.8179208921977912,0.22502733997402063
14.503162407774969,0.16276749322903292,0.0016129415276003875,1.136479477212083,0.12080117597852524,0.034811936940708325,0.003208327070870007,0.4470258315446372,0.0027644242100331,0.0,180.52872269009978,226.8145271932334,43.80393892534981,28.207632814992717,237.52825387880534,32.88108631557458,126.42881187447259,-1769.4611081748435,0.6731432706899397,0.644772436432807,-0.9231578729647039,-0.38442104726885545,-0.9231578729647039,-0.38442104726885545,0.10180091060855763,-0.02338520835573162,2.360643389007077,0.0012357690312321734,0.2911822737515163,0.5231106347058239,1.5092054729502586,1.1803148060808761,0.06774766691361964,0.03814956001469054,0.7878182391268375,0.5250618394428446,0.0,-0.4185419640319642,0.951415116757187,0.11171695685002941,205.1548108546883,0.1025752025589113,0.1859798537385362,0.8587887788811357,0.04313989896581451
14.245856691666479,-0.1257796441170813,-0.046102628058083815,0.705918684564396,-1.303963867924655,0.013654404512859491,0.018804883390808595,0.0,0.021913770338370026,0.0,196.7380881875464,243.50668988526454,41.08670198099342,116.47080383470299,6.885099783609937,34.708605748002796,25.693008719886194,-1046.48160313688,0.24304979382495184,0.46596694726376187,-0.957232443323312,0.28931997761869527,-0.957232443323312,0.28931997761869527,-0.011674183893633118,0.3182811623444474,-1.791838784820751,0.0,-9.070142904568945,2.106977357311595,0.7775655814846881,0.6777521107153274,0.4216468721773729,0.17470120560062052,0.6710009641417857,0.5751725587424299,0.0,-1.5839230961338011,1.0,0.9478338100362403,224.64193592533383,0.04968464906122968,0.08425449674133903,0.983690440937732,0.03836546486172625
21.055547211554604,-0.060425762391543736,-0.04332326566230212,0.0951548965293212,1.8793475253058034,0.014172857654273292,0.0010068939765427306,0.09709206103988938,0.11422069091166383,1.0,209.70591910644208,249.78006513361993,44.820017243435274,78.05877019915096,210.6118996349194,15.930709016865876,91.82865434249199,-2747.2331658679486,1.4181254374665737,0.8396609294117818,-0.8247650844733614,-0.5654755126737576,-0.8247650844733614,-0.5654755126737576,0.033658683607817895,-0.0040843559632445636,-1.2722974928293298,0.011089922294013602,-9.085145244405629,1.1066082410353104,0.8671330902842177,0.13942377417427745,0.1530426115935867,0.006100466535346998,1.1554897369662465,0.46191037897701803,0.0,0.05874055711510815,1.0,0.20237298712510737,241.27114334070455,0.3133039224450855,0.03185812603085251,1.0485295955322105,0.04436407025694628
17.634217545717767,0.0513746660529912,0.03277464699519495,0.12379982436704352,-0.010812364707241784,0.021119484142521787,0.008545088445548955,0.1491749959698263,0.09928186212760881,0.0,173.8631633516331,218.7404561359121,87.8853534009723,55.10871866255519,127.24334989777006,4.881683689591858,53.939651222246724,-3559.515702466479,0.06067212516326721,0.48499874321746794,0.017201575418260506,0.9998520419557735,0.017201575418260506,0.9998520419557735,0.004211685286302969,0.015137174073193819,0.9059520375170484,0.014810371382762895,5.698303804317691,0.6832606468475731,1.0941793121696457,0.1745902964763369,0.04898969621284347,0.034836213377599186,0.7659902615177169,0.321360754026657,1.0,-0.6156101841074069,0.9855556328948842,0.29862686167060914,214.28534704784076,0.04531173167919794,0.14742071211716207,0.856759099970627,0.040190853537749
12.650367326803035,0.38730610401819066,0.05841690733522902,0.22322385023613947,2.675645321500139,0.002826733404064124,0.001686851575199972,0.043085221827782724,0.008060124051495015,0.0,215.83774824016228,291.6961556620202,43.02404564815917,2.1254612896079674,83.35207815764272,80.06672928287924,67.93623151273906,-1881.1380495677479,4.376284827359311,0.9298039345693829,-0.03869579017652689,0.9992510374388481,-0.03869579017652689,0.9992510374388481,-0.031605764646984794,0.09684518155057902,4.899564483743097,0.00034727223271810957,12.608573738390051,0.4283129927489631,2.4152164818161777,0.25709866753237265,0.4748895479725077,0.004893796950608545,1.2404593964676982,0.4975284272254076,0.0,-0.3146232120122314,0.9972340716982376,0.4193216447251019,295.7434850450732,0.2748667620289858,0.04275290176036647,1.0762037825185808,0.025636457705558394
17.09064005069238,-0.6582548891485517,-0.09076175061006005,0.0925402360802342,0.7708924521760054,0.017181124050846514,0.012194921279223121,0.22797742128873869,0.051682310071976836,0.0,132.00266563065475,191.9348448530138,64.37876615405752,26.310206592256534,52.81615867703573,158.02400237276495,108.05687742137809,-1370.7320105280605,3.112207105819134,0.9004691278855878,0.1542040475626894,0.988039023376751,0.1542040475626894,0.988039023376751,0.01354070784405073,-0.019561251190830728,-11.249997372046309,0.011782399776454285,-11.980793017832632,1.1074439573810517,0.1461315081626225,0.09924872525429486,0.36359717861748436,0.0434914659653208,1.2383870813219018,0.40282737123839785,1.0,0.41452549363759655,0.9596684443436407,0.6160871491987248,191.06244923169612,0.054749077384503415,0.10968243844497094,0.6333939638749211,0.10807951393676231
12.959162719412648,0.4783563250535088,0.003648075561423148,0.5868753662263118,0.08997102343478858,0.0018981918787607025,0.007763446143725906,0.13165839961371056,0.028999017395682933,0.0,223.47611474985294,265.07160309638067,32.573365780813795,122.79924107561273,22.05691719235237,4.187139398860935,18.76391081079193,-2777.1693562518517,1.974366656088916,0.18528757910402283,-0.004300592702981974,0.9999907524084426,-0.004300592702981974,0.9999907524084426,0.0335749764250124,-0.16406806454861905,6.199097454228669,0.003817964220685768,0.8152577527807336,0.23006479219961368,2.9951897618846175,0.6225415328465601,1.0781402652993526,0.11417400753700102,1.1213082945990787,0.5001573386045904,0.0,1.6281555234216003,1.0,0.8525046987740879,228.2547449090342,0.045314117352157755,0.07523832686653044,1.1173805737492648,0.030536826137437318
17.97284838120264,-0.47485094619420914,-0.2031619568663027,0.057882230135955066,1.326187863708272,0.001654649474346104,0.011199379655664641,0.0,0.05281310866116249,0.0,185.73800623920107,234.71278941377162,41.29785168609168,69.04552708280062,71.39941643297092,160.85516319087827,145.3025185445361,-1891.5742205108968,3.730674254817342,0.6861663523518836,0.20496611396949532,0.9787690698649216,0.20496611396949532,0.9787690698649216,0.010846434270849283,0.07559311510470439,-8.534424059619132,0.0,-37.73489681200163,0.04109963617103105,0.34238035999377536,0.01318200687403058,0.0369538743937368,0.19912346701312478,0.8796172529626448,0.4445455302861357,1.0,0.5788120178154071,1.0,0.528396178290079,202.7836552685448,0.1926339697861513,0.05599104582203889,0.9286900311960054,0.16161460213785717
19.87842006509839,0.10834352735992997,0.021171378417059704,0.26727671000903236,0.02471154432170808,0.0291502214328958,0.01688695422794541,0.3501604480623062,0.0547682801874705,0.0,171.84543652589124,221.42073649110725,30.34369818867557,105.97492025436601,10.036839911481888,92.7626199334533,356.42392672234377,-3083.8575019194163,0.9101304222107203,0.21462474912077523,-0.10944576864891556,-0.993992768446958,-0.10944576864891556,-0.993992768446958,-0.044059060474305876,-0.0077510020044643056,2.153698148195168,0.019177685530046597,3.638204765934457,0.05193529019499387,1.3691163635627246,0.2771948232270428,0.11079676047322991,0.24309966986996875,1.052386790067965,0.4596817902399451,0.0,-1.4938138265330547,1.0,0.9404445166840303,189.9437499658828,0.23660236030996668,0.29648403937283085,0.8592271826294562,0.1422493524958228
12.864375960925976,0.7488159900288542,0.07621492419586862,0.4102017882088086,2.541588357616307,0.0163155419077657,0.006886063611074815,0.1827372578658031,0.004871919255775563,0.0,220.0628704103579,258.5435389042556,32.55561088827414,24.08326776223901,5.048243601189051,0.41368943549535386,2.4922372432250715,-8000.0,2.6605602469448475,0.8233043062304577,0.6216868902665479,0.7832658619336791,0.6216868902665479,0.7832658619336791,-0.023178031992783878,0.3684499512948993,9.633050421284178,0.0008902811653440306,16.772074986650686,0.9570875519064853,5.634519127503171,0.4252273120500647,0.34818490452702905,0.1614616741359255,1.1679939420134724,0.5027714665928412,1.0,0.17962637060206854,0.9420121892394452,0.8758681206739751,309.5379695084175,0.059418917833045544,0.24744676122227197,1.0365095316278878,0.015184094575770735
18.97257515392069,0.19626007416077554,-0.028006862688087542,0.26809525583795785,-1.9826845021769712,0.00037953605197945696,0.002620166877662936,0.0,0.02468976647646996,0.0,172.53242244684697,210.99546918068916,35.12877242430105,0.9440429497275314,201.2580917073891,17.674811351027483,118.9549817393667,-6888.806356400886,0.9710835895913195,0.6357231545365691,0.5663619330814524,0.8241566360566663,0.5663619330814524,0.8241566360566663,-0.02279537100873287,0.15768971005847524,3.7235590067293622,0.0,-4.8320918647119555,0.31773449218541233,1.5280607875522745,0.2016194726803836,0.12350863273118684,0.26565449878553515,0.8162647305616884,0.37084117279296225,1.0,-0.5407188025088453,1.0,0.009017676043144365,206.8250718964413,0.12474131273132891,0.04824062383608553,0.8626621122342348,0.09675702123691014
19.07870400992922,-0.16339645173668155,0.18165269961401054,0.08849586360934045,2.9741374948850714,0.015883912931195638,0.019347931723794533,0.34889315485536737,0.011386054065818663,0.0,145.33490530743995,210.49276561234063,45.543769575407254,94.93331921313273,22.352344609543398,25.27936494562916,100.49573820238149,-4287.394414410305,7.836879585459176,0.29411769428165113,-0.9164086366943458,-0.4002439388573056,-0.9164086366943458,-0.4002439388573056,-0.04212219774653522,-0.1190964572886003,-3.117392538956832,0.003972516324377256,26.400477897243057,0.4995697570384878,0.6144731124777532,0.11222507625631649,0.39475414604436876,0.26447755383886457,0.9432751770758094,0.38630899398616325,0.0,0.011255262803043502,0.9735244283788984,0.8634593688267602,167.20451720398185,0.039236072683146224,0.2205612400191821,0.707435403064634,0.17682044793447754
19.4085435329292,-0.12205082208330514,-0.08812384474360505,0.2056429074905511,1.9615510884316967,0.01881849674491907,0.02760022837706215,0.04430745472517078,0.037228691656352356,0.0,200.35756160708138,244.06079594432913,88.19658772553824,35.137694340158774,186.1440772124699,31.814419680178712,9.533371103941866,-4276.521128538571,1.1413385746263118,0.24912362838350643,-0.9906923101615609,-0.13612033862266704,-0.9906923101615609,-0.13612033862266704,0.015676979080283437,0.1458120438380751,-2.3688286936336245,0.0016495085700411751,-17.656278652269723,0.09640145393255305,0.7446762659430926,0.14320197120646033,0.08396139289864173,0.08491132846818425,1.0193333117214693,0.45214954165753696,0.0,-0.09595337593874512,0.9507011369755406,0.17739137538883737,210.63323350592984,0.24957012854886623,0.15546260647793633,0.9524008081074958,0.06660943966146549
18.237126620719373,0.043961179246172766,0.02174404153032613,0.04613635609576445,2.2665545590788456,0.004166270173396486,0.01964036021364857,0.08361242896493636,0.007868617332933318,0.0,185.05740409190486,218.63695828644177,58.87393575009092,15.188875493311807,14.298850059938836,113.13340788453328,86.15837136198921,-7225.119248807447,1.281339826154916,0.42957765504543,0.6866759803451553,0.726963615332308,0.6866759803451553,0.726963615332308,0.02090560481465388,0.06157316694619598,0.8017255923085933,0.000657914207802154,4.023895880068724,0.23770336576670187,1.147113091754652,0.024740441200292895,0.08961487102423589,0.036923767587538285,0.755710252806983,0.26065499646133083,1.0,1.691323595350691,1.0,0.8656851652743038,198.8369576835681,0.14798170739033753,0.14905682530240147,0.9252870204595243,0.07302618626197553
18.140195890596043,-0.3692744397200749,-0.003582474666595548,0.21897901966033875,-0.10739325651393639,0.004146441645312868,0.0014589874312752966,0.08046041087290345,0.01817770052395226,0.0,169.67281164018277,219.02570647914112,30.047625409017495,30.518505425079763,24.015027519369355,30.043141721812596,38.4986460191114,-1751.4521140941038,1.1105355595668807,0.800722971461131,-0.14144406768794202,0.9899462489023779,-0.14144406768794202,0.9899462489023779,0.048975880044359814,0.2618852603891026,-6.698710673912259,0.0014625852528817914,-0.607848549310993,1.5764776147383077,0.4162619687822831,0.22096706762415366,0.38381562148346626,0.42987915672720034,1.1415323827979287,0.31660119297048644,0.0,0.05830570954435291,1.0,0.8212253106829942,223.59660578608032,0.06645328314497179,0.02155559907565215,0.8483640582009139,0.08378161241812439
21.479168543158796,-0.5191743596301286,-0.010029766744340834,0.24269750749809865,2.118699820356184,0.0017427752124892738,0.01571704843139361,0.044991430357800455,0.022666125177870422,0.0,158.16908597094294,209.9392322678798,33.88702367972299,20.426265314443814,16.6068649217663,62.833329685866154,176.61166697327812,-4178.463120623837,1.4612681217982424,0.7961616090394517,0.9039461929224011,-0.42764620926777464,0.9039461929224011,-0.42764620926777464,-0.04288111740803156,-0.10489084256580788,-11.15143357378207,0.0010197813924213445,-1.58639903845415,0.37008807169511815,0.3296690520715554,0.20616068826645834,0.10538883712612304,0.015464120071382545,1.1257290441398098,0.17245464157804086,0.0,-0.6113916220346745,1.0,0.943353583907292,193.82619682024324,0.23781319240934756,0.12459384763259547,0.7908454298547147,0.02258003160737104
19.494015493192197,-0.33457024336170516,-0.011432216800474765,0.2087902082059424,-1.2140742390340153,0.011080908635985778,0.010276032071962577,0.06135139814369703,0.027029656333872144,0.0,153.46171586997067,173.87115250706313,78.02840656001442,11.82223711937197,43.442601681883744,383.14150356101857,151.3451220028545,-5160.021374487501,5.413649007945984,0.03337622555493547,0.9039461929224011,-0.42764620926777464,0.9039461929224011,-0.42764620926777464,-0.028873934311439666,0.037735229671904874,-6.522117507654165,0.001658307207426692,-1.7544076063983636,0.18902699964388664,0.45378252510375044,0.21291791013695832,0.21308051416467988,0.05658421364387159,1.3631715787055083,0.33810697809794027,0.0,-0.29780594930556087,1.0,0.7183128510462597,163.06876595343434,0.2598997990429738,0.0,0.7673085793498534,0.27108966399257717
21.339622947595085,-0.2244710720239156,0.010710503000947169,0.23673558819467785,1.6458689467968801,0.0199460054048856,0.0055396002814954905,0.28218531916290623,0.08068115343637511,0.0,181.88004110958406,231.26884574232616,138.5059348890799,29.032351751551357,155.5709249890643,500.0,377.0143126782426,-3090.0967766065214,0.21215892709802237,0.3022872154709001,0.9540665500578387,-0.2995947563972602,0.9540665500578387,-0.2995947563972602,0.0777284725965619,-0.019818729818498457,-4.790128039632819,0.02276703703287492,1.9480267261165944,0.03504124362298281,0.6322380651335429,0.24006343771648886,0.057648582905868405,0.07031331482427554,0.9397245645164412,0.5360608126251349,0.0,1.7209922549796652,0.9867207460460404,0.2591506783398388,208.5241816081493,0.020504280306654164,0.19644814205533057,0.8973240492726664,0.02567879432418348
17.353234712305106,-0.3528219757259006,0.08479587434636998,0.08459686566664285,-2.2591182820088402,0.06752515894680969,0.0012580816633538207,0.5192148420737872,0.00047160489718658054,0.0,233.87029092950087,296.8899899447248,56.1908611466019,9.79966688564366,188.2819270672634,108.1690359128332,84.11308115814114,-1055.4879047475595,0.291662150531557,0.4228509634697176,0.23224292400907015,-0.9726578145718654,0.23224292400907015,-0.9726578145718654,-0.008224793203646009,0.011695884611659886,-6.122602556430769,0.00024486426221395505,19.831235803006948,0.17232588877573032,0.36392762236979137,0.0435877836987008,0.1118204025039081,0.07751464055371798,0.7144779933320278,0.27846506546823135,0.0,-1.648813010236928,0.996482220869769,0.1078242371506625,270.48831106622384,0.13186669439612997,0.24207845823213905,1.1652379345044401,0.22689452163198362
15.667700627235817,-0.0376701881655534,0.13777362362747445,1.0131639213195445,-1.2123285666728174,0.0051805309487860775,0.011918166642927308,0.04522243062046848,0.1121563163448907,1.0,209.69548324079852,266.463924023626,65.93413922149728,149.65299718933366,53.496364163082475,33.69938639655465,5.175210435402714,-2255.791073307943,1.0969416421428921,0.5855820134442432,0.8992961915530253,0.4373400963303323,0.8992961915530253,0.4373400963303323,0.001506551462581697,-0.17703978980078988,-0.5902052307495322,0.005071981234554135,28.89050658439915,0.46763451537011175,0.9971256563905531,1.041562644260761,0.0640371789269208,0.061120496479220555,0.7677569323092652,0.5146654463612998,1.0,0.5144128704979094,1.0,0.5478510443636776,257.69076061444645,0.12696602458735748,0.07671678694009454,1.0484774162039927,0.3904940074152485
19.7126899049466,-0.589983894228044,-0.00022502445041573907,0.3877194987431491,-0.3409717322378949,0.01988972375432315,0.010807974598941813,0.14250976988798567,0.03647229338082066,0.0,165.05813843558474,248.5050651635093,50.74173298336912,8.199794551872557,88.66680760347036,36.46227895719721,4.837488822088219,-6834.341102433299,1.1535004777461966,0.14952700881469905,0.44216815196707204,-0.8969321743510065,0.44216815196707204,-0.8969321743510065,-0.008755186069782468,0.11518233358263533,-11.630169555830246,0.005197658136987855,-0.037142116888112434,0.3851606051163958,0.20142493833218914,0.3495116735778375,0.3515519197869377,0.21193834542279386,1.1983691444479168,0.6463849285970253,0.0,-0.02948006337108572,0.9789876123769405,0.2927060744538903,155.40221869662156,0.03807900078258046,0.1985809048900269,0.8079493642521781,0.19905271493090926
17.49577961328751,-0.0873851630877163,0.08153160721716332,0.29096196908408406,-1.1163981363367794,0.010320236828896745,0.0027071553779441223,0.0354725740822643,0.04767839908974441,0.0,193.81193390361028,262.578576138293,55.18989164425843,44.78198275822393,8.14772181954651,74.06593330853431,9.40336071567563,-5732.209959136906,0.674150117554094,0.3352830205289248,0.969843196967294,0.24372971360968387,0.969843196967294,0.24372971360968387,0.056651540936082184,0.08359285516989938,-1.528871554853871,0.0016912755438347213,15.801798469027972,0.30871783777731016,0.8574258538952557,0.4053606878208188,0.5381433972518226,0.07311249261554965,0.90443747450283,0.5822460386625775,1.0,-0.3396980916533382,1.0,0.9534293825217589,195.02590196080007,0.15687155681459775,0.0,0.9690596695180514,0.4408712100569302
15.219781648146908,0.3149548496967871,-0.07017669462667825,0.32527847788736225,-0.7098923990728996,0.018569181051464198,0.004858013152412039,0.22856658925999657,0.006751079903883715,0.0,196.6368214210658,268.3708317923286,65.24584666677346,94.5060217545583,7.436062957038169,71.19435303571767,46.803439168480345,-3936.7919728196184,0.1938267743311562,0.8855970205679587,0.321057654185271,0.9470596510722283,0.321057654185271,0.9470596510722283,0.05859043403575146,0.2570447233843591,4.793544041410028,0.0015430713074524062,-13.7993221692268,1.0235225780614061,2.0515562453290555,0.31980453672083203,0.08718606299614563,0.14428732944789466,1.196761192482296,0.5105945654936392,1.0,0.8222299177653982,0.8982136252835731,0.9837682076217,248.02668424425556,0.05968860270755197,0.15220932432224998,0.8831093611642703,0.2909970881338109
15.875016342474627,0.031999615941337725,0.0765955452726233,0.1433149572076699,2.0112774291834024,0.027018529886344338,0.0017616791983926059,0.3779331531354117,0.045509028096108926,0.0,231.656094922042,323.6573839607569,39.3417772030428,70.34569404010665,132.86180081574489,40.09606764693163,193.28672943630895,-1247.7443222379407,2.277973029821575,0.47654751341364954,0.7306444969184916,-0.6827580970759147,0.7306444969184916,-0.6827580970759147,0.055660405029442396,-0.0020051703973561277,0.507994426021648,0.017199370484490488,17.743824906280388,0.31741084760372745,1.0706728666638499,0.08475024995816827,0.0964140561993217,0.014416017248370605,0.7199897257644395,0.540643387970849,0.0,-1.6076249625082297,0.9852137223006283,0.3243519217061958,264.40340931748165,0.2635727521871036,0.23747105150999126,1.1411538178588634,0.2827623804592153
14.5963105279758,0.24489063586526155,-0.07619915238269903,0.7748623432468896,-1.5288504593749137,0.009587468471651976,0.026588558795114875,0.06154910853283315,0.025208743325483524,0.0,225.4355867552338,286.8079306818528,36.172191227748066,25.344687840270957,41.652569809516706,329.9409711853631,52.78693783661797,-2917.700254602837,0.42273944150553083,0.7441432260434394,-0.886721063082993,-0.46230483047981086,-0.886721063082993,-0.46230483047981086,0.0013283805678773947,-0.08236790164962701,3.5744997664828055,0.0015515756789165186,-17.17800062764523,0.09646142517510665,1.7454258936711013,0.725645254936201,0.39791189255666226,0.45839008288872973,0.9685306223051868,0.34976531513611003,0.0,0.7141952793640414,1.0,0.6931050925247647,265.31603965875183,0.17926358476728088,0.172234171156306,1.127177933776169,0.08900550741583908
18.895796484233898,-0.2605971902719443,0.10906599360881322,0.04583644555783722,1.541147057009395,0.0017838471287186448,0.006559044168709409,0.0959065802797642,0.007280374164774108,0.0,117.23992710837716,169.68598022736768,38.193487318132526,65.33259136025025,113.40844312896051,88.54726678842061,6.0184900104915995,-2858.8385006379276,2.391953850926448,0.4847785064963399,-0.9962102997023297,0.0869772313136861,-0.9962102997023297,0.0869772313136861,-0.043621798874450085,0.1578588755888074,-4.924191471741837,0.0006982357893006293,12.78688914069999,0.1797758600868392,0.5615659589775239,0.10321546879275229,0.5551431593083257,0.04866228055940953,0.7167473436887009,0.25356895611815294,0.0,-1.4946662014096217,0.957742017636009,0.31401319721990045,139.11055206627233,0.30664748786584956,3.8895707420327774e-05,0.5614280216813788,0.015683203808469798
19.521762809516638,0.17205280408868417,0.22106408773932396,0.012805590659178587,-2.678446063985656,0.030153817794913072,0.009380013581486523,0.3065122444935906,0.0485208572338436,0.0,194.07227252041272,258.6783769218827,69.92846987465961,25.54802402866375,43.21524853193547,91.7731100883262,199.31539378237088,-1114.8191320521664,6.620140040784083,0.4649825764004636,0.7971015927871943,-0.6038452208771035,0.7971015927871943,-0.6038452208771035,0.09626065388796273,-0.15884087631993685,3.3587740321315267,0.014872236855498473,42.90240988022251,0.7780926934424398,1.5089925492683736,0.0,0.2190899185217145,0.01456424955952094,0.700789737650331,0.47867773152124193,0.0,0.07320338415371638,0.9879925554411083,0.6208965162377591,239.30868872242382,0.14238017100816747,0.26767602151929426,0.9587098023385288,0.06633276152412065
20.08186224152996,-0.13782531097741244,-0.01220838879713918,0.3335811704342872,1.6696880558816467,0.014696741688308368,0.008450072279172924,0.057694195959282824,0.007510662098124918,0.0,165.58393100961615,207.19538450869123,35.08452837604462,20.2540246095632,61.78858470159665,500.0,214.17758230742646,-2029.6811087229396,3.7510858299002763,0.6219255250835041,0.8887010478292915,-0.45848712914008766,0.8887010478292915,-0.45848712914008766,0.04281544884777586,0.21699690701679178,-2.7677889084444236,0.0004333216108731773,-2.0215130083240647,0.03486811319949949,0.7809906784955092,0.2653929800427888,0.11541970213218096,0.0970007029517223,0.7981940039453821,0.46918725970022923,0.0,0.4041683426079121,1.0,0.4978146976855396,220.22843046424975,0.25760109003470993,0.06052975685518823,0.8279196550480807,0.0952768807046818
16.73360546974573,-0.2526457330757988,-0.21925434908074087,0.2612388076054106,1.8348361487029665,0.046085797725582724,0.015533216250202122,0.43506276793172083,0.00790609430585664,0.0,157.78786608347556,209.4031608759001,88.0476009979237,17.1186477242118,77.76278212368413,145.1070900569712,8.613509785475602,-3113.486904269145,0.3411910216383241,0.25936451218961754,-0.9708824104813836,0.23955655912092708,-0.9708824104813836,0.23955655912092708,-0.022832949069619482,0.2165683994827406,-4.2276740209051065,0.0034396472722352067,-34.59567587097155,1.1913081548209792,0.6293233854704292,0.30392444496179893,0.13446128657586695,0.04851873027950894,0.9400483481301113,0.5215435684635542,0.0,0.4442708351700588,1.0,0.4513234806508602,198.3104754112731,0.017882435717816635,0.2688204227129696,0.7889393304173778,0.13979395866424474
17.60279704839743,0.012123247083937583,-0.0548072933244823,0.11869704497026931,-0.6176448094405669,0.004136530888884404,0.010526062298153694,0.011416719809682542,0.18331901239349738,1.0,196.9360011209535,237.2200864747788,38.75979818000075,8.44848629035439,48.958953699540274,270.2543066001539,79.08387095365684,-3571.626448002171,0.4363126637265485,0.24980209930624997,-0.9093882203647925,-0.4159483918249421,-0.9093882203647925,-0.4159483918249421,0.07119094234722055,0.2514557802268817,0.21340305798612924,0.002092901800284281,-10.793529179586674,0.31324359411771036,1.0448991544214479,0.09791835058136517,0.7780920045333851,0.2058904997374111,1.0241698283699239,0.3949422729224591,0.0,0.5038508907353073,0.9353030858916878,0.563986593574718,185.39847581250746,0.04399513439043281,0.04281452728596375,0.9209742478579834,0.22226490803081994
15.24692947701962,0.48912451244853095,0.12318751342893033,1.1888491236095708,1.3978693896991485,0.0028078425362355825,0.002979130904665172,0.0,0.03616803311447543,0.0,201.95123133724385,257.92099970068705,31.029056056569456,37.693778496698116,40.28450924880506,88.46250694750579,45.27414156557069,-4485.5714636718385,0.5885423883734175,0.989353854891609,-0.8692328164574792,0.49440298420761813,-0.8692328164574792,0.49440298420761813,-0.026780445762954748,0.0753245969358987,7.457646946784356,0.0,24.877870022345743,0.6549746222845259,3.169755740485784,1.2215200991655384,0.07804469858599526,0.05331614858224346,1.3055108607026555,0.5427082253034442,0.0,-0.18064293030159254,0.931596275612257,0.7562133371574369,238.63162863015813,0.08313041961105179,0.0,0.9406850748454284,0.08871692100938065
17.402857903583445,-0.42080905797777435,0.05530767870252449,0.3737668951033895,2.608391518857194,0.0036320561083091085,0.0062507946065910045,0.07916885394867446,0.08204241190588635,0.0,144.40174319100524,184.62310687070794,79.62842389419203,47.05937242911594,40.00251364089648,335.26003860726576,97.35281808917878,-1633.9597568908152,2.022862608947253,0.8689920093192223,-0.5556819724760489,0.8313949395234058,-0.5556819724760489,0.8313949395234058,0.07053517015943282,-0.09729927651955322,-7.323280240528015,0.006495203725774106,7.986525216492571,2.6380321924560652,0.3841304185038292,0.42054519638619586,0.07440378010148463,0.009251441455339227,1.2085407554632657,0.40278979695863126,0.0,0.1776937111816153,0.9526984906080079,0.6051846191553103,176.2540236115973,0.0025608694679294225,0.011329416369803433,0.6878566138961794,0.06957210736566818
16.055384316220582,-0.3876790717982594,0.024891359867502957,0.21695962473777486,1.8894353371160868,0.08142337088142003,0.0037118553214266475,0.8376983275846762,0.003442028774930661,0.0,205.90416457183173,245.60023707390596,60.334841772401234,30.234034823260764,11.746694964281716,39.8604799115839,273.9531399678049,-3681.9003046334883,2.335607055196536,0.7377548964496445,-0.9011686968561569,0.4334685453485363,-0.9011686968561569,0.4334685453485363,0.07391422946922457,0.021837545261072518,-6.224336489076727,0.0028833817482577465,5.125234658575017,0.46791392519936653,0.46343521870839277,0.2306828016782021,0.5317282026121097,0.3289086923330152,1.0354481376236027,0.37870872867261435,0.0,-0.6121253796573272,0.923123207474592,0.879317234799107,253.08193707565192,0.5254046307137042,0.44565596970333726,0.9503745641596277,0.11855860167273875
15.958372307503069,-0.01267116834967677,0.10086683559548391,0.470078473063329,-0.6883448762240731,0.03662068217491291,0.005833766055917902,0.2071418519221873,0.025521343027701367,0.0,213.8356596429257,270.0377590395083,77.30204375027694,13.470222799911888,96.8264510142744,1.4027939639891844,31.660778500306165,-2153.343743892791,0.07491060850858913,0.13714453905553325,-0.3893781415452015,0.9210779895789526,-0.3893781415452015,0.9210779895789526,-0.04607413858405279,0.07601377901584126,-0.20221122209519113,0.005286538258299464,21.56892632565484,0.2730534699756485,0.9926810632542765,0.5898738428475957,0.14440126233075873,0.03182669883328758,1.1838689195521217,0.4408518371341483,0.0,0.20454208316377576,0.9266810772294265,0.28293058341478794,217.86521745839536,0.1324589746342783,0.10287810584498311,0.9907872971398569,0.37528983723687753
21.556313571661285,-0.1939421045403837,0.048445343924842205,0.05306270642867905,-0.09918941512749946,0.006089899924663913,0.010942940848519869,0.0,0.006025039935774543,0.0,180.5147595566572,228.4490879449487,43.5866597257788,12.413125611412285,13.210242436291376,250.02458240150455,245.89155493404638,-1233.8324624422373,0.8069748634904609,0.03022471118476666,0.4878471454423119,-0.8729290708206411,0.4878471454423119,-0.8729290708206411,0.029087915151048045,-0.1120283290375752,-4.180676820220425,0.0,8.745099610232455,0.019275284743696497,0.6123598921494816,0.0,0.865136680664229,0.04277256861819351,1.3048744750478958,0.33543823405498635,0.0,-0.3299826483489703,0.951366940115265,0.8910789840727406,171.09877489466248,0.2996822892540448,0.08825911785009083,0.8586788722252987,0.049247154290217206
16.629123374537613,-0.4713998981465303,0.12177251874511363,0.1251026989694641,1.7552552208479355,0.00732521118011421,0.006575734720577027,0.11572055712171755,0.010107922946933495,0.0,195.15316231594423,216.24034528019303,38.67403244712137,0.6170410472415608,18.72752071143711,44.252957205347265,86.45531017752842,-2644.9060768819727,3.2225233289515387,0.17541250419709298,0.6029878670694714,-0.7977503570459932,0.6029878670694714,-0.7977503570459932,0.039109535198066446,0.26662325778504314,-7.838967065023118,0.0011696944747625372,23.764292116286523,0.28932779423305877,0.34681539726296867,0.08420519520587369,0.9702665809334781,0.07236525584203948,1.138512010219667,0.40726075611651674,0.0,-1.3902723856332786,1.0,0.8290963134880436,199.33448898314322,0.016915121627838973,0.11661872684450293,0.9757658115797212,0.5154053986988938
21.304158094295403,0.052392036308652856,0.09194236766469856,0.06680710795656189,-1.3031666256895427,0.019721397856217456,0.009200626410743344,0.1156853356827211,0.07314344787146142,0.0,157.75072390714388,185.91737008746253,63.96428174266766,52.62623088367394,43.5190843842937,137.18776192865772,91.07744393623695,-3814.626143478044,1.3095739351932092,0.93773096450752,0.8964562582905575,-0.44313223418263453,0.8964562582905575,-0.44313223418263453,0.1307454599793166,0.1160168335137086,1.1161682244016053,0.008461624320001627,14.503975056842975,0.36775278969931324,1.1533740271615156,0.054009607726364026,0.06980536976729063,0.04651232765185575,1.283271346886639,0.4773638034658057,0.0,1.3712613387873889,0.9843961590965621,0.629301634705979,211.79532190015559,0.07475602286647846,0.18512927048326777,0.7764460335444733,0.0569886188174992
12.971398302922744,-0.050805811899831355,0.1521700452736959,0.07060589553236665,1.9093515690141842,0.011229471991621387,0.0018418244615684178,0.14249883542624628,0.02391252536138428,0.0,237.13652673741734,269.9275293654954,46.716720449360984,145.1066018959499,43.99778112802026,104.63128008507667,84.41367867179324,-2220.8367789215317,1.3307197932715529,0.8162897702489879,0.9958270335100595,0.09126072172931188,0.9958270335100595,0.09126072172931188,-0.03711505588169286,-0.178444591064401,-0.6590224222560845,0.003407507016097839,36.085076009679796,0.2067621501925963,0.8879888927978817,0.18366457196277275,0.41965496195425084,0.03583665531288204,1.1880257556758742,0.3983779516194218,1.0,0.14610352786604217,1.0,0.5974115482838689,268.6157140800155,0.31936812565523987,0.06987688285233119,1.1856826336870867,0.05794859017186577
18.97746849922087,-0.30354538609075354,0.035879608390625435,0.45283845779023285,-1.080260870941268,0.0066459800890388155,0.006875219507015902,0.144552958701307,0.27079084654088464,1.0,149.2356376411763,185.99105904946668,39.530383537683036,60.45638102040074,38.32548365712135,21.46324951326565,93.54982618215612,-4117.094245921348,0.4248280508673576,0.5230760124885764,-0.9999994220246925,0.001075151282798226,-0.9999994220246925,0.001075151282798226,0.07162716384969146,0.37657473529315544,-5.760523002621112,0.039143618056716456,5.354516236490687,0.5020582405793613,0.5177552460099605,0.5427385812953435,0.040087581876566775,0.023421398181021236,0.7050620449382642,0.47104561868874373,0.0,-1.5027118345708457,0.952226787162291,0.6817622623410646,219.52125577047934,0.0582431094091536,0.06649008933349218,0.7105308588058659,0.024296995776502583
16.588198513111557,0.6097077197854881,0.09052594014939547,0.18975341059455195,1.9225955313801375,0.007846401820282227,0.01151639982656986,0.0,0.004564797316831115,0.0,234.25028203828245,290.466631980462,42.78757621808357,90.67365984855533,139.38082989580826,40.250783912538594,30.399400788700316,-3475.794227358554,0.7907240546775337,0.9687805913683772,-0.9753363880767837,-0.2207236509605022,-0.9753363880767837,-0.2207236509605022,0.0008673009016777084,0.019477855034035377,10.113952690778271,0.0,21.205727011776567,0.036623052951871314,4.114330178838369,0.25418795396424776,0.34766937455741104,0.024143382029574362,1.2772284342665579,0.6442393168110528,0.0,1.3929322170263418,1.0,0.2209055108043168,302.7512909343454,0.021793269098286595,0.0,1.1712514101914122,0.21157780555916883
13.687474714664884,0.15849861465713128,-0.030712707308578543,0.24613127418299313,-2.5962093832718542,0.04144772393955221,0.010224571615961473,0.2733235139379036,0.02632429641471697,0.0,212.31540829413402,265.59949100020856,40.73048927740235,16.013937115387268,28.42998644183341,497.69153547445666,48.549730415638386,-1799.6206472575568,1.7897739175021186,0.146582102902301,-0.9467139181463862,0.3220757010206104,-0.9467139181463862,0.3220757010206104,-0.06206820917902847,-0.21882060856999727,2.169445780428897,0.007195049198013399,-6.520780992039088,0.9727281841784108,1.4392827582867302,0.20642507714569763,0.5823837980157103,0.07423970355406048,1.2376337587384132,0.5415124217961159,0.0,-0.07731192337519897,1.0,0.7456975561463115,242.66884788660298,0.1424615480805112,0.2974517843524998,1.06157704147067,0.0626878813752365
13.567064002503333,-0.0854913934083964,-0.06014608115590059,0.11149472504713727,-2.8626362099626834,0.022300732891512593,0.005138897105386929,0.39045049715465546,0.01554402386917306,0.0,217.16399063353956,283.14318120902755,30.021425382940617,49.799110832461615,167.00247754586727,464.2799234250409,203.5586588300248,-1168.8255844136495,1.944864100956172,0.5591504400060369,0.8755389928586302,0.4831474640149687,0.8755389928586302,0.4831474640149687,-0.00599935849171436,-0.16605082454945483,-1.1598672060349056,0.006069171847502453,-13.061563004784105,0.4444384461058636,0.6741184455318365,0.07761898805861578,0.20415043190453477,0.16718798958266576,0.7112508596175393,0.33293195898266814,1.0,0.3299223399882719,0.955618505798029,0.28611390188502617,241.99209500911257,0.09926726936964737,0.25402513393006904,1.0376296412118011,0.023346854444400548
17.603702602536877,0.7737626161593953,0.17067676404189736,0.039548808719137594,3.126987058658095,0.041686971838589895,0.0023219189386178376,0.45202679668214485,0.013956359595060815,0.0,176.9294105040452,238.22143784817177,38.07333157988137,0.5393025411303969,71.06763852350623,103.27407749865144,35.83412103155189,-3505.5288439653546,3.0152318331495884,0.18322212639870983,0.04514101777397193,-0.9989806246941579,0.04514101777397193,-0.9989806246941579,0.00012323805498535534,0.29755671943306894,13.62108697983089,0.006308648521099456,30.197739248670917,0.2840233162142654,6.023587601249901,0.0,0.08360047606862656,0.02436333076179264,1.074057116224411,0.5760289691101085,0.0,-0.3324424489358282,1.0,0.4999206298170444,198.14161719904698,0.027753834364860456,0.20300199697517207,0.884647052520226,0.2000652721003189
16.108462173268993,0.13148247274125638,0.021620467632268804,0.0905349679395256,2.321367568341036,0.05300847371013626,0.029156899214854627,0.4881606714340355,0.01224413042460537,0.0,207.14215673213806,273.2207010748779,53.47554291403537,40.647621891526434,65.16168226609686,50.975887989726374,295.95088361187027,-3303.526169994275,0.15282244514997942,0.3064286048043059,0.9871957872910085,0.15951325197263655,0.9871957872910085,0.15951325197263655,-0.05294450965576445,0.3649969832433644,2.1179804386003998,0.00597710292920126,4.478510294905543,0.2485637863080921,1.338695890453232,0.05136362353748746,0.04743132412431576,0.05542159867851685,0.8736237836439953,0.37857921462484323,1.0,-0.20972746988508295,1.0,0.5478457636941758,228.18626281378477,0.26218379031338457,0.4745225862546477,1.0357107836606902,0.329208545283028
12.771012344455839,-0.11031385188884951,0.08048805658623791,0.09371299742264881,2.4055018086692384,0.02136479659090403,0.009285255327893607,0.12025392064441393,0.04573147030406371,0.0,216.1834577400272,275.30940061191404,30.313369599484957,152.85548815383962,75.91406408827501,161.7416406899301,45.12318098376492,-1516.5288726365422,1.550210617647723,0.9401350189632256,-0.6250496486104377,0.7805849965070866,-0.6250496486104377,0.7805849965070866,0.015608680942576473,0.20189701069618368,-1.40881956423697,0.0054993886008972495,17.40018637958788,0.5985912771808523,0.7345223372047719,0.16834822778644754,0.17964229087354672,0.08626791286668778,1.2416289100076208,0.44310839684665587,0.0,-0.0534157277465595,1.0,0.4448452543686261,294.29211736037985,0.16904004608488643,0.17436135615597662,1.080917288700136,0.01998465077341713
14.590003136410981,0.4107645480599725,0.012374001441139017,0.2825332302786553,2.8354755362266726,0.019761505759848894,0.006793244261865544,0.14657097270776098,0.012437215390990965,0.0,183.3266341989762,236.47182383534854,42.532142210036355,24.1705013876172,18.804758610351854,281.25271730784874,81.92892965759508,-1346.762612632019,1.2485789595920396,0.8682785165486835,0.9933900548258936,-0.11478762552212701,0.9933900548258936,-0.11478762552212701,0.04789046277492909,0.2638617297174271,5.993056044521437,0.0018229347576334816,2.2684840357772966,0.5206799674361657,2.518719273083197,0.2703448741088631,0.06413504392538873,0.23580008938256125,1.1489877560179609,0.4208610125070045,0.0,-0.43095208405950525,1.0,0.7893535021418653,227.10726923834622,0.6184052281732415,0.03968783254045134,0.916633170994881,0.21031173175095733
18.46446109890922,-0.21184500232716375,-0.05865156509199643,0.3907724292009399,-0.38757005837950187,0.0031898142549353576,0.0017047181354003724,0.0,0.0523611983353126,0.0,191.0275667236285,257.5178428579433,44.38023359087841,25.15016080983959,73.61847398854513,443.81120060355903,138.32303907186125,-1874.2530644839164,0.22157990826632462,0.10179878563058609,0.7905633969115482,0.612380204990065,0.7905633969115482,0.612380204990065,0.011910032703100624,0.24332309175972222,-3.911603804468248,0.0,-11.204065764056587,0.041505442501673616,0.5971587979354489,0.38519752096874277,0.2638893802707284,0.03729128019174316,1.2298062265817296,0.545939583386404,1.0,0.8226989050897038,1.0,0.4777898204460581,227.8927503597514,0.04811054102226888,0.0,0.9551378336181425,0.33230604756514615
17.8040562623614,-0.14760451174691855,0.0010982892582401323,1.2530955371768207,-1.339351710846754,0.014439460909418564,0.013249831807339556,0.23273582650324467,0.024961102993437526,0.0,200.90330669122412,264.6944985673256,31.07828864476496,31.599722575612798,131.9126098449035,35.97051129472224,289.5818811275346,-3402.1578115332172,1.044588509921428,0.24954380556093847,-0.4383067230125192,-0.898825465016444,-0.4383067230125192,-0.898825465016444,-0.02709220446899383,0.11138323055281324,-2.627959031720522,0.005809342935610297,0.22064994368389435,0.6132710983470242,0.6837240803561286,1.2918148765229922,0.1935318630851123,0.22098309365926494,0.9987534261233196,0.5061924701399464,0.0,-0.5018597201783628,1.0,0.3925651541990267,186.10244245193456,0.22748073538628427,0.17600083003030165,1.0045165334561206,0.3443664839169663
16.273784873927315,-0.34382317374947235,0.1435994017767714,0.6697446304293599,-2.3246215153272063,0.007226156195834157,0.008613590614420031,0.0,0.04888436895073258,0.0,185.26491688192252,240.9063473952324,52.52518877818706,68.1801101712335,90.36873557646616,42.730937870138,9.361739484946591,-1525.2590817617279,1.053689195360798,0.5945074695820506,-0.6897960046655887,0.7240037789593305,-0.6897960046655887,0.7240037789593305,-0.0074236034203483,0.06580835756218516,-5.595304364269847,0.0,26.603931234467353,0.037621896453049114,0.4162315448957207,0.5865682317276613,0.4709490854390955,0.09452081340553455,0.7867710170716254,0.513725454471818,0.0,-0.5485021173076882,1.0,0.39070186860418943,237.2948065672232,0.2869176904674658,0.0,0.9263245844096126,0.08743879161029994
12.705704463332129,0.43182677502889083,0.055524007427942404,1.3702579178882144,0.007597210083298389,0.04962234250923731,0.002608072271182468,0.6055768839139998,0.010288090061827458,0.0,230.6842082153412,299.7502862782433,92.38613422987741,6.322282757446342,7.665323851966162,12.466714612071875,192.61108726254804,-4619.069327571055,0.19578853574498167,0.06135278734082439,-0.4972040784469378,0.8676336233547726,-0.4972040784469378,0.8676336233547726,-0.00022716783967255814,0.10797263889532155,5.486663382870898,0.006230229521068061,12.808511690457616,0.2557234236268798,2.668773750687486,1.3728902089516712,0.3770442949778975,0.10882848884454788,1.2968662324637517,0.6199462252738832,0.0,-1.4452730269767944,1.0,0.9442828623835677,237.30453907685882,0.25338604595809977,0.31099983016736954,1.1534210410767058,0.032046743425555774
14.301473683421078,0.28182069987524866,-0.17114731597304592,0.46350497650225525,-1.7589882795016258,0.0065406981694023794,0.00012460313603049935,0.02534408971702267,0.12066203768899848,1.0,151.78083607213708,166.59401243458612,82.98994363615907,49.14281606651582,38.0942039549141,3.420577088898122,106.29318037656945,-4850.456854792355,0.6116948885796634,0.5500846473514374,0.580454927809098,0.8142923779467267,0.580454927809098,0.8142923779467267,0.010866081374052433,0.1472030886286589,4.030451322709179,0.0030580695086287486,-25.97688270989113,0.21181149640321692,1.939952921520275,0.4086613900686092,0.284463898067235,0.11553588637171382,0.7322474203763392,0.4652131338239208,1.0,-0.914692843134886,0.9789250090018727,0.6417975623114327,156.46199441031254,0.13520876657977077,0.048893157860653236,0.7429102815911428,0.0649841607301503
17.91914538680442,-0.18006910920298067,-0.021524445657615472,0.0033296555692246196,2.7366467435939743,0.008120403960911534,0.007339077889282801,0.0,0.08022406313802324,0.0,199.26264229939008,244.90569468728333,33.812027256630515,88.25038175981216,2.1740077329621337,51.51285175108918,62.34147522557573,-1624.1845876871598,3.8582621530260046,0.5844914357940106,0.8887010478292915,-0.45848712914008766,0.8887010478292915,-0.45848712914008766,0.05549153811200156,-0.14831960130527963,-3.226684547480572,0.0,-4.289017915766092,0.3577582929017601,0.7621064923926116,0.0,0.12810703031196527,0.2360419973978607,0.7144944331137061,0.38042865926681035,0.0,-0.7397291401381438,1.0,0.8407309329930067,273.24415206963596,0.2682516938547773,0.0,0.9963132114969504,0.18881148129089362
13.191552744385666,-0.04512692478914787,0.17822937927047122,0.03472650630454737,-3.11644004214707,0.0509620100291651,0.001982557628298525,0.4669899414902709,0.0409389207466771,0.0,236.1690503671358,281.58219338235983,32.00096048241013,26.28484118968458,35.76678881284731,12.437436936064715,67.36478883875975,-1272.7791743432201,3.196172397972797,0.2909671813304595,0.8307970168121247,0.5565755266413303,0.8307970168121247,0.5565755266413303,0.013596987669304467,0.146391745862422,-0.5952942085479691,0.019118064204165577,42.09226324983127,0.6026868084932447,0.9423362672182237,0.005405471606586741,0.7850418112873051,0.04827030749133754,0.9501766021679127,0.6174033441516431,1.0,0.4249267002243098,0.9521576513188507,0.6598137174347699,293.7582377693324,0.0862890184385605,0.25805778628532494,1.124350841558877,0.06069776090469022
19.289930008245193,-0.18108204849992404,-0.021379686184995608,0.2720651523184802,-2.241861014966163,0.07791795070849415,0.00508529455036472,0.5167628293347999,0.08740710184789287,0.0,215.7897120695513,283.0799552317749,57.530525851834454,38.11505378416689,12.432570229673878,172.88036788812795,13.032425013306487,-1438.0632257070204,2.2215180190830597,0.2931229801251234,0.9312100364121947,-0.3644830148102912,0.9312100364121947,-0.3644830148102912,-0.07013483143148552,0.2917233694594035,-3.4930600413131963,0.045168741254872136,-4.6135163259975664,0.454297142982686,0.7151792827048365,0.24016611501691737,0.569636203142022,0.00016197063495906048,0.9614430094370129,0.40632572770776987,0.0,-0.14259383014653054,1.0,1.0,193.28817421773294,0.077332500268205,0.3422327861908588,1.0789485603477567,0.3066960900352148
20.84584948458354,0.020990887557545652,-0.18004786917341808,0.20787306022266588,-1.5929391949214515,0.01993662641694674,0.011575922468573915,0.1872894065020667,0.03792255658167856,0.0,189.08571290369852,262.65663785796005,99.16813593125981,111.58739892368142,49.25575833592362,63.13887025460195,24.8701523774471,-8000.0,0.6096952441241484,0.2290792687700708,-0.2112757555821793,-0.9774264960104055,-0.2112757555821793,-0.9774264960104055,-0.028116053599434573,-0.041274485665806195,0.43757288257241406,0.007102493115223622,-34.044479699447606,0.04778163615223252,1.0306499056289928,0.21915215055798412,0.6135509425983615,0.003631820280111356,1.051158310270655,0.31769056888643193,0.0,-0.8201666578486825,1.0,0.6408310678082529,205.61608570466905,0.04896050687405613,0.17153532755742906,0.9454285645184926,0.054005542483369626
17.56449300051922,-0.25667911341313665,0.18930488854225436,0.07472068658208808,-1.8915107665426636,0.016557634031958035,0.011327198892182921,0.1485644212065645,0.0003412883094170109,0.0,190.47086180845164,218.7181712552977,30.576954717699316,45.408097213601465,2.5883492131873194,35.85725325360477,22.4265613256331,-1530.6485437181386,0.9500478089437212,0.9356763701960428,0.9798567700958665,-0.1997015525660636,0.9798567700958665,-0.1997015525660636,0.008301052544831834,-0.0626495570643594,-4.508438490924518,5.070330015310512e-05,36.05706526519607,0.8270658060967693,0.5589923816348765,0.08578135670171365,0.04423715300787682,0.24858050855586727,1.2885057608938877,0.512244806354612,0.0,0.171555730233517,0.8747905040176854,1.0,258.0498382845796,0.1840807113536942,0.12713738732519228,0.8331105060104916,0.7670441817347833
16.738688901639758,-0.31647689481879027,0.06823925098127927,0.0779281791004346,-1.7229848981941793,0.006763392468892831,0.000795852652874176,0.1501081993437251,0.035998627231935386,0.0,181.0439704558172,252.21147806805635,37.79626619446323,6.0971662721252065,218.25417283731258,127.12451652616816,36.500500849599455,-1425.3454028787428,4.868684170207713,0.38887114069907747,0.4169258813287287,0.908940487313808,0.4169258813287287,0.908940487313808,0.056206224247705695,0.09530926184773321,-5.297408286928698,0.005403689112631808,12.35430493858182,0.8146664462328999,0.5038527709067325,0.06693714963873534,0.008456518005979243,0.005100430701221452,0.7322674036721931,0.4169060326035535,1.0,-0.44804865408853556,1.0,0.09536846286470836,210.99889921452663,0.8529409039116836,0.04562827495742063,0.905219852279086,0.18867685882595267
21.49033732316841,0.23931699580159285,-0.00700128588128004,0.4052489687627138,0.9804760193409594,0.029319915126315307,0.004073430627444695,0.10456865846481514,0.024874824115937888,0.0,179.40713144568647,211.83545365529244,34.01710036251919,61.65951100660213,31.350387848360697,128.1049447143504,113.83469682302079,-1297.5928270541044,3.655644764497543,0.5852690631138904,-0.07518957641475855,-0.9971692572470178,-0.07518957641475855,-0.9971692572470178,0.06489232207682759,-0.12993151008162726,5.1430029669435084,0.002601126987351856,-1.256080616391637,0.44645235359291746,1.7020920855841972,0.42378318591227165,0.4041494792444276,0.052441983985161505,0.7736690065726661,0.636491961768137,0.0,0.02805304945650159,1.0,0.6130399890981857,241.2181567324054,0.12938176353757708,0.1141935759745986,0.8970356572284324,0.03786355708002672
15.941090484072737,-0.9703129514809683,-0.03714177360820686,0.13314551414849896,-1.083773575208764,0.013826603681880288,0.021824120240389763,0.25445267290515766,0.0233325457002931,0.0,202.41417641353888,235.29594773012656,38.30800761486232,12.351358112832976,115.35986495209015,46.33746871276068,119.89705475028035,-1148.098470449506,2.6331554308753025,0.3015745742535145,0.3373010691361842,0.9413968285264122,0.3373010691361842,0.9413968285264122,0.08873426707937276,-0.26336372332550123,-15.467846557425794,0.005937028619121323,-7.518021515443307,0.12016194667197806,0.08578824140537555,0.0897147871058215,0.1256657167525177,0.5557013866939488,0.9579016629049456,0.32875002507593964,1.0,0.36120176976912527,0.9885955478756399,0.2600639022574721,246.8797212862678,0.07530014767196794,0.17750093205212586,1.0005287681466946,0.04440787132308548
16.19712970150754,0.1715408930362522,0.10823519297917356,0.41506280865412803,0.7227195063426883,0.01522693666694481,0.0029815580396555953,0.23432929616921372,0.06123771618293802,0.0,175.34278413299282,221.82849859808235,56.86692692603516,39.91370213231645,19.896171216617606,151.0966733648721,151.19548947105898,-1205.736765651495,0.6377713112123015,0.7026640044149043,0.9897936029670716,0.14250832791617088,0.9897936029670716,0.14250832791617088,0.006530719878965242,0.2295438080210356,2.778470093620608,0.014349790932157935,18.97826007814005,0.10707502308826837,1.5270932388182321,0.4491421021060994,0.1293595966552187,0.14981993946100372,0.9217719960299243,0.47373098522076657,1.0,0.5158785929327331,0.9897740369466285,0.839432510775981,217.6086501125805,0.005591548668788454,0.14421202883764098,0.8677486765038677,0.3132494337199916
16.57315519490722,-0.3451762480023838,-0.05419834002261925,0.37294586280576536,2.4520629146966426,0.01339683512691338,0.004498838188121067,0.2591727076390001,0.008108134378784713,0.0,204.88577675957217,250.1126796775834,31.127093082862633,50.94499025622296,101.70633060685861,431.29378061427224,189.35114145742364,-8000.0,0.2874506684358187,0.10144127105864253,0.017201575418260506,0.9998520419557735,0.017201575418260506,0.9998520419557735,0.03816545877512468,-0.0901902520046866,-5.720659527739289,0.0021014071408504958,-11.104468994613754,1.3937230697515057,0.5061872444331922,0.36263591169788506,0.038046042444586,0.11674375859463858,1.2232675951233203,0.5508356436771115,1.0,0.10288989188821188,1.0,0.3735361466318856,256.6630110927034,0.06697916261151222,0.15335633141277114,1.0244288837978608,0.43724726227383753
16.696669658517315,0.20631320598205177,0.11482564245159883,0.15394697849865624,0.6443831623029528,0.01287150892349824,0.005227511955716353,0.12344295163456866,0.13023914690548033,1.0,234.7390939477783,261.36283475202515,45.92399371996155,23.21272795435688,34.35002949696493,320.3316422998516,58.31563011008423,-1035.7391304723199,0.24798212008138731,0.07164154309466397,0.5230943033491326,0.8522748088519838,0.5230943033491326,0.8522748088519838,-0.07272307672014848,0.00368971574404186,3.444743446471957,0.01607710471238069,26.954067271059856,0.0856483977792651,1.611471083875753,0.12976380039176139,0.37281773921189665,0.045359922941304295,1.2652563935355046,0.327100346393609,1.0,-0.5529792107806561,0.9873998362267734,0.7087620820984424,258.5211456764485,0.048738888404767006,0.14413958690635154,1.1589067146002874,0.6064351444079684
18.095666123933103,-0.24231745910937913,0.0542195285724256,0.23420114164800676,1.2222855759752251,0.006633366613641151,3.633174589097687e-05,0.16772334954668705,0.06042452382621403,0.0,204.62078584296964,264.36895544535815,32.086111120849175,13.904533944549296,76.7030579435209,11.266065935423352,338.68390923498777,-2716.3696337868405,0.04554022175885651,0.7442837605818863,0.37945284372454435,-0.925211078289358,0.37945284372454435,-0.925211078289358,0.02149407865807415,-0.1220250082016131,-4.384895836043137,0.010134603530896215,11.094442544525073,0.45719024046962753,0.5126196244371425,0.1944632010628577,0.6944896260677322,0.09256054119105905,0.9766148374884807,0.3551161506732924,0.0,-0.41108555215192705,1.0,0.4378775415374705,243.28127433353905,0.26390883382432334,0.0549058954493539,1.0231039292148483,0.4399215762492511
17.52148093032159,-0.013091793353045694,0.024468192548734995,0.1132242147291326,-0.8450677004796825,0.08400690617465438,0.0127394238650093,0.6929446582558533,0.03370572186044681,0.0,161.47154529004172,221.66258166094076,30.165550348537046,123.44932723430166,219.37586309424321,66.9040719464235,0.6532901652795038,-1289.7300095993742,1.1344452810980825,0.7266679583153499,-0.8035476485339116,0.5952404359043674,-0.8035476485339116,0.5952404359043674,-0.05376320507304309,0.2553509629825998,-0.2293876075791011,0.023356199915854158,3.950916861298524,1.3797563221172247,0.9555252608274426,0.10115434170579851,1.436628648761524,0.08633635493600474,0.9453640104196641,0.35929993381152237,0.0,0.34078790363497696,0.9756194647091551,0.15848266875474937,185.62545283605644,0.1318847283022237,0.3852826578583173,0.7876739129081529,0.16480248322099098
12.683765337197661,-0.1344167743567354,0.014551480533559535,0.28525157466198164,-2.1379262608314047,0.026630841216011617,0.0006410425069523875,0.3376131686805695,0.02046385370904158,0.0,190.80371177586207,256.61433571831714,32.83100523683271,52.27972704821552,87.16984636532689,202.8945892433552,126.44788225929379,-3100.313150277235,1.3293068831118595,0.26500133614066224,-0.9878726596350429,0.15526624985999563,-0.9878726596350429,0.15526624985999563,-0.003126959787737492,0.1706352316568029,-1.70491082332388,0.006908866494125153,2.7764764976373613,0.16921712691109833,0.6617427671279392,0.3787835375042778,1.258859972486803,0.1704107694940547,0.9912044905279334,0.21032950598916123,0.0,0.019497062597942674,1.0,0.3931732455180059,230.8395134036946,0.024095568243576993,0.10991855334347553,0.9540185588793103,0.006016264888852614
14.760028954053153,0.30902885190729634,-0.017496803671417812,0.787419638802143,-1.1273035826886,0.08139557222878561,0.003089334545169783,0.7368394460778617,0.11228854940407798,1.0,231.76697191344954,275.2651419667816,30.816061945510917,36.14546972893522,11.409699048655941,273.96529493500447,99.82817469228128,-1380.7127575545028,4.143302456903568,0.35504671272468835,0.5943761565849831,0.804187157621448,0.5943761565849831,0.804187157621448,0.15149191944360713,-0.04814790823074011,4.561274801789498,0.08273863254378742,-4.0551812050886324,0.0844124944845345,2.0409375314883986,0.7842539502970136,0.6725058631081318,0.14248366918436492,0.824442240910806,0.5836719705877548,1.0,0.22849965658521995,0.9873993128351324,0.9075622630539344,240.59431783164834,0.15033791554114972,0.4057306094948002,1.1442327440260975,0.162645483651994
14.518739251315365,0.0653240877660389,0.10456401202092658,0.4503131678265336,2.917173916716073,0.09023617404561268,0.0023650135659237597,0.7372215572138332,0.017564967421187457,0.0,195.44604569429467,244.85230496970794,53.4495729215273,20.443525732437774,179.446171756552,45.285248353750355,11.935110303175675,-5850.853376535938,1.4083978826605117,0.9572605013328223,0.22177215755648186,0.975098513039961,0.22177215755648186,0.975098513039961,0.015177711809521486,-0.2359794729525504,0.9484233971051589,0.012949272634658065,20.436622671420793,0.17033149338175654,1.1750858118918481,0.3930929910193616,0.06707265697883427,0.03354449858267663,1.3193658721322234,0.40405677176661187,1.0,1.7464039407152079,1.0,0.17598330815981222,243.3791140105766,0.12523695787635125,0.3592450542849229,0.9772302284714733,0.35810355026040047
20.003316646179886,-0.34025835339596744,-0.08653428321018342,0.30040047654468477,0.7653635010431548,0.009310232837883313,0.008403037817527461,0.0,0.21133997639519195,1.0,207.31287214649205,256.8564646729524,36.40388136259035,111.40037709723534,105.84437615359347,262.0034567816315,222.18903088102212,-7352.780998574209,0.3589675071226145,0.10433029499531432,0.8460288880917339,-0.533137056031809,0.8460288880917339,-0.533137056031809,-0.04319066095901644,-0.06938596097164006,-6.806295584487314,0.0,-17.93967079144109,0.8872286744047629,0.4432808364925544,0.34634142988393707,0.10478973490265588,0.05730014340729929,1.2489451910910203,0.48949805115526235,0.0,0.26551776098993246,0.9665481950078392,0.3285702757746789,209.0101382496059,0.005154708081730388,0.0,1.001889411875414,0.30509252617056964
16.22469365880223,0.1595969022985222,-0.16219251268302093,0.41589174867369977,-1.3979388653830296,0.013280847003660981,0.004255951056015248,0.13336158389953687,0.04538806144292933,0.0,188.42188055916316,263.7418121811901,39.17649110487243,42.761907497831494,156.9282872291544,122.85135530765695,184.26387295268404,-4436.722978733995,2.2799070570569624,0.183147066546671,-0.8247650844733614,-0.5654755126737576,-0.8247650844733614,-0.5654755126737576,0.02038945029789527,0.11403053998994273,2.589410848687312,0.006053023764158554,-30.560618252350725,1.0507566922299454,1.4561843451444696,0.39229532688411206,0.025988201535281336,0.01668990890039233,1.0964190200949284,0.5128481844682387,0.0,0.5571136830865834,1.0,0.16412962827863303,205.88762283397156,0.014912028689553835,0.049619733895980574,0.9421094027958158,0.2497800585669871
13.804892146091088,-0.3435412164998576,0.061444012289247465,0.16350603498578165,-0.30840847217390444,0.030582258130670423,0.011986151226939846,0.2233926604849439,0.14037627851088863,1.0,229.79769294560973,237.28402120611145,37.397332454985616,165.78120879321904,182.0001242825337,325.03609581328277,275.950543607419,-3323.267070385859,0.3875054839741431,0.4300383649732332,-0.9998699583618592,-0.016126573270657762,-0.9998699583618592,-0.016126573270657762,-0.025853759329467735,0.03772714081595305,-4.742549441517462,0.03135903032552287,14.11969226939076,0.24258582868127745,0.4742213302441737,0.17769398520340518,0.2043447894680476,0.011595416761039748,0.7135003406609817,0.45918306418778976,0.0,0.0063227909715491476,1.0,0.14065904522814932,255.5750729310634,0.26717533359811413,0.1984823612003166,1.1489884647280486,0.017482003655205823
16.067001674093,0.28415405493554435,0.06312383280671478,0.16190313896172304,2.108090587153618,0.008175609074396793,0.014652407038742123,0.11936344391354793,0.016191746810906474,0.0,201.20044685621008,236.84628162137352,36.218540895243365,28.010580274533524,24.251708321394783,125.22641471432657,18.463958112349783,-4007.7432272385345,3.2561571141012857,0.2820989060555251,-0.8935790198239952,0.4489059314938798,-0.8935790198239952,0.4489059314938798,-0.048037205657877564,0.021819608890397406,4.565503676349706,0.0019327026623260034,12.700543367987708,0.3832326147291816,1.9366171200013176,0.13162011144039412,0.5355829928867701,0.17009068760692067,0.9230191074139027,0.44708316015626687,0.0,-0.5897577832318829,1.0,0.8783314322494289,191.8885567134132,0.01250172563289951,0.0777957321643314,1.0060022342810504,0.23567558114850712
16.36384582802015,0.21810946522047903,0.04802411525117667,0.04493983586280676,1.058362168547382,0.0511989934110632,0.0015383443034559798,0.33116617861023023,0.14608429309421542,1.0,196.5475511511395,246.63066379301645,73.2433768964894,86.55669615700596,31.934497650519003,330.7193277924448,21.78953713695386,-2897.6342506029678,0.08271587115029315,0.6490085486322071,0.8367329140344921,-0.5476112038402312,0.8367329140344921,-0.5476112038402312,0.10515697666952505,0.04233975189396236,3.5691096624998417,0.048378177098988166,9.439022248818864,1.2749268556589195,1.5923017179958734,0.10897850166996526,0.014137743401080611,0.08070200658097781,0.8165618284735195,0.40629160538456704,0.0,-1.8614969513034834,0.948633232189074,0.7822472307302557,258.0574581838994,0.022017747189489775,0.12256651257341086,0.932257693636764,0.24558194483311507
16.86576197839922,0.05782793035682246,0.040772836961803886,0.14580454991197428,0.38109303770821334,0.012828792857212095,0.0020477279435060993,0.0,0.09309318999517213,0.0,190.95253284691063,224.6689793231781,43.85027550824441,72.05965595099072,114.86718252370432,24.495201468574418,61.675180293093476,-2090.1084816485068,0.44270316669375587,0.6906017229466844,0.8755389928586302,0.4831474640149687,0.8755389928586302,0.4831474640149687,0.05334060131333765,0.15175924629963194,0.9753121091016143,0.0,7.785676489210588,0.11778758624723482,1.1297623941005897,0.11626656207967608,1.324488928421329,0.07874871376747859,0.9444594037645315,0.4676502770754954,1.0,-0.26897993928009845,0.962379847971824,0.3680770343142131,222.42620432674127,0.13184420640027367,0.05505671099339965,0.9188443476552228,0.511038544660699
14.524384077723822,0.4648087518009093,-0.03205403783375479,0.23709769461871522,2.4200497273367736,0.008929426369329562,0.009128265676199098,0.22653300710765323,0.007947631610954919,0.0,179.5402062085782,225.66540084951146,43.80615362399295,35.29382201836651,4.614389950716766,500.0,12.575030105055546,-1257.6176543598249,6.043057919997045,0.5263880838900952,0.17117705961019986,0.985240282501282,0.17117705961019986,0.985240282501282,0.01727683124978725,-0.008371840813008857,6.751060833843811,0.00180040088821346,-5.754988562489903,0.28513820605615114,2.9366347122659007,0.30699059354759206,0.04684436977664489,0.19635343491709528,0.7627610568509564,0.6116381311009532,1.0,-0.5336109943930518,1.0,0.9155813566718753,248.2912591227779,0.34261141263851314,0.1506018031433485,0.897701031042891,0.05766426205378767
17.321548605004228,-0.44258511093845965,0.07874827043855254,0.1286783879310073,1.0834697865288696,0.010764153810386595,0.015767653637188194,0.1980215510440094,0.08456372463488543,0.0,227.754193809843,275.86306076429435,46.08096900599524,51.20152624517047,30.310499141982884,9.454738419180439,59.98935228397176,-4254.3557137157695,0.6376393502130441,0.6111973014027698,0.8009803309782905,0.5986906625177214,0.8009803309782905,0.5986906625177214,-0.019591164512377066,0.09000269009190053,-7.6662595109717175,0.01674543991425852,17.935248847652026,0.6330102072190562,0.4398588632173577,0.07621535870456798,0.0789910913616675,0.1615970375801309,0.7953891671788521,0.3785740328108569,1.0,-0.021657689825686062,0.961826314614466,0.6666370902250456,275.5948185469616,0.04563144431606737,0.22562129800716105,1.0952998843505506,0.1307970682225619
15.038768179479577,-0.49327682671148915,-0.004555812675454088,0.01952069115656695,0.8967973474043083,0.001558403905799696,0.030487793334026462,0.0,0.0526645617992452,0.0,206.14255603279335,246.27726440090632,32.80103753342843,128.33834352907405,34.593915212801384,236.51769663801508,122.61080042835337,-3631.7446368008846,0.0042159436032371475,0.43342083202034487,0.4012289854475009,0.9159777842484877,0.4012289854475009,0.9159777842484877,-0.015539474148609962,-0.19738384154901967,-7.4182758452234046,0.0,-0.9391468697247045,1.5230942475114553,0.3075649874188367,0.004875371870792965,0.3411043539193536,0.08617525987046719,0.7294322344951664,0.30581484373004736,1.0,0.7824446057612984,1.0,0.762380249833473,258.2906491659967,0.11218046431660629,0.13447117590467406,1.0307127801639668,0.0784607840203078
17.02494567136674,-0.5375791546108204,-0.04871135608151781,0.013691110857311093,-1.949244282096255,0.007262070756242146,0.002351783408487237,0.07232074321536751,0.0014309031745580185,0.0,196.99848846430123,247.96552235584133,40.87333363205755,10.912828418009894,161.12564459893719,16.771378388045576,35.41192381891562,-1656.3394054859882,0.5520251548229332,0.760387253725166,-0.7607200913564104,0.6490800741100398,-0.7607200913564104,0.6490800741100398,0.07712409334220753,0.5107701553950651,-9.152255901308479,0.00010348398105326465,-9.596063519105357,1.2768718262188676,0.31755726682793545,0.08369090015265016,0.2242125923864937,0.009724028131455656,0.9787160484663671,0.24946131766854104,0.0,0.2629598258751252,0.9527664334909349,0.24487498681749628,254.5542606373307,0.1722061285509318,0.04786299368028834,0.9384677362861868,0.052413113446152765
15.01646319035081,0.10657220861008054,-0.03118913122553999,0.10714360511558106,-2.473132843636046,0.08106459473640226,0.018003868841357178,0.912596653384155,0.1286450516229633,1.0,195.52853313941642,254.95077230578363,50.174023929524694,0.7651806904750657,227.8945869994862,358.2338983186965,121.99945974453057,-2747.7142873113226,0.6989093483459003,0.04209849784626973,0.9933900548258936,-0.11478762552212701,0.9933900548258936,-0.11478762552212701,0.015328876883228393,-0.05677186386325093,1.6003376477076623,0.11740104358554816,-6.098365078422604,0.4095365240190824,1.3220292962792415,0.11555231635464801,0.6545811178356683,0.008111687196381103,1.2961662564672836,0.4864021328238948,0.0,-0.13729722829731694,1.0,0.10925453324958645,224.29909582792513,0.056740839046747774,0.5541326344956743,0.9776426656970821,0.4686054148990731
12.962524316556618,0.10759260077858174,0.2020639698775832,0.07110877108629118,2.9225741156454568,0.010712023311092977,0.0014454796755068089,0.14904029393999033,0.010165160169688258,0.0,192.69380163506878,239.14980495960376,51.65217649548008,28.835774389764058,12.710997582068584,16.758051296952722,30.239959861980658,-1035.1829731235216,0.40780706659373606,0.31289133665588087,-0.8935790198239952,0.4489059314938798,-0.8935790198239952,0.4489059314938798,-0.15414025714744067,0.04071860157679547,1.3946717038739342,0.0015150184596374198,38.93647452918553,0.21722617463069688,1.2712968441605323,0.18468206817657282,0.39003653514497855,0.03466090550302419,0.8608135973473895,0.41073213662393343,0.0,0.16366514301780372,0.9656801321251307,0.8621098241354356,222.18824790802736,0.22040392464190456,0.15111185870487037,0.9304028791132347,0.013014084652267435
21.374620615251914,-0.22969215091531214,-0.1734976082045433,0.18594734884905575,0.6211454585062577,0.009473525183466742,0.005105294127489509,0.10955756145301525,0.0031461295688991137,0.0,176.26701746021078,219.46909645067973,37.69471344067049,8.213743877103203,55.05012872635496,143.05729935792078,36.46020575494347,-2580.4673616832015,1.8767498387026462,0.684430041394894,-0.3271603271220951,-0.9449688462364056,-0.3271603271220951,-0.9449688462364056,0.12104692578294185,0.1132931049572422,-4.909582584115984,0.000344682283583813,-30.581905934695044,0.602745527340634,0.6466815917694523,0.1724903263871549,0.01594639835252427,0.07298122829012779,0.9287860691903149,0.4083721186237292,0.0,-0.09541377291478215,0.951840605623,0.5034634325555202,217.16312675710088,0.2565999817290882,0.14559889267446868,0.8388905232534347,0.01788132034480998
18.436840446487857,-0.4525731925695631,0.049978810429579884,0.27418127516614665,-0.5297767648026293,0.018012969945161834,0.01612556796153402,0.28964510758287804,0.0035408362778830086,0.0,224.6709389919704,272.18446524216233,32.25197877795159,10.876032235395487,104.99170743410018,101.3310210764386,312.51650959921193,-2068.3467625257804,1.15074418734088,0.3296451078753825,-0.24477230089725957,-0.9695805901076308,-0.24477230089725957,-0.9695805901076308,0.009153117848614252,-0.08215810248010814,-8.344019741762658,0.0010255859046407814,11.228786268915396,0.07404629201842057,0.4128260289805178,0.28703341781418035,0.6231264821622301,0.23966131919306577,0.8078772964187345,0.35823614288969957,0.0,0.6365232686007603,0.964382876165155,0.3933367913517694,268.75412360524217,0.12587455175644574,0.2831122455087259,1.0833440316790122,0.14133989534105743
20.167616902726397,-0.041411087532301466,-0.16791104276237173,0.26741907843887974,0.5593343139761444,0.01714684212909996,0.002597948333539565,0.09839717377087755,0.006718131890890489,0.0,168.8646728423814,218.75312764269756,40.7640163817095,130.82994603173864,33.43572342867552,38.286404828301634,0.5743918749816038,-1134.7993085713188,1.670673985700716,0.07853528044294944,0.2821076626819194,-0.9593827529490743,0.2821076626819194,-0.9593827529490743,0.017168450286740848,0.0015649588498925758,-0.8351629488767254,0.0006610451910836256,-28.354243302691014,2.4657236496714368,0.978071625671696,0.3626765420413206,0.43535892518153263,0.1645830327940076,1.2757454710240899,0.3993452394017002,0.0,-1.338796454378651,0.9723098701669488,0.7751047846979713,222.5626654657974,0.47513175387126116,0.030747385056367003,0.8209439406358008,0.15633337293207117
13.862984088395033,-0.14969674481373413,-0.010823333832297324,0.06266405437038378,-2.7532166479760347,0.0024718917277427423,0.001704195876336716,0.02783676214389029,0.08613660174547852,0.0,190.24656381762588,214.14177033760956,73.3486624018785,26.8951911630623,60.78740002902187,312.5759030923617,141.98770749682646,-1017.5364761859283,1.6012028557611813,0.3450134284667753,-0.9011686968561569,0.4334685453485363,-0.9011686968561569,0.4334685453485363,0.05433474067173982,-0.000864945068644972,-2.075243591437328,0.0023977640946718907,-2.059102070645622,0.1537373634532483,0.7313619033841513,0.0,0.30618267599741117,0.1706948564083176,0.805126870799036,0.4569258443538911,0.0,1.7484185624295474,1.0,0.510552640249505,204.54191081655105,0.022511428114736165,0.0,0.9512328190881294,0.02792362762500612
17.243700914777985,0.07303284036012597,-0.04336274851541877,0.44939142509112534,2.023985354436098,0.021451288619315122,0.00036986633806786645,0.21272802236391206,0.04665649605847814,0.0,181.9114797344413,238.83478850386047,51.462804650185575,8.867145993369844,20.828233482631823,97.34157310398646,75.63614948155447,-1863.1419382734025,0.02069876823236004,0.7114947717886633,0.2717767384711357,0.9623603298276545,0.2717767384711357,0.9623603298276545,0.023270141365579342,-0.18280761851467542,1.2593564561267387,0.009925144136949712,-7.8881817477922755,0.3988680732456403,1.3011378804999227,0.36750392343204846,0.013370052916299469,0.012727199016664845,0.9278398876525489,0.5164053344684296,1.0,-1.5985286709565394,1.0,0.7738477747109782,236.63873951675987,0.2251418022278546,0.1462529160253407,0.9095573986722064,0.21762407301115178
12.668672143941313,0.8380134737521473,-0.2085028296679878,0.7151261462713215,-1.7803686076659049,0.0024067919502297167,0.009178351490497933,0.0,0.04625710134172858,0.0,227.09774403588307,270.33272559418117,37.720643823376335,45.05576560859235,116.36279387746038,141.03761847038473,66.98813371700709,-5950.189385043344,0.3418974689363146,0.12198486525331775,0.5521013427459208,0.8337770129585915,0.5521013427459208,0.8337770129585915,0.03734543088584049,0.08771788510792768,10.616517951171323,0.0,-47.35052224269802,0.0055163499542817416,6.8559724617807865,0.6753507374108512,0.4155575080118357,0.005225327347810951,1.2360945409658355,0.7722299155279004,1.0,-0.2971392625638152,0.9452421960043584,0.3744040290126284,235.303591897345,0.049764187635615374,0.11472974256753052,1.073311851400569,0.014636010527954964
19.997081116636547,0.15115772298280583,0.038903759043376306,0.2846098343931832,1.9135189922571465,0.004575232106246154,0.0082727472324371,0.00677176992038632,0.0003370291602829211,0.0,214.04032022876476,282.9633463509305,119.39568519831246,0.11957488125921008,113.62483405031917,49.78474472670154,28.489686864829,-8000.0,3.015379445502008,0.7246313642116545,0.4575313760742512,-0.8891934772070711,0.4575313760742512,-0.8891934772070711,-0.02118617336824624,-0.3298443676517462,3.0227132478932446,2.2822839298969446e-06,8.326973043746968,0.28260042124460916,1.5225119273049035,0.3252784688668495,0.2187720449365288,0.09512507206926124,0.9830425404659615,0.548470429915872,0.0,0.1254371927757456,0.998602649310059,0.28892790427757903,270.6915994117262,0.30366169755798356,0.10289055772831551,1.0687061541980896,0.09862667765794084
15.527984330969032,0.16259651447004705,-0.03800380621921959,0.2394136248538815,0.21600612959762522,0.0011830659785955515,0.03677467400854955,0.019117483568804588,0.03371623985212251,0.0,225.22462063335854,284.0904227679957,48.76853512528812,14.595328456958667,45.028235819442656,416.9640306419734,99.45583972963618,-8000.0,3.2342841894363668,0.7754557163575756,0.6166212130956382,-0.7872599821916922,0.6166212130956382,-0.7872599821916922,-0.061489766198319334,0.35054168848332284,2.52479612896107,0.0006445696613748265,-8.559392838347403,0.35433741729675095,1.4925224744880823,0.15892106568728456,0.346730259791376,0.20691794994376356,1.0459578692577294,0.6337577101179211,0.0,-1.2407568636922277,0.9428249296354452,0.7264011478964116,278.4633076452705,0.1135344902483118,0.19408457469382107,1.0617369355040804,0.45198876118806547
16.37183096322887,-0.20759267784313884,-0.2099206342561244,0.06413532427022788,-1.4038394410036699,0.030693369773727254,0.006553179026440254,0.31037444733582525,0.07095500152210077,0.0,223.91964149445405,291.4706375577489,109.14930276199249,25.717682924875717,34.418119941822205,156.603101122436,41.40691646853439,-4243.659492803662,1.0064344528984115,0.6353007444226989,-0.2944616217868012,-0.9556633054034704,-0.2944616217868012,-0.9556633054034704,0.01401163907365983,0.1585941769956786,-3.398672230851896,0.022022619383134667,-47.00535316491978,0.20624364075335566,0.6870416842795382,0.09398777709832887,0.5800493215673972,0.034934702219186015,0.8248685212336591,0.3370010611833555,0.0,-0.5050033445637033,1.0,0.7033478942844119,223.44167825993316,0.1484253522964982,0.2243435460438214,1.1195982074722703,0.22632948533221026
16.797638226106248,-0.6649593949861385,0.08395680907742521,0.008425773210191048,-2.9517779506645603,0.025198087673315845,0.001971202656987002,0.14713811247970587,0.026183068426270134,0.0,216.10119493939237,250.93613803366875,42.87039437656617,52.70897917273383,24.697752739051595,83.49146247008812,36.627009558555656,-3968.9835725702983,0.7145990753205471,0.24423404855814423,-0.9977068927101168,-0.06768276175455162,-0.9977068927101168,-0.06768276175455162,0.0715807326137295,0.1278244715306753,-11.169747352027644,0.0038525272671683704,18.14316676493001,0.3514168045957978,0.20029018625208925,0.03476110793463572,0.48522870460677353,0.047917480269451355,0.990992082100981,0.1901616136793768,0.0,-0.5007455995971395,1.0,0.7618301626550483,227.93124150611902,0.013559614219300542,0.12069445217904441,1.0805059746969619,0.0862405273194932
17.410667529187887,0.05397142247979739,0.1435006177988935,0.4038265236332042,1.9844394977053588,0.008696515178954265,0.004563363500462169,0.1671447427795874,0.012706235814140529,0.0,187.15777706967702,231.58697745186564,33.693096566052674,110.41102010793722,5.946778280253662,156.86557656619357,36.936185641928304,-1585.6947308093063,0.7997606971079474,0.8052953571950614,-0.5285813283559292,-0.8488826652214553,-0.5285813283559292,-0.8488826652214553,-0.03239012791915588,-0.3473284224866484,0.9396784928730896,0.0021237805168513,26.857256635366237,0.06439959187763376,1.1745495864318067,0.504546035293302,0.41469120143067745,0.14662077222928824,1.1095111737672996,0.45665268779995377,0.0,0.09251269886190944,0.9988026330725319,0.9445212903291436,252.36406520699546,0.16013684203386003,0.11383632846107479,0.9346684026859767,0.3039327444939884
15.590008131642334,-0.38933412063469913,0.1490124342296572,0.7730538055776709,-2.0328608854070143,0.021671070123237983,0.000618928212325499,0.11907218045575402,0.02293189569433263,0.0,191.51352634484795,222.87664903298682,36.96810249659615,1.047470321847294,64.86883366220266,198.67764734558781,31.94457585094389,-1135.106148292826,0.8098881469498012,0.21444250177846536,0.9989315138848577,-0.046215046983708354,0.9989315138848577,-0.046215046983708354,-0.03640119974098882,-0.15850573465860412,-6.069722106620777,0.0027305508223081035,28.53789674855138,0.422318085089631,0.4793540784004733,0.8253280518532895,0.30917650669121727,0.3026147937979249,1.0965343425540595,0.47740260631970505,0.0,-0.07773317744947617,1.0,0.5033993876458814,188.5299857936181,0.02977403697680711,0.07224941252635447,0.9575676317242398,0.39182293457825207
15.281070388179787,-0.45029325407930554,0.035895644065147114,0.9026182652314853,-2.816091512164601,0.044557536811317765,0.010759147201181688,0.42375202365846026,0.06358510529510224,0.0,195.89329203466687,235.31542390072698,62.91060959387544,28.456025477018244,166.34021808336405,35.27871890142786,4.989007564982778,-5767.006028173382,3.7245673066227907,0.9058209521713505,0.8806828564301475,-0.47370635037968,0.8806828564301475,-0.47370635037968,0.06105096301899687,0.27786902416101084,-6.8809629109083925,0.02694431704333585,7.03171588562632,0.9889820583513632,0.30020595284832946,0.920820777106374,0.16267617904152334,0.020138831378114584,1.2589536524971894,0.45257218370404717,0.0,-1.2289041200772899,1.0,0.2458038113918068,267.54549539054443,0.2597906204019693,0.2705815146752788,0.9794664601733344,0.2513893389994671
18.164597495716578,0.2927229887504509,0.00460581385771155,0.016191592523238145,1.607727198759627,0.003763034991025688,0.012775129735477652,0.008102302638251728,0.004093918993809752,0.0,159.7593358089305,228.5409171765594,46.57285554577787,8.28644335861951,10.388291320887236,229.02777079880423,407.97195073604723,-8000.0,0.03292678723729814,0.7066456991420821,-0.999832969770105,0.018276557681691223,-0.999832969770105,0.018276557681691223,-0.02286226025705457,0.8302482794079202,5.317195268395112,3.317017066433361e-05,0.7358217627675651,0.14999739612803567,1.9539420484551966,0.08414823928088616,0.45305241184987227,0.6326219654234297,0.9034056766921719,0.6150466055452252,0.0,-0.08534037834056285,0.9921198503803941,0.9456213321559649,197.2994933608903,0.1500159930852288,0.028521973332569013,0.7925020416981363,0.13453751400255387
15.600081146990812,0.25888152401522463,0.1328156620895797,0.33351298185821215,-0.942206221898096,0.009511214432515127,0.002448607540419676,0.13092250559107285,0.006800570513575051,0.0,217.462612788532,289.7749714573694,33.559479464301276,63.29967155483295,42.201526737337716,34.52758775142116,36.852677871341996,-2423.697930927075,1.341543669503691,0.05471992664705971,0.9559793438440766,0.2934339689665273,0.9559793438440766,0.2934339689665273,-0.0205279956917201,0.23893849301140616,4.038572782094155,0.0008903477310860149,28.88244089723878,1.2621776478427655,1.7079578213566955,0.3604581789139555,0.18442300624920852,0.021650381978206203,1.2740713510178074,0.23517769270376304,1.0,-0.35730744780495827,0.9527871024974555,0.7101293427709908,217.20266363752776,0.040083283179473135,0.043401668619837165,1.0359778637015575,0.5220102853142905
20.456475542137763,0.14242103345351548,0.16823835853400984,0.18868543646976657,-0.6953349500709631,0.002206831203763814,0.0029707430377502505,0.0,0.009338463258741934,0.0,185.07821572367317,217.85621630160625,73.63216267104336,37.97710877892158,170.64222774660385,155.0888761954887,76.00315663073727,-2278.4478855469506,0.6207247310890553,0.799287118661663,-0.04084439154329611,-0.9991655196610109,-0.04084439154329611,-0.9991655196610109,-0.018657213647312095,0.2073886820501902,2.9134323875278234,0.0,31.137255213754145,0.20033675131861617,1.379184243650528,0.16568193373840645,0.4324631397099575,0.046293053919721334,1.1218958726207464,0.5966608445064481,0.0,1.5069110255428217,1.0,0.19074002620537725,247.57371356118546,0.11529165635732097,0.0,0.9253910786183659,0.06132568375130573
17.357540437364065,0.09214300044836157,0.1133568702875625,0.005810629263983729,-1.5892212193072697,0.0003145651042390133,0.0007722400914897999,0.09223663253533596,0.005128399678749344,0.0,204.31737776291445,247.44321273815518,35.89247999024511,19.164660170995713,134.59661804291073,33.48696716922426,92.95003176418342,-2134.1863011883265,3.12590360939639,0.5064335403599074,-0.24477230089725957,-0.9695805901076308,-0.24477230089725957,-0.9695805901076308,-0.0032490490495239556,0.10499484562283763,1.5993758563024911,0.0004730263166631382,23.1607784885656,0.21631059618237844,1.1955540520564978,0.0,0.49263381959158214,0.11413612075410935,0.6674897324888582,0.4973677127102183,0.0,-0.2874661720800603,0.9433673117117327,0.23747037614617303,248.9799605274573,0.24434043192794547,0.0,0.9637316769809559,0.16333006336753805
18.071055864678947,-0.3004739335051943,-0.09415376022298011,0.1521549471602615,2.2567849400034596,0.003448494488236178,0.0007946626014677384,0.0,0.05781680182479815,0.0,130.85377837613012,179.71084329577087,67.40138237323174,8.553764472679203,103.71511795637757,31.2995524880091,9.276184813730858,-1563.0439271131645,1.8162165399232073,0.4526488963130514,-0.9999994220246925,0.001075151282798226,-0.9999994220246925,0.001075151282798226,-0.07868190479510195,-0.1694994391420341,-5.429881238252193,0.0,-12.320375273497135,0.3639233665351732,0.48975221583895445,0.12368666697560747,0.1428023544169873,0.07061547046506371,0.6848502408131316,0.25052757546171955,0.0,0.03830019304082493,0.9894715518363528,0.35400984615145364,157.0339653081952,0.09837858570149771,0.011116309374759192,0.6473804557673983,0.03654097778378773
15.731154171785798,0.15885038811353253,0.02013448532149219,0.08452761611681198,-1.2734161437665616,0.02004669388077194,0.005515754273792463,0.3224632682854248,0.0028113002597154723,0.0,241.53231468863225,300.316399315779,30.95325739704796,52.27804967871251,1.275208647646115,112.6685045164114,326.15027998489154,-3008.7951598164245,0.8859888616625257,0.4205111926984868,-0.9753363880767837,-0.2207236509605022,-0.9753363880767837,-0.2207236509605022,-0.026967005627081327,0.1990348166400661,2.4988999456619903,0.0009065410698795148,4.863128844764299,0.3054468315430018,1.58780080473823,0.08252392238945609,0.27417976997298327,0.03386166104096012,0.7546928095757784,0.5461804428899104,0.0,-0.18636230621962047,0.9700504976958242,0.9660440372838688,292.32043126172346,0.341313295338257,0.18678173686979677,1.1714927103666608,0.08567503418360503
18.69460156700698,0.1620280186015902,0.04395161442914286,0.22336030581432162,-1.8209137876518398,0.01586622069663632,0.0074408154571352315,0.11084571451474774,0.026394982364733355,0.0,182.87393304845213,206.47677909540474,56.138330158384655,23.948574408311778,89.90381533524113,51.047074312164085,47.89135567234186,-6373.237114027795,1.8828729302262222,0.6066300664409169,0.21547731504673012,-0.976508846196619,0.21547731504673012,-0.976508846196619,0.011518400956986098,-0.22024146741938583,3.029049250448324,0.002925770679823035,8.037604594486455,0.4056264852102072,1.5380954792419321,0.23211122608180182,0.1922156265971877,0.06954615890368951,0.7516748083218842,0.4912524604735348,0.0,0.011290135969788655,0.9649090083395565,0.4802907311930438,220.21694728687206,0.09731383207704015,0.13072514132723517,0.8822835269446819,0.26311827290578693
18.863871964216205,-0.000996272698212064,-0.18096169689172292,0.3361451366407669,-1.1985193168251491,0.0105104844452193,0.0001268852777715771,0.10022048587879194,0.03462561002941235,0.0,237.00558700293436,262.96058578000776,30.824447485959016,67.88518498361687,28.334275371029406,4.321630559883742,19.5658101264462,-2026.6877054548866,5.884528547197294,0.7245785007829613,0.9312100364121947,-0.3644830148102912,0.9312100364121947,-0.3644830148102912,0.011161896808741465,-0.24211703302797072,-0.018793560620516587,0.003470195460997277,-42.88893319686987,0.9703601434425949,0.9257362497147599,0.22938535673642896,0.22659841719159224,0.037419414688105196,0.908693354491736,0.48797348895307324,0.0,1.8202433807402425,0.9874956202177745,0.8033752466033142,255.63101221548547,0.0014785459668109806,0.11378053347720946,1.1702098956627018,0.42957880335005155
17.217608824297393,-0.2020117566995679,0.04693606596207742,0.22106789907525057,-1.8651662277382297,0.017733260335191358,0.010788949742639388,0.36871120735875595,0.03716559866514958,0.0,169.5336002850642,226.87799244315025,49.5488193898327,39.51628818912597,114.64302759053176,244.38512461959573,20.876960644186067,-1056.553518422798,0.5666826726528621,0.8959766157245607,0.7306444969184916,-0.6827580970759147,0.7306444969184916,-0.6827580970759147,0.057899652628979364,-0.254705865087698,-3.478159404762298,0.01370337275603827,7.957240245768241,0.8881524330262506,0.6558282720804623,0.21008988232905085,0.04510289789007535,0.06882878131418278,1.2786948804879732,0.519609151526601,0.0,0.09952901560724031,1.0,0.3131929417839312,207.5406252529215,0.16646657575122076,0.30451507063490135,0.8476680014253211,0.9497595448452766
17.316274744817086,-0.17346885021763775,0.2272991825979389,0.28318515504716407,-1.1457060374776262,0.0376758348998301,0.0033679493284469925,0.34902452811893414,0.008560911031539617,0.0,193.1285293791657,213.89295084539685,39.21934551427752,20.576176749804503,20.15328952377219,500.0,48.64254972442489,-4278.886281669014,1.5938253518870535,0.2729448129472253,0.5175855102531889,-0.8556314858488706,0.5175855102531889,-0.8556314858488706,0.09196961110974024,0.19514452930031861,-3.0038342700361382,0.0029879679330512927,43.897956864226394,0.13844776337469125,0.7106509456189761,0.2846142435246363,0.8205836042338917,0.21273453405514609,0.9239116999911354,0.4670072093104259,0.0,0.47671073854126705,1.0,0.771152938189317,172.85451002141912,0.044743154254646075,0.26227528361718966,0.9656426468958286,0.4767739871127379
15.0630097770262,-0.4823008347269386,0.06399361658007914,0.2723124189527129,-2.620488996631517,0.016740864382750777,0.00819800243846704,0.2912936322948536,0.05541448357973007,0.0,166.90902459285041,210.20706350076736,78.70526378543143,100.34185887557182,0.25818202674405755,188.97665506323003,63.446436701134104,-4270.838817038518,4.060934395503232,0.6307762729104237,0.984305844499033,0.17647097349152166,0.984305844499033,0.17647097349152166,0.07562417233322016,-0.011482810985500379,-7.264902188959773,0.016141886203683096,10.68111212354987,0.2685301918822381,0.31248661705965025,0.29968929119670495,0.39885853485025763,0.11058612717404977,0.7897220623890217,0.23037236494399063,1.0,0.45114876382666147,1.0,1.0,211.6409968513608,0.22538210048772214,0.14878277697531161,0.8345451229642521,0.13905559894016953
18.41076853205817,-0.7456787540375096,0.14734130814417565,0.00035399397865125854,-2.1455191038796606,0.02777882771665863,0.007682073164437896,0.28169278572304235,0.1393335974587017,1.0,204.38939421974825,256.82077134813085,41.16379981559873,51.78359561317144,56.120861498670635,405.75047190504216,43.2915687997035,-7004.231032076584,2.404204474156548,0.6863426114681299,-0.7157953492826642,-0.6983101158835584,-0.7157953492826642,-0.6983101158835584,0.04573261920369673,0.020171619980876104,-13.728518939858127,0.03924926921295469,30.11500071513332,1.0268849313595025,0.18852154771074253,0.08169403810396879,0.018205812320099313,0.1048965388331727,0.8645968447669644,0.32384555991608266,0.0,0.23184314051224422,1.0,0.5773533158197669,264.39773618115896,0.06922978876005442,0.10765879478435249,1.0219469710987412,0.07001543422127161
16.28884900193495,-0.1985905378631369,0.01829147301287051,1.0174523747476991,-0.5211721043182354,0.012766057314749895,0.015409074513336729,0.16920245617684793,0.0777217089435461,0.0,179.95656845229288,236.19155800128965,78.1689752211542,68.36703470557437,27.255813578002716,207.86287818222675,11.758648573270829,-8000.0,0.16539577991243076,0.6747971397868926,0.969843196967294,0.24372971360968387,0.969843196967294,0.24372971360968387,-0.007436729538360371,-0.003080787410136887,-3.2348112844656822,0.013150704051510089,3.2916707153339,0.029087034544646406,0.6468074943496238,1.0267350515199627,0.17931372298602735,0.032130989217018006,0.8545317509427991,0.2584469022354402,1.0,0.16334678307969205,0.9871141719306172,0.7549207886003707,235.22086659819513,0.3711732397608655,0.20818377955837924,0.8881883952563027,0.3739206795557519
14.099703841853193,-0.0036801216949996426,-0.007321832398382149,0.46765473271211605,2.3842605716039493,0.0009018806130608948,0.019591589342579655,0.016014665071746398,0.17935896295985432,1.0,195.4456275240875,243.31985609093005,44.27435352531836,36.972856536752055,70.42271915811679,500.0,4.495128855495541,-5662.1918390332885,2.2849983835920478,0.4930006477829699,-0.8048257371083452,-0.593511190196115,-0.8048257371083452,-0.593511190196115,-0.031153453497844003,-0.22514330823964498,-0.051888626001473745,0.002872373719417835,-1.4310201277279937,0.09076996183858256,0.9242314393926127,0.42217658889973014,0.26846849473617646,0.2709063360930971,0.67375148218258,0.5143541698016393,0.0,-0.436531506951125,0.8821087502300021,0.5719732090950448,234.13396780140084,0.04780623701068384,0.17507195115881652,0.8620214911659567,0.02879893377671821
17.844645199027937,-0.6499189344623004,0.038127139008097555,0.008682089981563086,-2.7816242755469798,0.010651843399655874,0.018997990772833435,0.19130359662657115,0.16243008208592016,1.0,152.9377271390626,197.45137635334964,31.38329514318243,45.670635542174196,26.107283680327047,86.41450186676714,143.93688019299188,-2103.7733129676426,1.504058030529297,0.3910225482037011,-0.999832969770105,0.018276557681691223,-0.999832969770105,0.018276557681691223,0.0008939216254200992,-0.13414618120348082,-11.597572793610041,0.03107345890338571,5.831077982213533,0.04000592922179168,0.17234743808848757,0.0,0.2463511887823674,0.320924380276352,0.7890505756766808,0.4923091839890589,0.0,-1.3539452330497785,1.0,0.7447273761895683,190.23685966156813,0.20271488672032476,0.268441374537974,0.764688635695313,0.019799765788351357
17.321824903692605,-0.2752113897403567,-0.08158266479844327,0.07546308560457408,-1.8053180608664416,0.03915488183924789,0.003993888334797738,0.32299565710717376,0.005502703306079517,0.0,195.81676172026224,258.4853246160094,35.16288394221277,44.28060827373142,119.67960390458535,115.9564697579164,166.4205087471729,-1836.2495610339581,3.0172721235682793,0.7623788170670917,-0.22596360824801906,0.974135744004672,-0.22596360824801906,0.974135744004672,0.029278938488644903,-0.12408524125069052,-4.767163504584362,0.001777349270212971,-15.97525323334079,0.2146718146048033,0.5392409388156935,0.10981363351019317,0.7213901374922006,0.07163375365868929,1.0266347073558142,0.2845730952837139,0.0,-0.34745358536343185,0.8860334137620556,0.2862144289270485,209.07066030357365,0.1880214579808648,0.20571708071219436,0.8675009692941748,0.08241176343789859
19.135170117424195,-0.25756152752961886,-0.09637751872343886,0.0795259012361934,2.5657115488132805,0.01831208063795557,0.0094996283226717,0.08471595407763717,0.027093582666168067,0.0,193.1761785673355,247.45426746282186,41.96132670918155,26.54254840461218,55.241351751298964,70.82144318350487,13.54553238602931,-1772.7704029643737,0.9281086760359718,0.30000980404080135,0.6866759803451553,0.726963615332308,0.6866759803451553,0.726963615332308,0.041096889912283385,-0.28105428944507216,-4.928483644982892,0.0022952587049457603,-18.617840766795748,0.22622435925148748,0.5576052356702125,0.03607153326232272,0.7566690304495125,0.04416952134212454,0.9367869340226742,0.3442193948173161,1.0,1.0634369308895724,0.9038316361763493,0.5640210635247531,208.41126437465093,0.04781715346245278,0.0,0.8729937077240474,0.11064804379873804
13.754139407466413,-0.4494434163056554,0.12663045571693657,0.03519429234298654,2.450534470266054,0.09110743557807073,0.0016232480410045711,0.8472167367430051,0.11381116990027769,1.0,240.84452564839947,281.1392763191276,87.20629917038224,17.7960044952486,23.40123109872117,500.0,99.3645079079935,-1453.8042932568794,1.0108639591250408,0.20805316239824312,-0.9975590477788613,0.06982797572987089,-0.9975590477788613,0.06982797572987089,0.03115428667579251,-0.10084201906007025,-6.181707403635947,0.09642272796781699,30.49825203978624,0.0029931685066788938,0.31984026717985004,0.0785361412010539,0.7428696459367679,0.05256788622532086,1.0598806614801681,0.29434655544193483,0.0,0.5789872425658897,0.9919166172106526,0.7255236149282658,227.57874543447144,0.20164250242392975,0.450005081748205,1.1944884357743233,0.02444465111652478
16.294097413171016,-0.4489549076067365,0.13723423428665182,0.023651850268718244,1.1275228391261916,0.01990494302223308,0.006096460247595739,0.20902046785473993,0.0031048735978941467,0.0,180.12324111410763,230.68908456434121,35.577115006547956,104.0992180260987,101.02419354941317,105.5588375330553,134.24133235553458,-2343.015512288971,2.3726405489283726,0.5458291937601238,0.5230943033491326,0.8522748088519838,0.5230943033491326,0.8522748088519838,-0.006058773568802628,-0.21626129127924776,-7.315314998665358,0.0006489821320616642,24.71907507152452,0.5568268157287092,0.3159494383632687,0.09352285787684668,0.8319949188212826,0.24772057347585316,0.7763425165886678,0.3372662366651558,1.0,-0.5321611718671316,1.0,0.37991764100254166,202.45160590042198,0.014241696573977046,0.16276457856081916,0.9006162055705381,0.14989531938645448
17.67987464182639,0.05447559296319347,-0.09911063155873505,0.20751841547533587,-1.6306527517333385,0.03276624734266199,0.0035730401738165653,0.3055805948715869,0.01360354815405141,0.0,214.22085114731894,269.9683864871618,70.07372182949706,19.451185195286214,190.5307370424762,342.1399423497487,202.15127384103525,-5505.054004285175,0.5580752667156046,0.26761085766217696,0.8460288880917339,-0.533137056031809,0.8460288880917339,-0.533137056031809,0.03934311199211308,0.11553512577339851,0.9631216546284205,0.004156980337279308,-21.231563850260553,1.1764088412675893,1.1291521640175097,0.13031467717637715,0.25717077755723583,0.0565811632970312,0.9097325512694662,0.49941365476436583,0.0,-0.09995525462731512,0.977445754808537,0.11065966873874764,263.7442335773708,0.06454191250087897,0.23325924936780573,1.046946307727092,0.8273895559839336
15.3394842289511,0.01748704281130084,0.09679988045538646,0.034801842141192287,-0.5038451045652614,0.03612983232826815,0.00392995019044001,0.43232581092979916,0.01278914592634961,0.0,179.41870965084763,255.19226827261835,52.5143610070625,6.3825648729678734,182.22996644995374,17.739951886554014,220.94868643513504,-2886.0261894743844,1.2566299738937778,0.033233162764539026,0.8992961915530253,0.4373400963303323,0.8992961915530253,0.4373400963303323,0.06304362525417513,0.13219421279336482,0.268242217414942,0.005529077883708633,17.367709645661744,0.29155462807208116,1.0853945939463616,0.062496470079140415,0.10718271995505016,0.0009609578213117804,1.245929432135609,0.4083161442115792,1.0,0.46091254399115245,1.0,0.13311748755575536,203.07224865219052,0.2817101543599451,0.3072940911162613,0.8970935482542381,0.7190478039054338
17.7632896476635,-0.24601114742145685,-0.008695997560602091,0.4216549286005512,-1.81445200476931,0.015391842546801527,0.01472984733103654,0.28439159545016723,0.003769498902842933,0.0,183.31291867006433,245.10777369443804,64.63743473194108,25.80609116082685,304.5351619940151,47.29405013783225,64.13226020038745,-1457.3850526765018,3.2868242237969327,0.05157574338230542,0.8584015232918917,0.512978386299228,0.8584015232918917,0.512978386299228,0.044008019203377075,-0.258727824527978,-4.369967268201384,0.0010720138070271566,-1.594088693581729,0.08235104309549034,0.5637057493776633,0.48628604911751844,0.09972625375857204,0.010850940738832023,1.3369776873058241,0.478351345156684,1.0,-0.31116973736444026,1.0,0.012357805147052495,199.39497681514936,0.016273571231492964,0.26132670454953305,0.9165645933503217,0.3723305242058333
13.536638860880167,0.01704437935838129,0.033980857449043056,0.2088269512121255,-2.333647222382188,0.01292966522774039,0.023123812369919183,0.03171281855390305,0.06669199713507734,0.0,205.04958836564558,273.2679412049547,44.11397796935244,50.285409102836,94.32293738280495,132.99569181914015,57.937634542570116,-1036.2500841523888,0.10617022176187721,0.6950105263868747,0.8992961915530253,0.4373400963303323,0.8992961915530253,0.4373400963303323,-0.0016006527581699495,-0.05932635284960013,0.23072360798224792,0.00211499120414213,6.96776083223796,1.1192442289451576,1.1211629793715443,0.25977891747613957,0.5202598817868129,0.006180994569748934,0.9126185429135697,0.5590946339113546,1.0,-0.3609220200074359,0.9875296046602371,0.36001487659503045,244.1706704972585,0.16340834300658333,0.10211152621175469,1.0124626946723516,0.0607343280167641
13.561179138267857,0.23548181172933735,0.046021863943506346,0.07581789009480931,-0.7539923244282782,0.019993213792892473,0.004048397064723679,0.12653725876753147,0.06486711239018049,0.0,218.60294576808778,259.4438348235933,35.23964720615192,84.80166319574236,75.81256254799165,65.88099281990202,138.52408009666559,-1596.6047680319134,1.587294644324554,0.9731458459920731,0.2882906407095177,0.9575429528116719,0.2882906407095177,0.9575429528116719,-0.04169243462530034,0.37121197626334074,3.193411032665409,0.008208106586018815,10.060515027788632,0.9242163172164187,1.6850242864111937,0.0,0.08347459133632755,0.09645136112727026,1.3059812514216533,0.5954981978923283,1.0,0.7493004834896995,1.0,0.42659810787883995,262.55081465792966,0.011750849012732921,0.03205474897975122,1.0930147288404388,0.0953877108867288
15.84949033996577,0.3142823699703221,0.09943504681243184,0.3915311103327578,0.4764011949447977,0.03517090434167775,0.016450448821928636,0.2080851015854921,0.0792929412228337,0.0,207.51450846932173,249.6517648754967,36.782211767634465,39.969594291145704,6.281157971083844,49.04870565197024,86.67076923341713,-4304.980305949883,5.626587584723,0.454688383626075,-0.8935790198239952,0.4489059314938798,-0.8935790198239952,0.4489059314938798,-0.042878371469405374,-0.19615257953565862,4.981215386866168,0.016499679729365804,20.63421486390579,0.38976348376986064,2.0716256211669086,0.34884850809307255,0.22289887880715117,0.19523872590749822,0.725014580250838,0.38532424595858356,0.0,-0.4075684360582148,1.0,0.9514811152392796,239.5613930754729,0.06666548221085254,0.21299285249320457,1.0375725423466087,0.047224949170066345
14.277031993900962,0.0806718692274358,0.008271820186318888,0.3387984061594264,-0.8800689555354904,0.027829233402125248,0.005658710858438411,0.48132963309716287,0.03228648951806937,0.0,211.20997461637242,257.67927472417756,45.04172913454714,69.38735647598524,20.245331050705254,73.45284473972222,22.296316414470134,-2493.698144244053,1.200096594456114,0.14706112558473416,0.38541335945432564,0.9227440286201427,0.38541335945432564,0.9227440286201427,-0.03406088117960908,0.08532756355901316,1.1517548579678953,0.015540444153727724,1.7470909315836094,0.026234668022057053,1.186411049049591,0.27478938087190524,0.19668334582956684,0.04519337173515811,1.197923146185526,0.6006936748313876,1.0,-0.48260242544245585,1.0,0.8089449595417595,242.7417242333606,0.1737343134120631,0.22933761531949523,1.0560498730818622,0.22273503867593597
20.681600385359914,-0.34606089993600886,0.1410161995301936,0.8582686784024237,0.6963311871625635,0.02630373282000894,0.0030684090748682004,0.2935042781122721,0.03053536412607363,0.0,172.2935536648396,220.13996396526716,62.333892541157596,107.53461260981949,29.03171987368424,35.11435670570737,0.9324797816497463,-1670.9952835365268,2.181826625204607,0.8180832105293531,0.5891760872322963,-0.8080046647350754,0.5891760872322963,-0.8080046647350754,0.012853759933746496,0.02110438680057687,-7.157093241474559,0.00896226000471861,24.29618214136714,0.3602973194419107,0.48015153949184014,0.8844423161597763,0.8314892435649357,0.08328245121441046,1.133448437354374,0.5446980934972225,0.0,-0.6152769082803482,0.9612371170121252,0.7504266638698139,222.7761225107173,0.024646324227019217,0.23585103977259558,0.8280747940228215,0.21474728705326124
18.48965218031384,-0.44151985071285144,0.030941283975992474,0.051911880928015415,-1.2801692530721647,0.0035003921731628315,0.004840084927692816,0.08298415373678608,0.13949882969721397,1.0,202.06188228058497,236.9415079135416,48.91715573824486,83.29543208350718,61.6435453550466,283.9061688411343,232.23434824637025,-1287.9235589715224,4.5593747076938325,0.26143589697371983,-0.9527692922168511,-0.30369503751065885,-0.9527692922168511,-0.30369503751065885,0.02599018767778167,0.21857751156818145,-8.163548470384715,0.011576192329695345,6.252054080367142,0.2842041704737885,0.32273025866370736,0.07257821210229029,0.09820131582407662,0.006801176361908381,0.9494852515034359,0.5390400155167892,0.0,-1.3238896533206939,0.9724864784489133,0.6575547909758647,186.1959353283606,0.15378490188172783,0.0,0.9825122416390247,0.05460950393787868
16.769012498569396,-0.1153190533644454,0.06241842724695326,0.04396266597845318,-0.9685496990828901,0.010408428000025081,0.003515443658131135,0.0,0.004070304968406917,0.0,180.7685490222427,249.75755342059497,79.09476308256347,19.579729354638715,138.15650802115707,56.584898905409155,37.63741139076847,-1129.9427503439156,0.5936576868474323,0.9956264616038806,-0.05587875690537313,0.9984375616565666,-0.05587875690537313,0.9984375616565666,-0.0707266158972015,0.05909336827148126,-1.933786647191576,0.0,11.28328852568216,0.570700116049197,0.8631678438702339,0.0,0.33232909902123364,0.10139418454116984,1.324432463762828,0.4169206600235636,0.0,-0.05600287474412627,0.9276630643503332,0.2434070613468896,236.8541522142443,0.007235216692067179,0.04592154891038904,0.8384615306206854,0.2553811495630403
11.768747762065365,0.039369430955589674,-0.08332625915372466,0.04820166107320754,1.8263560402065302,0.024273420385103682,0.0015496788850570588,0.24261720495034936,0.04240635586329272,0.0,210.63379793396817,273.88407250035004,30.149054653130655,91.37633316271675,48.69451203336405,153.6943568062334,32.89204879208746,-6755.615186786709,0.06239148454222494,0.5632641658270601,-0.7931896839451843,0.6089746507720486,-0.7931896839451843,0.6089746507720486,-0.025199755418177545,-0.08625909558475003,0.4633289024523829,0.01028851153168194,-17.551326433179106,1.2132387136382345,1.0103567118616192,0.03316008000681545,0.16423290346285693,0.2872191918540488,0.7432109036058389,0.38072116731231065,0.0,0.7490009907596723,0.9978791560099743,0.644748136727542,207.95997523911984,0.0017088284309582078,0.1450337456375844,1.0509353825476182,0.0015296884523929115
15.287132334108803,0.020192412990286096,0.21586590107048342,0.13284234667790118,2.3770215586418875,0.013058160147337296,0.0004511561273379761,0.1815063999146815,0.03829713419654395,0.0,180.53545193756554,225.95028401804294,31.810151278700918,87.45699437401726,22.979325527478224,24.50400663027831,242.55115804602983,-1699.7467303317994,0.027586041342676934,0.23263254856010063,0.7690308592589181,0.6392116531380588,0.7690308592589181,0.6392116531380588,0.012164273265269695,0.013352824294577015,0.3086840895274812,0.006951174955064131,38.97144800766954,0.5227917427366143,1.133366590279294,0.17287833819495652,0.2450921558959216,0.15678505829663245,1.0755248770359527,0.35460474280053444,1.0,1.709950359855327,0.9474979279277734,0.8306353650831555,209.21865528659131,0.06185721059650604,0.0826706472174725,0.8552848331417374,0.44100018800323904
15.57656648442398,-0.14544190923043143,0.046982492320496644,0.5522994640145639,-1.118192844102814,0.05058753321076873,0.00027321974588021507,0.48059956305424484,0.15521860037194807,1.0,181.05067613775242,240.67633587296024,43.253840864854524,15.242409682463173,39.91973277779223,263.7025918466996,64.28171818826046,-1328.8179741556064,0.5122154610393131,0.4960047695243439,-0.07304518821104743,0.9973286321364752,-0.07304518821104743,0.9973286321364752,-0.04498399550488013,0.016273988790747176,-2.265485568749373,0.07459799151664968,8.506212001262679,1.002121451652239,0.7199145042940645,0.55969826357577,0.24556996010095594,0.2749577387048862,0.7530217497285708,0.3180057249579534,0.0,-0.7713422418621427,0.9835462615401741,0.6677154780938709,194.13112084339787,0.0014190250536194546,0.19541006654128643,0.890358578323036,0.07965226700716087
15.825404545940147,0.16453489770744584,0.07129974253450992,0.9546030227308278,0.4493470322438138,0.0011897748709467802,0.012499840832362831,0.11946831119210727,0.14169771336572018,1.0,242.68213381440665,296.02562125946423,35.75940239948906,12.730278387230893,2.9018786052530365,50.52647131519469,15.832929672983825,-4591.548393759274,6.404949517838624,0.3353812718296486,-0.8247650844733614,-0.5654755126737576,-0.8247650844733614,-0.5654755126737576,0.021695207652980233,-0.018339036456564758,2.6038313181452106,0.016928386515585876,17.30317365869268,1.0356128782457128,1.4882333412135917,0.9619163687058209,0.281742478070392,0.05222856480278829,0.8565836979745436,0.47584927532260374,0.0,0.47133518023023363,1.0,0.9850881721345395,242.63701862405063,0.10906042628478564,0.019144544635714647,1.2134106690720332,0.17021438537108233
16.50707287486646,-0.10572432053682003,-0.16081858112115416,0.2715324221882754,-1.3938474784263777,0.007439030467043897,0.008131694960862896,0.305573417234722,0.01797921374268772,0.0,206.03290326626094,266.8303229802316,56.66701574559273,108.54143788218474,24.33937085925228,74.53946658444629,169.7603598791517,-2309.606593166609,0.5925868123956379,0.7794719846269478,0.9066860720977985,0.4218060770826634,0.9066860720977985,0.4218060770826634,-0.015371414545828289,-0.26382229106480354,-1.745199063747029,0.005493969782546563,-33.133919167552094,0.6044069584548621,0.8506533476740967,0.25328273785233985,0.1919618320950083,0.061032335365304204,1.018409959988896,0.5189265375685195,1.0,1.4103821150382592,0.9008145678998031,0.7849977096264327,270.57057932312637,0.07098388860514701,0.1668737491180413,0.9279872036446939,0.6752311387705437
16.729635232988763,0.21624861089104458,-0.0822702023079101,0.5008134714449246,-2.806481216449997,0.0010359115505199491,0.004200923107653909,0.0,0.1680954258159501,1.0,220.61853635775492,250.45392950487047,40.78915850578424,53.213227635176096,3.43050705593215,262.1661174268409,8.808718633603686,-5619.57715052973,4.287216467227655,0.10581588580805579,0.31494162072895193,-0.9491110448902284,0.31494162072895193,-0.9491110448902284,-0.036171013583462835,0.24861772151957845,3.617760379847697,0.0,-18.15033161902752,0.43775741397775353,1.6881963843149903,0.4478664243911907,0.3463427170280784,0.108051957827525,1.2892764860646677,0.6130931357323911,0.0,-0.2778476588704201,0.9368129365739382,0.9764045968874238,238.80957685654644,0.039929918804398355,0.0,1.0333914945397626,0.763023077480388
13.667508760342441,0.49533727928280924,0.12378836879187305,1.2497443902383485,1.494500747130866,0.007010105175961482,0.006204645873099564,0.0,0.034018161112566524,0.0,204.86863005518373,252.6837139572222,67.10831220122182,33.32549540791881,58.35611959159614,41.03504650845525,375.37156537441956,-1358.7709129695427,0.569629989165845,0.8570027170325483,-0.4822058478963526,0.8760579434344281,-0.4822058478963526,0.8760579434344281,0.0026602716224448765,0.21328671757286496,6.770026603921986,0.0,25.36035353115689,0.0026044289659770117,3.092006723473335,1.2488915990438243,0.14906070416787895,0.020531734373153296,1.1562958430724646,0.4757448802561863,0.0,1.2091451350289457,0.9746575972582338,0.5285821654589984,262.1885010810765,0.057057000168595086,0.08661006230792062,0.9983838336158567,0.04961628785334915
19.09862594091461,-0.397547119830082,0.028689111829260473,0.009500441052106748,-2.067146080243883,0.00026675297136474584,0.042673130041646114,0.0,0.065113801887581,0.0,245.49120261436485,294.6206246957779,57.93207256813298,86.26274129257814,209.72152477903805,274.51557319348154,77.88401539467584,-6299.247803278654,2.1385777407242417,0.7673368942641347,0.6166212130956382,-0.7872599821916922,0.6166212130956382,-0.7872599821916922,0.01961401647895503,-0.2088378053739715,-7.592603735522693,0.0,7.042924564903154,0.3232738483533632,0.4303665054907161,0.012105113613862968,0.027705359105155206,0.3286239578843202,1.0427536115211025,0.3864991053174588,0.0,1.3387956907516545,0.9973736315638414,0.09808734883950714,345.8376986523681,0.05535788183511387,0.17422286829422426,1.2242322613423193,0.49767813453644955
18.593848723323312,-0.7295353720169759,-0.19137797348289262,0.7224340156130683,-0.46676197930082264,0.08201316568666137,0.005445937143846957,0.9807515728682628,0.13347689761542464,1.0,218.03638608356567,277.39101757774046,80.72113253516855,2.102841672814182,43.60665809709073,48.62406732750675,143.74721823415635,-1235.1227902916207,0.04470226335701784,0.8613638039014875,0.9206588168102428,0.3903682146763026,0.9206588168102428,0.3903682146763026,-0.04242644571349639,-0.06014512643675068,-13.564870345597045,0.13090767727790378,-41.72736171420637,0.11659947399710667,0.27978173344874574,0.7531967416297161,0.5074935459356736,0.13092063359074904,1.1854989001254523,0.330150938857309,1.0,0.37181491809747236,0.9753054600130946,0.6474207875967994,287.0789780804468,0.011623224353120576,0.5402440028315557,1.0632603891441237,0.31625928650580054
11.554284756380884,0.45903732028166266,0.1038289928983819,0.1132734639026992,-0.08139556566184236,0.02001941143419931,0.002361504827725609,0.30442964604496153,0.04734319347553914,0.0,204.97717722561865,245.55061320788664,32.5296512215457,6.100859926821007,112.28737662229616,64.97514886843445,116.03456330858283,-1343.6197004473079,1.2350857077888757,0.8949937460416648,-0.7021479494046978,0.7120310787787131,-0.7021479494046978,0.7120310787787131,-0.012130618990702377,-0.04501713387084319,5.303847912340345,0.014412671632396514,21.282573878489128,0.2061364574876507,2.8332811035874212,0.1480984601174723,0.06949467492235153,0.016418361882880626,1.2241205178099668,0.45532757305573546,0.0,1.5566459554486725,0.9864741034306811,0.22674830658390127,247.1140261365321,0.026829260908283463,0.09941035698901904,1.01102338563697,0.0023686082423110804
13.65928006881441,-0.007674309985228472,-0.05437828043527235,0.0033058417702722686,-1.9825235062834925,0.017487775070867448,0.011916267118215513,0.16132496892930964,0.053993028259589584,0.0,201.8269095260715,214.32794866483556,39.703420146420584,79.16122965600542,93.20998216596159,339.0636561237752,70.30031307824376,-1002.9283806753234,0.9245106286173386,0.22977782294308124,-0.29240597695107734,0.9562942772197719,-0.29240597695107734,0.9562942772197719,0.0233839188653554,-0.2313037600999165,-0.10482554942313467,0.008710423606377627,-10.975000285593055,0.14288974929398834,1.088405885939624,0.0075989127284343295,0.18543619494191454,0.04466547825422894,1.0609444285146614,0.5224238064782776,0.0,0.20884269464288405,0.9646906401937221,0.4685297266675997,226.1235912404396,0.04052268426230473,0.16425622975991178,0.9735026527951317,0.07565988294277573
13.202113054081492,-0.22898737064768399,0.14113169858767122,0.14942617516902737,-2.5474838635863284,0.018041677694166897,0.0012555471112184193,0.1840727433817564,0.15473638178126117,1.0,213.51886883275466,247.29337306751086,33.262450771389666,50.18367224347173,77.42204666169056,20.57713213732829,61.43350557432322,-3767.298465812801,0.09387869814996541,0.5210058072286208,-0.14144406768794202,0.9899462489023779,-0.14144406768794202,0.9899462489023779,-0.03810450916583838,-0.3733592535524535,-3.023117155247586,0.028482750295443574,30.13428063888484,0.8815172572474448,0.609503367860714,0.20417159339826896,0.06768460807147317,0.04196891550547065,0.7099429390070544,0.45193671906516997,0.0,0.10272899116247394,0.9275300079095687,0.5691059558907705,241.1706931492512,0.07922366518863268,0.0,0.9902257904864356,0.013517822899542465
18.307442580659842,-0.1786022760005009,-0.008783567860369967,0.8576189134776945,-0.9549623931012485,0.007840479270793321,0.008718483893582422,0.0,0.03741491319878467,0.0,183.24897554041885,232.33325575475524,53.96215832815504,2.0697343037457134,143.80945676204138,69.78438705745901,84.94484155695334,-1538.2074320776064,2.6648252067907143,0.8499222201663773,-0.27591294500296043,0.9611826292540837,-0.27591294500296043,0.9611826292540837,-0.08288784202119509,-0.1341185303824672,-3.269750912654332,0.0,-1.6095798120025453,0.004341343324921849,0.6411618463554889,0.838872680070906,0.9396483529424624,0.22663771095913063,1.1916141881519209,0.4373919761118855,0.0,1.6500744480561647,0.973262461130415,0.24589715187823638,255.30836481871697,0.20951534631957736,0.14835722836444687,0.8917467446704764,0.18457675717014096
12.106678607931826,0.1867223914681833,0.020470668602052995,0.15606478329987356,2.841796168964545,0.003954131416207791,0.0053628409942408075,0.12854402993639633,0.08127087812910949,0.0,199.24949571095652,250.2077590935065,34.061501696922846,2.904399344172296,67.58485618617016,64.55674403278545,30.5048208530986,-8000.0,1.161178200198708,0.3773879721161115,-0.7142921172691032,0.699847677146407,-0.7142921172691032,0.699847677146407,-0.07682869228448773,-0.07128046805023837,2.260587982409727,0.010446886191185467,4.07877039582517,0.4455692624812251,1.492507270244207,0.08386355480588688,1.510624731502418,0.24982056987022544,0.7602385295503225,0.51383890263982,0.0,0.4466764357059265,0.9893415737534847,0.5419980120089739,227.4273487870198,0.2716366291022754,0.0840328435995096,0.9856290482813297,0.004106232400876786
17.919510335022416,-0.1927808841425057,0.11789545785916485,0.21269672710284324,0.7234182473487025,0.021752528043025018,0.007803939991664922,0.17953509801939482,0.09681893670040635,0.0,212.4446552468383,287.70087708621304,44.23977490510389,42.46594342237284,78.02511007402481,154.6468950045072,109.77790251995683,-1263.2386058541097,0.3337185144359511,0.06040757679563247,0.2821076626819194,-0.9593827529490743,0.2821076626819194,-0.9593827529490743,-0.020902543202848484,-0.2882466666728038,-3.45453904578639,0.017382397290641036,25.046259900058427,0.013831219503581618,0.6303688158212692,0.2365494105737535,0.8031513192396297,0.04082139859988368,1.2734269655782107,0.48262799217437247,0.0,-0.37939996067742204,0.9844804948196876,0.512343803169378,223.8931010308408,0.0891762342146695,0.0,1.0457380965960266,0.6444717373930986
20.046349165354567,-0.11704192229520441,-0.08974929708546624,0.08195887526234413,-0.7451215104806659,0.0029488698469474417,0.0032328140398898766,0.0034810445239744844,0.010700757978040083,0.0,209.52823816586636,268.26943477573786,56.07607784147518,16.492150129861184,33.27771946145717,119.70262450398583,19.89746192423965,-3036.8789933531916,1.533022609106981,0.29163435653851655,0.9395699859530622,0.342356891994542,0.9395699859530622,0.342356891994542,-0.06592091381525693,0.03539555281709577,-2.346263241313965,3.724981496183271e-05,-18.805012094942665,1.148338620683911,0.6659981377803771,0.08827785298180688,0.3456018413072832,0.18731168442144053,0.8993270666056331,0.49298741356875814,1.0,-0.02967499631805223,1.0,0.6506964252285182,199.0125598362059,0.05533026389311173,0.0,1.0476411908293317,0.15271412894106157
18.052485788928873,0.29674195808465614,-0.09928468078339397,0.001105140576651223,-2.897108756210948,0.0010684265765418654,0.004880193800277141,0.07156324291834434,0.013420741402605707,0.0,175.19904781853165,226.42200200700398,45.69809151115027,22.682887441577833,108.67246979776779,120.99425696683475,22.927396252997024,-6858.564041890837,1.891536165557884,0.24192031147481086,-0.6788204829862355,-0.734304263829602,-0.6788204829862355,-0.734304263829602,-0.017386094758812295,0.232571260663268,5.356929981302183,0.0009604317771389536,-17.39458153621749,2.1959965582123853,1.9595878010834913,0.025951716360644396,0.05790966951244937,0.03360313863950966,1.0092511655291965,0.4106622981005127,0.0,-0.5882944766505566,1.0,0.38373340690182517,189.14134267409554,0.059360057178046335,0.016399478806264564,0.8759952390926583,0.24132992150744448
16.074058946862795,-0.10835723438350864,-0.019649842039810735,0.7168383159871001,0.6300356083391296,0.008724032204692303,0.013815752784633747,0.06844082823860091,0.03227802198812274,0.0,183.31140168790387,232.8255325361823,50.717040399660235,88.14493575786514,17.07297289862661,142.65798767507934,107.01849817184674,-1429.5836040767308,0.3863541082506061,0.8700626186891045,0.984305844499033,0.17647097349152166,0.984305844499033,0.17647097349152166,0.08324714255863395,0.16842322923305358,-1.7417405727995459,0.002209134558770892,-3.602040087263606,0.24271419588229134,0.7660425530213707,0.6536157485729537,0.9755415733108151,0.09229138124820617,1.2018872918160255,0.5233792697167683,1.0,0.8794201897791252,1.0,0.8217274047762907,230.03380405904306,0.15324882922570598,0.07050827144915411,0.9165570084395194,0.935974623236093
21.75112869129537,-0.5357552015598693,0.08271727996212222,0.25731612524183894,-2.5619207995896103,0.018598881114853187,0.0008702980454611808,0.16249221179874723,0.05743732093953377,0.0,165.890449759041,232.4532004915864,31.064136118349925,60.299402617432875,100.02883667467671,180.66717498388235,201.40658271078146,-1820.1873084276285,0.2877572258730354,0.46384634940914826,0.16481784665719793,-0.9863240225317866,0.16481784665719793,-0.9863240225317866,-0.06892991938443409,-0.0253371306317437,-11.653280336159607,0.009333117319259341,13.722006775760963,1.7182395989102313,0.23751514377011726,0.3468559296723912,0.07823324771843052,0.013354556471148016,0.763036153908863,0.3951733315340755,0.0,-0.9660951913094997,0.9683224582244304,0.4823095837587388,168.49048451160186,0.03672691228591289,0.06736552633673738,0.8031772405331548,0.004006344847700043
17.722467418791254,-0.1002886689329959,-0.13308772526134907,0.02078126179405917,0.26731228211342195,0.001965023998249851,0.01563368635970369,0.020707760535406017,0.08511306836690613,0.0,186.708397080722,227.85674029836042,42.92105647653791,50.953321301449684,307.6671796339033,500.0,177.22817663766037,-4939.185495332144,1.5019846396673389,0.6835442374463132,-0.8343701235229538,-0.5512045872199277,-0.8343701235229538,-0.5512045872199277,-0.014130242573885041,-0.3680823393042394,-1.7773626676389624,0.001762501038175533,-24.848595854665998,0.009342798487173136,0.8311926920105868,0.05630638247724125,0.40942080039120415,0.2326148539526286,0.8705606339985195,0.39149508016202406,0.0,-0.3746608594614722,0.9212101598040108,0.03669949474192582,220.56540202515475,0.32554946755143155,0.05539145439994185,0.8599883615574131,0.13429021802619445
13.295950055307424,0.06475633297506099,-0.16680345998890966,0.2989574786595943,1.5830517317094444,0.03683348993483658,0.017746923372880113,0.4478704407276735,0.002632892759336057,0.0,252.11229549875307,300.0080386826441,37.92586174522019,62.38765732890707,24.13836709623119,233.82739124756972,14.494473618098642,-7318.415215037875,2.8103756730756784,0.9621191496915854,-0.3251276029999093,0.9456701548465688,-0.3251276029999093,0.9456701548465688,0.10661522771356922,0.14314046813180956,0.8609969690012681,0.0011791948405125404,-42.053203194938426,0.7425166818232244,1.1498588351506405,0.284557634109638,0.15935406500875085,0.042707506052145024,1.2277746042029947,0.4831364190908761,0.0,0.07653995082672088,1.0,0.8309492907657935,333.59596458205084,0.305525948264687,0.2718492333748267,1.2605614774937655,0.07237189552855638
18.891497733048737,-0.0624893820945536,0.08237209270437923,0.08171480480722988,-0.4801274168474441,0.016570569154375422,0.004698695088962442,0.33035499909213756,0.09241744748824954,0.0,208.32534054078081,241.9864687387063,37.91764327744442,30.727894236760946,108.42588032619227,55.706798322711805,40.02322025838674,-2674.705311291128,2.5245802606587704,0.29918785238520373,0.9682507501166718,-0.2499809690726521,0.9682507501166718,-0.2499809690726521,0.020406504148785497,0.029278433812911626,-1.1805180201788756,0.030530565781078347,17.16019426369657,0.6620944297743174,0.8341957680301825,0.03494214750899761,0.028143883870119953,0.21543687519522525,0.950604784934516,0.47507434035832224,0.0,-1.55299646970649,1.0,0.32923168391813024,226.93687192404428,0.5905142417149309,0.1307368273909388,1.0416267027039041,0.5204550420792194
17.62485761211038,0.11093583791024941,-0.06029783125670038,0.017264583700701153,-1.2603347485579302,0.053609548441674884,0.012323446649462659,0.594644107641357,0.08760875541725326,0.0,214.5211107233001,285.80470145372965,49.38718010601985,30.990220066456196,112.74195706272934,33.75255778394585,332.48839944263057,-2302.0757852223323,0.9274290516848094,0.7611995575273958,0.9999300657962057,-0.011826390691832589,0.9999300657962057,-0.011826390691832589,-0.018386164373779976,0.08487022184360409,1.9552283472483025,0.052096030186662465,-12.935157735393487,1.24441048905395,1.2747618279309874,0.0711222542223136,0.24247775319790035,0.12290556877709297,1.0345710315553864,0.5748187424029498,0.0,1.2126031299666156,0.9522668824413031,0.4337025351448338,235.2671292604779,0.0397842248023032,0.4000287582646461,1.0214067466316128,0.7058170563251559
17.18567618824128,-0.10773217567517704,-0.039222601292028314,0.13988149744391315,-2.8438687318750957,0.000888688529817304,0.009671104573366559,0.08921830766059974,0.06872014595712238,0.0,189.61682184778718,245.50430590281138,57.068405463682936,97.6990659843054,5.983501970252263,90.99095793645724,139.49067523351397,-3904.187262743817,1.0250800530748119,0.022764121518721425,-0.9963950238187231,-0.08483487790576538,-0.9963950238187231,-0.08483487790576538,-0.007844131725961918,0.38722056006050276,-1.8514502862083166,0.006131095124483864,-7.43726500159732,0.04487111303180571,0.7980665446094642,0.08479300834072033,0.16917968916967654,0.04076662697920921,1.2930062266170583,0.3292246108002054,0.0,-0.21092219023275366,1.0,0.916302408142621,185.44742329620934,0.2508670321686812,0.153021457458945,0.9480841092389359,0.42749803769148476
15.705850584847239,-0.06260660088572989,-0.1856810401940166,0.5302549586800215,-2.985908672431318,0.0003126288514752242,0.007191742895815774,0.0,0.011737787961395307,0.0,182.86046447917582,222.24761503911662,36.34452556643402,2.199580212032227,89.64546830214528,151.95479144348135,205.7188544215463,-2896.224960706589,1.3071777755798042,0.10411617531152817,0.051584366869408364,0.9986686402879997,0.051584366869408364,0.9986686402879997,0.021468125419663895,-0.1649623259061307,-0.9832899191364385,0.0,-33.953721254854386,0.016366486951262523,0.8694128524347252,0.6433231999196249,0.00032801074454978657,0.16443630591167613,1.224947467340713,0.5731074452325597,1.0,-0.6848811593723564,1.0,0.46626807558930133,179.21158835155674,0.7307052614826839,0.023230023317264474,0.914302322395879,0.5177201381911865
16.548128228903657,-0.10223020913985877,-0.06789793143519822,0.6266425640792095,-0.4396560294962151,0.006074177625061745,0.01374831657004382,0.0,0.10758441511699449,1.0,187.29577702289197,235.57895186811734,55.53837140285216,56.08838761254841,57.372965087208996,186.49858511951194,80.63544268853279,-1512.1411871890414,0.046420076883148975,0.1618650900032781,-0.4071294853542516,-0.9133704517637858,-0.4071294853542516,-0.9133704517637858,0.08478859653137201,-0.5749631866244086,-1.6917186097140215,0.0,-12.716995826402494,1.0821504878054624,0.7552108647884044,0.595982317084243,0.20941554082907138,0.020667041729354164,1.1293609700232283,0.4369821042600039,0.0,-0.3215326925738172,1.0,0.594754048804113,200.2610418250289,0.10104570222065408,0.06785975034860532,0.9364788851144599,0.42501649518380524
17.284098334692114,0.253197701600469,-0.0007567296631150637,0.37180472506982953,2.4086293724576686,0.0006687184732864155,0.004220396630306023,0.07208580795637567,0.0023182675576803617,0.0,225.79303615537458,283.43779760346877,57.90162187745807,7.980876931463371,50.68541553019245,100.84663758301231,250.88998589965988,-5886.991724264065,1.8645229747158156,0.3124183368725084,-0.9998699583618592,-0.016126573270657762,-0.9998699583618592,-0.016126573270657762,-0.026542680373862135,-0.2106909155619514,4.376293972580537,0.0001671141899544426,-0.17086428818358398,0.16985099537292953,1.7977038414154802,0.4578299858001101,0.361283203850379,0.10883982763658534,0.9434786423506294,0.4373643301652105,0.0,0.7424820862128878,1.0,0.6226031172004235,248.66625284317993,0.1126319783832857,0.0008283441200890515,1.1289651807768728,0.17333651232859354
19.6411644786623,-0.23456322268507657,0.09303778576228922,0.31297446164227494,-1.6081009878469978,0.0322571786274395,0.01821722216094744,0.3396958687344521,0.002585366518769664,0.0,189.79757059100066,236.03678690016653,32.6054132380936,53.447387604668684,166.79252922242114,108.60907736416337,17.26672291615337,-1164.2530158804807,1.7644861536003766,0.4029872151293784,-0.3271603271220951,-0.9449688462364056,-0.3271603271220951,-0.9449688462364056,-0.03788051414441414,0.09720901365356423,-4.607094837402681,0.0008782383255904272,17.658345710848483,1.6319957713400903,0.5801551454438644,0.3037507723886391,0.22301264869149287,0.19654803098741125,0.755583509648013,0.361139706611525,0.0,0.3279125130461236,1.0,0.20008839876866533,204.5111076720004,0.0009956989996885355,0.2644850800887845,0.9489878529550033,0.04071585286825148
16.011914781785737,0.36363983809698264,-0.07712301662346388,0.07714108631139223,0.46530446584409235,0.026332497019358546,0.024256285302848856,0.12106210531861053,0.01840998849639201,0.0,245.58650689625645,287.56944757056743,92.05241473264259,4.116929714985994,30.84947310228604,74.89690074471085,47.17920239489656,-1559.316654764798,4.007484963158348,0.47701589073225437,0.6564105761979381,-0.7544038410927472,0.6564105761979381,-0.7544038410927472,-0.06894043663901138,0.005385180349608102,5.822570098871249,0.002228751966264618,-18.940372253858413,1.228579254122672,2.2531749705945154,0.15617842175240765,0.07516694402804303,0.10513714198033791,0.650990317992797,0.40440919988028945,0.0,-0.3178022444418676,0.9395198963842638,0.7012011966408913,271.7178379294716,0.498459736645005,0.19331066728124052,1.1536670475627209,0.09329379789134343
12.832538356785275,0.1955219495671518,0.16573761202324966,0.047433944800302524,1.1580276182395695,0.010657997796285863,0.009499110827125045,0.07377301562029881,0.005952091974820829,0.0,210.34740682672518,250.5333015369602,62.67628655053977,233.71048903311058,308.18876329473187,67.82644099744333,186.10678604735347,-3709.3110914867043,7.627442987846949,0.24533134628339748,-0.8776087166898392,0.4793776594606945,-0.8776087166898392,0.4793776594606945,0.005154801625490202,-0.24312722591973635,2.5090429174139115,0.0004391037742319122,34.86247690274443,0.1461328993462761,1.5542099409936985,0.01069051945897672,0.270999485587071,0.09405172954101224,1.0186311439104425,0.30523680405939846,0.0,-0.2734247065023064,0.9982048624201662,0.0,227.17330233762178,0.08836034270131558,0.07341213146008344,1.0498490214595495,0.015792599793131273
20.401424541435997,-0.048283764057339085,-0.06845560241798007,0.5028662903215583,-2.759387323867558,0.003993763878553129,0.002098804203642394,0.03164793643737593,0.0018814138326062266,0.0,184.9402967798738,240.0247252684905,78.82166397937179,82.74372181321365,56.96094039491514,156.84690246402909,40.76424911623525,-2676.9243884755615,0.6115343399093294,0.06621531961013594,0.7187918772884232,-0.6952253139408722,0.7187918772884232,-0.6952253139408722,-0.07028436849089564,-0.28394347663528613,-0.9850575689923029,5.9542865386721694e-05,-12.66019942742628,0.6647030719519335,0.9237468469738607,0.5038081092488933,0.17822929015527897,0.0277413599687872,1.310593724829419,0.5104974234273195,0.0,1.2128747050998954,0.9832493675371841,0.6194659792710177,207.8735961376269,1.0,0.04612173812537235,0.90921214920475,0.4141792397838738
15.10191096670572,0.2643340747683364,-0.06830918015851747,0.13599506073801532,-2.179634621818341,0.016112350613922265,0.00045994322350227304,0.11007771943637479,0.04959310946807454,0.0,216.06125665595494,260.69044246779464,41.93957556590587,7.63983955194447,6.403941710434172,77.40965920068393,66.30081666808731,-2754.6931361558572,0.5221948011657032,0.6775230918402433,-0.97139528468375,-0.23746831555846842,-0.97139528468375,-0.23746831555846842,-0.023189131241089733,-0.0709218031634791,3.99194966261795,0.0054590963900041315,-14.758967306187309,0.08928458072873616,1.8665585304843844,0.17623252724654365,0.1865517723364085,0.09955961051188843,0.8727503790130459,0.6877387512574469,0.0,0.7577714011540019,1.0,0.9135260713012592,265.55001430104795,0.011254350164360348,0.07277401493825,1.0803062832797747,0.05149170077517951
21.970503631965457,-0.5108119359208971,0.15373575518978022,0.7882113848754269,-1.0601191725664023,0.016345748588541976,0.004958591020936439,0.3116310453396325,0.10011614900610988,1.0,197.62683044435414,240.82046442291295,35.83475409084914,42.61300088355567,7.631333775309416,106.86627534911922,41.99226460618009,-1345.9346935822966,0.8050085668066851,0.023661353534264462,0.21547731504673012,-0.976508846196619,0.21547731504673012,-0.976508846196619,-0.04543417205551762,-0.24921893397636113,-11.222795493401376,0.03119930017015243,30.382310024125434,0.10830614344085245,0.29695411969742996,0.821315241710218,0.473814657563765,0.2087915201192201,1.2696429418074995,0.21161667472828388,0.0,0.5834448908839059,1.0,0.9850058527286988,227.4910524410684,0.195247064004599,0.12790150831996944,0.9881341522217707,0.019320765536330286
13.078102420715743,0.020032796561084344,0.021146015236391716,0.24059416239990103,1.0687269326618365,0.03202958766624439,0.0006692260912542472,0.3682797803526656,0.09350582300138373,0.0,190.55540042939117,220.51447410356008,30.94670280455003,195.52418840174084,137.92393123176362,295.193590043616,30.952555630574153,-6085.477146104777,0.33276100852662327,0.8094706348587248,0.17117705961019986,0.985240282501282,0.17117705961019986,0.985240282501282,0.05370617551170529,0.10412668365090508,0.26199096519922316,0.03443630395664483,4.02948740085663,1.8285787377577165,1.0810462666492708,0.2956322540827952,0.13839997878117977,0.10690514563280967,1.0797767693856044,0.3579621278911268,1.0,0.016039843293944308,1.0,0.26935488696788923,259.49392029463036,0.010271071529450726,0.2471383963190519,0.9527770021469558,0.03328041030132859
18.008409921961512,-0.10869991463676215,-0.055202472901157665,0.3825525192264398,-0.38305368710227405,0.004192860500941232,0.004594752224897249,0.1792460967982771,0.06074064864803296,0.0,219.67693579956165,270.8415444474692,64.05849766271302,20.1985538381482,116.18662596467004,475.85283968717476,189.7094390320234,-1713.2331503180053,0.2863570208407091,0.9291548251512014,-0.19443122004766195,-0.9809161537413774,-0.19443122004766195,-0.9809161537413774,-0.025419819368340292,-0.0822853777252538,-1.957512621261037,0.010887524187155455,-12.126710095484654,0.6985530726612889,0.7295765635043,0.35817891348636155,0.10312569676161579,0.03643868161972368,1.243246407401624,0.5088533317190189,0.0,1.5459257387694896,0.9531154630366562,0.3729145189094171,310.84475118552274,0.07326876849069222,0.10221449653214604,1.046887421915365,0.6331575738933994
15.26997902791937,-0.04700802138840151,-0.015513313118059344,0.3121971632831772,1.4714910116428,0.027481677549604126,0.024425516075809055,0.30115930166125726,0.010784558856931347,0.0,203.84571445668925,251.12736287481061,102.06431742870129,59.44437961462683,96.19756616068219,2.76138013072079,57.550629759183614,-3883.5680888408206,0.9883062618122733,0.7103689136596344,0.321057654185271,0.9470596510722283,0.321057654185271,0.9470596510722283,0.0198465164002808,-0.12542357686634237,-0.7178115007448762,0.0032478702140781713,-3.162322396141137,1.258198418830947,0.8499628272977162,0.31643758192566773,0.2168480180350371,0.006068382740626141,0.9717165126268634,0.43838510592459745,1.0,0.48864434457225125,0.9368280710058059,0.4222317919755521,274.65996511258146,0.13832476218290632,0.35648581130552315,0.9548419372863025,0.12375449123156788
15.63768092980614,0.38908981023736033,0.13530735775420594,0.19502758158748318,2.3096855079200598,0.02338610721701972,0.014121195856033799,0.241999855812705,0.00935237041692269,0.0,157.89708735521202,203.07236212558254,47.331304644609546,220.80922991799983,7.296011022080807,122.09543609805154,88.37014870688174,-1049.7429701910512,2.6460609204617764,0.5959605172748319,-0.42083100859565564,0.9071390534005044,-0.42083100859565564,0.9071390534005044,-0.08020460008442815,-0.15165528058460132,6.084462305530659,0.0022632722924022988,21.36463768711878,0.1966409309734318,2.4370070018312155,0.25744701038738677,0.16137121246610367,0.028119349068972673,0.7507480886959671,0.591805395763119,0.0,-0.22422840948130102,1.0,0.8064031533132767,217.3862066469469,0.16838103527523832,0.21262693665748278,0.7894854367760601,0.02140322194063316
17.22628917338013,0.11197818610661706,0.14662028196256818,0.0034648231085565493,1.6234008921065044,0.011394221675929976,0.0007795069471548309,0.02028243499827484,0.16895722003109048,1.0,173.67438789726683,226.65594805959762,41.84382745039805,61.45377402734847,80.7627720350361,49.44569589558694,113.08156941223118,-2719.4048924165954,2.5489212814785223,0.6570185293286328,-0.5995514915196489,-0.8003361849976323,-0.5995514915196489,-0.8003361849976323,0.006575347722642279,0.05262454531611887,1.9289686149831629,0.0034268638327698124,25.4641877231737,0.3776573858425335,1.3690091445707118,0.0,0.02053507480308911,0.24619368639324657,0.7841736393180707,0.4566246756011089,0.0,1.602634557956981,1.0,0.476659427529511,184.84371896333596,0.04022740024828216,0.11258540875350322,0.8683719394863342,0.20118537537545875
21.769005808891883,0.13538655669894864,-0.0816793179270256,0.0426589624622695,3.0928804204907907,0.0010527372145709474,0.002238438833665331,0.011720325465366147,0.008031142885655975,0.0,173.57550340663406,234.7955373476725,50.66704048628783,14.840389911910295,442.0700454262831,176.4440421320736,34.525936813588274,-2992.8468852301576,0.5916183069000718,0.6522220466175943,0.7187918772884232,-0.6952253139408722,0.7187918772884232,-0.6952253139408722,-0.06015801529303744,0.008521844752007153,2.9472307392252834,9.412760847874789e-05,-14.177528727093977,0.5604478631159906,1.3739608463549227,0.0712860155181896,0.1457179225186451,0.06539710751770661,0.8385940524438809,0.4122452335782045,0.0,0.46277229886926274,1.0,0.0,220.48695998720964,0.0815225181266624,0.07581581536633204,0.8678775170331703,0.012494691743762795
21.40382003488409,0.3927870375856335,-0.004243381007910821,0.06987331143865601,1.5981977297731982,0.002486344598740136,0.011021035993786375,0.02616883855494538,0.25899538068865974,1.0,214.79152227733303,275.31500435644006,31.823691819607248,68.34924073793685,114.81723452025521,9.994848263296452,35.99103443418157,-8000.0,0.07969342517710071,0.9317051360665005,0.07947729992362097,-0.9968366760893436,0.07947729992362097,-0.9968366760893436,-0.021282424996492962,0.04039145397251878,8.407143064518152,0.006777608303718156,-0.9114422662918891,0.47078888861100576,2.4567441069177893,0.05891529944976849,0.8055931791882757,0.007645909521041643,1.277032114127888,0.48633384457053186,0.0,0.25993569730414134,0.9828134305720915,0.3754665606097816,299.194642681411,0.11925722443308837,0.07954908065344765,1.0554999643359373,0.06517550842884108
19.31351268893562,0.07230713677980528,0.009015682766757308,0.021601561538460764,2.212807143565148,0.0022401283715771927,0.030478604785237604,0.0,0.13705524636448854,1.0,214.92967771732648,273.2206052308229,34.7835576929353,48.5021941195272,22.982427289972986,124.91959836762534,177.95193443456236,-5705.526455364165,0.1709060364988499,0.9643058711939674,-0.6913512362094071,-0.722518835873311,-0.6913512362094071,-0.722518835873311,0.1105601287128112,0.036025888761162306,1.3965048036973728,0.0,1.9377377914608025,0.8524314674373961,1.2583625638164702,0.03189526686759103,0.6247138820731103,0.09348869532746225,1.279019961957831,0.22263712829137447,0.0,0.6148570890716116,1.0,0.824233610614532,305.0876091894524,0.11342615331056914,0.11623768059520684,1.0746483885866325,0.13221887979435934
15.185483040794795,0.934383917959315,-0.09862401105165976,0.04079234015627592,2.0883194201080775,0.01576243495084932,0.013039292723253233,0.10367160253145372,0.0316096732539849,0.0,217.06208154455175,263.4520273650159,45.91166960701699,6.192192990102374,119.66937613262863,30.634158561082323,110.5099290099252,-8000.0,0.2948098145643827,0.42671164190822175,0.9979887423155984,-0.06339140486951038,0.9979887423155984,-0.06339140486951038,0.04660871886204418,-0.014439107319341296,14.189071139762572,0.0032770254817362458,-21.40753312914614,0.24516927841212874,8.583385362633372,0.04501985097699834,1.129502526341977,0.023273322042510883,0.7006365854351386,0.47580915312905064,0.0,-0.08515752725451757,0.9506520046936595,0.33234013178717764,229.4345804478403,0.08118570358910641,0.08195389114351825,1.0317525148165334,0.026248742144060335
19.793076457139296,-0.35395051935557365,-0.005568505264999431,0.24266329000749745,1.4468024543044962,0.03851567353163329,0.0015098610222902807,0.3528284754646967,0.03162570664415366,0.0,223.15930350142537,264.65432846230675,43.386681154116935,18.5640037591737,5.698798584467719,120.42948297287862,83.73101373431547,-1744.1115839570061,1.6416838942132654,0.6170791761484181,0.9682507501166718,-0.2499809690726521,0.9682507501166718,-0.2499809690726521,-0.006420629141565346,-0.20662611669161812,-7.005769691649031,0.011158449860750465,-1.242663756481293,1.257626735040692,0.5543754626951329,0.20324913246824924,0.3496622624492057,0.36890670601028963,0.745660744195286,0.49173535951853414,0.0,0.045496697368275434,1.0,0.9309932781491488,277.6190017464084,0.015178488848647123,0.21061525709292583,1.115796517507127,0.09410042334543617
16.424653358335025,0.0704182348352796,0.0005322860451700488,0.271030986029054,1.8962767400923992,0.021702299579705427,0.004966587516269818,0.25837095020262646,0.013080372249674361,0.0,215.11989856175495,249.4611639419184,84.52665736096188,3.864230992249959,29.236708846688547,9.011245799790698,4.376774253254186,-5455.809362659198,0.6277259552378762,0.8028070537341723,0.4878471454423119,-0.8729290708206411,0.4878471454423119,-0.8729290708206411,0.15994709548915984,-0.14607602534625244,1.1565950972752996,0.0033795882071524313,0.1145053200428186,0.19023908558122551,1.150465395106603,0.25799632642293163,1.0524851359996419,0.19152206248030693,1.1303216365299025,0.5797527196431764,0.0,-0.524995832259605,0.9412564931712986,0.7008641465598249,268.43389144995024,0.2694602858671018,0.1611747168722082,1.0124150066580146,0.6813964039327455
16.799547224675425,-0.042761011669647575,0.11402094789367356,0.3685189945920291,2.7311952706139078,0.005421405367048965,0.015606412859743268,0.10034906486906026,0.03378368094567074,0.0,223.5981778025927,264.70083019252144,44.39207003348167,11.654616905922154,190.75938189126933,82.50181745572714,95.2101041581672,-2029.0608563074388,3.2197976693977184,0.0010381571721375105,0.9979887423155984,-0.06339140486951038,0.9979887423155984,-0.06339140486951038,-0.04575873451866588,-0.07893498102778738,-0.7183656349191414,0.003390160790732748,25.494876180349777,0.2513421380402527,0.855644718066507,0.3757656071958644,0.16231388400484598,0.3572997987114218,1.3074190033968016,0.5842024537587844,0.0,0.17827575444496171,0.982035577748612,0.1267927758876471,260.6090214783337,0.01450787688808043,0.09875528493369218,1.09790682860953,1.0
20.156591504813925,-0.3946086073945791,0.12074250283112009,0.06085558965261902,-0.15577663497006355,0.01901765282463105,0.008336049299277086,0.13204468004979003,0.005484138475536857,0.0,167.60270419413277,217.8974556211813,37.676230622362986,24.360231224188993,123.81993434109089,7.073738757775399,32.66341305559736,-1420.2079715266455,1.3005424943651338,0.5270159168277156,-0.9986126020839734,0.052658056924614005,-0.9986126020839734,0.052658056924614005,0.05826081910376807,0.4130390476176644,-7.953964503536026,0.0007241513103510075,20.236769985663457,1.0131608118503517,0.39476203371598045,0.05571938971701258,0.2955855887901962,0.13578029140992162,0.7186709983015498,0.4348956435356164,0.0,0.04403259484578832,0.9678553425670298,0.1999111558875375,166.35565955034636,0.32367729315379845,0.14935558390178252,0.8110758634148646,0.007543727293672289
17.231975506500962,-0.22369087664239257,-0.0329209398359008,0.47039051648834085,0.8688829968208855,0.0229190297601874,0.004532099444240931,0.27607725785606246,0.0351310121955642,0.0,164.95236575010856,203.15807392532133,39.22761282168295,1.9659301244879153,120.16688316377689,99.97924462082354,208.93703937400093,-5640.55685187841,0.20780686594608389,0.6528763398176977,0.6081214998935418,0.7938439653781019,0.6081214998935418,0.7938439653781019,-0.07663372284235573,-0.2697672640833623,-3.854635707329437,0.009698873512659252,-5.430386908648828,0.2881557706337172,0.5850061842862566,0.5490273139780528,0.7525090973391717,0.023262859968119706,0.8354220525869027,0.19083948107501408,1.0,-0.17674003497136115,0.8371316178666712,0.2711748019345002,181.87462316021157,0.6289219717823799,0.16263769266703748,0.6904342040566164,0.03521723171514249
19.211582126095784,-0.030611406203361446,-0.02139531438608117,0.06959137847750128,0.09386903907939903,0.08087513467054165,0.059868292515999136,0.7905434537705648,0.10768439245257483,1.0,163.77442392803522,215.21528101479686,48.865365308076704,42.72628834476918,84.47927021311872,372.58905913653524,23.22140667151861,-3647.147124770234,0.06265552065823257,0.7172054497375816,-0.8857249183835637,0.4642104791518923,-0.8857249183835637,0.4642104791518923,-0.012196137882397375,-0.0837953006633781,-0.5880935442711563,0.08512919152664344,-3.504005288339648,0.4791784609656653,0.8915553771480753,0.12008915631831935,0.42973165515563716,0.008012287285642064,0.9484508986625436,0.3819076361507816,0.0,1.5644006447077063,0.9826615686733297,0.3564384587888519,162.79972023943427,0.026899362264239984,0.7365636802303144,0.8046741616284699,0.04777398211030952
17.841908508007947,0.27750600350139054,0.06642923020556356,0.006222490152495647,2.205630440201822,0.001053812192731002,0.012474977672613914,0.0,0.03244533534294724,0.0,161.0560540516615,196.57420388298354,32.73232169735239,12.530755664478743,162.21954763175336,36.909516789708626,181.57260970399548,-6345.753807216278,1.4214988442253143,0.36878940939628113,0.8073707443023492,-0.5900444739548627,0.8073707443023492,-0.5900444739548627,-0.06738948750902803,0.019653412022097753,4.951236724894743,0.0,10.69882969059751,0.44520512940897394,2.0246484075292646,0.020721515077170478,0.16297926805922028,0.09647801077423429,0.7822533935611827,0.6240914681800718,0.0,-0.42906225510538754,0.9550566787768535,0.1255776535871334,181.76710990834547,0.09396906450130829,0.013601385027991693,0.7690883003974262,0.4793395767821187
16.699934604781145,0.31817899805824523,-0.05851884489270115,0.1481171993658921,-0.4312803347167171,0.016577842455120437,0.00642649713264724,0.11730822135605012,0.007652300098663064,0.0,236.8085266876119,261.89364835250655,37.26588843195945,41.04388161902989,27.480206713613274,43.09419656224063,153.28712675763796,-1832.9612426935323,0.06525617772524864,0.29564442061159224,-0.3754703786876202,-0.9268343944460494,-0.3754703786876202,-0.9268343944460494,0.012863795754543739,-0.06066655065449851,5.313568460187482,0.0008976777138568909,-13.857761442501442,0.14912162145129934,2.0964853563309878,0.10995989022991698,0.35527564278909674,0.007158668130010527,0.9089620040214206,0.660032273577092,0.0,0.6022665948077746,0.9894805058054608,0.7655464247519618,303.0886679735381,0.014541155976694142,0.14076017974166968,1.171587103829521,0.24687563841934923
16.65234180294641,0.043076253010415025,0.05886401517374027,0.06021785499534415,2.008902550768556,0.044391116848021904,0.011305857134486659,0.5518100324944569,0.021588146644174445,0.0,172.90222814547218,235.1933199584441,36.2804121248864,59.120237025594946,220.98034757378758,171.0652502904725,185.70880173994487,-2989.931356727648,0.7455596899204091,0.1821425665679085,0.8402480696078469,0.5422021592729844,0.8402480696078469,0.5422021592729844,0.0027985126789378373,0.21479390828754755,0.7173204887196303,0.011912555901217002,10.177719381128577,0.05800168021899937,1.1274849686746897,0.01901670040044648,0.08588561375328839,0.506936858617771,1.1590154043400585,0.5927262122522866,1.0,-0.29282514905361745,1.0,0.13642465644826973,181.46325245472426,0.18585806098509564,0.3574840803870258,0.8645111407273609,0.5106759638018081
17.04089858662225,-0.1448279060747798,-0.008790648736921473,0.2678046573897445,1.8809002676360036,0.0011171623623683475,0.0026270231873425144,0.0,0.06447624420043883,0.0,197.19462233643435,240.0784034059467,80.93529803194134,38.94742901021361,124.22190034231389,352.4748392007222,273.16417205163896,-3144.2787206212183,0.4588624944716493,0.5578155490526845,0.6564105761979381,-0.7544038410927472,0.6564105761979381,-0.7544038410927472,-0.01538323995917909,-0.06169958610057327,-2.467997659933175,0.0,-1.7334686577694836,0.6080184593321367,0.6933332827260061,0.36649520915376504,0.1995550344242772,0.05122114229311571,0.7620152926261606,0.40465056761180307,0.0,-1.6231965570354348,1.0,0.28715311129388854,232.21475674556993,0.0828767120098296,0.07301359915980773,0.9859731116821717,0.2254110298270411
17.264710737794385,0.5283651142297939,-0.09693985777386208,0.7635489872840188,2.902115965709589,0.0058717267616524476,0.01830337757084352,0.06998638765807849,0.0163209270730775,0.0,153.9760036746432,191.42049887628485,37.524868676057366,43.484064844605875,7.071086762910977,172.86928834989467,72.8186893467656,-1859.4839927085977,0.8676129060864597,0.9193034322521215,-0.9993706508539969,0.03547255575312556,-0.9993706508539969,0.03547255575312556,0.05460285125631534,-0.046908279830121885,9.122070861119079,0.0011422427290756303,-14.926411896807577,0.4030789247599348,3.3468264062446176,0.713054715480409,0.10574211976897128,0.14573136062735856,1.2255941863074467,0.39859718047701254,0.0,-1.3664128665638935,1.0,0.9067917219836451,207.44597968587672,0.2433760683596473,0.17538160671907377,0.7698800183732161,0.0769274625329591
16.355471410525638,0.058560450925112084,-0.09568367128796466,0.17215524235760177,-1.577577773362711,0.019261071316213713,0.007294272640470897,0.35113683458066586,0.030270917731162545,0.0,206.95618468314976,240.54847756368818,35.96366984662984,9.86425586114066,134.1615099134254,227.81224997058797,175.38010792708565,-6103.198102940506,0.9575812905302923,0.8959781507240482,0.9912685467787256,-0.13185851571739118,0.9912685467787256,-0.13185851571739118,-0.028354948650139516,0.16292570272326345,0.9577837808931603,0.010629234231972168,-19.80232754623381,0.6960432325956672,1.1956320730621242,0.17784822326512797,0.2963189741159342,0.07075324152403686,1.2319243147990189,0.4547209086429186,0.0,-0.344963447568161,1.0,0.21405269509009253,260.25884087299784,0.027629022377531683,0.20779211045729173,1.0347809234157488,0.8922133680125676
12.222200862883714,-0.23750583474188017,0.14470586960311022,0.7446910979128907,1.3170782246133497,0.010128375385420132,0.011705775312800886,0.02522245855315325,0.013532734666475971,0.0,252.02064056894747,308.3661801899035,33.335396839075926,210.8119169815267,66.91716079236355,8.167199738592185,212.30782529217538,-1509.7000556690787,1.9590113595729575,0.3599659271576924,0.746588114532413,0.6652865452111116,0.746588114532413,0.6652865452111116,0.016342587390366203,0.36214233258367523,-2.9028440183221247,0.00034132883923601034,36.46886595146242,0.0419957011610144,0.49496212411052776,0.7627385336303246,0.09962355904958456,0.10070693563852828,0.8340008550523691,0.41585482661174417,1.0,-0.023996963057661292,1.0,0.4962729991238118,286.55681401541216,0.04591703043890356,0.0628713788084153,1.2601032028447374,0.00720248253126826
17.295638222248535,-0.27664660894310644,-0.01564214791432986,0.13978972176752513,1.6142728127466457,0.014153099237099854,0.052242280773590534,0.1417459004137671,0.02397027365381295,0.0,251.62045497615148,322.244070648171,41.383248565623916,18.6382917508767,65.48930998530894,69.597684346283,167.22632194880478,-5096.876353802889,0.38558902148254753,0.25785513993820264,-0.1435724234118113,-0.9896398128792412,-0.1435724234118113,-0.9896398128792412,0.041027747013566936,0.2814996747896656,-4.784779663691835,0.0033976880222241156,-3.935884375007938,0.3673072566470146,0.471732205892916,0.12422353919335982,0.35923275379798797,0.10609694631773801,1.041661812622014,0.5650594906676794,0.0,-0.05493197696152844,1.0,0.47838644192656765,278.9291766514647,0.2155210355455935,0.42123590370438335,1.2581022748807573,0.5066592136382074
15.040894427077614,-0.37336773916581106,0.1640354093898311,0.008025655448617169,2.74121861582873,0.013709850702758403,0.006912981224572642,0.006696881304791902,0.00958529229976387,0.0,173.198097762997,217.15198984790484,30.685553100282117,15.023561409683376,136.27797401430317,47.75330539708281,38.49261555062963,-8000.0,5.5739079063157915,0.788793822670777,0.8584015232918917,0.512978386299228,0.8584015232918917,0.512978386299228,-0.07416106044480916,-0.02733077682182873,-5.615784747269616,6.419156480325444e-05,28.410620872093205,0.11367802141131987,0.4109189726124312,0.0,0.5286297490163744,0.30665215378147115,1.1258614704585619,0.4167739691373495,1.0,0.289569044036056,1.0,0.25280678026765985,197.2722416052609,0.013436629765289854,0.023384923306161223,0.8659904888149851,0.3183911945768657
17.041152718485044,0.23236487235365122,-0.05136362607149101,0.7176735066094161,2.5566432945823587,0.022770354943858182,0.006425398143454405,0.39042666360493905,0.13548390753134795,1.0,205.6201499199666,252.38669930002786,49.275179618965794,113.14989055868934,35.56543698817143,4.603005161838486,49.02533740156456,-1654.0819659972572,2.1413135191874293,0.7249800182441882,0.9181214482844364,-0.39629913726891813,0.9181214482844364,-0.39629913726891813,-0.037420717083719184,-0.009902842346480657,3.9597652761898536,0.052896529989624255,-10.561396493253087,0.3246078422243695,1.7750687210828007,0.6784286746590917,0.11132349569439914,0.1836966647795724,0.9291597254023797,0.4865228487411248,0.0,-0.03126708579529709,1.0,0.6246381778100079,248.46036570107822,0.060745936664750824,0.26476200746163375,1.0281007495998329,0.5184749186151818
21.6046038812944,-0.39726779800385265,0.02912052011314934,0.19115053134563875,0.4619766139842407,0.008643698082322996,0.007630891437521597,0.07810371812356852,0.04596748043884766,0.0,156.119653077744,222.19413067608008,51.5896227338913,67.65283433819171,6.331934748847505,218.2198208628931,265.0023419221886,-1960.142775494448,0.6715781340048912,0.5053398311374923,0.2985688173637202,-0.9543881083175908,0.2985688173637202,-0.9543881083175908,0.0026930483657916955,0.009343848956840789,-8.582813410667313,0.0035902311350464074,4.546285497508341,0.1694443582940516,0.3818937596551532,0.16382528123043733,0.5261365515112579,0.01744493187255752,0.7384202196426505,0.397759345113768,0.0,-1.378402244365678,1.0,0.9737095512322316,194.62635534461424,0.11015553239961065,0.058136966639905155,0.78059826538872,0.006118695761187735
19.886704884216954,-0.20125662408733774,0.23926767230182416,0.5806390261866243,0.4973341344370126,0.024430578658953574,0.004231289953161109,0.24896847086893753,0.03130302994275031,0.0,203.84694980658787,226.69026424121319,32.22004228371827,7.773024308857974,259.19300704888104,203.55085636165492,97.45488493270997,-2856.092059310678,0.009584400803451933,0.3890302595388575,-0.3913578365610259,-0.9202385798054075,-0.3913578365610259,-0.9202385798054075,0.03150767097141593,0.029399881692517105,-4.002331089218675,0.00779346749841111,48.77398518604907,0.1061008142980966,0.6499418961521024,0.5451643827317354,0.3353361791882447,0.24442605405082152,0.7717745584424573,0.459797389363168,0.0,-0.3523557245745114,0.8786682789584448,0.04652382965753041,246.2092616746882,0.06706115707170332,0.05254653119339185,0.8955692427874152,0.05742658281152816
19.787494782736907,0.018424501460212222,-0.10573867446632793,0.070519534420832,-2.090470865260315,0.030235823545900566,0.008548619316102428,0.4377882820095679,0.19507585834081176,1.0,186.35343651463248,265.8564661583225,30.51548803644008,3.012650698458799,259.1795277985583,9.10294666706111,209.0865869959068,-8000.0,0.5925443815928682,0.12379790374517496,-0.7731383255706026,-0.6342374393978054,-0.7731383255706026,-0.6342374393978054,0.07106188829607667,-0.169469622869563,0.3645747265184779,0.08540192488456581,-19.704765359302232,0.022349853512944575,1.0447231753818649,0.13690555407987853,0.4426082562501396,0.01174791963634943,1.245060699375761,0.5154076838251886,0.0,-0.5703515929377163,1.0,0.09369832409634554,219.24451907738433,0.17434351226897657,0.20027028269499839,0.9317671825731624,0.10861857539942368
18.518451259301827,0.3708070194401763,-0.18978144998997767,0.23701550352140813,2.984278673327349,0.018128397542706464,0.0007302673610041733,0.24743181489161276,0.1027853962093157,1.0,184.9725080110877,271.63401254598324,37.78113192124283,19.240699717707873,119.44264512077652,410.54251672579807,21.636225419018828,-1241.3137530067534,1.838995162929567,0.7851385890922365,-0.8945422369764496,-0.4469834295196741,-0.8945422369764496,-0.4469834295196741,-0.01079398993639602,0.1873187597710878,6.86677171610989,0.02543237712842448,-35.10435077862699,0.1403334335782187,2.4134019043099286,0.23655920384777668,1.136503250147942,0.026054195749840095,1.0893462509169691,0.43316730951422683,0.0,-1.6692719734867159,1.0,0.347238719249025,235.24994553494696,0.07594790187346315,0.14766328849392643,0.9248625400554386,0.1902500918235153
14.522554978019725,-0.3304667893665527,0.12865901312872333,0.02493347113981643,-1.5392706788574035,0.007236279108741615,0.019385506959762943,0.0,0.006071259666391539,0.0,209.98492738661838,219.38986444531713,95.87400626416014,192.41156505661996,123.4792227944277,53.955175897948294,65.92671853222136,-1697.6231347775276,0.423626771768692,0.6174644435816974,-0.8235472349556007,0.5672476988027229,-0.8235472349556007,0.5672476988027229,-0.015823552132494208,0.041321825544557315,-4.799222116985426,0.0,27.016453529468947,0.9975554947368782,0.38799652832274034,0.0,0.494940141227466,0.06399215119822614,0.7401466489411335,0.2946679421324602,0.0,-0.004897775340894972,1.0,0.30728874007884527,255.99810951630363,0.08189582232658187,0.13198411977906993,1.049924636933092,0.037766377508424674
14.288346829308358,-0.13366813246998516,-0.08268091053930737,0.2792181190729024,1.4120593057642603,0.0431569336497225,0.044706285370135046,0.3668415440884934,0.08403210745369821,0.0,193.80216057778375,242.3396121440324,69.36618646237591,78.23461238842549,129.34051163570868,169.27512602439506,98.46962078403145,-2997.307852152271,0.30220289232265635,0.3768816797380167,0.4169258813287287,0.908940487313808,0.4169258813287287,0.908940487313808,-0.04362980151068319,-0.00897123776306275,-1.909896636757082,0.030826468051324846,-16.023739101056222,0.10058295095409808,0.7718735239932546,0.2845660212662627,0.24774183265185212,0.00122424916969997,0.8018740438749693,0.5670056322699721,1.0,0.36664064857572853,0.9293496774795617,0.314291387570944,230.71800302669988,0.2239366225966819,0.42741286935593,0.9005498771390277,0.08281665051339251
16.28594757897033,0.02262852208305878,-0.0020706364106233776,0.1502785322069074,1.858534828129855,0.0006687198186312709,0.006787236374675781,0.05618032863864257,0.05675583747990564,0.0,245.58582137678502,284.80161589874155,56.5078593003704,35.3714684396462,394.051348911022,125.57312684099584,172.9822280112098,-1233.7851462719964,2.4961561330540323,0.9187879760667995,0.753697664392914,-0.6572212950663319,0.753697664392914,-0.6572212950663319,0.016499204608851663,-0.25422907531181455,0.36852692443426777,0.003188561601782486,-0.5085189436756201,0.43673460232116146,1.0435404556467514,0.18367632747165313,0.34861044729695023,0.014963932374697148,1.2919546694770467,0.2892901488688905,0.0,0.014655814532290432,1.0,0.0,301.3828070374025,0.46114994573103785,0.11932382126237533,1.227929106883925,0.4289412799031252
15.85928368987378,-0.07314831685770357,-0.05859182104515849,0.4925895037216488,-0.3693538777157368,0.013675968478671498,0.0001137534371188546,0.07434757928042099,0.08874106503468016,0.0,192.92377496016988,238.95219839659887,63.31660072947799,0.6624699232705498,7.207208728090805,181.74546945073413,69.96913798282553,-5475.789478145799,2.236148753043213,0.6596727064118622,0.017201575418260506,0.9998520419557735,0.017201575418260506,0.9998520419557735,-0.01485587868490458,0.012457241698122493,-1.1600799084830975,0.0065976833680948775,-11.303755297822702,1.3199543063568078,0.8912344311174855,0.4753585184187698,0.15918550811026572,0.0012475863519078234,0.8381267496194754,0.6028024983918217,1.0,0.525315160455034,0.9653061750467644,0.9058209856016606,218.38815854813714,0.005620376387753625,0.05730556458751122,0.9311525564119216,0.08578817422415158
13.971572933760552,0.3201460215098406,0.02681627809553161,0.28087876441407766,-1.8146233749346168,0.027747058415890903,0.0034215713017601017,0.06574625294685632,0.02076541749797344,0.0,221.45441755541103,265.17864151117215,69.67782419182754,21.250816515047852,4.129978621415678,13.1659329710614,83.54107371302695,-1506.619837414923,4.238775476532979,0.9292388668437462,0.06875540848113941,0.9976335468520451,0.06875540848113941,0.9976335468520451,-0.013701613141285924,-0.37864246064416107,4.472943488978013,0.0013652483913688383,5.93858324664988,1.0777816572351304,2.0490346213277406,0.32597782917287343,0.67822187525154,0.0469344102205681,1.2634446546536438,0.3069540335011061,1.0,0.18210434181266932,1.0,1.0,280.6936760103426,0.25872732295960693,0.011219247665524429,1.1072720877770552,0.1708643456571529
17.365055265384715,-0.4849236714685271,-0.09505362071857422,0.2935656317070339,-1.954319543821648,0.00950425037632485,0.00011222259215393927,0.08971842389934073,0.031656199784128654,0.0,130.34851752844273,192.52490400563312,37.658060685488856,17.87366823786331,25.473449829323624,130.76396765271966,91.37379017439542,-1120.8215340204563,0.3374854154109725,0.4744124603396439,0.9738922359149924,0.22701082094141847,0.9738922359149924,0.22701082094141847,-0.0046944252944254175,-0.11632986880644641,-8.420726354544234,0.002840144351274673,-12.390098546377018,0.15985299199008302,0.3286178845169993,0.230008292989206,0.27501233143693454,0.023974163905,0.6567188481205045,0.3188073359966188,1.0,-0.1052070821086228,0.9358547199107267,0.8005837438444974,123.39985180804877,0.19136790231617623,0.07513543398412825,0.609936376811796,0.09374877335670014
20.338431483715596,-0.015526921977241787,-0.01799400878833061,0.13384947586288953,2.2399304349331617,0.00799380331911099,0.00166709829683024,0.0,0.08575273325060588,0.0,185.8483702327248,234.15982162820492,42.096912439650396,145.90060436477253,72.2649484805969,60.86756310132238,61.126859446206105,-1853.951432917027,1.9167306967463174,0.4546178240639299,-0.5856957398073508,-0.8105309990194823,-0.5856957398073508,-0.8105309990194823,0.027581403104516955,-0.11261954129583973,-0.31579323878712995,0.0,-3.344157207264571,0.1766256100246379,0.9597541613875538,0.19241465746871023,0.4286276443709875,0.09134307576264117,0.7326222310956914,0.5448563587617584,0.0,0.08095330252985103,1.0,0.5778874834676521,219.33338017103168,0.33107491520503274,0.016815889530649355,0.9292418511636239,0.06263540499015209
14.05179050883537,-0.31018686894429914,0.044981532655653425,0.3166550216460029,0.06758499949514007,0.0025699737753134572,0.02360986998432077,0.1873279131095072,0.07648782223193645,0.0,248.60993055883932,284.94632234584,53.94715861443656,1.1310529242676184,115.03243740978535,11.202186939639702,88.88088412060026,-6243.713545615581,0.39326362503937057,0.9372392903140796,-0.6115298757991053,0.7912213413483807,-0.6115298757991053,0.7912213413483807,-0.028186527658963054,0.057399038617523795,-4.3586809009968634,0.014328304116999625,11.182855709952161,0.029903202559389625,0.4394463482989881,0.3162074046573919,2.10592208424634,0.18885771085255088,1.2832378783534844,0.4035061585661825,0.0,-1.4828555449517429,0.927889161894569,0.40175310126722025,339.49366974680436,0.030704961717632255,0.1829354062288805,1.153412300524542,0.09044563368333669
15.337108104925582,-0.16240015796631055,-0.1008308886274262,0.4105200917232582,-2.5752452924134452,0.011672592111031619,0.005033292578356636,0.13440468488663146,0.04154216816823293,0.0,245.63179672117437,293.04901930174753,35.817338190289945,0.8376417451770889,58.85176751065398,23.53507608332879,42.01546705599909,-1482.648528955734,3.2745674607650352,0.9597914282435333,-0.9878726596350429,0.15526624985999563,-0.9878726596350429,0.15526624985999563,-0.03860790444544525,0.3759700049890592,-2.4907487789862963,0.005583462022158799,-24.767272338547325,0.7725418653269867,0.6239974152422335,0.4081194741356718,0.14486526484860635,0.048377515111199754,1.2628114093532314,0.29399229592886933,0.0,-0.4600821944015874,1.0,0.5701291938994457,302.1575117235197,0.19639735508783931,0.11599477040844197,1.228158983605872,0.14805752169634062
16.331667489859125,-0.3997229756234798,-0.07000840296458889,0.22334419793546176,1.3635735626356427,0.05354727018847125,0.006700595120990708,0.44495519621035495,0.07845424357000158,0.0,165.57767055056206,223.2994341049982,77.41275271692898,54.91841959177274,89.48561423523394,103.29693709385762,101.23463023721551,-1200.9118438479848,3.738960375535878,0.9607673188788862,-0.7944973291665992,-0.6072676460566135,-0.7944973291665992,-0.6072676460566135,0.02158620930670516,0.11438149313308743,-6.528142725939737,0.034908623341225034,-11.591828281841693,1.042790296269005,0.3693406249652998,0.1886934817122191,0.4111775515553625,0.07771799198169455,1.2811560655838683,0.43268436906907765,0.0,-0.6133982889009202,0.8938906392744254,0.3960674532528394,222.00513872859,0.07648137232001782,0.2599490820110033,0.7400416488900605,0.29623842960353314
18.83545250681179,0.10669759909299786,-0.03473828335985318,0.5292604739943079,-1.5697215703235827,0.0006455876467641285,0.008131015506809587,0.0,0.004841816779132653,0.0,171.1839975209364,203.42817760445718,48.76867611636254,6.869840791719447,47.84471266933237,85.27477523246957,122.62808411197949,-2134.2501439367807,1.7007569487334475,0.8188973939074429,-0.981947190186646,0.18915526872004093,-0.981947190186646,0.18915526872004093,-0.15128624509412925,0.2896804145271227,2.009697560307006,0.0,-5.946638212554692,0.715754034969958,1.2849873325922323,0.4678679674686372,0.45987954109458484,0.0034307315327621146,1.1304852751373493,0.4727050740439978,0.0,-0.2958356677106214,0.9979388773901839,0.5718230948228099,200.65601533666245,0.12235476106697399,0.010405049989680549,0.8541558315660366,0.055676627346983
17.163811475412036,0.07491915328646459,-0.14288154342262782,0.0788721935500336,2.364957967617447,0.0011883974624649829,0.002364518518389436,0.0,0.0556394900244552,0.0,178.70351432836455,204.01000899381484,46.69808876523948,23.998177577352894,51.41734027658237,93.95625529618997,119.98070854646097,-5863.613693672537,0.08340690230903652,0.4624061448243386,0.8837203473619977,0.4680153284438345,0.8837203473619977,0.4680153284438345,-0.03018390868308428,0.12904243462071538,1.2858982229063742,0.0,-25.53343394228441,0.2631794816451211,1.1504353894733177,0.0,0.286550404485142,0.0698219665650326,0.6915713004109129,0.4396330441487719,1.0,1.617644585462587,0.9787357397430863,0.5742042628616806,183.16208522660804,0.02903921911493132,0.0029293039137981564,0.8745175814543055,0.2736160626829427
19.312445948978173,-0.10579682182228783,-0.04225609827987464,0.2069876621358001,-1.1964957560889098,0.04594723460724803,0.01905211429600736,0.34952615739442994,0.00042943359112838637,0.0,211.12780602836492,291.0189480408947,38.43465707807128,4.806840126689729,36.77127900882691,52.94731879312011,7.573461053877804,-1663.6956104109245,1.1944696469510925,0.2102992942690588,-0.8425720899866032,0.5385835804920232,-0.8425720899866032,0.5385835804920232,-0.05756547497036821,0.2250106979375231,-2.0431954030166084,0.00015009827296319565,-8.921437321148899,0.14049031029481043,0.7672925662034542,0.1688488286883108,0.39314215337320396,0.02108740716995482,1.0741407159830378,0.37173824764836605,0.0,-0.2563933296349592,1.0,0.6719036477278671,265.55903548606017,0.0749640618855106,0.3407020069543588,1.0556390301418246,0.05242814666797693
12.378131682588105,0.3394071397527803,0.011879653990290185,0.290297137011519,-1.8832539165107465,0.10179744301587688,0.009908190067937942,1.0,0.003957402740555431,0.0,219.67212265702494,260.0357224613984,31.85502666498073,9.977163657006235,74.54460914566778,147.1747415379789,2.320127856649795,-4839.15893686888,0.15869563640637047,0.38344088127782827,-0.6383844591746642,0.7697176640069211,-0.6383844591746642,0.7697176640069211,0.06016291115083944,0.37142547058862124,4.2012262698704985,0.003957402740555431,2.6096288084780412,1.4331688065931607,2.090487255951545,0.3196807980416366,0.6060138566982416,0.06391461541813241,0.7244229756218526,0.49745047100985695,0.0,-1.6971294674846582,0.9787310284204067,0.44486011263389885,224.89684162781435,0.2860166574077331,0.6185853411431721,1.0749996126170187,0.00687915488321723
14.52278757799174,0.7566682600018031,-0.039954894158842846,0.1285660052711192,-2.6084113278553014,0.019088446533716618,0.01038832114162734,0.41406307988640534,0.0022675196270180043,0.0,191.5751116348992,239.51481683110637,51.954006851062346,20.76815541941203,10.658979154963504,11.032242692671717,138.21218570753297,-4741.87147180059,0.11161980394905152,0.9382974915177886,0.5663619330814524,0.8241566360566663,0.5663619330814524,0.8241566360566663,-0.022046638127144837,-0.14636736646045098,10.988932407014811,0.000938896160465948,-7.6543633088409,0.16934068455149756,5.69189024322297,0.0805020841558861,1.043188692325484,0.09434140401380829,1.3182182922946861,0.505308077805035,1.0,1.7561859070558117,1.0,0.8529774440354162,219.91505927842218,0.26249979688354846,0.2683803526148665,0.957875558174496,0.1498144048623062
20.962665723906525,-0.4608294772462957,-0.02713764929317246,0.06692193078833751,0.07245226829674678,0.09939859897550031,0.007465666726908475,1.0,0.1367596998687048,1.0,183.47391195982843,227.50698087244484,54.82524590694442,46.095425458554054,6.744833189785988,44.04706623663458,65.53883879185803,-1888.2032767993703,0.2929757901409844,0.3635542950802999,0.18175978759137534,-0.9833429613388902,0.18175978759137534,-0.9833429613388902,-0.028035805763361545,-0.15942088682630068,-9.660214287236684,0.1367596998687048,-4.979050677212224,0.00022790418770815768,0.3972545675546245,0.0,0.0911629758339911,0.5714032778231558,0.80413599560057,0.6243288452979715,0.0,-0.00888120965783635,0.9487939716205664,0.9548548468471645,207.77903851938885,0.08031671254955777,0.5401916915289067,0.8703947080856388,0.03221010570666147
18.391129232497015,-0.1939966725158731,-0.0019901670906585355,0.030150876734636078,-0.30952486441636173,0.015723132106049708,0.012241449528575364,0.14802706719839417,0.09188567961143493,0.0,126.98013468071923,185.20145024195136,74.42495423196253,67.85582903660142,55.49790106110977,151.370114994768,35.973537000125525,-2681.173121886097,2.3687474494992844,0.7567174268235375,-0.8776087166898392,0.4793776594606945,-0.8776087166898392,0.4793776594606945,-0.002431124262663696,0.13376218009546428,-3.567817874913824,0.013601567670411995,-0.252711685208956,0.01349841453179626,0.6749987533301106,0.0,0.1787709239759052,0.36019203765670843,0.9796776869968654,0.39689878394094175,0.0,0.3184445001877879,0.9859019198477628,0.6589162946559519,161.17698848192458,0.26626513575567673,0.06356848187888185,0.6259497928212429,0.07465539517691708
20.337615709100287,-0.42979255658826143,-0.0655743462432314,0.2612091310688724,1.5790407744862591,0.016259677377567387,0.005367996406525251,0.11940083621028222,0.05216386896643569,0.0,161.55976923048283,238.15161807684848,46.98782042016266,40.61287297445406,34.987653551281504,408.17501801360237,377.6570409217855,-1824.5131556293836,0.8625070062976667,0.9230043510911079,0.14782713347053048,-0.9890132145779883,0.14782713347053048,-0.9890132145779883,-0.02976862142324568,-0.000735690812449162,-8.7409558505238,0.006228409574556011,-10.594176246496243,0.4821728275144171,0.3673666407077739,0.24196746519365664,0.014663831057106998,0.07249985615904977,1.1917819428382306,0.3481554211298497,0.0,-1.4993391131832454,0.9869043951039747,0.7514379374550192,219.64052304258493,0.22008259440699027,0.17250865580608155,0.7972202316277369,0.10747198588714572
12.6618181467403,-0.2612377328485501,0.06910625658668772,0.0823527136097113,-0.2224085040608843,0.02588403594879053,0.01499468114685078,0.16319077813026905,0.03855030125491521,0.0,219.83009759646487,278.52910522240416,50.832386767225245,1.2547857085529137,35.314765248118285,83.63349173588524,17.892908605859528,-1713.7573412202619,4.3247280160662225,0.9703921628814296,-0.8425720899866032,0.5385835804920232,-0.8425720899866032,0.5385835804920232,-0.020132407907676737,0.044070766561392145,-3.3077446663950667,0.006291053658945901,15.191635129977904,3.160736787467132,0.560159556428662,0.06507765247659367,0.10011917501897111,0.1468752658406136,1.3256978427927963,0.35665072552393856,0.0,-0.4094950985428627,1.0,0.6863524608560562,323.8510798285838,0.1185216798140297,0.20838588916778678,1.0991504879823244,0.01292375123323695
14.010966861736708,-0.4857067815435668,0.14359781248017758,0.019001582892150995,-0.9813332092704719,0.07521070809962317,0.008264416367053965,0.9580836709302057,0.007644496731004225,0.0,212.54873627969852,239.77325906659865,54.049617172950335,25.106167009883794,185.4160289472446,78.46845656749147,62.03873470891056,-3241.3069897393025,1.6253931492134446,0.9476741468753561,-0.3893781415452015,0.9210779895789526,-0.3893781415452015,0.9210779895789526,0.004855520521158157,-0.04973337842147213,-6.805221620727705,0.007324067490454485,30.521533575190865,0.7998741333885527,0.28539538603222797,0.01255693748001277,0.25435901055322063,0.0191933429525977,1.3006745131499922,0.5548390670522843,0.0,1.6698509142614288,1.0,0.2072858154120256,257.43422267279544,0.23048136107155248,0.557961495835589,1.0627436813984925,0.07034427238553624
17.40137250261608,-0.1546716347141872,-0.04643803921954485,0.24871952645887552,-1.4975663321335646,0.006810166843856577,0.0004831339643892048,0.04922679825212828,0.00648380572772772,0.0,171.45736026341655,200.6955088582886,47.382251920148335,8.985595370205445,441.8688588660103,30.134496640411207,28.615093131055858,-8000.0,0.44596866848599825,0.5550575977222759,0.14782713347053048,-0.9890132145779883,0.14782713347053048,-0.9890132145779883,-0.021102021725313405,-0.11925174340494347,-2.691498731250136,0.00031917699646484625,-7.962143620392168,0.5902602368975852,0.7815932731002457,0.30034984376146945,0.4114783432357102,0.08439133788356795,0.7240931356886446,0.2628925670033152,0.0,-0.08870273559492853,1.0,0.02938256780811265,188.43923665382295,0.2894883405792329,0.0,0.8572868013170827,0.24511152854783386
14.860329674821848,-0.4740586119544884,0.04851982314777071,0.032971639622714134,-1.3939451092130506,0.015327963670823792,0.0009342913549143807,0.36484261971448834,0.05998862946290068,0.0,196.01526924080136,240.03079761089762,38.37950936471739,9.460710850639597,76.87018162506082,271.8912355584771,161.37601467164544,-2194.5825592469228,2.5079377506137224,0.49188007465087036,0.3694836834473831,0.9292372181882051,0.3694836834473831,0.9292372181882051,-0.021460872613601852,0.3241529337550051,-7.044667258832139,0.021886408726326422,9.510626197826342,0.821935910661393,0.4390804318091274,0.0954343615272886,0.33157672518793413,0.09853532545191632,0.7262997960417691,0.41483445039676853,1.0,-0.07524592227369677,1.0,0.46157931712788314,257.11618076700125,0.005946928557341783,0.18913889916460588,0.9800763462040067,0.06577285814527425
17.782502224236364,-0.027763344751184846,-0.023961715543464695,0.6234459331374504,2.6882476504721344,0.054133847192481266,0.004742403116205896,0.6806904228858188,0.0861785472930567,0.0,220.95230651851512,266.9288085255161,45.94668891020202,31.64753636456144,13.89092945481683,98.60901454271935,215.13755043209164,-8000.0,0.3285215709191126,0.9876405087679863,0.8367329140344921,-0.5476112038402312,0.8367329140344921,-0.5476112038402312,-0.05050788368556544,-0.21997222276398287,-0.4937017397901855,0.0586609118005963,-5.294396317469079,0.27961721103439263,0.9463142228935176,0.7237190584069165,0.03457950041571213,0.06379278069712509,1.3249228155651267,0.4219065010996818,0.0,-0.2906192862139539,1.0,0.8651508301823989,305.20121635565266,0.09128988357510413,0.3577007916079845,1.1047615325925755,1.0
17.802751047230203,-0.2409514271719007,0.036548734503850475,0.02530853728209756,-2.104373206421905,0.05065807412089609,0.00033111301538972905,0.33250109807433353,0.08268979162721324,0.0,152.50179497246177,176.67252592926275,34.041996655010365,66.7628940395468,122.59701904951704,143.80823984840322,43.21989770762884,-2436.7819810606943,0.2570180071447122,0.21817920458030682,0.9776530844816641,0.2102247521189836,0.9776530844816641,0.2102247521189836,-0.05768918702602656,0.13727845184830886,-4.289598272416168,0.027494446515586232,5.573747615809144,0.2553201329217256,0.7037149685489277,0.0,0.009689236338586801,0.0437760393308308,1.065415110486364,0.2715172754600137,1.0,0.3244398998012086,0.955106803565343,0.2834758307032791,178.48523782494462,0.035859550997961225,0.20204688602914533,0.7282775096706263,0.2417899821707661
17.112438200102666,0.428115935496525,0.15657795312032544,0.4080377750342564,3.0673029380889494,0.04498211894958163,0.0008044381645832658,0.3832259499198871,0.17512158957033563,1.0,222.15475710579773,284.4448709084143,33.79349015269977,12.295524328163689,65.54032153419242,33.356283911914296,50.61918342464043,-3503.45899937047,0.5516194195567609,0.1875302616847626,0.14782713347053048,-0.9890132145779883,0.14782713347053048,-0.9890132145779883,0.0030318448795140294,0.10484565714608998,7.326107488663423,0.06711113751457247,34.78453714356888,0.44528918786640875,2.6458745093041722,0.3652435790174397,0.7211727957104884,0.12532599161920893,1.107125901243432,0.432309757538167,0.0,-0.10422023476056946,1.0,0.5517859639354846,222.8556051160209,0.08147687965810667,0.17308362510557007,1.1107737855289885,0.28289672078020156
19.966008257003125,0.2427213252458911,0.05086595430180988,0.29841945670706865,-1.0874971360948513,0.024029485325515593,0.004628096165536768,0.1733903408377737,0.03192331954081947,0.0,189.8799085252824,223.5851001570602,86.3938845379028,76.21254735564189,113.70236832407677,96.97842222390904,22.561683939927825,-2253.357930359204,3.3146266743533657,0.9631822977458351,-0.5139010013093103,-0.8578494977869301,-0.5139010013093103,-0.8578494977869301,0.015330025489291126,-0.31580265951404884,4.846175984010203,0.005535195255855849,9.658422749878854,0.9294507772323742,1.6861702585781777,0.33334371456005635,0.17615610192560224,0.013052924717916081,1.2794942809599517,0.518103598177467,0.0,-0.18499284501749597,1.0,0.32775582660333197,267.26436291027255,0.11397053104727556,0.09825014042389474,0.9493995426264119,0.23717670169299707
17.950621630953744,0.35430722077026555,-0.1773414538809681,0.01542962597123033,-2.5862204251164282,0.024091146245606015,0.0034590096982835944,0.2329268260454862,0.008263671155116916,0.0,235.29838111847144,307.69790455035775,34.227265975278506,67.59706823897619,80.45608829625394,43.37969568331668,76.62490004356724,-1459.3836195744764,8.586980806594394,0.6891948218241696,0.21547731504673012,-0.976508846196619,0.21547731504673012,-0.976508846196619,-0.07140783218919748,-0.16615606599871877,6.360034861161832,0.0019248306936450199,-41.72815700338786,0.15563222359075438,2.225553477285862,0.0,0.144728508207146,0.10195075477438031,0.9007811690984807,0.4167067611499311,0.0,-0.5862486323185706,0.9160003616306202,0.4108631537172025,300.01196527723033,0.058399861664326334,0.16472910846189623,1.0776670109780966,0.40955216932930655
15.302306430768622,-0.20208989767044488,0.0453995631446959,0.13046576493791764,-1.5790249069865834,0.01580471908984385,0.010268297751162071,0.15201576558706315,0.006525984061266992,0.0,201.88719364427521,279.196682602361,42.1543582882984,129.40053440714084,9.35676469176643,276.82167424888377,76.96165032590359,-1109.9473289105435,0.025671575205663585,0.5363040097981578,0.945320046913132,0.3261441535642696,0.945320046913132,0.3261441535642696,0.03799707076904238,-0.13253811218997352,-3.0924415407158214,0.0009920524632824734,9.165590395958722,0.08212257443286668,0.6169538527954687,0.17350508843037926,0.10752695477296151,0.003809914446559764,0.7496819299228012,0.44564290817143754,1.0,-0.18554904042985562,1.0,0.8718338054352727,238.1598124501591,0.24976787874847572,0.08867045319490799,1.009435968221376,0.22423537550876713
15.89161664662263,0.8311129673636928,0.12328637433090094,0.5076146623154241,-2.774564282244201,0.0015134805616569484,0.002930571097116544,0.31475871515638376,0.009738468742860275,0.0,200.7834800185375,247.05967702905482,42.08234110413703,98.29971983526106,84.87963161966229,83.41420471224544,42.261946637237926,-7246.2972599311,1.3583556514939596,0.1320497928413057,0.9487718864399473,-0.31596187665790293,0.9487718864399473,-0.31596187665790293,0.03820238199123737,0.11291682266331826,13.20772866738079,0.003065267909093304,24.75386727702638,1.316142588527043,6.89378129347676,0.5179703338211654,0.1254571566247517,0.0031915265709800754,1.199443516396753,0.747582267973189,0.0,0.7639058348059627,1.0,0.4432249131990545,197.03894889658895,0.002591423260127677,0.14333007889330857,1.0039174000926874,0.16997581044915153
13.996716780065793,0.3525076578532847,-0.02215961699981027,0.04893529989234003,1.8223107842554036,0.008814529445076207,0.0031043186416841065,0.0,0.16594483375838834,1.0,234.42594349959208,291.01053310586485,45.4327714400832,35.794512264810244,82.74024553517998,155.41189958739275,165.24516475773925,-1933.008647480568,0.6621329230935767,0.5132402490163293,-0.9093882203647925,-0.4159483918249421,-0.9093882203647925,-0.4159483918249421,0.04873445691393116,-0.0734070211861102,4.933949849776761,0.0,-5.194789122770122,0.20821363390675618,2.2376271636701013,0.12789551039417998,0.11777040080790532,0.023930018220202222,0.7453318334357916,0.5199362163997262,0.0,1.4853330501999542,1.0,0.45861597693448203,272.65490347264654,0.25921143080056425,0.025187925196468612,1.1721297174979604,0.009853938785492861
16.811442525748088,-0.8142137288114212,0.09956348061178324,0.185426432931682,0.07887227564058419,0.0277714025003938,0.004572034988830138,0.300611018570377,0.0056693232723267015,0.0,155.1527811854157,186.67357285415267,102.3022633104016,10.969403618607402,290.009195944777,200.15274276614866,95.90919195736318,-8000.0,2.874665218425794,0.944221153521555,0.17117705961019986,0.985240282501282,0.17117705961019986,0.985240282501282,0.014994454237029884,-0.017117961322161066,-13.688107305588247,0.0017042610434988724,15.447550921418385,0.05332981142451436,0.1104034033025781,0.23756223862831632,0.3949788740524278,0.18614238594856652,1.2929581289940817,0.18251669282583727,1.0,0.4872855985289688,1.0,0.03936152816828301,232.07208036197233,0.2547926166972119,0.24008996939681787,0.7757639059270786,0.06015662733715227
17.8981935068308,-0.44820690219578263,-0.06901155411519459,0.5135596324816277,-1.0242432812097824,0.009371378315048409,0.00037811572021550154,0.1553645573972644,0.03973167355453082,0.0,193.45820909909523,252.81335399628193,35.718328622426576,56.967733819873956,191.61764403137857,0.42103118199369666,100.6051589026324,-2435.376697730891,2.125522271663198,0.6028913233486717,0.9776530844816641,0.2102247521189836,0.9776530844816641,0.2102247521189836,0.031854105014449796,-0.29152947139694557,-8.022093866597304,0.006172893876452276,-13.350851666270842,0.4640313189138643,0.31135841403915837,0.5666104638095768,0.12961206096253416,0.047007004357265424,0.771958942485445,0.2980893384859436,1.0,-0.256325188056624,1.0,0.09056831449853456,206.5691367559469,0.08732098360096925,0.11999634416087708,0.9672910454954762,0.31120342509215376
15.28807629758644,-0.7009405794861149,-0.1485539159522274,0.0554204034518228,1.0181876948552944,0.0067677190529752546,0.010208257275640873,0.06751999008283292,0.14785557142867753,1.0,184.06704736652426,226.59416101500872,30.77277708930148,152.31194338349587,347.99761261239547,70.41203325648137,33.519052609692594,-1012.2319885159943,0.18179626815224192,0.4046286224395348,-0.6250496486104377,0.7805849965070866,-0.6250496486104377,0.7805849965070866,0.10925129222891611,0.4651823433430628,-10.716033059258177,0.009983206716555901,-27.343880684061304,0.96916415184305,0.2560956779140165,0.034826823017138006,0.34966943619491425,0.13294572609530214,0.8244232622321054,0.31631833920255653,0.0,0.40847532906074874,1.0,0.09335640238809956,190.41470474898367,0.053060858606797025,0.1385714848662457,0.9203352368326213,0.023517410536784338
16.318271312901405,0.14745100759017765,0.014116901883264017,0.08432514404728593,0.8208763322851085,0.00043667459170808575,0.013205605970971564,0.015384803695216661,0.03186677003030333,0.0,193.5593565726158,227.2508267487905,38.635946810623665,102.0047072664279,228.3030682100788,81.92546008160447,217.11236516768088,-2956.245049884629,0.6742670044191821,0.5511030014651284,0.5943761565849831,0.804187157621448,0.5943761565849831,0.804187157621448,-0.015076080043864666,0.014239123747899408,2.4061455472172035,0.0004902640013168302,2.7324584453233314,0.2644473228287208,1.4541363473508238,0.07945210174887234,0.16668321104978356,0.09853875675885027,0.7649127182497586,0.4368941392390608,1.0,1.5857391647261998,0.963248108271933,0.15390491554517755,213.00465058185074,0.5218762038366193,0.07688627201323069,0.9322284202845236,0.21628148770004763
20.745234655378553,-0.0007763093566767604,-0.17564767207463142,0.03144605194060293,2.7637978480731826,0.03300974444556518,0.03526509105152391,0.2256165550249931,0.006408236980554059,0.0,197.33291765815525,242.99289283436048,38.89996922362806,19.182562169423576,9.785548807544757,152.11576934194335,356.58827171522466,-6483.6867730433105,0.04013186214150853,0.8861450870177845,0.5027907197793043,-0.8644081744776648,0.5027907197793043,-0.8644081744776648,-0.05228457504447784,0.09980017945938878,-0.01610471976942536,0.0014458043513363706,-34.661067610349896,0.8819651917166424,0.9739401689895192,0.016183379062235128,0.33847028822678826,0.20704211933203231,1.276813162276854,0.46508493810809026,0.0,-1.7598359987517704,0.9806015963821128,0.807411109750767,241.57617318485816,0.0302420719990662,0.3638876339592649,0.9675248703716353,0.09056590686475866
19.25618553584027,-0.10029932640800787,-0.023977101289359176,0.7098940648316595,2.8981853016154826,0.01554072467041772,0.015082275989375525,0.1660558661644454,0.05939716348469309,0.0,192.1174871459179,235.13126701983745,32.7992477096761,181.1073529603435,5.286485890273481,40.02715787308173,75.45694404478941,-3553.2064328389265,0.26320214924771873,0.9128486611353276,0.9655071658143364,0.2603764827344581,0.9655071658143364,0.2603764827344581,-0.07670299416107308,-0.10812509771304449,-1.9313824384324032,0.009863247430161879,-4.606420448754833,0.002782268152671336,0.6999917470418483,0.6345994576491641,0.4234758052029756,0.008369125766310376,1.232206417162217,0.4661993952466055,1.0,-0.10781753883436335,0.9332148580149002,1.0,244.41501069204776,0.011483678497128,0.07138019180403486,0.896434467445286,0.2926566282492587
16.92117120152745,0.3867004974545314,0.1286842262645503,0.027495064057890078,1.1352696445066073,0.00969163951069112,0.003750401321338611,0.1480562947243484,0.008286565781726478,0.0,172.53975338958307,217.66236234452674,30.466385950253713,13.180395633505626,167.21856661226417,69.81338199875479,106.68018128894043,-5593.91868671148,1.4148996442730664,0.4000881656528953,0.6216868902665479,0.7832658619336791,0.6216868902665479,0.7832658619336791,0.08778369651161583,-0.13052546541357024,6.543425321143956,0.0012268782256319958,22.20314466481482,0.0427437529809113,2.379700532988929,0.10108352683266672,0.5657461987118697,0.286763868568448,0.8229627309413872,0.6810578701300656,1.0,-0.5840892874814916,1.0,0.17738727985158803,212.42050798437356,0.06600859847444439,0.19389211488893465,0.8626987669479154,0.1009024035227061
20.79247722525381,-0.04389375664867748,-0.1909762905746281,0.8862791034169671,1.996896364448216,0.02204753161463807,0.014771461815738934,0.25323537457349354,0.10641590448039939,1.0,191.44569123578165,255.69088977802704,36.46899067313549,38.46169828994293,121.80464052645905,104.81833058200702,22.272934440659448,-2841.2718121990492,1.3650222213885903,0.608061002434322,0.4575313760742512,-0.8891934772070711,0.4575313760742512,-0.8891934772070711,0.08843936293493287,0.3825369309907063,-0.9126599354484594,0.02694827143167105,-36.56158795870517,0.2551225787777,0.9899327563473166,0.9235484688591278,0.9243618732713241,0.06405801249806158,0.7640669991302743,0.443043969993909,0.0,1.5132881609427995,1.0,0.30530684477000536,235.59717120149924,0.07587611383876794,0.3080629451244432,0.9572284561789083,0.08190842647513433
18.890253934117894,0.046200472538305254,-0.12794967959138978,0.14451974510081633,1.8373610938765097,0.0035376487796293142,0.05035771123943473,0.09239657818750228,0.003039453830015593,0.0,224.06447689767123,262.28486300813523,47.31286438798581,31.951294616142782,7.747090698846173,129.78701830252328,159.86063206941537,-1568.2181878720476,4.156879805896949,0.27920261268283075,-0.1435724234118113,-0.9896398128792412,-0.1435724234118113,-0.9896398128792412,-0.04622998709671153,-0.38334432140132585,0.8727386581248265,0.00028083513345233903,-28.668978026869393,0.23359270500885093,1.1466854209817439,0.12726838889676945,0.4867813088367168,0.062596116096555,0.9384379863017971,0.3417106261931548,0.0,1.7959119291276529,0.9541943769837693,0.9823651012500129,244.04911411551228,0.2259876717964524,0.3208176627677693,1.0690053196878377,0.20322419977884373
14.565345527545906,-0.3960257822716426,-0.10320322451615777,0.4574467883008681,-0.054641515564357146,0.04196853710605889,0.002433512909748435,0.5609461611242121,0.03634419025614554,0.0,185.86712564070217,261.89247063731034,30.47126507508674,97.64414317095942,11.411985897948608,319.8645858319387,88.62080440101899,-2288.6116168685953,0.9963717746019677,0.4510852961584765,0.8992961915530253,0.4373400963303323,0.8992961915530253,0.4373400963303323,-0.036366040633927836,0.05572941368615533,-5.7682523566031385,0.020387134003352837,-19.18208669767029,0.6143339494342942,0.40504002767206737,0.5226764136738667,0.6872910192127447,0.10022355407671286,0.6492800643520374,0.5059767456841102,1.0,0.4400093734034032,1.0,0.9747779564947415,216.55957336703733,0.053418627481162134,0.3342537769826239,0.9293356282035109,0.11884822049659453
13.547836416631643,-0.4093547321738248,-0.006331985971095997,0.3974209454514901,1.2846493113026574,0.01676332343876336,0.03162743848523405,0.26132988857906775,0.06783077818438081,0.0,206.4616458917621,236.5857513993818,39.89453452590058,29.700693360811858,101.18691638754339,79.30051663954738,48.933240495339554,-3409.1567969714447,0.18698569109289595,0.2198826367831429,0.4784338202547012,0.8781236129591848,0.4784338202547012,0.8781236129591848,-0.016199551876558603,-0.24230077822157867,-5.545870947865036,0.017726209705155697,-1.307312245356027,0.9437662228635504,0.4830652703656101,0.36590256311413233,0.0660213326974772,0.20903183311593354,1.0662204097671666,0.5148992478520287,1.0,-0.6381001324825124,1.0,0.41368209471753087,232.56066442700612,0.202976118976411,0.2869021435154402,1.0323082294588104,0.10146197240685424
16.11608152501242,-0.1654150812952426,-0.03657167856462092,0.27836496292496715,-2.6498768063579305,0.04020038378782896,0.004332365922342151,0.4091332992280333,0.008435287580962366,0.0,189.66827680757808,263.899730905257,41.63776507376821,66.13039677525332,47.59104659929801,19.23279251924716,92.06571462271494,-5805.690101222463,1.2963773199537196,0.5314722618655752,0.7579216274973472,0.6523456189565257,0.7579216274973472,0.6523456189565257,0.06121284360729917,-0.08100023087940099,-2.6658429356206867,0.003451157037936389,-6.936487253312291,0.5914607270193843,0.7811746177934299,0.18645823950220336,0.11892947411184551,0.31365685139361965,0.6733458178466925,0.4484320472063105,1.0,2.049274126404934,1.0,0.6333706338941738,186.27518630670707,0.02828644028489065,0.2157500610720606,0.9483413840378904,0.18884246135827099
17.36676528451662,0.17453707472427674,0.13991363816960875,0.1636226906507137,1.6211942785925704,0.0004900909947457259,0.0005943989358809389,0.0,0.0021101196745095152,0.0,192.13513960755583,226.88748027895542,72.2225653483196,24.2439368460333,108.89036465871456,265.23123665148967,93.52530344289848,-1343.6410904531854,1.7637355940280717,0.578240134964662,-0.8149159841660791,-0.5795791048257612,-0.8149159841660791,-0.5795791048257612,-0.0643651099240155,-0.12761889353480418,3.0311444101826526,0.0,26.882326402718828,0.21571263571902272,1.492844650951836,0.21399117829539444,0.029443826193899382,0.05238518690681237,0.7477736093178342,0.4515411216877453,0.0,-1.586637070704686,0.9536180693416799,0.26780327363034884,246.89689816008604,0.04056340455436971,0.0,0.9161177044262577,0.07770472047632546
17.45109874220444,-0.7916049121252485,0.09543483290916975,0.2647735111345499,2.9017823651616483,0.003748694037718473,0.0006867311997460642,0.0,0.03415894413327996,0.0,152.18013125637526,202.16493276832603,75.01869526880328,10.54131826245343,34.306951357222545,43.27744237930858,8.132652174863066,-6757.950440084632,0.4262019809291836,0.33783673613077314,-0.7607200913564104,0.6490800741100398,-0.7607200913564104,0.6490800741100398,-0.09833097624444376,-0.1971955366838496,-13.81437548631178,0.0,14.523285398547694,0.07179839952245415,0.16070419646194087,0.20084549947875002,0.03228941944861936,0.06298954277967869,0.8078626292835396,0.3935139034361188,0.0,-0.5381316322338392,0.8433080592060226,0.6082772925883932,151.07548405292914,0.06362215484672988,0.0009830551855091515,0.641673655697658,0.025720388175295848
15.620202445647587,-0.17760023233215783,0.0495272946068598,0.11009499416999152,-2.607680533268941,0.0022486880690475697,0.0020800924294243086,0.000523765498734164,0.024389800012459436,0.0,229.68903826464947,272.33609656247916,58.78502204785432,80.20566968076824,23.024404476002257,284.38289246423346,263.2729313541107,-1104.144368623771,0.36631695249160307,0.27211830063864817,0.9066860720977985,0.4218060770826634,0.9066860720977985,0.4218060770826634,0.10837572382810806,0.007088345941265498,-2.7741515834223516,1.2774535767552336e-05,11.375876666099588,0.14264847925381952,0.6352519924642847,0.10030622088879235,0.2998378205004493,0.021132270899996836,1.0123730549383465,0.4022519837822233,1.0,-0.07156927383820653,1.0,0.8382476713506364,239.56960807147027,0.14030875046338548,0.03845901867677381,1.1484451913232474,0.5930513353162403
21.186893146039246,-0.20066610174277724,0.014563031434388482,0.3132132063990612,2.111877759258679,0.005230317857375266,0.011088222850849183,0.07753776170789739,0.014594970687042411,0.0,173.77980299151204,218.62387291844422,39.43719774440882,37.00663415852263,261.8086088742868,43.78932882399961,81.32398980716253,-1020.1221219512587,1.622480117766246,0.15102560663145193,0.9039461929224011,-0.42764620926777464,0.9039461929224011,-0.42764620926777464,0.015618664346003772,-0.5136058294612131,-4.251491255656461,0.001131661359265642,2.5307607336272273,1.0383184444550717,0.6157601872839058,0.3235193584382492,0.05561413796010905,0.07761449027527158,1.1913151339201509,0.214329191860835,0.0,0.44464617977807447,0.9556565184080883,0.140043851758977,188.46206947570997,0.14474475248485788,0.11520418746636571,0.8303690074825594,0.1539369478097162
19.816782562789662,-0.05372679944812965,0.03932297769848273,0.0020162775363038047,2.720493741744927,0.024680846267660598,0.012460882641768508,0.19897518652666646,0.05530548077967878,0.0,197.144131945552,259.1644904908852,35.47252236778318,81.1307378366994,31.738938993961845,3.2844596507900805,70.18951428009942,-1715.2989428025057,0.08285717520702394,0.13954366620615977,0.8271893372462497,-0.5619233046832195,0.8271893372462497,-0.5619233046832195,0.022720665295928033,-0.06309769638373945,-1.064692302458193,0.01100441835408355,7.752294303881679,0.15077315691090368,0.8093193432752848,0.021289544773241898,0.17663090351871538,0.016282687453771327,1.2602853288061604,0.49828840838002725,0.0,0.5155509726031922,1.0,0.6873149626242749,203.8890798682876,0.12611809598148976,0.26112216005673766,0.98572065972776,0.169535611611037
19.213097980168232,-0.11849711045694478,-0.0861982355313375,0.019513418278256204,-1.720405944538214,0.0024809042284625357,0.011669153218627862,0.0,0.06265301389030421,0.0,181.4004698261085,253.89787178454065,37.70669749221925,37.72462769858525,191.80140923546278,105.50149758150059,26.419971421248096,-4227.935822349185,3.9616800143999105,0.7114611157141176,0.7648913904341225,-0.6441592666722685,0.7648913904341225,-0.6441592666722685,-0.01025530025999966,-0.01805799506999502,-2.2766965935760974,0.0,-15.636400423566181,1.5732262307360205,0.6866878848099591,0.06193347108844602,0.3437989939668696,0.03314724020160491,0.8973730313009677,0.5214505811289161,0.0,0.18415929551865493,1.0,0.1334094010682484,229.85689284403975,0.09912081873671717,0.06335949338326691,0.9070023491305425,0.3597735102950101
16.5954278190174,-0.31962075204929097,0.08572103535566122,0.03196963982986477,0.15589328943982528,0.06175239929449899,0.005013737901772634,0.4987041240329561,0.1344421330795393,1.0,183.82587734114244,251.68374791547706,41.22412259234853,20.94597991590207,30.985003866025203,419.7575380779603,82.40536540368912,-1309.0310068718468,1.5937292994230097,0.22163800357270336,0.9997451236925734,0.022576263041545485,0.9997451236925734,0.022576263041545485,0.023289246185901183,-0.27185530928120255,-5.304243120094066,0.06704684621055376,15.757744530845516,0.4642681849003424,0.3929152954767326,0.061012211143240375,0.32608587306169273,0.017812403850108367,1.099653973344424,0.5461656102305393,1.0,0.08079754465468116,1.0,0.7056936587406438,198.88527584793798,0.4070999484711149,0.19997932345808972,0.9191293867057122,0.5655894618120705
16.552087535413534,0.014620102389424475,-0.11120442543592012,0.051605356404346485,2.68831251578498,0.01939272100262194,0.008174978736916983,0.028809434120666277,0.20734455187056638,1.0,209.41414407849882,253.3412990933711,54.31112840975855,24.366571642610158,0.26252395717055466,74.87057075560128,19.488693773920655,-7583.315822054533,0.6260066527244896,0.1179770211065605,0.3534446712740877,0.9354554315134164,0.3534446712740877,0.9354554315134164,-0.0757102941670493,0.3026437442898768,0.24199321452646247,0.005973479207394154,-23.287779570404453,0.7914321805809614,1.0884539258808035,0.07909998273244782,0.021914832757343138,0.06251319550810748,1.1672018118863177,0.3791171710631572,1.0,0.2154191126732842,1.0,0.9681831996817528,211.03931540605478,0.08098346032169224,0.13749514180608888,1.047070720392494,0.35513815359975925
18.552150672530605,-0.10102261298035109,0.0835376993902231,0.07861372647931772,2.8916852696006776,0.030871022837667194,0.012206214696031368,0.28521515799921504,0.031509405313958946,0.0,220.6382990600537,273.402127396122,47.439007686185036,232.45237651153707,1.0501694839069164,30.702202433854943,54.48518394159848,-4250.516535970225,0.7194476716697595,0.9988716897642888,-0.16057454459499376,-0.9870237158387383,-0.16057454459499376,-0.9870237158387383,-0.04204602834301149,-0.11889167495946298,-1.8741867373442194,0.008986960015082106,18.431615900848907,0.19561756432982208,0.7143899562029921,0.03907613737649315,0.0065124160623127635,0.08949743332626212,1.3062347254246052,0.4574631396390746,0.0,-1.2911942650785133,1.0,1.0,317.3302676302296,0.0057841924884729804,0.1425909385667759,1.1031914953002684,0.5783116395553454
16.283901151276922,0.051169044894746635,0.1186142502118831,0.5152565030202928,-2.3380839351802263,0.06274761170328907,0.0076187025060399155,0.48050957282586026,0.0029795809485363353,0.0,204.6330534987161,242.90188539369066,30.48137910394528,106.99377790621823,56.3952126134116,28.035885883105944,98.70160357378742,-1482.3433697481014,0.47260915170912327,0.259916501889057,0.7758587728069828,-0.6309066211876704,0.7758587728069828,-0.6309066211876704,0.005257894226130266,-0.0474968484929674,0.8332316690713052,0.001431717168781266,24.27239620931837,0.09052472438420259,1.2225409156330935,0.5299686808836757,0.10527287944466657,0.09654112305508022,0.9623712327856073,0.4824553125195103,0.0,0.5417104211231752,1.0,0.5798746852894267,234.75061636979757,0.047143271108023854,0.25037875266785853,1.0231652674935805,0.8822439390581268
17.376364460871486,0.23485751581837266,0.02108646020880872,1.0683619102201192,-0.9487344314361956,0.00866024193298951,0.0059881281931155415,0.0,0.012743245107227073,0.0,221.8131091460931,256.9398544574727,45.95833170882169,96.25600724838003,96.32863453293056,260.782260776981,200.8388298671933,-1620.9233706915857,0.05301393852699087,0.8960483154281321,0.8367329140344921,-0.5476112038402312,0.8367329140344921,-0.5476112038402312,-0.1135445446450121,-0.11844383278294053,4.080969791234933,0.0,4.677253299801238,0.010736704122243633,1.6808259703053685,0.9930844117176139,0.8685604687548486,0.13491928706872183,1.2248137782535455,0.49376688334313734,0.0,0.0752623940127551,1.0,0.37017771752890055,287.48203448587543,0.06463215323895469,0.04352779803312285,1.1090655457304655,0.9993848046923083
18.211599942373294,-0.19391977239781194,-0.01762130589619759,0.05939896711706687,1.244979497975434,0.024388260859218473,0.0027486022187348715,0.20449242130775447,0.0016818811505601144,0.0,198.38662609392645,231.19211250799643,61.974997798961816,72.79806781947845,8.381892614872953,157.98898508558378,2.290593459038061,-1438.5035161561605,2.415320729597201,0.6091859537519174,0.9952176027737294,-0.09768276782171598,0.9952176027737294,-0.09768276782171598,-0.015125880690711458,-0.016313224086117205,-3.531589315825034,0.0003439319488299097,-3.4958314241156527,0.5478079290033154,0.726720520517748,0.13750585203970833,0.01051429694596514,0.24515380077818555,0.7523760730005097,0.4323976379689497,0.0,-0.2782526647462754,1.0,1.0,248.4933267197099,0.009936213138922158,0.13684797586071284,0.9919331304696323,0.5166737278206105
13.778414628920812,-0.2411169418782979,0.04003099083096733,0.020128325170982165,-1.7494995455673585,0.0015827278448603593,0.004819867165471141,0.0,0.027118823431330083,0.0,204.19213498906862,247.62853538430667,78.80988544317685,9.09283598324408,38.08161542646835,81.06324914033092,38.54139007282903,-2912.369462721934,0.3567485113188961,0.715070166806815,-0.42083100859565564,0.9071390534005044,-0.42083100859565564,0.9071390534005044,-0.018208218516720363,0.26162881870120985,-3.322209199256589,0.0,8.17401348350305,0.03505457768975768,0.5557091743247339,0.0,0.030555240272689296,0.04633757855681753,0.907244624410459,0.4175460602559519,0.0,-0.22224198560049652,0.9979565930351114,0.6115824555571501,233.8890563431006,0.1440160334477128,0.0,1.0188744367912823,0.04435509262022029
19.56808700369182,-0.07383905239249522,-0.2861518370100673,0.06620375734189987,-1.1009986115501453,0.0011138616673961599,0.014575248696230137,0.0491138355238313,0.004998419620188068,0.0,175.99714898280558,229.74123344802973,31.37257080623384,51.618688604224175,44.70181621279628,9.393332595244104,20.54821272869885,-4354.107984591759,1.085831889761371,0.5609189114996354,-0.6400381082043503,-0.7683431655492202,-0.6400381082043503,-0.7683431655492202,-0.01513451159751807,0.49460316078469496,-1.444889001486505,0.0002454915591050081,-50.36190748996432,0.06608554416595447,0.765338013255989,0.048881765404082636,0.15915796224153161,0.12942191023454475,0.6839186819152903,0.4600990822994074,0.0,0.9996422404476601,0.9355336784383811,0.6669278469767705,249.10862258948163,0.15790729591564548,0.06010954942438533,0.8232563009127595,0.05540316077960558
17.997457055174902,0.4194831415190425,0.030225821848546126,0.34110040956769544,-2.995250607579666,0.013369248335867903,0.007854477597445541,0.20771478971924776,0.1323129008563408,1.0,228.51574897537313,249.83852157910056,136.1960346820372,34.96140149760535,43.95946869332217,128.66481383484717,303.08349764389664,-1576.551695944989,0.3614967200909506,0.1808111950599689,0.4878471454423119,-0.8729290708206411,0.4878471454423119,-0.8729290708206411,-0.027554090391049058,0.14912784074013172,7.5496298248588225,0.027483346378518504,6.907076318116715,0.9865602492230645,2.6913284888615325,0.27515669761635625,0.07014554005060064,0.04345853422650072,1.1130757892205174,0.5869905746273917,0.0,0.3974829738944786,1.0,0.5918485961093528,219.15846665238868,0.14540693007845046,0.06909065978322483,1.1425787448768656,0.8625578408586216
16.40204130090543,-0.2655168148977618,-0.011335399783980703,0.509704468617654,-2.1769874836293717,0.021005852918834948,0.0022064136057711355,0.1551158272108096,0.0030476919841421323,0.0,185.84323063863854,235.14792509992705,45.4245091422248,46.99679686052864,125.2805820640236,257.43640571502107,30.263710306536414,-1664.5028764109961,2.0428468598533582,0.8470515714526026,0.9608854255574977,0.27694620226893646,0.9608854255574977,0.27694620226893646,-0.04979459629372486,0.21759875339435425,-4.355017764037951,0.00047274526320396047,-2.1066073164354995,0.11396672788328496,0.6126975238978251,0.47319615432437134,0.08833292249077927,0.044199617508211275,1.1752901880409024,0.5322012302237673,1.0,-0.5701929843137952,1.0,0.27783019890693705,235.33224397139273,0.117045280521731,0.1196756348003885,0.9292161531931927,0.6303602754865579
15.944239051203922,0.06654350164381864,-0.005062811305699102,0.1512624929329862,0.39162776352950024,0.024774056714109607,0.0026513119695040967,0.2040378363800959,0.07699055980722139,0.0,224.11694568185212,296.857322550095,31.43715181063326,26.41945174765448,39.218663333871206,12.06025974167003,39.819198434951204,-2359.7641527551677,0.6128223111631692,0.8279727664867842,-0.9467139181463862,0.3220757010206104,-0.9467139181463862,0.3220757010206104,-0.09110159251354599,0.3432854962954164,1.0609854975132256,0.015708987244757826,-1.1346618063968323,0.16214337788505523,1.120281247119105,0.15193391370458872,0.17283447242410147,0.2373685367744095,1.176076716776089,0.3843482831772089,0.0,-0.7423801949347532,1.0,0.6830099360363217,274.0572383693288,0.022300921690940053,0.1744444722727127,1.1205847284092605,0.22556800153102344
12.663311583429184,0.481679346629109,0.07065325128978275,0.14013280700453515,0.9618932552775901,0.03970545816769065,0.015620626497332715,0.4507975586908143,0.012666042752009624,0.0,196.85387827595108,263.682544312063,55.875698473582624,100.40273709361216,70.51117327667276,46.308079286058025,81.12732901038952,-1078.9694421913362,0.5565891380787438,0.34968546535026745,-0.6383844591746642,0.7697176640069211,-0.6383844591746642,0.7697176640069211,0.007237352358370603,0.04977421535329141,6.099655649666997,0.005709821150879421,13.908366529199078,0.20180646791571047,3.015069379648834,0.11369490207873506,1.0712682469928558,0.0649387471047644,0.8330049333616338,0.5050217665155481,0.0,1.2635698384091203,0.9724862584487889,0.5362831552039938,211.01667277668938,0.12953955706813441,0.24241000961974501,0.9571884577285649,0.008401313343594065
16.506905993381185,0.495703140032678,-0.0074768921564727815,0.2592543831409786,0.9356406292065707,0.03355333043523999,0.02363847803555439,0.264133794628932,0.021722698734024732,0.0,191.63975133058813,232.86199018268815,69.80620847902718,68.94586228671265,64.65205658654958,129.36669694076542,18.94908118394107,-8000.0,1.0586355666884402,0.7638506964114639,0.20496611396949532,0.9787690698649216,0.20496611396949532,0.9787690698649216,-0.015006199339812162,0.314050174722374,8.182525133143285,0.0057376988461990495,-1.4328697535920687,0.23045369699220897,3.0858549164684206,0.31646669604825967,0.38061936944230357,0.002627431347547366,1.061071210935038,0.4820946590161359,1.0,0.1948068137779473,1.0,0.5108062696303214,226.46986345848978,0.03838493321193309,0.30004228514463116,0.9581987566529406,0.2524243437978538
14.88879341131821,0.3873180453979742,-0.1140206856651158,0.3624022176776382,1.7489904200932838,0.01755078139963991,0.0035818224753325083,0.09723442283666957,0.08088906609073816,0.0,213.24782642039082,242.29473278114904,37.178264920668354,50.596856438073715,38.89995505770516,303.8149391908873,62.73038843849189,-1284.1706369223423,1.068195688222135,0.5430402583444278,-0.42083100859565564,0.9071390534005044,-0.42083100859565564,0.9071390534005044,-0.0687640773284339,0.15848022647808066,5.7666983624060055,0.007865201655130145,-24.314663385048558,0.10489925292444961,2.4335704111963854,0.373747268475778,0.0015377042193399403,0.03950463743478221,0.6665578535120668,0.45153047108969024,0.0,0.45403865552845035,0.8777518337480017,0.6593871697135314,232.55427282563582,0.4117172452972471,0.11306526101123048,0.9358933534163681,0.03438012569724389
