date,year,month,day_of_year,lat,lon,sst,chl,ssh,do,current_speed,front_strength,eddy_strength,phi,hsi,cpue_kg_per_day,species
2015-01-01,2015,1,1,26.02,166.87,24.19,0.4373,-0.0901,5.07,0.147,0.0313,95.3,4.561,0.3138,12.76,yellowfin
2015-01-02,2015,1,2,10.63,143.17,30.58,0.1402,0.1052,3.06,0.559,0.025,114.0,3.82,0.3348,16.35,yellowfin
2015-01-04,2015,1,4,7.34,144.8,29.66,0.2023,0.24,3.69,0.301,0.0169,79.0,4.4,0.5043,20.86,yellowfin
2015-01-05,2015,1,5,30.13,165.27,23.59,0.5465,-0.1737,5.1,0.267,0.0174,59.9,4.45,0.2433,13.75,yellowfin
2015-01-05,2015,1,5,27.38,171.57,26.03,0.6273,0.1293,4.6,0.269,0.0358,53.7,4.553,0.6612,21.72,yellowfin
2015-01-08,2015,1,8,28.47,128.82,24.05,0.6623,0.0759,4.21,0.233,0.0318,60.6,3.759,0.3206,19.96,yellowfin
2015-01-08,2015,1,8,31.74,148.52,24.37,0.5882,-0.0747,4.71,0.262,0.0265,74.6,4.276,0.3655,14.04,yellowfin
2015-01-09,2015,1,9,34.69,171.67,23.02,0.7945,0.0919,5.41,0.296,0.0106,171.6,4.579,0.1866,15.31,yellowfin
2015-01-12,2015,1,12,10.81,120.79,29.58,0.308,0.1448,4.28,0.347,0.0226,134.8,5.082,0.5997,21.95,yellowfin
2015-01-15,2015,1,15,32.8,134.15,24.01,0.5787,0.0144,4.74,0.277,0.0331,85.7,4.227,0.3072,13.8,yellowfin
2015-01-15,2015,1,15,25.32,167.81,24.36,0.449,-0.0321,4.37,0.206,0.0373,104.5,3.967,0.3419,18.89,yellowfin
2015-01-16,2015,1,16,11.16,171.12,28.79,0.3343,0.2055,4.14,0.47,0.0478,132.6,4.728,0.692,26.96,yellowfin
2015-01-17,2015,1,17,23.73,139.8,24.91,0.3911,0.066,4.34,0.129,0.0385,85.4,4.053,0.4155,27.05,yellowfin
2015-01-20,2015,1,20,31.88,160.96,23.36,0.5647,0.0533,4.57,0.348,0.0107,136.9,3.936,0.2146,15.82,yellowfin
2015-01-21,2015,1,21,29.4,170.62,24.0,0.6689,-0.0473,5.14,0.192,0.0303,80.7,4.58,0.3141,23.47,yellowfin
2015-01-22,2015,1,22,27.78,131.66,23.18,0.4787,0.1043,4.94,0.253,0.0415,62.1,4.219,0.1862,24.81,yellowfin
2015-01-24,2015,1,24,13.89,165.33,28.13,0.1966,0.1208,4.13,0.249,0.0281,142.4,4.559,0.5909,25.13,yellowfin
2015-01-24,2015,1,24,32.06,137.17,23.79,0.6758,0.0818,5.17,0.285,0.0104,67.4,4.552,0.2822,11.1,yellowfin
2015-01-25,2015,1,25,28.44,148.37,23.86,0.5398,0.1232,5.07,0.389,0.0317,72.2,4.479,0.2794,21.57,yellowfin
2015-01-25,2015,1,25,31.94,168.43,22.32,0.559,-0.0137,5.06,0.301,0.01,68.8,4.128,0.1094,10.17,yellowfin
2015-01-26,2015,1,26,14.21,142.28,28.4,0.2145,0.0029,3.96,0.294,0.0373,161.8,4.429,0.6073,28.63,yellowfin
2015-02-03,2015,2,34,30.87,163.86,24.78,0.568,-0.0538,4.5,0.31,0.0179,151.9,4.171,0.4311,23.91,yellowfin
2015-02-04,2015,2,35,8.76,168.2,31.91,0.1941,0.1208,3.98,0.309,0.011,119.6,5.314,0.2262,18.94,yellowfin
2015-02-05,2015,2,36,10.09,130.73,29.79,0.1282,0.1658,4.15,0.3,0.0232,122.5,4.984,0.3973,24.54,yellowfin
2015-02-08,2015,2,39,29.53,155.07,24.61,0.5321,0.0426,4.41,0.237,0.0475,79.3,4.052,0.3969,24.94,yellowfin
2015-02-10,2015,2,41,13.63,121.9,26.09,0.4511,0.1158,4.4,0.345,0.023,154.3,4.367,0.6238,21.28,yellowfin
2015-02-10,2015,2,41,9.62,173.9,29.55,0.3174,0.1216,4.29,0.291,0.0114,96.5,5.083,0.6096,19.74,yellowfin
2015-02-11,2015,2,42,0.43,148.04,30.91,0.3684,0.1284,3.85,0.49,0.0173,123.0,4.889,0.4365,20.15,yellowfin
2015-02-12,2015,2,43,3.16,143.84,32.16,0.2763,0.121,3.56,0.459,0.0183,58.2,4.817,0.229,17.82,yellowfin
2015-02-13,2015,2,44,15.95,131.13,27.96,0.2858,0.0431,4.29,0.314,0.023,155.4,4.697,0.6833,31.17,yellowfin
2015-02-13,2015,2,44,19.4,150.39,26.76,0.3407,-0.0849,4.67,0.122,0.0239,221.0,4.799,0.6582,32.34,yellowfin
2015-02-15,2015,2,46,10.02,131.82,30.64,0.1258,-0.042,3.58,0.291,0.0228,160.1,4.49,0.3114,27.63,yellowfin
2015-02-18,2015,2,49,5.07,148.7,31.63,0.2865,0.0847,3.06,0.382,0.0145,79.3,4.036,0.3005,18.7,yellowfin
2015-02-20,2015,2,51,1.68,150.95,32.26,0.3345,0.0397,3.2,0.694,0.0284,85.2,4.354,0.2315,17.82,yellowfin
2015-02-22,2015,2,53,32.89,156.63,24.17,0.6207,-0.0713,4.71,0.288,0.0248,101.0,4.232,0.3353,14.17,yellowfin
2015-02-23,2015,2,54,0.44,143.87,32.12,0.3298,-0.0224,3.83,0.253,0.0355,76.0,5.17,0.2486,23.33,yellowfin
2015-02-25,2015,2,56,5.7,140.03,31.58,0.2287,0.132,3.25,0.536,0.0156,128.1,4.271,0.282,13.53,yellowfin
2015-02-25,2015,2,56,16.19,135.89,27.46,0.2776,0.1339,4.18,0.191,0.0257,171.1,4.456,0.6643,29.81,yellowfin
2015-02-28,2015,2,59,4.99,159.32,31.78,0.2705,0.0898,3.41,0.31,0.0251,57.8,4.521,0.275,21.78,yellowfin
2015-03-01,2015,3,60,24.85,173.91,25.62,0.6376,0.0806,4.5,0.189,0.0811,174.6,4.363,0.5924,24.21,yellowfin
2015-03-09,2015,3,68,18.78,165.58,26.59,0.3244,-0.0023,4.36,0.16,0.0227,195.9,4.441,0.6294,24.75,yellowfin
2015-03-12,2015,3,71,34.23,143.9,23.33,0.6291,0.0038,4.98,0.408,0.0178,121.5,4.286,0.2159,14.81,yellowfin
2015-03-14,2015,3,73,27.51,152.53,25.62,0.5307,0.0372,4.4,0.46,0.0369,62.6,4.262,0.5709,25.33,yellowfin
2015-03-15,2015,3,74,27.93,167.65,24.0,0.5722,-0.081,5.04,0.41,0.0548,134.3,4.486,0.3042,21.89,yellowfin
2015-03-17,2015,3,76,10.99,173.58,30.03,0.3709,-0.0267,3.79,0.394,0.0255,227.9,4.608,0.5738,34.01,yellowfin
2015-03-17,2015,3,76,23.94,152.35,26.43,0.4547,-0.0795,4.83,0.119,0.0351,130.7,4.888,0.6729,65.87,yellowfin
2015-03-19,2015,3,78,11.68,169.41,29.05,0.2072,0.002,4.41,0.322,0.0205,245.1,5.104,0.5643,29.1,yellowfin
2015-03-20,2015,3,79,16.85,151.44,27.5,0.2813,-0.0457,4.63,0.268,0.0223,181.7,4.944,0.6691,30.02,yellowfin
2015-03-24,2015,3,83,21.03,149.41,25.65,0.3735,-0.1388,4.7,0.123,0.0416,118.1,4.56,0.5276,33.66,yellowfin
2015-03-25,2015,3,84,13.28,134.91,28.34,0.2389,0.1029,3.39,0.243,0.0243,150.3,3.785,0.6355,33.78,yellowfin
2015-03-28,2015,3,87,17.05,130.15,27.18,0.4435,-0.0833,4.35,0.213,0.021,228.4,4.573,0.7479,40.16,yellowfin
2015-04-01,2015,4,91,0.87,148.12,30.32,0.4188,0.0966,3.78,0.33,0.0118,68.5,4.658,0.5485,24.53,yellowfin
2015-04-01,2015,4,91,18.57,169.22,24.38,0.3397,0.0403,3.97,0.182,0.0313,144.6,3.611,0.3183,14.02,yellowfin
2015-04-03,2015,4,93,6.68,155.13,32.58,0.2275,-0.0384,2.85,0.393,0.0244,80.3,3.935,0.1689,17.21,yellowfin
2015-04-08,2015,4,98,25.26,131.9,26.13,0.5477,0.0653,4.55,0.139,0.0303,76.9,4.535,0.6592,53.05,yellowfin
2015-04-12,2015,4,102,26.53,165.46,22.43,0.5323,0.102,5.56,0.253,0.0315,62.1,4.561,0.1173,17.61,yellowfin
2015-04-14,2015,4,104,2.11,165.22,30.82,0.3309,0.0487,4.55,0.32,0.0144,66.0,5.751,0.437,24.69,yellowfin
2015-04-15,2015,4,105,13.4,173.9,26.87,0.3935,0.079,4.17,0.299,0.0223,170.5,4.31,0.6973,28.71,yellowfin
2015-04-15,2015,4,105,10.94,122.8,27.09,0.3306,0.0284,4.23,0.286,0.0355,152.7,4.426,0.6809,26.06,yellowfin
2015-04-17,2015,4,107,21.48,143.47,23.38,0.4037,0.0299,4.87,0.351,0.0325,121.3,4.199,0.2007,36.97,yellowfin
2015-04-18,2015,4,108,18.64,151.33,27.39,0.3495,0.0417,4.62,0.139,0.0352,149.5,4.913,0.7129,39.99,yellowfin
2015-04-19,2015,4,109,1.2,162.36,30.03,0.379,0.1443,4.23,0.311,0.0243,63.2,5.142,0.5773,24.87,yellowfin
2015-04-19,2015,4,109,14.09,128.48,28.11,0.4586,-0.1145,4.36,0.305,0.0254,234.2,4.806,0.786,45.75,yellowfin
2015-04-20,2015,4,110,14.97,131.03,26.72,0.2667,0.2071,3.79,0.456,0.0224,164.5,3.887,0.6023,44.12,yellowfin
2015-04-22,2015,4,112,17.65,161.26,26.19,0.3003,0.0796,4.94,0.257,0.0392,164.1,4.931,0.5659,48.6,yellowfin
2015-04-24,2015,4,114,5.62,166.63,30.39,0.2783,0.0661,3.7,0.55,0.0313,99.8,4.581,0.4741,27.7,yellowfin
2015-04-24,2015,4,114,28.42,161.8,23.19,0.5335,-0.0142,5.09,0.285,0.0319,58.6,4.346,0.1915,29.27,yellowfin
2015-04-24,2015,4,114,10.72,130.9,29.07,0.195,-0.0277,3.42,0.495,0.0283,175.2,3.965,0.549,35.7,yellowfin
2015-04-27,2015,4,117,12.06,158.76,29.92,0.2796,0.0694,3.17,0.34,0.0215,144.1,3.828,0.5387,26.61,yellowfin
2015-04-28,2015,4,118,23.52,159.09,23.68,0.4877,0.0694,5.05,0.292,0.0366,112.0,4.419,0.2482,33.14,yellowfin
2015-05-02,2015,5,122,32.76,166.06,20.0,0.6161,-0.1359,5.89,0.261,0.0204,81.7,4.239,0.0153,31.9,yellowfin
2015-05-03,2015,5,123,22.4,160.58,23.69,0.419,-0.0693,4.44,0.212,0.0448,214.9,3.893,0.2409,51.26,yellowfin
2015-05-04,2015,5,124,29.83,161.48,20.24,0.5535,-0.1377,5.2,0.256,0.0447,53.3,3.793,0.019,41.63,yellowfin
2015-05-09,2015,5,129,0.87,171.01,27.77,0.5068,-0.0943,4.11,0.293,0.0109,72.2,4.452,0.8029,48.59,yellowfin
2015-05-10,2015,5,130,33.93,129.62,20.07,0.7916,-0.0824,5.1,0.29,0.0135,87.5,3.684,0.0172,25.26,yellowfin
2015-05-13,2015,5,133,27.32,166.27,23.67,0.4836,-0.1741,4.59,0.431,0.0408,106.8,4.021,0.2467,42.43,yellowfin
2015-05-16,2015,5,136,6.31,161.61,29.54,0.2474,-0.0591,4.14,0.297,0.0123,63.5,4.912,0.5594,46.09,yellowfin
2015-05-18,2015,5,138,18.41,145.05,26.02,0.335,-0.0219,4.44,0.195,0.0254,228.8,4.399,0.5644,59.74,yellowfin
2015-05-20,2015,5,140,4.8,155.94,29.9,0.2766,0.0896,3.57,0.324,0.0137,249.9,4.306,0.5394,54.03,yellowfin
2015-05-21,2015,5,141,9.02,167.66,28.83,0.1837,0.1463,4.46,0.492,0.0243,110.6,5.103,0.5506,47.44,yellowfin
2015-05-21,2015,5,141,26.0,172.2,22.52,0.6287,-0.0594,4.89,0.175,0.0377,95.3,4.031,0.1286,43.63,yellowfin
2015-05-21,2015,5,141,9.25,127.15,28.98,0.3125,-0.014,3.89,0.344,0.0209,183.4,4.483,0.6636,48.79,yellowfin
2015-05-23,2015,5,143,29.38,123.17,22.8,0.7465,-0.077,4.35,0.197,0.0343,78.9,3.639,0.1601,41.34,yellowfin
2015-05-24,2015,5,144,20.77,121.2,24.94,0.5451,-0.0938,4.88,0.346,0.0364,179.1,4.571,0.4555,59.04,yellowfin
2015-05-25,2015,5,145,6.73,127.88,29.17,0.3787,-0.0672,4.72,0.426,0.013,94.0,5.494,0.6861,47.71,yellowfin
2015-05-28,2015,5,148,18.82,144.09,25.5,0.4065,0.0214,4.74,0.257,0.0211,212.1,4.564,0.5156,70.68,yellowfin
2015-05-28,2015,5,148,7.69,145.52,29.77,0.2308,0.1979,3.28,0.328,0.0174,106.1,3.936,0.5198,32.76,yellowfin
2015-06-01,2015,6,152,18.01,157.25,25.35,0.3012,-0.0438,4.89,0.25,0.028,169.1,4.672,0.448,68.61,yellowfin
2015-06-06,2015,6,157,7.95,144.7,29.32,0.1909,0.0122,3.53,0.374,0.0176,103.3,4.139,0.5235,36.06,yellowfin
2015-06-08,2015,6,159,19.86,130.2,24.33,0.3922,0.1008,4.42,0.128,0.0417,151.5,4.002,0.3253,51.31,yellowfin
2015-06-08,2015,6,159,0.72,174.67,28.64,0.5032,-0.0509,4.25,0.262,0.0201,72.0,4.811,0.7838,51.59,yellowfin
2015-06-11,2015,6,162,33.46,127.19,17.47,0.7787,-0.165,5.75,0.308,0.0119,122.7,3.607,0.0009,24.46,yellowfin
2015-06-11,2015,6,162,1.08,170.32,27.03,0.4847,0.0614,4.48,0.342,0.0171,101.0,4.673,0.7519,66.02,yellowfin
2015-06-11,2015,6,162,13.75,125.28,26.77,0.375,0.0301,4.75,0.242,0.0717,169.6,4.886,0.6777,84.9,yellowfin
2015-06-12,2015,6,163,23.36,145.12,23.27,0.4197,-0.0537,4.58,0.155,0.0347,116.3,3.923,0.1901,46.2,yellowfin
2015-06-12,2015,6,163,14.58,120.09,26.18,0.3981,0.0668,4.71,0.233,0.0236,156.6,4.706,0.6164,61.22,yellowfin
2015-06-12,2015,6,163,19.89,150.37,25.25,0.3791,0.1832,4.6,0.379,0.048,138.2,4.375,0.4659,55.98,yellowfin
2015-06-15,2015,6,166,8.74,149.01,28.43,0.1661,0.2138,3.72,0.384,0.0331,115.8,4.164,0.543,49.75,yellowfin
2015-06-15,2015,6,166,11.26,165.53,28.09,0.2752,-0.013,4.32,0.317,0.0357,133.8,4.763,0.6741,57.56,yellowfin
2015-06-18,2015,6,169,26.54,166.54,21.88,0.4647,0.0149,5.26,0.18,0.0304,65.8,4.191,0.0761,44.55,yellowfin
2015-06-21,2015,6,172,8.54,151.57,29.12,0.2232,0.0694,3.83,0.3,0.0201,129.1,4.443,0.5767,59.19,yellowfin
2015-06-23,2015,6,174,11.1,172.41,26.75,0.3224,0.0855,4.62,0.393,0.022,128.9,4.747,0.6453,55.89,yellowfin
2015-06-25,2015,6,176,23.22,126.15,21.94,0.5592,0.023,4.8,0.123,0.0427,99.3,3.833,0.0829,32.49,yellowfin
2015-06-26,2015,6,177,17.76,144.11,25.52,0.295,-0.0024,4.54,0.251,0.034,197.3,4.381,0.4708,68.53,yellowfin
2015-07-01,2015,7,182,20.83,174.52,23.68,0.5094,0.0192,5.23,0.171,0.0353,155.6,4.58,0.2516,47.49,yellowfin
2015-07-03,2015,7,184,33.33,169.09,16.3,0.6241,0.0301,6.36,0.342,0.0167,131.0,3.739,0.0002,27.62,yellowfin
2015-07-04,2015,7,185,16.03,140.97,25.24,0.2614,0.0787,4.4,0.237,0.024,157.2,4.181,0.411,48.17,yellowfin
2015-07-05,2015,7,186,13.45,167.75,27.63,0.1909,-0.0169,3.98,0.654,0.0239,173.4,4.284,0.5791,47.91,yellowfin
2015-07-06,2015,7,187,25.3,140.94,21.39,0.4674,-0.009,5.35,0.204,0.0398,82.2,4.148,0.0516,52.27,yellowfin
2015-07-10,2015,7,191,24.57,155.64,21.62,0.4151,-0.062,5.17,0.316,0.0376,89.8,4.057,0.0601,44.74,yellowfin
2015-07-10,2015,7,191,0.43,154.77,25.8,0.4043,0.0458,4.5,0.249,0.034,78.0,4.408,0.5626,92.33,yellowfin
2015-07-14,2015,7,195,18.29,162.02,23.5,0.2906,0.0031,4.92,0.384,0.0259,146.5,4.27,0.1939,43.41,yellowfin
2015-07-15,2015,7,196,26.11,150.31,21.82,0.4459,0.0334,5.39,0.179,0.0345,110.2,4.275,0.0718,31.98,yellowfin
2015-07-24,2015,7,205,9.54,135.32,26.33,0.158,0.0367,4.16,0.515,0.0291,101.0,4.184,0.4507,51.85,yellowfin
2015-07-24,2015,7,205,20.31,162.59,23.56,0.3202,-0.0233,5.29,0.377,0.0589,128.4,4.604,0.207,53.9,yellowfin
2015-07-26,2015,7,207,0.98,121.0,25.88,0.5002,-0.0295,4.75,0.392,0.0134,64.1,4.668,0.6065,32.15,yellowfin
2015-07-27,2015,7,208,14.15,168.82,27.78,0.2573,0.033,4.1,0.242,0.0323,216.7,4.449,0.6562,83.31,yellowfin
2015-07-27,2015,7,208,34.82,146.75,17.99,0.6674,0.1395,5.58,0.296,0.0102,104.3,3.598,0.0016,28.08,yellowfin
2015-07-28,2015,7,209,29.55,129.62,20.25,0.6538,0.0095,5.92,0.266,0.0416,138.3,4.316,0.0199,48.08,yellowfin
2015-08-01,2015,8,213,17.65,149.06,25.9,0.2922,0.0026,4.77,0.164,0.0223,163.3,4.696,0.5227,55.99,yellowfin
2015-08-01,2015,8,213,26.29,130.45,20.04,0.4709,-0.0502,5.81,0.139,0.0387,59.8,4.194,0.0152,53.97,yellowfin
2015-08-02,2015,8,214,24.88,135.78,22.48,0.4067,-0.1717,4.76,0.132,0.0481,91.6,3.916,0.1132,50.38,yellowfin
2015-08-02,2015,8,214,17.79,160.28,24.92,0.2926,0.1131,4.89,0.233,0.0298,155.0,4.575,0.3811,53.81,yellowfin
2015-08-04,2015,8,216,21.91,168.12,23.41,0.3796,-0.0253,5.02,0.267,0.033,134.8,4.333,0.1999,56.98,yellowfin
2015-08-08,2015,8,220,13.73,149.54,25.15,0.1888,-0.1261,3.73,0.42,0.0204,246.8,3.532,0.3501,47.04,yellowfin
2015-08-09,2015,8,221,33.21,173.88,16.7,0.7477,-0.1747,6.37,0.283,0.0162,84.6,3.828,0.0003,28.89,yellowfin
2015-08-09,2015,8,221,22.5,165.76,22.47,0.3675,-0.1226,5.65,0.15,0.0444,112.1,4.64,0.1092,60.77,yellowfin
2015-08-11,2015,8,223,25.9,166.23,20.53,0.4431,0.0388,5.46,0.187,0.0332,108.2,4.046,0.0238,34.44,yellowfin
2015-08-11,2015,8,223,32.8,169.21,17.41,0.5925,0.0043,5.93,0.37,0.01,85.7,3.707,0.0008,25.11,yellowfin
2015-08-13,2015,8,225,34.69,134.36,17.01,0.6249,-0.0783,5.59,0.293,0.0203,121.1,3.421,0.0004,22.95,yellowfin
2015-08-13,2015,8,225,19.27,135.95,24.21,0.3149,-0.0185,5.03,0.197,0.0234,137.1,4.531,0.2874,67.22,yellowfin
2015-08-14,2015,8,226,22.95,158.01,23.18,0.4881,-0.0315,5.39,0.116,0.0306,106.0,4.601,0.1872,34.89,yellowfin
2015-08-17,2015,8,229,0.9,121.95,26.27,0.5133,-0.0847,3.94,0.438,0.0202,117.4,3.956,0.6701,33.29,yellowfin
2015-08-18,2015,8,230,21.93,123.89,22.6,0.5246,-0.0737,5.64,0.139,0.0662,115.0,4.663,0.1309,48.78,yellowfin
2015-08-18,2015,8,230,27.65,123.55,19.7,0.6201,-0.0285,5.67,0.231,0.0322,59.9,4.017,0.0113,30.76,yellowfin
2015-08-19,2015,8,231,3.9,127.28,27.4,0.3866,-0.0352,4.1,0.283,0.0103,98.1,4.359,0.735,48.17,yellowfin
2015-08-19,2015,8,231,3.29,172.24,27.76,0.5078,0.1077,3.77,0.36,0.0168,66.6,4.079,0.803,31.09,yellowfin
2015-08-20,2015,8,232,7.05,150.3,27.81,0.2228,-0.0441,4.35,0.34,0.0215,75.8,4.722,0.6215,51.86,yellowfin
2015-08-25,2015,8,237,31.39,157.4,19.91,0.5349,-0.1889,5.68,0.332,0.0115,68.4,4.071,0.0137,29.73,yellowfin
2015-08-28,2015,8,240,3.53,152.57,28.33,0.2642,-0.004,4.42,0.3,0.0149,91.5,4.925,0.6602,47.94,yellowfin
2015-08-28,2015,8,240,32.5,147.73,17.61,0.5872,0.0148,6.12,0.26,0.0259,168.8,3.866,0.001,30.08,yellowfin
2015-09-04,2015,9,247,33.56,164.05,18.21,0.6645,-0.135,5.5,0.303,0.0156,101.8,3.594,0.0021,32.43,yellowfin
2015-09-05,2015,9,248,29.27,174.4,19.32,0.7077,-0.2785,5.72,0.217,0.0315,115.4,3.969,0.0077,27.25,yellowfin
2015-09-05,2015,9,248,6.43,120.05,29.15,0.3681,-0.09,3.8,0.326,0.0127,132.9,4.413,0.6827,31.63,yellowfin
2015-09-05,2015,9,248,19.35,160.11,24.23,0.3467,-0.1532,4.72,0.122,0.0493,145.2,4.26,0.3001,39.56,yellowfin
2015-09-07,2015,9,250,6.6,124.22,28.18,0.3562,0.1059,4.17,0.396,0.014,67.7,4.616,0.7324,35.77,yellowfin
2015-09-08,2015,9,251,9.47,165.47,26.71,0.1727,0.0277,4.2,0.318,0.0123,115.5,4.306,0.5039,28.84,yellowfin
2015-09-12,2015,9,255,18.27,135.38,25.25,0.3158,-0.0551,4.73,0.151,0.0223,145.9,4.496,0.4401,56.33,yellowfin
2015-09-14,2015,9,257,26.21,130.27,22.13,0.4433,-0.0413,5.15,0.143,0.0442,142.6,4.156,0.0905,47.09,yellowfin
2015-09-15,2015,9,258,10.93,173.32,26.92,0.3392,0.0504,5.2,0.281,0.0311,130.4,5.396,0.6719,52.06,yellowfin
2015-09-22,2015,9,265,1.36,127.0,26.87,0.4546,0.1395,3.93,0.388,0.0218,108.1,4.066,0.7247,36.39,yellowfin
2015-09-23,2015,9,266,12.23,155.94,27.48,0.1567,0.0618,4.12,0.279,0.0301,140.0,4.393,0.526,57.78,yellowfin
2015-10-02,2015,10,275,10.62,129.52,27.48,0.322,0.096,4.53,0.374,0.052,183.3,4.841,0.6995,73.82,yellowfin
2015-10-04,2015,10,277,21.73,163.96,24.76,0.5655,0.0842,4.62,0.12,0.0363,239.9,4.28,0.4286,31.96,yellowfin
2015-10-04,2015,10,277,1.21,132.33,27.61,0.2924,0.1225,4.53,0.533,0.013,136.4,4.87,0.6824,26.91,yellowfin
2015-10-05,2015,10,278,4.52,164.65,29.19,0.2452,-0.0236,4.07,0.332,0.0377,54.2,4.74,0.5921,34.55,yellowfin
2015-10-06,2015,10,279,31.96,161.42,19.26,0.6283,-0.0811,5.66,0.419,0.0186,66.2,3.917,0.0071,13.08,yellowfin
2015-10-07,2015,10,280,7.33,152.33,29.76,0.2066,-0.0681,3.33,0.332,0.0124,134.7,3.989,0.4981,25.16,yellowfin
2015-10-07,2015,10,280,27.17,158.15,22.05,0.4608,-0.0347,5.14,0.252,0.0491,55.9,4.13,0.0865,26.45,yellowfin
2015-10-09,2015,10,282,5.11,124.36,29.25,0.421,0.0765,4.07,0.311,0.0112,76.9,4.76,0.6982,27.93,yellowfin
2015-10-11,2015,10,284,14.28,125.17,27.26,0.3883,0.019,3.67,0.258,0.0255,221.0,3.87,0.7275,36.95,yellowfin
2015-10-13,2015,10,286,5.44,150.63,29.17,0.2123,-0.0181,3.7,0.301,0.0145,179.1,4.304,0.5611,19.48,yellowfin
2015-10-13,2015,10,286,19.15,165.09,24.93,0.327,0.1381,4.87,0.308,0.0405,152.1,4.552,0.3969,28.14,yellowfin
2015-10-13,2015,10,286,30.65,153.11,20.03,0.5373,-0.0142,5.69,0.386,0.0245,91.7,4.099,0.0154,14.79,yellowfin
2015-10-14,2015,10,287,14.47,139.71,27.73,0.1914,0.1463,4.25,0.238,0.0469,165.3,4.59,0.5821,28.59,yellowfin
2015-10-15,2015,10,288,24.35,137.44,23.32,0.4735,-0.0338,5.3,0.411,0.0421,97.1,4.555,0.2016,39.99,yellowfin
2015-10-16,2015,10,289,30.62,120.9,20.27,0.7313,0.032,5.43,0.22,0.0178,82.3,3.963,0.0207,13.79,yellowfin
2015-10-17,2015,10,290,19.38,150.76,23.81,0.2979,0.0369,4.66,0.325,0.0312,190.9,4.108,0.2319,33.7,yellowfin
2015-10-19,2015,10,292,30.05,158.36,20.51,0.5108,0.01,5.71,0.21,0.0245,94.9,4.221,0.0242,11.66,yellowfin
2015-10-21,2015,10,294,29.76,167.34,21.34,0.5465,-0.1286,4.99,0.211,0.0328,100.5,3.86,0.0514,13.19,yellowfin
2015-10-21,2015,10,294,12.22,173.24,27.74,0.3456,0.0061,3.97,0.343,0.0222,133.7,4.299,0.7243,29.63,yellowfin
2015-10-23,2015,10,296,22.13,171.1,24.3,0.5431,0.0617,4.87,0.11,0.0387,112.8,4.405,0.3484,41.32,yellowfin
2015-10-23,2015,10,296,25.29,142.77,22.0,0.4332,-0.0814,5.31,0.18,0.0335,70.3,4.251,0.0816,24.38,yellowfin
2015-10-26,2015,10,299,34.28,164.11,19.24,0.608,0.0501,5.73,0.542,0.0145,98.8,3.958,0.0069,14.88,yellowfin
2015-10-26,2015,10,299,14.17,144.68,26.02,0.2086,0.0344,4.41,0.225,0.0281,205.7,4.364,0.4749,33.75,yellowfin
2015-11-03,2015,11,307,6.47,144.22,30.03,0.2104,0.0682,4.15,0.414,0.0216,84.8,5.048,0.4701,22.67,yellowfin
2015-11-03,2015,11,307,32.37,125.45,21.09,0.7227,-0.0053,5.45,0.571,0.014,171.3,4.156,0.0437,18.36,yellowfin
2015-11-08,2015,11,312,2.27,123.02,29.92,0.4739,-0.0611,4.24,0.276,0.0323,197.7,5.123,0.63,27.23,yellowfin
2015-11-11,2015,11,315,2.86,155.65,28.63,0.2577,0.0609,4.78,0.479,0.016,52.7,5.416,0.6427,31.89,yellowfin
2015-11-11,2015,11,315,27.4,131.35,22.19,0.5048,-0.0846,5.03,0.213,0.0351,53.9,4.071,0.0979,23.55,yellowfin
2015-11-16,2015,11,320,14.05,158.17,27.28,0.2147,0.2021,3.96,0.344,0.0431,286.2,4.183,0.5938,32.95,yellowfin
2015-11-19,2015,11,323,18.48,138.39,25.17,0.3125,-0.0401,4.95,0.164,0.0261,147.2,4.691,0.4273,29.01,yellowfin
2015-11-21,2015,11,325,28.4,122.96,22.38,0.6533,-0.0223,4.94,0.308,0.0316,119.8,4.038,0.118,17.8,yellowfin
2015-11-25,2015,11,329,7.81,171.93,30.05,0.4259,0.1202,3.96,0.515,0.0166,80.4,4.824,0.5929,20.29,yellowfin
2015-11-26,2015,11,330,10.44,166.22,28.96,0.1273,0.1205,3.6,0.363,0.0262,117.5,4.149,0.4568,18.4,yellowfin
2015-11-27,2015,11,331,18.72,170.37,27.69,0.4256,-0.0341,4.16,0.208,0.0414,188.4,4.49,0.7672,30.36,yellowfin
2015-12-02,2015,12,336,11.49,124.76,29.74,0.3134,0.0417,4.11,0.363,0.041,143.0,4.918,0.5837,28.53,yellowfin
2015-12-04,2015,12,338,22.69,162.75,25.84,0.3868,-0.0433,4.59,0.289,0.0418,110.6,4.499,0.562,26.7,yellowfin
2015-12-05,2015,12,339,21.36,163.5,26.05,0.3566,0.012,4.34,0.172,0.0364,137.0,4.305,0.5784,21.11,yellowfin
2015-12-05,2015,12,339,9.93,143.01,29.75,0.1654,0.105,3.27,0.327,0.0195,103.9,3.916,0.4524,19.99,yellowfin
2015-12-07,2015,12,341,17.34,126.09,26.28,0.4158,-0.0002,4.77,0.243,0.0228,174.1,4.782,0.6373,28.73,yellowfin
2015-12-07,2015,12,341,16.24,161.38,28.09,0.2597,0.0296,4.75,0.209,0.0237,153.8,5.232,0.6602,18.14,yellowfin
2015-12-08,2015,12,342,5.6,160.27,31.15,0.1946,-0.0664,3.91,0.569,0.0166,59.0,5.023,0.3163,21.69,yellowfin
2015-12-10,2015,12,344,19.97,169.04,25.27,0.3198,0.0733,4.5,0.149,0.0296,136.0,4.289,0.4461,20.53,yellowfin
2015-12-11,2015,12,345,19.78,134.87,25.01,0.2997,0.1655,4.83,0.181,0.0274,150.9,4.537,0.397,23.27,yellowfin
2015-12-11,2015,12,345,22.5,167.69,26.21,0.3701,0.0149,4.91,0.145,0.051,119.6,4.907,0.6074,23.39,yellowfin
2015-12-13,2015,12,347,34.64,147.83,21.71,0.5985,0.0418,5.48,0.606,0.0286,108.8,4.322,0.0703,18.12,yellowfin
2015-12-14,2015,12,348,34.8,162.35,21.34,0.6272,-0.033,5.22,0.293,0.0195,125.4,4.042,0.0529,9.64,yellowfin
2015-12-17,2015,12,351,17.7,160.86,26.93,0.3262,0.1541,4.62,0.151,0.0202,157.0,4.793,0.6651,23.87,yellowfin
2015-12-18,2015,12,352,12.02,143.12,28.64,0.1815,0.083,3.84,0.283,0.0226,216.8,4.346,0.5572,19.31,yellowfin
2015-12-20,2015,12,354,22.43,157.18,24.03,0.368,-0.0465,5.34,0.186,0.0558,139.7,4.761,0.2764,23.93,yellowfin
2015-12-20,2015,12,354,3.76,126.34,30.46,0.3882,-0.0482,3.96,0.381,0.019,72.3,4.918,0.5161,12.68,yellowfin
2015-12-22,2015,12,356,4.98,150.31,32.4,0.3265,0.1637,3.97,0.335,0.0183,71.8,5.428,0.2129,16.21,yellowfin
2015-12-25,2015,12,359,24.22,147.82,24.93,0.4003,0.1461,4.81,0.115,0.0377,81.2,4.498,0.4211,23.77,yellowfin
2016-01-02,2016,1,2,27.72,142.09,25.93,0.6191,0.019,4.21,0.162,0.0314,57.3,4.151,0.6425,37.02,yellowfin
2016-01-03,2016,1,3,24.36,123.95,24.4,0.5738,-0.0253,4.95,0.26,0.0472,107.4,4.5,0.3676,21.51,yellowfin
2016-01-03,2016,1,3,31.77,155.37,23.83,0.5528,-0.0285,4.17,0.319,0.0214,87.0,3.679,0.2764,9.77,yellowfin
2016-01-10,2016,1,10,11.37,152.42,29.4,0.1438,0.0321,3.44,0.566,0.0209,195.8,4.048,0.4543,26.11,yellowfin
2016-01-10,2016,1,10,31.03,165.06,24.18,0.5726,0.0499,5.09,0.232,0.0102,63.2,4.575,0.3326,9.47,yellowfin
2016-01-11,2016,1,11,34.06,170.73,22.3,0.7671,0.0272,4.93,0.394,0.0214,116.6,4.011,0.1144,11.89,yellowfin
2016-01-12,2016,1,12,31.38,162.26,23.45,0.5758,-0.0181,5.05,0.276,0.016,66.3,4.366,0.2271,10.45,yellowfin
2016-01-13,2016,1,13,27.21,170.05,25.56,0.6487,-0.0558,4.98,0.221,0.0363,58.9,4.812,0.5849,27.6,yellowfin
2016-01-15,2016,1,15,1.52,167.93,31.78,0.2972,0.015,3.42,0.301,0.0113,75.7,4.535,0.2831,15.64,yellowfin
2016-01-15,2016,1,15,9.29,173.0,28.23,0.2979,0.0992,4.29,0.522,0.0208,189.0,4.764,0.691,22.48,yellowfin
2016-01-16,2016,1,16,31.64,150.22,24.58,0.5731,-0.0208,4.64,0.45,0.0221,176.2,4.259,0.3981,19.77,yellowfin
2016-01-18,2016,1,18,18.21,163.89,26.24,0.3216,0.1857,4.74,0.226,0.0578,162.0,4.744,0.5863,28.56,yellowfin
2016-01-19,2016,1,19,6.72,123.49,30.78,0.3611,-0.034,3.81,0.311,0.0134,82.3,4.806,0.4546,21.43,yellowfin
2016-01-21,2016,1,21,15.79,133.48,27.14,0.3086,0.1101,5.17,0.259,0.0226,193.3,5.426,0.67,46.89,yellowfin
2016-01-22,2016,1,22,10.68,139.74,29.05,0.1647,0.2307,3.53,0.343,0.0272,127.2,4.084,0.5105,28.62,yellowfin
2016-01-23,2016,1,23,4.39,124.77,32.22,0.4159,0.0998,3.51,0.306,0.0125,51.0,4.76,0.2525,17.27,yellowfin
2016-01-26,2016,1,26,1.63,152.38,30.22,0.3038,0.1861,4.01,0.263,0.0503,69.7,4.916,0.5128,33.45,yellowfin
2016-01-27,2016,1,27,8.53,125.44,28.07,0.3138,0.0655,3.76,0.405,0.0128,92.9,4.141,0.7051,17.33,yellowfin
2016-01-28,2016,1,28,23.04,171.5,23.53,0.5403,-0.0067,5.49,0.247,0.031,100.0,4.774,0.2341,15.3,yellowfin
2016-01-28,2016,1,28,22.01,170.21,25.53,0.5574,-0.1219,4.19,0.14,0.0437,117.5,4.04,0.5617,16.54,yellowfin
2016-02-01,2016,2,32,6.59,121.72,30.38,0.367,0.0982,4.13,0.36,0.0193,77.3,5.105,0.5202,15.01,yellowfin
2016-02-02,2016,2,33,10.35,168.61,29.12,0.1612,0.1806,4.87,0.595,0.0266,107.9,5.657,0.501,21.47,yellowfin
2016-02-03,2016,2,34,18.7,167.06,26.47,0.3533,-0.0548,4.59,0.234,0.0256,145.1,4.652,0.6325,32.62,yellowfin
2016-02-05,2016,2,36,29.97,137.13,24.78,0.5573,0.0395,4.31,0.269,0.0342,62.8,4.001,0.4294,25.96,yellowfin
2016-02-09,2016,2,40,15.83,143.86,27.77,0.3347,0.186,4.56,0.205,0.0308,169.8,4.936,0.7177,28.22,yellowfin
2016-02-11,2016,2,42,34.64,124.07,21.96,0.8321,0.0815,5.52,0.307,0.0116,96.8,4.414,0.0901,13.43,yellowfin
2016-02-15,2016,2,46,11.0,166.99,29.16,0.1434,0.0635,3.9,0.277,0.0305,112.5,4.534,0.4715,26.42,yellowfin
2016-02-17,2016,2,48,29.89,122.95,22.97,0.7012,-0.1171,5.48,0.387,0.0317,54.1,4.627,0.1771,19.36,yellowfin
2016-02-20,2016,2,51,34.18,137.51,24.51,0.6582,0.1232,5.5,0.415,0.0138,108.0,5.036,0.3973,23.34,yellowfin
2016-02-20,2016,2,51,24.98,174.6,24.54,0.6414,-0.0353,4.77,0.118,0.031,72.0,4.367,0.4,27.34,yellowfin
2016-02-22,2016,2,53,28.63,134.72,24.64,0.5822,-0.0857,4.74,0.232,0.03,63.3,4.367,0.41,28.79,yellowfin
2016-02-23,2016,2,54,4.95,148.51,31.18,0.2625,0.2246,3.44,0.291,0.0151,61.3,4.426,0.3529,10.41,yellowfin
2016-02-23,2016,2,54,32.81,172.64,23.18,0.7628,-0.0824,4.89,0.503,0.0166,81.2,4.17,0.2044,12.86,yellowfin
2016-02-25,2016,2,56,4.85,135.59,33.0,0.2364,-0.006,3.59,0.293,0.0181,86.2,5.067,0.1336,17.85,yellowfin
2016-03-01,2016,3,61,13.24,146.42,28.56,0.2281,0.0113,3.64,0.43,0.0268,144.8,4.11,0.6162,27.48,yellowfin
2016-03-02,2016,3,62,32.32,168.6,22.57,0.6079,-0.1287,4.73,0.68,0.0137,89.8,3.908,0.1326,15.01,yellowfin
2016-03-02,2016,3,62,1.04,120.49,30.82,0.5126,-0.1331,3.96,0.276,0.0371,86.3,5.01,0.4921,35.82,yellowfin
2016-03-03,2016,3,63,25.33,150.38,25.11,0.506,0.014,5.4,0.183,0.034,81.5,5.101,0.478,37.29,yellowfin
2016-03-04,2016,3,64,33.68,131.48,23.69,0.6731,0.0338,4.84,0.465,0.0164,224.4,4.242,0.2666,17.8,yellowfin
2016-03-05,2016,3,65,11.07,141.89,28.53,0.2152,0.014,2.89,0.369,0.0366,134.3,3.261,0.6033,20.43,yellowfin
2016-03-05,2016,3,65,18.13,134.24,25.21,0.3471,-0.051,4.7,0.282,0.0203,169.2,4.459,0.4474,24.52,yellowfin
2016-03-06,2016,3,66,26.46,171.66,24.75,0.7191,0.0148,4.53,0.715,0.0407,96.2,4.196,0.4468,23.12,yellowfin
2016-03-07,2016,3,67,27.48,172.79,24.73,0.6703,-0.0969,4.91,0.371,0.0364,69.9,4.544,0.4368,17.54,yellowfin
2016-03-09,2016,3,69,17.16,152.25,26.94,0.3247,0.0706,3.88,0.179,0.0224,269.0,4.026,0.6649,19.36,yellowfin
2016-03-10,2016,3,70,18.69,162.45,26.25,0.3525,0.1405,4.55,0.261,0.0203,160.0,4.558,0.6045,24.44,yellowfin
2016-03-14,2016,3,74,32.34,149.97,23.25,0.6322,0.0763,5.21,0.29,0.0112,84.7,4.459,0.2058,13.63,yellowfin
2016-03-16,2016,3,76,16.78,167.4,27.75,0.3235,0.0588,4.38,0.304,0.0213,157.6,4.741,0.7095,25.2,yellowfin
2016-03-16,2016,3,76,27.93,171.24,24.98,0.6992,-0.0421,4.99,0.219,0.0385,53.7,4.678,0.4851,21.85,yellowfin
2016-03-19,2016,3,79,19.58,169.38,25.62,0.3439,0.0134,4.32,0.138,0.0212,167.2,4.186,0.5098,22.46,yellowfin
2016-03-19,2016,3,79,13.06,156.64,29.34,0.2255,-0.004,3.7,0.376,0.0202,136.8,4.343,0.5593,28.87,yellowfin
2016-03-19,2016,3,79,12.01,122.71,29.51,0.3486,0.2729,4.13,0.29,0.0238,128.5,4.892,0.6325,27.35,yellowfin
2016-03-20,2016,3,80,10.36,150.65,31.0,0.1568,0.0797,3.23,0.322,0.0335,154.1,4.125,0.3052,17.44,yellowfin
2016-03-22,2016,3,82,16.23,166.44,27.99,0.3202,-0.0126,4.31,0.177,0.0232,176.0,4.726,0.71,30.36,yellowfin
2016-03-27,2016,3,87,11.18,170.21,28.26,0.3329,-0.0113,4.73,0.293,0.021,164.3,5.255,0.7158,24.55,yellowfin
2016-03-28,2016,3,88,7.02,120.05,31.82,0.3628,0.0037,4.1,0.379,0.012,71.7,5.457,0.2959,21.01,yellowfin
2016-04-04,2016,4,95,10.26,136.83,28.01,0.2284,0.1556,4.06,0.463,0.0284,132.6,4.449,0.6289,35.4,yellowfin
2016-04-10,2016,4,101,20.57,159.49,26.47,0.3719,0.2207,4.64,0.225,0.0395,224.9,4.703,0.6417,37.9,yellowfin
2016-04-10,2016,4,101,25.38,134.49,25.8,0.4871,0.0373,4.54,0.181,0.0397,153.2,4.447,0.5896,40.75,yellowfin
2016-04-11,2016,4,102,15.65,137.93,27.54,0.2947,0.0163,4.47,0.215,0.0437,177.6,4.786,0.6816,42.98,yellowfin
2016-04-12,2016,4,103,12.01,133.02,30.44,0.2118,0.2054,3.39,0.271,0.0217,144.4,4.203,0.4205,22.63,yellowfin
2016-04-12,2016,4,103,19.07,156.33,27.71,0.3432,0.1714,3.91,0.21,0.0328,161.8,4.222,0.7219,39.05,yellowfin
2016-04-14,2016,4,105,32.28,124.83,21.79,0.778,-0.0695,5.81,0.252,0.0208,73.4,4.604,0.0787,31.88,yellowfin
2016-04-15,2016,4,106,2.01,137.57,29.59,0.3257,0.0456,4.05,0.391,0.0368,95.6,4.81,0.6089,38.18,yellowfin
2016-04-16,2016,4,107,25.74,155.72,24.43,0.4766,-0.0045,4.74,0.145,0.0342,66.1,4.322,0.3582,22.96,yellowfin
2016-04-16,2016,4,107,21.03,131.9,25.47,0.4454,0.0249,4.91,0.133,0.0439,146.5,4.728,0.5235,53.48,yellowfin
2016-04-18,2016,4,109,34.27,126.73,23.31,0.8052,-0.0931,4.51,0.459,0.0175,94.9,3.876,0.2226,13.32,yellowfin
2016-04-18,2016,4,109,22.76,162.53,25.73,0.433,-0.0613,4.7,0.184,0.0302,111.9,4.583,0.562,33.41,yellowfin
2016-04-18,2016,4,109,7.4,168.71,29.38,0.2342,-0.0722,4.02,0.502,0.0133,130.6,4.731,0.5635,34.46,yellowfin
2016-04-19,2016,4,110,3.62,152.32,30.21,0.2894,0.0784,3.85,0.378,0.012,50.3,4.722,0.5065,18.42,yellowfin
2016-04-19,2016,4,110,17.26,140.88,25.91,0.3211,-0.0114,4.41,0.186,0.0294,158.4,4.339,0.5405,32.25,yellowfin
2016-04-20,2016,4,111,5.62,163.49,31.86,0.2511,-0.005,3.42,0.568,0.0246,65.7,4.562,0.2575,17.98,yellowfin
2016-04-21,2016,4,112,10.84,149.71,28.91,0.1868,0.1308,3.74,0.55,0.0202,127.6,4.289,0.5496,23.56,yellowfin
2016-04-22,2016,4,113,1.11,170.54,30.78,0.5395,0.062,3.84,0.376,0.015,67.6,4.853,0.5038,20.52,yellowfin
2016-04-23,2016,4,114,14.03,128.93,28.08,0.3932,-0.0413,4.19,0.329,0.022,211.8,4.612,0.755,43.83,yellowfin
2016-04-24,2016,4,115,26.25,139.06,24.5,0.5182,-0.1346,4.61,0.145,0.0634,97.6,4.217,0.3763,28.5,yellowfin
2016-04-26,2016,4,117,19.71,146.01,25.77,0.3552,0.0817,4.76,0.564,0.0268,132.6,4.653,0.5369,31.2,yellowfin
2016-04-26,2016,4,117,20.34,139.08,26.89,0.3888,0.0489,3.85,0.179,0.0402,212.0,3.988,0.6971,53.41,yellowfin
2016-05-02,2016,5,123,34.16,157.65,20.03,0.6482,-0.1794,5.69,0.331,0.035,102.0,4.102,0.0159,40.59,yellowfin
2016-05-03,2016,5,124,7.07,120.97,29.89,0.358,0.0135,4.05,0.327,0.0172,74.6,4.887,0.5881,38.56,yellowfin
2016-05-03,2016,5,124,6.81,120.21,29.82,0.4066,0.1667,4.08,0.332,0.0141,140.5,4.905,0.6192,44.57,yellowfin
2016-05-03,2016,5,124,17.43,128.7,25.38,0.4488,-0.0117,5.22,0.195,0.0264,158.8,5.0,0.5096,52.56,yellowfin
2016-05-06,2016,5,127,14.8,129.69,27.78,0.411,-0.0958,4.01,0.336,0.0421,162.3,4.341,0.7622,77.24,yellowfin
2016-05-09,2016,5,130,0.3,125.22,29.29,0.5116,-0.0706,4.32,0.269,0.0288,167.4,5.059,0.7276,44.23,yellowfin
2016-05-10,2016,5,131,25.09,145.66,22.79,0.481,-0.0302,5.23,0.306,0.0727,113.1,4.368,0.1456,43.72,yellowfin
2016-05-10,2016,5,131,12.97,145.83,27.89,0.2518,0.0351,3.9,0.373,0.06,150.8,4.255,0.6525,98.47,yellowfin
2016-05-11,2016,5,132,12.82,138.01,28.23,0.2211,0.1153,3.42,0.305,0.0327,163.7,3.797,0.6188,60.7,yellowfin
2016-05-14,2016,5,135,25.67,168.31,21.79,0.4919,0.0235,5.32,0.155,0.0355,81.3,4.215,0.0717,36.65,yellowfin
2016-05-15,2016,5,136,5.8,152.48,29.57,0.2541,-0.0743,4.03,0.329,0.0331,88.2,4.788,0.5611,58.65,yellowfin
2016-05-18,2016,5,139,11.91,168.12,28.16,0.2502,0.1661,4.29,0.356,0.0235,126.5,4.74,0.6504,49.46,yellowfin
2016-05-20,2016,5,141,17.11,153.02,26.58,0.3367,-0.139,3.98,0.169,0.0321,158.5,4.053,0.6362,37.51,yellowfin
2016-05-22,2016,5,143,18.27,137.31,25.46,0.3403,-0.1622,4.76,0.179,0.0215,330.9,4.578,0.4835,80.95,yellowfin
2016-05-24,2016,5,145,3.9,126.59,30.29,0.4165,0.0701,4.19,0.273,0.0332,154.6,5.154,0.5532,48.06,yellowfin
2016-05-24,2016,5,145,24.15,152.58,23.3,0.4888,-0.1794,4.66,0.2,0.0539,99.6,4.003,0.2014,59.52,yellowfin
2016-05-25,2016,5,146,4.26,157.54,30.76,0.2832,-0.0772,4.44,0.417,0.0315,100.4,5.599,0.4235,40.74,yellowfin
2016-05-26,2016,5,147,1.04,174.43,28.15,0.5381,-0.1103,4.32,0.261,0.012,73.6,4.767,0.8153,35.35,yellowfin
2016-05-26,2016,5,147,17.68,132.92,26.46,0.3106,-0.1055,4.43,0.316,0.0219,159.1,4.483,0.6061,44.5,yellowfin
2016-05-27,2016,5,148,26.81,168.24,21.54,0.5259,-0.0048,5.8,0.179,0.0361,88.1,4.539,0.0601,41.5,yellowfin
2016-05-28,2016,5,149,5.63,135.17,30.47,0.2314,0.0085,3.34,0.469,0.0221,86.1,4.149,0.4312,39.59,yellowfin
2016-06-02,2016,6,154,0.58,146.04,27.63,0.3959,0.0431,4.59,0.287,0.0116,76.0,4.942,0.7504,53.48,yellowfin
2016-06-02,2016,6,154,34.87,173.88,18.81,0.7778,-0.0437,5.7,0.379,0.0207,113.6,3.845,0.0045,30.04,yellowfin
2016-06-04,2016,6,156,27.82,166.07,21.8,0.496,-0.2177,5.69,0.302,0.0315,69.7,4.514,0.0728,40.03,yellowfin
2016-06-08,2016,6,160,15.27,157.95,25.49,0.2537,0.141,4.26,0.229,0.0402,191.9,4.106,0.4422,47.79,yellowfin
2016-06-09,2016,6,161,32.15,133.68,18.77,0.6275,-0.0081,5.67,0.254,0.0117,91.8,3.818,0.0041,23.48,yellowfin
2016-06-09,2016,6,161,20.95,120.4,24.77,0.5641,0.0815,4.94,0.18,0.0427,129.9,4.585,0.4293,59.53,yellowfin
2016-06-09,2016,6,161,2.12,140.29,29.18,0.3142,-0.0495,4.39,0.346,0.0203,59.6,5.11,0.6473,50.32,yellowfin
2016-06-20,2016,6,172,5.48,125.27,29.27,0.3874,-0.0341,4.0,0.527,0.0231,94.0,4.677,0.6799,52.96,yellowfin
2016-06-22,2016,6,174,26.1,138.78,20.95,0.4539,-0.0242,4.95,0.206,0.0381,99.5,3.753,0.035,40.5,yellowfin
2016-06-22,2016,6,174,1.67,152.92,28.27,0.3335,-0.0927,3.76,0.401,0.0155,82.1,4.181,0.716,44.87,yellowfin
2016-06-23,2016,6,175,25.27,129.29,23.25,0.6118,0.0256,5.09,0.238,0.0488,139.7,4.364,0.2052,58.18,yellowfin
2016-06-24,2016,6,176,8.99,173.34,29.61,0.3123,0.0175,4.19,0.488,0.0215,102.0,4.981,0.5987,47.09,yellowfin
2016-06-25,2016,6,177,24.2,172.37,22.54,0.5818,-0.001,5.08,0.153,0.0319,84.2,4.186,0.1291,44.48,yellowfin
2016-06-26,2016,6,178,9.96,132.11,27.05,0.1676,-0.0164,3.84,0.566,0.0125,102.6,4.005,0.5216,40.23,yellowfin
2016-07-02,2016,7,184,10.48,132.76,26.84,0.1831,0.1152,4.43,0.374,0.0311,153.9,4.573,0.5272,46.9,yellowfin
2016-07-02,2016,7,184,27.43,158.85,20.95,0.5497,0.0038,6.16,0.25,0.0395,130.1,4.668,0.0367,52.96,yellowfin
2016-07-03,2016,7,185,32.81,172.99,18.31,0.7233,0.0344,5.7,0.588,0.0126,85.4,3.745,0.0024,28.52,yellowfin
2016-07-04,2016,7,186,5.42,129.11,27.89,0.3948,0.0489,3.91,0.339,0.012,60.6,4.258,0.7556,28.93,yellowfin
2016-07-06,2016,7,188,32.18,125.67,18.05,0.7163,-0.1547,6.24,0.292,0.0163,96.2,4.043,0.0018,27.72,yellowfin
2016-07-18,2016,7,200,11.16,127.33,28.13,0.3247,0.0114,3.85,0.274,0.0474,138.9,4.244,0.7124,111.78,yellowfin
2016-07-21,2016,7,203,7.53,167.28,28.61,0.235,-0.0523,4.21,0.639,0.0256,71.8,4.757,0.6212,49.95,yellowfin
2016-07-21,2016,7,203,33.21,173.84,17.65,0.7438,-0.1391,5.9,0.276,0.0289,87.0,3.736,0.0011,26.4,yellowfin
2016-07-21,2016,7,203,21.44,123.86,23.15,0.5017,-0.0634,4.26,0.245,0.04,145.3,3.628,0.1844,31.69,yellowfin
2016-07-22,2016,7,204,33.9,138.4,18.92,0.6573,-0.167,5.73,0.29,0.0176,126.6,3.888,0.0049,27.35,yellowfin
2016-07-27,2016,7,209,14.17,164.49,28.45,0.2166,0.0356,3.99,0.255,0.0214,146.1,4.479,0.6081,71.53,yellowfin
2016-07-27,2016,7,209,27.31,146.37,20.42,0.4672,-0.0185,6.04,0.217,0.0386,108.6,4.445,0.0218,48.21,yellowfin
2016-07-28,2016,7,210,0.42,150.61,29.17,0.3108,-0.0818,4.25,0.21,0.0137,82.9,4.946,0.6452,44.26,yellowfin
2016-07-28,2016,7,210,11.28,120.39,27.85,0.3258,0.1095,4.38,0.313,0.0251,134.6,4.764,0.713,35.51,yellowfin
2016-08-01,2016,8,214,2.99,132.76,26.45,0.2709,0.0943,4.27,0.58,0.0204,110.2,4.318,0.577,33.63,yellowfin
2016-08-03,2016,8,216,31.4,121.59,16.14,0.7732,0.1292,5.96,0.325,0.0133,80.0,3.472,0.0001,18.51,yellowfin
2016-08-07,2016,8,220,9.28,140.17,30.11,0.1451,0.0142,3.71,0.462,0.0279,104.1,4.523,0.3902,30.53,yellowfin
2016-08-11,2016,8,224,14.79,161.11,25.99,0.2295,-0.0348,4.53,0.349,0.0252,177.2,4.482,0.4892,43.45,yellowfin
2016-08-11,2016,8,224,28.7,134.12,20.03,0.4942,-0.0888,5.54,0.266,0.0301,70.2,3.998,0.0152,52.07,yellowfin
2016-08-11,2016,8,224,8.32,165.57,27.21,0.1626,0.015,4.17,0.44,0.0271,102.9,4.389,0.5232,30.48,yellowfin
2016-08-12,2016,8,225,27.14,131.09,21.1,0.4732,-0.0077,5.28,0.195,0.0341,64.3,4.035,0.0405,28.98,yellowfin
2016-08-13,2016,8,226,8.73,143.62,27.36,0.1917,0.1113,3.76,0.304,0.0145,124.9,3.99,0.5703,33.77,yellowfin
2016-08-13,2016,8,226,27.44,155.0,20.07,0.5196,-0.0916,5.18,0.173,0.0312,103.2,3.742,0.0158,39.1,yellowfin
2016-08-16,2016,8,229,2.05,128.6,25.77,0.4313,0.1635,5.14,0.322,0.0202,83.3,5.02,0.5668,42.69,yellowfin
2016-08-19,2016,8,232,31.75,156.28,18.35,0.6135,-0.1265,5.07,0.263,0.0531,87.9,3.34,0.0025,29.3,yellowfin
2016-08-21,2016,8,234,0.69,137.96,26.74,0.4838,-0.1627,4.59,0.224,0.0108,96.1,4.713,0.7222,59.67,yellowfin
2016-08-23,2016,8,236,0.18,123.18,25.01,0.4616,-0.0587,4.02,0.348,0.018,73.0,3.775,0.4514,34.39,yellowfin
2016-08-25,2016,8,238,1.91,137.27,27.28,0.2708,-0.0866,4.76,0.371,0.0112,103.4,5.028,0.6492,47.54,yellowfin
2016-08-25,2016,8,238,3.84,140.95,28.21,0.2862,-0.0214,4.13,0.432,0.0136,51.7,4.571,0.6819,42.99,yellowfin
2016-08-26,2016,8,239,21.27,160.42,23.29,0.3328,0.1473,5.12,0.116,0.0477,123.9,4.396,0.1801,52.7,yellowfin
2016-08-26,2016,8,239,28.61,171.03,19.36,0.6799,-0.0196,5.36,0.334,0.0578,60.8,3.73,0.0081,42.22,yellowfin
2016-08-26,2016,8,239,15.92,172.48,25.87,0.604,0.0883,4.72,0.525,0.034,159.7,4.633,0.6292,72.32,yellowfin
2016-08-26,2016,8,239,22.84,126.84,21.65,0.5267,0.0032,5.2,0.233,0.0707,231.1,4.092,0.0656,51.28,yellowfin
2016-08-28,2016,8,241,21.25,143.37,23.75,0.3638,0.0146,4.98,0.241,0.0374,161.9,4.375,0.2384,38.85,yellowfin
2016-09-03,2016,9,247,31.08,162.03,19.17,0.5369,-0.1591,5.94,0.257,0.0261,80.0,4.084,0.0062,25.18,yellowfin
2016-09-03,2016,9,247,0.94,137.56,26.45,0.2921,-0.0999,4.55,0.265,0.0277,66.0,4.606,0.5923,54.53,yellowfin
2016-09-04,2016,9,248,10.03,127.69,28.07,0.297,0.0544,4.46,0.332,0.0463,124.4,4.903,0.6923,76.33,yellowfin
2016-09-07,2016,9,251,18.39,163.55,25.39,0.3689,-0.1174,5.1,0.214,0.0245,172.2,4.889,0.485,70.49,yellowfin
2016-09-07,2016,9,251,33.21,170.4,18.72,0.7472,-0.0123,5.68,0.334,0.0514,94.5,3.811,0.004,51.41,yellowfin
2016-09-09,2016,9,253,30.6,121.32,19.47,0.6862,-0.1057,6.0,0.563,0.0138,69.8,4.196,0.009,28.39,yellowfin
2016-09-12,2016,9,256,15.1,154.82,25.85,0.2162,-0.089,4.74,0.362,0.0202,200.2,4.651,0.4613,54.51,yellowfin
2016-09-12,2016,9,256,15.58,123.47,25.12,0.4013,0.0212,4.88,0.2,0.0202,164.7,4.606,0.4517,33.16,yellowfin
2016-09-13,2016,9,257,13.82,136.58,26.15,0.1915,-0.0356,4.37,0.524,0.0216,167.8,4.354,0.4722,59.39,yellowfin
2016-09-13,2016,9,257,2.47,157.58,28.88,0.2962,0.1611,4.44,0.28,0.0316,73.4,5.089,0.6592,57.98,yellowfin
2016-09-15,2016,9,259,34.36,154.12,16.54,0.621,-0.0994,5.97,0.304,0.0133,140.3,3.556,0.0002,31.79,yellowfin
2016-09-18,2016,9,262,4.12,133.11,28.27,0.2777,-0.0465,4.76,0.407,0.022,61.9,5.287,0.6735,53.73,yellowfin
2016-09-21,2016,9,265,26.9,125.93,20.27,0.6011,-0.0667,4.93,0.407,0.033,86.1,3.602,0.0199,31.41,yellowfin
2016-09-22,2016,9,266,5.46,172.38,28.26,0.3596,0.1635,4.09,0.498,0.0148,106.4,4.541,0.733,61.0,yellowfin
2016-09-22,2016,9,266,15.66,161.22,25.86,0.2401,-0.0068,5.29,0.378,0.0504,152.2,5.197,0.4821,53.58,yellowfin
2016-09-22,2016,9,266,31.24,164.32,18.3,0.5573,-0.0998,5.61,0.312,0.0234,81.0,3.681,0.0023,16.77,yellowfin
2016-09-25,2016,9,269,24.77,165.65,21.31,0.5125,-0.0052,5.52,0.142,0.0325,86.3,4.265,0.0494,41.86,yellowfin
2016-10-04,2016,10,278,33.21,126.17,17.79,0.729,-0.0427,5.67,0.284,0.0103,87.0,3.621,0.0013,11.56,yellowfin
2016-10-06,2016,10,280,28.72,133.24,20.14,0.4824,-0.0843,5.42,0.302,0.0401,143.4,3.934,0.0167,37.17,yellowfin
2016-10-09,2016,10,283,7.88,145.94,29.3,0.1639,0.0757,3.39,0.39,0.014,111.4,3.969,0.4909,12.02,yellowfin
2016-10-09,2016,10,283,31.15,152.66,21.1,0.5974,-0.1293,5.84,0.259,0.0123,112.9,4.46,0.0424,16.4,yellowfin
2016-10-10,2016,10,284,5.92,131.65,28.4,0.206,0.2367,4.16,0.309,0.0203,62.0,4.652,0.5972,30.12,yellowfin
2016-10-11,2016,10,285,2.07,172.69,28.68,0.4404,0.2146,4.09,0.297,0.0214,82.2,4.641,0.7562,15.29,yellowfin
2016-10-14,2016,10,288,0.98,145.37,26.8,0.3052,0.0595,4.73,0.258,0.0399,78.8,4.877,0.6391,39.86,yellowfin
2016-10-17,2016,10,291,5.24,139.72,29.57,0.2174,-0.1254,3.72,0.309,0.0118,53.8,4.42,0.5288,22.02,yellowfin
2016-10-18,2016,10,292,13.14,154.25,28.34,0.2029,0.0416,3.09,0.361,0.0253,180.0,3.449,0.5951,37.45,yellowfin
2016-10-18,2016,10,292,12.03,134.39,25.99,0.185,0.1247,4.86,0.326,0.0271,150.3,4.804,0.4482,36.73,yellowfin
2016-10-20,2016,10,294,33.17,133.14,18.22,0.5717,-0.0196,5.89,0.31,0.0262,104.8,3.848,0.0021,14.87,yellowfin
2016-10-20,2016,10,294,18.56,140.59,25.74,0.2895,-0.073,4.57,0.149,0.0203,242.7,4.458,0.499,30.23,yellowfin
2016-10-23,2016,10,297,14.68,150.46,27.29,0.2074,0.1913,3.4,0.227,0.0266,146.6,3.593,0.5863,29.91,yellowfin
2016-10-23,2016,10,297,22.62,174.11,22.91,0.5201,-0.1082,5.35,0.301,0.0398,153.3,4.498,0.1607,24.01,yellowfin
2016-10-25,2016,10,299,33.04,122.56,20.21,0.7258,0.0669,5.16,0.299,0.02,85.0,3.753,0.0194,13.76,yellowfin
2016-10-26,2016,10,300,19.78,124.35,24.46,0.471,0.0766,5.12,0.26,0.0364,145.9,4.67,0.3614,22.42,yellowfin
2016-10-26,2016,10,300,15.92,124.57,26.61,0.3797,0.1034,4.41,0.258,0.0207,188.6,4.498,0.6623,30.39,yellowfin
2016-10-28,2016,10,302,10.75,144.52,29.26,0.2124,0.1286,3.71,0.535,0.022,111.2,4.339,0.5536,27.74,yellowfin
2016-11-02,2016,11,307,14.71,164.77,26.36,0.2086,0.0003,4.77,0.344,0.0317,163.4,4.802,0.5128,19.76,yellowfin
2016-11-02,2016,11,307,7.48,169.51,30.09,0.185,0.1531,3.97,0.408,0.0281,83.1,4.843,0.4392,18.62,yellowfin
2016-11-05,2016,11,310,25.43,171.49,22.4,0.6427,0.0503,5.3,0.132,0.0338,69.9,4.341,0.1196,16.99,yellowfin
2016-11-05,2016,11,310,23.77,161.61,24.04,0.4371,-0.0791,4.89,0.112,0.0495,183.4,4.367,0.2911,26.16,yellowfin
2016-11-06,2016,11,311,23.1,159.86,22.98,0.3756,-0.0184,4.87,0.132,0.0496,98.3,4.111,0.1544,20.16,yellowfin
2016-11-10,2016,11,315,4.49,174.02,30.42,0.3825,0.0369,4.1,0.405,0.0167,72.6,5.087,0.5204,18.97,yellowfin
2016-11-11,2016,11,316,17.46,149.23,26.16,0.2718,0.1184,4.37,0.435,0.0254,174.2,4.361,0.5435,24.44,yellowfin
2016-11-14,2016,11,319,19.49,131.15,26.7,0.3741,0.0818,4.12,0.211,0.0249,167.5,4.223,0.67,24.5,yellowfin
2016-11-22,2016,11,327,21.65,170.97,24.03,0.4917,0.0205,4.74,0.171,0.0312,152.7,4.228,0.2994,22.1,yellowfin
2016-11-25,2016,11,330,13.7,167.51,26.66,0.1823,-0.0618,4.59,0.25,0.0275,147.5,4.7,0.5122,16.95,yellowfin
2016-11-27,2016,11,332,2.4,158.05,30.25,0.3044,-0.0017,3.56,0.252,0.0301,56.5,4.374,0.5094,22.18,yellowfin
2016-11-28,2016,11,333,1.56,167.24,29.43,0.2846,-0.0069,4.34,0.3,0.0201,62.6,5.119,0.601,29.27,yellowfin
2016-12-01,2016,12,336,27.22,128.91,24.83,0.6239,-0.0612,4.81,0.189,0.0323,81.7,4.473,0.4485,31.29,yellowfin
2016-12-01,2016,12,336,0.08,148.09,28.01,0.2892,0.1284,4.67,0.218,0.0179,92.1,5.12,0.6862,25.34,yellowfin
2016-12-03,2016,12,338,26.72,123.54,23.81,0.6645,0.054,4.77,0.181,0.0392,60.9,4.209,0.2838,21.81,yellowfin
2016-12-05,2016,12,340,1.02,142.36,30.64,0.3252,0.1748,4.49,0.518,0.0129,118.8,5.626,0.4619,19.61,yellowfin
2016-12-05,2016,12,340,14.8,154.08,26.22,0.26,-0.0494,3.87,0.401,0.0209,148.3,3.869,0.5422,20.03,yellowfin
2016-12-13,2016,12,348,26.68,125.95,23.53,0.615,-0.0109,4.94,0.287,0.0331,101.5,4.295,0.2404,20.9,yellowfin
2016-12-14,2016,12,349,8.96,174.97,30.69,0.3141,0.1852,3.98,0.342,0.0541,149.7,4.995,0.4492,22.59,yellowfin
2016-12-16,2016,12,351,22.48,143.51,24.0,0.3836,-0.03,5.76,0.157,0.0412,120.3,5.13,0.2761,33.17,yellowfin
2016-12-17,2016,12,352,29.07,128.75,24.37,0.6617,0.0562,4.89,0.219,0.0379,96.1,4.442,0.3728,34.7,yellowfin
2016-12-18,2016,12,353,33.35,123.95,23.79,0.779,0.0605,4.94,0.584,0.0216,95.1,4.352,0.2889,17.75,yellowfin
2016-12-18,2016,12,353,10.83,133.71,27.47,0.1395,-0.0358,4.37,0.36,0.0291,128.7,4.663,0.4971,25.82,yellowfin
2016-12-18,2016,12,353,12.57,120.48,26.8,0.3036,0.0874,4.15,0.299,0.0213,138.0,4.273,0.6378,16.4,yellowfin
2016-12-20,2016,12,355,17.51,155.03,25.88,0.3351,0.0256,4.58,0.209,0.0355,160.5,4.506,0.5441,33.73,yellowfin
2016-12-20,2016,12,355,29.97,124.28,22.13,0.7351,-0.0769,5.33,0.224,0.0301,115.3,4.302,0.1008,17.69,yellowfin
2016-12-21,2016,12,356,2.28,149.56,30.29,0.2674,-0.0274,4.09,0.415,0.0137,73.8,5.042,0.4812,17.95,yellowfin
2016-12-24,2016,12,359,1.23,128.66,30.4,0.4389,-0.0524,4.01,0.709,0.0121,112.6,4.966,0.5421,13.36,yellowfin
2016-12-25,2016,12,360,24.11,149.3,24.06,0.4195,-0.1352,4.28,0.26,0.0614,93.3,3.824,0.2915,23.52,yellowfin
2016-12-26,2016,12,361,32.73,127.99,21.87,0.7713,0.0744,4.96,0.484,0.0224,85.8,3.951,0.0835,8.18,yellowfin
2016-12-27,2016,12,362,13.37,137.92,27.65,0.1778,0.2112,4.04,0.281,0.0259,156.6,4.353,0.5621,25.45,yellowfin
2017-01-02,2017,1,2,1.7,126.01,31.7,0.4705,-0.0792,3.81,0.264,0.0329,58.9,5.041,0.337,21.56,yellowfin
2017-01-02,2017,1,2,9.12,137.87,29.93,0.1555,0.1139,4.02,0.327,0.0267,136.7,4.861,0.4219,18.89,yellowfin
2017-01-04,2017,1,4,25.84,167.05,24.85,0.4316,-0.1524,4.44,0.336,0.0332,158.7,4.133,0.4169,19.15,yellowfin
2017-01-05,2017,1,5,16.88,163.05,26.16,0.2716,0.1268,4.18,0.197,0.0233,157.0,4.166,0.5438,23.49,yellowfin
2017-01-09,2017,1,9,23.11,155.72,26.86,0.4721,-0.1571,4.11,0.197,0.0361,158.4,4.252,0.7302,24.15,yellowfin
2017-01-14,2017,1,14,9.08,122.48,31.55,0.3275,0.0649,3.94,0.374,0.0143,89.5,5.169,0.3256,14.28,yellowfin
2017-01-16,2017,1,16,19.28,165.57,25.44,0.3784,0.1176,4.77,0.124,0.0238,151.7,4.582,0.4953,29.79,yellowfin
2017-01-17,2017,1,17,30.5,154.88,24.23,0.5953,-0.0274,4.77,0.251,0.0155,84.0,4.297,0.3422,12.86,yellowfin
2017-01-22,2017,1,22,26.59,161.41,25.6,0.4696,0.0326,4.82,0.224,0.0322,78.6,4.67,0.5524,24.12,yellowfin
2017-01-22,2017,1,22,16.54,147.46,27.33,0.2924,-0.0266,4.4,0.222,0.032,172.2,4.664,0.6698,38.3,yellowfin
2017-01-23,2017,1,23,31.83,168.42,24.8,0.5579,0.0927,4.94,0.291,0.0107,78.8,4.59,0.4341,19.81,yellowfin
2017-01-25,2017,1,25,21.09,158.2,26.38,0.3926,-0.0339,4.34,0.219,0.047,118.9,4.375,0.6408,41.17,yellowfin
2017-01-25,2017,1,25,27.21,148.47,26.1,0.4983,0.0298,4.62,0.349,0.0426,66.9,4.592,0.641,43.4,yellowfin
2017-02-01,2017,2,32,25.61,155.82,25.94,0.4703,0.0724,4.5,0.336,0.0367,79.1,4.438,0.607,38.6,yellowfin
2017-02-02,2017,2,33,12.59,136.39,28.27,0.2328,0.0835,3.79,0.255,0.0213,189.5,4.21,0.6308,33.27,yellowfin
2017-02-05,2017,2,36,22.37,163.06,26.89,0.4527,-0.0715,4.76,0.204,0.0337,151.3,4.925,0.7256,35.53,yellowfin
2017-02-05,2017,2,36,3.27,150.23,32.35,0.2793,0.1112,3.76,0.29,0.0293,133.2,5.139,0.2082,24.77,yellowfin
2017-02-06,2017,2,37,19.9,170.18,27.02,0.518,-0.0229,3.97,0.125,0.0202,196.0,4.141,0.7625,26.05,yellowfin
2017-02-09,2017,2,40,33.01,167.13,22.81,0.6095,-0.0654,4.89,0.296,0.0101,116.0,4.089,0.1556,10.35,yellowfin
2017-02-10,2017,2,41,5.16,172.69,32.16,0.3854,0.2162,3.93,0.643,0.0295,82.3,5.319,0.2551,28.38,yellowfin
2017-02-11,2017,2,42,18.7,120.1,25.57,0.4783,0.0502,4.1,0.134,0.0233,157.3,3.967,0.5496,29.31,yellowfin
2017-02-11,2017,2,42,29.89,127.95,25.21,0.7482,-0.0014,4.68,0.465,0.0808,64.3,4.446,0.5341,30.29,yellowfin
2017-02-12,2017,2,43,6.18,165.34,32.57,0.2429,-0.0963,3.25,0.451,0.0101,62.5,4.482,0.1746,11.8,yellowfin
2017-02-12,2017,2,43,26.15,140.43,23.82,0.5576,0.0395,4.91,0.223,0.0338,64.3,4.329,0.2758,30.63,yellowfin
2017-02-12,2017,2,43,25.67,129.0,23.64,0.6158,0.0329,5.13,0.295,0.0335,112.4,4.485,0.2556,29.23,yellowfin
2017-02-14,2017,2,45,0.49,162.9,30.58,0.3687,-0.0826,3.64,0.31,0.0255,74.7,4.541,0.4898,18.98,yellowfin
2017-02-16,2017,2,47,22.86,155.69,25.68,0.4389,0.1408,5.25,0.437,0.0314,117.9,5.104,0.5558,33.32,yellowfin
2017-02-16,2017,2,47,3.36,128.44,30.09,0.4195,0.1062,4.35,0.374,0.0218,55.5,5.304,0.5848,23.87,yellowfin
2017-02-18,2017,2,49,4.54,169.31,31.91,0.2705,0.1185,3.92,0.434,0.011,58.3,5.241,0.2578,17.67,yellowfin
2017-02-20,2017,2,51,34.56,128.28,22.73,0.8013,0.0658,5.46,0.568,0.0117,98.8,4.55,0.1548,9.93,yellowfin
2017-02-24,2017,2,55,13.85,135.94,28.53,0.2392,-0.0437,3.81,0.404,0.0275,146.7,4.294,0.6294,24.62,yellowfin
2017-02-26,2017,2,57,11.25,153.45,29.3,0.2666,0.0856,3.63,0.396,0.0302,125.1,4.247,0.5999,34.12,yellowfin
2017-02-27,2017,2,58,13.35,168.17,28.17,0.1978,0.2577,4.27,0.344,0.0218,200.2,4.717,0.5921,29.67,yellowfin
2017-02-28,2017,2,59,20.6,148.48,25.72,0.3579,0.0722,4.34,0.117,0.0675,146.4,4.226,0.5315,27.11,yellowfin
2017-03-03,2017,3,62,25.85,168.79,24.68,0.4578,-0.0546,4.91,0.213,0.0537,95.8,4.532,0.3948,25.59,yellowfin
2017-03-03,2017,3,62,17.37,170.56,25.23,0.5201,0.1125,5.44,0.304,0.0389,151.7,5.17,0.5022,33.18,yellowfin
2017-03-04,2017,3,63,28.27,157.24,23.78,0.546,0.0293,4.55,0.281,0.04,74.1,4.008,0.2694,25.94,yellowfin
2017-03-06,2017,3,65,4.19,133.14,31.98,0.3028,0.0395,3.91,0.595,0.03,116.4,5.246,0.2596,22.41,yellowfin
2017-03-10,2017,3,69,23.17,154.69,26.74,0.4522,-0.0118,4.79,0.152,0.0311,110.8,4.924,0.71,31.37,yellowfin
2017-03-10,2017,3,69,12.97,137.5,27.89,0.2717,0.0202,4.01,0.5,0.0397,155.4,4.374,0.6709,40.19,yellowfin
2017-03-13,2017,3,72,18.33,127.46,26.52,0.4762,-0.0043,4.55,0.203,0.0345,182.9,4.623,0.6918,40.62,yellowfin
2017-03-16,2017,3,75,8.39,141.66,29.75,0.2113,-0.0134,3.44,0.418,0.0108,81.1,4.128,0.5034,15.54,yellowfin
2017-03-16,2017,3,75,27.27,133.51,23.97,0.5445,-0.1195,5.15,0.261,0.0687,96.2,4.585,0.2972,25.63,yellowfin
2017-03-19,2017,3,78,22.35,169.48,25.84,0.4199,0.0588,4.82,0.103,0.0396,134.3,4.73,0.5748,20.61,yellowfin
2017-03-19,2017,3,78,30.12,129.22,22.59,0.7301,-0.1252,4.96,0.402,0.0294,68.9,4.105,0.1393,16.27,yellowfin
2017-03-20,2017,3,79,30.06,170.19,23.7,0.734,-0.1538,5.3,0.228,0.02,69.5,4.649,0.2729,14.5,yellowfin
2017-03-23,2017,3,82,27.42,130.39,25.8,0.5585,-0.0335,4.26,0.278,0.0485,78.3,4.171,0.6076,28.64,yellowfin
2017-03-24,2017,3,83,26.97,121.04,25.72,0.6316,0.0154,4.8,0.289,0.0511,70.9,4.68,0.6091,27.59,yellowfin
2017-03-26,2017,3,85,20.07,151.85,27.39,0.4115,0.0167,4.26,0.29,0.0396,144.6,4.525,0.7473,34.3,yellowfin
2017-03-28,2017,3,87,30.32,152.41,24.17,0.5665,-0.0325,4.8,0.288,0.011,83.1,4.313,0.3298,22.5,yellowfin
2017-03-28,2017,3,87,28.58,125.79,23.27,0.6666,-0.0973,5.14,0.205,0.0381,58.0,4.408,0.211,19.02,yellowfin
2017-04-01,2017,4,91,28.92,169.29,24.68,0.5409,-0.0723,4.36,0.608,0.0306,51.2,4.024,0.4109,20.9,yellowfin
2017-04-02,2017,4,92,16.73,142.93,28.32,0.3511,-0.0524,4.36,0.315,0.0354,152.9,4.855,0.726,58.98,yellowfin
2017-04-02,2017,4,92,2.62,152.44,31.47,0.3168,-0.0469,3.45,0.258,0.0131,115.3,4.51,0.3331,16.98,yellowfin
2017-04-02,2017,4,92,13.08,148.81,27.95,0.2115,0.1185,3.63,0.312,0.0339,188.2,3.965,0.6097,28.23,yellowfin
2017-04-03,2017,4,93,24.0,122.2,24.9,0.6048,-0.019,4.49,0.141,0.0371,130.5,4.194,0.4584,24.07,yellowfin
2017-04-04,2017,4,94,33.59,152.71,22.44,0.6533,0.0256,4.93,0.467,0.0182,84.3,4.043,0.1228,15.51,yellowfin
2017-04-06,2017,4,96,13.25,141.18,27.63,0.2487,0.0876,4.47,0.342,0.0217,229.2,4.813,0.6445,24.06,yellowfin
2017-04-06,2017,4,96,31.77,164.15,23.14,0.6674,0.0711,5.14,0.283,0.0415,72.0,4.373,0.1951,24.65,yellowfin
2017-04-06,2017,4,96,24.79,153.58,24.35,0.4868,0.0123,4.6,0.128,0.0341,88.3,4.173,0.3471,33.9,yellowfin
2017-04-07,2017,4,97,21.76,157.77,25.12,0.4339,-0.013,4.85,0.166,0.034,244.8,4.579,0.4618,36.2,yellowfin
2017-04-07,2017,4,97,11.27,169.4,29.25,0.1748,0.142,4.36,0.283,0.0201,119.8,5.093,0.5097,22.43,yellowfin
2017-04-08,2017,4,98,22.09,128.46,26.27,0.5681,-0.1668,3.66,0.13,0.0437,134.3,3.669,0.685,22.52,yellowfin
2017-04-09,2017,4,99,26.67,158.4,24.59,0.4946,-0.131,5.3,0.165,0.0331,70.4,4.866,0.3871,34.58,yellowfin
2017-04-12,2017,4,102,22.36,133.69,25.43,0.4264,-0.0712,4.72,0.117,0.0473,113.9,4.535,0.5103,43.2,yellowfin
2017-04-12,2017,4,102,6.26,142.77,30.5,0.2853,0.0316,3.46,0.461,0.0124,107.2,4.307,0.4619,22.22,yellowfin
2017-04-13,2017,4,103,34.73,169.04,21.87,0.6758,-0.0368,5.0,0.291,0.0111,111.5,3.981,0.0814,20.19,yellowfin
2017-04-15,2017,4,105,17.29,126.37,26.78,0.4772,-0.0836,4.47,0.157,0.0395,158.8,4.6,0.7234,48.12,yellowfin
2017-04-17,2017,4,107,16.8,157.58,25.89,0.2983,0.2207,5.16,0.17,0.0219,163.0,5.07,0.5247,46.02,yellowfin
2017-04-18,2017,4,108,12.08,141.78,28.15,0.2274,0.0802,3.84,0.338,0.0249,128.9,4.238,0.6271,34.99,yellowfin
2017-04-19,2017,4,109,26.14,145.96,24.33,0.5308,-0.1588,4.77,0.142,0.03,73.9,4.319,0.3505,21.19,yellowfin
2017-04-22,2017,4,112,24.11,170.04,24.5,0.6106,-0.0762,4.69,0.172,0.0652,146.8,4.289,0.39,27.04,yellowfin
2017-04-23,2017,4,113,10.01,173.04,30.78,0.3362,-0.099,3.58,0.47,0.0477,103.1,4.521,0.4455,40.19,yellowfin
2017-04-28,2017,4,118,34.01,147.54,22.28,0.7284,-0.1631,5.42,0.394,0.0157,105.7,4.406,0.1119,16.97,yellowfin
2017-05-01,2017,5,121,5.87,128.51,30.0,0.4091,-0.0186,3.86,0.322,0.0136,66.5,4.69,0.5942,50.25,yellowfin
2017-05-02,2017,5,122,18.74,174.75,24.37,0.4957,0.0594,4.36,0.343,0.0261,164.0,3.961,0.3516,50.98,yellowfin
2017-05-05,2017,5,125,7.17,143.62,29.14,0.2005,0.056,3.02,0.38,0.0109,121.0,3.504,0.5502,48.32,yellowfin
2017-05-05,2017,5,125,10.24,163.95,29.64,0.2021,-0.044,4.26,0.305,0.0441,151.1,5.074,0.5055,50.68,yellowfin
2017-05-05,2017,5,125,0.69,122.86,29.88,0.5713,0.0471,3.6,0.258,0.0301,149.5,4.347,0.6622,63.27,yellowfin
2017-05-06,2017,5,126,15.27,144.46,26.49,0.2566,0.0611,4.53,0.305,0.0222,266.9,4.595,0.5705,51.61,yellowfin
2017-05-08,2017,5,128,30.78,145.99,21.78,0.5584,-0.2348,5.65,0.229,0.0149,149.5,4.47,0.0732,23.87,yellowfin
2017-05-08,2017,5,128,17.83,126.14,25.48,0.4743,-0.0078,4.66,0.148,0.0361,153.2,4.487,0.5325,93.54,yellowfin
2017-05-09,2017,5,129,10.86,173.17,29.38,0.3782,-0.0656,4.01,0.323,0.0211,132.5,4.72,0.6635,44.03,yellowfin
2017-05-13,2017,5,133,8.56,158.27,29.54,0.2086,0.0885,3.61,0.344,0.0128,156.4,4.279,0.5226,36.74,yellowfin
2017-05-14,2017,5,134,7.02,130.2,28.34,0.2294,-0.0051,3.12,0.559,0.0143,89.6,3.484,0.6254,46.78,yellowfin
2017-05-16,2017,5,136,14.09,153.99,27.1,0.2263,-0.0533,4.29,0.273,0.0277,144.7,4.496,0.596,54.27,yellowfin
2017-05-19,2017,5,139,26.7,123.2,22.92,0.6367,-0.0005,5.08,0.179,0.0363,84.4,4.276,0.1686,32.83,yellowfin
2017-05-19,2017,5,139,26.36,129.53,22.07,0.634,-0.056,5.27,0.264,0.03,108.5,4.243,0.0938,44.35,yellowfin
2017-05-21,2017,5,141,3.85,152.87,30.08,0.3123,-0.0862,3.98,0.609,0.011,138.4,4.855,0.5375,41.32,yellowfin
2017-05-21,2017,5,141,30.24,159.78,22.02,0.5739,-0.0905,5.15,0.352,0.0213,54.6,4.128,0.0885,27.88,yellowfin
2017-05-27,2017,5,147,9.48,151.21,28.54,0.2674,-0.024,3.68,0.398,0.0162,113.6,4.151,0.6554,47.19,yellowfin
2017-06-01,2017,6,152,6.4,164.6,27.73,0.3163,-0.0639,4.28,0.303,0.0195,109.8,4.629,0.7039,47.33,yellowfin
2017-06-01,2017,6,152,29.87,154.05,19.54,0.5294,-0.1149,5.69,0.254,0.0414,90.7,3.999,0.0093,47.0,yellowfin
2017-06-02,2017,6,153,9.55,174.71,28.6,0.3413,0.083,4.37,0.368,0.0462,103.0,4.941,0.7083,78.84,yellowfin
2017-06-03,2017,6,154,1.55,174.87,28.11,0.5308,-0.0983,4.12,0.259,0.0126,59.7,4.54,0.8133,48.12,yellowfin
2017-06-09,2017,6,160,19.62,146.43,25.09,0.3709,-0.067,4.61,0.174,0.0332,134.2,4.344,0.4373,69.54,yellowfin
2017-06-10,2017,6,161,29.34,150.96,20.64,0.5492,0.0167,4.93,0.186,0.0529,55.6,3.672,0.0278,45.53,yellowfin
2017-06-11,2017,6,162,11.18,174.99,26.75,0.3195,0.1586,4.41,0.36,0.0384,147.0,4.531,0.6434,62.35,yellowfin
2017-06-12,2017,6,163,10.69,133.8,27.03,0.1771,-0.0733,4.07,0.452,0.0436,112.8,4.249,0.5331,41.44,yellowfin
2017-06-13,2017,6,164,27.53,138.19,22.33,0.6648,-0.043,5.33,0.213,0.0633,66.0,4.343,0.1138,60.52,yellowfin
2017-06-18,2017,6,169,18.84,121.71,24.87,0.4558,-0.1098,4.43,0.135,0.0203,143.8,4.134,0.4265,56.72,yellowfin
2017-06-19,2017,6,170,19.5,163.11,24.7,0.4072,-0.0412,4.49,0.159,0.0207,161.7,4.148,0.3867,47.54,yellowfin
2017-06-19,2017,6,170,8.76,161.04,29.54,0.1816,0.108,3.86,0.397,0.0208,96.2,4.579,0.4931,42.32,yellowfin
2017-06-20,2017,6,171,4.55,147.57,29.16,0.2457,0.0121,4.18,0.343,0.0379,53.5,4.858,0.5951,64.29,yellowfin
2017-06-20,2017,6,171,15.87,166.11,26.4,0.2832,-0.0123,4.33,0.58,0.0257,179.8,4.371,0.5801,40.08,yellowfin
2017-06-22,2017,6,173,11.32,135.54,28.78,0.2092,-0.0355,3.86,0.432,0.0363,152.9,4.407,0.5844,69.13,yellowfin
2017-06-24,2017,6,175,26.27,147.87,21.54,0.514,-0.0067,5.06,0.203,0.0338,72.8,3.956,0.0595,42.47,yellowfin
2017-06-26,2017,6,177,22.94,153.77,23.77,0.438,-0.1564,5.01,0.138,0.0342,102.4,4.409,0.2547,54.14,yellowfin
2017-06-27,2017,6,178,34.45,132.28,17.58,0.637,-0.1625,5.85,0.531,0.0131,126.6,3.69,0.001,37.85,yellowfin
2017-06-27,2017,6,178,0.14,127.88,27.55,0.4989,-0.0822,4.45,0.239,0.0436,89.6,4.772,0.7927,48.8,yellowfin
2017-07-01,2017,7,182,19.37,174.27,23.79,0.5376,0.0321,4.66,0.127,0.0267,149.7,4.102,0.2691,22.21,yellowfin
2017-07-01,2017,7,182,2.56,129.8,26.06,0.4127,-0.1573,4.71,0.335,0.0215,62.4,4.667,0.6048,56.73,yellowfin
2017-07-02,2017,7,183,17.84,126.24,24.59,0.4628,0.0491,4.47,0.302,0.0453,166.2,4.109,0.3809,97.87,yellowfin
2017-07-02,2017,7,183,21.57,122.33,22.81,0.5472,0.0777,4.94,0.455,0.0366,159.0,4.134,0.1525,42.02,yellowfin
2017-07-02,2017,7,183,5.9,128.87,28.45,0.3389,-0.0053,4.01,0.304,0.013,66.8,4.495,0.7137,38.71,yellowfin
2017-07-03,2017,7,184,1.28,144.37,25.28,0.3176,-0.004,4.4,0.273,0.0155,103.3,4.189,0.4461,26.77,yellowfin
2017-07-05,2017,7,186,0.71,128.66,26.39,0.4789,-0.0937,4.76,0.483,0.0111,66.3,4.799,0.6756,45.69,yellowfin
2017-07-07,2017,7,188,17.21,164.32,25.58,0.2823,0.2676,4.75,0.269,0.0243,185.2,4.595,0.4723,48.8,yellowfin
2017-07-08,2017,7,189,14.2,143.72,26.69,0.209,-0.0076,4.55,0.252,0.0325,179.8,4.658,0.545,66.31,yellowfin
2017-07-14,2017,7,195,26.12,140.85,20.02,0.4356,-0.0616,5.67,0.291,0.0422,60.6,4.082,0.0145,57.37,yellowfin
2017-07-14,2017,7,195,22.68,141.34,22.15,0.3811,-0.0003,5.25,0.307,0.0336,120.1,4.244,0.0884,62.29,yellowfin
2017-07-18,2017,7,199,29.79,128.54,18.29,0.7133,-0.052,6.47,0.205,0.0322,66.0,4.244,0.0024,29.19,yellowfin
2017-07-20,2017,7,201,20.34,146.59,24.24,0.3286,0.0066,4.48,0.142,0.0335,127.6,4.043,0.296,50.22,yellowfin
2017-07-20,2017,7,201,31.0,154.32,18.94,0.5603,-0.1705,5.57,0.326,0.0155,98.9,3.788,0.0049,18.57,yellowfin
2017-07-21,2017,7,202,29.48,173.55,19.25,0.664,-0.0725,5.25,0.224,0.0319,169.3,3.629,0.0071,36.21,yellowfin
2017-07-24,2017,7,205,19.27,162.55,24.9,0.3636,-0.0633,4.79,0.169,0.0276,142.0,4.474,0.4052,44.11,yellowfin
2017-07-24,2017,7,205,31.58,168.26,16.61,0.568,-0.0911,5.96,0.324,0.0556,91.9,3.565,0.0003,43.66,yellowfin
2017-07-25,2017,7,206,10.08,149.08,27.03,0.1603,-0.0569,3.48,0.478,0.0322,109.7,3.631,0.5096,52.12,yellowfin
2017-07-28,2017,7,209,6.03,129.36,29.44,0.3867,0.0369,3.89,0.491,0.0328,67.1,4.594,0.6598,44.08,yellowfin
2017-08-05,2017,8,217,30.43,173.4,18.47,0.6675,-0.0679,5.84,0.237,0.0436,78.2,3.869,0.0029,25.62,yellowfin
2017-08-06,2017,8,218,6.61,167.11,28.86,0.1942,-0.0131,3.88,0.336,0.0104,95.6,4.447,0.5618,37.58,yellowfin
2017-08-08,2017,8,220,18.27,170.04,25.09,0.4433,0.0932,4.93,0.693,0.0212,172.2,4.647,0.4595,52.79,yellowfin
2017-08-09,2017,8,221,26.63,137.4,21.24,0.464,0.0222,5.05,0.273,0.0374,93.2,3.885,0.0453,42.59,yellowfin
2017-08-10,2017,8,222,15.38,126.17,26.43,0.3818,-0.0675,4.38,0.446,0.0265,162.6,4.431,0.6421,61.08,yellowfin
2017-08-12,2017,8,224,0.07,172.41,26.57,0.4559,0.0597,4.46,0.24,0.0252,78.1,4.548,0.6914,45.7,yellowfin
2017-08-13,2017,8,225,6.35,149.13,27.72,0.2604,-0.0054,3.71,0.484,0.0215,178.7,4.011,0.6578,66.38,yellowfin
2017-08-13,2017,8,225,19.84,130.66,23.88,0.3294,-0.0599,5.01,0.368,0.0207,151.3,4.44,0.2482,70.83,yellowfin
2017-08-14,2017,8,226,21.73,142.76,22.42,0.4026,0.2172,4.46,0.371,0.0357,111.0,3.651,0.1086,34.27,yellowfin
2017-08-17,2017,8,229,7.9,162.85,26.29,0.2207,-0.0066,4.72,0.393,0.029,87.1,4.734,0.5163,45.09,yellowfin
2017-08-17,2017,8,229,3.88,124.37,25.7,0.3962,0.0473,4.69,0.282,0.0147,51.0,4.567,0.544,40.24,yellowfin
2017-08-18,2017,8,230,10.48,133.28,29.58,0.1306,0.1387,3.64,0.341,0.0344,127.8,4.32,0.4191,69.87,yellowfin
2017-08-19,2017,8,231,2.31,120.06,27.34,0.4707,-0.0709,4.06,0.386,0.0106,78.3,4.3,0.7705,31.85,yellowfin
2017-08-20,2017,8,232,33.27,165.6,16.57,0.6004,-0.148,5.89,0.282,0.0202,93.4,3.516,0.0002,21.84,yellowfin
2017-08-22,2017,8,234,34.18,141.5,15.7,0.5844,0.0346,6.17,0.465,0.0408,138.4,3.508,0.0001,31.05,yellowfin
2017-08-27,2017,8,239,0.86,132.11,27.49,0.3062,0.0195,4.3,0.381,0.0245,65.5,4.597,0.6885,40.46,yellowfin
2017-08-27,2017,8,239,12.18,124.98,27.08,0.363,0.0652,3.72,0.274,0.0323,145.6,3.895,0.7003,82.67,yellowfin
2017-09-01,2017,9,244,24.09,142.83,23.79,0.3985,0.1073,5.05,0.115,0.0353,98.6,4.452,0.2508,59.7,yellowfin
2017-09-04,2017,9,247,5.13,173.97,29.84,0.36,-0.0378,3.73,0.306,0.0366,72.7,4.494,0.5953,78.56,yellowfin
2017-09-10,2017,9,253,32.56,122.67,16.4,0.7291,-0.1408,6.01,0.468,0.0144,93.6,3.556,0.0002,18.29,yellowfin
2017-09-10,2017,9,253,6.61,160.0,29.37,0.1904,-0.0312,4.03,0.368,0.0179,130.0,4.733,0.5193,66.02,yellowfin
2017-09-10,2017,9,253,25.12,164.41,21.54,0.4672,0.044,5.33,0.209,0.0308,80.4,4.167,0.0581,51.06,yellowfin
2017-09-11,2017,9,254,14.69,131.62,25.75,0.1957,0.1446,4.55,0.226,0.0532,149.6,4.44,0.4302,73.53,yellowfin
2017-09-14,2017,9,257,18.74,170.09,24.52,0.4382,-0.0236,5.19,0.15,0.0269,195.8,4.752,0.3645,31.72,yellowfin
2017-09-15,2017,9,258,32.36,154.1,17.12,0.6016,-0.0664,6.2,0.277,0.0105,76.8,3.81,0.0005,19.24,yellowfin
2017-09-15,2017,9,258,20.39,141.73,24.14,0.3265,-0.0305,5.28,0.184,0.0359,135.8,4.743,0.2819,61.68,yellowfin
2017-09-17,2017,9,260,10.51,140.38,28.09,0.1425,0.1843,4.37,0.31,0.02,120.3,4.817,0.5111,61.84,yellowfin
2017-09-17,2017,9,260,0.22,169.92,27.36,0.344,0.0002,4.77,0.267,0.0543,72.4,5.058,0.7079,86.81,yellowfin
2017-09-19,2017,9,262,1.86,138.72,27.72,0.2803,0.0562,4.07,0.362,0.0322,81.0,4.398,0.6755,63.42,yellowfin
2017-09-21,2017,9,264,23.56,138.27,21.47,0.4066,0.0446,4.74,0.169,0.0328,116.7,3.695,0.0531,34.75,yellowfin
2017-09-22,2017,9,265,0.09,154.02,26.61,0.3751,0.0855,4.73,0.296,0.015,70.5,4.823,0.6604,31.6,yellowfin
2017-09-23,2017,9,266,9.07,153.28,28.89,0.1991,0.0883,3.53,0.466,0.0128,103.4,4.05,0.566,35.2,yellowfin
2017-09-25,2017,9,268,31.15,137.29,18.3,0.5237,-0.2175,5.38,0.647,0.0156,68.7,3.529,0.0023,22.94,yellowfin
2017-09-25,2017,9,268,32.92,143.54,17.92,0.5987,-0.0722,6.13,0.358,0.032,80.8,3.939,0.0015,30.24,yellowfin
2017-09-26,2017,9,269,5.63,164.78,28.08,0.223,0.0361,4.4,0.326,0.0157,60.6,4.848,0.6227,43.99,yellowfin
2017-10-01,2017,10,274,11.88,134.09,27.17,0.1574,-0.0196,4.02,0.349,0.0234,130.3,4.222,0.5136,24.06,yellowfin
2017-10-01,2017,10,274,33.58,151.66,18.2,0.614,-0.1523,5.44,0.32,0.0279,86.0,3.549,0.0021,11.82,yellowfin
2017-10-03,2017,10,276,10.81,151.09,27.87,0.1397,0.0184,3.84,0.277,0.0262,112.0,4.183,0.5059,33.54,yellowfin
2017-10-03,2017,10,276,6.17,129.64,29.39,0.3732,0.0483,4.16,0.323,0.0183,66.3,4.892,0.659,31.59,yellowfin
2017-10-03,2017,10,276,15.98,133.21,25.75,0.2682,-0.0135,4.71,0.33,0.0491,153.4,4.6,0.4873,42.31,yellowfin
2017-10-04,2017,10,277,22.23,142.17,24.44,0.3571,-0.0067,5.6,0.108,0.0364,104.0,5.109,0.3327,38.16,yellowfin
2017-10-04,2017,10,277,28.65,171.68,20.02,0.6316,-0.0758,5.33,0.207,0.0365,53.9,3.839,0.0157,14.38,yellowfin
2017-10-04,2017,10,277,6.93,162.09,29.44,0.1995,0.0915,4.06,0.32,0.0164,133.3,4.795,0.523,34.2,yellowfin
2017-10-06,2017,10,279,3.76,147.37,30.79,0.2859,-0.0986,4.02,0.274,0.0235,70.1,5.071,0.4202,26.35,yellowfin
2017-10-06,2017,10,279,10.19,147.86,27.63,0.1282,0.1347,3.83,0.348,0.0205,112.3,4.118,0.4814,30.15,yellowfin
2017-10-06,2017,10,279,27.83,172.83,21.97,0.6291,-0.0642,5.4,0.43,0.0328,58.8,4.324,0.0871,22.2,yellowfin
2017-10-07,2017,10,280,14.76,150.72,27.34,0.2206,0.1288,3.77,0.254,0.0226,170.7,3.994,0.6035,43.25,yellowfin
2017-10-10,2017,10,283,18.74,166.67,24.28,0.3244,0.0967,4.97,0.149,0.0291,151.7,4.491,0.2997,27.23,yellowfin
2017-10-10,2017,10,283,23.3,165.62,23.57,0.4096,0.0119,5.79,0.194,0.0321,101.9,5.042,0.2235,28.63,yellowfin
2017-10-12,2017,10,285,20.58,173.13,24.22,0.471,0.022,5.23,0.171,0.0313,123.7,4.71,0.3247,21.17,yellowfin
2017-10-14,2017,10,287,6.71,155.19,28.45,0.1569,-0.0375,4.05,0.35,0.0156,83.4,4.543,0.5284,17.28,yellowfin
2017-10-15,2017,10,288,18.37,166.77,23.23,0.3654,-0.005,5.15,0.277,0.0296,148.6,4.407,0.1782,16.53,yellowfin
2017-10-16,2017,10,289,22.15,135.85,24.41,0.3431,-0.0434,4.24,0.506,0.0368,116.8,3.861,0.3249,39.42,yellowfin
2017-10-17,2017,10,290,13.19,165.47,26.85,0.2025,-0.0063,4.21,0.486,0.0366,193.1,4.348,0.5515,33.21,yellowfin
2017-10-17,2017,10,290,15.34,146.19,26.61,0.2611,0.0478,4.31,0.198,0.0239,174.9,4.401,0.5865,42.47,yellowfin
2017-10-20,2017,10,293,22.51,155.74,23.07,0.3866,-0.0237,4.53,0.121,0.0318,140.4,3.843,0.1647,22.37,yellowfin
2017-10-22,2017,10,295,33.25,143.34,18.19,0.6285,0.0148,5.46,0.463,0.0141,83.3,3.562,0.0021,13.47,yellowfin
2017-10-28,2017,10,301,34.66,148.97,18.31,0.6091,-0.0902,5.39,0.459,0.0147,110.5,3.54,0.0024,12.13,yellowfin
2017-11-01,2017,11,305,8.86,131.38,28.69,0.1954,0.0947,3.69,0.331,0.039,87.0,4.192,0.5726,19.73,yellowfin
2017-11-01,2017,11,305,26.91,136.15,22.25,0.4547,-0.1416,5.01,0.526,0.0401,62.5,4.07,0.0997,21.9,yellowfin
2017-11-03,2017,11,307,3.6,146.43,29.58,0.2574,0.184,4.44,0.357,0.0133,94.9,5.272,0.5629,27.69,yellowfin
2017-11-03,2017,11,307,27.96,168.68,22.79,0.4967,-0.0404,5.0,0.159,0.0357,54.0,4.182,0.1472,19.01,yellowfin
2017-11-06,2017,11,310,1.4,121.56,29.6,0.4249,-0.0213,3.72,0.307,0.019,142.5,4.423,0.6574,16.84,yellowfin
2017-11-09,2017,11,313,6.15,151.7,31.55,0.1993,0.0633,3.5,0.352,0.0114,70.0,4.587,0.2712,15.02,yellowfin
2017-11-10,2017,11,314,13.91,154.27,26.72,0.1962,0.0574,4.04,0.32,0.0335,151.1,4.143,0.5336,27.1,yellowfin
2017-11-10,2017,11,314,29.4,124.32,21.92,0.6803,-0.0912,5.52,0.356,0.0362,71.2,4.403,0.0847,19.96,yellowfin
2017-11-21,2017,11,325,24.44,141.15,24.86,0.4193,-0.116,4.41,0.179,0.0497,171.8,4.112,0.4158,37.38,yellowfin
2017-11-21,2017,11,325,33.84,173.89,20.32,0.7598,0.113,5.02,0.284,0.011,107.4,3.677,0.0217,11.28,yellowfin
2017-11-22,2017,11,326,30.41,136.11,21.16,0.65,-0.0162,5.31,0.241,0.0309,61.2,4.066,0.0455,13.68,yellowfin
2017-11-23,2017,11,327,4.96,144.65,29.88,0.2127,0.024,4.45,0.321,0.0106,112.1,5.363,0.4899,19.8,yellowfin
2017-11-23,2017,11,327,30.99,167.03,20.64,0.5352,-0.0196,5.35,0.39,0.0123,76.2,3.988,0.0277,13.59,yellowfin
2017-11-25,2017,11,329,4.27,152.35,29.19,0.235,0.0044,4.37,0.682,0.0255,64.8,5.085,0.5821,22.63,yellowfin
2017-11-26,2017,11,330,7.09,149.81,28.34,0.2193,0.0605,3.69,0.41,0.0114,125.2,4.114,0.6143,12.63,yellowfin
2017-11-28,2017,11,332,14.59,149.56,27.85,0.2065,0.1565,3.74,0.585,0.0261,169.1,4.066,0.603,47.63,yellowfin
2017-12-02,2017,12,336,15.5,137.15,28.02,0.2421,-0.0007,4.67,0.291,0.0227,163.1,5.122,0.6433,28.46,yellowfin
2017-12-03,2017,12,337,25.54,161.5,24.85,0.4395,-0.0512,4.68,0.328,0.0358,102.7,4.358,0.4186,26.82,yellowfin
2017-12-05,2017,12,339,7.68,146.28,30.9,0.1714,-0.1027,2.9,0.344,0.0195,80.6,3.686,0.3294,19.8,yellowfin
2017-12-06,2017,12,340,2.74,166.74,30.01,0.2733,0.1476,3.96,0.269,0.0149,75.3,4.811,0.5233,23.7,yellowfin
2017-12-06,2017,12,340,13.57,173.81,26.54,0.3355,-0.1227,3.86,0.27,0.025,247.5,3.929,0.631,15.56,yellowfin
2017-12-08,2017,12,342,3.54,129.61,31.64,0.3879,0.1138,3.58,0.317,0.0275,58.3,4.721,0.3293,15.15,yellowfin
2017-12-11,2017,12,345,20.15,139.8,25.54,0.3266,0.1398,4.87,0.231,0.0317,191.7,4.699,0.489,28.41,yellowfin
2017-12-11,2017,12,345,25.18,168.82,24.67,0.4096,0.0179,5.37,0.146,0.0339,109.4,4.958,0.3816,23.69,yellowfin
2017-12-15,2017,12,349,31.11,163.58,23.58,0.555,-0.0569,4.95,0.327,0.0237,80.7,4.313,0.2421,20.69,yellowfin
2017-12-15,2017,12,349,12.57,140.43,29.04,0.2011,0.1233,4.11,0.503,0.0337,158.0,4.747,0.5586,33.19,yellowfin
2017-12-16,2017,12,350,10.14,150.49,28.88,0.1692,0.13,3.84,0.405,0.0207,108.6,4.399,0.5275,32.93,yellowfin
2017-12-17,2017,12,351,19.68,171.08,25.6,0.507,0.1284,5.26,0.268,0.0241,162.1,5.096,0.5613,21.6,yellowfin
2017-12-18,2017,12,352,6.75,128.01,30.38,0.3748,0.1782,3.63,0.323,0.0185,89.1,4.494,0.5235,25.92,yellowfin
2017-12-18,2017,12,352,4.83,163.49,30.54,0.2216,0.0662,3.93,0.353,0.0235,73.9,4.902,0.4149,20.15,yellowfin
2017-12-23,2017,12,357,20.29,154.47,25.55,0.3037,0.1135,4.64,0.215,0.0379,127.6,4.485,0.4793,26.34,yellowfin
2017-12-26,2017,12,360,27.02,158.4,23.59,0.4418,-0.0201,4.69,0.258,0.0416,65.6,4.09,0.2316,28.24,yellowfin
2018-01-02,2018,1,2,28.95,155.17,23.81,0.5141,0.016,4.82,0.365,0.0545,66.1,4.254,0.2693,17.58,yellowfin
2018-01-04,2018,1,4,5.17,139.44,31.6,0.2523,-0.0252,3.49,0.348,0.0125,66.5,4.591,0.2913,14.87,yellowfin
2018-01-04,2018,1,4,32.79,150.03,23.88,0.5931,-0.2448,4.77,0.269,0.0232,324.8,4.225,0.2881,26.42,yellowfin
2018-01-05,2018,1,5,31.57,122.69,21.82,0.7437,-0.0265,5.13,0.265,0.0214,65.6,4.07,0.0796,9.96,yellowfin
2018-01-05,2018,1,5,30.52,153.12,23.91,0.5212,-0.1256,5.3,0.352,0.013,65.0,4.698,0.2853,15.43,yellowfin
2018-01-10,2018,1,10,22.54,153.57,24.77,0.5023,0.0761,4.68,0.211,0.0387,111.4,4.344,0.4182,26.74,yellowfin
2018-01-11,2018,1,11,5.53,166.35,30.95,0.2423,0.0236,3.85,0.524,0.0138,64.8,4.898,0.373,20.58,yellowfin
2018-01-11,2018,1,11,26.3,163.62,24.53,0.4617,0.0676,5.19,0.152,0.0348,72.7,4.752,0.3718,15.12,yellowfin
2018-01-12,2018,1,12,32.11,154.7,23.93,0.5864,-0.0291,5.39,0.374,0.014,128.8,4.781,0.2952,14.37,yellowfin
2018-01-13,2018,1,13,5.84,130.41,31.48,0.2602,0.045,3.21,0.535,0.0126,65.1,4.193,0.31,10.6,yellowfin
2018-01-15,2018,1,15,2.93,135.07,31.15,0.3085,0.0131,4.5,0.459,0.0162,71.3,5.79,0.377,28.06,yellowfin
2018-01-16,2018,1,16,7.58,164.25,31.38,0.2596,0.1668,3.2,0.429,0.0133,89.6,4.158,0.3237,13.48,yellowfin
2018-01-17,2018,1,17,12.77,151.05,28.19,0.1807,0.099,4.58,0.3,0.0293,152.1,5.067,0.5692,28.31,yellowfin
2018-01-20,2018,1,20,25.38,158.95,23.22,0.4515,0.0188,4.78,0.131,0.0356,77.1,4.086,0.1882,27.44,yellowfin
2018-01-21,2018,1,21,5.35,132.01,31.95,0.2339,0.2023,2.36,0.41,0.018,74.7,3.155,0.2397,8.84,yellowfin
2018-01-23,2018,1,23,15.5,132.9,26.75,0.3066,-0.1281,4.81,0.23,0.0265,164.0,4.945,0.6344,23.02,yellowfin
2018-01-23,2018,1,23,30.79,157.97,24.75,0.544,0.1668,4.16,0.3,0.0105,87.8,3.852,0.4231,13.82,yellowfin
2018-01-28,2018,1,28,6.05,137.58,30.1,0.2048,0.1494,3.3,0.36,0.0265,138.0,4.021,0.4575,16.08,yellowfin
2018-02-02,2018,2,33,16.84,163.02,26.49,0.2654,0.1033,4.86,0.265,0.0331,177.7,4.933,0.5772,21.36,yellowfin
2018-02-04,2018,2,35,29.82,167.5,24.64,0.5528,-0.1473,4.62,0.224,0.0324,79.2,4.255,0.406,23.5,yellowfin
2018-02-08,2018,2,39,11.73,166.51,28.52,0.2145,0.1584,4.2,0.313,0.0486,136.6,4.729,0.6031,30.7,yellowfin
2018-02-09,2018,2,40,34.12,133.28,22.56,0.6161,-0.032,5.06,0.531,0.019,93.8,4.178,0.1317,19.14,yellowfin
2018-02-10,2018,2,41,19.21,131.33,26.61,0.3154,0.0033,4.56,0.276,0.054,169.5,4.656,0.6263,34.6,yellowfin
2018-02-11,2018,2,42,18.47,123.71,26.43,0.4645,0.022,4.15,0.252,0.0259,162.9,4.2,0.676,26.83,yellowfin
2018-02-12,2018,2,43,13.27,155.68,28.17,0.2658,0.0096,3.8,0.259,0.0492,164.5,4.204,0.6649,43.11,yellowfin
2018-02-12,2018,2,43,21.13,138.57,25.35,0.4021,-0.0867,4.74,0.216,0.0394,168.1,4.529,0.4899,34.85,yellowfin
2018-02-13,2018,2,44,23.8,126.07,25.54,0.5867,-0.1729,4.6,0.14,0.0334,141.4,4.445,0.5701,23.85,yellowfin
2018-02-13,2018,2,44,24.72,124.48,25.51,0.5896,-0.1777,4.95,0.276,0.0368,93.7,4.773,0.5656,18.98,yellowfin
2018-02-17,2018,2,48,30.81,149.49,25.13,0.5749,0.0401,4.6,0.386,0.014,74.8,4.344,0.494,13.46,yellowfin
2018-02-19,2018,2,50,14.53,142.18,29.77,0.2381,0.0897,4.38,0.284,0.0283,153.1,5.258,0.5254,37.81,yellowfin
2018-02-20,2018,2,51,17.39,172.21,25.59,0.4612,-0.0131,5.02,0.272,0.0257,177.0,4.86,0.5473,28.18,yellowfin
2018-02-21,2018,2,52,32.81,154.89,24.09,0.596,-0.0406,4.67,0.275,0.0132,99.4,4.182,0.3206,14.35,yellowfin
2018-02-23,2018,2,54,21.15,166.58,24.88,0.4411,0.0311,4.5,0.239,0.0634,131.6,4.195,0.4245,25.62,yellowfin
2018-02-24,2018,2,55,33.75,154.2,23.62,0.6287,-0.0131,5.1,0.486,0.0105,86.1,4.452,0.2539,13.41,yellowfin
2018-02-25,2018,2,56,32.95,132.07,24.17,0.6495,-0.072,5.15,0.372,0.022,120.7,4.629,0.3387,10.1,yellowfin
2018-02-26,2018,2,57,17.63,148.62,28.35,0.3571,0.0646,4.65,0.152,0.0226,179.5,5.193,0.7289,27.18,yellowfin
2018-02-27,2018,2,58,15.33,141.08,26.26,0.31,0.1593,4.48,0.295,0.0392,280.4,4.496,0.5817,47.91,yellowfin
2018-03-01,2018,3,60,20.04,124.58,27.75,0.5076,0.0139,3.99,0.152,0.049,270.3,4.318,0.8028,28.08,yellowfin
2018-03-01,2018,3,60,13.97,171.07,27.06,0.3942,-0.0953,4.33,0.245,0.0367,169.0,4.523,0.715,51.58,yellowfin
2018-03-09,2018,3,68,4.95,134.68,32.8,0.2627,-0.095,3.66,0.368,0.0222,75.1,5.111,0.1573,28.62,yellowfin
2018-03-10,2018,3,69,7.28,130.27,30.69,0.2198,0.1973,3.59,0.378,0.0108,81.5,4.506,0.3942,15.59,yellowfin
2018-03-11,2018,3,70,26.15,169.21,25.26,0.5136,-0.0291,4.77,0.259,0.0363,205.3,4.539,0.5054,27.66,yellowfin
2018-03-15,2018,3,74,26.84,129.16,25.75,0.6641,-0.1915,4.63,0.229,0.0327,83.1,4.523,0.6199,28.87,yellowfin
2018-03-15,2018,3,74,19.43,152.8,26.61,0.3796,0.042,4.58,0.195,0.0224,354.2,4.677,0.6624,41.69,yellowfin
2018-03-17,2018,3,76,19.99,143.24,24.24,0.3616,-0.0166,4.71,0.178,0.03,182.2,4.25,0.3051,29.34,yellowfin
2018-03-18,2018,3,77,31.08,136.46,22.54,0.613,-0.0162,4.98,0.239,0.0256,61.5,4.107,0.13,12.91,yellowfin
2018-03-19,2018,3,78,11.13,139.04,30.23,0.2227,0.1123,3.74,0.717,0.0281,171.9,4.596,0.4567,36.58,yellowfin
2018-03-22,2018,3,81,24.04,149.65,25.08,0.4874,0.0231,4.91,0.285,0.0374,108.3,4.627,0.4681,25.9,yellowfin
2018-03-24,2018,3,83,30.12,132.45,25.13,0.6162,0.0032,5.25,0.266,0.0147,70.8,4.958,0.5014,20.53,yellowfin
2018-03-24,2018,3,83,2.98,137.86,31.64,0.2904,0.1219,3.9,0.367,0.0322,119.5,5.135,0.3004,22.51,yellowfin
2018-04-01,2018,4,91,8.43,126.75,29.51,0.3681,0.0527,3.99,0.317,0.0217,85.8,4.719,0.6429,37.24,yellowfin
2018-04-01,2018,4,91,32.08,137.13,21.61,0.6049,-0.0666,5.46,0.506,0.0246,109.2,4.283,0.0652,17.25,yellowfin
2018-04-05,2018,4,95,6.28,142.75,32.38,0.2639,0.1188,2.93,0.346,0.0175,88.9,4.0,0.2002,18.91,yellowfin
2018-04-07,2018,4,97,4.45,150.26,31.37,0.2886,0.0103,4.03,0.612,0.017,72.7,5.242,0.3373,18.56,yellowfin
2018-04-07,2018,4,97,8.92,129.42,30.96,0.3439,0.045,4.6,0.673,0.0197,140.7,5.857,0.4206,29.67,yellowfin
2018-04-08,2018,4,98,6.58,122.22,30.55,0.3841,-0.052,4.35,0.418,0.0151,85.8,5.424,0.5002,19.66,yellowfin
2018-04-10,2018,4,100,30.9,161.83,24.77,0.6523,0.04,4.67,0.224,0.0207,59.7,4.33,0.4417,24.77,yellowfin
2018-04-10,2018,4,100,0.88,131.12,30.68,0.3758,0.0632,3.59,0.341,0.0461,66.3,4.515,0.4753,30.42,yellowfin
2018-04-13,2018,4,103,34.05,155.33,21.12,0.6485,-0.0962,4.56,0.328,0.0171,137.2,3.489,0.0441,10.37,yellowfin
2018-04-13,2018,4,103,11.01,168.29,27.35,0.1946,0.113,4.28,0.31,0.0204,123.4,4.542,0.5738,24.19,yellowfin
2018-04-14,2018,4,104,22.78,127.05,24.52,0.6497,-0.2461,4.52,0.195,0.0321,97.9,4.139,0.3977,35.84,yellowfin
2018-04-15,2018,4,105,24.32,135.06,24.22,0.4518,-0.1962,5.25,0.153,0.0547,104.6,4.734,0.3215,33.61,yellowfin
2018-04-15,2018,4,105,25.42,166.45,25.41,0.4662,-0.0034,4.55,0.207,0.059,73.6,4.36,0.519,25.2,yellowfin
2018-04-18,2018,4,108,5.0,147.13,31.99,0.3078,0.0603,2.85,0.292,0.0139,88.7,3.823,0.2594,11.52,yellowfin
2018-04-20,2018,4,110,21.17,152.1,25.18,0.3852,-0.027,4.14,0.253,0.0461,157.9,3.92,0.4568,34.93,yellowfin
2018-04-24,2018,4,114,34.24,160.97,22.13,0.6494,-0.0618,4.73,0.444,0.0138,106.3,3.817,0.0982,14.11,yellowfin
2018-04-24,2018,4,114,19.39,153.73,26.33,0.3465,-0.0832,4.8,0.135,0.0326,153.1,4.83,0.6113,33.67,yellowfin
2018-04-25,2018,4,115,32.14,121.16,22.84,0.8008,-0.1014,4.9,0.269,0.02,72.1,4.11,0.1663,21.78,yellowfin
2018-05-02,2018,5,122,14.34,130.01,28.09,0.2692,-0.0553,4.11,0.23,0.024,179.5,4.52,0.6689,104.08,yellowfin
2018-05-02,2018,5,122,2.17,121.4,29.29,0.4544,-0.0415,4.01,0.297,0.0134,65.2,4.694,0.7075,60.06,yellowfin
2018-05-04,2018,5,124,19.35,130.88,26.43,0.3793,-0.0437,4.72,0.133,0.0531,138.3,4.767,0.6403,62.52,yellowfin
2018-05-04,2018,5,124,15.44,169.1,25.34,0.2693,0.1814,4.51,0.285,0.0218,154.3,4.311,0.4301,39.54,yellowfin
2018-05-05,2018,5,125,22.92,144.1,24.9,0.4123,-0.1489,4.67,0.315,0.0405,221.1,4.363,0.4191,62.23,yellowfin
2018-05-07,2018,5,127,34.49,158.84,19.62,0.7252,0.0164,5.45,0.281,0.0111,129.6,3.843,0.0107,38.69,yellowfin
2018-05-08,2018,5,128,21.37,131.3,24.35,0.3823,0.0778,4.44,0.142,0.0457,173.9,4.031,0.3265,70.6,yellowfin
2018-05-12,2018,5,132,7.29,161.33,30.26,0.2853,-0.0395,3.89,0.56,0.0145,83.6,4.787,0.4967,48.27,yellowfin
2018-05-12,2018,5,132,14.49,151.38,26.29,0.2953,-0.052,3.85,0.254,0.0698,159.2,3.869,0.5753,71.59,yellowfin
2018-05-12,2018,5,132,19.66,159.59,25.56,0.3783,0.0133,4.74,0.194,0.0304,186.1,4.58,0.5157,68.04,yellowfin
2018-05-13,2018,5,133,23.06,150.49,24.51,0.4402,-0.1505,5.16,0.104,0.0519,103.2,4.722,0.3638,61.3,yellowfin
2018-05-20,2018,5,140,29.59,126.0,19.65,0.733,-0.1095,5.69,0.245,0.0318,78.1,4.018,0.0111,52.09,yellowfin
2018-05-22,2018,5,142,5.7,157.65,30.15,0.2683,0.0685,3.53,0.461,0.0215,65.8,4.317,0.5001,28.06,yellowfin
2018-05-23,2018,5,143,13.56,148.68,30.82,0.2842,0.1104,3.53,0.834,0.026,143.9,4.47,0.4151,47.52,yellowfin
2018-06-02,2018,6,153,31.7,165.17,18.79,0.5686,-0.0319,5.64,0.375,0.0104,104.4,3.803,0.0041,21.32,yellowfin
2018-06-04,2018,6,155,4.36,142.92,28.89,0.2502,-0.1127,3.7,0.504,0.0244,64.7,4.242,0.6198,57.69,yellowfin
2018-06-07,2018,6,158,15.98,141.67,26.15,0.2825,-0.0283,4.69,0.434,0.0257,224.4,4.673,0.5491,60.39,yellowfin
2018-06-09,2018,6,160,24.07,158.8,22.4,0.4241,-0.0309,5.02,0.171,0.0316,124.1,4.109,0.1084,42.45,yellowfin
2018-06-12,2018,6,163,24.91,122.8,22.02,0.6432,-0.0183,5.54,0.187,0.0301,93.6,4.441,0.0903,36.57,yellowfin
2018-06-14,2018,6,165,27.76,161.63,21.66,0.5134,-0.0755,5.58,0.423,0.0493,110.5,4.393,0.0656,39.0,yellowfin
2018-06-16,2018,6,167,33.68,144.78,19.28,0.6517,-0.121,5.29,0.283,0.0186,123.9,3.665,0.0073,28.32,yellowfin
2018-06-22,2018,6,173,0.55,146.25,26.82,0.3525,0.058,4.44,0.461,0.0286,91.9,4.579,0.6709,59.88,yellowfin
2018-07-02,2018,7,183,7.44,169.96,28.29,0.1989,0.084,4.1,0.42,0.0272,119.7,4.558,0.5914,53.44,yellowfin
2018-07-02,2018,7,183,12.32,151.12,26.65,0.2063,-0.0056,3.71,0.381,0.0201,169.0,3.797,0.5386,55.91,yellowfin
2018-07-04,2018,7,185,30.84,122.84,19.78,0.7198,-0.1758,5.3,0.403,0.0136,93.4,3.767,0.0126,31.1,yellowfin
2018-07-06,2018,7,187,26.61,148.54,21.48,0.4937,-0.1093,5.61,0.267,0.0323,137.4,4.369,0.0561,43.38,yellowfin
2018-07-09,2018,7,190,11.47,171.46,25.6,0.295,0.0717,3.83,0.293,0.029,122.8,3.706,0.4822,30.26,yellowfin
2018-07-09,2018,7,190,23.53,135.47,21.84,0.3983,-0.2281,5.17,0.35,0.0382,150.4,4.112,0.0709,60.43,yellowfin
2018-07-11,2018,7,192,22.3,125.93,23.31,0.5293,-0.0744,5.01,0.186,0.0308,119.0,4.308,0.2059,62.91,yellowfin
2018-07-13,2018,7,194,7.95,150.5,27.56,0.2245,0.0051,3.74,0.341,0.0145,77.7,4.006,0.6171,31.99,yellowfin
2018-07-16,2018,7,197,19.81,156.8,23.12,0.3511,-0.1284,4.9,0.121,0.0205,134.9,4.171,0.1654,48.0,yellowfin
2018-07-16,2018,7,197,10.23,148.64,30.01,0.1255,0.0383,3.68,0.337,0.0207,122.5,4.472,0.3736,69.82,yellowfin
2018-07-18,2018,7,199,2.13,156.04,26.89,0.313,0.0264,4.22,0.365,0.032,72.8,4.372,0.6525,51.08,yellowfin
2018-07-24,2018,7,205,15.62,132.53,25.59,0.2169,-0.1396,5.09,0.383,0.0431,155.9,4.925,0.428,74.63,yellowfin
2018-07-25,2018,7,206,1.55,126.1,27.1,0.484,-0.0459,3.99,0.376,0.0114,194.9,4.173,0.7575,45.6,yellowfin
2018-07-27,2018,7,208,8.86,121.65,27.24,0.301,0.1252,4.51,0.324,0.0123,104.4,4.758,0.6709,53.83,yellowfin
2018-07-27,2018,7,208,20.73,120.43,24.6,0.4936,0.0761,4.5,0.279,0.0396,144.7,4.132,0.388,55.02,yellowfin
2018-08-02,2018,8,214,15.74,169.09,26.85,0.2447,0.0491,4.26,0.27,0.0312,178.6,4.403,0.5943,52.65,yellowfin
2018-08-09,2018,8,221,26.59,132.69,20.09,0.4447,-0.2206,5.52,0.224,0.0354,153.1,3.994,0.0156,57.29,yellowfin
2018-08-14,2018,8,226,11.95,131.89,26.64,0.2033,0.0182,4.54,0.264,0.0312,128.3,4.644,0.5343,95.38,yellowfin
2018-08-16,2018,8,228,22.89,169.43,21.61,0.3903,-0.2163,5.09,0.102,0.0421,108.5,3.999,0.059,46.87,yellowfin
2018-08-19,2018,8,231,33.06,131.43,17.53,0.633,-0.0635,6.25,0.264,0.0103,199.7,3.935,0.0009,32.16,yellowfin
2018-08-20,2018,8,232,21.53,167.79,21.92,0.3563,-0.1632,5.67,0.242,0.0301,112.2,4.523,0.0731,43.58,yellowfin
2018-08-20,2018,8,232,4.8,143.96,28.02,0.2982,-0.104,4.24,0.365,0.0105,146.8,4.656,0.6934,49.7,yellowfin
2018-08-27,2018,8,239,17.82,139.92,24.9,0.3375,-0.156,5.15,0.223,0.0233,156.1,4.806,0.3953,44.75,yellowfin
2018-08-28,2018,8,240,0.64,152.76,26.3,0.308,0.1086,4.66,0.217,0.0234,131.7,4.685,0.5857,62.78,yellowfin
2018-09-01,2018,9,244,30.95,156.92,18.77,0.5239,0.1216,5.71,0.24,0.0104,77.4,3.842,0.004,25.23,yellowfin
2018-09-03,2018,9,246,23.86,131.07,21.8,0.4158,-0.1217,5.37,0.106,0.0349,103.5,4.254,0.0692,54.32,yellowfin
2018-09-03,2018,9,246,20.72,161.58,23.57,0.3472,-0.0832,4.71,0.115,0.0304,136.5,4.099,0.2137,26.81,yellowfin
2018-09-03,2018,9,246,19.77,149.58,25.76,0.3031,-0.0437,4.36,0.41,0.0224,144.6,4.255,0.5091,49.58,yellowfin
2018-09-04,2018,9,247,0.81,122.79,25.36,0.4778,-0.0444,4.57,0.295,0.0107,72.3,4.372,0.5138,39.97,yellowfin
2018-09-06,2018,9,249,18.96,127.09,24.33,0.5014,-0.1241,4.66,0.199,0.054,144.6,4.221,0.3461,60.31,yellowfin
2018-09-08,2018,9,251,29.05,131.23,20.68,0.5104,-0.0219,5.41,0.296,0.0313,55.3,4.041,0.0284,47.4,yellowfin
2018-09-09,2018,9,252,19.55,160.41,24.49,0.3737,-0.0633,4.61,0.303,0.0207,151.3,4.212,0.3452,28.19,yellowfin
2018-09-09,2018,9,252,1.09,141.55,26.83,0.3269,-0.1227,4.34,0.294,0.0106,151.1,4.481,0.6564,51.2,yellowfin
2018-09-09,2018,9,252,12.92,132.98,28.04,0.1737,-0.0208,3.98,0.321,0.0387,146.3,4.37,0.5605,71.45,yellowfin
2018-09-11,2018,9,254,26.52,154.64,20.71,0.4878,-0.1643,5.15,0.149,0.0385,175.0,3.849,0.0287,43.07,yellowfin
2018-09-11,2018,9,254,21.26,136.92,22.37,0.3712,-0.0426,4.94,0.309,0.0353,118.1,4.034,0.1025,38.05,yellowfin
2018-09-13,2018,9,256,22.69,151.79,23.32,0.3794,-0.1962,5.18,0.149,0.0644,98.2,4.451,0.1902,71.6,yellowfin
2018-09-13,2018,9,256,29.24,156.76,18.31,0.5048,0.0337,5.87,0.384,0.0487,86.8,3.858,0.0023,46.14,yellowfin
2018-09-13,2018,9,256,23.1,152.98,22.14,0.3707,-0.0254,5.4,0.434,0.0306,108.3,4.358,0.0867,49.59,yellowfin
2018-09-13,2018,9,256,23.27,158.72,22.0,0.3827,0.0584,5.39,0.249,0.0304,98.4,4.319,0.0788,47.81,yellowfin
2018-09-15,2018,9,258,7.27,150.97,29.67,0.2477,0.0592,3.69,0.392,0.0183,178.6,4.402,0.5446,47.69,yellowfin
2018-09-17,2018,9,260,6.18,150.62,28.29,0.2041,-0.0264,3.78,0.344,0.0198,59.8,4.201,0.5979,40.98,yellowfin
2018-09-19,2018,9,262,18.71,121.2,23.89,0.4375,-0.0594,4.99,0.184,0.0495,147.6,4.422,0.2699,55.05,yellowfin
2018-09-21,2018,9,264,33.86,140.98,18.18,0.5779,-0.0848,5.62,0.548,0.0205,119.3,3.663,0.002,25.19,yellowfin
2018-09-22,2018,9,265,15.7,129.44,26.93,0.3864,-0.0479,4.7,0.192,0.0306,262.1,4.878,0.7001,123.42,yellowfin
2018-09-22,2018,9,265,12.18,135.7,26.81,0.1901,0.0658,3.82,0.304,0.0263,166.1,3.935,0.5335,61.42,yellowfin
2018-09-23,2018,9,266,24.99,128.47,22.83,0.6547,0.0305,5.47,0.202,0.0308,77.6,4.582,0.16,53.6,yellowfin
2018-09-24,2018,9,267,17.67,170.03,26.03,0.4244,-0.1972,4.08,0.281,0.0331,158.2,4.045,0.6054,45.53,yellowfin
2018-09-24,2018,9,267,13.03,128.45,26.9,0.3241,-0.0573,4.57,0.358,0.0229,168.4,4.733,0.6609,56.81,yellowfin
2018-09-24,2018,9,267,26.53,144.03,20.44,0.501,-0.1267,5.31,0.139,0.0499,69.4,3.911,0.0225,44.78,yellowfin
2018-09-26,2018,9,269,29.12,148.09,19.57,0.511,-0.0815,5.37,0.205,0.0383,50.8,3.774,0.0095,35.28,yellowfin
2018-09-26,2018,9,269,16.66,144.72,24.86,0.2606,0.0154,4.81,0.182,0.0203,162.6,4.478,0.3565,55.16,yellowfin
2018-09-26,2018,9,269,10.5,126.32,26.22,0.312,-0.0268,4.07,0.363,0.0203,138.9,4.073,0.5775,65.94,yellowfin
2018-10-01,2018,10,274,9.91,132.75,29.51,0.1531,0.027,3.29,0.312,0.0117,126.5,3.898,0.459,21.63,yellowfin
2018-10-03,2018,10,276,14.98,129.2,26.46,0.3737,0.0394,4.55,0.336,0.0339,205.1,4.61,0.6413,46.82,yellowfin
2018-10-03,2018,10,276,17.3,130.86,25.15,0.2625,0.0351,4.85,0.342,0.0284,189.9,4.591,0.3993,44.34,yellowfin
2018-10-03,2018,10,276,0.14,121.47,27.07,0.5227,-0.0009,4.92,0.233,0.0228,79.8,5.142,0.7688,23.73,yellowfin
2018-10-04,2018,10,277,9.96,147.0,28.69,0.1173,0.1796,3.68,0.363,0.0138,104.9,4.176,0.4506,20.53,yellowfin
2018-10-04,2018,10,277,27.47,150.52,22.32,0.4659,-0.033,4.76,0.702,0.0396,57.8,3.883,0.1049,19.24,yellowfin
2018-10-06,2018,10,279,0.26,163.28,27.88,0.3152,0.0147,4.51,0.234,0.0113,72.3,4.909,0.7058,27.48,yellowfin
2018-10-07,2018,10,280,23.18,128.59,23.29,0.599,-0.0838,5.32,0.115,0.0347,104.4,4.566,0.2086,25.53,yellowfin
2018-10-08,2018,10,281,23.29,141.92,23.57,0.4383,0.1084,4.74,0.295,0.0462,131.6,4.125,0.2284,32.56,yellowfin
2018-10-11,2018,10,284,8.21,154.2,29.62,0.1631,0.0763,3.79,0.458,0.0346,121.3,4.509,0.462,25.55,yellowfin
2018-10-14,2018,10,287,27.95,169.97,20.18,0.5105,0.0393,5.19,0.18,0.0572,68.9,3.769,0.0176,28.88,yellowfin
2018-10-16,2018,10,289,1.13,151.35,27.93,0.2997,-0.0624,3.87,0.297,0.0232,99.6,4.227,0.6944,25.04,yellowfin
2018-10-17,2018,10,290,27.37,140.05,20.25,0.5473,0.0957,5.18,0.222,0.0382,146.2,3.783,0.0192,27.27,yellowfin
2018-10-20,2018,10,293,27.08,167.6,20.28,0.4805,-0.069,5.31,0.158,0.0353,75.9,3.882,0.0191,13.14,yellowfin
2018-10-20,2018,10,293,28.74,142.92,20.17,0.6579,-0.0851,5.5,0.288,0.0396,103.8,3.993,0.0185,31.88,yellowfin
2018-10-21,2018,10,294,34.09,168.87,18.81,0.7072,-0.0685,5.19,0.363,0.0189,97.2,3.501,0.0044,13.24,yellowfin
2018-10-21,2018,10,294,18.34,161.85,25.55,0.2873,0.0851,4.67,0.17,0.0205,156.3,4.514,0.4702,19.42,yellowfin
2018-11-01,2018,11,305,33.35,155.79,19.48,0.5803,-0.0094,5.94,0.504,0.0186,82.0,4.159,0.0089,12.11,yellowfin
2018-11-03,2018,11,307,16.92,169.19,26.48,0.2475,0.0554,4.53,0.245,0.0214,161.3,4.593,0.5617,23.18,yellowfin
2018-11-08,2018,11,312,12.44,152.75,27.84,0.1947,0.0135,3.99,0.305,0.0249,243.6,4.343,0.5882,25.81,yellowfin
2018-11-09,2018,11,313,11.65,156.87,27.99,0.1216,0.0679,3.81,0.288,0.0389,131.5,4.171,0.4727,30.54,yellowfin
2018-11-18,2018,11,322,27.15,126.17,23.15,0.618,-0.0334,4.93,0.235,0.062,64.3,4.196,0.1929,29.5,yellowfin
2018-11-19,2018,11,323,24.92,160.03,24.89,0.4222,-0.0171,4.61,0.245,0.0305,88.6,4.303,0.4214,22.32,yellowfin
2018-11-22,2018,11,326,4.78,141.64,30.58,0.2401,0.0428,4.11,0.299,0.0107,78.5,5.13,0.4228,18.48,yellowfin
2018-11-22,2018,11,326,30.96,161.96,20.19,0.5757,-0.1353,5.59,0.222,0.0196,73.6,4.064,0.0182,16.21,yellowfin
2018-11-25,2018,11,329,17.94,146.03,26.31,0.2733,-0.0728,4.46,0.438,0.0245,170.1,4.477,0.5622,33.36,yellowfin
2018-11-26,2018,11,330,6.88,149.14,30.37,0.1799,0.0266,3.31,0.311,0.0103,91.9,4.087,0.4009,12.63,yellowfin
2018-11-28,2018,11,332,18.07,141.18,25.66,0.2871,0.1988,4.1,0.216,0.0222,166.3,3.984,0.4856,28.74,yellowfin
2018-12-04,2018,12,338,1.66,124.6,29.33,0.5306,-0.0095,3.93,0.285,0.0127,73.8,4.611,0.7282,18.76,yellowfin
2018-12-06,2018,12,340,28.92,125.1,23.84,0.6531,-0.0742,4.83,0.243,0.0326,105.5,4.264,0.288,22.0,yellowfin
2018-12-07,2018,12,341,8.66,152.13,30.34,0.2345,0.0671,3.47,0.72,0.0171,111.4,4.281,0.4516,15.13,yellowfin
2018-12-09,2018,12,343,6.13,130.38,30.76,0.2334,0.0281,3.3,0.322,0.0207,85.1,4.16,0.3946,16.24,yellowfin
2018-12-10,2018,12,344,33.69,172.19,23.06,0.7423,-0.0728,5.07,0.621,0.0154,113.4,4.299,0.1886,12.22,yellowfin
2018-12-10,2018,12,344,6.93,151.55,30.19,0.1808,-0.0779,3.73,0.385,0.0109,73.8,4.57,0.4227,10.8,yellowfin
2018-12-11,2018,12,345,7.51,150.95,30.54,0.1789,0.0194,3.59,0.464,0.0186,110.4,4.482,0.3792,17.65,yellowfin
2018-12-11,2018,12,345,24.49,134.62,23.24,0.4088,-0.0107,5.54,0.121,0.0319,116.3,4.746,0.1857,35.73,yellowfin
2018-12-12,2018,12,346,28.62,163.58,22.67,0.4959,0.0395,5.09,0.284,0.0402,126.8,4.229,0.1359,31.95,yellowfin
2018-12-13,2018,12,347,14.66,132.23,27.29,0.2068,-0.1087,4.19,0.292,0.0388,270.1,4.431,0.5855,32.22,yellowfin
2018-12-13,2018,12,347,22.74,169.66,24.6,0.4124,-0.001,5.3,0.126,0.0524,119.2,4.869,0.3709,30.03,yellowfin
2018-12-14,2018,12,348,3.79,157.83,30.26,0.2772,0.0538,3.76,0.321,0.0496,53.6,4.617,0.492,21.2,yellowfin
2018-12-16,2018,12,350,3.7,153.96,30.74,0.2826,0.07,4.36,0.288,0.0117,91.6,5.495,0.4264,29.12,yellowfin
2018-12-17,2018,12,351,9.74,122.93,29.46,0.3179,0.1104,4.13,0.704,0.0163,98.5,4.878,0.62,34.05,yellowfin
2018-12-18,2018,12,352,25.02,123.79,25.01,0.5543,0.0494,4.74,0.253,0.0355,129.8,4.454,0.47,16.36,yellowfin
2018-12-18,2018,12,352,29.69,132.52,24.26,0.532,0.026,4.61,0.396,0.0544,84.9,4.164,0.3394,33.09,yellowfin
2018-12-22,2018,12,356,20.42,174.53,24.72,0.5323,0.0227,4.75,0.122,0.0307,187.6,4.391,0.4151,33.99,yellowfin
2018-12-23,2018,12,357,22.73,171.05,22.67,0.5244,-0.0444,5.14,0.116,0.0552,136.4,4.271,0.1374,18.55,yellowfin
2018-12-24,2018,12,358,24.22,150.76,24.35,0.4109,-0.0449,4.89,0.196,0.0319,82.9,4.436,0.3331,23.16,yellowfin
2018-12-25,2018,12,359,12.57,143.79,28.4,0.1507,0.0785,3.89,0.518,0.0224,148.1,4.358,0.5197,30.33,yellowfin
2018-12-27,2018,12,361,11.16,161.23,28.15,0.1462,-0.0259,4.34,0.276,0.0256,121.7,4.797,0.5169,21.82,yellowfin
2019-01-03,2019,1,3,21.5,132.79,25.47,0.3674,0.0232,4.95,0.125,0.0306,158.5,4.759,0.4971,35.97,yellowfin
2019-01-03,2019,1,3,25.63,130.35,23.83,0.4589,0.0843,5.18,0.138,0.0385,109.3,4.572,0.2658,23.67,yellowfin
2019-01-06,2019,1,6,24.36,134.14,25.66,0.433,-0.2184,4.55,0.369,0.0345,125.1,4.425,0.5508,32.85,yellowfin
2019-01-08,2019,1,8,21.42,169.48,25.78,0.4064,-0.0289,4.55,0.356,0.0384,132.6,4.454,0.5606,24.11,yellowfin
2019-01-09,2019,1,9,28.52,160.13,25.22,0.5175,0.0811,5.06,0.17,0.0429,120.4,4.802,0.4988,24.5,yellowfin
2019-01-10,2019,1,10,20.27,168.26,26.16,0.3569,-0.1122,4.24,0.387,0.0394,133.7,4.227,0.5937,22.67,yellowfin
2019-01-11,2019,1,11,21.01,124.67,25.32,0.4839,0.0744,4.39,0.154,0.0352,177.5,4.191,0.5094,22.45,yellowfin
2019-01-11,2019,1,11,32.04,147.33,24.24,0.5849,-0.0785,4.61,0.465,0.0201,102.0,4.155,0.3433,15.36,yellowfin
2019-01-13,2019,1,13,4.37,147.75,30.8,0.2678,0.0199,3.11,0.34,0.0217,72.6,3.93,0.4095,20.29,yellowfin
2019-01-13,2019,1,13,0.57,173.02,28.85,0.4725,0.0868,4.1,0.418,0.0286,81.3,4.695,0.7578,26.96,yellowfin
2019-01-15,2019,1,15,21.05,146.74,25.8,0.3689,0.0915,4.46,0.15,0.0346,161.0,4.367,0.5484,27.43,yellowfin
2019-01-16,2019,1,16,25.35,157.48,26.26,0.4623,-0.0718,4.59,0.287,0.0384,81.5,4.6,0.6521,23.92,yellowfin
2019-01-16,2019,1,16,23.91,160.96,24.41,0.4353,-0.052,4.91,0.217,0.0328,92.3,4.468,0.3473,17.83,yellowfin
2019-01-17,2019,1,17,22.19,125.82,25.93,0.5372,0.0463,5.1,0.258,0.0367,107.4,5.02,0.6238,31.72,yellowfin
2019-01-19,2019,1,19,12.25,141.41,27.19,0.179,0.0775,3.97,0.423,0.0314,180.1,4.177,0.545,35.34,yellowfin
2019-01-20,2019,1,20,15.03,147.06,26.35,0.2643,0.1195,4.41,0.22,0.0202,148.3,4.438,0.5606,28.84,yellowfin
2019-01-22,2019,1,22,19.54,120.82,25.62,0.474,0.0449,4.21,0.407,0.0313,137.1,4.084,0.5561,26.09,yellowfin
2019-01-23,2019,1,23,26.21,156.74,25.99,0.4884,-0.0327,4.55,0.287,0.04,61.1,4.499,0.621,25.71,yellowfin
2019-01-24,2019,1,24,7.79,139.4,30.69,0.1519,0.0697,3.7,0.323,0.0193,203.8,4.655,0.3348,21.18,yellowfin
2019-01-26,2019,1,26,32.63,160.66,24.11,0.611,0.0282,4.65,0.268,0.016,75.4,4.163,0.3258,22.62,yellowfin
2019-01-26,2019,1,26,5.78,174.35,31.72,0.3814,0.0045,3.69,0.379,0.0148,81.9,4.881,0.3157,12.53,yellowfin
2019-02-02,2019,2,33,13.19,164.56,28.91,0.2143,0.1638,4.5,0.278,0.0218,180.4,5.171,0.5822,19.98,yellowfin
2019-02-03,2019,2,34,2.71,162.89,31.9,0.3022,0.0388,3.52,0.46,0.0231,63.5,4.7,0.2688,14.42,yellowfin
2019-02-03,2019,2,34,18.05,146.49,26.8,0.333,0.0595,4.84,0.218,0.0242,232.8,4.988,0.6573,26.34,yellowfin
2019-02-05,2019,2,36,6.76,152.75,30.97,0.2043,0.0725,3.37,0.506,0.0245,94.2,4.289,0.3469,14.4,yellowfin
2019-02-06,2019,2,37,17.95,154.3,27.18,0.289,0.089,4.61,0.152,0.0241,301.7,4.847,0.6578,44.06,yellowfin
2019-02-07,2019,2,38,10.55,151.79,28.97,0.1831,0.0581,3.85,0.28,0.0211,142.7,4.433,0.5408,30.62,yellowfin
2019-02-09,2019,2,40,14.98,153.6,28.09,0.2341,-0.0281,3.92,0.215,0.0209,167.5,4.318,0.6347,25.9,yellowfin
2019-02-09,2019,2,40,2.04,163.45,31.29,0.3088,0.0409,3.95,0.525,0.0134,80.0,5.115,0.3573,18.12,yellowfin
2019-02-15,2019,2,46,29.96,159.01,24.47,0.5357,-0.0492,4.35,0.242,0.0523,59.2,3.972,0.3741,24.14,yellowfin
2019-02-16,2019,2,47,13.92,136.55,27.95,0.2124,0.0254,4.26,0.32,0.0267,184.9,4.659,0.6108,36.1,yellowfin
2019-02-20,2019,2,51,7.94,156.84,30.58,0.1837,0.0514,3.86,0.408,0.0238,120.5,4.825,0.3789,23.69,yellowfin
2019-02-20,2019,2,51,34.99,145.04,24.14,0.6285,0.1029,4.78,0.441,0.0146,105.5,4.286,0.3313,20.46,yellowfin
2019-02-22,2019,2,53,20.23,164.34,25.47,0.3449,0.0333,4.87,0.225,0.0351,189.0,4.681,0.4871,23.43,yellowfin
2019-02-23,2019,2,54,5.7,172.21,31.91,0.3986,0.0064,3.61,0.346,0.0262,64.5,4.819,0.292,19.43,yellowfin
2019-02-24,2019,2,55,24.51,137.18,25.3,0.4506,0.0404,4.92,0.168,0.0304,104.5,4.69,0.4961,27.47,yellowfin
2019-02-24,2019,2,55,6.94,170.09,31.13,0.3462,0.1167,3.99,0.361,0.0251,93.2,5.123,0.3947,23.65,yellowfin
2019-02-25,2019,2,56,12.9,122.74,28.18,0.3516,0.1977,3.93,0.348,0.0403,143.6,4.344,0.7296,33.97,yellowfin
2019-02-25,2019,2,56,26.6,158.68,25.23,0.4766,-0.0628,4.91,0.229,0.054,63.3,4.662,0.4923,31.93,yellowfin
2019-02-28,2019,2,59,0.57,144.89,32.17,0.3201,-0.0481,3.46,0.274,0.0271,70.7,4.678,0.24,22.72,yellowfin
2019-02-28,2019,2,59,15.43,160.86,27.3,0.2531,-0.0581,4.64,0.2,0.031,154.6,4.906,0.6343,23.99,yellowfin
2019-03-04,2019,3,63,16.48,146.4,26.51,0.3039,-0.0344,4.37,0.22,0.0212,156.0,4.437,0.6077,43.02,yellowfin
2019-03-04,2019,3,63,9.67,150.22,29.7,0.2122,0.0813,3.59,0.291,0.0176,102.8,4.296,0.51,24.19,yellowfin
2019-03-05,2019,3,64,5.93,163.09,32.08,0.2366,0.1775,3.28,0.309,0.0154,114.2,4.42,0.2257,15.32,yellowfin
2019-03-05,2019,3,64,3.57,155.91,32.9,0.3271,0.1606,3.48,0.303,0.0315,50.5,4.888,0.1597,18.28,yellowfin
2019-03-05,2019,3,64,16.36,141.56,27.91,0.3071,-0.0138,4.05,0.226,0.0231,162.4,4.423,0.7,20.03,yellowfin
2019-03-12,2019,3,71,25.98,146.08,25.25,0.4991,-0.0848,4.68,0.131,0.0307,67.9,4.447,0.5004,22.17,yellowfin
2019-03-12,2019,3,71,26.51,145.59,23.6,0.4822,-0.084,4.67,0.172,0.0435,104.4,4.072,0.238,21.34,yellowfin
2019-03-18,2019,3,77,22.96,135.9,26.02,0.4171,-0.0209,4.91,0.118,0.0445,132.8,4.86,0.6003,32.65,yellowfin
2019-03-18,2019,3,77,0.63,170.87,30.87,0.5102,0.0788,3.46,0.348,0.0144,106.1,4.39,0.4821,15.22,yellowfin
2019-03-20,2019,3,79,26.21,134.56,24.4,0.4666,0.0542,4.46,0.189,0.0327,102.7,4.054,0.3522,27.52,yellowfin
2019-03-21,2019,3,80,25.99,120.81,25.18,0.653,-0.1684,4.69,0.234,0.0307,67.6,4.441,0.5168,15.32,yellowfin
2019-03-25,2019,3,84,8.73,151.42,30.13,0.2224,0.2017,3.07,0.306,0.0238,88.1,3.745,0.4682,19.87,yellowfin
2019-04-01,2019,4,91,1.34,127.38,30.92,0.5101,-0.0451,3.98,0.435,0.0176,76.1,5.056,0.4732,26.85,yellowfin
2019-04-03,2019,4,93,16.35,137.77,27.2,0.2968,0.0761,4.78,0.445,0.0272,161.5,5.032,0.6652,36.57,yellowfin
2019-04-06,2019,4,96,14.41,161.95,27.15,0.2441,0.0074,5.2,0.382,0.0219,183.4,5.457,0.6169,30.79,yellowfin
2019-04-08,2019,4,98,6.03,171.14,30.27,0.4376,-0.0149,4.41,0.341,0.0112,60.5,5.419,0.564,22.73,yellowfin
2019-04-10,2019,4,100,23.19,156.95,25.72,0.4255,-0.1482,4.72,0.103,0.0311,154.9,4.601,0.5583,30.89,yellowfin
2019-04-10,2019,4,100,29.82,133.25,21.8,0.6271,-0.1119,5.54,0.436,0.0342,75.8,4.391,0.0762,25.58,yellowfin
2019-04-11,2019,4,101,1.76,127.87,31.95,0.4967,-0.1731,3.68,0.265,0.0117,61.2,4.924,0.3022,24.57,yellowfin
2019-04-16,2019,4,106,7.24,163.47,29.27,0.2692,0.0408,3.43,0.303,0.0316,78.2,4.01,0.6048,26.61,yellowfin
2019-04-17,2019,4,107,0.33,151.34,29.16,0.4292,0.0928,4.09,0.212,0.0146,76.9,4.757,0.7115,24.21,yellowfin
2019-04-17,2019,4,107,5.5,172.71,30.97,0.3913,0.0195,3.85,0.319,0.0174,74.4,4.904,0.4339,23.12,yellowfin
2019-04-18,2019,4,108,20.18,159.77,26.93,0.387,0.0902,4.65,0.225,0.0313,133.8,4.822,0.7001,33.74,yellowfin
2019-04-19,2019,4,109,13.62,169.6,26.64,0.2381,-0.0326,4.11,0.243,0.0378,156.2,4.201,0.5696,30.94,yellowfin
2019-04-21,2019,4,111,0.89,120.41,30.0,0.5027,0.1007,3.64,0.319,0.0243,67.5,4.419,0.6266,21.54,yellowfin
2019-04-21,2019,4,111,21.0,125.89,25.43,0.5309,-0.092,4.76,0.244,0.0308,140.5,4.573,0.5386,31.84,yellowfin
2019-04-21,2019,4,111,4.75,166.73,31.2,0.2768,0.1005,4.17,0.322,0.0674,60.7,5.374,0.3564,32.89,yellowfin
2019-04-21,2019,4,111,26.64,166.37,25.57,0.5149,-0.1382,4.72,0.163,0.0567,66.5,4.563,0.5597,33.36,yellowfin
2019-04-24,2019,4,114,27.89,132.8,24.43,0.5171,-0.0573,5.28,0.292,0.0735,116.2,4.811,0.3648,43.64,yellowfin
2019-04-26,2019,4,116,10.66,133.41,26.73,0.2283,0.1127,3.83,0.297,0.0231,171.7,3.931,0.5689,42.88,yellowfin
2019-04-26,2019,4,116,33.49,152.31,21.38,0.6977,0.1033,4.93,0.324,0.01,141.0,3.821,0.0555,16.41,yellowfin
2019-04-28,2019,4,118,7.74,140.3,30.45,0.236,0.1056,3.2,0.448,0.0208,88.8,3.97,0.4372,18.57,yellowfin
2019-05-02,2019,5,122,31.4,170.07,22.83,0.7566,-0.1686,4.91,0.27,0.0107,65.4,4.11,0.1638,30.43,yellowfin
2019-05-03,2019,5,123,5.75,127.29,30.97,0.3984,-0.0592,3.73,0.339,0.0156,87.2,4.749,0.4375,46.04,yellowfin
2019-05-04,2019,5,124,31.03,130.32,21.54,0.6043,-0.0151,4.64,0.279,0.0199,65.6,3.625,0.0614,28.11,yellowfin
2019-05-06,2019,5,126,20.63,149.32,24.85,0.4202,-0.1647,5.36,0.17,0.0357,157.9,4.995,0.4134,59.02,yellowfin
2019-05-09,2019,5,129,33.91,144.68,19.56,0.6457,-0.1934,5.65,0.363,0.0141,149.0,3.974,0.0099,36.07,yellowfin
2019-05-11,2019,5,131,17.38,151.15,25.98,0.3357,0.0684,4.64,0.361,0.0213,178.4,4.584,0.5589,43.97,yellowfin
2019-05-12,2019,5,132,5.84,121.25,30.64,0.4152,0.1418,3.55,0.375,0.0249,67.4,4.446,0.496,40.79,yellowfin
2019-05-12,2019,5,132,13.73,143.55,26.48,0.2656,0.0069,4.31,0.571,0.0201,160.9,4.364,0.5758,67.88,yellowfin
2019-05-13,2019,5,133,24.55,123.35,23.51,0.5966,-0.0023,4.74,0.279,0.0546,84.5,4.118,0.2363,57.68,yellowfin
2019-05-14,2019,5,134,3.26,124.02,29.53,0.4609,-0.0466,4.2,0.43,0.0119,72.7,4.98,0.6808,51.01,yellowfin
2019-05-19,2019,5,139,0.24,138.95,27.77,0.3477,0.0616,4.58,0.216,0.0224,82.6,4.957,0.7262,68.0,yellowfin
2019-05-22,2019,5,142,14.91,132.97,27.08,0.2767,0.0478,4.06,0.337,0.02,190.7,4.251,0.6413,54.52,yellowfin
2019-05-25,2019,5,145,5.72,140.42,30.97,0.2364,0.0561,3.36,0.392,0.0116,68.6,4.28,0.3669,35.89,yellowfin
2019-05-25,2019,5,145,17.12,127.79,26.72,0.4508,-0.0054,4.25,0.334,0.0409,186.0,4.357,0.7065,74.39,yellowfin
2019-05-26,2019,5,146,2.66,156.11,29.63,0.3579,0.1847,4.33,0.324,0.0204,74.3,5.158,0.622,45.46,yellowfin
2019-06-01,2019,6,152,11.87,158.71,27.8,0.1898,0.0543,3.75,0.275,0.0213,132.9,4.069,0.5813,44.57,yellowfin
2019-06-02,2019,6,153,28.37,121.06,20.34,0.7415,-0.0891,5.92,0.179,0.0314,64.8,4.342,0.0221,38.93,yellowfin
2019-06-07,2019,6,158,3.33,120.03,29.32,0.4358,0.1135,4.51,0.274,0.0261,106.6,5.291,0.6962,62.12,yellowfin
2019-06-08,2019,6,159,14.86,169.96,25.57,0.2299,0.0882,4.65,0.351,0.0346,169.3,4.494,0.436,54.43,yellowfin
2019-06-08,2019,6,159,23.89,155.35,22.59,0.4088,0.0729,5.09,0.149,0.0367,84.7,4.21,0.1224,41.77,yellowfin
2019-06-10,2019,6,161,33.94,146.11,19.2,0.6205,0.035,5.24,0.313,0.0102,95.2,3.612,0.0067,14.5,yellowfin
2019-06-13,2019,6,164,4.4,125.04,28.89,0.4094,0.029,4.09,0.315,0.0103,90.5,4.693,0.7266,50.45,yellowfin
2019-06-13,2019,6,164,7.54,160.99,28.53,0.2302,-0.0572,4.17,0.327,0.0105,102.8,4.694,0.6201,43.55,yellowfin
2019-06-15,2019,6,166,24.22,146.45,23.72,0.4304,0.0005,4.65,0.124,0.0405,93.4,4.082,0.2468,39.59,yellowfin
2019-06-18,2019,6,169,31.14,169.97,21.1,0.5525,0.007,5.03,0.267,0.0211,80.1,3.841,0.0418,25.15,yellowfin
2019-06-18,2019,6,169,22.23,153.51,25.36,0.3955,0.0047,4.6,0.241,0.0364,254.7,4.396,0.4895,93.4,yellowfin
2019-06-18,2019,6,169,13.24,162.39,27.47,0.2451,0.0664,4.31,0.359,0.041,136.8,4.604,0.6352,59.68,yellowfin
2019-06-21,2019,6,172,25.4,158.45,22.44,0.4417,-0.0837,5.26,0.233,0.0359,92.8,4.313,0.1132,44.78,yellowfin
2019-06-23,2019,6,174,27.27,174.82,19.56,0.6242,-0.0107,5.97,0.207,0.0461,56.2,4.195,0.0099,32.74,yellowfin
2019-06-27,2019,6,178,0.77,173.95,26.68,0.529,0.0598,4.35,0.247,0.0169,71.9,4.458,0.7295,46.43,yellowfin
2019-07-02,2019,7,183,20.93,143.6,23.48,0.3563,-0.0731,5.22,0.203,0.0307,128.1,4.526,0.205,69.29,yellowfin
2019-07-02,2019,7,183,15.77,140.32,26.96,0.2324,-0.0194,4.49,0.347,0.0204,211.5,4.663,0.5922,69.65,yellowfin
2019-07-03,2019,7,184,25.59,163.06,19.83,0.4327,0.0016,5.61,0.201,0.0498,69.1,3.999,0.012,50.22,yellowfin
2019-07-03,2019,7,184,5.87,142.06,28.34,0.258,0.0197,3.9,0.302,0.011,82.9,4.352,0.6542,37.22,yellowfin
2019-07-04,2019,7,185,1.59,163.47,26.4,0.3245,0.008,4.72,0.385,0.0128,105.0,4.765,0.6079,49.5,yellowfin
2019-07-04,2019,7,185,34.9,168.36,15.77,0.6609,-0.0466,5.95,0.309,0.0212,99.1,3.396,0.0001,21.8,yellowfin
2019-07-08,2019,7,189,8.77,144.9,27.96,0.1593,0.0167,4.07,0.376,0.0157,118.6,4.457,0.5389,50.3,yellowfin
2019-07-09,2019,7,190,4.68,172.86,29.35,0.3828,0.0922,4.47,0.348,0.0142,60.6,5.246,0.6689,79.4,yellowfin
2019-07-09,2019,7,190,34.92,170.4,15.0,0.7964,-0.001,5.98,0.349,0.0163,123.5,3.268,0.0,29.59,yellowfin
2019-07-10,2019,7,191,5.28,159.26,28.39,0.2153,-0.0283,3.35,0.317,0.0101,99.9,3.741,0.6086,26.61,yellowfin
2019-07-10,2019,7,191,0.85,171.78,26.68,0.4762,-0.0746,5.01,0.32,0.0155,66.5,5.128,0.7125,39.87,yellowfin
2019-07-12,2019,7,193,15.21,127.25,27.02,0.3711,0.0304,4.5,0.24,0.0229,187.5,4.692,0.6997,67.61,yellowfin
2019-07-13,2019,7,194,1.81,171.32,26.32,0.4785,-0.0624,4.81,0.238,0.0146,77.7,4.833,0.6657,40.23,yellowfin
2019-07-14,2019,7,195,20.99,171.22,22.62,0.5325,0.0153,5.22,0.237,0.0452,150.6,4.325,0.1335,53.66,yellowfin
2019-07-15,2019,7,196,2.58,173.71,27.88,0.4021,0.0432,3.76,0.314,0.0203,70.6,4.093,0.7594,44.33,yellowfin
2019-07-16,2019,7,197,5.92,134.33,26.01,0.2201,0.1957,4.64,0.342,0.013,120.4,4.589,0.4841,45.55,yellowfin
2019-07-19,2019,7,200,18.43,134.9,24.95,0.2851,-0.0549,4.49,0.401,0.0421,170.3,4.199,0.3816,56.38,yellowfin
2019-07-20,2019,7,201,0.88,134.43,25.9,0.2971,-0.0056,4.68,0.364,0.0182,63.1,4.61,0.5261,51.81,yellowfin
2019-07-21,2019,7,202,19.08,166.7,25.99,0.3298,0.0468,4.76,0.275,0.0342,144.5,4.708,0.5571,79.48,yellowfin
2019-07-22,2019,7,203,14.57,171.55,25.21,0.3699,-0.1031,4.3,0.372,0.0227,161.4,4.084,0.4561,41.24,yellowfin
2019-07-23,2019,7,204,24.91,125.65,20.4,0.5836,-0.1019,4.85,0.13,0.0342,78.2,3.566,0.0225,29.29,yellowfin
2019-07-23,2019,7,204,9.57,120.16,27.82,0.2964,0.1798,4.57,0.306,0.0372,176.7,4.961,0.6906,58.89,yellowfin
2019-07-26,2019,7,207,18.62,123.01,25.17,0.4789,-0.1456,4.47,0.52,0.0409,202.4,4.239,0.4822,74.78,yellowfin
2019-07-27,2019,7,208,21.06,121.69,24.93,0.5039,-0.0107,4.59,0.227,0.033,128.7,4.291,0.4468,51.03,yellowfin
2019-07-28,2019,7,209,26.64,163.23,20.57,0.474,-0.1414,5.68,0.244,0.0473,68.5,4.215,0.0252,38.39,yellowfin
2019-07-28,2019,7,209,7.5,161.9,29.32,0.1649,-0.0975,4.01,0.416,0.011,104.8,4.696,0.4915,47.31,yellowfin
2019-08-01,2019,8,213,12.26,159.53,26.99,0.1556,-0.1585,4.09,0.614,0.0212,137.9,4.256,0.5004,53.92,yellowfin
2019-08-03,2019,8,215,14.55,122.29,25.39,0.3501,0.1438,5.21,0.267,0.0212,153.7,4.99,0.4772,66.24,yellowfin
2019-08-03,2019,8,215,0.55,150.67,26.49,0.3025,-0.046,4.32,0.232,0.0114,70.7,4.381,0.6038,39.26,yellowfin
2019-08-05,2019,8,217,4.73,158.14,28.07,0.2702,0.0778,4.0,0.754,0.0103,73.2,4.395,0.6698,34.39,yellowfin
2019-08-05,2019,8,217,33.35,151.65,17.45,0.5807,0.0171,5.85,0.365,0.0256,80.0,3.663,0.0008,28.83,yellowfin
2019-08-08,2019,8,220,5.95,172.43,28.01,0.3637,0.0282,3.59,0.543,0.0538,63.3,3.939,0.7385,44.75,yellowfin
2019-08-09,2019,8,221,9.02,152.23,26.41,0.1283,-0.0191,3.66,0.316,0.0504,97.1,3.701,0.4147,46.89,yellowfin
2019-08-09,2019,8,221,18.54,163.82,25.83,0.331,-0.0337,4.32,0.295,0.0236,143.3,4.238,0.5352,38.01,yellowfin
2019-08-10,2019,8,222,33.33,153.83,17.67,0.6042,-0.0055,5.85,0.426,0.0103,84.9,3.712,0.0011,22.67,yellowfin
2019-08-12,2019,8,224,23.4,166.75,22.14,0.408,-0.1177,5.67,0.224,0.0351,92.9,4.575,0.0895,31.32,yellowfin
2019-08-13,2019,8,225,23.78,131.78,21.4,0.4238,-0.0098,4.42,0.122,0.0773,103.4,3.426,0.0505,38.97,yellowfin
2019-08-13,2019,8,225,24.16,151.64,21.62,0.4152,-0.0612,5.12,0.321,0.0387,83.9,4.023,0.0602,42.96,yellowfin
2019-08-16,2019,8,228,16.38,137.99,25.17,0.2506,0.1754,4.75,0.2,0.0208,150.7,4.502,0.3944,66.97,yellowfin
2019-08-18,2019,8,230,31.72,173.72,18.04,0.7774,-0.0108,5.84,0.356,0.0152,71.1,3.777,0.0018,22.94,yellowfin
2019-08-23,2019,8,235,8.55,170.2,27.47,0.2853,0.0335,4.52,0.626,0.0154,87.1,4.816,0.671,52.1,yellowfin
2019-08-24,2019,8,236,29.2,148.79,18.17,0.5283,-0.1552,6.05,0.237,0.0392,64.8,3.94,0.0019,43.37,yellowfin
2019-08-25,2019,8,237,15.42,165.96,25.72,0.2369,0.0528,4.5,0.376,0.0256,180.0,4.384,0.4607,72.04,yellowfin
2019-08-25,2019,8,237,25.25,172.63,21.07,0.5872,-0.0397,5.05,0.342,0.0392,111.0,3.851,0.0414,34.05,yellowfin
2019-08-27,2019,8,239,26.17,145.18,19.19,0.4562,-0.1488,5.65,0.164,0.0418,60.3,3.893,0.0061,43.44,yellowfin
2019-08-27,2019,8,239,4.22,169.29,28.28,0.2466,-0.0268,4.7,0.366,0.0278,87.3,5.224,0.6447,44.14,yellowfin
2019-08-27,2019,8,239,32.18,166.2,17.66,0.5867,-0.0517,5.79,0.293,0.0303,104.6,3.672,0.001,29.71,yellowfin
2019-09-02,2019,9,245,4.08,153.89,28.45,0.2467,-0.0998,3.89,0.382,0.0143,107.0,4.363,0.6397,27.35,yellowfin
2019-09-04,2019,9,247,12.82,128.71,26.34,0.3479,0.0853,4.56,0.291,0.0393,148.4,4.594,0.6136,61.41,yellowfin
2019-09-04,2019,9,247,6.83,155.04,29.17,0.1841,0.0251,4.06,0.304,0.0508,75.3,4.726,0.5278,57.21,yellowfin
2019-09-04,2019,9,247,21.56,156.26,23.36,0.3436,-0.0638,5.57,0.184,0.0382,139.9,4.802,0.1894,49.2,yellowfin
2019-09-05,2019,9,248,28.42,134.56,19.98,0.5018,0.0044,5.92,0.204,0.0354,57.7,4.254,0.0144,43.67,yellowfin
2019-09-07,2019,9,250,1.61,139.37,28.23,0.3173,0.1277,4.25,0.362,0.0197,89.6,4.712,0.7056,45.12,yellowfin
2019-09-08,2019,9,251,16.06,151.28,25.75,0.2433,-0.0817,4.78,0.217,0.0293,155.6,4.669,0.4691,59.69,yellowfin
2019-09-09,2019,9,252,31.12,123.68,18.03,0.7421,-0.0743,5.35,0.311,0.031,79.9,3.461,0.0017,29.61,yellowfin
2019-09-10,2019,9,253,30.35,140.06,18.46,0.6061,-0.022,5.62,0.462,0.025,150.2,3.718,0.0028,30.11,yellowfin
2019-09-10,2019,9,253,19.93,133.21,23.11,0.3689,-0.0151,5.02,0.159,0.0575,146.6,4.267,0.1669,66.51,yellowfin
2019-09-12,2019,9,255,3.21,130.09,28.56,0.2329,-0.057,3.98,0.413,0.0105,60.8,4.491,0.6214,31.8,yellowfin
2019-09-12,2019,9,255,12.98,173.37,26.03,0.3267,-0.0275,5.02,0.289,0.02,150.7,4.972,0.5602,50.31,yellowfin
2019-09-15,2019,9,258,11.12,125.73,28.37,0.3033,-0.0273,4.17,0.381,0.0205,117.9,4.659,0.6914,57.69,yellowfin
2019-09-17,2019,9,260,15.27,151.85,27.02,0.2092,-0.0073,4.55,0.261,0.047,177.6,4.742,0.572,86.11,yellowfin
2019-09-18,2019,9,261,1.36,155.96,26.2,0.2982,0.0573,4.6,0.283,0.0129,80.3,4.597,0.5667,62.87,yellowfin
2019-09-19,2019,9,262,21.96,152.13,24.25,0.3756,-0.063,5.19,0.11,0.044,132.2,4.688,0.309,62.7,yellowfin
2019-09-20,2019,9,263,34.4,142.65,16.56,0.5911,-0.0043,6.21,0.442,0.0114,119.6,3.701,0.0002,25.81,yellowfin
2019-09-21,2019,9,264,31.37,121.44,19.71,0.6998,-0.1523,5.01,0.763,0.0269,84.1,3.554,0.0117,25.12,yellowfin
2019-09-23,2019,9,266,14.0,156.77,26.24,0.3076,0.0052,3.84,0.289,0.023,183.6,3.847,0.5779,57.4,yellowfin
2019-09-24,2019,9,267,20.64,162.56,23.77,0.3214,-0.068,4.87,0.113,0.0379,301.6,4.285,0.2328,54.35,yellowfin
2019-09-26,2019,9,269,0.69,123.25,25.67,0.4517,-0.0412,5.27,0.319,0.0125,101.3,5.122,0.5579,63.76,yellowfin
2019-09-27,2019,9,270,9.3,147.72,28.64,0.1352,-0.0112,4.05,0.33,0.0204,91.5,4.591,0.486,38.49,yellowfin
2019-09-28,2019,9,271,8.31,128.28,27.06,0.2916,0.0292,4.17,0.349,0.0115,89.1,4.359,0.6509,40.62,yellowfin
2019-10-02,2019,10,275,13.81,160.58,25.4,0.1749,0.0632,4.69,0.255,0.0415,194.4,4.493,0.3682,31.28,yellowfin
2019-10-04,2019,10,277,19.17,158.28,24.56,0.358,0.0272,4.39,0.157,0.0207,141.0,4.028,0.3503,23.54,yellowfin
2019-10-05,2019,10,278,18.78,173.1,25.62,0.4547,0.052,4.6,0.138,0.0226,151.7,4.459,0.5516,19.17,yellowfin
2019-10-08,2019,10,281,12.2,152.06,27.16,0.1856,0.0507,3.58,0.303,0.021,220.2,3.758,0.5526,34.3,yellowfin
2019-10-08,2019,10,281,14.65,140.16,27.32,0.2085,0.0436,3.71,0.286,0.0281,164.1,3.93,0.5891,30.06,yellowfin
2019-10-12,2019,10,285,20.47,127.04,25.63,0.465,0.0579,4.09,0.112,0.0377,162.2,3.965,0.5562,38.83,yellowfin
2019-10-14,2019,10,287,24.63,128.89,21.62,0.5422,-0.1333,5.29,0.187,0.0314,84.0,4.154,0.0641,18.04,yellowfin
2019-10-14,2019,10,287,24.99,174.85,21.62,0.5735,-0.0687,5.5,0.203,0.0435,176.2,4.319,0.0648,33.07,yellowfin
2019-10-16,2019,10,289,2.39,156.08,29.51,0.2661,0.1368,4.23,0.32,0.0164,83.6,5.009,0.5782,22.98,yellowfin
2019-10-18,2019,10,291,9.73,172.75,26.63,0.2845,0.1536,4.55,0.358,0.0389,108.4,4.652,0.6067,37.09,yellowfin
2019-10-18,2019,10,291,16.02,121.11,26.95,0.3871,0.1082,4.62,0.375,0.0236,188.1,4.798,0.702,23.59,yellowfin
2019-10-19,2019,10,292,34.72,174.97,18.3,0.7635,0.0346,5.52,0.429,0.0246,134.2,3.625,0.0024,15.27,yellowfin
2019-10-23,2019,10,296,16.63,155.11,25.92,0.2665,0.1215,4.79,0.216,0.0382,153.8,4.715,0.5085,36.87,yellowfin
2019-10-24,2019,10,297,6.57,152.68,28.83,0.2,-0.06,3.67,0.363,0.019,76.3,4.192,0.5709,22.49,yellowfin
2019-10-24,2019,10,297,10.09,157.54,28.71,0.1272,-0.0521,3.35,0.291,0.0292,177.8,3.812,0.4688,31.35,yellowfin
2019-10-24,2019,10,297,25.34,138.66,22.48,0.4461,0.0497,5.27,0.212,0.0326,85.6,4.33,0.1164,29.74,yellowfin
2019-10-28,2019,10,301,33.11,133.94,20.15,0.5955,-0.0235,5.95,0.284,0.0199,118.3,4.316,0.0178,13.54,yellowfin
2019-11-04,2019,11,308,20.1,128.56,25.61,0.4802,0.0604,4.6,0.2,0.0302,152.3,4.461,0.556,26.81,yellowfin
2019-11-05,2019,11,309,17.79,146.92,26.17,0.3163,0.0539,4.41,0.275,0.0267,177.7,4.396,0.5736,22.21,yellowfin
2019-11-06,2019,11,310,26.47,137.68,22.43,0.4366,-0.0697,5.24,0.134,0.0313,65.7,4.293,0.1114,21.59,yellowfin
2019-11-06,2019,11,310,33.04,125.17,19.31,0.731,-0.061,5.63,0.277,0.016,292.0,3.904,0.0077,14.46,yellowfin
2019-11-06,2019,11,310,28.69,121.77,21.4,0.7476,0.0463,5.54,0.192,0.0311,57.9,4.297,0.0571,15.56,yellowfin
2019-11-09,2019,11,313,18.27,159.2,26.35,0.3225,-0.0272,4.06,0.182,0.0249,168.0,4.091,0.6007,25.6,yellowfin
2019-11-09,2019,11,313,6.02,141.22,30.95,0.2296,0.0663,3.57,0.324,0.0101,100.5,4.547,0.3659,13.61,yellowfin
2019-11-13,2019,11,317,26.71,163.12,24.57,0.4577,-0.0079,5.39,0.19,0.0361,62.8,4.943,0.3763,22.95,yellowfin
2019-11-14,2019,11,318,11.21,140.26,28.07,0.1902,0.1081,3.4,0.306,0.0541,192.9,3.737,0.5831,39.14,yellowfin
2019-11-21,2019,11,325,6.99,148.9,28.92,0.228,0.0452,3.62,0.316,0.0295,123.5,4.156,0.5962,19.47,yellowfin
2019-11-21,2019,11,325,33.14,155.86,19.76,0.581,0.0618,5.53,0.309,0.011,148.9,3.926,0.0119,13.64,yellowfin
2019-11-22,2019,11,326,24.48,151.24,23.19,0.4371,-0.2068,4.91,0.147,0.0608,90.5,4.188,0.1835,31.33,yellowfin
2019-11-22,2019,11,326,27.93,161.06,22.46,0.4752,-0.0427,4.83,0.266,0.032,90.0,3.966,0.1163,16.03,yellowfin
2019-11-25,2019,11,329,18.58,173.71,26.59,0.4535,-0.1068,3.96,0.135,0.0575,156.1,4.036,0.6928,28.23,yellowfin
2019-11-25,2019,11,329,1.44,127.99,30.16,0.4559,-0.0273,3.93,0.24,0.0419,78.4,4.803,0.5862,30.07,yellowfin
2019-11-28,2019,11,332,13.17,151.94,26.72,0.2027,0.0587,4.31,0.337,0.0227,156.1,4.42,0.5408,36.41,yellowfin
2019-12-02,2019,12,336,14.64,146.08,28.35,0.2028,-0.0855,3.78,0.229,0.0273,148.1,4.216,0.5947,33.05,yellowfin
2019-12-06,2019,12,340,31.92,163.97,22.54,0.557,-0.0219,4.99,0.419,0.0153,217.4,4.112,0.1275,15.29,yellowfin
2019-12-06,2019,12,340,19.15,144.67,26.56,0.4432,0.0824,4.17,0.14,0.038,181.4,4.245,0.685,41.86,yellowfin
2019-12-12,2019,12,346,2.34,152.61,30.03,0.2457,0.0092,4.11,0.305,0.0198,105.6,4.991,0.5007,27.92,yellowfin
2019-12-15,2019,12,349,26.46,166.74,23.23,0.47,0.0079,5.28,0.227,0.0603,156.1,4.519,0.1907,16.04,yellowfin
2019-12-15,2019,12,349,5.51,144.74,31.91,0.2148,-0.0524,3.38,0.394,0.0144,143.3,4.52,0.2359,12.97,yellowfin
2019-12-17,2019,12,351,4.97,148.96,31.08,0.2096,-0.0769,3.6,0.354,0.016,67.3,4.612,0.3364,19.35,yellowfin
2019-12-19,2019,12,353,24.7,136.6,23.87,0.4031,0.0103,5.1,0.198,0.0433,77.8,4.512,0.2614,28.63,yellowfin
2019-12-24,2019,12,358,20.91,155.76,26.0,0.3428,0.0379,4.37,0.409,0.0606,128.2,4.319,0.565,27.3,yellowfin
2020-01-01,2020,1,1,30.23,148.25,25.49,0.5299,-0.0397,5.17,0.262,0.0388,85.9,4.977,0.5482,24.62,yellowfin
2020-01-01,2020,1,1,13.53,168.51,28.27,0.1976,0.1242,4.26,0.292,0.0278,168.9,4.738,0.5901,25.91,yellowfin
2020-01-02,2020,1,2,18.37,153.82,25.93,0.3616,-0.0269,4.78,0.197,0.0221,164.7,4.709,0.5643,33.18,yellowfin
2020-01-03,2020,1,3,13.18,140.91,27.19,0.2007,-0.0456,3.91,0.261,0.0326,160.5,4.107,0.5725,23.74,yellowfin
2020-01-04,2020,1,4,14.45,126.91,27.37,0.3962,0.0538,4.61,0.384,0.0533,164.1,4.892,0.7382,44.39,yellowfin
2020-01-05,2020,1,5,22.94,166.98,25.15,0.3765,0.0137,4.49,0.169,0.0324,149.5,4.245,0.4488,23.02,yellowfin
2020-01-06,2020,1,6,24.32,167.34,24.59,0.4017,-0.2385,4.65,0.15,0.0493,112.2,4.271,0.3679,23.0,yellowfin
2020-01-07,2020,1,7,7.96,166.35,29.87,0.1781,0.1275,3.77,0.344,0.0171,111.7,4.549,0.4559,14.07,yellowfin
2020-01-08,2020,1,8,32.6,157.91,24.3,0.5657,-0.0813,4.72,0.351,0.0132,73.7,4.267,0.3499,17.7,yellowfin
2020-01-08,2020,1,8,18.81,138.43,25.8,0.4059,0.0047,4.64,0.193,0.0357,177.7,4.54,0.5624,31.7,yellowfin
2020-01-15,2020,1,15,34.62,128.26,23.23,0.78,-0.134,5.02,0.351,0.0189,118.9,4.293,0.2113,17.95,yellowfin
2020-01-20,2020,1,20,4.08,166.24,31.03,0.2299,0.1016,4.14,0.36,0.0131,83.1,5.285,0.3559,19.79,yellowfin
2020-01-25,2020,1,25,28.66,145.05,23.67,0.5254,-0.0242,4.76,0.203,0.0302,122.6,4.168,0.2519,23.0,yellowfin
2020-02-01,2020,2,32,26.03,121.27,24.24,0.7349,0.0116,4.64,0.163,0.063,66.3,4.189,0.3573,31.79,yellowfin
2020-02-04,2020,2,35,18.66,129.79,27.42,0.447,-0.0249,4.27,0.29,0.0279,157.1,4.541,0.7655,37.17,yellowfin
2020-02-06,2020,2,37,34.27,125.39,22.78,0.7934,-0.0629,4.8,0.328,0.0167,115.3,4.009,0.1594,17.09,yellowfin
2020-02-09,2020,2,40,32.51,165.79,24.14,0.6513,-0.021,4.76,0.259,0.0207,110.5,4.268,0.3344,15.55,yellowfin
2020-02-11,2020,2,42,34.72,132.95,24.32,0.6497,-0.0893,4.45,0.323,0.0107,155.7,4.029,0.3635,16.95,yellowfin
2020-02-13,2020,2,44,14.41,137.17,27.1,0.2374,0.1344,3.78,0.429,0.0238,183.6,3.958,0.6073,31.86,yellowfin
2020-02-14,2020,2,45,0.31,133.34,32.62,0.359,0.1655,3.64,0.215,0.0166,69.7,5.03,0.194,13.09,yellowfin
2020-02-22,2020,2,53,29.42,141.81,24.89,0.5429,-0.108,4.58,0.271,0.0522,52.4,4.278,0.4468,33.46,yellowfin
2020-02-24,2020,2,55,20.45,160.43,23.93,0.342,0.1121,4.71,0.12,0.0593,132.5,4.181,0.2574,24.58,yellowfin
2020-02-25,2020,2,56,24.18,138.77,25.87,0.4374,-0.1752,4.5,0.13,0.0311,84.3,4.424,0.5852,27.6,yellowfin
2020-02-26,2020,2,57,18.6,152.24,26.08,0.3604,0.0334,4.49,0.177,0.0378,177.1,4.459,0.5846,31.03,yellowfin
2020-03-02,2020,3,62,5.34,128.89,31.44,0.4572,0.1317,3.85,0.326,0.0119,167.8,5.019,0.3744,18.39,yellowfin
2020-03-05,2020,3,65,19.33,147.54,26.17,0.4134,0.0608,4.18,0.196,0.0388,144.7,4.171,0.6206,38.44,yellowfin
2020-03-07,2020,3,67,17.52,149.73,27.22,0.3138,0.1012,4.46,0.418,0.0215,156.4,4.699,0.6791,27.87,yellowfin
2020-03-10,2020,3,70,28.93,124.05,22.7,0.6801,0.0864,5.01,0.182,0.0353,123.7,4.17,0.1473,20.13,yellowfin
2020-03-21,2020,3,81,21.99,125.5,26.17,0.5874,0.0794,4.5,0.251,0.0395,212.6,4.486,0.6748,34.22,yellowfin
2020-03-22,2020,3,82,2.9,128.72,31.2,0.4749,0.0393,3.73,0.262,0.0374,106.3,4.807,0.4186,25.56,yellowfin
2020-03-23,2020,3,83,25.8,125.23,25.56,0.6487,-0.0107,4.51,0.144,0.032,97.3,4.364,0.5846,25.7,yellowfin
2020-03-23,2020,3,83,2.36,148.17,32.04,0.3241,-0.1425,3.09,0.36,0.0208,69.5,4.15,0.2569,16.22,yellowfin
2020-03-24,2020,3,84,4.81,133.09,33.0,0.2551,0.0688,2.98,0.3,0.0126,85.9,4.2,0.1375,14.75,yellowfin
2020-03-25,2020,3,85,28.64,145.09,24.42,0.5561,-0.0939,4.43,0.378,0.0468,88.3,4.03,0.3689,30.07,yellowfin
2020-03-27,2020,3,87,16.87,172.43,25.88,0.4517,-0.0497,4.71,0.463,0.0349,219.1,4.634,0.5918,32.03,yellowfin
2020-04-01,2020,4,92,34.23,146.12,21.3,0.6666,-0.1338,5.27,0.573,0.0148,136.1,4.069,0.0516,16.07,yellowfin
2020-04-04,2020,4,95,14.31,129.77,28.17,0.3966,0.0372,3.96,0.295,0.0256,144.2,4.382,0.7558,34.03,yellowfin
2020-04-05,2020,4,96,34.17,131.09,23.45,0.6601,-0.043,5.44,0.38,0.05,105.7,4.708,0.2333,28.27,yellowfin
2020-04-06,2020,4,97,31.08,164.65,22.79,0.6465,-0.188,5.13,0.499,0.0175,82.0,4.292,0.1556,11.02,yellowfin
2020-04-12,2020,4,103,16.52,152.01,26.14,0.2957,-0.0188,4.69,0.437,0.0203,151.7,4.669,0.5564,31.76,yellowfin
2020-04-12,2020,4,103,0.15,144.56,29.09,0.3771,0.047,4.41,0.248,0.0107,76.8,5.11,0.6926,25.07,yellowfin
2020-04-15,2020,4,106,32.46,152.86,22.52,0.6273,-0.153,4.68,0.265,0.0242,83.7,3.856,0.1288,18.7,yellowfin
2020-04-21,2020,4,112,7.76,130.64,30.92,0.2222,0.1916,3.32,0.404,0.0157,117.5,4.214,0.3656,16.26,yellowfin
2020-04-22,2020,4,113,20.84,170.56,26.32,0.5154,-0.2112,4.43,0.154,0.0373,150.7,4.456,0.6783,32.73,yellowfin
2020-04-25,2020,4,116,7.52,133.27,30.9,0.2102,-0.0297,3.29,0.417,0.0315,90.2,4.177,0.3594,19.08,yellowfin
2020-04-28,2020,4,119,10.33,163.4,31.15,0.2397,0.1068,3.9,0.285,0.0268,114.2,5.018,0.3442,23.62,yellowfin
2020-05-01,2020,5,122,33.55,159.05,20.73,0.6055,-0.0333,5.36,0.456,0.0109,102.4,4.01,0.0308,26.77,yellowfin
2020-05-01,2020,5,122,32.47,134.55,21.87,0.6064,0.0194,4.81,0.312,0.0171,173.1,3.83,0.0801,29.38,yellowfin
2020-05-04,2020,5,125,28.57,159.44,21.64,0.5294,-0.0558,5.56,0.19,0.0308,59.0,4.368,0.0652,42.03,yellowfin
2020-05-04,2020,5,125,28.38,146.5,22.64,0.5507,-0.1557,5.15,0.517,0.0431,63.5,4.271,0.1362,46.29,yellowfin
2020-05-04,2020,5,125,11.96,123.65,26.93,0.3835,0.0315,3.91,0.305,0.0208,128.5,4.059,0.6982,63.22,yellowfin
2020-05-08,2020,5,129,0.68,128.84,28.63,0.5849,-0.0881,4.33,0.218,0.0188,65.5,4.906,0.8107,54.97,yellowfin
2020-05-10,2020,5,131,14.35,158.28,27.47,0.2643,0.1943,4.01,0.252,0.0377,189.8,4.279,0.653,59.98,yellowfin
2020-05-11,2020,5,132,20.26,159.08,26.44,0.352,0.0274,4.77,0.147,0.0574,205.2,4.829,0.6276,126.6,yellowfin
2020-05-11,2020,5,132,6.32,139.37,31.1,0.3186,0.0627,3.22,0.391,0.0124,89.8,4.133,0.3893,40.21,yellowfin
2020-05-12,2020,5,133,34.94,174.15,20.13,0.8036,-0.0975,4.97,0.292,0.0224,168.5,3.602,0.0183,28.69,yellowfin
2020-05-14,2020,5,135,15.33,146.74,26.62,0.2717,0.1729,4.57,0.257,0.0309,153.4,4.67,0.5958,65.14,yellowfin
2020-05-17,2020,5,138,23.59,122.99,23.68,0.5693,-0.0196,5.44,0.311,0.0389,111.0,4.766,0.2576,41.2,yellowfin
2020-05-18,2020,5,139,27.54,143.81,22.01,0.5193,-0.1307,5.57,0.193,0.0554,81.4,4.465,0.0859,51.37,yellowfin
2020-05-19,2020,5,140,24.08,173.69,22.87,0.7372,-0.0194,5.21,0.383,0.0397,98.0,4.372,0.1678,59.43,yellowfin
2020-05-19,2020,5,140,16.87,151.48,26.49,0.3328,0.0052,4.66,0.197,0.0301,168.6,4.728,0.6234,57.85,yellowfin
2020-05-20,2020,5,141,21.36,144.42,25.09,0.3704,0.0346,4.78,0.308,0.0448,126.9,4.503,0.4366,93.48,yellowfin
2020-05-22,2020,5,143,25.4,151.18,24.0,0.4848,-0.0876,4.78,0.197,0.0353,118.4,4.259,0.293,52.73,yellowfin
2020-05-22,2020,5,143,17.39,146.36,25.59,0.3395,0.0186,4.23,0.247,0.0402,156.0,4.1,0.5038,68.64,yellowfin
2020-05-22,2020,5,143,12.15,145.07,27.67,0.2145,0.0489,3.57,0.29,0.0417,232.7,3.852,0.6092,85.09,yellowfin
2020-05-27,2020,5,148,29.63,141.96,22.39,0.6193,-0.0503,5.12,0.22,0.0336,71.2,4.188,0.1171,43.42,yellowfin
2020-06-01,2020,6,153,17.58,173.41,25.74,0.4665,0.0742,4.47,0.32,0.0556,153.2,4.365,0.5739,66.01,yellowfin
2020-06-03,2020,6,155,29.44,174.51,19.78,0.7603,-0.0908,5.4,0.205,0.0339,92.1,3.841,0.0127,33.48,yellowfin
2020-06-05,2020,6,157,12.25,159.45,27.36,0.2361,0.0053,3.89,0.356,0.0254,145.8,4.125,0.6208,49.13,yellowfin
2020-06-06,2020,6,158,30.22,123.12,20.15,0.7016,-0.0968,5.57,0.405,0.0129,88.5,4.042,0.0183,28.49,yellowfin
2020-06-07,2020,6,159,30.34,139.03,19.33,0.5423,-0.1857,5.83,0.34,0.0147,66.2,4.05,0.0075,24.5,yellowfin
2020-06-07,2020,6,159,11.87,123.58,29.04,0.3688,0.1117,4.03,0.276,0.0321,187.4,4.659,0.6935,59.26,yellowfin
2020-06-08,2020,6,160,1.09,157.97,28.94,0.3651,-0.1081,4.53,0.245,0.0113,82.2,5.212,0.6994,53.13,yellowfin
2020-06-09,2020,6,161,32.08,152.95,19.26,0.6127,-0.0938,5.51,0.255,0.024,100.3,3.81,0.0071,27.64,yellowfin
2020-06-09,2020,6,161,31.43,174.73,19.7,0.8226,-0.1566,5.61,0.306,0.0467,191.1,3.97,0.0119,37.4,yellowfin
2020-06-09,2020,6,161,0.08,174.64,28.19,0.499,-0.1678,4.03,0.213,0.0149,75.2,4.461,0.8009,43.8,yellowfin
2020-06-09,2020,6,161,23.06,150.78,24.55,0.4128,0.0155,5.04,0.103,0.0387,112.1,4.619,0.3642,78.37,yellowfin
2020-06-09,2020,6,161,4.84,126.45,29.41,0.3945,0.0495,4.11,0.389,0.0182,53.2,4.836,0.6675,49.46,yellowfin
2020-06-12,2020,6,164,14.22,142.19,27.45,0.2474,0.0677,3.8,0.235,0.0204,157.5,4.052,0.6365,63.14,yellowfin
2020-06-12,2020,6,164,12.27,139.6,25.65,0.1822,0.1316,3.78,0.498,0.0285,148.9,3.667,0.4056,50.6,yellowfin
2020-06-12,2020,6,164,20.4,152.19,24.25,0.3723,0.0495,4.08,0.185,0.0368,142.5,3.678,0.3086,46.47,yellowfin
2020-06-13,2020,6,165,22.26,163.47,23.62,0.4422,0.1131,5.19,0.26,0.0345,114.2,4.527,0.2346,34.79,yellowfin
2020-06-13,2020,6,165,5.72,156.76,29.54,0.2558,0.086,3.63,0.375,0.0156,140.3,4.302,0.5659,43.2,yellowfin
2020-06-15,2020,6,167,9.77,172.75,27.66,0.3297,0.0418,4.57,0.367,0.0136,112.3,4.92,0.7114,46.29,yellowfin
2020-06-17,2020,6,169,31.41,174.21,20.49,0.7336,-0.0992,5.56,0.434,0.026,108.8,4.107,0.0256,33.79,yellowfin
2020-06-20,2020,6,172,0.81,135.33,28.15,0.4077,-0.045,4.08,0.249,0.02,63.3,4.509,0.7618,46.98,yellowfin
2020-06-20,2020,6,172,8.05,155.85,29.75,0.1957,-0.0776,3.5,0.458,0.0238,103.8,4.196,0.4878,46.45,yellowfin
2020-06-22,2020,6,174,14.55,163.35,27.39,0.2498,0.0883,4.61,0.29,0.0415,157.8,4.899,0.636,61.61,yellowfin
2020-06-23,2020,6,175,14.33,150.4,25.78,0.2152,-0.0534,4.22,0.394,0.0231,152.0,4.125,0.4513,50.13,yellowfin
2020-06-23,2020,6,175,11.6,148.64,27.5,0.1947,0.0366,3.55,0.289,0.0271,180.4,3.793,0.5799,51.07,yellowfin
2020-06-24,2020,6,176,22.06,148.65,25.57,0.3988,-0.1031,4.31,0.102,0.071,135.6,4.167,0.5235,60.55,yellowfin
2020-06-25,2020,6,177,13.66,165.51,28.04,0.2391,0.1288,4.28,0.397,0.0343,207.6,4.697,0.6402,55.32,yellowfin
2020-06-27,2020,6,179,13.42,155.66,27.66,0.2245,0.0346,3.78,0.319,0.0257,147.0,4.068,0.6202,44.75,yellowfin
2020-07-02,2020,7,184,11.87,127.44,27.2,0.3266,0.016,4.48,0.308,0.0271,131.0,4.715,0.6865,50.78,yellowfin
2020-07-07,2020,7,189,22.53,172.25,23.09,0.5321,-0.0685,4.8,0.171,0.0406,103.9,4.071,0.18,37.2,yellowfin
2020-07-10,2020,7,192,31.82,149.12,18.33,0.5567,-0.0963,5.27,0.284,0.0143,71.5,3.466,0.0024,12.71,yellowfin
2020-07-11,2020,7,193,30.46,136.82,18.96,0.5436,-0.1152,5.88,0.266,0.0156,57.5,4.004,0.005,28.94,yellowfin
2020-07-16,2020,7,198,9.24,152.7,27.1,0.1482,0.1103,4.21,0.328,0.0136,144.0,4.409,0.4953,36.99,yellowfin
2020-07-20,2020,7,202,6.01,153.67,27.84,0.1932,-0.0177,3.34,0.409,0.0141,205.8,3.637,0.5862,40.82,yellowfin
2020-07-21,2020,7,203,8.57,128.87,27.85,0.2866,0.0035,4.27,0.303,0.0253,89.3,4.649,0.6831,43.47,yellowfin
2020-07-21,2020,7,203,32.5,169.93,17.28,0.5915,-0.0406,5.83,0.562,0.0111,88.5,3.618,0.0006,32.75,yellowfin
2020-07-21,2020,7,203,11.54,171.26,25.79,0.3068,-0.1181,4.82,0.302,0.0258,141.4,4.716,0.516,70.2,yellowfin
2020-07-21,2020,7,203,6.43,129.12,28.61,0.3722,-0.0172,4.03,0.474,0.0137,102.9,4.557,0.7263,44.3,yellowfin
2020-07-25,2020,7,207,27.74,162.67,18.95,0.5092,-0.0912,5.67,0.183,0.0367,62.2,3.855,0.0048,28.3,yellowfin
2020-07-26,2020,7,208,21.79,148.29,23.17,0.3523,-0.0075,5.09,0.173,0.035,122.8,4.34,0.1704,64.2,yellowfin
2020-08-03,2020,8,216,7.5,159.02,28.06,0.1585,0.013,3.42,0.355,0.0105,70.9,3.761,0.5375,30.26,yellowfin
2020-08-04,2020,8,217,32.65,142.76,17.97,0.6673,-0.0516,6.08,0.453,0.0242,139.5,3.915,0.0016,34.7,yellowfin
2020-08-09,2020,8,222,27.56,150.2,19.47,0.5114,-0.0212,5.71,0.22,0.035,62.5,3.995,0.0085,29.96,yellowfin
2020-08-12,2020,8,225,23.89,128.22,21.64,0.5393,0.0097,5.05,0.135,0.0389,94.9,3.971,0.0653,34.47,yellowfin
2020-08-13,2020,8,226,24.94,135.46,22.15,0.4458,-0.0852,5.46,0.117,0.0444,121.2,4.408,0.0919,71.7,yellowfin
2020-08-15,2020,8,228,17.95,160.52,25.42,0.3018,-0.1528,4.71,0.167,0.0531,219.7,4.521,0.4592,68.25,yellowfin
2020-08-21,2020,8,234,15.69,167.45,24.58,0.2616,-0.0602,5.2,0.197,0.0306,180.5,4.772,0.3184,59.77,yellowfin
2020-08-21,2020,8,234,3.77,144.07,26.8,0.2811,0.0221,4.76,0.275,0.0173,128.6,4.903,0.6212,58.1,yellowfin
2020-08-23,2020,8,236,27.08,139.89,20.0,0.4638,-0.1159,5.36,0.176,0.0339,63.0,3.857,0.0145,56.82,yellowfin
2020-08-28,2020,8,241,6.38,127.0,28.15,0.3361,0.1338,4.61,0.373,0.0144,138.6,5.086,0.7201,57.71,yellowfin
2020-09-01,2020,9,245,8.49,140.17,29.68,0.211,-0.1057,3.35,0.344,0.0103,94.4,3.998,0.5108,29.49,yellowfin
2020-09-02,2020,9,246,17.31,126.82,25.58,0.4132,0.137,4.4,0.196,0.0368,156.5,4.257,0.5306,116.43,yellowfin
2020-09-03,2020,9,247,31.74,138.56,18.45,0.5663,-0.091,6.1,0.312,0.0131,117.5,4.037,0.0028,18.25,yellowfin
2020-09-04,2020,9,248,15.79,145.45,25.17,0.2454,-0.0216,4.52,0.223,0.0545,161.5,4.28,0.3924,84.86,yellowfin
2020-09-12,2020,9,256,24.63,174.46,21.99,0.603,-0.2214,5.18,0.164,0.0517,106.7,4.145,0.0872,38.29,yellowfin
2020-09-12,2020,9,256,33.82,152.78,16.24,0.6614,-0.0268,6.32,0.399,0.0327,89.4,3.702,0.0001,24.79,yellowfin
2020-09-14,2020,9,258,27.78,136.51,20.1,0.5057,0.0566,5.43,0.512,0.0302,87.2,3.926,0.0162,38.86,yellowfin
2020-09-15,2020,9,259,33.53,152.21,17.81,0.6423,-0.0199,5.85,0.309,0.0164,117.6,3.737,0.0013,27.2,yellowfin
2020-09-15,2020,9,259,18.38,155.9,24.51,0.289,0.133,4.61,0.215,0.0541,151.9,4.218,0.3209,55.23,yellowfin
2020-09-17,2020,9,261,20.74,146.26,23.67,0.3826,-0.1419,5.05,0.222,0.0319,218.9,4.424,0.2318,50.18,yellowfin
2020-09-18,2020,9,262,23.48,145.01,23.16,0.3883,-0.0458,5.37,0.241,0.0787,105.1,4.58,0.1738,57.62,yellowfin
2020-09-18,2020,9,262,26.06,147.17,21.13,0.4549,-0.0093,5.56,0.171,0.0327,93.7,4.255,0.0411,24.91,yellowfin
2020-09-20,2020,9,264,25.07,148.19,21.23,0.4164,-0.0297,5.33,0.409,0.0368,104.7,4.097,0.0436,72.11,yellowfin
2020-09-21,2020,9,265,4.7,120.53,29.25,0.4303,0.0488,3.97,0.417,0.0223,97.6,4.634,0.7024,47.71,yellowfin
2020-09-24,2020,9,268,15.77,129.06,24.72,0.375,-0.0224,4.59,0.193,0.0229,244.9,4.247,0.3807,62.46,yellowfin
2020-09-26,2020,9,270,32.61,149.17,17.7,0.5628,-0.0205,5.76,0.262,0.0119,131.8,3.659,0.0011,26.64,yellowfin
2020-10-01,2020,10,275,30.64,128.45,19.69,0.7172,-0.0379,5.93,0.445,0.014,104.9,4.2,0.0115,16.81,yellowfin
2020-10-05,2020,10,279,10.0,138.59,27.04,0.1456,0.072,4.18,0.399,0.0227,112.2,4.363,0.4878,25.51,yellowfin
2020-10-05,2020,10,279,11.59,154.41,28.86,0.1365,0.0873,4.19,0.359,0.0756,127.8,4.8,0.4781,47.37,yellowfin
2020-10-07,2020,10,281,29.9,121.9,21.63,0.6518,-0.0506,5.37,0.204,0.0331,59.2,4.215,0.067,15.58,yellowfin
2020-10-10,2020,10,284,14.74,125.52,28.79,0.3687,-0.0798,3.97,0.255,0.0364,174.6,4.533,0.7135,44.23,yellowfin
2020-10-15,2020,10,289,15.15,121.97,26.53,0.421,0.0056,4.63,0.213,0.0201,148.1,4.702,0.6717,17.79,yellowfin
2020-10-16,2020,10,290,19.22,150.23,25.38,0.355,-0.0889,4.3,0.189,0.0353,156.9,4.117,0.4777,23.7,yellowfin
2020-10-19,2020,10,293,27.54,152.05,21.35,0.4593,-0.0275,5.29,0.185,0.0394,75.4,4.096,0.0497,20.98,yellowfin
2020-10-20,2020,10,294,32.36,146.43,19.71,0.6151,-0.0529,5.48,0.368,0.0164,154.7,3.885,0.0115,15.51,yellowfin
2020-10-20,2020,10,294,13.4,129.48,26.96,0.3468,0.0468,4.5,0.28,0.0285,138.1,4.677,0.6806,25.21,yellowfin
2020-10-21,2020,10,295,16.41,128.41,25.87,0.3986,0.1131,4.98,0.175,0.0509,190.5,4.891,0.5709,51.45,yellowfin
2020-10-23,2020,10,297,31.99,170.09,20.17,0.7172,-0.1593,5.08,0.282,0.0149,205.2,3.693,0.0188,11.67,yellowfin
2020-10-24,2020,10,298,33.54,169.67,19.35,0.631,0.0153,5.85,0.69,0.0138,123.7,4.067,0.0078,16.95,yellowfin
2020-10-24,2020,10,298,31.82,171.27,19.8,0.7561,-0.189,5.89,0.513,0.0135,126.3,4.192,0.0131,18.4,yellowfin
2020-10-24,2020,10,298,13.26,165.19,26.26,0.1829,0.0818,4.46,0.247,0.022,150.6,4.475,0.4746,16.94,yellowfin
2020-10-28,2020,10,302,19.45,128.7,24.41,0.5371,-0.1656,4.88,0.135,0.0378,163.6,4.44,0.3639,31.75,yellowfin
2020-11-02,2020,11,307,0.66,147.57,29.51,0.3233,-0.039,4.34,0.334,0.0457,111.1,5.135,0.6182,25.12,yellowfin
2020-11-03,2020,11,308,7.18,164.34,29.05,0.1718,0.0932,4.1,0.456,0.0315,77.1,4.743,0.5209,15.17,yellowfin
2020-11-05,2020,11,310,12.52,146.31,27.68,0.1774,0.1886,3.74,0.808,0.0207,159.0,4.035,0.5621,27.73,yellowfin
2020-11-05,2020,11,310,14.44,154.92,26.52,0.2208,0.13,3.79,0.406,0.0378,153.2,3.849,0.5413,23.56,yellowfin
2020-11-10,2020,11,315,7.07,130.22,29.94,0.1701,0.0061,3.95,0.303,0.0118,72.2,4.782,0.4393,17.21,yellowfin
2020-11-11,2020,11,316,5.24,152.83,30.1,0.2141,-0.065,3.29,0.546,0.0122,53.9,4.012,0.4653,20.39,yellowfin
2020-11-12,2020,11,317,34.88,128.39,18.79,0.7879,-0.0218,6.26,0.449,0.0206,101.1,4.217,0.0044,16.41,yellowfin
2020-11-12,2020,11,317,21.18,161.82,22.53,0.3435,0.1198,5.12,0.128,0.0337,170.2,4.222,0.1117,21.65,yellowfin
2020-11-15,2020,11,320,5.4,159.61,29.98,0.2324,-0.0727,3.96,0.496,0.0168,55.3,4.8,0.4961,17.51,yellowfin
2020-11-17,2020,11,322,0.12,131.7,28.87,0.3437,-0.0169,4.17,0.235,0.015,125.5,4.781,0.6927,26.04,yellowfin
2020-11-21,2020,11,326,25.0,159.34,23.68,0.4589,0.0331,5.05,0.349,0.0384,87.0,4.426,0.2447,25.33,yellowfin
2020-11-22,2020,11,327,6.02,168.96,28.67,0.2221,0.0195,3.88,0.509,0.0109,67.4,4.398,0.605,25.39,yellowfin
2020-11-23,2020,11,328,25.04,160.64,23.99,0.4261,0.0731,5.13,0.36,0.0309,116.8,4.565,0.283,21.95,yellowfin
2020-11-27,2020,11,332,19.64,121.49,24.54,0.4767,0.037,4.65,0.147,0.0256,134.7,4.263,0.3757,23.7,yellowfin
2020-12-03,2020,12,338,11.87,153.07,29.03,0.2034,-0.0167,3.71,0.303,0.0361,188.4,4.289,0.562,29.43,yellowfin
2020-12-04,2020,12,339,1.03,138.12,29.64,0.2936,0.0012,4.35,0.536,0.0193,108.7,5.186,0.5836,25.94,yellowfin
2020-12-08,2020,12,343,32.74,142.09,22.83,0.5768,-0.1631,5.0,0.267,0.0108,81.1,4.19,0.1556,15.3,yellowfin
2020-12-10,2020,12,345,24.77,156.59,24.53,0.4278,-0.0025,4.03,0.154,0.0343,90.1,3.693,0.3645,17.65,yellowfin
2020-12-11,2020,12,346,23.44,144.84,24.94,0.4001,-0.0718,4.84,0.208,0.045,173.7,4.528,0.4222,34.84,yellowfin
2020-12-15,2020,12,350,30.63,166.81,22.69,0.5905,-0.0164,4.84,0.238,0.021,64.1,4.028,0.1431,14.19,yellowfin
2020-12-15,2020,12,350,25.74,173.04,24.12,0.6065,0.1416,4.63,0.245,0.0357,123.1,4.155,0.3267,26.78,yellowfin
2020-12-18,2020,12,353,14.6,151.45,27.1,0.2355,0.1053,4.2,0.232,0.0262,173.2,4.398,0.6049,26.11,yellowfin
2020-12-18,2020,12,353,18.38,148.65,26.03,0.3216,-0.0037,4.47,0.383,0.0201,158.6,4.424,0.5575,24.91,yellowfin
2020-12-19,2020,12,354,11.02,139.53,28.63,0.1869,0.049,3.58,0.286,0.0211,114.4,4.052,0.5647,18.29,yellowfin
2020-12-19,2020,12,354,16.51,137.69,26.56,0.279,-0.0067,4.61,0.276,0.0328,157.2,4.694,0.5953,24.72,yellowfin
2020-12-22,2020,12,357,11.48,170.65,28.32,0.3018,0.0002,4.07,0.46,0.0432,147.6,4.534,0.6919,29.86,yellowfin
2020-12-22,2020,12,357,27.97,158.98,23.41,0.4947,-0.0147,4.75,0.179,0.0302,60.5,4.104,0.2146,22.07,yellowfin
2021-01-03,2021,1,3,23.12,168.82,26.83,0.4077,-0.0569,3.93,0.137,0.0362,95.2,4.054,0.7002,15.39,yellowfin
2021-01-06,2021,1,6,22.46,152.07,25.72,0.3655,0.0454,4.56,0.139,0.0458,121.5,4.445,0.5342,39.0,yellowfin
2021-01-07,2021,1,7,3.23,149.84,30.46,0.2652,0.1461,3.53,0.381,0.0104,62.4,4.385,0.4558,14.8,yellowfin
2021-01-07,2021,1,7,21.8,129.22,26.77,0.5194,0.1301,4.49,0.173,0.0308,170.3,4.619,0.7375,32.06,yellowfin
2021-01-09,2021,1,9,30.4,136.0,24.77,0.5558,-0.0633,4.74,0.271,0.0104,66.7,4.396,0.4279,19.5,yellowfin
2021-01-10,2021,1,10,4.29,125.63,32.88,0.7286,0.1165,3.6,0.391,0.0135,93.5,5.043,0.1954,13.09,yellowfin
2021-01-13,2021,1,13,4.17,133.46,30.81,0.2383,0.0004,4.13,0.334,0.0221,87.0,5.223,0.3906,24.54,yellowfin
2021-01-17,2021,1,17,3.54,135.02,31.27,0.2693,0.0711,4.28,0.352,0.0185,97.5,5.534,0.3426,18.55,yellowfin
2021-01-18,2021,1,18,21.76,128.62,26.0,0.5503,-0.0017,4.85,0.136,0.031,201.3,4.798,0.6392,37.68,yellowfin
2021-01-21,2021,1,21,16.35,153.79,27.17,0.3539,0.0478,3.9,0.175,0.0268,191.6,4.102,0.7016,24.4,yellowfin
2021-01-21,2021,1,21,28.96,152.64,23.43,0.5017,0.1521,4.93,0.262,0.0417,78.0,4.264,0.2177,18.94,yellowfin
2021-01-22,2021,1,22,3.01,130.49,30.41,0.2891,-0.0147,3.51,0.393,0.0113,75.2,4.349,0.4777,17.05,yellowfin
2021-02-02,2021,2,33,25.9,123.04,25.13,0.6402,0.0184,4.58,0.151,0.0444,70.6,4.325,0.5045,29.22,yellowfin
2021-02-04,2021,2,35,28.16,155.44,23.83,0.586,-0.0862,5.45,0.205,0.039,69.5,4.809,0.28,22.32,yellowfin
2021-02-04,2021,2,35,32.85,160.06,23.75,0.6185,0.0752,4.67,0.328,0.0226,76.6,4.104,0.2715,18.8,yellowfin
2021-02-07,2021,2,38,17.5,121.43,26.82,0.4279,-0.1406,4.73,0.406,0.021,158.0,4.876,0.7085,22.58,yellowfin
2021-02-07,2021,2,38,7.31,170.81,31.45,0.4577,0.0938,3.21,0.444,0.0392,113.5,4.189,0.3737,16.03,yellowfin
2021-02-09,2021,2,40,26.77,168.22,25.33,0.4821,0.1607,4.23,0.186,0.0367,67.0,4.04,0.5102,21.37,yellowfin
2021-02-10,2021,2,41,3.11,158.12,32.37,0.2636,0.1399,4.0,0.266,0.0109,60.9,5.465,0.2018,23.47,yellowfin
2021-02-12,2021,2,43,28.92,174.82,24.06,0.6623,0.0989,5.03,0.271,0.0363,61.7,4.494,0.322,16.0,yellowfin
2021-02-13,2021,2,44,1.26,149.4,31.19,0.3123,0.1107,3.71,0.242,0.0157,100.3,4.783,0.3735,14.54,yellowfin
2021-02-14,2021,2,45,32.65,132.44,24.26,0.696,-0.0056,5.6,0.255,0.0229,80.5,5.053,0.3576,19.21,yellowfin
2021-02-15,2021,2,46,8.68,170.27,30.7,0.3555,0.1444,3.79,0.351,0.0124,119.4,4.761,0.4655,16.02,yellowfin
2021-02-15,2021,2,46,33.55,174.75,23.37,0.754,-0.042,5.06,0.27,0.0218,111.5,4.36,0.228,18.06,yellowfin
2021-02-17,2021,2,48,33.56,163.34,23.11,0.6212,0.0737,4.73,0.326,0.0207,83.1,4.022,0.1885,13.01,yellowfin
2021-02-22,2021,2,53,30.12,133.57,25.02,0.5984,-0.0086,5.09,0.282,0.0111,57.2,4.78,0.4787,13.78,yellowfin
2021-02-24,2021,2,55,11.89,129.92,28.35,0.3474,0.193,4.0,0.279,0.0317,126.1,4.462,0.723,24.39,yellowfin
2021-02-24,2021,2,55,1.13,161.25,31.98,0.3312,0.1096,2.89,0.25,0.0112,62.0,3.868,0.2671,12.57,yellowfin
2021-02-24,2021,2,55,22.77,141.56,26.32,0.426,0.0241,4.63,0.186,0.03,234.3,4.66,0.6473,40.86,yellowfin
2021-02-25,2021,2,56,32.35,165.19,23.18,0.6037,0.1096,5.63,0.291,0.037,123.5,4.802,0.1952,18.11,yellowfin
2021-02-25,2021,2,56,9.5,162.64,30.47,0.3529,0.1018,3.54,0.355,0.0236,97.5,4.398,0.5005,22.81,yellowfin
2021-02-26,2021,2,57,11.59,144.98,29.71,0.1727,0.0764,3.45,0.284,0.0305,135.5,4.122,0.4659,30.33,yellowfin
2021-02-28,2021,2,59,15.51,138.95,28.39,0.323,0.1688,4.12,0.232,0.0296,231.4,4.606,0.7053,33.21,yellowfin
2021-02-28,2021,2,59,33.99,170.54,22.62,0.7709,0.0311,4.55,0.458,0.0147,117.7,3.768,0.1429,12.9,yellowfin
2021-03-02,2021,3,61,13.88,160.62,28.0,0.2344,-0.0602,4.59,0.269,0.0208,144.5,5.031,0.6353,28.43,yellowfin
2021-03-03,2021,3,62,25.18,134.44,25.18,0.4905,-0.0744,4.51,0.121,0.0301,79.2,4.275,0.4861,23.45,yellowfin
2021-03-04,2021,3,63,12.35,126.5,28.51,0.3404,0.1279,3.94,0.423,0.0239,129.4,4.427,0.7123,24.42,yellowfin
2021-03-04,2021,3,63,11.61,159.4,27.97,0.1874,0.1558,3.98,0.376,0.021,122.5,4.358,0.5796,26.65,yellowfin
2021-03-05,2021,3,64,30.6,135.58,24.04,0.5752,-0.1466,4.43,0.22,0.0156,67.8,3.956,0.3108,16.59,yellowfin
2021-03-07,2021,3,66,13.02,123.95,28.21,0.3466,-0.0273,4.28,0.381,0.0255,141.4,4.742,0.7258,30.82,yellowfin
2021-03-08,2021,3,67,4.34,129.14,32.67,0.4193,0.0465,3.81,0.627,0.0281,50.8,5.288,0.1962,21.22,yellowfin
2021-03-08,2021,3,67,22.96,138.01,26.16,0.442,-0.0145,4.2,0.41,0.0375,143.0,4.186,0.6308,27.92,yellowfin
2021-03-15,2021,3,74,8.0,152.57,30.75,0.1888,0.029,3.39,0.393,0.0111,88.4,4.274,0.3624,16.74,yellowfin
2021-03-15,2021,3,74,26.72,136.21,26.63,0.5575,-0.0135,4.24,0.18,0.0421,60.8,4.33,0.7321,38.73,yellowfin
2021-03-17,2021,3,76,15.47,133.45,27.94,0.2623,0.004,4.36,0.266,0.0206,157.9,4.768,0.6628,30.18,yellowfin
2021-03-17,2021,3,76,34.43,149.23,23.87,0.6478,-0.0929,4.76,0.367,0.012,219.4,4.208,0.2913,21.62,yellowfin
2021-03-18,2021,3,77,32.18,136.45,25.14,0.5854,-0.0098,4.37,0.272,0.0161,68.8,4.128,0.4987,13.65,yellowfin
2021-03-19,2021,3,78,26.25,123.26,24.63,0.6897,-0.1276,5.51,0.321,0.0314,128.7,5.07,0.4207,25.07,yellowfin
2021-03-19,2021,3,78,12.07,128.81,29.84,0.3387,0.2505,3.56,0.555,0.0343,165.9,4.289,0.5843,30.39,yellowfin
2021-03-23,2021,3,82,5.1,157.27,32.33,0.2572,0.0656,3.91,0.303,0.0401,90.9,5.335,0.2044,19.9,yellowfin
2021-04-01,2021,4,91,14.45,167.5,28.11,0.2787,0.147,4.45,0.379,0.0233,166.0,4.9,0.6769,31.39,yellowfin
2021-04-01,2021,4,91,0.58,174.62,30.21,0.503,-0.0457,4.2,0.371,0.0132,76.7,5.153,0.5919,29.4,yellowfin
2021-04-01,2021,4,91,6.45,152.38,30.72,0.2338,-0.0322,2.84,0.329,0.0116,140.0,3.579,0.4001,15.16,yellowfin
2021-04-06,2021,4,96,1.29,141.61,30.9,0.349,-0.0129,4.44,0.832,0.0164,119.1,5.633,0.4307,24.46,yellowfin
2021-04-09,2021,4,99,1.09,136.96,29.91,0.3581,-0.0355,3.98,0.236,0.0129,88.1,4.813,0.5853,27.06,yellowfin
2021-04-10,2021,4,100,20.33,142.5,25.45,0.3805,-0.0329,4.96,0.361,0.0314,129.5,4.764,0.4986,49.23,yellowfin
2021-04-11,2021,4,101,22.98,144.82,24.41,0.4117,-0.0813,4.23,0.125,0.033,95.8,3.854,0.3414,29.71,yellowfin
2021-04-16,2021,4,106,9.01,154.11,30.44,0.2173,-0.1895,3.6,0.594,0.0153,92.9,4.464,0.4245,22.65,yellowfin
2021-04-21,2021,4,111,25.95,138.0,23.72,0.499,-0.0214,4.71,0.183,0.0396,88.6,4.131,0.255,32.19,yellowfin
2021-04-21,2021,4,111,3.73,127.59,30.78,0.4326,0.1278,3.73,0.276,0.0235,53.0,4.711,0.4773,20.53,yellowfin
2021-04-22,2021,4,112,27.01,140.81,24.91,0.5491,0.0771,4.87,0.203,0.0333,56.6,4.551,0.4516,26.7,yellowfin
2021-04-22,2021,4,112,4.79,151.62,31.42,0.3157,-0.0105,4.03,0.368,0.0178,72.5,5.251,0.3407,16.47,yellowfin
2021-04-23,2021,4,113,31.06,122.69,22.63,0.751,-0.0285,5.73,0.227,0.0168,66.7,4.751,0.1433,18.21,yellowfin
2021-04-23,2021,4,113,10.75,138.3,28.77,0.2569,0.0323,4.13,0.381,0.027,137.6,4.711,0.6336,35.95,yellowfin
2021-04-23,2021,4,113,11.01,128.67,29.26,0.3548,-0.0665,4.09,0.355,0.0365,136.7,4.782,0.664,43.2,yellowfin
2021-04-24,2021,4,114,10.26,172.44,28.22,0.3368,-0.0187,4.1,0.436,0.0226,133.3,4.549,0.7193,26.97,yellowfin
2021-04-25,2021,4,115,30.74,159.06,22.51,0.6239,-0.0293,4.68,0.424,0.0139,60.0,3.852,0.1275,10.75,yellowfin
2021-04-28,2021,4,118,7.65,148.37,30.59,0.2404,-0.0396,3.03,0.543,0.0115,74.3,3.782,0.4222,19.03,yellowfin
2021-05-01,2021,5,121,0.55,131.36,29.19,0.3742,-0.0066,4.02,0.241,0.021,66.9,4.686,0.6812,40.63,yellowfin
2021-05-01,2021,5,121,1.17,141.06,30.66,0.3466,-0.0087,4.09,0.453,0.0123,71.2,5.136,0.4671,50.32,yellowfin
2021-05-05,2021,5,125,27.67,152.46,22.76,0.5149,0.0045,4.62,0.275,0.0365,59.3,3.853,0.1449,39.45,yellowfin
2021-05-05,2021,5,125,32.44,173.51,20.73,0.7597,-0.096,5.57,0.259,0.0224,73.5,4.171,0.0321,28.92,yellowfin
2021-05-06,2021,5,126,9.17,154.48,29.86,0.2111,0.0558,3.55,0.316,0.015,109.7,4.275,0.491,38.08,yellowfin
2021-05-10,2021,5,130,14.7,127.07,26.7,0.3934,0.0801,4.32,0.519,0.0223,188.4,4.43,0.6793,66.75,yellowfin
2021-05-12,2021,5,132,1.11,143.31,28.35,0.3211,-0.0434,4.51,0.281,0.0343,82.4,5.033,0.7053,63.52,yellowfin
2021-05-13,2021,5,133,26.46,174.87,22.28,0.6411,0.0664,5.05,0.148,0.0547,95.9,4.104,0.1093,49.37,yellowfin
2021-05-16,2021,5,136,11.98,163.7,28.34,0.2204,0.1111,3.9,0.281,0.0291,171.7,4.35,0.6157,85.12,yellowfin
2021-05-16,2021,5,136,8.14,132.23,30.55,0.203,0.2117,3.26,0.381,0.0108,86.7,4.073,0.3988,33.76,yellowfin
2021-05-18,2021,5,138,10.94,156.48,27.41,0.1828,0.0088,3.7,0.317,0.0455,245.9,3.939,0.5612,113.25,yellowfin
2021-05-18,2021,5,138,27.19,167.6,22.32,0.5261,0.0416,4.9,0.265,0.0325,136.2,3.992,0.1084,29.04,yellowfin
2021-05-19,2021,5,139,17.99,134.29,25.92,0.3333,0.0202,4.6,0.25,0.021,167.4,4.534,0.5492,61.03,yellowfin
2021-05-22,2021,5,142,24.44,131.39,23.65,0.4621,-0.0542,4.95,0.269,0.0526,82.6,4.333,0.242,75.98,yellowfin
2021-05-23,2021,5,143,32.81,129.47,19.34,0.7623,0.0049,5.12,0.275,0.0264,85.6,3.553,0.008,27.27,yellowfin
2021-05-24,2021,5,144,33.63,143.57,20.25,0.6189,-0.1763,4.95,0.374,0.0218,84.8,3.608,0.0197,32.15,yellowfin
2021-05-24,2021,5,144,28.05,168.17,23.11,0.5938,-0.1323,5.56,0.23,0.0383,69.0,4.725,0.1866,27.98,yellowfin
2021-05-26,2021,5,146,4.17,127.38,29.99,0.4767,-0.167,3.55,0.335,0.0173,136.6,4.309,0.6204,46.89,yellowfin
2021-05-28,2021,5,148,9.26,143.65,27.25,0.1752,0.1332,4.08,0.347,0.0239,91.9,4.302,0.5435,32.65,yellowfin
2021-06-03,2021,6,154,22.7,163.06,23.26,0.4056,-0.0263,5.24,0.149,0.0526,115.3,4.487,0.1876,38.96,yellowfin
2021-06-04,2021,6,155,32.08,173.71,20.5,0.7473,-0.0479,5.31,0.266,0.0316,97.7,3.924,0.0259,34.17,yellowfin
2021-06-04,2021,6,155,3.62,155.08,28.1,0.4598,-0.0564,4.31,0.319,0.0104,54.8,4.755,0.7866,57.19,yellowfin
2021-06-07,2021,6,158,18.33,135.41,26.58,0.3226,-0.0493,4.95,0.204,0.0214,175.3,5.047,0.6277,56.74,yellowfin
2021-06-08,2021,6,159,13.09,152.25,26.53,0.2385,-0.0423,3.72,0.414,0.0243,140.8,3.785,0.5586,56.76,yellowfin
2021-06-09,2021,6,160,0.09,167.08,27.0,0.3318,0.0501,4.09,0.242,0.0224,80.1,4.259,0.6742,30.83,yellowfin
2021-06-11,2021,6,162,29.26,124.13,21.72,0.7244,-0.0295,4.99,0.191,0.0321,97.8,3.936,0.0736,26.68,yellowfin
2021-06-18,2021,6,169,8.5,149.8,28.92,0.1761,-0.0741,4.18,0.384,0.0207,109.1,4.805,0.5351,50.68,yellowfin
2021-06-19,2021,6,170,4.76,132.8,29.56,0.2435,0.0406,3.91,0.48,0.0156,104.8,4.642,0.5533,61.92,yellowfin
2021-06-20,2021,6,171,2.74,161.69,29.37,0.2812,0.0335,3.91,0.486,0.0146,100.1,4.599,0.6043,29.76,yellowfin
2021-06-24,2021,6,175,31.14,136.46,19.02,0.5588,-0.1114,5.84,0.238,0.0128,132.3,3.985,0.0053,34.33,yellowfin
2021-06-26,2021,6,177,27.24,130.71,22.35,0.4983,-0.1386,4.9,0.175,0.0433,95.3,4.0,0.109,61.13,yellowfin
2021-06-28,2021,6,179,3.06,144.26,28.42,0.2725,0.134,4.31,0.283,0.0142,70.8,4.828,0.6646,35.45,yellowfin
2021-07-01,2021,7,182,32.0,150.62,18.48,0.5915,-0.1025,5.43,0.357,0.0121,90.1,3.597,0.0029,22.08,yellowfin
2021-07-01,2021,7,182,15.9,165.4,25.49,0.304,-0.0502,4.49,0.456,0.0442,151.0,4.319,0.4704,44.63,yellowfin
2021-07-03,2021,7,184,5.4,171.25,28.08,0.3624,-0.0191,4.39,0.359,0.0185,56.8,4.832,0.7374,48.31,yellowfin
2021-07-03,2021,7,184,6.46,173.53,28.64,0.3615,0.0258,4.31,0.365,0.0141,128.5,4.883,0.7187,64.24,yellowfin
2021-07-04,2021,7,185,19.23,144.56,24.71,0.3328,-0.013,4.42,0.154,0.0455,147.9,4.085,0.3652,63.81,yellowfin
2021-07-04,2021,7,185,33.46,128.49,17.84,0.8022,0.0529,6.3,0.336,0.0193,131.2,4.028,0.0014,42.06,yellowfin
2021-07-05,2021,7,186,1.55,142.07,25.68,0.2968,-0.0008,4.34,0.25,0.0248,140.8,4.222,0.4952,53.35,yellowfin
2021-07-06,2021,7,187,4.83,133.03,29.0,0.2447,-0.0992,4.61,0.372,0.0157,114.5,5.322,0.607,46.29,yellowfin
2021-07-07,2021,7,188,11.0,143.01,26.93,0.1375,0.1112,3.83,0.288,0.0228,169.6,3.969,0.4677,60.32,yellowfin
2021-07-07,2021,7,188,0.19,149.41,26.25,0.4137,0.0572,4.24,0.236,0.0329,108.4,4.252,0.6325,31.94,yellowfin
2021-07-07,2021,7,188,9.2,126.71,29.11,0.2922,-0.2141,4.45,0.771,0.0136,128.7,5.159,0.6372,66.06,yellowfin
2021-07-08,2021,7,189,20.89,143.9,23.36,0.3352,0.1186,5.09,0.202,0.0324,124.4,4.384,0.188,67.52,yellowfin
2021-07-10,2021,7,191,24.68,165.67,22.88,0.4379,-0.0553,4.73,0.111,0.0352,162.2,3.974,0.1511,44.54,yellowfin
2021-07-10,2021,7,191,9.38,152.42,28.32,0.1629,0.0152,3.63,0.296,0.0162,187.6,4.051,0.5409,32.06,yellowfin
2021-07-11,2021,7,192,3.07,174.75,25.87,0.4642,-0.0212,4.23,0.265,0.0117,107.9,4.159,0.5947,49.3,yellowfin
2021-07-15,2021,7,196,19.85,144.08,25.24,0.3215,-0.0158,4.8,0.135,0.0246,144.0,4.563,0.4417,79.04,yellowfin
2021-07-20,2021,7,201,2.59,144.58,26.08,0.2972,-0.1203,4.4,0.387,0.0163,77.6,4.367,0.5501,39.64,yellowfin
2021-07-21,2021,7,202,34.39,163.77,18.83,0.6074,-0.1473,6.02,0.315,0.0143,98.1,4.067,0.0044,27.12,yellowfin
2021-07-22,2021,7,203,15.68,164.1,26.95,0.2468,-0.1142,4.6,0.201,0.0226,164.3,4.778,0.6047,60.85,yellowfin
2021-07-26,2021,7,207,32.76,129.05,17.73,0.7407,-0.0568,5.67,0.416,0.0136,94.1,3.609,0.0012,21.06,yellowfin
2021-07-27,2021,7,208,16.37,130.82,26.11,0.2475,0.1033,4.96,0.197,0.0415,224.9,4.93,0.5192,82.09,yellowfin
2021-08-01,2021,8,213,15.29,131.8,26.86,0.2208,-0.0087,4.19,0.409,0.0214,154.2,4.328,0.5721,55.07,yellowfin
2021-08-02,2021,8,214,5.96,123.8,27.08,0.3583,0.1212,4.51,0.444,0.0159,101.2,4.715,0.6972,60.51,yellowfin
2021-08-03,2021,8,215,11.05,123.99,26.74,0.2776,-0.0459,4.87,0.414,0.0218,145.7,5.008,0.6128,68.21,yellowfin
2021-08-09,2021,8,221,28.86,143.15,21.43,0.5293,-0.1226,5.49,0.203,0.0452,67.9,4.268,0.0549,50.99,yellowfin
2021-08-09,2021,8,221,5.94,130.74,27.86,0.2237,0.0609,3.55,0.467,0.044,94.8,3.863,0.623,46.26,yellowfin
2021-08-09,2021,8,221,22.8,125.98,23.45,0.5746,-0.0043,5.57,0.12,0.0457,103.2,4.824,0.2268,65.89,yellowfin
2021-08-13,2021,8,225,27.09,155.79,20.57,0.4637,-0.2257,5.45,0.148,0.0617,112.7,4.049,0.0251,67.34,yellowfin
2021-08-14,2021,8,226,26.1,124.65,20.21,0.7314,0.004,5.86,0.226,0.0404,83.1,4.266,0.0195,34.47,yellowfin
2021-08-16,2021,8,228,3.1,173.6,25.53,0.4281,-0.0426,4.22,0.416,0.0205,59.6,4.076,0.5274,47.71,yellowfin
2021-08-18,2021,8,230,28.98,146.2,18.59,0.5031,-0.0814,5.89,0.204,0.035,58.5,3.925,0.0032,37.11,yellowfin
2021-08-18,2021,8,230,4.71,149.48,30.01,0.2412,0.0205,4.32,0.32,0.0202,120.1,5.247,0.4997,52.25,yellowfin
2021-08-20,2021,8,232,1.49,132.3,28.55,0.2958,-0.0481,4.25,0.268,0.0113,66.9,4.795,0.6786,31.8,yellowfin
2021-08-21,2021,8,233,12.1,158.42,27.09,0.1713,0.123,3.94,0.275,0.0564,131.5,4.12,0.5288,54.0,yellowfin
2021-08-22,2021,8,234,32.49,152.76,17.51,0.5722,-0.1074,6.21,0.536,0.0115,86.9,3.901,0.0009,21.66,yellowfin
2021-08-22,2021,8,234,24.48,149.29,21.59,0.4128,-0.0248,4.83,0.139,0.0358,95.3,3.783,0.0586,37.75,yellowfin
2021-08-23,2021,8,235,33.55,131.98,17.19,0.5829,-0.0028,5.43,0.403,0.0184,85.6,3.354,0.0006,23.63,yellowfin
2021-08-23,2021,8,235,28.02,153.98,19.12,0.492,-0.0196,4.92,0.213,0.0328,58.2,3.375,0.0058,21.74,yellowfin
2021-08-24,2021,8,236,31.27,170.27,16.06,0.7017,-0.0822,5.68,0.345,0.0123,181.9,3.297,0.0001,19.85,yellowfin
2021-08-26,2021,8,238,5.44,149.34,28.99,0.2907,0.0252,3.65,0.343,0.0285,58.7,4.211,0.6468,54.51,yellowfin
2021-08-26,2021,8,238,14.39,167.56,27.34,0.2371,-0.0352,4.85,0.229,0.058,154.0,5.139,0.621,73.22,yellowfin
2021-09-01,2021,9,244,11.37,121.28,27.09,0.3066,0.0965,4.9,0.275,0.0206,131.7,5.129,0.6649,52.55,yellowfin
2021-09-03,2021,9,246,30.65,136.24,17.85,0.5675,-0.0255,6.21,0.324,0.0203,77.2,3.976,0.0013,29.3,yellowfin
2021-09-05,2021,9,248,13.42,156.07,26.24,0.2186,-0.042,4.31,0.243,0.0267,228.3,4.316,0.5091,90.59,yellowfin
2021-09-06,2021,9,249,27.66,154.36,20.77,0.491,-0.086,5.23,0.225,0.0367,133.8,3.921,0.0304,48.81,yellowfin
2021-09-08,2021,9,251,13.63,124.77,26.72,0.3502,-0.0921,5.34,0.241,0.0463,178.6,5.481,0.6589,58.06,yellowfin
2021-09-09,2021,9,252,7.99,152.57,27.5,0.1649,-0.1558,3.81,0.524,0.0173,104.4,4.074,0.5391,42.19,yellowfin
2021-09-10,2021,9,253,28.24,171.53,20.2,0.7072,-0.1023,5.59,0.244,0.034,63.4,4.067,0.0193,22.3,yellowfin
2021-09-10,2021,9,253,16.37,129.33,25.24,0.3783,0.1522,4.96,0.22,0.0232,186.9,4.716,0.4634,51.9,yellowfin
2021-09-12,2021,9,255,2.81,121.24,28.32,0.4489,0.0881,3.42,0.33,0.037,63.9,3.811,0.7776,41.24,yellowfin
2021-09-15,2021,9,258,7.68,167.71,29.15,0.1494,0.0088,3.97,0.357,0.0122,85.6,4.611,0.4812,30.04,yellowfin
2021-09-16,2021,9,259,28.69,146.59,19.82,0.5258,0.0404,5.23,0.205,0.0408,86.8,3.731,0.0124,36.52,yellowfin
2021-09-16,2021,9,259,17.7,170.2,25.29,0.4516,0.0476,4.41,0.155,0.0266,155.3,4.205,0.4957,50.03,yellowfin
2021-09-17,2021,9,260,13.86,122.27,25.5,0.3414,-0.0237,4.34,0.316,0.0335,155.6,4.18,0.491,71.94,yellowfin
2021-09-18,2021,9,261,12.66,124.82,26.57,0.3208,0.0194,4.83,0.498,0.0258,233.1,4.923,0.6249,46.65,yellowfin
2021-09-20,2021,9,263,1.5,140.79,25.73,0.2967,-0.1049,4.24,0.318,0.0127,129.4,4.13,0.5011,47.35,yellowfin
2021-09-20,2021,9,263,25.54,166.69,20.58,0.4397,-0.0893,5.07,0.214,0.038,71.8,3.767,0.025,39.14,yellowfin
2021-09-21,2021,9,264,17.2,146.78,25.32,0.2751,0.0699,5.2,0.282,0.0222,169.1,4.96,0.4303,80.7,yellowfin
2021-09-21,2021,9,264,8.89,123.51,28.03,0.3071,0.1057,4.48,0.349,0.0163,121.5,4.915,0.7003,48.82,yellowfin
2021-09-22,2021,9,265,29.26,130.26,19.42,0.4987,-0.0149,5.35,0.228,0.0369,57.3,3.729,0.0081,42.95,yellowfin
2021-09-23,2021,9,266,11.57,127.0,27.39,0.2877,0.0085,4.17,0.366,0.0218,197.3,4.428,0.6694,76.24,yellowfin
2021-09-24,2021,9,267,16.78,123.42,26.72,0.4326,0.0939,4.64,0.227,0.0408,161.1,4.758,0.6997,68.15,yellowfin
2021-09-25,2021,9,268,2.49,146.14,29.03,0.2593,0.1104,3.95,0.34,0.0267,177.4,4.562,0.6181,55.72,yellowfin
2021-09-28,2021,9,271,13.99,157.7,26.15,0.1993,0.1273,4.24,0.37,0.0238,147.5,4.224,0.4807,60.32,yellowfin
2021-09-28,2021,9,271,14.67,148.3,25.37,0.2102,-0.0705,3.9,0.252,0.0259,169.5,3.737,0.395,48.17,yellowfin
2021-10-02,2021,10,275,15.06,155.26,26.02,0.2093,0.0014,4.73,0.287,0.0249,175.4,4.679,0.4749,36.19,yellowfin
2021-10-06,2021,10,279,20.22,128.8,23.89,0.5013,-0.067,5.08,0.152,0.0388,139.6,4.496,0.2792,33.3,yellowfin
2021-10-08,2021,10,281,28.3,174.3,20.02,0.626,0.0313,5.84,0.191,0.0475,59.3,4.206,0.0158,16.54,yellowfin
2021-10-13,2021,10,286,3.99,160.28,29.43,0.2283,0.0223,4.37,0.308,0.0351,68.2,5.15,0.5534,24.34,yellowfin
2021-10-14,2021,10,287,32.74,123.27,18.9,0.7529,-0.1383,5.67,0.483,0.0159,159.9,3.848,0.0049,22.85,yellowfin
2021-10-15,2021,10,288,8.45,139.17,28.2,0.1416,0.1042,3.54,0.377,0.0164,92.3,3.915,0.5085,23.79,yellowfin
2021-10-17,2021,10,290,13.65,174.92,27.32,0.3502,-0.039,4.44,0.3,0.0244,149.5,4.7,0.7093,24.91,yellowfin
2021-10-18,2021,10,291,1.4,145.39,28.06,0.3075,0.0727,4.46,0.255,0.0137,66.4,4.901,0.7005,26.26,yellowfin
2021-10-19,2021,10,292,21.25,133.04,23.44,0.4238,-0.039,4.51,0.217,0.0342,119.0,3.904,0.2097,25.29,yellowfin
2021-10-22,2021,10,295,12.88,154.79,28.17,0.171,0.1322,3.81,0.37,0.0281,133.9,4.207,0.5556,32.34,yellowfin
2021-10-28,2021,10,301,20.96,142.86,22.33,0.3616,0.0846,5.26,0.175,0.0515,138.3,4.29,0.0992,30.86,yellowfin
2021-11-01,2021,11,305,20.11,146.12,24.95,0.3075,0.0319,4.8,0.386,0.0336,162.2,4.497,0.3918,32.16,yellowfin
2021-11-02,2021,11,306,9.25,123.14,29.77,0.2697,0.2321,3.61,0.316,0.0177,113.7,4.327,0.5506,16.91,yellowfin
2021-11-02,2021,11,306,16.04,127.1,25.91,0.388,0.0149,4.2,0.277,0.0214,160.3,4.135,0.5723,25.35,yellowfin
2021-11-04,2021,11,308,3.8,120.56,30.65,0.4109,-0.0221,3.96,0.38,0.0106,129.2,4.967,0.4933,26.57,yellowfin
2021-11-05,2021,11,309,5.41,160.11,30.05,0.1991,0.0674,3.92,0.332,0.0326,62.7,4.768,0.4568,24.31,yellowfin
2021-11-06,2021,11,310,12.63,123.04,27.58,0.31,0.0142,4.06,0.255,0.0234,136.5,4.354,0.6948,38.73,yellowfin
2021-11-07,2021,11,311,33.49,130.48,19.58,0.6619,-0.0511,5.43,0.369,0.0135,85.9,3.818,0.0101,10.99,yellowfin
2021-11-07,2021,11,311,3.72,173.53,29.03,0.434,0.0257,4.01,0.357,0.0159,81.0,4.637,0.7261,30.9,yellowfin
2021-11-08,2021,11,312,16.2,158.82,26.67,0.2402,0.0254,4.64,0.249,0.0243,157.7,4.752,0.5745,41.18,yellowfin
2021-11-10,2021,11,314,1.48,167.78,28.26,0.2929,0.0835,4.38,0.242,0.0407,90.8,4.869,0.6865,36.23,yellowfin
2021-11-11,2021,11,315,4.44,163.77,30.28,0.2108,0.0327,3.96,0.487,0.0177,133.7,4.877,0.4399,24.55,yellowfin
2021-11-16,2021,11,320,2.37,134.9,29.48,0.2592,0.1661,3.9,0.263,0.0278,94.3,4.615,0.5759,34.56,yellowfin
2021-11-17,2021,11,321,27.26,152.83,22.66,0.455,0.1186,5.15,0.185,0.0432,66.4,4.272,0.132,27.97,yellowfin
2021-11-17,2021,11,321,28.31,160.94,21.92,0.4943,-0.1591,5.05,0.223,0.0455,62.1,4.03,0.0796,13.04,yellowfin
2021-11-17,2021,11,321,30.09,141.0,21.63,0.5453,-0.134,5.05,0.351,0.0254,101.3,3.968,0.0647,15.33,yellowfin
2021-11-20,2021,11,324,25.05,135.13,23.78,0.3919,-0.0689,4.59,0.156,0.0321,95.5,4.04,0.2477,33.14,yellowfin
2021-11-26,2021,11,330,2.62,126.06,29.97,0.4134,-0.1127,4.04,0.291,0.0176,96.6,4.898,0.6003,21.47,yellowfin
2021-11-26,2021,11,330,14.42,145.58,26.75,0.2518,0.1717,3.78,0.344,0.0248,151.1,3.883,0.5924,19.94,yellowfin
2021-11-28,2021,11,332,30.85,155.78,19.89,0.5627,-0.0442,5.21,0.25,0.0233,97.4,3.725,0.0135,15.89,yellowfin
2021-12-02,2021,12,336,7.35,128.49,31.14,0.331,0.0419,4.42,0.628,0.0211,169.1,5.687,0.3873,15.06,yellowfin
2021-12-05,2021,12,339,19.3,163.45,27.41,0.3143,-0.0601,4.66,0.126,0.0268,165.9,4.96,0.6903,29.34,yellowfin
2021-12-06,2021,12,340,4.17,163.43,29.52,0.2341,0.2227,3.81,0.568,0.0237,61.9,4.516,0.5499,17.18,yellowfin
2021-12-08,2021,12,342,22.68,122.23,23.8,0.5583,0.0148,4.99,0.171,0.0563,124.0,4.396,0.2731,17.06,yellowfin
2021-12-09,2021,12,343,24.51,165.09,24.65,0.4128,0.0304,4.69,0.148,0.0321,82.2,4.323,0.3799,14.15,yellowfin
2021-12-10,2021,12,344,16.59,166.21,26.76,0.2455,-0.0278,4.14,0.262,0.0232,253.3,4.261,0.5878,26.63,yellowfin
2021-12-11,2021,12,345,24.5,137.7,26.62,0.4038,-0.0511,5.5,0.272,0.0544,93.9,5.611,0.675,58.33,yellowfin
2021-12-11,2021,12,345,24.72,150.66,24.16,0.5035,0.0007,5.04,0.15,0.03,96.4,4.527,0.3201,27.79,yellowfin
2021-12-12,2021,12,346,10.48,122.61,28.99,0.2817,-0.0728,4.29,0.314,0.0276,111.9,4.943,0.6395,22.27,yellowfin
2021-12-12,2021,12,346,32.62,147.59,21.7,0.5774,-0.0779,4.93,0.262,0.0385,104.6,3.884,0.0693,15.58,yellowfin
2021-12-14,2021,12,348,10.86,158.19,29.41,0.1167,0.1377,3.58,0.278,0.0239,116.9,4.219,0.4089,36.85,yellowfin
2021-12-15,2021,12,349,6.2,157.3,31.18,0.2054,-0.0489,2.94,0.297,0.0211,85.9,3.792,0.3197,15.98,yellowfin
2021-12-17,2021,12,351,21.53,124.23,25.41,0.5247,0.0115,4.81,0.139,0.0608,139.3,4.615,0.5335,32.13,yellowfin
2021-12-21,2021,12,355,16.28,132.1,25.95,0.237,-0.0394,4.68,0.179,0.0368,175.5,4.619,0.491,26.66,yellowfin
2021-12-22,2021,12,356,31.62,159.64,22.39,0.564,-0.0219,5.28,0.376,0.0297,67.4,4.316,0.1152,12.35,yellowfin
2021-12-22,2021,12,356,29.19,157.47,23.88,0.5072,0.1217,4.65,0.4,0.0395,50.6,4.119,0.2785,18.63,yellowfin
2021-12-22,2021,12,356,0.01,139.27,30.9,0.4157,0.1451,4.11,0.223,0.0111,71.5,5.215,0.4537,12.41,yellowfin
2021-12-23,2021,12,357,14.01,172.29,28.08,0.348,0.3031,4.07,0.346,0.0273,150.5,4.476,0.7285,26.88,yellowfin
2022-01-01,2022,1,1,29.08,162.3,24.08,0.546,-0.1624,4.35,0.188,0.0443,54.7,3.895,0.313,15.58,yellowfin
2022-01-02,2022,1,2,18.47,164.63,25.63,0.3339,-0.0785,4.83,0.264,0.0305,150.3,4.683,0.5064,25.48,yellowfin
2022-01-03,2022,1,3,0.83,123.1,31.15,0.527,0.057,4.08,0.277,0.0155,132.0,5.251,0.4372,16.66,yellowfin
2022-01-03,2022,1,3,21.57,129.42,26.23,0.4959,0.0688,4.4,0.286,0.043,117.3,4.407,0.6593,38.94,yellowfin
2022-01-04,2022,1,4,10.58,150.88,28.2,0.1432,0.1637,4.24,0.353,0.0375,171.0,4.697,0.5112,26.18,yellowfin
2022-01-06,2022,1,6,19.37,138.93,26.86,0.3069,-0.0968,5.07,0.345,0.0205,149.3,5.241,0.6457,26.41,yellowfin
2022-01-06,2022,1,6,33.39,173.28,21.49,0.7484,-0.163,5.51,0.394,0.0259,150.2,4.298,0.0617,18.32,yellowfin
2022-01-10,2022,1,10,24.83,128.62,25.33,0.5665,0.0454,4.21,0.299,0.0536,77.2,4.019,0.5294,22.26,yellowfin
2022-01-11,2022,1,11,19.14,128.07,26.53,0.4929,0.0671,4.22,0.132,0.0336,167.2,4.293,0.6988,22.43,yellowfin
2022-01-12,2022,1,12,18.77,122.78,26.0,0.462,0.0702,4.15,0.216,0.0233,181.3,4.108,0.6138,23.11,yellowfin
2022-01-12,2022,1,12,7.06,172.44,31.74,0.4008,0.1088,3.71,0.318,0.0235,100.7,4.908,0.3173,21.15,yellowfin
2022-01-14,2022,1,14,2.87,135.16,32.95,0.2582,-0.0211,4.4,0.319,0.0319,68.2,6.187,0.1426,24.63,yellowfin
2022-01-16,2022,1,16,17.69,155.02,26.21,0.3014,-0.0541,4.38,0.261,0.0237,154.9,4.374,0.5697,23.78,yellowfin
2022-01-16,2022,1,16,24.13,155.39,27.0,0.4127,0.0675,4.77,0.19,0.0332,111.7,4.972,0.7189,34.96,yellowfin
2022-01-17,2022,1,17,9.22,138.85,30.43,0.1617,0.0586,4.17,0.441,0.0115,134.3,5.171,0.3751,17.82,yellowfin
2022-01-18,2022,1,18,26.93,169.06,24.5,0.457,-0.0281,4.38,0.236,0.0465,83.3,4.004,0.3655,21.11,yellowfin
2022-01-21,2022,1,21,20.36,154.75,26.57,0.3687,-0.0167,4.08,0.202,0.0495,131.7,4.157,0.6525,35.3,yellowfin
2022-01-25,2022,1,25,18.46,160.96,25.48,0.2827,0.1079,4.5,0.196,0.0323,154.3,4.329,0.4583,23.8,yellowfin
2022-02-01,2022,2,32,12.52,146.34,27.75,0.3218,0.1591,3.9,0.48,0.0341,151.4,4.221,0.7083,25.13,yellowfin
2022-02-05,2022,2,36,23.57,134.88,25.88,0.4078,-0.1235,4.28,0.104,0.0337,90.7,4.203,0.5766,28.41,yellowfin
2022-02-05,2022,2,36,31.97,163.86,22.68,0.5732,-0.0713,5.49,0.258,0.0134,76.0,4.562,0.1415,15.66,yellowfin
2022-02-06,2022,2,37,0.63,161.72,30.26,0.3625,0.0101,4.1,0.493,0.0115,76.3,5.042,0.5358,21.6,yellowfin
2022-02-07,2022,2,38,13.56,171.76,28.89,0.3658,-0.0552,3.96,0.255,0.0417,170.9,4.546,0.7041,24.38,yellowfin
2022-02-09,2022,2,40,28.51,132.94,25.38,0.5115,0.0386,4.46,0.201,0.0361,75.8,4.275,0.525,26.73,yellowfin
2022-02-09,2022,2,40,29.81,133.47,23.37,0.5722,-0.082,4.89,0.237,0.0337,72.9,4.212,0.2169,25.61,yellowfin
2022-02-09,2022,2,40,8.61,123.6,29.89,0.3284,0.0601,3.93,0.47,0.0122,93.2,4.75,0.5719,15.54,yellowfin
2022-02-10,2022,2,41,3.68,156.56,32.41,0.296,-0.0539,3.64,0.274,0.0139,56.5,4.982,0.2049,17.17,yellowfin
2022-02-12,2022,2,43,8.98,121.76,29.81,0.3219,0.1222,4.12,0.381,0.0144,92.2,4.958,0.5796,25.02,yellowfin
2022-02-16,2022,2,47,27.07,166.78,24.74,0.4718,-0.0674,4.67,0.186,0.0305,128.8,4.324,0.4078,26.01,yellowfin
2022-02-16,2022,2,47,7.57,167.32,31.38,0.1805,0.1474,3.69,0.383,0.0158,125.7,4.803,0.2792,18.62,yellowfin
2022-02-19,2022,2,50,6.05,147.9,31.64,0.2055,0.0529,2.79,0.436,0.0172,89.2,3.672,0.2634,10.23,yellowfin
2022-02-19,2022,2,50,29.35,167.91,24.47,0.5255,-0.0565,4.92,0.269,0.037,72.6,4.493,0.3725,22.39,yellowfin
2022-02-21,2022,2,52,23.03,143.02,25.82,0.4096,-0.0572,4.32,0.152,0.0314,118.7,4.23,0.568,27.57,yellowfin
2022-02-27,2022,2,58,5.86,154.47,31.15,0.2158,0.1066,3.79,0.386,0.0129,69.5,4.869,0.33,17.99,yellowfin
2022-02-28,2022,2,59,27.37,150.24,25.9,0.5795,-0.0123,4.92,0.238,0.0359,71.6,4.841,0.6301,32.63,yellowfin
2022-03-01,2022,3,60,4.78,170.52,31.74,0.3998,0.1706,3.28,0.515,0.0124,168.6,4.344,0.3163,20.54,yellowfin
2022-03-04,2022,3,63,23.39,145.91,25.94,0.4599,-0.0183,4.48,0.155,0.033,91.1,4.419,0.6041,21.52,yellowfin
2022-03-08,2022,3,67,10.7,131.81,30.39,0.1722,-0.0011,3.45,0.415,0.0538,155.2,4.265,0.3912,37.66,yellowfin
2022-03-09,2022,3,68,31.11,149.93,23.39,0.6116,0.0236,4.76,0.32,0.0115,63.3,4.107,0.2226,14.26,yellowfin
2022-03-09,2022,3,68,5.1,132.47,31.26,0.2501,-0.0688,3.72,0.301,0.0341,58.0,4.806,0.3347,19.63,yellowfin
2022-03-12,2022,3,71,16.33,127.51,26.37,0.4199,0.0428,4.46,0.174,0.0285,181.0,4.498,0.6512,31.41,yellowfin
2022-03-12,2022,3,71,1.8,156.97,30.83,0.3229,-0.0556,3.56,0.262,0.0141,67.6,4.505,0.4313,14.53,yellowfin
2022-03-13,2022,3,72,26.84,164.35,25.12,0.5108,-0.0829,4.65,0.147,0.0367,73.4,4.396,0.4814,28.31,yellowfin
2022-03-14,2022,3,73,15.26,137.86,27.5,0.2937,-0.0581,4.57,0.27,0.0227,199.5,4.881,0.679,35.63,yellowfin
2022-03-14,2022,3,73,14.92,163.75,27.12,0.3507,-0.0218,4.43,0.462,0.0205,160.1,4.646,0.6963,37.42,yellowfin
2022-03-14,2022,3,73,30.31,133.4,22.75,0.6567,0.0454,4.99,0.221,0.0219,66.6,4.159,0.1519,11.2,yellowfin
2022-03-21,2022,3,80,23.67,161.04,26.02,0.4908,-0.0551,4.87,0.146,0.051,100.6,4.826,0.6261,35.62,yellowfin
2022-03-25,2022,3,84,8.24,147.32,29.48,0.2048,0.0787,3.23,0.552,0.0113,93.2,3.824,0.525,13.5,yellowfin
2022-04-02,2022,4,92,27.67,168.31,23.05,0.5032,-0.069,5.39,0.157,0.0368,66.5,4.563,0.1738,29.68,yellowfin
2022-04-02,2022,4,92,27.21,146.93,23.89,0.5352,0.0841,4.96,0.255,0.0441,53.9,4.389,0.2836,34.89,yellowfin
2022-04-04,2022,4,94,20.91,150.09,26.46,0.4671,-0.0568,4.73,0.116,0.04,125.0,4.793,0.6813,39.18,yellowfin
2022-04-06,2022,4,96,29.71,143.35,23.59,0.5939,-0.2166,5.44,0.248,0.0304,68.8,4.742,0.2477,34.17,yellowfin
2022-04-12,2022,4,102,8.62,166.31,29.57,0.2034,0.0146,4.86,0.299,0.0453,119.7,5.765,0.5147,29.69,yellowfin
2022-04-15,2022,4,105,20.76,141.63,24.37,0.427,-0.0201,4.89,0.244,0.0395,170.6,4.444,0.3384,39.75,yellowfin
2022-04-19,2022,4,109,1.89,172.57,30.06,0.4854,0.0635,3.5,0.273,0.0106,59.3,4.263,0.6124,14.66,yellowfin
2022-04-20,2022,4,110,24.24,140.59,27.26,0.4463,0.0623,3.95,0.128,0.0312,172.7,4.17,0.7548,32.24,yellowfin
2022-04-20,2022,4,110,9.95,131.25,29.96,0.1513,-0.0334,2.89,0.462,0.0118,131.4,3.496,0.4136,16.3,yellowfin
2022-04-21,2022,4,111,8.33,173.94,28.76,0.3584,-0.0018,4.07,0.59,0.0102,80.1,4.632,0.7094,19.62,yellowfin
2022-04-22,2022,4,112,28.99,159.51,22.55,0.5414,-0.0126,5.1,0.334,0.0345,67.3,4.205,0.1277,17.43,yellowfin
2022-04-23,2022,4,113,11.23,161.69,28.86,0.2838,0.1169,4.04,0.369,0.0224,141.1,4.632,0.6507,23.87,yellowfin
2022-04-23,2022,4,113,21.99,154.23,24.91,0.396,0.041,4.69,0.132,0.0349,132.2,4.381,0.4164,40.62,yellowfin
2022-04-23,2022,4,113,13.51,121.3,27.32,0.4455,0.0554,4.79,0.237,0.0245,151.7,5.068,0.7586,26.37,yellowfin
2022-04-24,2022,4,114,21.38,149.57,25.25,0.3971,-0.1833,4.92,0.111,0.0372,154.9,4.676,0.4718,34.54,yellowfin
2022-04-24,2022,4,114,32.86,138.96,21.76,0.621,-0.0803,5.63,0.292,0.0172,197.0,4.456,0.0736,17.07,yellowfin
2022-04-27,2022,4,117,21.03,153.12,26.26,0.3957,0.0838,4.92,0.347,0.0355,208.9,4.933,0.6261,37.32,yellowfin
2022-04-28,2022,4,118,1.38,174.28,28.43,0.5117,0.1403,4.67,0.271,0.0105,100.5,5.231,0.7979,21.73,yellowfin
2022-05-05,2022,5,125,22.5,173.46,23.8,0.5732,-0.0101,5.1,0.164,0.0349,100.2,4.493,0.2753,36.79,yellowfin
2022-05-09,2022,5,129,24.84,168.51,24.05,0.4859,-0.0542,4.7,0.451,0.0308,92.0,4.202,0.3013,39.89,yellowfin
2022-05-14,2022,5,134,20.08,166.03,23.8,0.387,0.0275,5.09,0.155,0.0465,140.4,4.486,0.2502,50.33,yellowfin
2022-05-14,2022,5,134,25.26,150.62,23.61,0.4584,0.0211,4.55,0.174,0.0304,81.7,3.972,0.2359,55.53,yellowfin
2022-05-17,2022,5,137,28.42,147.82,24.51,0.5667,0.0205,5.08,0.362,0.0398,78.0,4.645,0.3857,47.28,yellowfin
2022-05-20,2022,5,140,23.51,133.07,23.65,0.4654,-0.0109,4.58,0.127,0.0424,151.2,4.007,0.2419,40.23,yellowfin
2022-05-21,2022,5,141,31.56,152.93,20.96,0.5797,-0.0078,5.39,0.368,0.0146,77.3,4.087,0.0376,25.56,yellowfin
2022-05-22,2022,5,142,17.98,124.11,27.95,0.4957,-0.0502,3.55,0.195,0.0268,177.8,3.879,0.8013,48.83,yellowfin
2022-05-25,2022,5,145,9.84,127.77,27.6,0.3434,0.1171,4.46,0.396,0.0319,101.5,4.786,0.7185,70.83,yellowfin
2022-05-26,2022,5,146,28.02,141.47,21.46,0.5299,-0.0469,5.54,0.229,0.0374,56.0,4.314,0.0564,70.21,yellowfin
2022-06-03,2022,6,154,30.39,140.33,21.18,0.5824,-0.0177,5.68,0.238,0.0189,121.1,4.357,0.0453,39.79,yellowfin
2022-06-03,2022,6,154,31.64,167.61,19.99,0.7322,-0.0914,5.26,0.277,0.0101,143.7,3.786,0.0157,21.55,yellowfin
2022-06-06,2022,6,157,3.7,130.88,29.15,0.2813,0.1488,4.36,0.333,0.0102,78.8,5.073,0.6258,47.94,yellowfin
2022-06-13,2022,6,164,19.14,170.55,24.38,0.4794,-0.0172,5.01,0.31,0.0214,175.2,4.549,0.3498,30.07,yellowfin
2022-06-13,2022,6,164,13.52,139.89,27.63,0.2169,0.0798,4.15,0.252,0.0219,164.2,4.463,0.6109,61.74,yellowfin
2022-06-17,2022,6,168,5.12,165.36,27.44,0.2552,-0.0277,4.52,0.29,0.0278,53.6,4.816,0.6433,42.33,yellowfin
2022-06-20,2022,6,171,29.33,164.7,19.65,0.5192,0.0221,5.26,0.186,0.032,89.9,3.717,0.0104,23.49,yellowfin
2022-06-21,2022,6,172,25.53,172.92,23.57,0.5983,-0.1423,4.62,0.166,0.0328,90.7,4.028,0.245,30.74,yellowfin
2022-06-21,2022,6,172,25.15,124.72,22.11,0.5879,0.0198,5.35,0.156,0.0865,113.4,4.31,0.0952,44.14,yellowfin
2022-06-21,2022,6,172,21.1,156.66,24.23,0.3666,0.0466,4.97,0.206,0.0583,148.8,4.48,0.3049,91.52,yellowfin
2022-06-25,2022,6,176,10.41,131.56,28.15,0.1967,0.0163,3.87,0.365,0.0357,108.0,4.278,0.5908,70.21,yellowfin
2022-06-28,2022,6,179,7.89,159.82,28.45,0.175,-0.0653,3.85,0.389,0.0119,143.6,4.32,0.5553,32.04,yellowfin
2022-06-28,2022,6,179,7.15,147.48,26.44,0.2084,0.1073,4.31,0.35,0.0136,85.5,4.362,0.5204,36.87,yellowfin
2022-07-01,2022,7,182,22.94,156.21,23.11,0.4119,-0.2681,4.94,0.102,0.041,312.3,4.202,0.1715,49.38,yellowfin
2022-07-06,2022,7,187,2.97,148.13,27.57,0.2944,0.0198,4.25,0.34,0.0103,54.0,4.557,0.6827,29.61,yellowfin
2022-07-08,2022,7,189,33.16,142.72,17.25,0.6089,-0.0559,5.53,0.395,0.0431,86.2,3.427,0.0006,44.91,yellowfin
2022-07-08,2022,7,189,26.83,137.43,20.85,0.4992,-0.0323,5.2,0.272,0.0447,93.7,3.916,0.033,51.65,yellowfin
2022-07-08,2022,7,189,8.91,161.54,27.12,0.164,0.0111,4.13,0.424,0.0181,90.8,4.329,0.5203,40.72,yellowfin
2022-07-09,2022,7,190,7.77,157.42,27.9,0.2435,-0.0213,3.93,0.385,0.0432,90.2,4.289,0.6444,59.69,yellowfin
2022-07-12,2022,7,193,22.2,130.46,22.57,0.3904,-0.1709,4.94,0.18,0.0322,104.5,4.083,0.119,36.83,yellowfin
2022-07-13,2022,7,194,7.09,158.46,28.39,0.2364,0.0884,3.86,0.366,0.0172,79.5,4.31,0.6315,37.9,yellowfin
2022-07-14,2022,7,195,26.95,169.34,19.89,0.459,0.0056,4.93,0.169,0.0374,114.4,3.525,0.0129,35.09,yellowfin
2022-07-15,2022,7,196,3.15,156.64,27.67,0.3442,0.0,4.23,0.573,0.0365,56.3,4.557,0.7213,60.92,yellowfin
2022-07-21,2022,7,202,9.22,167.0,26.07,0.1473,0.0326,4.71,0.581,0.0229,95.7,4.679,0.4119,41.01,yellowfin
2022-07-22,2022,7,203,29.83,165.78,19.71,0.5253,0.0742,5.44,0.221,0.0483,80.2,3.855,0.0111,40.26,yellowfin
2022-07-23,2022,7,204,28.6,168.26,19.31,0.5075,-0.0087,5.44,0.269,0.0509,56.5,3.773,0.0072,30.56,yellowfin
2022-07-24,2022,7,205,3.05,122.36,27.81,0.3955,0.0448,4.37,0.306,0.021,79.1,4.748,0.7548,50.43,yellowfin
2022-07-25,2022,7,206,29.56,146.54,19.4,0.5303,-0.0821,5.66,0.27,0.0311,56.3,3.943,0.008,37.29,yellowfin
2022-07-25,2022,7,206,4.27,126.28,29.12,0.3991,-0.0825,4.15,0.297,0.034,213.2,4.823,0.701,64.6,yellowfin
2022-08-01,2022,8,213,21.11,149.98,23.45,0.3332,-0.1482,4.88,0.414,0.037,149.8,4.22,0.1974,49.09,yellowfin
2022-08-02,2022,8,214,17.86,148.01,25.73,0.2811,-0.0294,4.3,0.244,0.04,187.7,4.195,0.493,66.15,yellowfin
2022-08-02,2022,8,214,18.6,122.18,25.85,0.4709,-0.0563,4.72,0.193,0.0317,195.4,4.632,0.5928,71.26,yellowfin
2022-08-04,2022,8,216,16.7,149.22,24.2,0.2446,0.0161,5.4,0.42,0.028,166.7,4.862,0.2619,49.85,yellowfin
2022-08-05,2022,8,217,20.59,165.89,23.18,0.3647,0.0442,5.11,0.235,0.0364,153.0,4.356,0.1731,38.47,yellowfin
2022-08-05,2022,8,217,33.16,140.15,18.16,0.5776,-0.1064,5.36,0.389,0.019,107.6,3.491,0.0019,31.91,yellowfin
2022-08-05,2022,8,217,23.97,165.54,20.52,0.4536,-0.0058,5.03,0.112,0.0308,106.2,3.726,0.0238,35.04,yellowfin
2022-08-06,2022,8,218,4.28,157.12,28.37,0.2756,0.0224,4.41,0.34,0.0103,132.3,4.928,0.6691,46.01,yellowfin
2022-08-06,2022,8,218,4.34,141.6,28.97,0.2345,0.0231,4.43,0.296,0.0248,103.3,5.106,0.5992,61.98,yellowfin
2022-08-06,2022,8,218,8.45,123.34,26.65,0.2753,-0.061,4.36,0.362,0.0213,88.8,4.46,0.6017,39.77,yellowfin
2022-08-08,2022,8,220,8.92,127.43,28.48,0.2866,0.0394,4.36,0.385,0.0154,90.5,4.898,0.6744,41.53,yellowfin
2022-08-09,2022,8,221,2.73,121.64,26.68,0.445,0.0401,4.33,0.394,0.0135,180.4,4.438,0.7,33.56,yellowfin
2022-08-09,2022,8,221,5.28,170.24,27.94,0.3569,0.0642,4.31,0.339,0.0102,86.9,4.713,0.7342,49.69,yellowfin
2022-08-10,2022,8,222,22.74,163.95,22.59,0.3836,-0.1385,4.69,0.256,0.0416,112.1,3.881,0.1208,29.23,yellowfin
2022-08-12,2022,8,224,5.79,133.93,28.06,0.1994,-0.056,3.3,0.351,0.0172,74.0,3.629,0.595,34.4,yellowfin
2022-08-12,2022,8,224,23.1,129.36,21.87,0.5511,-0.0198,5.2,0.305,0.0315,93.3,4.135,0.0785,63.24,yellowfin
2022-08-13,2022,8,225,15.12,135.62,25.28,0.2508,0.1744,4.72,0.309,0.0306,188.0,4.493,0.4099,78.78,yellowfin
2022-08-14,2022,8,226,19.92,152.46,23.8,0.3548,0.1293,5.52,0.145,0.0373,143.0,4.865,0.2439,42.88,yellowfin
2022-08-14,2022,8,226,31.68,148.1,19.16,0.55,-0.1139,6.17,0.237,0.0374,77.4,4.244,0.0062,47.49,yellowfin
2022-08-14,2022,8,226,32.26,137.55,18.49,0.5754,-0.1042,5.77,0.414,0.0172,84.0,3.825,0.0029,20.56,yellowfin
2022-08-14,2022,8,226,26.21,172.95,19.7,0.6206,-0.0376,5.46,0.236,0.0374,69.8,3.869,0.0114,31.85,yellowfin
2022-08-18,2022,8,230,34.35,145.8,17.86,0.6276,0.0013,5.91,0.299,0.034,129.4,3.783,0.0014,31.01,yellowfin
2022-08-18,2022,8,230,27.94,151.23,20.47,0.4887,-0.0311,5.52,0.307,0.0373,75.0,4.078,0.0231,40.08,yellowfin
2022-08-19,2022,8,231,28.51,169.64,19.99,0.5213,-0.033,5.17,0.211,0.0431,85.6,3.721,0.0147,30.22,yellowfin
2022-08-19,2022,8,231,29.24,131.34,19.19,0.5791,-0.0773,5.64,0.217,0.0438,76.7,3.888,0.0065,48.03,yellowfin
2022-08-19,2022,8,231,2.4,167.09,27.56,0.2985,-0.0737,4.27,0.378,0.011,71.5,4.575,0.6854,48.97,yellowfin
2022-08-22,2022,8,234,12.93,146.0,27.5,0.1768,0.0774,4.31,0.346,0.0247,191.5,4.608,0.5563,72.63,yellowfin
2022-08-23,2022,8,235,4.57,141.86,27.83,0.2322,-0.0908,4.0,0.337,0.0174,137.9,4.346,0.632,40.18,yellowfin
2022-08-27,2022,8,239,21.11,142.69,24.12,0.3561,0.0717,5.14,0.137,0.0332,149.6,4.607,0.2862,57.49,yellowfin
2022-09-02,2022,9,245,28.23,169.3,21.11,0.5498,-0.1368,5.51,0.343,0.0402,148.0,4.208,0.0421,40.78,yellowfin
2022-09-07,2022,9,250,9.0,162.64,29.16,0.1345,0.0938,4.11,0.302,0.0102,97.8,4.778,0.457,42.48,yellowfin
2022-09-08,2022,9,251,19.46,167.04,23.57,0.3051,0.0044,5.24,0.297,0.0265,291.3,4.559,0.2047,77.48,yellowfin
2022-09-11,2022,9,254,23.5,134.03,21.57,0.3895,-0.0083,5.37,0.241,0.0347,97.7,4.202,0.0568,52.18,yellowfin
2022-09-13,2022,9,256,23.62,134.49,21.99,0.4187,0.0459,5.42,0.123,0.0405,87.1,4.344,0.0801,67.58,yellowfin
2022-09-15,2022,9,258,11.88,171.98,25.61,0.3104,0.0906,4.75,0.318,0.0314,195.5,4.598,0.4912,53.13,yellowfin
2022-09-19,2022,9,262,6.53,171.57,27.8,0.3443,0.1305,3.76,0.353,0.0161,183.6,4.083,0.7245,48.99,yellowfin
2022-09-21,2022,9,264,0.54,149.06,25.27,0.2911,0.0387,4.36,0.22,0.0172,102.1,4.155,0.4323,37.99,yellowfin
2022-09-24,2022,9,267,20.12,167.46,23.61,0.3567,-0.2094,5.34,0.195,0.0568,129.5,4.662,0.2206,66.64,yellowfin
2022-09-28,2022,9,271,2.2,155.87,28.48,0.3019,0.1562,4.38,0.316,0.0187,102.3,4.919,0.6864,52.52,yellowfin
2022-10-03,2022,10,276,13.69,122.5,25.88,0.3554,-0.1096,4.44,0.271,0.0225,160.8,4.367,0.5534,29.58,yellowfin
2022-10-04,2022,10,277,20.61,158.58,24.7,0.3357,0.0019,5.32,0.195,0.0301,142.3,4.914,0.3646,33.37,yellowfin
2022-10-05,2022,10,278,9.5,129.96,29.62,0.3672,0.0496,4.14,0.489,0.0199,102.3,4.93,0.6285,30.93,yellowfin
2022-10-07,2022,10,280,11.48,131.83,27.17,0.1566,0.1355,4.21,0.324,0.0295,148.4,4.417,0.5118,47.56,yellowfin
2022-10-08,2022,10,281,21.69,171.41,23.42,0.485,0.0524,4.66,0.173,0.0314,114.0,4.028,0.2153,23.07,yellowfin
2022-10-09,2022,10,282,26.96,138.53,21.31,0.4721,-0.0764,5.22,0.141,0.0345,61.4,4.033,0.0482,29.91,yellowfin
2022-10-11,2022,10,284,28.14,138.04,22.04,0.4906,-0.0155,5.05,0.487,0.0311,66.9,4.057,0.0869,27.53,yellowfin
2022-10-12,2022,10,285,6.79,155.79,29.82,0.2037,-0.0377,3.47,0.328,0.025,66.0,4.172,0.4876,19.91,yellowfin
2022-10-13,2022,10,286,27.47,120.98,21.4,0.6355,-0.0245,5.03,0.216,0.0321,58.0,3.905,0.0555,20.97,yellowfin
2022-10-15,2022,10,288,11.43,120.63,26.77,0.3506,0.0749,4.44,0.361,0.0443,186.9,4.567,0.6644,34.14,yellowfin
2022-10-16,2022,10,289,16.39,169.09,26.35,0.3518,0.138,4.47,0.177,0.0267,181.5,4.502,0.6171,40.95,yellowfin
2022-10-17,2022,10,290,2.84,143.9,28.02,0.3,-0.0168,4.31,0.295,0.0304,65.8,4.734,0.6948,27.04,yellowfin
2022-10-18,2022,10,291,29.39,127.48,20.42,0.7285,-0.0852,5.3,0.306,0.0323,52.3,3.899,0.0239,22.69,yellowfin
2022-10-24,2022,10,297,30.85,154.95,19.1,0.5586,-0.0119,5.7,0.469,0.0117,70.9,3.904,0.0058,16.16,yellowfin
2022-10-25,2022,10,298,25.53,163.93,22.56,0.4268,0.0056,4.87,0.251,0.0353,71.5,4.023,0.1213,21.58,yellowfin
2022-10-26,2022,10,299,22.33,167.09,24.34,0.3768,-0.2085,5.0,0.594,0.0327,104.4,4.538,0.3228,25.41,yellowfin
2022-11-01,2022,11,305,4.06,122.13,29.0,0.3706,0.026,3.71,0.309,0.0169,58.5,4.279,0.6975,24.94,yellowfin
2022-11-02,2022,11,306,0.19,122.84,28.49,0.4939,-0.122,4.28,0.269,0.0159,79.1,4.806,0.7888,15.87,yellowfin
2022-11-02,2022,11,306,34.97,156.61,20.16,0.6159,0.0172,5.32,0.431,0.034,104.6,3.859,0.0179,16.11,yellowfin
2022-11-05,2022,11,309,20.44,143.13,25.48,0.3272,0.1622,4.8,0.191,0.0389,150.0,4.625,0.4811,37.55,yellowfin
2022-11-05,2022,11,309,7.27,120.13,28.14,0.3414,0.02,4.83,0.343,0.022,78.2,5.333,0.7236,24.25,yellowfin
2022-11-05,2022,11,309,14.5,164.66,26.27,0.217,0.0616,4.45,0.231,0.0218,195.7,4.467,0.5116,19.86,yellowfin
2022-11-06,2022,11,310,0.15,151.41,30.15,0.3325,0.0806,4.02,0.282,0.0323,99.9,4.909,0.5389,16.96,yellowfin
2022-11-06,2022,11,310,22.5,130.44,24.81,0.4598,-0.1638,5.23,0.618,0.0574,119.0,4.865,0.4169,57.74,yellowfin
2022-11-06,2022,11,310,3.44,173.74,30.47,0.3968,-0.1049,3.73,0.631,0.0213,81.6,4.633,0.5171,20.05,yellowfin
2022-11-06,2022,11,310,10.48,157.53,28.87,0.1701,0.048,3.62,0.757,0.0256,175.9,4.149,0.5294,39.02,yellowfin
2022-11-07,2022,11,311,13.26,173.08,26.98,0.3219,0.0214,4.38,0.292,0.0271,148.9,4.56,0.6666,24.41,yellowfin
2022-11-10,2022,11,314,22.65,138.83,25.21,0.4267,-0.1189,4.62,0.155,0.0312,162.9,4.389,0.4745,32.04,yellowfin
2022-11-10,2022,11,314,30.12,133.78,21.65,0.5346,-0.0027,5.09,0.227,0.0149,67.2,4.004,0.0654,18.15,yellowfin
2022-11-12,2022,11,316,7.14,149.07,30.39,0.1749,-0.0525,3.75,0.4,0.0202,79.0,4.639,0.3934,16.67,yellowfin
2022-11-14,2022,11,318,14.24,171.84,27.47,0.3495,0.0672,5.04,0.472,0.0264,157.1,5.376,0.7169,33.36,yellowfin
2022-11-15,2022,11,319,18.87,165.51,25.3,0.2902,0.0584,4.61,0.172,0.0342,214.0,4.396,0.4358,30.89,yellowfin
2022-11-17,2022,11,321,27.74,138.25,22.15,0.5027,0.1053,4.66,0.582,0.0364,60.6,3.764,0.0946,28.96,yellowfin
2022-11-21,2022,11,325,12.42,120.71,28.01,0.3637,0.034,4.53,0.303,0.0336,148.1,4.971,0.7385,32.66,yellowfin
2022-11-23,2022,11,327,21.25,174.55,24.84,0.5046,-0.0384,5.15,0.464,0.0314,121.3,4.792,0.4304,27.89,yellowfin
2022-11-27,2022,11,331,4.13,134.63,30.02,0.2259,0.1084,3.87,0.325,0.0113,122.1,4.703,0.4851,16.33,yellowfin
2022-11-27,2022,11,331,6.1,122.67,31.1,0.3319,0.1156,3.69,0.373,0.0197,76.9,4.729,0.3939,17.34,yellowfin
2022-11-28,2022,11,332,12.57,126.92,28.51,0.335,0.088,3.73,0.297,0.0488,227.1,4.2,0.7086,37.65,yellowfin
2022-11-28,2022,11,332,26.06,126.5,22.73,0.6507,-0.0541,4.9,0.135,0.0357,72.8,4.082,0.1494,25.34,yellowfin
2022-12-01,2022,12,335,8.04,127.25,29.79,0.3646,0.1202,4.55,0.363,0.016,162.5,5.465,0.6045,26.98,yellowfin
2022-12-01,2022,12,335,19.45,124.96,25.06,0.4577,0.1987,4.52,0.273,0.0296,174.0,4.257,0.4582,17.27,yellowfin
2022-12-02,2022,12,336,29.16,121.5,23.6,0.6537,-0.0991,4.98,0.36,0.0314,62.3,4.348,0.2534,17.91,yellowfin
2022-12-02,2022,12,336,14.11,124.42,28.08,0.3341,0.1833,4.52,0.414,0.0333,156.9,4.98,0.7194,28.97,yellowfin
2022-12-04,2022,12,338,31.54,125.41,23.0,0.7302,0.0181,4.79,0.252,0.0129,99.1,4.047,0.1819,12.35,yellowfin
2022-12-05,2022,12,339,16.49,139.43,26.64,0.2861,0.102,4.11,0.256,0.0287,164.0,4.206,0.6093,30.55,yellowfin
2022-12-07,2022,12,341,11.67,141.84,27.79,0.1592,-0.097,3.78,0.346,0.0304,157.8,4.097,0.5373,19.16,yellowfin
2022-12-07,2022,12,341,25.37,163.77,26.06,0.4425,-0.0734,4.71,0.449,0.0745,128.2,4.676,0.6155,34.93,yellowfin
2022-12-08,2022,12,342,25.59,164.39,24.85,0.436,-0.1069,4.67,0.292,0.0334,66.3,4.348,0.4176,30.59,yellowfin
2022-12-08,2022,12,342,14.79,125.34,27.49,0.3597,0.0123,4.38,0.312,0.0246,149.5,4.674,0.7242,33.81,yellowfin
2022-12-09,2022,12,343,16.92,172.31,26.85,0.509,0.1681,4.02,0.178,0.0249,176.0,4.155,0.7423,26.69,yellowfin
2022-12-10,2022,12,344,34.52,140.81,21.02,0.6396,0.004,5.53,0.374,0.0113,96.5,4.203,0.0402,8.94,yellowfin
2022-12-14,2022,12,348,4.77,165.87,31.17,0.2274,-0.0605,4.27,0.318,0.0272,57.2,5.491,0.3356,24.78,yellowfin
2022-12-15,2022,12,349,7.82,122.07,31.0,0.3689,0.1494,3.44,0.309,0.0123,102.2,4.397,0.4223,18.44,yellowfin
2022-12-16,2022,12,350,5.64,157.08,31.37,0.187,-0.0127,3.46,0.308,0.012,82.9,4.504,0.2844,12.57,yellowfin
2022-12-17,2022,12,351,8.93,154.4,29.41,0.1703,-0.0441,3.6,0.646,0.0213,133.8,4.246,0.4902,23.77,yellowfin
2022-12-18,2022,12,352,28.79,127.11,23.76,0.7086,0.0285,5.27,0.21,0.0352,51.6,4.639,0.2806,24.17,yellowfin
2022-12-20,2022,12,354,25.63,162.51,24.05,0.4422,-0.1519,5.03,0.198,0.0332,91.6,4.493,0.2939,16.0,yellowfin
2022-12-21,2022,12,355,25.08,172.28,24.7,0.6018,-0.0393,4.88,0.121,0.0383,75.9,4.513,0.4237,18.94,yellowfin
2022-12-21,2022,12,355,1.78,171.14,28.66,0.4545,-0.0184,3.49,0.258,0.0159,60.3,3.962,0.7638,14.64,yellowfin
2022-12-23,2022,12,357,28.16,159.65,22.7,0.4614,-0.036,5.58,0.237,0.0305,62.9,4.639,0.1363,15.39,yellowfin
2022-12-25,2022,12,359,16.2,141.18,27.16,0.2368,-0.0731,3.8,0.255,0.0205,158.1,3.994,0.6106,24.91,yellowfin
2022-12-27,2022,12,361,7.77,130.82,30.83,0.2056,0.0969,3.57,0.348,0.0272,180.1,4.513,0.365,14.91,yellowfin
2022-12-27,2022,12,361,18.5,153.11,24.92,0.4233,-0.0356,5.06,0.141,0.0337,155.8,4.727,0.4259,38.38,yellowfin
2023-01-01,2023,1,1,5.44,153.36,30.28,0.213,0.1102,3.49,0.37,0.0391,97.4,4.298,0.4417,24.19,yellowfin
2023-01-03,2023,1,3,9.8,166.36,30.02,0.128,0.1345,3.93,0.302,0.0148,185.4,4.781,0.3755,16.61,yellowfin
2023-01-03,2023,1,3,27.55,126.95,24.11,0.6447,-0.069,5.1,0.201,0.0544,56.8,4.57,0.329,27.18,yellowfin
2023-01-06,2023,1,6,18.16,164.55,27.01,0.2762,0.027,4.98,0.233,0.023,146.1,5.192,0.6351,20.8,yellowfin
2023-01-10,2023,1,10,27.91,166.15,25.92,0.4898,0.0034,4.92,0.227,0.0627,78.9,4.844,0.6095,27.19,yellowfin
2023-01-13,2023,1,13,23.83,141.65,23.62,0.4038,0.0617,4.87,0.326,0.0525,133.0,4.253,0.2291,32.3,yellowfin
2023-01-14,2023,1,14,30.29,141.25,23.29,0.5266,-0.1265,5.25,0.212,0.0152,56.9,4.501,0.203,13.24,yellowfin
2023-01-16,2023,1,16,21.23,142.13,26.1,0.3591,0.1078,4.41,0.211,0.033,124.6,4.389,0.5875,30.06,yellowfin
2023-01-17,2023,1,17,32.8,149.28,22.38,0.5632,-0.0998,5.33,0.296,0.0311,109.0,4.359,0.1141,16.72,yellowfin
2023-01-18,2023,1,18,22.18,151.41,25.97,0.3653,0.0208,4.84,0.102,0.0339,124.4,4.774,0.5714,33.23,yellowfin
2023-01-19,2023,1,19,3.08,146.07,31.75,0.2784,0.046,3.63,0.299,0.0171,73.9,4.806,0.2811,19.1,yellowfin
2023-01-20,2023,1,20,19.43,138.38,25.76,0.3098,-0.0257,4.7,0.328,0.0218,159.4,4.592,0.5128,22.6,yellowfin
2023-01-23,2023,1,23,23.74,161.07,25.63,0.4105,0.0618,4.89,0.112,0.0355,114.6,4.742,0.5388,25.54,yellowfin
2023-01-23,2023,1,23,1.57,155.28,32.66,0.3064,0.0446,3.55,0.249,0.0104,76.9,4.92,0.1796,10.84,yellowfin
2023-01-25,2023,1,25,12.03,172.21,27.4,0.3381,0.2066,4.45,0.404,0.0267,208.1,4.732,0.7064,21.34,yellowfin
2023-01-27,2023,1,27,33.21,161.61,23.87,0.6298,0.0153,4.9,0.266,0.012,86.7,4.334,0.2908,16.15,yellowfin
2023-01-28,2023,1,28,9.15,124.59,29.43,0.2981,0.0434,4.07,0.347,0.0276,89.5,4.8,0.6105,19.15,yellowfin
2023-02-01,2023,2,32,19.9,132.89,27.33,0.3491,0.1733,3.88,0.123,0.0231,174.8,4.112,0.7095,21.91,yellowfin
2023-02-02,2023,2,33,26.68,174.3,24.67,0.6355,0.0304,4.76,0.288,0.0455,81.4,4.389,0.4224,27.24,yellowfin
2023-02-04,2023,2,35,14.38,168.04,26.85,0.29,0.2131,4.41,0.473,0.0227,168.3,4.553,0.6322,21.55,yellowfin
2023-02-12,2023,2,43,34.09,121.56,22.25,0.7565,0.0452,4.94,0.374,0.0115,117.8,4.009,0.11,10.95,yellowfin
2023-02-15,2023,2,46,23.57,145.09,24.84,0.4221,0.0145,4.56,0.143,0.0518,95.6,4.247,0.4118,27.51,yellowfin
2023-02-17,2023,2,48,24.95,162.1,25.65,0.4463,-0.034,5.12,0.119,0.0323,101.0,4.967,0.5528,32.72,yellowfin
2023-02-18,2023,2,49,9.36,132.21,28.99,0.145,0.0767,4.25,0.492,0.0119,101.6,4.896,0.4847,29.53,yellowfin
2023-02-19,2023,2,50,30.36,144.96,24.26,0.5319,0.1044,4.72,0.209,0.0155,94.5,4.266,0.3403,24.1,yellowfin
2023-02-19,2023,2,50,12.65,120.12,29.11,0.3363,0.118,3.93,0.316,0.0331,137.3,4.559,0.6677,31.01,yellowfin
2023-02-19,2023,2,50,4.04,169.25,32.31,0.2485,0.0733,3.43,0.285,0.0183,69.8,4.669,0.2031,17.42,yellowfin
2023-02-20,2023,2,51,4.64,126.28,32.43,0.3819,0.0115,3.77,0.315,0.0179,52.5,5.173,0.2195,16.0,yellowfin
2023-02-20,2023,2,51,17.19,120.93,26.99,0.4243,0.0868,4.35,0.181,0.0364,156.2,4.53,0.7235,28.91,yellowfin
2023-02-23,2023,2,54,14.99,171.34,27.1,0.4305,0.1023,4.98,0.207,0.0231,237.1,5.215,0.7355,39.04,yellowfin
2023-02-23,2023,2,54,30.96,172.35,24.12,0.7547,-0.088,4.7,0.378,0.0129,87.8,4.214,0.3401,12.96,yellowfin
2023-02-24,2023,2,55,30.76,143.37,25.09,0.5384,-0.068,4.72,0.286,0.013,74.6,4.452,0.4818,17.57,yellowfin
2023-02-24,2023,2,55,19.49,171.19,28.31,0.4827,0.0085,4.08,0.121,0.0221,166.7,4.545,0.7917,24.97,yellowfin
2023-03-01,2023,3,60,2.82,159.99,33.0,0.3657,0.0648,3.54,0.292,0.0113,61.3,4.995,0.1551,18.89,yellowfin
2023-03-04,2023,3,63,14.05,149.1,27.23,0.2613,-0.0048,4.45,0.305,0.0217,179.1,4.69,0.6378,30.95,yellowfin
2023-03-05,2023,3,64,5.57,146.75,31.33,0.2676,0.0158,2.96,0.31,0.0119,74.1,3.839,0.3341,10.68,yellowfin
2023-03-07,2023,3,66,24.86,166.82,25.09,0.4459,-0.1284,4.31,0.296,0.0307,79.1,4.063,0.4601,27.78,yellowfin
2023-03-07,2023,3,66,14.54,140.24,27.57,0.2838,0.0597,4.15,0.37,0.0336,253.9,4.455,0.6739,35.06,yellowfin
2023-03-08,2023,3,67,1.77,152.7,32.02,0.3562,0.0762,4.16,0.432,0.0164,61.3,5.584,0.2675,22.8,yellowfin
2023-03-09,2023,3,68,2.77,146.91,31.3,0.326,0.1352,3.41,0.541,0.0128,111.6,4.421,0.3614,15.53,yellowfin
2023-03-10,2023,3,69,6.22,168.49,31.03,0.2382,0.2163,4.15,0.314,0.0111,63.5,5.299,0.3603,13.21,yellowfin
2023-03-13,2023,3,72,4.05,172.57,29.85,0.475,0.1647,4.52,0.295,0.0123,89.5,5.444,0.6403,25.74,yellowfin
2023-03-14,2023,3,73,18.37,162.66,27.54,0.3409,-0.0973,4.53,0.321,0.0397,147.1,4.853,0.7148,35.49,yellowfin
2023-03-14,2023,3,73,7.32,165.26,31.59,0.238,0.0431,3.93,0.409,0.0115,70.5,5.167,0.2859,15.0,yellowfin
2023-03-16,2023,3,75,34.46,133.63,23.39,0.6726,0.0011,5.5,0.515,0.0145,96.4,4.743,0.2264,22.57,yellowfin
2023-03-20,2023,3,79,16.96,140.51,27.76,0.2895,0.035,3.64,0.272,0.0382,186.6,3.943,0.684,39.06,yellowfin
2023-03-21,2023,3,80,8.77,134.46,30.61,0.2116,0.0754,3.29,0.43,0.0124,99.5,4.117,0.3985,15.28,yellowfin
2023-03-21,2023,3,80,28.05,147.02,24.8,0.509,-0.0158,4.44,0.19,0.0302,66.0,4.128,0.4246,23.11,yellowfin
2023-03-22,2023,3,81,24.68,173.28,24.16,0.5977,-0.1033,5.19,0.121,0.0459,88.0,4.666,0.3327,29.91,yellowfin
2023-03-23,2023,3,82,20.45,134.49,25.45,0.3752,-0.1372,4.53,0.202,0.0407,143.7,4.358,0.497,35.32,yellowfin
2023-03-24,2023,3,83,5.96,142.58,32.0,0.2489,-0.0211,3.16,0.425,0.0116,58.4,4.235,0.2387,10.73,yellowfin
2023-03-28,2023,3,87,20.69,170.04,26.18,0.5259,-0.0165,4.18,0.281,0.0441,207.9,4.168,0.66,28.22,yellowfin
2023-04-02,2023,4,92,1.85,120.03,31.2,0.4648,0.0137,3.9,0.636,0.0164,57.8,5.03,0.4169,19.4,yellowfin
2023-04-03,2023,4,93,15.42,147.92,27.37,0.2831,-0.1795,4.05,0.211,0.0248,243.5,4.302,0.6643,41.75,yellowfin
2023-04-10,2023,4,100,4.33,130.24,31.7,0.3366,0.0561,3.61,0.357,0.0276,68.9,4.773,0.3065,18.75,yellowfin
2023-04-11,2023,4,101,25.32,161.18,24.14,0.5079,0.0302,4.58,0.177,0.0704,107.3,4.108,0.3179,29.29,yellowfin
2023-04-12,2023,4,102,13.79,120.96,27.66,0.4894,0.042,4.07,0.367,0.0212,154.2,4.382,0.7932,38.97,yellowfin
2023-04-16,2023,4,106,17.35,123.04,24.98,0.4894,0.1189,4.69,0.256,0.0328,164.1,4.395,0.4517,31.9,yellowfin
2023-04-17,2023,4,107,15.16,154.36,27.43,0.2607,-0.0045,4.65,0.241,0.0201,160.0,4.952,0.6479,41.64,yellowfin
2023-04-24,2023,4,114,22.87,150.22,26.06,0.4153,-0.0628,4.62,0.191,0.0384,123.5,4.583,0.6057,33.62,yellowfin
2023-04-26,2023,4,116,32.19,155.8,23.3,0.6417,0.1458,4.83,0.264,0.0108,81.2,4.145,0.2121,26.05,yellowfin
2023-05-01,2023,5,121,12.03,140.04,27.72,0.2001,0.1645,3.62,0.287,0.0202,163.6,3.913,0.593,31.08,yellowfin
2023-05-02,2023,5,122,6.61,161.99,30.78,0.2297,0.0242,4.46,0.46,0.0207,130.7,5.626,0.3894,40.99,yellowfin
2023-05-06,2023,5,126,18.61,131.24,26.77,0.3437,0.0401,4.05,0.148,0.0297,152.5,4.169,0.661,51.24,yellowfin
2023-05-06,2023,5,126,15.79,142.13,26.46,0.2883,0.0313,4.64,0.33,0.0269,172.5,4.699,0.5914,69.85,yellowfin
2023-05-12,2023,5,132,26.33,136.38,21.55,0.5069,-0.136,4.91,0.195,0.0394,69.0,3.841,0.0599,58.56,yellowfin
2023-05-13,2023,5,133,13.77,140.85,27.53,0.2698,0.1219,3.83,0.29,0.0445,195.3,4.099,0.6604,67.24,yellowfin
2023-05-17,2023,5,137,14.27,127.67,26.86,0.4222,0.0785,4.1,0.283,0.0293,152.4,4.236,0.7095,46.63,yellowfin
2023-05-18,2023,5,138,25.67,140.15,23.33,0.4695,-0.0688,4.49,0.142,0.0354,122.6,3.865,0.2026,72.44,yellowfin
2023-05-19,2023,5,139,13.08,125.2,28.45,0.3909,0.0677,3.71,0.264,0.0309,202.7,4.161,0.7446,96.22,yellowfin
2023-05-21,2023,5,141,8.91,135.47,28.94,0.2081,0.1134,3.7,0.303,0.0151,99.2,4.26,0.5734,40.16,yellowfin
2023-05-24,2023,5,144,26.6,162.48,22.68,0.5122,0.128,5.55,0.568,0.0478,61.0,4.614,0.1378,62.86,yellowfin
2023-05-24,2023,5,144,4.94,135.19,29.1,0.253,0.1047,4.16,0.466,0.0223,104.1,4.824,0.6062,53.83,yellowfin
2023-05-26,2023,5,146,3.52,148.72,28.6,0.2878,0.1224,4.09,0.276,0.0115,64.4,4.63,0.6696,61.26,yellowfin
2023-05-26,2023,5,146,10.46,135.15,27.9,0.1705,0.0292,3.51,0.355,0.0258,134.3,3.829,0.5555,51.47,yellowfin
2023-05-27,2023,5,147,4.08,170.95,31.31,0.429,-0.1161,4.07,0.374,0.0118,60.0,5.279,0.3907,50.46,yellowfin
2023-06-01,2023,6,152,19.67,126.96,25.47,0.5093,-0.0478,4.81,0.136,0.0291,151.0,4.631,0.5413,64.55,yellowfin
2023-06-02,2023,6,153,9.46,169.16,26.23,0.1726,-0.0504,4.71,0.344,0.0346,129.7,4.714,0.4592,63.19,yellowfin
2023-06-03,2023,6,154,32.94,127.81,19.36,0.755,-0.1815,5.24,0.388,0.0278,90.4,3.644,0.0082,27.31,yellowfin
2023-06-10,2023,6,161,14.41,163.65,25.66,0.2383,-0.0469,4.93,0.226,0.0222,160.5,4.788,0.4543,63.61,yellowfin
2023-06-10,2023,6,161,32.01,159.21,18.38,0.6142,-0.1804,5.89,0.348,0.0201,72.4,3.884,0.0026,19.41,yellowfin
2023-06-11,2023,6,162,19.92,135.94,23.59,0.3233,0.1481,5.06,0.123,0.0202,135.7,4.407,0.2109,62.97,yellowfin
2023-06-11,2023,6,162,0.04,172.9,26.53,0.5265,-0.2052,4.29,0.333,0.0124,116.0,4.365,0.7097,48.59,yellowfin
2023-06-11,2023,6,162,34.12,159.94,18.96,0.6083,-0.0132,5.43,0.361,0.0257,89.5,3.695,0.005,26.97,yellowfin
2023-06-12,2023,6,163,7.33,159.34,29.38,0.2181,-0.0765,3.53,0.303,0.0272,110.8,4.147,0.548,33.1,yellowfin
2023-06-13,2023,6,164,5.31,131.86,30.02,0.2566,0.0515,3.07,0.538,0.0324,81.2,3.727,0.5094,44.52,yellowfin
2023-06-13,2023,6,164,18.61,153.33,25.91,0.3236,0.0294,4.4,0.327,0.0311,186.1,4.334,0.5421,74.22,yellowfin
2023-06-15,2023,6,166,32.44,155.41,19.66,0.5875,-0.0429,5.26,0.339,0.0141,107.4,3.719,0.0107,31.16,yellowfin
2023-06-15,2023,6,166,29.62,123.89,19.85,0.687,-0.0947,5.48,0.257,0.0318,97.4,3.913,0.0135,34.85,yellowfin
2023-06-16,2023,6,167,22.38,148.6,24.06,0.4178,-0.0719,4.4,0.122,0.034,114.3,3.927,0.2907,48.8,yellowfin
2023-06-25,2023,6,176,30.37,161.71,19.39,0.5698,-0.1437,5.54,0.237,0.0111,106.9,3.855,0.008,37.07,yellowfin
2023-07-02,2023,7,183,5.36,138.22,27.46,0.2191,-0.0031,4.0,0.431,0.0116,108.5,4.263,0.6076,43.04,yellowfin
2023-07-03,2023,7,184,7.87,160.64,26.76,0.1558,0.0788,4.75,0.394,0.0104,162.1,4.881,0.4841,37.91,yellowfin
2023-07-10,2023,7,191,32.6,130.95,17.78,0.5682,-0.0699,5.91,0.5,0.0104,80.8,3.77,0.0012,17.04,yellowfin
2023-07-10,2023,7,191,29.87,136.44,18.56,0.5191,-0.0758,5.63,0.234,0.0397,72.1,3.75,0.0031,29.45,yellowfin
2023-07-16,2023,7,197,9.48,146.89,27.78,0.1851,0.0534,3.88,0.302,0.0114,93.9,4.203,0.5747,41.45,yellowfin
2023-07-16,2023,7,197,19.39,156.26,24.22,0.3198,-0.0085,4.72,0.121,0.0289,136.0,4.249,0.2904,63.4,yellowfin
2023-07-19,2023,7,200,13.8,164.75,27.29,0.2585,0.0103,4.44,0.255,0.0214,155.6,4.696,0.6388,43.01,yellowfin
2023-07-20,2023,7,201,26.96,174.9,19.8,0.5972,-0.0419,5.69,0.175,0.0351,67.0,4.048,0.0124,42.6,yellowfin
2023-07-21,2023,7,202,23.06,127.37,22.64,0.6064,-0.1123,5.09,0.131,0.0432,113.6,4.221,0.1385,49.28,yellowfin
2023-07-24,2023,7,205,5.37,152.05,27.84,0.2319,0.0477,4.14,0.544,0.0325,90.1,4.504,0.6317,51.72,yellowfin
2023-08-04,2023,8,216,11.56,158.17,27.91,0.1755,0.0264,3.73,0.342,0.0329,211.6,4.071,0.5628,63.33,yellowfin
2023-08-07,2023,8,219,26.58,151.21,21.36,0.4462,-0.0941,5.52,0.267,0.0335,62.7,4.275,0.0497,53.5,yellowfin
2023-08-08,2023,8,220,33.13,160.03,16.83,0.6905,-0.0086,6.38,0.767,0.0183,88.2,3.861,0.0004,25.98,yellowfin
2023-08-08,2023,8,220,1.06,164.87,26.39,0.3233,-0.1321,4.78,0.241,0.0371,88.6,4.818,0.6053,49.18,yellowfin
2023-08-12,2023,8,224,23.4,166.1,21.68,0.3898,-0.0298,5.01,0.132,0.0478,101.1,3.952,0.0623,34.32,yellowfin
2023-08-13,2023,8,225,10.45,161.98,26.7,0.1377,-0.037,4.71,0.458,0.0247,114.9,4.826,0.4524,40.82,yellowfin
2023-08-15,2023,8,227,3.43,135.18,27.8,0.2805,-0.0737,4.35,0.428,0.0348,127.1,4.72,0.6774,65.01,yellowfin
2023-08-16,2023,8,228,22.89,173.34,22.65,0.5825,-0.0248,5.0,0.102,0.0457,131.4,4.144,0.1388,35.17,yellowfin
2023-08-16,2023,8,228,18.06,169.71,25.83,0.3362,0.0817,4.76,0.145,0.0214,168.6,4.668,0.5373,56.72,yellowfin
2023-08-19,2023,8,231,25.14,151.19,21.8,0.4362,-0.1685,5.45,0.126,0.0592,85.7,4.319,0.0702,90.99,yellowfin
2023-08-23,2023,8,235,12.4,146.59,27.31,0.2262,-0.0736,4.04,0.31,0.0216,195.5,4.274,0.6083,78.89,yellowfin
2023-08-25,2023,8,237,21.48,135.3,22.65,0.3431,-0.1783,4.63,0.117,0.035,159.5,3.843,0.1216,80.5,yellowfin
2023-08-26,2023,8,238,31.64,148.55,17.63,0.5432,-0.1311,5.79,0.306,0.0589,72.9,3.663,0.001,42.5,yellowfin
2023-08-27,2023,8,239,6.81,160.22,28.68,0.1726,0.0397,4.43,0.389,0.0183,68.1,5.032,0.5431,53.27,yellowfin
2023-09-04,2023,9,247,32.33,129.56,17.6,0.7169,-0.074,5.63,0.325,0.0248,139.1,3.556,0.001,33.64,yellowfin
2023-09-05,2023,9,248,10.73,121.92,26.53,0.3069,-0.1527,4.18,0.33,0.0431,141.0,4.253,0.6118,56.91,yellowfin
2023-09-06,2023,9,249,1.66,127.6,27.31,0.4591,-0.1078,4.66,0.576,0.0107,56.9,4.931,0.764,47.82,yellowfin
2023-09-07,2023,9,250,13.73,156.12,27.42,0.2144,0.1335,3.81,0.386,0.0211,198.1,4.054,0.6003,74.31,yellowfin
2023-09-13,2023,9,256,2.51,164.15,27.39,0.2886,-0.0547,4.4,0.367,0.0175,52.7,4.674,0.6698,47.91,yellowfin
2023-09-17,2023,9,260,26.29,163.51,20.34,0.4468,-0.0416,5.41,0.236,0.0332,62.4,3.968,0.02,35.46,yellowfin
2023-09-18,2023,9,261,24.07,131.03,23.19,0.3979,-0.0441,4.78,0.12,0.0304,83.2,4.077,0.1782,46.74,yellowfin
2023-09-19,2023,9,262,27.67,166.74,21.27,0.4599,-0.0161,5.62,0.187,0.0375,100.3,4.331,0.0465,45.1,yellowfin
2023-09-21,2023,9,264,28.22,146.23,19.94,0.4794,-0.0766,5.76,0.363,0.0478,76.0,4.131,0.0137,58.56,yellowfin
2023-09-23,2023,9,266,16.29,174.3,24.43,0.3894,0.0209,4.15,0.21,0.0303,174.3,3.785,0.3395,42.38,yellowfin
2023-09-24,2023,9,267,5.52,125.69,27.65,0.3731,0.064,4.45,0.374,0.0166,62.6,4.792,0.7384,47.22,yellowfin
2023-09-25,2023,9,268,7.41,122.31,29.16,0.3434,-0.0257,4.09,0.398,0.0157,82.2,4.758,0.6677,49.43,yellowfin
2023-09-26,2023,9,269,33.61,127.03,18.37,0.7418,-0.1089,6.13,0.314,0.0206,247.5,4.038,0.0027,30.55,yellowfin
2023-09-28,2023,9,271,6.58,167.21,28.72,0.1872,-0.0607,4.07,0.347,0.0104,87.7,4.626,0.561,36.6,yellowfin
2023-10-03,2023,10,276,22.83,165.27,22.98,0.383,-0.0666,4.92,0.204,0.0355,126.8,4.153,0.155,21.62,yellowfin
2023-10-06,2023,10,279,33.07,172.09,18.23,0.7115,0.0129,5.53,0.282,0.0129,96.5,3.618,0.0022,11.07,yellowfin
2023-10-08,2023,10,281,26.53,139.5,22.16,0.4726,0.1286,5.05,0.204,0.0324,71.4,4.085,0.0942,32.86,yellowfin
2023-10-10,2023,10,283,17.59,142.98,25.89,0.2849,-0.0019,4.16,0.332,0.0428,147.2,4.086,0.5169,36.28,yellowfin
2023-10-15,2023,10,288,34.75,169.97,18.96,0.7269,-0.0223,5.65,0.782,0.0106,184.6,3.847,0.0052,16.77,yellowfin
2023-10-17,2023,10,290,21.3,172.75,22.41,0.4851,0.0232,5.64,0.18,0.0307,125.3,4.618,0.1132,23.8,yellowfin
2023-10-21,2023,10,294,16.17,128.87,25.03,0.4219,0.0105,4.3,0.243,0.034,157.3,4.047,0.4433,31.73,yellowfin
2023-10-23,2023,10,296,6.89,133.32,29.55,0.2951,0.0267,3.73,0.327,0.0387,74.9,4.428,0.5942,30.36,yellowfin
2023-10-27,2023,10,300,17.72,154.24,25.12,0.2936,0.065,4.96,0.206,0.0247,199.2,4.688,0.4105,31.27,yellowfin
2023-10-28,2023,10,301,8.9,170.53,27.6,0.2842,0.2318,4.45,0.358,0.0127,212.5,4.778,0.6754,22.35,yellowfin
2023-11-01,2023,11,305,11.22,148.05,28.43,0.1419,0.0074,3.86,0.473,0.0239,130.5,4.324,0.5044,32.35,yellowfin
2023-11-01,2023,11,305,17.75,143.34,25.45,0.2805,0.1002,4.47,0.309,0.0444,177.6,4.298,0.4516,34.73,yellowfin
2023-11-02,2023,11,306,15.69,134.59,26.43,0.2067,-0.0034,4.38,0.264,0.048,150.0,4.427,0.5174,39.36,yellowfin
2023-11-07,2023,11,311,18.16,137.38,27.54,0.3526,0.0601,4.14,0.174,0.0357,146.6,4.433,0.722,36.43,yellowfin
2023-11-10,2023,11,314,16.64,144.81,25.74,0.2664,-0.0574,5.14,0.189,0.0209,185.4,5.019,0.4847,34.14,yellowfin
2023-11-12,2023,11,316,34.99,132.38,19.9,0.6773,-0.022,5.84,0.507,0.0102,116.9,4.182,0.0142,12.24,yellowfin
2023-11-20,2023,11,324,33.19,125.04,19.94,0.7287,-0.1315,5.06,0.413,0.0138,122.3,3.629,0.0149,13.92,yellowfin
2023-11-22,2023,11,326,13.88,171.98,27.23,0.3282,0.0368,4.8,0.341,0.0407,143.3,5.06,0.6895,29.55,yellowfin
2023-11-24,2023,11,328,20.27,142.17,23.98,0.3264,0.0845,4.97,0.186,0.0361,248.0,4.424,0.2598,31.19,yellowfin
2023-11-24,2023,11,328,11.28,149.95,29.73,0.1959,0.0083,3.61,1.032,0.025,254.8,4.319,0.4901,35.25,yellowfin
2023-11-24,2023,11,328,1.94,135.43,29.58,0.292,0.0138,3.74,0.257,0.0108,98.1,4.441,0.5889,21.17,yellowfin
2023-11-25,2023,11,329,10.7,154.04,27.8,0.1865,0.0876,3.26,0.297,0.023,120.6,3.533,0.577,24.09,yellowfin
2023-11-25,2023,11,329,13.75,155.59,25.97,0.1969,0.1578,3.67,0.388,0.0234,152.3,3.624,0.4575,26.98,yellowfin
2023-11-25,2023,11,329,8.88,153.59,27.49,0.1766,0.0691,3.95,0.324,0.0155,123.2,4.22,0.5556,16.14,yellowfin
2023-11-25,2023,11,329,32.09,146.97,20.99,0.5501,-0.1413,5.23,0.326,0.0182,117.7,3.969,0.038,12.06,yellowfin
2023-11-27,2023,11,331,32.42,121.43,21.82,0.721,-0.0569,5.37,0.514,0.0207,99.4,4.26,0.0792,10.86,yellowfin
2023-11-28,2023,11,332,28.41,145.47,22.56,0.4739,-0.0391,4.76,0.468,0.0419,121.8,3.935,0.1251,26.21,yellowfin
2023-12-02,2023,12,336,1.72,128.45,30.44,0.4432,-0.0329,3.84,0.344,0.0261,70.6,4.768,0.5383,19.29,yellowfin
2023-12-02,2023,12,336,33.09,141.59,21.89,0.6376,-0.0577,5.42,0.275,0.0167,94.5,4.313,0.0816,14.68,yellowfin
2023-12-05,2023,12,339,12.32,155.1,27.56,0.1573,0.1885,3.82,0.329,0.0273,150.8,4.093,0.5293,36.03,yellowfin
2023-12-07,2023,12,341,5.71,150.98,29.39,0.2098,0.0398,3.4,0.325,0.013,132.8,3.996,0.5389,19.46,yellowfin
2023-12-10,2023,12,344,21.05,162.01,25.99,0.337,0.045,4.34,0.179,0.0476,125.7,4.288,0.5607,28.4,yellowfin
2023-12-10,2023,12,344,17.28,173.4,26.52,0.4232,0.0123,4.76,0.192,0.022,156.7,4.836,0.6718,24.34,yellowfin
2023-12-11,2023,12,345,5.1,174.87,31.65,0.3616,0.0546,3.69,0.297,0.0161,93.4,4.86,0.3207,13.07,yellowfin
2023-12-12,2023,12,346,11.63,167.85,29.76,0.1453,0.1451,3.88,0.337,0.0284,154.5,4.647,0.4254,17.46,yellowfin
2023-12-12,2023,12,346,4.99,156.48,31.19,0.2456,-0.0033,4.05,0.328,0.0116,66.1,5.216,0.343,16.55,yellowfin
2023-12-13,2023,12,347,5.79,152.25,32.61,0.2702,0.1386,3.06,0.365,0.011,140.9,4.237,0.1778,11.44,yellowfin
2023-12-17,2023,12,351,21.07,172.11,25.85,0.4753,-0.0193,4.26,0.166,0.0413,172.7,4.18,0.5952,31.31,yellowfin
2023-12-17,2023,12,351,34.46,139.88,21.31,0.5825,-0.1225,4.76,0.441,0.0109,141.7,3.677,0.0507,9.45,yellowfin
2023-12-17,2023,12,351,25.19,129.78,24.52,0.556,0.023,4.99,0.206,0.0444,90.8,4.564,0.3858,24.64,yellowfin
2023-12-18,2023,12,352,24.84,161.63,23.47,0.4152,-0.0129,5.51,0.167,0.0347,76.7,4.773,0.2121,17.24,yellowfin
2023-12-19,2023,12,353,31.99,140.94,23.14,0.5865,0.08,5.3,0.524,0.016,105.9,4.508,0.1896,11.98,yellowfin
2023-12-21,2023,12,355,11.52,144.81,28.8,0.1711,0.0989,3.65,0.333,0.0255,128.0,4.171,0.535,33.04,yellowfin
2023-12-27,2023,12,361,25.45,147.22,24.01,0.4342,-0.0462,4.48,0.132,0.0565,92.1,3.992,0.2875,27.54,yellowfin
2024-01-01,2024,1,1,27.71,144.81,24.58,0.4826,-0.0107,5.08,0.203,0.0619,55.9,4.667,0.3837,28.32,yellowfin
2024-01-02,2024,1,2,6.08,154.28,31.07,0.2214,0.1212,3.77,0.357,0.0169,60.7,4.823,0.3447,16.8,yellowfin
2024-01-03,2024,1,3,2.21,161.72,31.15,0.271,0.0891,3.23,0.384,0.0237,102.8,4.154,0.3601,17.46,yellowfin
2024-01-04,2024,1,4,13.4,167.12,27.73,0.1984,0.1124,4.93,0.422,0.0215,211.7,5.336,0.5912,23.89,yellowfin
2024-01-05,2024,1,5,24.15,145.78,26.05,0.4328,0.0576,5.0,0.229,0.0487,126.9,4.962,0.6118,29.0,yellowfin
2024-01-09,2024,1,9,22.24,140.88,25.79,0.3784,0.0325,4.97,0.134,0.0379,118.0,4.862,0.5504,31.2,yellowfin
2024-01-09,2024,1,9,31.02,156.59,24.23,0.5771,0.026,4.29,0.273,0.0111,63.0,3.864,0.3405,13.51,yellowfin
2024-01-10,2024,1,10,6.16,156.41,30.85,0.3172,0.0309,3.22,0.524,0.0112,68.4,4.081,0.4266,13.94,yellowfin
2024-01-11,2024,1,11,15.5,156.19,28.01,0.2474,0.1443,4.43,0.193,0.0599,150.8,4.854,0.6487,34.18,yellowfin
2024-01-13,2024,1,13,32.44,141.69,23.52,0.6232,-0.0407,4.91,0.442,0.0209,78.2,4.263,0.2396,10.14,yellowfin
2024-01-14,2024,1,14,10.09,150.25,28.81,0.1575,0.1945,3.19,0.323,0.0395,121.0,3.644,0.5146,17.03,yellowfin
2024-01-16,2024,1,16,29.01,133.0,24.17,0.4991,0.0414,4.61,0.275,0.0315,72.7,4.145,0.3205,26.86,yellowfin
2024-01-18,2024,1,18,11.78,170.47,29.49,0.3528,0.0693,3.93,0.506,0.0361,201.3,4.654,0.6368,25.52,yellowfin
2024-01-28,2024,1,28,3.28,142.68,33.0,0.2555,-0.0972,3.94,0.279,0.0167,160.1,5.55,0.1376,18.92,yellowfin
2024-02-01,2024,2,32,2.19,126.02,32.24,0.4675,-0.0941,4.23,0.285,0.0105,63.0,5.749,0.2566,14.22,yellowfin
2024-02-02,2024,2,33,6.75,132.97,31.51,0.1923,0.1266,3.58,0.527,0.0481,99.0,4.689,0.2714,21.72,yellowfin
2024-02-09,2024,2,40,24.3,151.96,25.97,0.4677,-0.029,4.63,0.153,0.043,108.8,4.566,0.6102,26.69,yellowfin
2024-02-09,2024,2,40,31.75,122.46,23.37,0.7722,-0.0511,4.85,0.258,0.0117,77.4,4.177,0.2284,9.75,yellowfin
2024-02-10,2024,2,41,25.24,123.24,26.09,0.5844,-0.1105,4.8,0.139,0.0391,111.3,4.768,0.6613,22.42,yellowfin
2024-02-14,2024,2,45,15.62,140.96,28.97,0.4324,0.0909,3.86,0.265,0.0253,172.0,4.443,0.7311,26.95,yellowfin
2024-02-14,2024,2,45,7.83,170.4,31.9,0.3663,0.0017,4.28,0.388,0.0198,130.7,5.713,0.2867,22.08,yellowfin
2024-02-17,2024,2,48,8.33,144.34,30.52,0.177,-0.0372,3.9,0.522,0.0191,83.2,4.858,0.3806,19.56,yellowfin
2024-02-20,2024,2,51,27.76,166.63,24.32,0.5022,0.0223,4.6,0.281,0.0409,93.2,4.17,0.3445,17.0,yellowfin
2024-02-22,2024,2,53,9.59,121.8,29.81,0.3218,0.0363,4.19,0.296,0.0112,128.6,5.042,0.5797,17.9,yellowfin
2024-02-26,2024,2,57,5.79,135.66,32.24,0.2554,0.0091,3.11,0.511,0.0122,173.0,4.223,0.2134,14.97,yellowfin
2024-03-03,2024,3,63,34.98,136.65,22.69,0.6896,0.1639,4.77,0.324,0.0206,181.0,3.968,0.1473,16.4,yellowfin
2024-03-03,2024,3,63,31.27,154.4,24.14,0.5985,0.0697,4.4,0.309,0.0131,77.9,3.952,0.3287,12.79,yellowfin
2024-03-04,2024,3,64,27.62,135.47,24.03,0.5192,-0.1179,5.19,0.208,0.0663,88.8,4.633,0.303,51.13,yellowfin
2024-03-05,2024,3,65,31.97,148.48,24.89,0.5832,-0.0693,5.02,0.245,0.0103,103.0,4.687,0.4542,15.95,yellowfin
2024-03-07,2024,3,67,19.42,140.4,25.57,0.4357,0.252,4.31,0.156,0.0207,149.1,4.171,0.537,22.02,yellowfin
2024-03-09,2024,3,69,15.39,174.21,27.95,0.4308,-0.0478,4.47,0.344,0.0348,186.7,4.889,0.7741,27.4,yellowfin
2024-03-10,2024,3,70,28.55,141.08,24.45,0.5342,-0.0021,4.47,0.448,0.0407,54.4,4.075,0.3709,28.19,yellowfin
2024-03-13,2024,3,73,8.5,139.85,30.44,0.1721,0.0039,2.98,0.318,0.0142,109.3,3.695,0.3848,20.08,yellowfin
2024-03-13,2024,3,73,6.6,138.93,31.42,0.2455,0.2345,3.13,0.374,0.0137,65.8,4.079,0.3109,12.3,yellowfin
2024-03-16,2024,3,76,28.07,170.86,24.47,0.7018,-0.1127,4.52,0.248,0.035,78.1,4.125,0.3948,24.68,yellowfin
2024-03-17,2024,3,77,11.91,128.24,29.01,0.3468,0.0658,4.26,0.338,0.0209,143.3,4.921,0.683,27.88,yellowfin
2024-03-17,2024,3,77,6.27,127.56,31.98,0.4172,-0.0111,3.54,0.308,0.0103,131.8,4.749,0.2857,18.77,yellowfin
2024-03-18,2024,3,78,34.42,169.27,23.95,0.6774,-0.0775,4.67,0.416,0.0184,115.7,4.148,0.3063,19.52,yellowfin
2024-03-19,2024,3,79,17.63,141.43,27.16,0.3167,-0.0515,4.42,0.157,0.0222,168.5,4.642,0.6769,31.29,yellowfin
2024-03-19,2024,3,79,34.53,132.24,20.59,0.6677,0.0285,5.54,0.389,0.0134,118.7,4.121,0.0276,12.25,yellowfin
2024-03-27,2024,3,87,14.89,133.8,27.5,0.2828,0.0432,3.95,0.213,0.0248,163.9,4.22,0.6706,34.64,yellowfin
2024-03-28,2024,3,88,33.14,125.83,24.43,0.8505,-0.0006,5.42,0.29,0.02,172.2,4.942,0.3993,24.88,yellowfin
2024-04-01,2024,4,92,26.77,166.43,24.43,0.4876,-0.0687,4.88,0.145,0.0327,61.9,4.451,0.3605,24.37,yellowfin
2024-04-01,2024,4,92,2.32,167.44,30.48,0.3195,-0.0041,3.49,0.318,0.0112,145.7,4.333,0.4834,18.39,yellowfin
2024-04-01,2024,4,92,25.46,140.76,25.68,0.4505,-0.0328,4.93,0.208,0.0324,72.5,4.793,0.5593,49.54,yellowfin
2024-04-03,2024,4,94,26.44,143.86,24.13,0.5784,-0.0498,4.92,0.219,0.0517,63.6,4.413,0.3255,52.25,yellowfin
2024-04-10,2024,4,101,18.12,122.39,26.19,0.4767,-0.0661,5.1,0.381,0.0292,164.3,5.096,0.647,30.88,yellowfin
2024-04-14,2024,4,105,17.17,171.58,25.99,0.4658,0.1017,4.76,0.271,0.0305,190.6,4.708,0.6138,26.21,yellowfin
2024-04-16,2024,4,107,24.23,141.63,24.65,0.5592,-0.0846,4.95,0.33,0.0427,80.9,4.564,0.4083,39.66,yellowfin
2024-04-17,2024,4,108,6.55,140.26,29.73,0.2867,0.1067,3.95,0.378,0.0192,116.2,4.724,0.5678,26.51,yellowfin
2024-04-19,2024,4,110,32.92,128.16,22.18,0.7832,-0.1421,4.7,0.338,0.0283,93.8,3.806,0.1051,16.7,yellowfin
2024-04-21,2024,4,112,8.64,128.85,29.79,0.3604,0.0517,4.11,0.311,0.0332,174.1,4.934,0.6026,25.49,yellowfin
2024-04-22,2024,4,113,27.51,158.25,24.23,0.5812,0.0658,5.04,0.206,0.054,53.8,4.543,0.3408,39.24,yellowfin
2024-04-22,2024,4,113,25.09,144.71,23.53,0.4626,-0.0939,5.61,0.304,0.0336,92.6,4.874,0.2257,33.63,yellowfin
2024-04-23,2024,4,114,29.1,140.46,22.89,0.5655,-0.1649,5.39,0.24,0.0406,64.1,4.531,0.1617,46.67,yellowfin
2024-04-24,2024,4,115,27.82,131.45,21.97,0.5369,0.0026,5.16,0.2,0.0498,83.6,4.132,0.0841,31.48,yellowfin
2024-04-28,2024,4,119,4.11,168.65,31.63,0.3018,0.108,3.59,0.315,0.0162,145.7,4.726,0.3055,19.06,yellowfin
2024-04-28,2024,4,119,23.77,161.39,22.74,0.4277,-0.0595,4.76,0.377,0.0433,86.1,3.966,0.1371,17.37,yellowfin
2024-05-01,2024,5,122,27.15,158.63,22.62,0.52,-0.2305,5.24,0.232,0.0341,70.0,4.339,0.1331,37.52,yellowfin
2024-05-02,2024,5,123,3.31,129.13,30.29,0.4328,0.152,4.15,0.292,0.0111,66.5,5.116,0.5589,52.45,yellowfin
2024-05-02,2024,5,123,15.02,158.41,26.76,0.2853,0.0639,4.18,0.342,0.0245,154.1,4.294,0.6202,73.48,yellowfin
2024-05-05,2024,5,126,7.62,152.36,29.78,0.2242,0.0938,3.78,0.317,0.02,73.5,4.531,0.5124,34.31,yellowfin
2024-05-08,2024,5,129,17.61,136.19,25.45,0.3291,0.0044,4.61,0.177,0.0283,172.8,4.433,0.4772,76.9,yellowfin
2024-05-10,2024,5,131,10.1,133.27,28.35,0.2078,0.0334,3.5,0.407,0.0265,177.1,3.908,0.6008,66.96,yellowfin
2024-05-12,2024,5,133,16.08,172.91,27.11,0.4377,0.0743,4.46,0.226,0.0357,164.5,4.667,0.7396,54.41,yellowfin
2024-05-15,2024,5,136,6.55,174.37,28.3,0.3968,-0.0293,4.65,0.355,0.0236,128.8,5.175,0.7529,63.47,yellowfin
2024-05-16,2024,5,137,31.46,173.45,20.8,0.754,-0.0153,5.7,0.473,0.0515,104.0,4.287,0.0341,54.93,yellowfin
2024-05-20,2024,5,141,23.7,123.33,24.26,0.5855,-0.0771,4.7,0.116,0.0392,93.0,4.245,0.3461,47.41,yellowfin
2024-05-21,2024,5,142,23.86,122.72,23.3,0.5796,-0.1419,5.21,0.212,0.0366,92.8,4.469,0.2083,43.34,yellowfin
2024-05-22,2024,5,143,28.99,137.36,23.69,0.5672,-0.0086,4.9,0.4,0.0386,64.0,4.297,0.2579,61.27,yellowfin
2024-05-23,2024,5,144,6.5,173.19,29.09,0.3893,-0.0112,3.58,0.316,0.0122,171.2,4.148,0.6992,37.86,yellowfin
2024-05-24,2024,5,145,21.14,132.09,25.97,0.3902,0.0325,3.86,0.198,0.0346,196.2,3.812,0.5821,81.57,yellowfin
2024-06-01,2024,6,153,31.57,150.07,19.2,0.6164,-0.1354,6.07,0.28,0.033,69.2,4.183,0.0066,35.04,yellowfin
2024-06-02,2024,6,154,28.73,151.98,20.03,0.5193,-0.1144,5.29,0.192,0.0322,68.5,3.814,0.0153,36.37,yellowfin
2024-06-03,2024,6,155,24.0,166.25,22.64,0.4644,-0.0081,5.16,0.124,0.036,103.8,4.275,0.1313,37.31,yellowfin
2024-06-04,2024,6,156,0.74,123.05,27.9,0.4852,-0.0296,4.56,0.313,0.0717,74.3,4.977,0.7969,75.71,yellowfin
2024-06-05,2024,6,157,3.96,156.78,29.21,0.2734,-0.0169,3.86,0.28,0.0186,101.6,4.499,0.6138,46.34,yellowfin
2024-06-06,2024,6,158,11.23,155.93,26.85,0.1991,0.0958,4.01,0.297,0.0238,152.6,4.144,0.5479,46.87,yellowfin
2024-06-08,2024,6,160,28.59,157.72,21.39,0.5146,-0.2748,4.97,0.259,0.0366,109.2,3.853,0.0527,40.84,yellowfin
2024-06-09,2024,6,161,2.24,160.56,27.6,0.3114,-0.1131,4.85,0.274,0.0176,74.9,5.207,0.6966,63.65,yellowfin
2024-06-09,2024,6,161,10.57,170.51,26.36,0.3329,-0.0589,4.62,0.341,0.0358,205.2,4.652,0.608,66.51,yellowfin
2024-06-11,2024,6,163,1.83,141.71,28.5,0.3287,-0.0459,3.79,0.41,0.0366,137.2,4.259,0.7051,59.7,yellowfin
2024-06-13,2024,6,165,4.57,143.23,29.42,0.288,-0.1095,4.22,0.308,0.0289,66.1,4.968,0.6043,60.26,yellowfin
2024-06-15,2024,6,167,24.57,168.78,21.36,0.4409,-0.0464,5.62,0.125,0.0349,81.2,4.351,0.0495,47.29,yellowfin
2024-06-15,2024,6,167,20.88,141.04,24.3,0.3896,-0.0236,4.96,0.221,0.0571,158.0,4.492,0.3207,77.01,yellowfin
2024-06-17,2024,6,169,17.73,128.17,24.77,0.5234,-0.007,4.84,0.161,0.0315,162.9,4.487,0.4226,68.93,yellowfin
2024-06-20,2024,6,172,30.97,127.61,19.77,0.7934,-0.1179,5.96,0.256,0.0167,67.5,4.235,0.0127,28.42,yellowfin
2024-06-20,2024,6,172,5.37,166.07,28.35,0.2309,0.0622,4.51,0.394,0.0158,85.8,5.038,0.6268,57.84,yellowfin
2024-06-22,2024,6,174,13.08,127.36,27.97,0.4389,-0.0498,4.25,0.266,0.0232,159.6,4.648,0.7779,80.36,yellowfin
2024-06-24,2024,6,176,27.79,154.53,20.28,0.5037,0.0134,6.02,0.157,0.0346,67.7,4.401,0.0194,38.07,yellowfin
2024-06-24,2024,6,176,19.13,121.23,24.51,0.4835,0.0787,4.67,0.318,0.0225,157.1,4.274,0.3715,37.65,yellowfin
2024-06-24,2024,6,176,25.5,145.94,23.78,0.4794,-0.0187,5.14,0.204,0.0464,154.1,4.521,0.2608,40.05,yellowfin
2024-06-24,2024,6,176,19.08,154.1,24.77,0.324,-0.1191,4.86,0.223,0.0256,147.8,4.509,0.372,53.18,yellowfin
2024-06-25,2024,6,177,17.83,131.08,24.41,0.2937,0.0423,5.03,0.529,0.023,186.8,4.582,0.309,74.33,yellowfin
2024-06-27,2024,6,179,7.9,139.36,28.31,0.2245,-0.0057,4.12,0.415,0.0102,95.4,4.595,0.6208,31.51,yellowfin
2024-06-27,2024,6,179,20.19,164.34,23.91,0.3642,-0.0787,4.83,0.122,0.0352,127.9,4.284,0.2591,40.25,yellowfin
2024-07-01,2024,7,183,26.71,173.36,21.11,0.6029,-0.0449,5.66,0.231,0.0562,101.5,4.326,0.0431,47.46,yellowfin
2024-07-03,2024,7,185,7.08,123.01,28.54,0.3698,-0.1985,4.2,0.475,0.0134,172.0,4.732,0.7288,50.72,yellowfin
2024-07-04,2024,7,186,34.03,169.66,17.05,0.6975,-0.1715,5.59,0.399,0.0254,94.4,3.427,0.0005,22.37,yellowfin
2024-07-05,2024,7,187,11.07,129.74,28.33,0.3137,-0.0042,4.21,0.314,0.024,117.1,4.695,0.7005,66.92,yellowfin
2024-07-07,2024,7,189,9.92,143.32,28.73,0.1434,-0.0116,3.52,0.56,0.0129,103.6,4.007,0.4962,38.87,yellowfin
2024-07-08,2024,7,190,22.54,158.87,22.88,0.3714,-0.157,4.62,0.342,0.0354,108.8,3.878,0.1446,41.36,yellowfin
2024-07-09,2024,7,191,12.95,167.72,26.65,0.1926,0.1054,5.0,0.742,0.0398,169.7,5.115,0.5231,79.52,yellowfin
2024-07-10,2024,7,192,11.25,148.35,27.71,0.174,0.0289,4.67,0.291,0.0339,144.3,5.047,0.558,61.84,yellowfin
2024-07-10,2024,7,192,9.92,151.56,28.7,0.1216,-0.0146,3.72,0.411,0.0197,120.6,4.231,0.4585,51.04,yellowfin
2024-07-12,2024,7,194,22.89,159.05,22.65,0.4011,0.0158,5.65,0.345,0.0441,97.5,4.69,0.127,82.48,yellowfin
2024-07-18,2024,7,200,28.68,147.42,20.25,0.4914,-0.0552,5.32,0.241,0.0307,52.9,3.879,0.0188,31.94,yellowfin
2024-07-19,2024,7,201,33.45,135.75,17.7,0.5879,-0.1265,5.94,0.296,0.0159,118.3,3.771,0.0011,22.74,yellowfin
2024-07-19,2024,7,201,11.1,155.97,27.98,0.1647,0.1386,4.19,0.313,0.0317,114.1,4.589,0.5472,47.03,yellowfin
2024-07-22,2024,7,204,19.27,174.07,24.59,0.4547,-0.0663,5.39,0.213,0.0226,155.2,4.953,0.3787,41.2,yellowfin
2024-07-28,2024,7,210,1.35,157.42,26.57,0.3468,-0.099,4.6,0.237,0.016,70.9,4.688,0.6403,48.06,yellowfin
2024-08-01,2024,8,214,1.3,163.54,25.59,0.2791,-0.0162,5.53,0.26,0.018,84.9,5.354,0.4714,52.35,yellowfin
2024-08-02,2024,8,215,32.3,151.23,17.6,0.5507,-0.1573,5.96,0.306,0.0173,74.6,3.761,0.0009,19.77,yellowfin
2024-08-04,2024,8,217,0.98,139.13,26.68,0.3018,0.0275,4.59,0.415,0.0189,78.7,4.704,0.6241,52.84,yellowfin
2024-08-08,2024,8,221,15.32,138.91,26.44,0.2566,-0.0517,4.59,0.26,0.0333,168.9,4.646,0.5651,66.37,yellowfin
2024-08-09,2024,8,222,5.97,120.68,28.34,0.339,0.0941,4.26,0.379,0.0148,59.7,4.754,0.7176,44.5,yellowfin
2024-08-09,2024,8,222,1.38,160.07,26.44,0.3555,0.1189,4.75,0.246,0.0154,69.7,4.805,0.6306,38.73,yellowfin
2024-08-10,2024,8,223,7.32,148.88,27.64,0.2397,-0.0733,3.22,0.487,0.0255,70.9,3.464,0.6358,45.59,yellowfin
2024-08-11,2024,8,224,28.67,155.45,18.49,0.5218,-0.188,5.91,0.308,0.0321,121.6,3.923,0.0028,33.32,yellowfin
2024-08-13,2024,8,226,29.49,167.8,17.98,0.4966,-0.0848,6.27,0.44,0.041,52.3,4.044,0.0015,34.48,yellowfin
2024-08-18,2024,8,231,29.73,138.2,19.04,0.5204,-0.115,6.11,0.391,0.0433,101.5,4.174,0.0054,57.1,yellowfin
2024-08-18,2024,8,231,25.4,124.65,20.88,0.5942,-0.0704,5.61,0.14,0.0333,79.4,4.23,0.035,25.3,yellowfin
2024-08-20,2024,8,233,4.17,154.76,28.01,0.2545,0.0791,4.15,0.342,0.0388,72.7,4.553,0.6555,45.21,yellowfin
2024-08-21,2024,8,234,6.23,146.35,27.78,0.2077,-0.0561,3.49,0.41,0.0106,83.3,3.783,0.6035,34.54,yellowfin
2024-08-24,2024,8,237,19.02,162.1,24.8,0.3101,-0.1033,4.74,0.83,0.0305,144.9,4.401,0.3704,45.05,yellowfin
2024-08-28,2024,8,241,25.12,172.32,22.45,0.5633,-0.0421,5.68,0.204,0.0374,86.6,4.661,0.1199,48.02,yellowfin
2024-09-01,2024,9,245,16.76,138.45,26.24,0.2681,-0.0412,4.65,0.175,0.0247,175.3,4.651,0.5502,47.66,yellowfin
2024-09-03,2024,9,247,11.33,133.07,27.99,0.1331,0.0163,3.67,0.444,0.0251,145.3,4.015,0.4945,51.36,yellowfin
2024-09-04,2024,9,248,30.21,120.02,18.98,0.6883,-0.0985,5.81,0.341,0.0511,66.9,3.959,0.0053,33.29,yellowfin
2024-09-11,2024,9,255,5.53,136.23,29.49,0.2298,-0.2524,3.84,0.355,0.0151,66.4,4.538,0.5491,40.95,yellowfin
2024-09-12,2024,9,256,6.65,169.41,26.9,0.2187,0.1835,4.68,0.343,0.0182,70.8,4.85,0.5729,46.1,yellowfin
2024-09-13,2024,9,257,3.24,124.85,28.18,0.3941,0.1045,4.26,0.297,0.0117,60.6,4.709,0.7542,40.4,yellowfin
2024-09-16,2024,9,260,15.6,120.32,26.6,0.4159,0.1286,4.73,0.216,0.0244,156.2,4.824,0.6788,77.7,yellowfin
2024-09-20,2024,9,264,15.22,164.18,24.99,0.2311,0.0481,4.84,0.232,0.0421,320.1,4.544,0.3582,84.75,yellowfin
2024-09-21,2024,9,265,11.63,147.63,26.47,0.1563,0.0154,3.68,0.585,0.0387,129.2,3.731,0.4615,58.64,yellowfin
2024-09-24,2024,9,268,15.1,165.08,26.59,0.2356,0.0335,4.9,0.26,0.0256,266.8,5.001,0.5626,64.58,yellowfin
2024-10-01,2024,10,275,29.2,147.35,20.6,0.5075,-0.0834,5.12,0.195,0.0327,79.5,3.805,0.0262,23.71,yellowfin
2024-10-04,2024,10,278,24.48,146.64,22.45,0.4876,0.0206,4.96,0.139,0.0358,100.5,4.074,0.1162,22.27,yellowfin
2024-10-05,2024,10,279,9.55,127.2,26.2,0.2773,-0.0222,5.04,0.326,0.0441,142.4,5.039,0.5527,39.84,yellowfin
2024-10-06,2024,10,280,19.38,151.67,25.13,0.3598,0.088,4.69,0.15,0.0387,136.7,4.433,0.4404,38.62,yellowfin
2024-10-08,2024,10,282,14.36,129.24,27.53,0.4064,0.0951,4.08,0.305,0.0297,148.2,4.368,0.7517,27.7,yellowfin
2024-10-09,2024,10,283,24.94,168.41,22.09,0.5332,0.1088,5.57,0.158,0.0314,74.8,4.488,0.092,16.79,yellowfin
2024-10-11,2024,10,285,29.86,152.78,21.5,0.5704,0.0462,4.11,0.324,0.0301,67.1,3.206,0.0592,17.99,yellowfin
2024-10-12,2024,10,286,33.6,165.14,18.36,0.7437,-0.0753,5.88,0.417,0.0383,89.5,3.872,0.0026,14.41,yellowfin
2024-10-14,2024,10,288,26.2,135.45,21.86,0.4463,-0.1562,5.27,0.138,0.0407,63.5,4.188,0.0738,22.18,yellowfin
2024-10-15,2024,10,289,9.96,169.33,28.8,0.1171,0.0452,3.86,0.518,0.0267,114.8,4.406,0.4455,17.61,yellowfin
2024-10-17,2024,10,291,6.19,167.11,27.98,0.1827,0.0551,4.78,0.391,0.0219,89.7,5.231,0.5732,28.25,yellowfin
2024-10-18,2024,10,292,26.71,143.83,22.22,0.4587,-0.0637,4.65,0.236,0.0326,94.0,3.771,0.0974,27.67,yellowfin
2024-10-19,2024,10,293,4.69,123.83,28.56,0.4189,-0.0,3.89,0.609,0.0125,92.7,4.385,0.7538,18.68,yellowfin
2024-10-20,2024,10,294,30.23,121.3,19.32,0.7098,-0.2621,5.75,0.453,0.0226,83.3,3.989,0.0078,15.29,yellowfin
2024-10-23,2024,10,297,5.2,129.87,29.28,0.3469,-0.0375,3.73,0.414,0.0177,86.7,4.358,0.6575,23.92,yellowfin
2024-10-25,2024,10,299,16.9,166.05,26.2,0.2454,0.034,4.68,0.194,0.0492,205.2,4.677,0.528,39.36,yellowfin
2024-10-27,2024,10,301,23.19,172.51,22.85,0.5265,0.0028,4.99,0.267,0.0408,95.1,4.18,0.155,17.68,yellowfin
2024-10-27,2024,10,301,21.05,164.84,24.27,0.3441,-0.0301,4.83,0.175,0.0548,174.1,4.365,0.3038,26.16,yellowfin
2024-10-27,2024,10,301,29.73,123.15,21.62,0.6534,-0.003,5.35,0.228,0.0517,63.2,4.203,0.0666,25.19,yellowfin
2024-11-01,2024,11,306,2.04,135.48,29.76,0.2953,-0.0168,3.6,0.457,0.0254,89.7,4.319,0.569,22.89,yellowfin
2024-11-01,2024,11,306,32.39,148.6,22.08,0.5665,0.0262,5.01,0.326,0.0234,76.6,4.032,0.0926,17.18,yellowfin
2024-11-03,2024,11,308,15.81,135.62,29.12,0.2217,0.0356,3.7,0.234,0.0209,168.6,4.3,0.5746,26.76,yellowfin
2024-11-04,2024,11,309,20.68,139.82,26.13,0.3445,0.097,4.37,0.125,0.0307,122.5,4.356,0.5843,39.87,yellowfin
2024-11-05,2024,11,310,6.27,152.97,31.2,0.1683,0.0377,3.37,0.387,0.0123,72.3,4.348,0.2918,12.69,yellowfin
2024-11-07,2024,11,312,20.8,128.13,24.08,0.5344,-0.2523,4.76,0.124,0.0362,129.3,4.254,0.312,24.97,yellowfin
2024-11-07,2024,11,312,10.31,121.25,28.87,0.2608,-0.0253,3.41,0.481,0.0202,116.1,3.906,0.631,14.73,yellowfin
2024-11-09,2024,11,314,16.06,166.82,26.64,0.2259,-0.001,4.55,0.209,0.0209,185.4,4.655,0.558,29.81,yellowfin
2024-11-13,2024,11,318,14.69,126.57,27.46,0.3932,-0.0698,4.31,0.222,0.0322,172.3,4.598,0.7419,24.3,yellowfin
2024-11-14,2024,11,319,11.49,171.85,29.01,0.3051,-0.0182,4.14,0.359,0.035,135.2,4.782,0.6558,30.0,yellowfin
2024-11-15,2024,11,320,30.08,144.65,20.9,0.5645,0.0023,4.97,0.315,0.027,67.9,3.755,0.0353,14.94,yellowfin
2024-11-16,2024,11,321,2.16,143.7,29.27,0.281,0.1682,4.92,0.356,0.0118,120.6,5.757,0.6144,26.18,yellowfin
2024-11-16,2024,11,321,3.16,152.58,29.78,0.2615,0.0125,3.96,0.291,0.0213,72.3,4.748,0.5437,15.72,yellowfin
2024-11-17,2024,11,322,9.42,137.65,27.14,0.1512,0.2204,4.4,0.316,0.0196,96.3,4.617,0.5019,23.13,yellowfin
2024-11-18,2024,11,323,14.7,141.12,26.53,0.285,0.1119,3.72,0.272,0.0292,151.8,3.779,0.597,30.88,yellowfin
2024-11-19,2024,11,324,10.07,164.65,29.24,0.1233,0.2908,3.75,0.441,0.0207,172.4,4.377,0.4326,18.55,yellowfin
2024-11-20,2024,11,325,8.37,159.21,27.94,0.168,0.0692,3.64,0.328,0.0352,92.1,3.981,0.552,23.06,yellowfin
2024-11-22,2024,11,327,32.76,152.38,20.4,0.5768,-0.1633,5.43,0.277,0.028,100.4,3.995,0.0224,12.38,yellowfin
2024-11-23,2024,11,328,25.78,157.29,23.22,0.426,-0.0289,5.02,0.302,0.0453,80.0,4.291,0.1854,24.32,yellowfin
2024-11-23,2024,11,328,12.01,166.28,27.04,0.1398,0.0961,3.9,0.27,0.0439,127.5,4.073,0.4783,24.1,yellowfin
2024-11-26,2024,11,331,24.5,120.4,22.91,0.579,-0.0461,4.93,0.18,0.0376,226.3,4.144,0.1639,17.46,yellowfin
2024-11-28,2024,11,333,34.8,153.26,19.2,0.613,-0.0199,5.38,0.399,0.0147,114.7,3.711,0.0066,14.31,yellowfin
2024-11-28,2024,11,333,4.19,161.63,29.8,0.2279,-0.0412,4.09,0.561,0.0125,52.1,4.914,0.5132,15.6,yellowfin
2024-12-01,2024,12,336,19.58,159.69,26.55,0.3265,-0.0061,4.55,0.14,0.0302,171.3,4.629,0.6263,33.65,yellowfin
2024-12-02,2024,12,337,19.05,123.49,26.42,0.4825,-0.0232,4.26,0.168,0.0243,169.7,4.308,0.6819,19.71,yellowfin
2024-12-02,2024,12,337,14.68,158.42,26.22,0.2033,0.0769,4.1,0.382,0.0226,162.7,4.098,0.492,29.51,yellowfin
2024-12-09,2024,12,344,19.35,125.33,27.0,0.4715,-0.0418,4.7,0.127,0.0272,138.1,4.892,0.744,22.13,yellowfin
2024-12-11,2024,12,346,23.97,133.63,23.24,0.3935,-0.011,4.78,0.356,0.0501,158.3,4.091,0.1828,40.67,yellowfin
2024-12-12,2024,12,347,30.63,173.66,21.76,0.6836,0.0291,5.04,0.279,0.0121,61.2,3.99,0.075,6.8,yellowfin
2024-12-14,2024,12,349,27.49,120.33,23.69,0.6481,-0.0058,5.17,0.26,0.0312,58.6,4.53,0.2649,20.52,yellowfin
2024-12-15,2024,12,350,6.35,130.31,31.9,0.2555,0.1282,2.92,0.734,0.0111,72.1,3.899,0.2537,10.05,yellowfin
2024-12-16,2024,12,351,33.06,144.16,22.47,0.6058,0.0539,5.28,0.426,0.0148,84.4,4.338,0.1241,13.09,yellowfin
2024-12-17,2024,12,352,5.35,173.58,31.2,0.3545,-0.0822,4.03,0.477,0.0121,110.7,5.19,0.3864,18.04,yellowfin
2024-12-22,2024,12,357,20.93,129.75,24.19,0.5683,0.0821,5.06,0.258,0.071,176.9,4.555,0.3326,39.2,yellowfin
2024-12-24,2024,12,359,22.1,154.11,24.11,0.356,-0.0747,5.11,0.115,0.0345,168.1,4.578,0.2847,27.67,yellowfin
2024-12-25,2024,12,360,10.51,146.25,29.0,0.1469,-0.0299,3.52,0.296,0.0273,130.7,4.056,0.4873,31.7,yellowfin
