year,month,lat,lon,lat5c,lon5c,hhooks,cpue_yft,cpue_bet,cpue_alb,cpue_total,sst,ssh,mld,current_speed,sst_gradient_max,ssh_variance,front_strength,chl,do_surface,season_sin,season_cos
2010,1,0.000000,120.000000,2.500000,122.500000,18952.340000,16.622275,2.689325,0.000000,19.311600,28.724577,0.597990,13.631033,0.293479,131.978634,0.032566,0.071695,0.111642,201.695740,0.500000,0.866025
2010,1,0.000000,125.000000,2.500000,127.500000,23204.920000,17.216909,2.491196,0.000000,19.708105,28.420844,0.510669,15.787329,0.418333,133.580288,0.072952,0.139746,0.110377,200.932556,0.500000,0.866025
2010,1,0.000000,130.000000,2.500000,132.500000,18512.510000,13.530256,12.964314,0.076813,26.571383,28.601433,0.496586,13.627842,0.405635,116.502221,0.060975,0.006113,0.117276,201.085022,0.500000,0.866025
2010,1,0.000000,135.000000,2.500000,137.500000,2945.250000,8.665139,5.016892,0.357185,14.039216,28.737511,0.501611,13.057599,0.368210,0.463800,0.059760,0.000000,0.160455,201.421585,0.500000,0.866025
2010,1,0.000000,140.000000,2.500000,142.500000,2088.210000,3.526465,16.873303,0.000000,20.399768,29.117505,0.562048,16.685530,0.267404,0.365662,0.020285,0.000000,0.238610,201.661697,0.500000,0.866025
2010,1,0.000000,145.000000,2.500000,147.500000,2743.980000,6.541228,25.723584,0.000000,32.264812,29.261825,0.607182,19.363953,0.215699,0.375842,0.017050,0.000000,0.164237,200.156128,0.500000,0.866025
2010,1,0.000000,155.000000,2.500000,157.500000,6742.270000,5.290503,11.138682,0.122214,16.551399,29.322022,0.658820,22.458911,0.294860,0.238579,0.008396,0.000000,0.101888,198.699280,0.500000,0.866025
2010,1,0.000000,-155.000000,2.500000,-152.500000,2532.170000,2.239976,16.257992,0.000000,18.497968,,,,,,,,,,0.500000,0.866025
2010,1,0.000000,160.000000,2.500000,162.500000,8864.240000,9.286752,13.620457,2.974423,25.881632,29.230693,0.661672,24.366361,0.295390,0.359756,0.009351,0.000000,0.119413,198.998657,0.500000,0.866025
2010,1,0.000000,-160.000000,2.500000,-157.500000,1482.040000,5.190143,32.905994,0.000000,38.096138,,,,,,,,,,0.500000,0.866025
2010,1,0.000000,165.000000,2.500000,167.500000,4661.830000,10.908163,16.044343,3.295272,30.247778,29.288077,0.661649,26.961976,0.279816,91.424148,0.009789,0.002779,0.129042,198.878159,0.500000,0.866025
2010,1,0.000000,170.000000,2.500000,172.500000,2817.790000,11.271599,18.666047,2.179013,32.116659,29.331837,0.654704,28.580845,0.326274,130.321074,0.011574,0.019537,0.145148,199.119339,0.500000,0.866025
2010,1,0.000000,-170.000000,2.500000,-167.500000,9798.020000,3.951411,24.222037,0.061747,28.235194,,,,,,,,,,0.500000,0.866025
2010,1,0.000000,175.000000,2.500000,177.500000,17637.700000,10.931074,25.547662,1.002682,37.481418,29.306466,0.646226,27.298427,0.297470,0.296255,0.004209,0.000000,0.167097,199.232513,0.500000,0.866025
2010,1,0.000000,-175.000000,2.500000,-172.500000,12164.780000,7.567338,32.771164,0.192605,40.531107,,,,,,,,,,0.500000,0.866025
2010,1,0.000000,-180.000000,2.500000,-177.500000,6140.230000,9.193141,33.276441,0.423437,42.893019,,,,,,,,,,0.500000,0.866025
2010,1,5.000000,130.000000,7.500000,132.500000,1548.620000,4.526611,6.822849,0.006457,11.355917,28.394892,0.333419,27.711624,0.374870,126.901088,0.067459,0.007804,0.082235,200.516968,0.500000,0.866025
2010,1,5.000000,135.000000,7.500000,137.500000,1330.610000,4.373934,8.193986,0.000000,12.567920,28.382462,0.374433,29.229136,0.387984,126.521390,0.076378,0.006954,0.082803,200.574524,0.500000,0.866025
2010,1,5.000000,140.000000,7.500000,142.500000,2477.570000,1.003403,14.880306,0.000000,15.883709,28.507089,0.466601,36.413797,0.263739,0.529846,0.030976,0.000000,0.096436,200.516235,0.500000,0.866025
2010,1,5.000000,155.000000,7.500000,157.500000,4384.440000,9.262528,18.397104,0.274379,27.934012,28.562973,0.539276,44.124829,0.250102,121.517023,0.055910,0.040033,0.078979,200.211258,0.500000,0.866025
2010,1,5.000000,165.000000,7.500000,167.500000,4602.620000,2.084682,12.101586,0.428452,14.614719,28.312523,0.548794,45.718329,0.202429,127.152929,0.033511,0.041643,0.078577,200.602814,0.500000,0.866025
2010,1,5.000000,170.000000,7.500000,172.500000,8826.470000,1.797321,14.829371,0.854362,17.481054,28.182257,0.530994,44.446842,0.227846,127.117550,0.034881,0.027848,0.075963,200.616394,0.500000,0.866025
2010,1,5.000000,175.000000,7.500000,177.500000,1862.620000,12.216126,16.644834,0.091806,28.952765,28.133517,0.514758,43.941696,0.241086,0.506937,0.058694,0.000000,0.083265,200.641373,0.500000,0.866025
2010,1,5.000000,-175.000000,7.500000,-172.500000,1577.030000,6.108952,35.762161,0.477480,42.348592,,,,,,,,,,0.500000,0.866025
2010,1,5.000000,-180.000000,7.500000,-177.500000,1307.580000,10.370302,26.181190,1.044678,37.596170,,,,,,,,,,0.500000,0.866025
2010,1,-5.000000,120.000000,-2.500000,122.500000,22516.120000,17.206206,2.501896,0.000000,19.708102,29.492144,0.613896,15.648213,0.162660,134.693609,0.030026,0.207229,0.109310,198.955978,0.500000,0.866025
2010,1,-5.000000,125.000000,-2.500000,127.500000,33774.180000,17.206191,2.501911,0.000000,19.708102,28.989947,0.584673,20.914817,0.286359,131.954987,0.014198,0.182043,0.092953,198.951630,0.500000,0.866025
2010,1,-5.000000,130.000000,-2.500000,132.500000,11258.060000,17.206162,2.501941,0.000000,19.708102,29.181806,0.587649,24.892410,0.182554,132.447592,0.029600,0.215143,0.138781,198.355621,0.500000,0.866025
2010,1,-5.000000,145.000000,-2.500000,147.500000,1233.480000,6.054415,0.000000,0.000000,6.054415,28.983738,0.606314,22.075013,0.250526,124.082822,0.017228,0.048474,0.214090,199.949463,0.500000,0.866025
2010,1,-5.000000,-155.000000,-2.500000,-152.500000,6505.300000,4.947504,16.197716,0.056262,21.201482,,,,,,,,,,0.500000,0.866025
2010,1,-5.000000,160.000000,-2.500000,162.500000,2391.440000,11.784950,7.471649,3.715753,22.972351,29.725250,0.672082,22.441194,0.187395,0.354922,0.010215,0.000000,0.151026,198.676743,0.500000,0.866025
2010,1,-5.000000,-160.000000,-2.500000,-157.500000,3587.980000,3.872374,22.536915,0.032888,26.442176,,,,,,,,,,0.500000,0.866025
2010,1,-5.000000,165.000000,-2.500000,167.500000,2120.780000,16.340686,12.378936,2.496723,31.216345,29.755199,0.682865,23.988864,0.124024,0.547133,0.013106,0.000000,0.117886,197.615784,0.500000,0.866025
2010,1,-5.000000,-165.000000,-2.500000,-162.500000,1554.200000,9.298675,18.074250,0.966414,28.339339,,,,,,,,,,0.500000,0.866025
2010,1,-5.000000,170.000000,-2.500000,172.500000,2684.440000,9.222780,14.815380,0.926078,24.964238,29.964372,0.681602,24.637276,0.149951,133.176414,0.015279,0.009476,0.117679,197.991486,0.500000,0.866025
2010,1,-5.000000,-170.000000,-2.500000,-167.500000,4217.320000,5.837356,24.983165,2.756727,33.577248,,,,,,,,,,0.500000,0.866025
2010,1,-5.000000,175.000000,-2.500000,177.500000,11624.190000,6.459375,26.174985,0.367854,33.002213,30.109393,0.677433,24.507518,0.160765,94.482876,0.017021,0.001668,0.116691,197.840118,0.500000,0.866025
2010,1,-5.000000,-175.000000,-2.500000,-172.500000,7047.700000,10.101593,21.888134,0.984435,32.974162,,,,,,,,,,0.500000,0.866025
2010,1,-5.000000,-180.000000,-2.500000,-177.500000,7326.500000,5.924521,26.102368,1.051798,33.078687,,,,,,,,,,0.500000,0.866025
2010,1,10.000000,110.000000,12.500000,112.500000,13611.040000,14.560827,3.736232,0.000000,18.297059,26.614648,0.673855,27.276131,0.174704,1.039101,0.050542,0.040833,0.082755,208.223892,0.500000,0.866025
2010,1,10.000000,115.000000,12.500000,117.500000,15663.460000,13.472630,3.349643,0.000000,16.822273,27.232762,0.667675,27.994672,0.138344,122.760393,0.036078,0.114075,0.114003,206.458618,0.500000,0.866025
2010,1,10.000000,155.000000,12.500000,157.500000,1926.520000,6.717812,4.275585,0.534643,11.528040,27.652878,0.711359,68.543092,0.283586,0.377187,0.091216,0.000000,0.083248,202.476959,0.500000,0.866025
2010,1,10.000000,175.000000,12.500000,177.500000,1644.400000,2.929336,2.288981,0.382510,5.600827,27.131011,0.591231,53.416634,0.201222,0.674366,0.051024,0.000000,0.061965,204.721634,0.500000,0.866025
2010,1,-10.000000,-135.000000,-7.500000,-132.500000,3733.250000,9.021898,31.389004,0.403402,40.814304,,,,,,,,,,0.500000,0.866025
2010,1,-10.000000,-140.000000,-7.500000,-137.500000,3488.920000,5.785745,19.903867,0.000000,25.689612,,,,,,,,,,0.500000,0.866025
2010,1,-10.000000,150.000000,-7.500000,152.500000,2433.290000,22.186833,1.040977,0.321376,23.549186,29.354272,0.607909,14.022135,0.230595,131.819330,0.053591,0.097151,0.101775,198.294830,0.500000,0.866025
2010,1,-10.000000,-150.000000,-7.500000,-147.500000,3236.990000,5.270946,26.043948,0.090516,31.405411,,,,,,,,,,0.500000,0.866025
2010,1,-10.000000,155.000000,-7.500000,157.500000,7821.720000,12.503644,1.794746,0.150095,14.448484,29.643146,0.601191,15.437749,0.180221,133.902287,0.020294,0.101962,0.129869,198.396896,0.500000,0.866025
2010,1,-10.000000,-155.000000,-7.500000,-152.500000,3078.890000,5.709200,25.268197,0.068206,31.045604,,,,,,,,,,0.500000,0.866025
2010,1,-10.000000,160.000000,-7.500000,162.500000,5111.540000,18.173975,6.221804,0.715831,25.111610,29.893366,0.631809,14.829400,0.170546,134.022821,0.036604,0.033400,0.139070,197.738235,0.500000,0.866025
2010,1,-10.000000,-160.000000,-7.500000,-157.500000,4742.760000,4.159392,25.788360,0.058194,30.005946,,,,,,,,,,0.500000,0.866025
2010,1,-10.000000,165.000000,-7.500000,167.500000,5799.970000,20.454761,7.956076,3.902951,32.313788,30.052081,0.697377,15.579573,0.122830,0.346142,0.033412,0.000000,0.106510,197.042709,0.500000,0.866025
2010,1,-10.000000,-165.000000,-7.500000,-162.500000,1134.370000,3.573790,23.089468,0.389644,27.052902,,,,,,,,,,0.500000,0.866025
2010,1,-10.000000,170.000000,-7.500000,172.500000,1052.790000,17.228507,10.884412,1.042943,29.155862,30.207777,0.725990,16.778950,0.114272,0.328045,0.019252,0.000000,0.100944,196.558731,0.500000,0.866025
2010,1,-10.000000,-170.000000,-7.500000,-167.500000,4301.890000,1.405196,26.845642,1.206446,29.457285,,,,,,,,,,0.500000,0.866025
2010,1,-10.000000,175.000000,-7.500000,177.500000,2279.180000,6.031555,5.275582,18.966909,30.274046,30.385576,0.717566,17.040604,0.118531,0.706414,0.022842,0.000278,0.107736,196.921722,0.500000,0.866025
2010,1,-10.000000,-175.000000,-7.500000,-172.500000,1587.000000,2.045999,23.877127,0.606805,26.529931,,,,,,,,,,0.500000,0.866025
2010,1,-10.000000,-180.000000,-7.500000,-177.500000,3015.970000,3.828287,25.521474,0.458559,29.808320,,,,,,,,,,0.500000,0.866025
2010,1,15.000000,110.000000,17.500000,112.500000,20636.820000,19.640817,2.592454,0.302905,22.536176,24.728120,0.637294,34.694802,0.141011,103.835963,0.051823,0.301702,0.171294,214.620911,0.500000,0.866025
2010,1,15.000000,115.000000,17.500000,117.500000,29078.830000,16.850162,2.005101,0.087589,18.942853,25.165008,0.532379,28.231620,0.158335,119.187444,0.050099,0.287187,0.102357,211.680191,0.500000,0.866025
2010,1,15.000000,125.000000,17.500000,127.500000,6613.450000,13.405560,9.308001,33.269171,55.982732,26.082726,0.895175,70.947103,0.189206,1.989793,0.050053,0.091389,0.070726,206.723587,0.500000,0.866025
2010,1,15.000000,130.000000,17.500000,132.500000,4551.730000,11.605917,2.901974,13.879338,28.387229,26.369624,0.848413,71.583456,0.180668,1.760801,0.053935,0.104167,0.067621,205.108398,0.500000,0.866025
2010,1,15.000000,135.000000,17.500000,137.500000,1454.440000,6.665108,3.356618,22.324744,32.346470,26.866730,0.896942,69.370907,0.193416,4.096836,0.084819,0.164722,0.068698,203.631256,0.500000,0.866025
2010,1,15.000000,140.000000,17.500000,142.500000,1304.740000,5.190306,0.000000,1.192575,6.382881,27.110839,0.885486,68.887994,0.121091,3.481153,0.034130,0.138333,0.067277,202.977005,0.500000,0.866025
2010,1,15.000000,160.000000,17.500000,162.500000,1160.130000,2.085973,0.862834,13.039056,15.987863,27.276078,0.887346,85.013085,0.139245,1.106736,0.040420,0.031111,0.053442,203.455505,0.500000,0.866025
2010,1,15.000000,-160.000000,17.500000,-157.500000,1322.630000,2.479907,7.531207,0.068802,10.079917,,,,,,,,,,0.500000,0.866025
2010,1,15.000000,-165.000000,17.500000,-162.500000,1351.590000,3.748918,9.337891,0.315184,13.401993,,,,,,,,,,0.500000,0.866025
2010,1,-15.000000,-135.000000,-12.500000,-132.500000,12366.870000,2.413222,9.200307,17.420253,29.033781,,,,,,,,,,0.500000,0.866025
2010,1,-15.000000,-145.000000,-12.500000,-142.500000,3259.470000,2.415117,1.946942,17.700730,22.062789,,,,,,,,,,0.500000,0.866025
2010,1,-15.000000,150.000000,-12.500000,152.500000,3122.120000,22.519634,1.198545,1.068505,24.786683,29.145609,0.793109,14.861791,0.147078,130.311932,0.061362,0.041220,0.092174,198.489395,0.500000,0.866025
2010,1,-15.000000,-150.000000,-12.500000,-147.500000,2454.910000,2.605391,3.819692,10.978814,17.403897,,,,,,,,,,0.500000,0.866025
2010,1,-15.000000,155.000000,-12.500000,157.500000,6372.040000,8.823077,2.319822,21.247983,32.390883,29.113028,0.697508,14.864295,0.199821,0.969376,0.109009,0.002222,0.089634,198.562683,0.500000,0.866025
2010,1,-15.000000,160.000000,-12.500000,162.500000,18220.670000,8.660988,1.699883,18.742834,29.103705,29.376340,0.704550,14.265323,0.164791,134.015298,0.075218,0.036829,0.081159,198.506577,0.500000,0.866025
2010,1,-15.000000,-160.000000,-12.500000,-157.500000,5355.500000,0.826627,0.698347,17.108020,18.632994,,,,,,,,,,0.500000,0.866025
2010,1,-15.000000,165.000000,-12.500000,167.500000,4752.920000,7.389563,2.237782,18.003038,27.630383,29.526908,0.682911,13.980025,0.111758,127.974598,0.037736,0.016471,0.069357,197.776215,0.500000,0.866025
2010,1,-15.000000,-165.000000,-12.500000,-162.500000,2583.810000,0.760892,1.561260,26.553423,28.875575,,,,,,,,,,0.500000,0.866025
2010,1,-15.000000,170.000000,-12.500000,172.500000,15671.530000,0.831061,0.348913,26.049020,27.228994,29.547874,0.695381,13.865619,0.130966,0.800512,0.038618,0.012222,0.078051,197.560410,0.500000,0.866025
2010,1,-15.000000,-170.000000,-12.500000,-167.500000,4415.570000,2.070401,1.175613,19.832094,23.078108,,,,,,,,,,0.500000,0.866025
2010,1,-15.000000,175.000000,-12.500000,177.500000,5625.020000,1.601417,1.445862,27.509058,30.556336,29.363157,0.667716,13.838746,0.119988,0.879598,0.031994,0.002222,0.089010,197.813614,0.500000,0.866025
2010,1,-15.000000,-175.000000,-12.500000,-172.500000,9220.410000,2.348377,0.830657,23.241483,26.420517,,,,,,,,,,0.500000,0.866025
2010,1,20.000000,115.000000,22.500000,117.500000,1172.440000,6.457473,0.504077,0.168879,7.130429,21.988626,0.619284,41.139422,0.187742,98.528181,0.068341,0.642090,0.536842,219.457138,0.500000,0.866025
2010,1,20.000000,120.000000,22.500000,122.500000,2143.520000,5.498432,2.847652,1.438755,9.784840,23.997308,0.782507,62.496824,0.291448,110.040641,0.132301,0.442453,0.273268,213.188171,0.500000,0.866025
2010,1,20.000000,125.000000,22.500000,127.500000,2088.530000,7.070044,5.767693,23.374814,36.212551,23.901660,0.994114,78.159662,0.168370,73.146899,0.086148,0.253474,0.149004,215.863922,0.500000,0.866025
2010,1,20.000000,130.000000,22.500000,132.500000,5626.030000,6.453396,3.846407,31.572708,41.872510,24.170444,0.998212,78.121623,0.190138,3.073911,0.070968,0.343611,0.089745,214.055359,0.500000,0.866025
2010,1,20.000000,135.000000,22.500000,137.500000,8593.040000,6.627340,4.543444,43.919032,55.089817,24.316280,0.922341,69.961101,0.126664,2.947687,0.053867,0.488889,0.093453,212.181900,0.500000,0.866025
2010,1,20.000000,140.000000,22.500000,142.500000,3762.450000,9.795745,8.748023,34.008957,52.552725,25.401139,0.959724,74.037195,0.153907,45.593440,0.064705,0.289525,0.069228,210.084000,0.500000,0.866025
2010,1,20.000000,145.000000,22.500000,147.500000,4979.610000,2.558835,6.365358,21.338820,30.263013,25.929972,0.990783,78.226319,0.143286,2.968784,0.051286,0.273611,0.066737,208.999008,0.500000,0.866025
2010,1,20.000000,150.000000,22.500000,152.500000,3062.040000,3.200154,10.272890,43.373699,56.846743,25.733075,0.922295,68.338788,0.126659,2.417830,0.062036,0.370833,0.063277,209.033493,0.500000,0.866025
2010,1,20.000000,155.000000,22.500000,157.500000,3739.370000,1.319206,7.065896,17.013294,25.398396,25.824789,0.885607,65.003496,0.115343,2.829228,0.080632,0.362500,0.060654,207.968109,0.500000,0.866025
2010,1,20.000000,-155.000000,22.500000,-152.500000,3386.080000,0.458642,9.070370,0.047843,9.576856,,,,,,,,,,0.500000,0.866025
2010,1,20.000000,160.000000,22.500000,162.500000,1589.140000,1.907321,3.857432,10.827869,16.592622,25.954755,0.860840,68.418560,0.150507,2.543112,0.058364,0.210556,0.060906,207.777649,0.500000,0.866025
2010,1,20.000000,-160.000000,22.500000,-157.500000,5584.530000,0.678123,10.308477,0.189094,11.175694,,,,,,,,,,0.500000,0.866025
2010,1,20.000000,-165.000000,22.500000,-162.500000,1257.900000,1.985849,10.399873,0.936481,13.322204,,,,,,,,,,0.500000,0.866025
2010,1,20.000000,170.000000,22.500000,172.500000,1701.980000,1.245021,2.168651,1.124573,4.538244,25.448819,0.816072,78.795108,0.101986,2.641715,0.040008,0.195000,0.063337,208.584122,0.500000,0.866025
2010,1,-20.000000,-135.000000,-17.500000,-132.500000,9331.800000,0.856319,5.337020,38.241497,44.434836,,,,,,,,,,0.500000,0.866025
2010,1,-20.000000,-145.000000,-17.500000,-142.500000,3185.130000,2.155014,2.096932,18.142117,22.394062,,,,,,,,,,0.500000,0.866025
2010,1,-20.000000,150.000000,-17.500000,152.500000,1350.890000,11.610864,3.303748,28.955725,43.870337,28.471716,0.850295,19.426219,0.159400,1.701542,0.050070,0.097222,0.090513,201.419662,0.500000,0.866025
2010,1,-20.000000,-150.000000,-17.500000,-147.500000,2779.980000,1.830589,1.413679,12.032461,15.276729,,,,,,,,,,0.500000,0.866025
2010,1,-20.000000,155.000000,-17.500000,157.500000,9114.350000,4.114940,2.224843,56.294525,62.634307,27.967576,0.834449,16.617372,0.109505,1.635711,0.031463,0.059444,0.082620,202.368073,0.500000,0.866025
2010,1,-20.000000,160.000000,-17.500000,162.500000,9382.000000,7.063206,2.306331,37.056811,46.426348,27.849035,0.828972,16.983988,0.123701,54.030037,0.038153,0.059739,0.088817,203.417419,0.500000,0.866025
2010,1,-20.000000,-160.000000,-17.500000,-157.500000,1077.090000,0.671253,0.404794,18.642825,19.718872,,,,,,,,,,0.500000,0.866025
2010,1,-20.000000,165.000000,-17.500000,167.500000,12793.230000,4.709209,1.590685,24.499755,30.799650,27.798917,0.805163,15.440435,0.149562,127.520502,0.040407,0.090518,0.092551,203.401962,0.500000,0.866025
2010,1,-20.000000,170.000000,-17.500000,172.500000,10882.910000,1.896092,1.683190,24.259964,27.839245,27.940243,0.806101,15.265613,0.144697,1.404608,0.042820,0.100000,0.077994,203.392380,0.500000,0.866025
2010,1,-20.000000,-170.000000,-17.500000,-167.500000,5834.410000,1.485840,0.543157,19.652544,21.681541,,,,,,,,,,0.500000,0.866025
2010,1,-20.000000,175.000000,-17.500000,177.500000,7598.550000,6.652585,1.737568,11.784222,20.174375,27.982363,0.787956,15.322175,0.111592,128.714830,0.017208,0.176211,0.098553,203.671753,0.500000,0.866025
2010,1,-20.000000,-175.000000,-17.500000,-172.500000,4464.560000,1.633756,0.678678,19.654568,21.967002,,,,,,,,,,0.500000,0.866025
2010,1,-20.000000,-180.000000,-17.500000,-177.500000,10247.030000,6.471143,2.291493,14.455896,23.218533,,,,,,,,,,0.500000,0.866025
2010,1,25.000000,130.000000,27.500000,132.500000,6480.480000,9.055502,4.672030,37.157896,50.885428,21.410893,0.993391,115.214968,0.186824,43.741021,0.122291,0.417616,0.305727,219.961609,0.500000,0.866025
2010,1,25.000000,135.000000,27.500000,137.500000,6688.240000,3.245099,3.187984,30.468404,36.901487,21.462533,0.967303,107.443470,0.142960,3.872655,0.068160,0.501944,0.376583,220.645630,0.500000,0.866025
2010,1,25.000000,140.000000,27.500000,142.500000,6131.620000,2.226492,4.041509,68.443413,74.711414,21.711862,0.925059,91.204218,0.094623,43.834773,0.065200,0.404001,0.129281,222.169785,0.500000,0.866025
2010,1,25.000000,145.000000,27.500000,147.500000,10301.440000,1.412133,2.571194,13.677505,17.660832,22.022071,0.949849,80.353671,0.106411,4.483133,0.067790,0.496667,0.088482,221.068542,0.500000,0.866025
2010,1,25.000000,150.000000,27.500000,152.500000,6377.210000,1.319699,6.027558,29.936916,37.284173,22.482519,0.893886,78.350597,0.126064,4.833960,0.059533,0.419722,0.105658,220.888321,0.500000,0.866025
2010,1,25.000000,155.000000,27.500000,157.500000,2746.740000,0.158005,3.009386,12.014970,15.182362,22.576542,0.889750,78.316772,0.143298,3.043648,0.080307,0.393889,0.068398,221.007263,0.500000,0.866025
2010,1,25.000000,-155.000000,27.500000,-152.500000,1373.760000,1.825646,16.049383,0.302819,18.177848,,,,,,,,,,0.500000,0.866025
2010,1,25.000000,160.000000,27.500000,162.500000,3035.870000,0.405814,2.875288,45.804662,49.085765,22.528438,0.868143,80.187091,0.093101,6.039936,0.036136,0.480000,0.069146,221.390213,0.500000,0.866025
2010,1,25.000000,-160.000000,27.500000,-157.500000,8847.450000,2.611374,16.402466,2.899593,21.913433,,,,,,,,,,0.500000,0.866025
2010,1,25.000000,165.000000,27.500000,167.500000,4959.250000,0.067551,3.838080,41.669406,45.575037,22.523123,0.826847,86.798206,0.105390,6.334838,0.039702,0.547500,0.066473,222.900085,0.500000,0.866025
2010,1,25.000000,-165.000000,27.500000,-162.500000,5576.410000,3.469616,16.621805,7.273138,27.364559,,,,,,,,,,0.500000,0.866025
2010,1,25.000000,170.000000,27.500000,172.500000,3033.410000,0.258455,1.844789,30.666807,32.770051,22.153657,0.791933,92.430905,0.105205,6.722852,0.048547,0.482222,0.053518,222.538513,0.500000,0.866025
2010,1,-25.000000,160.000000,-22.500000,162.500000,1361.780000,1.536959,0.016155,48.980011,50.533126,26.333937,0.761793,19.385568,0.178397,121.824625,0.066775,0.256966,0.084993,207.746536,0.500000,0.866025
2010,1,-25.000000,165.000000,-22.500000,167.500000,3870.220000,19.393471,1.673032,14.791924,35.858427,25.824021,0.712177,18.842970,0.191230,119.965466,0.115381,0.199884,0.087988,209.601868,0.500000,0.866025
2010,1,-25.000000,170.000000,-22.500000,172.500000,1676.200000,3.444100,0.226703,23.860518,27.531321,25.964150,0.746644,18.232860,0.249822,1.707608,0.107529,0.139444,0.086491,210.967773,0.500000,0.866025
2010,1,-25.000000,-180.000000,-22.500000,-177.500000,1586.730000,3.744809,1.650564,18.488968,23.884341,,,,,,,,,,0.500000,0.866025
2010,1,30.000000,130.000000,32.500000,132.500000,12027.980000,8.651494,4.027276,36.579043,49.257814,18.524290,0.609891,87.679506,0.362844,90.416152,0.374502,0.692486,0.584211,229.122375,0.500000,0.866025
2010,1,30.000000,135.000000,32.500000,137.500000,12150.290000,6.601159,5.302096,39.246471,51.149726,19.291847,0.826237,125.267688,0.374529,81.533333,0.397213,0.456681,0.517383,222.222748,0.500000,0.866025
2010,1,30.000000,140.000000,32.500000,142.500000,7035.190000,0.671766,3.029485,17.191718,20.892968,19.412892,0.809350,128.011293,0.342940,27.948019,0.281898,0.292222,0.461270,222.595505,0.500000,0.866025
2010,1,30.000000,145.000000,32.500000,147.500000,11357.840000,0.068323,1.731667,0.662274,2.462264,19.515838,1.056887,125.800439,0.153953,1.998199,0.084597,0.172500,0.394276,229.114685,0.500000,0.866025
2010,1,30.000000,150.000000,32.500000,152.500000,1464.160000,0.000000,1.566086,0.582587,2.148672,19.330964,0.897246,144.972930,0.285501,4.069012,0.194879,0.367778,0.333308,234.718002,0.500000,0.866025
2010,1,30.000000,170.000000,32.500000,172.500000,4016.600000,0.120251,10.448389,32.959468,43.528108,17.820197,0.599654,105.450187,0.209286,3.171682,0.135787,0.487500,0.229831,243.278030,0.500000,0.866025
2010,1,-30.000000,155.000000,-27.500000,157.500000,1061.410000,4.637228,3.676242,0.737698,9.051168,26.219902,0.778907,17.563488,0.253777,2.180827,0.164436,0.110000,0.090910,210.329819,0.500000,0.866025
2010,1,-30.000000,170.000000,-27.500000,172.500000,3532.030000,6.345076,2.304341,15.850658,24.500075,24.016185,0.531784,16.477071,0.182764,2.333929,0.075491,0.270833,0.075764,217.131119,0.500000,0.866025
2010,1,-30.000000,175.000000,-27.500000,177.500000,1730.350000,5.780333,1.111914,13.642905,20.535152,23.918461,0.521881,14.138590,0.193224,1.575043,0.111811,0.225000,0.068715,219.168747,0.500000,0.866025
2010,1,-30.000000,-175.000000,-27.500000,-172.500000,8670.000000,2.265975,0.876355,17.213495,20.355825,,,,,,,,,,0.500000,0.866025
2010,1,-40.000000,175.000000,-37.500000,177.500000,1175.270000,0.317374,9.005590,9.099186,18.422150,,,,,,,,,,0.500000,0.866025
2010,2,0.000000,120.000000,2.500000,122.500000,17347.740000,17.446826,2.520501,0.000000,19.967327,28.593473,0.577233,15.140430,0.325773,131.895522,0.032489,0.103662,0.110095,202.039001,0.866025,0.500000
2010,2,0.000000,125.000000,2.500000,127.500000,22903.700000,17.443339,2.523959,0.000000,19.967298,28.255599,0.495358,17.155677,0.346810,132.819703,0.066501,0.142468,0.105477,201.579025,0.866025,0.500000
2010,2,0.000000,130.000000,2.500000,132.500000,16059.240000,15.051210,7.466356,0.140169,22.657735,28.319748,0.497479,15.962139,0.370355,115.723626,0.030691,0.006946,0.138980,201.460052,0.866025,0.500000
2010,2,0.000000,135.000000,2.500000,137.500000,1565.330000,7.517265,1.215718,0.000000,8.732983,28.407528,0.515962,15.012649,0.511757,0.383616,0.025203,0.000000,0.246911,202.411346,0.866025,0.500000
2010,2,0.000000,145.000000,2.500000,147.500000,2234.270000,4.007125,24.379327,0.000000,28.386453,29.045262,0.574702,20.765092,0.469790,0.364887,0.016183,0.000000,0.202445,199.972656,0.866025,0.500000
2010,2,0.000000,155.000000,2.500000,157.500000,6568.630000,2.689297,10.378724,0.003349,13.071371,29.283731,0.609944,24.388783,0.530935,0.411694,0.018466,0.000000,0.123420,199.392365,0.866025,0.500000
2010,2,0.000000,-155.000000,2.500000,-152.500000,5399.270000,2.783339,24.963745,0.035190,27.782274,,,,,,,,,,0.866025,0.500000
2010,2,0.000000,160.000000,2.500000,162.500000,5206.320000,4.174158,12.208815,0.388950,16.771923,29.250966,0.630985,27.767776,0.536784,0.434725,0.019619,0.000000,0.135738,199.162811,0.866025,0.500000
2010,2,0.000000,-160.000000,2.500000,-157.500000,2962.520000,6.451940,31.435062,0.014515,37.901516,,,,,,,,,,0.866025,0.500000
2010,2,0.000000,165.000000,2.500000,167.500000,2900.410000,12.277230,20.775339,5.479915,38.532483,29.280556,0.644186,32.824745,0.462244,91.824352,0.013046,0.002779,0.147036,198.981384,0.866025,0.500000
2010,2,0.000000,-165.000000,2.500000,-162.500000,2524.090000,7.230725,39.330214,0.009508,46.570447,,,,,,,,,,0.866025,0.500000
2010,2,0.000000,170.000000,2.500000,172.500000,13701.930000,8.966182,23.308103,3.785452,36.059738,29.344320,0.659551,35.141984,0.489256,130.805899,0.016031,0.021769,0.185014,199.097778,0.866025,0.500000
2010,2,0.000000,-170.000000,2.500000,-167.500000,7741.430000,3.866469,20.422713,0.230707,24.519888,,,,,,,,,,0.866025,0.500000
2010,2,0.000000,175.000000,2.500000,177.500000,27966.780000,7.217241,23.137808,2.043532,32.398581,29.387566,0.666884,43.171146,0.399611,0.725593,0.010024,0.000278,0.202221,199.128784,0.866025,0.500000
2010,2,0.000000,-175.000000,2.500000,-172.500000,13269.140000,4.553347,28.568543,0.268141,33.390031,,,,,,,,,,0.866025,0.500000
2010,2,0.000000,-180.000000,2.500000,-177.500000,4701.510000,5.359555,31.662168,0.440071,37.461794,,,,,,,,,,0.866025,0.500000
2010,2,5.000000,145.000000,7.500000,147.500000,1160.670000,2.189253,15.319600,0.000000,17.508853,28.288754,0.531788,37.562183,0.192391,0.678030,0.025813,0.000000,0.103508,200.973328,0.866025,0.500000
2010,2,5.000000,155.000000,7.500000,157.500000,3965.580000,5.871272,16.063728,0.193667,22.128667,28.354421,0.539092,43.136095,0.192758,121.316187,0.043539,0.003336,0.079188,200.631760,0.866025,0.500000
2010,2,5.000000,-155.000000,7.500000,-152.500000,1637.760000,4.612397,24.189136,0.299800,29.101334,,,,,,,,,,0.866025,0.500000
2010,2,5.000000,160.000000,7.500000,162.500000,1962.880000,4.213197,20.931488,0.822261,25.966947,28.301087,0.568178,50.348931,0.171119,0.603233,0.038060,0.000000,0.078300,200.937592,0.866025,0.500000
2010,2,5.000000,165.000000,7.500000,167.500000,3471.030000,8.073108,18.947402,2.056450,29.076960,28.179258,0.577873,51.716124,0.128865,127.428087,0.026893,0.041643,0.077518,201.215057,0.866025,0.500000
2010,2,5.000000,170.000000,7.500000,172.500000,10203.410000,7.226898,18.400319,1.819686,27.446903,28.023237,0.570815,47.216171,0.203214,127.739910,0.045886,0.053727,0.077996,201.164017,0.866025,0.500000
2010,2,5.000000,175.000000,7.500000,177.500000,6356.320000,10.496325,18.781307,0.239604,29.517236,28.087858,0.556219,56.085987,0.168148,1.186359,0.061070,0.024167,0.091028,201.457825,0.866025,0.500000
2010,2,5.000000,-175.000000,7.500000,-172.500000,4484.270000,4.144487,27.231411,0.064225,31.440123,,,,,,,,,,0.866025,0.500000
2010,2,5.000000,-180.000000,7.500000,-177.500000,3000.410000,7.141357,26.172423,0.190641,33.504421,,,,,,,,,,0.866025,0.500000
2010,2,-5.000000,120.000000,-2.500000,122.500000,22223.840000,17.432496,2.534800,0.000000,19.967296,29.458877,0.607289,16.775744,0.130345,136.322295,0.020591,0.248193,0.111251,199.522095,0.866025,0.500000
2010,2,-5.000000,125.000000,-2.500000,127.500000,33335.750000,17.432486,2.534816,0.000000,19.967302,29.166711,0.586520,17.441282,0.161657,133.714930,0.017091,0.161920,0.099908,199.189713,0.866025,0.500000
2010,2,-5.000000,130.000000,-2.500000,132.500000,11111.920000,17.432451,2.534845,0.000000,19.967296,29.412420,0.566817,15.244987,0.129558,136.652140,0.026657,0.270997,0.147958,198.620697,0.866025,0.500000
2010,2,-5.000000,150.000000,-2.500000,152.500000,1090.650000,15.296383,0.028423,0.000000,15.324806,29.471563,0.583400,16.870710,0.407808,132.476233,0.021093,0.076472,0.132967,199.323898,0.866025,0.500000
2010,2,-5.000000,-155.000000,-2.500000,-152.500000,5200.860000,3.056610,14.174771,0.293028,17.524409,,,,,,,,,,0.866025,0.500000
2010,2,-5.000000,160.000000,-2.500000,162.500000,1798.290000,10.707394,10.986548,0.241340,21.935283,29.290775,0.620265,22.696447,0.278941,0.350927,0.009408,0.000000,0.189670,199.093628,0.866025,0.500000
2010,2,-5.000000,-160.000000,-2.500000,-157.500000,4377.930000,3.757255,16.585464,0.059617,20.402336,,,,,,,,,,0.866025,0.500000
2010,2,-5.000000,165.000000,-2.500000,167.500000,1267.040000,14.724871,10.140169,1.191754,26.056794,29.324497,0.649850,25.296582,0.270672,0.255431,0.015567,0.000000,0.141942,198.199936,0.866025,0.500000
2010,2,-5.000000,-165.000000,-2.500000,-162.500000,2813.580000,3.447565,13.321107,0.126885,16.895557,,,,,,,,,,0.866025,0.500000
2010,2,-5.000000,170.000000,-2.500000,172.500000,4857.970000,13.570895,14.344469,1.283252,29.198616,29.507126,0.678558,28.881033,0.326407,131.877637,0.025213,0.010312,0.141874,198.228119,0.866025,0.500000
2010,2,-5.000000,175.000000,-2.500000,177.500000,4037.990000,11.395769,22.264295,1.516596,35.176660,29.501390,0.705179,33.064703,0.308456,93.310911,0.024832,0.001668,0.146719,197.945435,0.866025,0.500000
2010,2,-5.000000,-180.000000,-2.500000,-177.500000,1009.110000,11.491314,18.422174,0.539089,30.452577,,,,,,,,,,0.866025,0.500000
2010,2,10.000000,110.000000,12.500000,112.500000,14659.380000,13.519535,3.469042,0.000000,16.988577,27.120639,0.706618,18.619555,0.145916,1.429858,0.047878,0.024167,0.085535,207.821091,0.866025,0.500000
2010,2,10.000000,115.000000,12.500000,117.500000,17410.460000,13.901815,3.544880,0.000000,17.446696,27.321463,0.648860,18.723029,0.182522,122.744796,0.045834,0.098468,0.107084,207.035721,0.866025,0.500000
2010,2,10.000000,135.000000,12.500000,137.500000,2114.080000,9.853932,1.104499,1.070442,12.028873,27.686630,0.728586,46.924692,0.301028,111.903956,0.120428,0.001946,0.072882,202.762955,0.866025,0.500000
2010,2,10.000000,155.000000,12.500000,157.500000,7731.440000,4.427377,1.242847,0.130247,5.800472,27.081467,0.699581,55.208537,0.250603,0.593397,0.076198,0.000000,0.126766,204.523727,0.866025,0.500000
2010,2,10.000000,-165.000000,12.500000,-162.500000,1050.300000,2.881082,14.460630,1.479577,18.821289,,,,,,,,,,0.866025,0.500000
2010,2,-10.000000,-135.000000,-7.500000,-132.500000,10123.210000,4.717871,19.603564,0.627765,24.949201,,,,,,,,,,0.866025,0.500000
2010,2,-10.000000,-140.000000,-7.500000,-137.500000,1571.650000,5.450959,13.971304,0.372220,19.794484,,,,,,,,,,0.866025,0.500000
2010,2,-10.000000,150.000000,-7.500000,152.500000,2301.570000,27.697181,1.375148,0.473155,29.545484,29.441351,0.577571,13.691601,0.223647,132.790236,0.053930,0.086957,0.103387,197.940186,0.866025,0.500000
2010,2,-10.000000,-150.000000,-7.500000,-147.500000,3094.300000,6.311928,14.718999,0.477329,21.508257,,,,,,,,,,0.866025,0.500000
2010,2,-10.000000,155.000000,-7.500000,157.500000,6073.980000,15.792281,5.876707,0.459336,22.128324,29.289618,0.536243,15.913262,0.216468,132.682831,0.024997,0.110285,0.123258,198.485962,0.866025,0.500000
2010,2,-10.000000,160.000000,-7.500000,162.500000,5562.250000,24.690009,6.251427,0.597061,31.538496,29.241495,0.556610,16.539412,0.227211,132.373890,0.029326,0.035398,0.191951,197.848770,0.866025,0.500000
2010,2,-10.000000,-160.000000,-7.500000,-157.500000,2501.220000,2.563949,14.679636,0.079961,17.323546,,,,,,,,,,0.866025,0.500000
2010,2,-10.000000,165.000000,-7.500000,167.500000,8533.490000,31.337589,7.457441,4.516323,43.311353,29.289370,0.567525,19.549649,0.242074,0.382402,0.046497,0.000000,0.163857,196.778015,0.866025,0.500000
2010,2,-10.000000,-165.000000,-7.500000,-162.500000,1031.250000,3.222303,14.112000,0.985212,18.319515,,,,,,,,,,0.866025,0.500000
2010,2,-10.000000,170.000000,-7.500000,172.500000,1141.470000,10.082613,8.931466,5.843342,24.857421,29.402137,0.589632,21.163104,0.267850,0.397556,0.052606,0.000000,0.149135,196.759003,0.866025,0.500000
2010,2,-10.000000,175.000000,-7.500000,177.500000,1261.840000,7.483516,3.588411,26.164965,37.236892,29.468614,0.612165,23.178851,0.325341,0.463096,0.071586,0.000000,0.143792,196.958847,0.866025,0.500000
2010,2,15.000000,110.000000,17.500000,112.500000,18541.260000,13.986536,2.788861,0.053826,16.829223,25.375402,0.613663,16.897150,0.126490,106.934201,0.036549,0.377560,0.150110,214.031509,0.866025,0.500000
2010,2,15.000000,115.000000,17.500000,117.500000,22959.100000,12.558506,2.452753,0.034278,15.045537,25.707814,0.554464,16.857354,0.188272,121.737462,0.086540,0.294708,0.106198,212.022858,0.866025,0.500000
2010,2,15.000000,125.000000,17.500000,127.500000,6981.640000,12.069084,5.630339,23.967578,41.667001,26.319987,0.884166,24.189184,0.139106,1.205884,0.059955,0.071389,0.070213,207.496185,0.866025,0.500000
2010,2,15.000000,130.000000,17.500000,132.500000,6274.230000,13.724075,4.067591,21.772074,39.563739,26.673998,0.897229,34.053106,0.192191,2.349537,0.078575,0.130000,0.071202,206.034225,0.866025,0.500000
2010,2,15.000000,135.000000,17.500000,137.500000,2349.350000,5.616447,0.847894,1.673229,8.137570,26.564449,0.905502,41.938368,0.155099,2.354027,0.035757,0.189444,0.070001,205.954926,0.866025,0.500000
2010,2,15.000000,155.000000,17.500000,157.500000,2788.780000,2.286663,0.423483,10.918036,13.628181,26.610553,0.886278,83.830662,0.119388,1.658516,0.043356,0.038333,0.056794,205.598572,0.866025,0.500000
2010,2,15.000000,160.000000,17.500000,162.500000,2268.100000,8.266390,1.370310,16.864336,26.501036,26.332080,0.828030,80.572896,0.149957,2.403910,0.049595,0.062500,0.055022,206.230804,0.866025,0.500000
2010,2,15.000000,-165.000000,17.500000,-162.500000,2564.470000,2.475365,10.392401,1.163983,14.031749,,,,,,,,,,0.866025,0.500000
2010,2,-15.000000,-135.000000,-12.500000,-132.500000,6162.250000,1.021867,9.869772,10.821697,21.713335,,,,,,,,,,0.866025,0.500000
2010,2,-15.000000,-145.000000,-12.500000,-142.500000,3865.250000,1.539357,2.868379,21.049350,25.457086,,,,,,,,,,0.866025,0.500000
2010,2,-15.000000,150.000000,-12.500000,152.500000,2348.090000,20.040544,1.575323,9.247942,30.863808,29.661322,0.763223,14.894145,0.178379,133.127640,0.071473,0.034444,0.085349,198.103806,0.866025,0.500000
2010,2,-15.000000,-150.000000,-12.500000,-147.500000,2465.890000,4.773125,3.980713,10.341905,19.095742,,,,,,,,,,0.866025,0.500000
2010,2,-15.000000,155.000000,-12.500000,157.500000,8957.670000,8.587836,2.204368,11.848505,22.640709,29.501434,0.643987,15.326778,0.233413,0.822224,0.106975,0.002222,0.087401,198.032639,0.866025,0.500000
2010,2,-15.000000,160.000000,-12.500000,162.500000,9948.430000,5.915004,2.520096,9.744553,18.179652,29.475405,0.622323,14.872219,0.147365,133.485955,0.066424,0.022772,0.086775,197.545639,0.866025,0.500000
2010,2,-15.000000,-160.000000,-12.500000,-157.500000,1033.690000,1.746171,1.099943,9.995260,12.841374,,,,,,,,,,0.866025,0.500000
2010,2,-15.000000,165.000000,-12.500000,167.500000,8497.320000,8.922107,1.681354,24.156911,34.760372,29.706154,0.622379,15.173885,0.154506,132.342453,0.067179,0.015355,0.066300,196.536789,0.866025,0.500000
2010,2,-15.000000,170.000000,-12.500000,172.500000,30027.240000,6.172362,0.405865,26.936908,33.515135,29.816480,0.625134,14.674360,0.137228,0.499384,0.063540,0.000000,0.069782,196.657776,0.866025,0.500000
2010,2,-15.000000,-170.000000,-12.500000,-167.500000,4674.390000,2.055455,0.976384,15.724405,18.756244,,,,,,,,,,0.866025,0.500000
2010,2,-15.000000,175.000000,-12.500000,177.500000,3208.260000,1.965863,1.197534,22.158117,25.321514,29.726319,0.587450,13.706711,0.125557,0.698373,0.053467,0.000000,0.082717,196.604355,0.866025,0.500000
2010,2,-15.000000,-175.000000,-12.500000,-172.500000,7887.210000,3.248931,0.793436,16.744704,20.787072,,,,,,,,,,0.866025,0.500000
2010,2,20.000000,120.000000,22.500000,122.500000,2184.020000,16.113863,2.406571,0.000000,18.520435,24.708080,0.798863,33.353805,0.292336,113.151157,0.154641,0.442767,0.284310,214.155411,0.866025,0.500000
2010,2,20.000000,125.000000,22.500000,127.500000,3957.780000,12.389521,1.746686,7.330372,21.466580,24.092377,0.962674,31.879375,0.181984,74.687400,0.079924,0.401334,0.142610,217.859955,0.866025,0.500000
2010,2,20.000000,130.000000,22.500000,132.500000,3186.840000,11.741412,3.398978,15.224172,30.364562,23.958456,0.975552,32.089197,0.155912,2.385752,0.076583,0.385000,0.114632,216.165573,0.866025,0.500000
2010,2,20.000000,135.000000,22.500000,137.500000,4258.140000,7.788612,5.298088,38.642929,51.729628,24.334307,0.928594,42.833578,0.133411,2.941445,0.053415,0.348889,0.127726,216.210541,0.866025,0.500000
2010,2,20.000000,140.000000,22.500000,142.500000,1005.930000,3.550943,2.841152,38.765123,45.157218,24.809889,0.978231,51.688089,0.152609,47.800271,0.060271,0.303140,0.071138,213.162460,0.866025,0.500000
2010,2,20.000000,145.000000,22.500000,147.500000,2122.130000,2.131349,2.987564,29.402534,34.521448,24.717022,0.965403,57.341527,0.135629,2.149355,0.057378,0.241111,0.067200,213.470840,0.866025,0.500000
2010,2,20.000000,150.000000,22.500000,152.500000,3722.830000,1.926760,7.806964,46.914578,56.648303,24.678861,0.905303,51.359644,0.134580,3.983550,0.068026,0.419722,0.062375,213.413712,0.866025,0.500000
2010,2,20.000000,155.000000,22.500000,157.500000,1328.860000,3.189952,7.428172,38.898003,49.516127,24.657731,0.860644,55.350279,0.124835,2.983097,0.055186,0.405000,0.059079,212.276016,0.866025,0.500000
2010,2,20.000000,-160.000000,22.500000,-157.500000,2360.210000,1.608755,6.823122,0.141937,8.573813,,,,,,,,,,0.866025,0.500000
2010,2,20.000000,-165.000000,22.500000,-162.500000,1361.260000,3.028077,12.702202,1.812292,17.542571,,,,,,,,,,0.866025,0.500000
2010,2,-20.000000,-135.000000,-17.500000,-132.500000,6580.230000,1.332780,2.453258,29.863546,33.649584,,,,,,,,,,0.866025,0.500000
2010,2,-20.000000,-145.000000,-17.500000,-142.500000,2012.260000,1.711011,1.011301,14.044408,16.766720,,,,,,,,,,0.866025,0.500000
2010,2,-20.000000,-150.000000,-17.500000,-147.500000,2094.650000,3.142768,0.816366,9.701859,13.660993,,,,,,,,,,0.866025,0.500000
2010,2,-20.000000,155.000000,-17.500000,157.500000,4471.670000,8.496826,2.151322,21.663942,32.312089,28.671642,0.826411,16.828416,0.119936,2.490542,0.031684,0.066944,0.087202,200.863724,0.866025,0.500000
2010,2,-20.000000,-155.000000,-17.500000,-152.500000,1694.620000,3.111022,0.685109,7.064711,10.860842,,,,,,,,,,0.866025,0.500000
2010,2,-20.000000,160.000000,-17.500000,162.500000,2177.390000,4.435586,1.513280,14.655161,20.604026,28.406315,0.794940,18.236273,0.143630,55.433311,0.050990,0.062795,0.093656,201.659515,0.866025,0.500000
2010,2,-20.000000,165.000000,-17.500000,167.500000,20860.630000,4.543583,1.278629,20.962406,26.784618,28.536438,0.786281,18.480659,0.154942,132.387661,0.046575,0.148954,0.095095,201.012527,0.866025,0.500000
2010,2,-20.000000,170.000000,-17.500000,172.500000,11778.140000,2.643202,1.434607,19.163722,23.241530,28.746511,0.773060,17.969723,0.137684,2.242007,0.034285,0.100556,0.086038,200.333939,0.866025,0.500000
2010,2,-20.000000,-170.000000,-17.500000,-167.500000,1457.330000,1.186416,0.432984,15.863943,17.483343,,,,,,,,,,0.866025,0.500000
2010,2,-20.000000,175.000000,-17.500000,177.500000,9037.690000,4.349895,1.263487,10.001339,15.614720,28.902551,0.756288,16.551206,0.119094,133.541512,0.020516,0.156241,0.104402,200.124832,0.866025,0.500000
2010,2,-20.000000,-175.000000,-17.500000,-172.500000,2321.970000,1.649461,0.742473,16.768089,19.160024,,,,,,,,,,0.866025,0.500000
2010,2,-20.000000,-180.000000,-17.500000,-177.500000,5520.770000,4.882833,2.203678,12.306617,19.393128,,,,,,,,,,0.866025,0.500000
2010,2,25.000000,130.000000,27.500000,132.500000,13920.160000,5.978020,4.177897,42.097936,52.253853,20.865692,0.957167,84.667541,0.201060,43.743378,0.116352,0.406502,0.431876,222.358582,0.866025,0.500000
2010,2,25.000000,135.000000,27.500000,137.500000,3478.070000,3.084182,2.436121,29.081358,34.601661,20.858354,0.929330,72.120540,0.161622,4.841063,0.073328,0.445833,0.440071,223.322418,0.866025,0.500000
2010,2,25.000000,140.000000,27.500000,142.500000,6164.630000,2.130541,3.544252,72.102462,77.777255,20.767608,0.930563,69.918553,0.123492,41.754051,0.068453,0.489303,0.166849,226.662338,0.866025,0.500000
2010,2,25.000000,145.000000,27.500000,147.500000,5253.120000,1.177776,1.053088,12.735098,14.965963,20.818246,0.944043,60.896001,0.101100,3.934987,0.057586,0.415833,0.142593,226.217468,0.866025,0.500000
2010,2,25.000000,150.000000,27.500000,152.500000,3426.570000,1.827192,1.394689,19.365430,22.587310,21.225930,0.884264,67.850915,0.103235,4.743194,0.048130,0.401389,0.195933,226.500916,0.866025,0.500000
2010,2,25.000000,155.000000,27.500000,157.500000,3939.730000,0.114982,2.156239,37.754872,40.026093,21.045453,0.873035,63.853075,0.129999,4.703415,0.069366,0.351667,0.139421,227.827484,0.866025,0.500000
2010,2,25.000000,-155.000000,27.500000,-152.500000,1321.720000,1.196925,15.200648,2.968859,19.366432,,,,,,,,,,0.866025,0.500000
2010,2,25.000000,160.000000,27.500000,162.500000,7127.270000,0.377564,1.907883,39.997082,42.282529,21.135050,0.847502,64.708950,0.086034,4.506429,0.035690,0.507500,0.111555,227.968674,0.866025,0.500000
2010,2,25.000000,-160.000000,27.500000,-157.500000,7814.630000,2.207526,17.830147,2.964440,23.002113,,,,,,,,,,0.866025,0.500000
2010,2,25.000000,165.000000,27.500000,167.500000,1724.780000,0.286993,2.314498,40.059022,42.660513,20.923487,0.811835,65.784854,0.100795,7.458500,0.042588,0.579167,0.110773,229.795914,0.866025,0.500000
2010,2,25.000000,-165.000000,27.500000,-162.500000,4794.000000,4.059449,16.286817,6.084063,26.430330,,,,,,,,,,0.866025,0.500000
2010,2,-25.000000,170.000000,-22.500000,172.500000,1282.940000,2.519214,0.023384,21.291721,23.834318,26.654872,0.735934,20.985291,0.207460,3.257994,0.127137,0.189722,0.087625,207.423355,0.866025,0.500000
2010,2,-25.000000,-175.000000,-22.500000,-172.500000,1167.910000,1.550633,0.622479,13.046382,15.219495,,,,,,,,,,0.866025,0.500000
2010,2,30.000000,130.000000,32.500000,132.500000,11347.880000,5.787601,4.404259,40.694473,50.886333,18.040609,0.610506,64.240877,0.388868,93.602578,0.367891,0.745279,0.646892,236.332703,0.866025,0.500000
2010,2,30.000000,135.000000,32.500000,137.500000,12438.390000,5.476593,3.575624,46.109263,55.161480,18.765276,0.799856,101.842496,0.340133,79.922860,0.381353,0.418548,0.551294,226.216095,0.866025,0.500000
2010,2,30.000000,140.000000,32.500000,142.500000,10423.650000,1.427139,6.404570,28.649369,36.481079,18.629213,0.862530,120.815791,0.237171,25.840977,0.191167,0.317500,0.520340,225.286743,0.866025,0.500000
2010,2,30.000000,145.000000,32.500000,147.500000,9935.220000,0.139806,0.579655,0.332957,1.052418,18.222574,0.886161,140.866326,0.218514,6.871558,0.168937,0.194722,0.482475,231.718063,0.866025,0.500000
2010,2,30.000000,150.000000,32.500000,152.500000,1822.560000,0.000000,1.865508,0.322623,2.188131,18.113753,0.886146,151.104904,0.225080,6.150413,0.163767,0.284722,0.444317,236.633392,0.866025,0.500000
2010,2,30.000000,-155.000000,32.500000,-152.500000,1738.910000,0.070159,4.171004,0.771748,5.012910,,,,,,,,,,0.866025,0.500000
2010,2,30.000000,-160.000000,32.500000,-157.500000,4208.210000,0.307732,0.749012,0.207689,1.264433,,,,,,,,,,0.866025,0.500000
2010,2,30.000000,-165.000000,32.500000,-162.500000,2316.710000,0.290930,0.281002,0.122588,0.694519,,,,,,,,,,0.866025,0.500000
2010,2,30.000000,170.000000,32.500000,172.500000,1153.170000,0.254082,14.940555,4.576082,19.770719,16.956529,0.572311,101.647708,0.232003,3.379287,0.150735,0.479167,0.329539,248.050446,0.866025,0.500000
2010,2,-30.000000,170.000000,-27.500000,172.500000,4538.380000,3.966614,1.576554,17.222665,22.765833,24.482749,0.528390,21.098125,0.173414,3.680544,0.078969,0.229444,0.076363,213.763885,0.866025,0.500000
2010,2,-30.000000,-175.000000,-27.500000,-172.500000,9904.000000,2.052908,0.873384,18.352080,21.278372,,,,,,,,,,0.866025,0.500000
2010,2,-40.000000,155.000000,-37.500000,157.500000,3224.700000,1.050020,4.436692,15.409185,20.895897,,,,,,,,,,0.866025,0.500000
2010,2,-40.000000,175.000000,-37.500000,177.500000,1624.690000,0.094172,8.761671,8.637956,17.493799,,,,,,,,,,0.866025,0.500000
2010,3,0.000000,120.000000,2.500000,122.500000,18241.860000,16.591674,2.396960,0.000000,18.988634,29.107052,0.554017,12.657226,0.325979,136.638595,0.031249,0.101179,0.113942,201.689789,1.000000,0.000000
2010,3,0.000000,125.000000,2.500000,127.500000,24084.180000,16.588358,2.400248,0.000000,18.988606,28.865613,0.518713,14.494677,0.311358,134.568282,0.043806,0.154265,0.106018,201.340729,1.000000,0.000000
2010,3,0.000000,130.000000,2.500000,132.500000,14874.580000,15.377510,6.103836,0.031127,21.512473,29.011355,0.551905,15.300297,0.269212,116.806263,0.012550,0.006669,0.115440,201.273621,1.000000,0.000000
2010,3,0.000000,135.000000,2.500000,137.500000,1369.570000,16.406609,6.015027,0.000000,22.421636,29.229613,0.582528,15.696264,0.347923,0.591105,0.021190,0.000000,0.124675,200.743347,1.000000,0.000000
2010,3,0.000000,145.000000,2.500000,147.500000,3502.990000,11.946080,18.297512,0.000000,30.243592,29.634664,0.665904,17.637707,0.628109,0.232887,0.045205,0.000000,0.111700,198.969360,1.000000,0.000000
2010,3,0.000000,150.000000,2.500000,152.500000,1711.240000,3.764522,19.107781,0.021622,22.893925,29.585454,0.678129,20.479786,0.706203,0.393465,0.048820,0.000000,0.123413,198.544647,1.000000,0.000000
2010,3,0.000000,155.000000,2.500000,157.500000,5414.470000,3.719293,13.777341,0.025118,17.521752,29.493359,0.677029,26.524358,0.660423,0.165169,0.041486,0.000000,0.158544,198.297897,1.000000,0.000000
2010,3,0.000000,-155.000000,2.500000,-152.500000,10617.920000,3.661263,21.877731,0.422117,25.961111,,,,,,,,,,1.000000,0.000000
2010,3,0.000000,160.000000,2.500000,162.500000,4062.480000,6.534186,9.078199,0.291201,15.903586,29.447303,0.666964,27.957796,0.629938,0.582680,0.036735,0.000000,0.186999,197.992142,1.000000,0.000000
2010,3,0.000000,-160.000000,2.500000,-157.500000,5298.750000,5.373154,22.170512,0.213069,27.756735,,,,,,,,,,1.000000,0.000000
2010,3,0.000000,165.000000,2.500000,167.500000,1484.500000,10.175143,14.312563,2.037050,26.524756,29.358581,0.652083,30.175072,0.660581,92.634591,0.042267,0.002779,0.205396,197.933319,1.000000,0.000000
2010,3,0.000000,-165.000000,2.500000,-162.500000,1901.870000,4.121733,16.557388,0.059941,20.739062,,,,,,,,,,1.000000,0.000000
2010,3,0.000000,170.000000,2.500000,172.500000,4500.760000,5.028040,15.036127,3.060150,23.124317,29.301227,0.637204,34.810523,0.723518,130.851399,0.046749,0.069774,0.221061,197.510468,1.000000,0.000000
2010,3,0.000000,-170.000000,2.500000,-167.500000,8056.010000,1.728275,25.872734,0.088878,27.689886,,,,,,,,,,1.000000,0.000000
2010,3,0.000000,175.000000,2.500000,177.500000,8158.630000,3.658703,18.195334,0.601326,22.455363,29.194159,0.624757,42.524959,0.629423,0.767815,0.035517,0.002500,0.174026,197.812439,1.000000,0.000000
2010,3,0.000000,-175.000000,2.500000,-172.500000,15384.570000,1.389184,27.186200,0.258506,28.833890,,,,,,,,,,1.000000,0.000000
2010,3,0.000000,-180.000000,2.500000,-177.500000,4771.090000,1.683682,30.425123,0.363858,32.472663,,,,,,,,,,1.000000,0.000000
2010,3,5.000000,155.000000,7.500000,157.500000,3366.030000,10.641913,20.009328,0.566543,31.217785,28.728589,0.635773,42.676790,0.163570,122.315773,0.046206,0.003336,0.077744,199.560104,1.000000,0.000000
2010,3,5.000000,-155.000000,7.500000,-152.500000,3521.520000,2.593198,30.311627,0.004827,32.909653,,,,,,,,,,1.000000,0.000000
2010,3,5.000000,160.000000,7.500000,162.500000,11570.330000,9.668609,24.586334,2.159575,36.414519,28.685835,0.654293,50.485459,0.111370,0.582143,0.031129,0.000000,0.076922,199.912689,1.000000,0.000000
2010,3,5.000000,-160.000000,7.500000,-157.500000,6991.190000,3.654027,34.551486,0.039764,38.245277,,,,,,,,,,1.000000,0.000000
2010,3,5.000000,165.000000,7.500000,167.500000,8424.950000,5.584009,16.330305,1.113953,23.028267,28.466877,0.639037,47.934249,0.149467,129.191327,0.041270,0.052408,0.094046,200.054611,1.000000,0.000000
2010,3,5.000000,170.000000,7.500000,172.500000,1110.830000,11.779480,23.983868,2.617862,38.381210,28.414834,0.626258,49.142228,0.139739,129.375740,0.045249,0.071167,0.092665,200.563690,1.000000,0.000000
2010,3,5.000000,-170.000000,7.500000,-167.500000,6957.290000,5.303646,37.215065,0.103489,42.622199,,,,,,,,,,1.000000,0.000000
2010,3,5.000000,175.000000,7.500000,177.500000,10507.510000,5.391572,22.847944,0.724054,28.963570,28.316294,0.598444,62.697780,0.122396,0.879568,0.032482,0.009722,0.100352,201.145386,1.000000,0.000000
2010,3,5.000000,-175.000000,7.500000,-172.500000,5572.300000,2.084238,24.466558,0.045583,26.596379,,,,,,,,,,1.000000,0.000000
2010,3,5.000000,-180.000000,7.500000,-177.500000,9955.770000,2.586741,28.228957,0.322326,31.138023,,,,,,,,,,1.000000,0.000000
2010,3,-5.000000,120.000000,-2.500000,122.500000,23369.280000,16.578046,2.410558,0.000000,18.988604,30.003281,0.600254,13.084842,0.087631,139.400047,0.018496,0.242972,0.110542,199.456146,1.000000,0.000000
2010,3,-5.000000,125.000000,-2.500000,127.500000,35053.930000,16.578027,2.410571,0.000000,18.988598,29.727080,0.588395,14.513111,0.157187,134.738240,0.016018,0.140248,0.102608,199.679520,1.000000,0.000000
2010,3,-5.000000,130.000000,-2.500000,132.500000,11684.640000,16.578003,2.410601,0.000000,18.988604,29.618905,0.579433,15.444677,0.142188,135.727108,0.018296,0.247414,0.149087,198.460220,1.000000,0.000000
2010,3,-5.000000,135.000000,-2.500000,137.500000,1373.280000,32.391064,0.330595,0.934988,33.656647,29.367241,0.571442,14.908112,0.206733,135.318970,0.013574,0.179882,0.218923,200.357651,1.000000,0.000000
2010,3,-5.000000,145.000000,-2.500000,147.500000,1842.520000,8.541563,0.028222,0.000000,8.569785,29.225283,0.619167,16.991509,0.354853,127.294852,0.016657,0.041631,0.121169,199.090607,1.000000,0.000000
2010,3,-5.000000,-155.000000,-2.500000,-152.500000,3494.370000,4.300346,13.551799,1.083743,18.935888,,,,,,,,,,1.000000,0.000000
2010,3,-5.000000,160.000000,-2.500000,162.500000,1134.610000,17.539066,4.114189,0.377222,22.030477,29.537602,0.689436,20.131960,0.511118,0.279070,0.044151,0.000000,0.159331,198.856995,1.000000,0.000000
2010,3,-5.000000,170.000000,-2.500000,172.500000,3013.370000,4.913768,10.315029,0.120463,15.349260,29.677707,0.660707,14.911329,0.609804,132.655916,0.058302,0.047101,0.152242,198.781754,1.000000,0.000000
2010,3,-5.000000,175.000000,-2.500000,177.500000,7916.930000,3.803747,12.631285,0.532782,16.967815,29.571087,0.651333,18.298723,0.566745,93.890452,0.051125,0.001668,0.145223,198.682968,1.000000,0.000000
2010,3,-5.000000,-175.000000,-2.500000,-172.500000,1060.970000,3.690962,7.805122,0.206415,11.702499,,,,,,,,,,1.000000,0.000000
2010,3,-5.000000,-180.000000,-2.500000,-177.500000,3051.380000,4.476008,15.588029,0.776042,20.840079,,,,,,,,,,1.000000,0.000000
2010,3,10.000000,110.000000,12.500000,112.500000,15585.040000,12.716554,3.263001,0.000000,15.979555,27.771490,0.711479,20.701257,0.160990,2.422149,0.039637,0.060000,0.088508,206.253418,1.000000,0.000000
2010,3,10.000000,115.000000,12.500000,117.500000,20827.870000,12.622654,3.220300,0.059776,15.902730,28.033775,0.642519,18.295432,0.187581,127.410399,0.055944,0.076334,0.109051,205.285660,1.000000,0.000000
2010,3,10.000000,130.000000,12.500000,132.500000,12488.190000,2.985621,0.796593,1.719785,5.501998,27.945149,0.763543,36.561049,0.328276,0.273240,0.126496,0.000000,0.078710,202.485626,1.000000,0.000000
2010,3,10.000000,135.000000,12.500000,137.500000,4128.820000,5.459913,0.284585,0.724904,6.469403,27.911669,0.787212,38.449294,0.289787,112.689162,0.112568,0.001946,0.076432,202.538101,1.000000,0.000000
2010,3,10.000000,150.000000,12.500000,152.500000,1494.370000,1.142957,0.180678,0.519952,1.843586,27.438012,0.729035,39.428729,0.273830,0.844331,0.080430,0.006944,0.077981,204.091080,1.000000,0.000000
2010,3,10.000000,155.000000,12.500000,157.500000,13001.200000,2.213796,0.592022,0.340661,3.146479,27.313714,0.709012,42.882238,0.228173,0.814059,0.063125,0.016389,0.095200,204.239563,1.000000,0.000000
2010,3,10.000000,-165.000000,12.500000,-162.500000,3554.700000,1.331477,22.216783,1.674122,25.222382,,,,,,,,,,1.000000,0.000000
2010,3,10.000000,-170.000000,12.500000,-167.500000,3091.760000,0.949944,29.178850,3.457901,33.586695,,,,,,,,,,1.000000,0.000000
2010,3,10.000000,175.000000,12.500000,177.500000,1553.080000,1.345713,14.021815,4.574137,19.941664,26.814328,0.628687,57.153796,0.175931,0.566556,0.021879,0.000000,0.062753,206.607025,1.000000,0.000000
2010,3,-10.000000,-135.000000,-7.500000,-132.500000,2823.760000,2.864620,22.792659,3.020795,28.678075,,,,,,,,,,1.000000,0.000000
2010,3,-10.000000,-145.000000,-7.500000,-142.500000,1110.210000,3.107520,31.019357,0.164834,34.291711,,,,,,,,,,1.000000,0.000000
2010,3,-10.000000,150.000000,-7.500000,152.500000,1496.910000,28.042434,0.808332,4.008925,32.859691,29.482652,0.547387,13.444022,0.378847,131.799987,0.072832,0.111544,0.103222,197.644516,1.000000,0.000000
2010,3,-10.000000,-150.000000,-7.500000,-147.500000,1072.610000,2.974986,17.854579,0.096027,20.925593,,,,,,,,,,1.000000,0.000000
2010,3,-10.000000,155.000000,-7.500000,157.500000,5846.160000,24.054422,4.508943,2.260800,30.824165,29.270892,0.567677,15.651487,0.382923,131.725186,0.067821,0.110583,0.142299,198.499451,1.000000,0.000000
2010,3,-10.000000,-155.000000,-7.500000,-152.500000,1893.150000,2.792700,12.499274,0.236114,15.528088,,,,,,,,,,1.000000,0.000000
2010,3,-10.000000,160.000000,-7.500000,162.500000,1755.730000,12.813474,1.579970,0.674363,15.067807,29.129374,0.548984,16.880666,0.382993,131.160965,0.092634,0.033400,0.233049,198.579239,1.000000,0.000000
2010,3,-10.000000,165.000000,-7.500000,167.500000,1017.790000,4.103990,3.285550,3.135224,10.524764,29.269125,0.568842,19.066270,0.329081,0.383647,0.090256,0.000000,0.226411,198.034653,1.000000,0.000000
2010,3,-10.000000,170.000000,-7.500000,172.500000,1989.380000,5.395651,7.232907,5.451950,18.080507,29.406283,0.568682,18.413471,0.285430,0.398627,0.082024,0.000000,0.160494,198.030182,1.000000,0.000000
2010,3,-10.000000,175.000000,-7.500000,177.500000,1711.560000,5.838533,9.136110,12.902849,27.877492,29.434459,0.568670,18.816697,0.299279,0.328971,0.100216,0.000000,0.137269,198.106232,1.000000,0.000000
2010,3,-10.000000,-180.000000,-7.500000,-177.500000,1116.460000,1.988428,11.263279,1.816456,15.068162,,,,,,,,,,1.000000,0.000000
2010,3,15.000000,110.000000,17.500000,112.500000,17652.640000,14.970679,2.918544,0.000000,17.889222,26.139839,0.649854,18.105611,0.148522,109.585982,0.041198,0.349582,0.139513,211.451996,1.000000,0.000000
2010,3,15.000000,115.000000,17.500000,117.500000,19502.100000,12.163305,3.031827,0.026561,15.221694,26.624594,0.567989,16.248982,0.192150,124.753562,0.083053,0.262117,0.102417,209.786560,1.000000,0.000000
2010,3,15.000000,120.000000,17.500000,122.500000,2596.120000,16.404095,0.046223,0.477636,16.927954,26.899628,0.797139,25.295073,0.283781,124.942736,0.141570,0.244493,0.093933,206.407715,1.000000,0.000000
2010,3,15.000000,125.000000,17.500000,127.500000,10940.880000,9.159227,1.888239,8.370259,19.417725,26.950447,0.928121,32.925913,0.166106,1.582102,0.064601,0.063056,0.074706,206.066330,1.000000,0.000000
2010,3,15.000000,130.000000,17.500000,132.500000,6170.410000,8.083255,3.661669,17.907400,29.652325,27.097081,0.937595,34.552846,0.149005,1.816240,0.033412,0.105556,0.072843,205.888870,1.000000,0.000000
2010,3,15.000000,135.000000,17.500000,137.500000,2458.080000,7.736119,3.709399,19.037623,30.483141,27.133412,0.962990,39.350059,0.161653,2.088153,0.045208,0.070556,0.070178,205.934235,1.000000,0.000000
2010,3,15.000000,140.000000,17.500000,142.500000,1142.650000,3.703671,0.569728,5.032162,9.305562,26.942475,0.988243,47.806739,0.157242,1.949450,0.048637,0.063889,0.073706,205.616135,1.000000,0.000000
2010,3,15.000000,150.000000,17.500000,152.500000,1415.820000,26.501956,1.766467,32.785241,61.053665,26.541896,0.912599,53.458004,0.133448,1.055326,0.039445,0.023056,0.066489,206.165100,1.000000,0.000000
2010,3,15.000000,155.000000,17.500000,157.500000,4588.270000,7.836505,0.898160,26.127931,34.862595,26.341178,0.847965,56.198990,0.136257,0.997800,0.046099,0.025278,0.057307,206.756195,1.000000,0.000000
2010,3,-15.000000,-135.000000,-12.500000,-132.500000,1900.820000,1.580897,8.756221,18.766111,29.103229,,,,,,,,,,1.000000,0.000000
2010,3,-15.000000,-145.000000,-12.500000,-142.500000,3713.930000,1.853024,1.829598,18.765297,22.447919,,,,,,,,,,1.000000,0.000000
2010,3,-15.000000,150.000000,-12.500000,152.500000,4920.100000,19.321762,2.877787,26.652710,48.852259,29.449048,0.731956,20.408156,0.216320,133.456797,0.060714,0.045737,0.081615,197.384995,1.000000,0.000000
2010,3,-15.000000,-150.000000,-12.500000,-147.500000,4018.370000,4.447077,6.350336,10.711059,21.508472,,,,,,,,,,1.000000,0.000000
2010,3,-15.000000,155.000000,-12.500000,157.500000,27869.960000,14.578851,2.290818,17.913625,34.783294,28.949981,0.526941,14.446615,0.228803,0.458261,0.070102,0.000000,0.100693,197.877151,1.000000,0.000000
2010,3,-15.000000,160.000000,-12.500000,162.500000,26672.120000,6.800059,1.447804,24.933939,33.181802,29.249514,0.542239,15.096624,0.171887,131.260525,0.075189,0.019398,0.077187,196.922089,1.000000,0.000000
2010,3,-15.000000,-160.000000,-12.500000,-157.500000,1904.310000,3.523061,2.042210,20.015649,25.580919,,,,,,,,,,1.000000,0.000000
2010,3,-15.000000,165.000000,-12.500000,167.500000,7469.720000,3.386338,1.603005,15.544358,20.533701,29.539813,0.558294,14.355330,0.147533,130.907125,0.076410,0.015355,0.071462,196.289978,1.000000,0.000000
2010,3,-15.000000,170.000000,-12.500000,172.500000,15435.320000,0.992399,0.286486,19.926571,21.205456,29.641663,0.559263,15.951856,0.127904,0.563185,0.060594,0.000000,0.070581,196.608765,1.000000,0.000000
2010,3,-15.000000,-170.000000,-12.500000,-167.500000,1330.880000,0.430542,1.152621,6.464144,8.047307,,,,,,,,,,1.000000,0.000000
2010,3,-15.000000,175.000000,-12.500000,177.500000,1384.300000,1.787907,0.535289,17.080835,19.404031,29.291623,0.493252,16.268825,0.174335,0.395428,0.070825,0.000000,0.076841,197.384323,1.000000,0.000000
2010,3,-15.000000,-175.000000,-12.500000,-172.500000,6679.570000,2.793443,0.724448,12.919245,16.437136,,,,,,,,,,1.000000,0.000000
2010,3,20.000000,120.000000,22.500000,122.500000,1879.640000,8.239876,0.044157,0.000000,8.284033,25.075346,0.845991,33.193871,0.298898,114.993279,0.166528,0.450943,0.244875,212.053513,1.000000,0.000000
2010,3,20.000000,125.000000,22.500000,127.500000,3297.970000,9.180193,0.500005,3.793546,13.473743,25.025247,1.011957,35.751061,0.260347,76.892659,0.122386,0.307115,0.110393,216.695114,1.000000,0.000000
2010,3,20.000000,130.000000,22.500000,132.500000,1655.440000,9.342531,4.133040,24.734210,38.209781,24.379086,0.951103,25.028485,0.168558,3.619363,0.077986,0.496944,0.105260,216.416718,1.000000,0.000000
2010,3,20.000000,135.000000,22.500000,137.500000,4926.360000,6.260606,4.240453,28.800981,39.302040,25.008126,0.978519,27.520194,0.185853,3.642191,0.059014,0.330000,0.086406,215.991882,1.000000,0.000000
2010,3,20.000000,140.000000,22.500000,142.500000,2722.420000,6.208080,4.797202,36.801449,47.806731,25.297718,1.031841,27.278622,0.176503,49.506104,0.053663,0.305640,0.070528,213.309937,1.000000,0.000000
2010,3,20.000000,145.000000,22.500000,147.500000,1791.900000,6.075674,2.245661,18.588649,26.909984,24.953846,0.936190,27.761799,0.132657,3.430646,0.060963,0.177500,0.070819,214.609726,1.000000,0.000000
2010,3,20.000000,150.000000,22.500000,152.500000,1486.970000,4.753963,5.369308,28.210388,38.333658,24.811219,0.878368,27.211364,0.130316,2.642436,0.073053,0.333056,0.065915,213.613358,1.000000,0.000000
2010,3,-20.000000,-135.000000,-17.500000,-132.500000,1255.790000,2.144467,1.720829,23.652044,27.517340,,,,,,,,,,1.000000,0.000000
2010,3,-20.000000,-145.000000,-17.500000,-142.500000,2517.260000,7.212604,1.483359,14.061321,22.757284,,,,,,,,,,1.000000,0.000000
2010,3,-20.000000,-150.000000,-17.500000,-147.500000,4072.830000,5.777555,1.078366,9.128542,15.984463,,,,,,,,,,1.000000,0.000000
2010,3,-20.000000,155.000000,-17.500000,157.500000,6118.690000,5.113840,1.993891,36.525956,43.633686,28.358640,0.784912,26.561362,0.181986,1.348364,0.061508,0.027222,0.082779,200.742264,1.000000,0.000000
2010,3,-20.000000,-155.000000,-17.500000,-152.500000,1121.320000,2.297292,2.660258,8.774480,13.732030,,,,,,,,,,1.000000,0.000000
2010,3,-20.000000,160.000000,-17.500000,162.500000,6801.160000,6.118662,1.855566,22.887713,30.861941,28.227305,0.767489,26.035495,0.154259,55.139354,0.052112,0.015004,0.088842,200.893478,1.000000,0.000000
2010,3,-20.000000,165.000000,-17.500000,167.500000,6833.180000,2.510105,1.117049,12.298666,15.925821,28.308545,0.743628,23.335908,0.148918,130.605123,0.037366,0.120596,0.086021,200.192917,1.000000,0.000000
2010,3,-20.000000,170.000000,-17.500000,172.500000,6658.370000,3.011848,2.331201,11.200639,16.543689,28.480089,0.753112,21.660683,0.128409,1.290786,0.030132,0.053333,0.083832,199.674103,1.000000,0.000000
2010,3,-20.000000,175.000000,-17.500000,177.500000,6244.440000,3.244646,1.673329,7.109845,12.027820,28.686991,0.719649,20.807126,0.136558,131.615942,0.031816,0.132746,0.095450,199.753571,1.000000,0.000000
2010,3,-20.000000,-180.000000,-17.500000,-177.500000,4613.370000,4.716726,2.304606,7.132747,14.154078,,,,,,,,,,1.000000,0.000000
2010,3,25.000000,130.000000,27.500000,132.500000,11618.790000,6.108898,2.557926,27.767349,36.434173,21.612847,0.937095,49.377195,0.163996,44.701989,0.092092,0.470686,0.451971,226.610657,1.000000,0.000000
2010,3,25.000000,135.000000,27.500000,137.500000,4435.730000,2.042054,1.056872,13.604074,16.703000,21.488312,0.960753,38.511860,0.143708,3.351776,0.069372,0.507222,0.415729,225.804245,1.000000,0.000000
2010,3,25.000000,140.000000,27.500000,142.500000,1943.910000,3.294391,2.500630,29.998817,35.793838,21.476512,0.993705,30.071672,0.120196,42.977087,0.061152,0.518199,0.142989,227.535736,1.000000,0.000000
2010,3,25.000000,145.000000,27.500000,147.500000,3910.900000,1.491473,1.394820,6.932931,9.819223,21.257362,0.909477,23.181734,0.100765,4.988831,0.056913,0.468333,0.155833,228.014999,1.000000,0.000000
2010,3,25.000000,150.000000,27.500000,152.500000,1149.810000,0.317444,0.372235,2.430836,3.120516,21.792252,0.900074,25.234358,0.115572,5.285857,0.049822,0.362778,0.178695,228.262558,1.000000,0.000000
2010,3,25.000000,155.000000,27.500000,157.500000,2137.560000,0.816351,1.207919,21.240573,23.264844,21.711687,0.846816,23.375993,0.136413,4.774181,0.069361,0.406389,0.145953,228.598206,1.000000,0.000000
2010,3,25.000000,-155.000000,27.500000,-152.500000,2460.790000,0.706277,7.570739,5.279605,13.556622,,,,,,,,,,1.000000,0.000000
2010,3,25.000000,160.000000,27.500000,162.500000,3974.910000,0.134846,2.092878,22.302643,24.530367,21.615142,0.827767,21.676620,0.098885,3.128852,0.049678,0.462778,0.094138,228.745468,1.000000,0.000000
2010,3,25.000000,-160.000000,27.500000,-157.500000,4092.700000,0.448848,6.856110,0.960735,8.265693,,,,,,,,,,1.000000,0.000000
2010,3,25.000000,165.000000,27.500000,167.500000,1990.840000,0.221515,1.784172,1.086476,3.092162,21.491649,0.805527,21.663226,0.106887,4.250238,0.044557,0.479444,0.090276,229.727982,1.000000,0.000000
2010,3,25.000000,-165.000000,27.500000,-162.500000,1812.540000,0.341510,4.425282,0.801086,5.567877,,,,,,,,,,1.000000,0.000000
2010,3,25.000000,-170.000000,27.500000,-167.500000,4276.270000,0.416718,4.473993,0.320373,5.211083,,,,,,,,,,1.000000,0.000000
2010,3,25.000000,-175.000000,27.500000,-172.500000,2329.830000,0.548967,7.179923,0.427070,8.155960,,,,,,,,,,1.000000,0.000000
2010,3,-25.000000,160.000000,-22.500000,162.500000,1101.750000,15.361017,1.032902,21.534831,37.928750,26.664468,0.736506,37.632038,0.174793,122.931926,0.062651,0.234450,0.079616,205.643295,1.000000,0.000000
2010,3,-25.000000,165.000000,-22.500000,167.500000,1870.950000,11.959165,1.122959,16.982282,30.064406,26.372259,0.751937,36.508211,0.189584,122.659529,0.123167,0.266222,0.081960,206.520813,1.000000,0.000000
2010,3,-25.000000,170.000000,-22.500000,172.500000,3395.060000,5.487679,0.294251,14.701655,20.483585,26.577725,0.728378,33.878599,0.190915,2.537472,0.106365,0.174167,0.082279,206.186096,1.000000,0.000000
2010,3,-25.000000,175.000000,-22.500000,177.500000,1243.270000,3.442535,1.657725,19.151110,24.251369,26.757194,0.730399,32.071437,0.173314,2.032814,0.088506,0.178333,0.083061,205.401520,1.000000,0.000000
2010,3,30.000000,130.000000,32.500000,132.500000,13198.290000,7.226466,3.027286,23.081323,33.335076,18.169119,0.601615,48.869074,0.417599,89.402271,0.384898,0.723314,0.721171,241.358856,1.000000,0.000000
2010,3,30.000000,135.000000,32.500000,137.500000,25947.320000,7.098845,3.205225,22.276867,32.580937,19.073321,0.856361,66.065082,0.373056,81.961400,0.407609,0.451495,0.651282,230.261597,1.000000,0.000000
2010,3,30.000000,140.000000,32.500000,142.500000,11304.600000,1.424553,6.424995,12.882632,20.732180,19.233633,0.942647,84.294374,0.254632,27.736976,0.227221,0.278333,0.671002,232.426819,1.000000,0.000000
2010,3,30.000000,145.000000,32.500000,147.500000,6280.240000,0.259863,2.130014,3.036190,5.426067,18.590637,0.920176,72.160426,0.209303,3.366390,0.187591,0.326667,0.707106,239.013550,1.000000,0.000000
2010,3,30.000000,150.000000,32.500000,152.500000,1066.270000,1.248277,0.736211,0.083469,2.067957,18.117483,0.913698,69.694064,0.232518,2.782938,0.185443,0.368889,0.684254,243.275696,1.000000,0.000000
2010,3,30.000000,-155.000000,32.500000,-152.500000,2603.190000,0.241627,1.678325,0.394132,2.314084,,,,,,,,,,1.000000,0.000000
2010,3,30.000000,160.000000,32.500000,162.500000,4219.280000,0.113052,3.491354,19.222000,22.826406,17.998242,0.837607,63.891266,0.218948,2.996422,0.139619,0.252222,0.552909,247.318985,1.000000,0.000000
2010,3,30.000000,-160.000000,32.500000,-157.500000,2410.550000,0.341831,1.378524,0.116571,1.836925,,,,,,,,,,1.000000,0.000000
2010,3,30.000000,165.000000,32.500000,167.500000,2724.420000,0.163705,3.324010,11.171552,14.659267,17.792211,0.712113,44.110566,0.231332,2.559969,0.154418,0.381667,0.607728,251.543167,1.000000,0.000000
2010,3,30.000000,-165.000000,32.500000,-162.500000,2241.400000,1.021237,0.742839,0.000000,1.764076,,,,,,,,,,1.000000,0.000000
2010,3,30.000000,-170.000000,32.500000,-167.500000,4169.460000,0.000000,0.287327,0.018228,0.305555,,,,,,,,,,1.000000,0.000000
2010,3,30.000000,-175.000000,32.500000,-172.500000,2535.250000,0.189725,0.206291,0.235874,0.631890,,,,,,,,,,1.000000,0.000000
2010,3,-30.000000,155.000000,-27.500000,157.500000,1123.500000,3.540721,4.741433,4.790387,13.072541,25.519938,0.681415,38.240330,0.307817,1.975776,0.218605,0.195833,0.109626,209.163483,1.000000,0.000000
2010,3,-30.000000,170.000000,-27.500000,172.500000,4613.120000,3.115245,1.328819,20.147752,24.591816,24.332402,0.542003,32.869538,0.149678,3.758592,0.083357,0.233056,0.072067,213.530716,1.000000,0.000000
2010,3,-30.000000,-175.000000,-27.500000,-172.500000,7534.000000,3.860499,0.722856,24.306477,28.889833,,,,,,,,,,1.000000,0.000000
2010,3,-35.000000,150.000000,-32.500000,152.500000,1645.590000,19.138425,3.633347,2.957602,25.729374,25.071294,0.562349,27.296219,0.476245,112.307796,0.274238,0.564524,0.300386,210.227859,1.000000,0.000000
2010,3,-40.000000,150.000000,-37.500000,152.500000,1112.000000,16.992806,5.425360,2.321942,24.740108,,,,,,,,,,1.000000,0.000000
2010,3,-40.000000,155.000000,-37.500000,157.500000,4270.500000,1.961129,5.261679,7.010186,14.232994,,,,,,,,,,1.000000,0.000000
2010,3,-40.000000,160.000000,-37.500000,162.500000,3899.300000,2.942067,5.752827,9.784064,18.478958,,,,,,,,,,1.000000,0.000000
2010,3,-40.000000,175.000000,-37.500000,177.500000,2995.360000,0.410301,8.128572,12.677942,21.216815,,,,,,,,,,1.000000,0.000000
2010,3,-45.000000,150.000000,-42.500000,152.500000,1040.000000,0.000000,0.140385,12.345192,12.485577,,,,,,,,,,1.000000,0.000000
2010,4,0.000000,120.000000,2.500000,122.500000,16726.420000,18.094906,2.614128,0.000000,20.709034,29.674854,0.586022,11.578043,0.262050,139.299742,0.019891,0.069522,0.116388,201.069138,0.866025,-0.500000
2010,4,0.000000,125.000000,2.500000,127.500000,22083.390000,18.091289,2.617714,0.000000,20.709003,29.545542,0.571883,11.648129,0.366238,136.896845,0.044852,0.167877,0.106999,199.943359,0.866025,-0.500000
2010,4,0.000000,130.000000,2.500000,132.500000,13779.110000,26.523193,4.425177,0.164016,31.112387,29.936173,0.644815,11.664236,0.373131,120.015027,0.027304,0.014448,0.109754,200.876755,0.866025,-0.500000
2010,4,0.000000,135.000000,2.500000,137.500000,2622.310000,30.947523,3.435902,0.048049,34.431475,30.032940,0.673949,12.781619,0.475993,1.058540,0.029996,0.015000,0.101136,199.514877,0.866025,-0.500000
2010,4,0.000000,140.000000,2.500000,142.500000,1179.840000,15.443619,17.690534,0.150868,33.285022,29.916108,0.691674,15.589194,0.483049,0.209876,0.030962,0.000000,0.091124,198.394379,0.866025,-0.500000
2010,4,0.000000,145.000000,2.500000,147.500000,6728.610000,19.268318,15.356218,0.393098,35.017634,29.789683,0.696908,17.444508,0.468987,0.184948,0.031069,0.000000,0.119443,197.895218,0.866025,-0.500000
2010,4,0.000000,155.000000,2.500000,157.500000,2885.540000,7.250982,8.886032,0.003812,16.140826,29.502114,0.675223,21.142631,0.502813,0.281114,0.031756,0.000000,0.177710,197.530563,0.866025,-0.500000
2010,4,0.000000,-155.000000,2.500000,-152.500000,14056.820000,2.042923,20.744592,0.237109,23.024624,,,,,,,,,,0.866025,-0.500000
2010,4,0.000000,160.000000,2.500000,162.500000,2097.550000,3.604205,12.035470,0.176873,15.816548,29.313580,0.650657,21.448833,0.481980,0.247085,0.033438,0.000000,0.189936,197.517593,0.866025,-0.500000
2010,4,0.000000,-160.000000,2.500000,-157.500000,2776.110000,3.037704,17.628624,0.331759,20.998087,,,,,,,,,,0.866025,-0.500000
2010,4,0.000000,-165.000000,2.500000,-162.500000,4034.470000,3.385327,24.751702,0.216881,28.353910,,,,,,,,,,0.866025,-0.500000
2010,4,0.000000,170.000000,2.500000,172.500000,3413.980000,2.575293,23.776355,0.383716,26.735365,29.009537,0.596862,20.663025,0.522693,129.492678,0.031197,0.042702,0.211109,197.756516,0.866025,-0.500000
2010,4,0.000000,-170.000000,2.500000,-167.500000,9740.480000,2.143940,27.392901,0.363021,29.899861,,,,,,,,,,0.866025,-0.500000
2010,4,0.000000,175.000000,2.500000,177.500000,4232.090000,2.362662,20.755466,0.728718,23.846846,29.001400,0.574063,25.299422,0.403601,0.584357,0.018793,0.000000,0.175989,198.528763,0.866025,-0.500000
2010,4,0.000000,-175.000000,2.500000,-172.500000,20056.490000,1.377260,25.454952,0.295864,27.128077,,,,,,,,,,0.866025,-0.500000
2010,4,0.000000,-180.000000,2.500000,-177.500000,2203.570000,1.770763,23.882609,0.226451,25.879822,,,,,,,,,,0.866025,-0.500000
2010,4,5.000000,130.000000,7.500000,132.500000,2091.720000,12.005431,12.647486,0.000000,24.652917,28.979495,0.509653,19.028989,0.432698,128.929601,0.105459,0.011427,0.089491,199.876419,0.866025,-0.500000
2010,4,5.000000,135.000000,7.500000,137.500000,2505.320000,10.960277,10.550349,0.000000,21.510625,29.114822,0.621361,22.311154,0.256972,127.753373,0.051114,0.016412,0.089127,199.563309,0.866025,-0.500000
2010,4,5.000000,155.000000,7.500000,157.500000,2788.110000,6.734670,16.602645,0.701192,24.038506,29.020519,0.702003,37.766297,0.124947,123.261356,0.020757,0.003336,0.077373,198.574966,0.866025,-0.500000
2010,4,5.000000,-155.000000,7.500000,-152.500000,5512.290000,2.475196,19.356384,0.449722,22.281302,,,,,,,,,,0.866025,-0.500000
2010,4,5.000000,160.000000,7.500000,162.500000,6474.820000,8.807195,22.730207,1.726689,33.264091,28.814072,0.683299,43.136771,0.123129,0.573400,0.023919,0.000000,0.090088,199.029633,0.866025,-0.500000
2010,4,5.000000,-160.000000,7.500000,-157.500000,3625.930000,5.123099,22.896195,0.073085,28.092379,,,,,,,,,,0.866025,-0.500000
2010,4,5.000000,165.000000,7.500000,167.500000,8990.230000,2.294491,16.280340,1.514422,20.089252,28.692005,0.676576,36.811938,0.128810,128.863121,0.015703,0.042493,0.111582,199.472580,0.866025,-0.500000
2010,4,5.000000,-165.000000,7.500000,-162.500000,4758.890000,5.667078,27.742814,0.014289,33.424181,,,,,,,,,,0.866025,-0.500000
2010,4,5.000000,170.000000,7.500000,172.500000,3004.920000,8.802231,18.439426,1.012340,28.253997,28.475062,0.624452,41.409284,0.163252,128.718002,0.023973,0.045288,0.111788,199.918457,0.866025,-0.500000
2010,4,5.000000,-170.000000,7.500000,-167.500000,4321.740000,1.769658,24.839301,0.018974,26.627932,,,,,,,,,,0.866025,-0.500000
2010,4,5.000000,175.000000,7.500000,177.500000,4421.730000,2.041056,20.474792,1.420259,23.936106,28.368797,0.599707,58.830406,0.176430,0.504268,0.027292,0.000000,0.092961,200.525528,0.866025,-0.500000
2010,4,5.000000,-175.000000,7.500000,-172.500000,9992.930000,1.146411,20.422038,0.031722,21.600171,,,,,,,,,,0.866025,-0.500000
2010,4,5.000000,-180.000000,7.500000,-177.500000,5209.340000,1.399793,21.242998,0.118057,22.760849,,,,,,,,,,0.866025,-0.500000
2010,4,-5.000000,120.000000,-2.500000,122.500000,21427.880000,18.080043,2.628958,0.000000,20.709002,30.486068,0.631472,11.601140,0.121651,139.980793,0.018289,0.225703,0.102286,199.099930,0.866025,-0.500000
2010,4,-5.000000,125.000000,-2.500000,127.500000,32141.820000,18.080028,2.628974,0.000000,20.709002,30.225436,0.620829,12.104605,0.144456,136.142126,0.011221,0.138390,0.093276,199.504044,0.866025,-0.500000
2010,4,-5.000000,130.000000,-2.500000,132.500000,10713.940000,18.079997,2.629005,0.000000,20.709002,30.155906,0.627248,12.391311,0.094658,138.876609,0.008947,0.248655,0.144298,199.137833,0.866025,-0.500000
2010,4,-5.000000,145.000000,-2.500000,147.500000,1086.590000,5.846732,0.000000,0.000000,5.846732,29.875113,0.668733,12.056117,0.319963,132.730688,0.011551,0.026233,0.109353,198.640289,0.866025,-0.500000
2010,4,-5.000000,-155.000000,-2.500000,-152.500000,1774.280000,3.757017,15.556169,0.615461,19.928647,,,,,,,,,,0.866025,-0.500000
2010,4,-5.000000,175.000000,-2.500000,177.500000,1104.470000,6.081650,18.545547,0.051608,24.678805,29.898991,0.635054,16.023575,0.664991,94.375873,0.064347,0.001668,0.142622,200.197449,0.866025,-0.500000
2010,4,-5.000000,-175.000000,-2.500000,-172.500000,1465.080000,4.348568,16.162257,0.845005,21.355830,,,,,,,,,,0.866025,-0.500000
2010,4,-5.000000,-180.000000,-2.500000,-177.500000,1346.640000,3.657993,10.846997,0.358670,14.863661,,,,,,,,,,0.866025,-0.500000
2010,4,10.000000,110.000000,12.500000,112.500000,15791.050000,12.550654,3.220432,0.000000,15.771086,28.983040,0.763145,17.437514,0.188515,1.613124,0.038710,0.017222,0.090036,203.385040,0.866025,-0.500000
2010,4,10.000000,115.000000,12.500000,117.500000,15791.050000,12.550654,3.220432,0.000000,15.771086,28.973549,0.660208,15.885690,0.151446,131.593287,0.034669,0.080874,0.109711,202.660858,0.866025,-0.500000
2010,4,10.000000,130.000000,12.500000,132.500000,10155.820000,3.534820,1.134030,2.769643,7.438493,28.471649,0.792242,26.865106,0.355264,0.451347,0.140090,0.000000,0.082159,200.985703,0.866025,-0.500000
2010,4,10.000000,135.000000,12.500000,137.500000,8149.480000,8.826944,1.991784,7.588582,18.407309,28.308410,0.828496,28.502609,0.287004,114.040577,0.096771,0.001946,0.078510,201.748108,0.866025,-0.500000
2010,4,10.000000,150.000000,12.500000,152.500000,1506.640000,3.912016,0.163277,0.140047,4.215340,28.040199,0.764722,34.690010,0.214413,1.051101,0.058856,0.007222,0.078952,202.378067,0.866025,-0.500000
2010,4,10.000000,155.000000,12.500000,157.500000,15279.330000,2.319408,0.297526,0.436210,3.053144,27.916447,0.742179,36.264553,0.162345,0.938428,0.038038,0.006389,0.081929,202.801071,0.866025,-0.500000
2010,4,10.000000,-165.000000,12.500000,-162.500000,4140.050000,1.114479,23.835702,0.177051,25.127233,,,,,,,,,,0.866025,-0.500000
2010,4,10.000000,-170.000000,12.500000,-167.500000,8354.740000,1.685391,25.292708,1.388314,28.366412,,,,,,,,,,0.866025,-0.500000
2010,4,10.000000,175.000000,12.500000,177.500000,2269.170000,1.529193,22.454025,4.691583,28.674802,26.995596,0.645405,39.489427,0.120266,1.036881,0.025431,0.017500,0.057781,205.446289,0.866025,-0.500000
2010,4,10.000000,-175.000000,12.500000,-172.500000,2270.980000,1.391470,30.383799,1.550432,33.325701,,,,,,,,,,0.866025,-0.500000
2010,4,10.000000,-180.000000,12.500000,-177.500000,2109.590000,0.930987,25.227651,1.734934,27.893572,,,,,,,,,,0.866025,-0.500000
2010,4,-10.000000,150.000000,-7.500000,152.500000,1662.820000,22.368627,1.261111,2.763979,26.393717,29.572062,0.603632,11.427009,0.442091,133.946221,0.077736,0.105247,0.122838,198.374557,0.866025,-0.500000
2010,4,-10.000000,-150.000000,-7.500000,-147.500000,2354.260000,4.054353,21.072014,0.201337,25.327704,,,,,,,,,,0.866025,-0.500000
2010,4,-10.000000,155.000000,-7.500000,157.500000,5891.130000,21.580410,1.741092,4.587575,27.909077,29.717665,0.651375,11.213285,0.317056,133.779177,0.061317,0.116825,0.108772,198.263092,0.866025,-0.500000
2010,4,-10.000000,-155.000000,-7.500000,-152.500000,1814.570000,3.162733,10.303819,4.619827,18.086379,,,,,,,,,,0.866025,-0.500000
2010,4,-10.000000,160.000000,-7.500000,162.500000,1112.890000,9.459156,0.941692,0.336062,10.736910,29.900808,0.576686,11.046603,0.364230,133.702806,0.090226,0.040251,0.118819,198.597015,0.866025,-0.500000
2010,4,-10.000000,-160.000000,-7.500000,-157.500000,2035.860000,3.165738,15.642529,21.559439,40.367707,,,,,,,,,,0.866025,-0.500000
2010,4,-10.000000,165.000000,-7.500000,167.500000,2549.050000,12.721994,2.967380,7.893137,23.582511,30.105348,0.609787,11.944055,0.276222,0.416870,0.093223,0.000000,0.126909,199.083710,0.866025,-0.500000
2010,4,-10.000000,-165.000000,-7.500000,-162.500000,5233.930000,2.956860,7.106132,37.882433,47.945425,,,,,,,,,,0.866025,-0.500000
2010,4,-10.000000,170.000000,-7.500000,172.500000,3844.130000,16.692984,5.022463,3.047243,24.762690,30.151817,0.631675,14.092940,0.266980,0.305571,0.097763,0.000000,0.121829,198.459457,0.866025,-0.500000
2010,4,-10.000000,-170.000000,-7.500000,-167.500000,2748.520000,7.078355,3.478599,36.314817,46.871771,,,,,,,,,,0.866025,-0.500000
2010,4,-10.000000,175.000000,-7.500000,177.500000,2046.770000,8.034611,6.296750,10.383678,24.715039,30.110348,0.674572,15.689482,0.280286,0.434803,0.094976,0.000000,0.101950,198.447266,0.866025,-0.500000
2010,4,-10.000000,-175.000000,-7.500000,-172.500000,1944.800000,5.258638,13.285685,4.014295,22.558618,,,,,,,,,,0.866025,-0.500000
2010,4,-10.000000,-180.000000,-7.500000,-177.500000,4825.230000,3.726869,13.597487,3.433826,20.758181,,,,,,,,,,0.866025,-0.500000
2010,4,15.000000,110.000000,17.500000,112.500000,15791.050000,12.550654,3.220432,0.000000,15.771086,27.478695,0.682492,13.120143,0.176210,118.224980,0.051028,0.273147,0.103867,207.246033,0.866025,-0.500000
2010,4,15.000000,115.000000,17.500000,117.500000,25726.410000,14.581008,2.037828,0.000000,16.618836,27.694013,0.575281,12.898066,0.193746,129.656200,0.064507,0.307799,0.102467,206.411316,0.866025,-0.500000
2010,4,15.000000,120.000000,17.500000,122.500000,13110.220000,13.132732,0.188555,0.215557,13.536844,27.953152,0.819931,13.827888,0.300926,130.561231,0.142741,0.267988,0.104137,203.801758,0.866025,-0.500000
2010,4,15.000000,125.000000,17.500000,127.500000,28473.060000,9.167473,0.221297,1.148630,10.537399,27.789834,0.937360,16.954220,0.177437,3.452054,0.060477,0.106389,0.086775,204.102692,0.866025,-0.500000
2010,4,15.000000,130.000000,17.500000,132.500000,7567.190000,5.079032,1.099483,15.328411,21.506927,27.794525,0.983665,20.471520,0.188350,1.047547,0.055546,0.025556,0.083593,204.383865,0.866025,-0.500000
2010,4,15.000000,135.000000,17.500000,137.500000,7606.210000,9.107821,1.767898,21.732505,32.608224,27.728934,1.027437,24.720291,0.168532,0.938537,0.048415,0.016667,0.079331,204.341171,0.866025,-0.500000
2010,4,15.000000,140.000000,17.500000,142.500000,3022.110000,10.554546,0.200522,2.086952,12.842021,27.375789,0.994513,26.875618,0.183822,1.590548,0.049661,0.044444,0.079199,204.716873,0.866025,-0.500000
2010,4,15.000000,145.000000,17.500000,147.500000,1573.430000,4.563915,0.338750,8.339742,13.242407,27.171938,0.964724,27.814128,0.143919,87.370319,0.042425,0.009172,0.075037,205.148117,0.866025,-0.500000
2010,4,15.000000,150.000000,17.500000,152.500000,7379.760000,22.125381,1.075509,36.910008,60.110898,26.961580,0.887274,26.989469,0.138875,1.060232,0.042199,0.013611,0.064298,205.402527,0.866025,-0.500000
2010,4,15.000000,155.000000,17.500000,157.500000,2223.300000,15.496334,1.547250,55.618225,72.661809,26.810757,0.838696,27.362092,0.146900,0.813136,0.053094,0.006944,0.059914,206.005356,0.866025,-0.500000
2010,4,15.000000,-160.000000,17.500000,-157.500000,1016.000000,0.180118,8.594488,0.060039,8.834646,,,,,,,,,,0.866025,-0.500000
2010,4,15.000000,-165.000000,17.500000,-162.500000,1250.480000,1.804907,14.405668,3.955281,20.165856,,,,,,,,,,0.866025,-0.500000
2010,4,-15.000000,-145.000000,-12.500000,-142.500000,3630.330000,2.475533,3.102748,23.113050,28.691331,,,,,,,,,,0.866025,-0.500000
2010,4,-15.000000,150.000000,-12.500000,152.500000,5924.660000,31.479612,0.893891,30.880759,63.254263,28.775331,0.644800,16.326628,0.236480,131.622250,0.121658,0.051101,0.082635,199.197250,0.866025,-0.500000
2010,4,-15.000000,-150.000000,-12.500000,-147.500000,3242.300000,4.403047,3.136971,14.285230,21.825248,,,,,,,,,,0.866025,-0.500000
2010,4,-15.000000,155.000000,-12.500000,157.500000,23607.750000,19.534475,2.259089,13.528693,35.322256,29.083218,0.552465,13.417548,0.189046,0.885590,0.043002,0.014167,0.090548,197.792465,0.866025,-0.500000
2010,4,-15.000000,-155.000000,-12.500000,-152.500000,3022.770000,3.551378,4.759873,19.019310,27.330561,,,,,,,,,,0.866025,-0.500000
2010,4,-15.000000,160.000000,-12.500000,162.500000,24255.300000,6.074054,1.380399,20.086826,27.541280,29.497747,0.582021,15.818576,0.189895,132.672621,0.071702,0.023615,0.087122,197.056320,0.866025,-0.500000
2010,4,-15.000000,-160.000000,-12.500000,-157.500000,6792.850000,1.708267,3.483516,19.484900,24.676682,,,,,,,,,,0.866025,-0.500000
2010,4,-15.000000,165.000000,-12.500000,167.500000,17589.980000,5.358448,1.701025,30.053133,37.112606,29.851069,0.582857,16.665220,0.160723,130.725614,0.064680,0.015634,0.085597,196.493164,0.866025,-0.500000
2010,4,-15.000000,-165.000000,-12.500000,-162.500000,5366.910000,2.049597,4.035097,18.960631,25.045324,,,,,,,,,,0.866025,-0.500000
2010,4,-15.000000,170.000000,-12.500000,172.500000,20809.140000,2.849517,0.479212,21.791818,25.120548,29.656085,0.566285,17.107872,0.166455,0.788367,0.070759,0.002778,0.069160,196.388306,0.866025,-0.500000
2010,4,-15.000000,-170.000000,-12.500000,-167.500000,1589.690000,2.287238,0.485000,11.634973,14.407211,,,,,,,,,,0.866025,-0.500000
2010,4,-15.000000,175.000000,-12.500000,177.500000,1206.690000,3.701862,0.808824,8.098186,12.608872,29.368407,0.489681,14.264606,0.183894,1.040517,0.048085,0.013611,0.073765,197.517242,0.866025,-0.500000
2010,4,-15.000000,-175.000000,-12.500000,-172.500000,5875.120000,3.704946,0.914194,18.424134,23.043274,,,,,,,,,,0.866025,-0.500000
2010,4,20.000000,120.000000,22.500000,122.500000,12807.310000,12.452029,0.237911,0.075426,12.765366,25.673514,0.864455,23.010957,0.321376,117.679266,0.172978,0.478931,0.206958,210.579330,0.866025,-0.500000
2010,4,20.000000,125.000000,22.500000,127.500000,6859.350000,18.439648,0.092866,1.454511,19.987025,25.298140,0.997221,18.127554,0.254758,77.332069,0.127705,0.374097,0.106794,213.818634,0.866025,-0.500000
2010,4,20.000000,130.000000,22.500000,132.500000,3000.270000,10.363067,2.753752,14.775670,27.892490,25.575864,0.955524,15.137902,0.206289,2.956149,0.072703,0.414444,0.095678,213.963028,0.866025,-0.500000
2010,4,20.000000,135.000000,22.500000,137.500000,5041.400000,7.658984,1.477367,17.320784,26.457135,25.816575,0.991268,15.824568,0.207088,3.511440,0.089592,0.417500,0.085814,212.523804,0.866025,-0.500000
2010,4,20.000000,145.000000,22.500000,147.500000,2251.320000,8.043281,0.127037,5.619370,13.789688,25.663014,0.920274,20.357966,0.168659,2.749325,0.078789,0.310000,0.074968,212.393021,0.866025,-0.500000
2010,4,20.000000,150.000000,22.500000,152.500000,1143.030000,26.847939,1.625504,33.658784,62.132228,25.502929,0.874479,22.475018,0.137131,2.004304,0.064255,0.234444,0.069786,211.192825,0.866025,-0.500000
2010,4,-20.000000,-145.000000,-17.500000,-142.500000,1606.770000,3.673830,1.576455,11.007176,16.257461,,,,,,,,,,0.866025,-0.500000
2010,4,-20.000000,-150.000000,-17.500000,-147.500000,2730.920000,4.106675,1.308716,10.397961,15.813352,,,,,,,,,,0.866025,-0.500000
2010,4,-20.000000,155.000000,-17.500000,157.500000,3118.080000,5.529364,2.852717,15.585232,23.967313,27.876490,0.788164,27.807831,0.183075,1.557160,0.063616,0.075000,0.072914,201.937073,0.866025,-0.500000
2010,4,-20.000000,-155.000000,-17.500000,-152.500000,2136.080000,3.290139,2.877701,10.120407,16.288248,,,,,,,,,,0.866025,-0.500000
2010,4,-20.000000,160.000000,-17.500000,162.500000,2963.750000,4.794601,2.177309,17.260565,24.232476,27.982815,0.755906,24.650460,0.135582,54.428846,0.055787,0.046957,0.083688,202.159607,0.866025,-0.500000
2010,4,-20.000000,165.000000,-17.500000,167.500000,9273.530000,14.515616,3.410567,17.996491,35.922675,28.352159,0.731083,20.582817,0.140594,130.589360,0.045886,0.122887,0.086021,201.074722,0.866025,-0.500000
2010,4,-20.000000,170.000000,-17.500000,172.500000,20948.300000,2.708478,3.941991,23.894254,30.544722,28.324780,0.736409,19.848010,0.126304,2.876311,0.034102,0.155833,0.078612,200.249802,0.866025,-0.500000
2010,4,-20.000000,175.000000,-17.500000,177.500000,6773.940000,3.855954,2.359926,10.628379,16.844259,28.502335,0.746743,19.853882,0.151133,130.899981,0.040710,0.171512,0.086384,200.040710,0.866025,-0.500000
2010,4,25.000000,125.000000,27.500000,127.500000,1903.350000,36.419471,0.156041,2.899624,39.475136,22.227422,0.793439,37.499545,0.229271,100.119150,0.241086,0.683797,0.387793,223.346863,0.866025,-0.500000
2010,4,25.000000,130.000000,27.500000,132.500000,9568.620000,9.121901,0.977257,10.863113,20.962270,22.425565,0.949287,29.834664,0.193620,45.667375,0.111424,0.559878,0.370401,226.310944,0.866025,-0.500000
2010,4,25.000000,135.000000,27.500000,137.500000,2216.580000,2.565664,0.121358,2.796200,5.483222,22.119454,0.996878,24.636577,0.182720,4.939564,0.087938,0.560278,0.347422,225.413315,0.866025,-0.500000
2010,4,25.000000,145.000000,27.500000,147.500000,3670.560000,2.668530,0.217678,0.140033,3.026241,21.955863,0.855919,21.263052,0.118045,3.894533,0.038047,0.481944,0.157622,226.541550,0.866025,-0.500000
2010,4,25.000000,165.000000,27.500000,167.500000,1996.670000,0.140233,4.082798,0.013022,4.236053,22.053277,0.794796,28.724828,0.123429,4.827307,0.049346,0.441389,0.059944,226.608658,0.866025,-0.500000
2010,4,25.000000,-170.000000,27.500000,-167.500000,2531.430000,0.308521,1.322573,0.000000,1.631094,,,,,,,,,,0.866025,-0.500000
2010,4,25.000000,175.000000,27.500000,177.500000,1333.600000,0.095981,9.592082,0.077984,9.766047,21.603808,0.684013,24.878987,0.143877,4.927478,0.057579,0.496944,0.059703,228.321655,0.866025,-0.500000
2010,4,-25.000000,150.000000,-22.500000,152.500000,1546.100000,25.279736,10.732165,4.977686,40.989587,26.714241,0.681450,33.422166,0.207096,115.833803,0.102485,0.302881,0.151384,204.805511,0.866025,-0.500000
2010,4,-25.000000,160.000000,-22.500000,162.500000,2254.210000,6.370303,1.718119,30.136944,38.225365,26.037803,0.756998,36.002008,0.147520,120.941096,0.059024,0.275260,0.071237,207.703979,0.866025,-0.500000
2010,4,-25.000000,165.000000,-22.500000,167.500000,1928.500000,7.961628,1.534872,21.134042,30.630542,25.917832,0.751177,33.115988,0.157470,120.756125,0.101155,0.300985,0.072817,208.260361,0.866025,-0.500000
2010,4,-25.000000,170.000000,-22.500000,172.500000,6657.710000,5.241442,0.802979,24.566705,30.611126,26.041948,0.715031,33.884109,0.202557,2.613053,0.092477,0.348889,0.068732,207.983826,0.866025,-0.500000
2010,4,-25.000000,175.000000,-22.500000,177.500000,8365.440000,2.867153,1.352947,21.833281,26.053382,25.903516,0.677589,30.262622,0.163985,2.067185,0.092845,0.299167,0.070062,207.433502,0.866025,-0.500000
2010,4,30.000000,130.000000,32.500000,132.500000,19115.850000,5.089546,1.958898,14.709364,21.757808,18.926953,0.585429,32.576011,0.325112,95.824943,0.280856,0.740655,0.765001,242.758362,0.866025,-0.500000
2010,4,30.000000,135.000000,32.500000,137.500000,6148.920000,2.313252,2.086220,17.270675,21.670147,19.509008,0.874049,44.843451,0.407193,92.381558,0.430592,0.416412,0.686426,229.545456,0.866025,-0.500000
2010,4,30.000000,140.000000,32.500000,142.500000,12400.620000,0.590212,8.884314,9.041403,18.515929,19.237398,0.970897,64.657068,0.254362,27.816386,0.193234,0.230556,0.733398,236.713440,0.866025,-0.500000
2010,4,30.000000,145.000000,32.500000,147.500000,9886.930000,0.242846,8.289429,9.505175,18.037449,19.127948,0.915903,53.542778,0.230481,4.024720,0.208224,0.452222,0.901714,243.613510,0.866025,-0.500000
2010,4,30.000000,150.000000,32.500000,152.500000,2512.760000,0.105860,2.698228,3.859103,6.663191,18.454868,0.860757,46.929713,0.257280,3.810932,0.145086,0.434722,0.756923,245.683304,0.866025,-0.500000
2010,4,30.000000,155.000000,32.500000,157.500000,1323.020000,0.276640,0.294780,0.053665,0.625085,18.505380,0.724010,35.939616,0.322753,3.845712,0.259874,0.636389,0.486495,244.661926,0.866025,-0.500000
2010,4,30.000000,165.000000,32.500000,167.500000,1208.090000,0.478441,0.581910,0.242532,1.302883,18.212587,0.654642,31.190469,0.257038,3.053899,0.181861,0.503611,0.441825,249.661148,0.866025,-0.500000
2010,4,30.000000,-165.000000,32.500000,-162.500000,2498.880000,0.000000,0.007603,0.000000,0.007603,,,,,,,,,,0.866025,-0.500000
2010,4,30.000000,170.000000,32.500000,172.500000,1375.550000,0.000000,0.758969,0.379485,1.138454,17.926459,0.597930,28.712536,0.223130,4.154466,0.129244,0.374722,0.314794,249.518127,0.866025,-0.500000
2010,4,30.000000,175.000000,32.500000,177.500000,2308.800000,0.000000,0.095288,1.122228,1.217516,17.481191,0.578503,25.976636,0.166047,3.398628,0.097480,0.404167,0.280465,251.444946,0.866025,-0.500000
2010,4,30.000000,-175.000000,32.500000,-172.500000,2512.200000,0.095534,0.035825,0.070058,0.201417,,,,,,,,,,0.866025,-0.500000
2010,4,30.000000,-180.000000,32.500000,-177.500000,5540.390000,0.043318,0.144033,0.133745,0.321097,,,,,,,,,,0.866025,-0.500000
2010,4,-30.000000,150.000000,-27.500000,152.500000,1257.450000,5.660662,12.978647,4.137739,22.777049,25.823707,0.648797,37.920931,0.465916,116.529316,0.174968,0.503673,0.273234,207.491165,0.866025,-0.500000
2010,4,-30.000000,155.000000,-27.500000,157.500000,1154.620000,3.652284,8.541338,3.951950,16.145572,24.896171,0.671059,45.179985,0.332119,4.152114,0.223482,0.150833,0.131843,212.090195,0.866025,-0.500000
2010,4,-30.000000,170.000000,-27.500000,172.500000,3395.270000,1.936812,1.409019,19.048853,22.394684,23.521971,0.562079,43.506172,0.140340,2.039343,0.090387,0.221944,0.059153,216.735703,0.866025,-0.500000
2010,4,-30.000000,175.000000,-27.500000,177.500000,1752.330000,1.525398,1.230933,14.968071,17.724401,23.697557,0.601510,43.921775,0.178912,2.436742,0.123964,0.211944,0.059446,216.166992,0.866025,-0.500000
2010,4,-30.000000,-175.000000,-27.500000,-172.500000,8540.730000,1.557595,0.744199,18.577569,20.879363,,,,,,,,,,0.866025,-0.500000
2010,4,-35.000000,-140.000000,-32.500000,-137.500000,1093.630000,0.261514,0.370326,43.320867,43.952708,,,,,,,,,,0.866025,-0.500000
2010,4,-35.000000,-150.000000,-32.500000,-147.500000,1591.700000,0.000000,0.809198,48.813219,49.622416,,,,,,,,,,0.866025,-0.500000
2010,4,-35.000000,-160.000000,-32.500000,-157.500000,1430.500000,0.114645,2.074100,51.471513,53.660259,,,,,,,,,,0.866025,-0.500000
2010,4,-40.000000,150.000000,-37.500000,152.500000,2595.840000,41.495624,6.745408,4.161273,52.402305,,,,,,,,,,0.866025,-0.500000
2010,4,-40.000000,155.000000,-37.500000,157.500000,2961.090000,3.227528,7.159188,15.631406,26.018122,,,,,,,,,,0.866025,-0.500000
2010,4,-40.000000,175.000000,-37.500000,177.500000,2731.540000,0.194762,6.697687,44.659057,51.551506,,,,,,,,,,0.866025,-0.500000
2010,4,-45.000000,150.000000,-42.500000,152.500000,1939.600000,0.000000,0.037637,7.985152,8.022788,,,,,,,,,,0.866025,-0.500000
2010,4,-45.000000,155.000000,-42.500000,157.500000,8081.690000,0.000000,0.288182,7.752091,8.040274,,,,,,,,,,0.866025,-0.500000
2010,5,0.000000,120.000000,2.500000,122.500000,17326.400000,17.468314,2.523606,0.000000,19.991920,29.669290,0.594590,11.500752,0.334055,139.069496,0.024250,0.082247,0.109058,200.323959,0.500000,-0.866025
2010,5,0.000000,125.000000,2.500000,127.500000,22875.520000,17.464827,2.527068,0.000000,19.991895,29.866351,0.615438,11.303203,0.433220,137.908334,0.036216,0.172414,0.103725,198.977432,0.500000,-0.866025
2010,5,0.000000,130.000000,2.500000,132.500000,10901.800000,19.632171,4.929369,0.002660,24.564200,30.110673,0.690015,13.498314,0.578703,120.411315,0.028548,0.009447,0.101906,199.290726,0.500000,-0.866025
2010,5,0.000000,135.000000,2.500000,137.500000,3864.990000,27.282865,3.506348,0.118241,30.907454,30.139831,0.707400,14.722214,0.490599,0.405916,0.029014,0.000000,0.097385,198.075699,0.500000,-0.866025
2010,5,0.000000,140.000000,2.500000,142.500000,1747.950000,16.380331,10.638748,0.000000,27.019079,30.068069,0.702843,17.996512,0.468992,0.209500,0.029917,0.000000,0.110725,197.665710,0.500000,-0.866025
2010,5,0.000000,145.000000,2.500000,147.500000,5383.510000,13.142355,9.766491,0.024148,22.932994,29.955079,0.690133,20.296632,0.456405,0.361422,0.029812,0.000000,0.142842,198.012344,0.500000,-0.866025
2010,5,0.000000,150.000000,2.500000,152.500000,1019.500000,15.363413,10.773909,0.000000,26.137322,29.767483,0.669792,22.753245,0.420024,0.307850,0.029585,0.000000,0.155081,198.126862,0.500000,-0.866025
2010,5,0.000000,155.000000,2.500000,157.500000,1667.530000,9.578838,8.883798,0.043777,18.506414,29.542571,0.642494,21.484565,0.390197,0.327423,0.028581,0.000000,0.172436,198.121597,0.500000,-0.866025
2010,5,0.000000,-155.000000,2.500000,-152.500000,6313.560000,1.863925,17.982565,1.669898,21.516387,,,,,,,,,,0.500000,-0.866025
2010,5,0.000000,160.000000,2.500000,162.500000,3289.940000,18.585141,7.505000,0.072646,26.162787,29.307021,0.606472,21.435058,0.326842,0.292327,0.018155,0.000000,0.186668,197.786545,0.500000,-0.866025
2010,5,0.000000,-160.000000,2.500000,-157.500000,1112.140000,2.211952,12.379736,0.840721,15.432410,,,,,,,,,,0.500000,-0.866025
2010,5,0.000000,165.000000,2.500000,167.500000,1852.920000,5.835114,10.880124,0.383179,17.098418,29.085900,0.581272,18.915836,0.340472,91.421315,0.018953,0.002779,0.203902,197.541138,0.500000,-0.866025
2010,5,0.000000,-170.000000,2.500000,-167.500000,1831.770000,1.986057,19.005661,0.992483,21.984201,,,,,,,,,,0.500000,-0.866025
2010,5,0.000000,175.000000,2.500000,177.500000,1341.700000,1.489901,27.892972,0.036521,29.419393,28.965838,0.537659,26.633886,0.273501,0.679548,0.015712,0.000000,0.180551,198.266388,0.500000,-0.866025
2010,5,0.000000,-175.000000,2.500000,-172.500000,6232.500000,3.550903,22.446209,0.760048,26.757160,,,,,,,,,,0.500000,-0.866025
2010,5,5.000000,130.000000,7.500000,132.500000,4224.010000,13.976056,12.593720,0.026515,26.596291,29.552088,0.611346,18.880096,0.316933,131.343068,0.087663,0.007804,0.092630,198.931488,0.500000,-0.866025
2010,5,5.000000,135.000000,7.500000,137.500000,2728.190000,8.153391,11.014629,0.025291,19.193311,29.709476,0.707390,20.783021,0.205456,130.746914,0.043421,0.006954,0.091169,198.569885,0.500000,-0.866025
2010,5,5.000000,155.000000,7.500000,157.500000,6352.270000,8.447217,21.258542,1.138018,30.843777,29.238865,0.712622,33.090101,0.143582,124.243329,0.012031,0.003336,0.082108,198.246429,0.500000,-0.866025
2010,5,5.000000,-155.000000,7.500000,-152.500000,1382.440000,2.272070,26.563902,0.891178,29.727149,,,,,,,,,,0.500000,-0.866025
2010,5,5.000000,160.000000,7.500000,162.500000,5095.080000,8.333922,25.047104,4.827402,38.208429,29.022487,0.684343,34.366683,0.190866,0.295786,0.025381,0.000000,0.102652,198.995865,0.500000,-0.866025
2010,5,5.000000,165.000000,7.500000,167.500000,11534.610000,0.820661,13.073957,0.331091,14.225709,28.838556,0.641791,30.817947,0.221050,129.259456,0.033095,0.041643,0.122242,199.396454,0.500000,-0.866025
2010,5,5.000000,170.000000,7.500000,172.500000,2270.250000,3.367030,14.522189,0.666446,18.555666,28.645623,0.629441,39.969677,0.243348,128.538827,0.045915,0.028973,0.100841,200.020477,0.500000,-0.866025
2010,5,5.000000,-170.000000,7.500000,-167.500000,3654.560000,1.055120,18.380051,0.013955,19.449127,,,,,,,,,,0.500000,-0.866025
2010,5,5.000000,175.000000,7.500000,177.500000,2281.390000,1.023499,23.344540,0.489614,24.857653,28.451407,0.586172,50.089142,0.232549,0.827985,0.044743,0.005556,0.105000,200.920944,0.500000,-0.866025
2010,5,5.000000,-175.000000,7.500000,-172.500000,5022.520000,2.179782,29.179575,0.055749,31.415106,,,,,,,,,,0.500000,-0.866025
2010,5,5.000000,-180.000000,7.500000,-177.500000,4942.510000,1.322810,27.153208,0.063126,28.539143,,,,,,,,,,0.500000,-0.866025
2010,5,-5.000000,120.000000,-2.500000,122.500000,22196.490000,17.453976,2.537924,0.000000,19.991900,30.335251,0.623401,11.743192,0.080115,139.260284,0.008525,0.214056,0.096258,198.799576,0.500000,-0.866025
2010,5,-5.000000,125.000000,-2.500000,127.500000,33294.730000,17.453963,2.537939,0.000000,19.991903,30.058700,0.614648,11.581208,0.164600,136.983651,0.007652,0.143034,0.089184,198.633240,0.500000,-0.866025
2010,5,-5.000000,130.000000,-2.500000,132.500000,11098.240000,17.453939,2.537970,0.000000,19.991909,30.076373,0.629748,12.226597,0.202316,139.635584,0.023876,0.251552,0.129799,198.854172,0.500000,-0.866025
2010,5,-5.000000,145.000000,-2.500000,147.500000,1407.250000,4.971398,0.000000,0.000000,4.971398,30.238631,0.683641,14.350314,0.440381,132.943519,0.018247,0.026804,0.126661,198.400452,0.500000,-0.866025
2010,5,-5.000000,-155.000000,-2.500000,-152.500000,2731.250000,3.253455,12.720915,1.185172,17.159542,,,,,,,,,,0.500000,-0.866025
2010,5,-5.000000,-175.000000,-2.500000,-172.500000,1344.180000,7.489324,11.482093,2.489250,21.460667,,,,,,,,,,0.500000,-0.866025
2010,5,10.000000,110.000000,12.500000,112.500000,13491.210000,14.690158,3.769417,0.000000,18.459575,30.336935,0.770822,15.613991,0.202617,0.962567,0.062566,0.007222,0.091670,199.649368,0.500000,-0.866025
2010,5,10.000000,115.000000,12.500000,117.500000,13491.210000,14.690158,3.769417,0.000000,18.459575,30.407187,0.678894,13.604163,0.129692,136.884261,0.029346,0.059024,0.099719,199.600098,0.500000,-0.866025
2010,5,10.000000,125.000000,12.500000,127.500000,1456.260000,15.272685,4.233447,0.099570,19.605702,29.543430,0.857196,17.044067,0.319935,133.022531,0.141557,0.044296,0.099646,199.507767,0.500000,-0.866025
2010,5,10.000000,130.000000,12.500000,132.500000,5379.890000,11.423096,9.409672,1.958218,22.790986,29.392963,0.872336,18.025589,0.302683,0.320045,0.126275,0.000000,0.093992,200.074417,0.500000,-0.866025
2010,5,10.000000,135.000000,12.500000,137.500000,7920.580000,4.193885,0.972025,4.074954,9.240864,29.136165,0.861520,17.976226,0.229264,116.855989,0.076978,0.001946,0.091211,200.214874,0.500000,-0.866025
2010,5,10.000000,140.000000,12.500000,142.500000,2139.050000,2.017251,0.063580,0.161287,2.242117,28.932567,0.834620,18.966185,0.215148,90.612041,0.063867,0.004174,0.089082,200.423431,0.500000,-0.866025
2010,5,10.000000,150.000000,12.500000,152.500000,1192.250000,8.920109,0.758230,0.066261,9.744601,28.656386,0.815105,25.815312,0.161445,0.928108,0.035160,0.008889,0.080876,200.671295,0.500000,-0.866025
2010,5,10.000000,155.000000,12.500000,157.500000,8092.960000,3.732627,1.912156,0.246140,5.890922,28.462094,0.769387,26.619644,0.139922,0.686507,0.024830,0.000000,0.084272,201.478119,0.500000,-0.866025
2010,5,10.000000,-165.000000,12.500000,-162.500000,6757.840000,0.499716,13.740929,0.259550,14.500195,,,,,,,,,,0.500000,-0.866025
2010,5,10.000000,-170.000000,12.500000,-167.500000,9804.280000,1.106150,17.854957,0.271616,19.232723,,,,,,,,,,0.500000,-0.866025
2010,5,10.000000,175.000000,12.500000,177.500000,1352.990000,1.045093,17.896659,0.963791,19.905543,27.424496,0.660482,33.625804,0.127483,1.081331,0.026026,0.031111,0.057530,204.328537,0.500000,-0.866025
2010,5,10.000000,-175.000000,12.500000,-172.500000,6948.380000,0.828251,29.556386,0.412614,30.797251,,,,,,,,,,0.500000,-0.866025
2010,5,10.000000,-180.000000,12.500000,-177.500000,4268.390000,0.742200,26.273607,1.243560,28.259367,,,,,,,,,,0.500000,-0.866025
2010,5,-10.000000,-135.000000,-7.500000,-132.500000,5327.760000,8.803700,28.340804,2.944389,40.088893,,,,,,,,,,0.500000,-0.866025
2010,5,-10.000000,-140.000000,-7.500000,-137.500000,1273.040000,11.154402,20.716553,2.820807,34.691761,,,,,,,,,,0.500000,-0.866025
2010,5,-10.000000,150.000000,-7.500000,152.500000,1299.710000,20.218356,0.811720,1.284902,22.314978,29.555844,0.634846,12.454298,0.402496,134.697919,0.067773,0.116042,0.110981,198.743744,0.500000,-0.866025
2010,5,-10.000000,-150.000000,-7.500000,-147.500000,4869.060000,7.737839,13.778840,1.667468,23.184146,,,,,,,,,,0.500000,-0.866025
2010,5,-10.000000,155.000000,-7.500000,157.500000,9628.120000,13.658949,1.289556,1.864642,16.813147,30.015412,0.692415,14.641401,0.298112,135.573856,0.073282,0.113258,0.100787,198.234497,0.500000,-0.866025
2010,5,-10.000000,-155.000000,-7.500000,-152.500000,10164.800000,7.937195,15.089623,3.365831,26.392649,,,,,,,,,,0.500000,-0.866025
2010,5,-10.000000,160.000000,-7.500000,162.500000,5309.270000,14.188391,4.070428,13.500914,31.759733,30.123823,0.662788,15.145475,0.358736,133.254382,0.114254,0.039680,0.099558,198.042740,0.500000,-0.866025
2010,5,-10.000000,-160.000000,-7.500000,-157.500000,2028.780000,6.088881,15.533473,6.467434,28.089788,,,,,,,,,,0.500000,-0.866025
2010,5,-10.000000,165.000000,-7.500000,167.500000,24534.600000,16.386165,4.734090,24.123483,45.243737,30.218207,0.680077,16.556123,0.358288,0.436528,0.128781,0.000000,0.094564,197.965103,0.500000,-0.866025
2010,5,-10.000000,-165.000000,-7.500000,-162.500000,8977.980000,6.479186,10.908244,22.673252,40.060682,,,,,,,,,,0.500000,-0.866025
2010,5,-10.000000,170.000000,-7.500000,172.500000,3327.480000,12.700602,3.726544,5.443158,21.870304,30.248119,0.731467,21.275175,0.322654,0.284611,0.095437,0.000000,0.088877,197.547897,0.500000,-0.866025
2010,5,-10.000000,-170.000000,-7.500000,-167.500000,14144.790000,11.807528,15.944245,18.642270,46.394043,,,,,,,,,,0.500000,-0.866025
2010,5,-10.000000,175.000000,-7.500000,177.500000,5615.700000,21.238492,7.666186,7.092971,35.997649,30.192464,0.744090,23.775700,0.182464,0.279982,0.038124,0.000000,0.095009,197.498444,0.500000,-0.866025
2010,5,-10.000000,-175.000000,-7.500000,-172.500000,7498.860000,10.671089,10.893656,11.742452,33.307196,,,,,,,,,,0.500000,-0.866025
2010,5,-10.000000,-180.000000,-7.500000,-177.500000,10629.430000,12.900315,9.287798,7.743877,29.931991,,,,,,,,,,0.500000,-0.866025
2010,5,15.000000,110.000000,17.500000,112.500000,13491.210000,14.690158,3.769417,0.000000,18.459575,29.252315,0.626516,12.139184,0.213174,128.075045,0.067207,0.114508,0.097287,201.455124,0.500000,-0.866025
2010,5,15.000000,115.000000,17.500000,117.500000,13491.210000,14.690158,3.769417,0.000000,18.459575,29.747889,0.638762,12.365778,0.177629,138.169546,0.063440,0.159889,0.093989,201.102005,0.500000,-0.866025
2010,5,15.000000,120.000000,17.500000,122.500000,4964.570000,8.541525,0.262863,0.000000,8.804388,29.500263,0.888281,11.954820,0.301374,138.295940,0.130308,0.202276,0.119501,199.810379,0.500000,-0.866025
2010,5,15.000000,125.000000,17.500000,127.500000,7468.960000,9.435852,0.315171,0.977378,10.728401,29.384739,0.991016,12.715707,0.170360,1.179530,0.072736,0.042222,0.110977,200.622467,0.500000,-0.866025
2010,5,15.000000,130.000000,17.500000,132.500000,5208.310000,7.098080,0.300097,3.222350,10.620528,29.433440,1.046879,12.560105,0.156097,1.199570,0.051735,0.022778,0.108518,201.101562,0.500000,-0.866025
2010,5,15.000000,135.000000,17.500000,137.500000,7922.760000,6.566903,1.320121,17.312149,25.199173,29.155041,1.023212,12.673659,0.119262,0.824016,0.034621,0.001667,0.102534,201.008240,0.500000,-0.866025
2010,5,15.000000,140.000000,17.500000,142.500000,8084.180000,4.239144,0.434924,9.720961,14.395028,28.817162,1.009952,13.837305,0.177727,0.653813,0.062664,0.000000,0.099967,201.687225,0.500000,-0.866025
2010,5,15.000000,150.000000,17.500000,152.500000,8689.060000,9.894281,0.892156,30.664537,41.450974,28.286735,0.895529,15.114293,0.121635,0.881133,0.047688,0.001389,0.079783,202.819046,0.500000,-0.866025
2010,5,15.000000,155.000000,17.500000,157.500000,2728.630000,10.882018,1.167252,30.163489,42.212759,27.916521,0.843319,16.921031,0.131244,0.718223,0.049887,0.000278,0.076125,203.843277,0.500000,-0.866025
2010,5,15.000000,160.000000,17.500000,162.500000,1471.080000,2.774152,11.132637,12.948310,26.855100,27.603245,0.822970,18.975096,0.142461,0.919719,0.036751,0.014722,0.076878,204.661606,0.500000,-0.866025
2010,5,15.000000,-160.000000,17.500000,-157.500000,1837.280000,1.348733,10.233606,0.561156,12.143495,,,,,,,,,,0.500000,-0.866025
2010,5,15.000000,-165.000000,17.500000,-162.500000,4109.470000,0.943917,10.179658,3.161965,14.285540,,,,,,,,,,0.500000,-0.866025
2010,5,15.000000,-170.000000,17.500000,-167.500000,1006.340000,0.960908,10.670350,3.805871,15.437129,,,,,,,,,,0.500000,-0.866025
2010,5,-15.000000,145.000000,-12.500000,147.500000,2266.470000,46.377406,1.885311,27.793882,76.056599,28.059143,0.747267,35.850092,0.200638,125.223930,0.065807,0.082277,0.087357,201.014862,0.500000,-0.866025
2010,5,-15.000000,-145.000000,-12.500000,-142.500000,4667.810000,3.031186,2.954705,25.843811,31.829702,,,,,,,,,,0.500000,-0.866025
2010,5,-15.000000,150.000000,-12.500000,152.500000,5173.100000,50.106513,1.097601,25.715142,76.919255,27.959115,0.615152,21.981599,0.279741,127.570585,0.103392,0.095709,0.080078,199.986160,0.500000,-0.866025
2010,5,-15.000000,-150.000000,-12.500000,-147.500000,3420.430000,3.535520,3.200475,21.780302,28.516298,,,,,,,,,,0.500000,-0.866025
2010,5,-15.000000,155.000000,-12.500000,157.500000,19962.320000,28.107555,3.466581,16.583143,48.157278,28.937248,0.578845,22.746591,0.238606,0.866232,0.062641,0.008889,0.081645,198.273697,0.500000,-0.866025
2010,5,-15.000000,-155.000000,-12.500000,-152.500000,5980.280000,4.719344,6.348532,21.152354,32.220230,,,,,,,,,,0.500000,-0.866025
2010,5,-15.000000,160.000000,-12.500000,162.500000,19179.220000,9.203033,2.572263,16.523873,28.299170,29.327936,0.589439,25.664377,0.217794,133.013940,0.077498,0.026989,0.082812,197.391174,0.500000,-0.866025
2010,5,-15.000000,-160.000000,-12.500000,-157.500000,5618.160000,3.943818,5.099712,29.823643,38.867174,,,,,,,,,,0.500000,-0.866025
2010,5,-15.000000,165.000000,-12.500000,167.500000,18535.410000,11.509915,1.333124,24.626917,37.469956,29.461079,0.586602,22.539011,0.156474,128.404218,0.054669,0.015913,0.074000,196.787613,0.500000,-0.866025
2010,5,-15.000000,-165.000000,-12.500000,-162.500000,3612.340000,4.216657,2.457410,40.616055,47.290122,,,,,,,,,,0.500000,-0.866025
2010,5,-15.000000,170.000000,-12.500000,172.500000,28979.360000,6.242098,0.582656,27.514065,34.338819,29.309880,0.528937,21.098506,0.173647,0.662714,0.042595,0.000000,0.071130,197.178085,0.500000,-0.866025
2010,5,-15.000000,-170.000000,-12.500000,-167.500000,10864.270000,4.665569,1.767997,46.427418,52.860984,,,,,,,,,,0.500000,-0.866025
2010,5,-15.000000,175.000000,-12.500000,177.500000,4525.290000,16.119409,1.930484,27.647731,45.697624,29.540051,0.606550,23.327502,0.188158,0.808009,0.041274,0.006667,0.073205,197.106598,0.500000,-0.866025
2010,5,-15.000000,-175.000000,-12.500000,-172.500000,9411.050000,6.823468,1.849847,50.081022,58.754337,,,,,,,,,,0.500000,-0.866025
2010,5,20.000000,115.000000,22.500000,117.500000,3908.920000,4.879353,0.000000,0.000000,4.879353,26.376405,0.541270,11.904458,0.196810,113.495160,0.099768,0.647101,0.258559,208.193069,0.500000,-0.866025
2010,5,20.000000,120.000000,22.500000,122.500000,73370.650000,9.253986,0.194410,0.038898,9.487295,27.587521,0.861729,12.942680,0.374138,126.066085,0.182830,0.358491,0.157820,205.645233,0.500000,-0.866025
2010,5,20.000000,125.000000,22.500000,127.500000,18641.670000,20.286970,0.141833,1.487635,21.916438,26.756673,0.987175,12.983387,0.263653,82.102517,0.128064,0.414119,0.106927,208.689774,0.500000,-0.866025
2010,5,20.000000,130.000000,22.500000,132.500000,1879.180000,7.886419,0.722123,8.677721,17.286263,27.142891,1.007237,13.887194,0.232882,4.425043,0.098604,0.491944,0.098501,207.928452,0.500000,-0.866025
2010,5,20.000000,135.000000,22.500000,137.500000,3452.550000,4.439038,0.059376,2.483382,6.981796,27.536941,1.030827,14.043983,0.258171,4.120138,0.117719,0.425833,0.094682,206.663757,0.500000,-0.866025
2010,5,20.000000,140.000000,22.500000,142.500000,1259.940000,8.783752,0.948458,22.001841,31.734051,27.387251,0.967100,12.708641,0.190230,51.031037,0.070632,0.334260,0.091641,206.561264,0.500000,-0.866025
2010,5,20.000000,145.000000,22.500000,147.500000,5068.240000,4.961288,0.074779,3.354814,8.390881,27.267877,0.884237,12.076429,0.168822,5.163272,0.075890,0.265833,0.091910,207.113831,0.500000,-0.866025
2010,5,20.000000,150.000000,22.500000,152.500000,6087.710000,12.894832,0.597926,17.117767,30.610525,27.290275,0.872871,12.794038,0.167009,2.206283,0.066388,0.212500,0.089041,206.928574,0.500000,-0.866025
2010,5,20.000000,155.000000,22.500000,157.500000,1030.040000,12.687857,1.199953,30.974525,44.862335,26.830416,0.855486,13.710441,0.164121,2.696623,0.072915,0.171111,0.084332,208.214661,0.500000,-0.866025
2010,5,-20.000000,-150.000000,-17.500000,-147.500000,1580.440000,2.854901,2.468933,10.774848,16.098681,,,,,,,,,,0.500000,-0.866025
2010,5,-20.000000,155.000000,-17.500000,157.500000,3933.400000,6.727259,3.540957,26.345655,36.613871,27.083807,0.781097,46.269877,0.146813,2.185814,0.055726,0.105833,0.071875,203.993042,0.500000,-0.866025
2010,5,-20.000000,-155.000000,-17.500000,-152.500000,2947.360000,4.194601,2.307828,14.606292,21.108721,,,,,,,,,,0.500000,-0.866025
2010,5,-20.000000,160.000000,-17.500000,162.500000,4835.160000,6.595645,2.215439,22.288611,31.099695,27.196563,0.718163,38.989327,0.134664,52.363165,0.052464,0.202834,0.079026,203.624069,0.500000,-0.866025
2010,5,-20.000000,165.000000,-17.500000,167.500000,10309.170000,2.068838,3.879071,27.747336,33.695244,27.426358,0.712073,31.832092,0.117332,127.872956,0.041048,0.248639,0.076061,202.613770,0.500000,-0.866025
2010,5,-20.000000,170.000000,-17.500000,172.500000,14141.020000,7.000061,0.678452,36.934677,44.613189,27.716833,0.709807,31.767269,0.178447,2.124877,0.043392,0.229722,0.070099,201.710144,0.500000,-0.866025
2010,5,-20.000000,-170.000000,-17.500000,-167.500000,1345.100000,1.318861,0.237157,23.068917,24.624935,,,,,,,,,,0.500000,-0.866025
2010,5,-20.000000,175.000000,-17.500000,177.500000,8602.020000,7.747134,1.769468,22.220130,31.736732,27.943968,0.743725,32.681919,0.129955,127.685571,0.029146,0.201762,0.080402,201.285629,0.500000,-0.866025
2010,5,-20.000000,-180.000000,-17.500000,-177.500000,4343.380000,5.868471,2.203583,35.795394,43.867449,,,,,,,,,,0.500000,-0.866025
2010,5,25.000000,120.000000,27.500000,122.500000,5166.850000,34.839215,0.000000,0.081675,34.920890,22.655187,0.406174,14.946360,0.233179,111.954676,0.193782,0.875000,0.325801,220.109940,0.500000,-0.866025
2010,5,25.000000,125.000000,27.500000,127.500000,12487.740000,24.112850,0.180497,1.795681,26.089028,24.033334,0.808421,19.330319,0.263582,106.398166,0.250000,0.653187,0.196133,218.565277,0.500000,-0.866025
2010,5,25.000000,130.000000,27.500000,132.500000,8874.720000,22.751478,0.405309,3.966097,27.122884,23.853545,1.000543,19.148691,0.203452,48.863397,0.118485,0.463740,0.194272,220.253616,0.500000,-0.866025
2010,5,25.000000,135.000000,27.500000,137.500000,1233.650000,8.971750,0.027560,0.061606,9.060917,23.738010,1.046192,17.337990,0.205696,4.616752,0.093084,0.515000,0.200637,220.646439,0.500000,-0.866025
2010,5,25.000000,145.000000,27.500000,147.500000,7900.140000,3.006782,0.043037,0.098606,3.148425,23.339970,0.895565,15.806936,0.118748,4.945958,0.069290,0.513611,0.110429,222.561157,0.500000,-0.866025
2010,5,25.000000,150.000000,27.500000,152.500000,2291.400000,1.609933,0.110849,0.041896,1.762678,22.996719,0.874492,14.606117,0.151464,5.024668,0.065653,0.604167,0.097635,222.031464,0.500000,-0.866025
2010,5,25.000000,155.000000,27.500000,157.500000,1689.870000,2.104896,0.891785,0.047341,3.044021,23.046858,0.820576,16.275056,0.136077,3.713067,0.062618,0.420278,0.083722,222.335403,0.500000,-0.866025
2010,5,25.000000,160.000000,27.500000,162.500000,1349.460000,0.957420,1.499118,0.193411,2.649949,23.369307,0.830523,19.178934,0.144338,4.045886,0.058372,0.461111,0.068785,222.966522,0.500000,-0.866025
2010,5,25.000000,165.000000,27.500000,167.500000,1872.310000,0.069967,2.881467,0.193878,3.145312,22.901382,0.796034,18.831913,0.138794,4.404731,0.057157,0.429722,0.062808,223.150452,0.500000,-0.866025
2010,5,25.000000,-170.000000,27.500000,-167.500000,1235.320000,0.465466,2.044005,0.000000,2.509471,,,,,,,,,,0.500000,-0.866025
2010,5,-25.000000,150.000000,-22.500000,152.500000,3797.520000,13.818492,17.626504,12.027060,43.472055,25.458626,0.740112,49.111269,0.145818,105.324754,0.073008,0.524558,0.235834,207.763321,0.500000,-0.866025
2010,5,-25.000000,155.000000,-22.500000,157.500000,1582.330000,15.284422,4.542036,30.012071,49.838529,25.150731,0.782302,62.365073,0.143185,51.181519,0.055261,0.154765,0.092090,209.352615,0.500000,-0.866025
2010,5,-25.000000,160.000000,-22.500000,162.500000,2432.690000,2.835955,1.955037,52.474010,57.265003,24.957413,0.728816,52.168788,0.153186,117.960635,0.080248,0.302843,0.072907,210.124985,0.500000,-0.866025
2010,5,-25.000000,170.000000,-22.500000,172.500000,2158.060000,1.904952,0.705726,28.267518,30.878196,25.141867,0.717718,43.370280,0.189435,3.190163,0.090920,0.415556,0.063259,210.443283,0.500000,-0.866025
2010,5,-25.000000,175.000000,-22.500000,177.500000,2137.820000,1.409380,1.817740,15.046169,18.273288,25.004384,0.650066,40.537102,0.134768,2.566769,0.078746,0.369722,0.065336,209.850449,0.500000,-0.866025
2010,5,30.000000,130.000000,32.500000,132.500000,2878.160000,13.778247,2.875796,15.902521,32.556564,21.131752,0.593021,17.988986,0.329988,105.772510,0.296775,0.742967,0.373539,231.675323,0.500000,-0.866025
2010,5,30.000000,135.000000,32.500000,137.500000,2040.430000,2.034865,2.442132,45.328191,49.805188,20.924746,0.923165,19.738019,0.383349,95.983339,0.411076,0.453325,0.450851,227.896820,0.500000,-0.866025
2010,5,30.000000,140.000000,32.500000,142.500000,2383.150000,1.039800,6.446510,22.010784,29.497094,20.266289,0.944252,19.332756,0.242918,28.977624,0.204153,0.269444,0.547423,237.582306,0.500000,-0.866025
2010,5,30.000000,145.000000,32.500000,147.500000,4774.800000,2.008252,13.713663,17.942532,33.664447,19.994325,0.889236,20.818457,0.235180,4.062265,0.196866,0.348611,0.660783,243.495132,0.500000,-0.866025
2010,5,30.000000,150.000000,32.500000,152.500000,3296.760000,0.231743,12.813490,9.547859,22.593091,19.431980,0.840831,23.023546,0.305438,2.735001,0.193618,0.245278,0.506869,244.547348,0.500000,-0.866025
2010,5,30.000000,160.000000,32.500000,162.500000,1212.660000,0.000000,0.000000,0.000000,0.000000,19.223150,0.763292,23.879166,0.263628,4.620128,0.159305,0.385833,0.468043,247.075333,0.500000,-0.866025
2010,5,30.000000,-165.000000,32.500000,-162.500000,2031.730000,0.000000,0.000000,0.028055,0.028055,,,,,,,,,,0.500000,-0.866025
2010,5,30.000000,170.000000,32.500000,172.500000,1352.570000,0.000000,0.342311,0.000000,0.342311,18.521064,0.611241,21.335194,0.205426,5.608960,0.123681,0.519167,0.256580,246.460388,0.500000,-0.866025
2010,5,30.000000,-170.000000,32.500000,-167.500000,2261.380000,0.000000,0.068984,0.000000,0.068984,,,,,,,,,,0.500000,-0.866025
2010,5,30.000000,175.000000,32.500000,177.500000,2388.620000,0.036004,0.643886,0.000000,0.679890,18.288690,0.559502,19.814525,0.212518,4.061580,0.122499,0.485833,0.240209,246.775085,0.500000,-0.866025
2010,5,30.000000,-175.000000,32.500000,-172.500000,1114.410000,0.000000,0.017947,0.000000,0.017947,,,,,,,,,,0.500000,-0.866025
2010,5,-30.000000,-155.000000,-27.500000,-152.500000,1266.440000,0.362433,3.806734,25.709074,29.878241,,,,,,,,,,0.500000,-0.866025
2010,5,-30.000000,-165.000000,-27.500000,-162.500000,1461.000000,0.110198,1.168378,54.472279,55.750856,,,,,,,,,,0.500000,-0.866025
2010,5,-30.000000,170.000000,-27.500000,172.500000,4475.190000,1.707860,1.501612,40.323428,43.532900,22.427771,0.558039,54.372288,0.143641,2.267228,0.108937,0.311667,0.049650,220.691635,0.500000,-0.866025
2010,5,-30.000000,175.000000,-27.500000,177.500000,3305.330000,0.632312,1.696654,27.051762,29.380727,22.728836,0.600646,52.356582,0.187937,2.413214,0.139525,0.287500,0.051078,219.664291,0.500000,-0.866025
2010,5,-30.000000,-175.000000,-27.500000,-172.500000,13347.390000,0.767266,1.869204,37.427092,40.063563,,,,,,,,,,0.500000,-0.866025
2010,5,35.000000,140.000000,37.500000,142.500000,1038.360000,1.068030,3.937941,8.731076,13.737047,15.028459,0.124352,13.771329,0.372286,81.842959,0.256427,0.870693,0.998854,238.515656,0.500000,-0.866025
2010,5,35.000000,145.000000,37.500000,147.500000,6100.090000,0.682285,7.078092,8.430859,16.191237,15.585237,0.053017,17.055821,0.315003,14.488071,0.210904,0.781389,1.236866,251.752838,0.500000,-0.866025
2010,5,35.000000,150.000000,37.500000,152.500000,3396.930000,0.283491,1.032697,0.969993,2.286182,15.860923,0.209634,23.788120,0.344466,6.894393,0.208423,0.702222,1.238193,257.412292,0.500000,-0.866025
2010,5,35.000000,155.000000,37.500000,157.500000,1592.840000,0.000000,0.168253,0.029507,0.197760,14.562066,0.151415,20.126534,0.249518,6.133607,0.237869,0.704167,1.284966,263.974274,0.500000,-0.866025
2010,5,35.000000,160.000000,37.500000,162.500000,2108.790000,0.451918,0.316769,0.078244,0.846931,14.573492,0.169534,23.658331,0.235125,5.602062,0.200027,0.696111,1.171559,264.176331,0.500000,-0.866025
2010,5,35.000000,165.000000,37.500000,167.500000,1686.960000,0.000000,0.097216,0.082990,0.180206,14.894424,0.325928,29.480882,0.254845,8.058434,0.238931,0.520556,1.160489,267.952332,0.500000,-0.866025
2010,5,35.000000,170.000000,37.500000,172.500000,1001.400000,0.000000,0.148792,0.042940,0.191732,14.599567,0.275541,28.199698,0.287133,7.442372,0.146686,0.556389,0.987435,271.581818,0.500000,-0.866025
2010,5,-35.000000,-140.000000,-32.500000,-137.500000,2014.790000,0.000000,2.453357,40.200219,42.653577,,,,,,,,,,0.500000,-0.866025
2010,5,-35.000000,-145.000000,-32.500000,-142.500000,2691.890000,0.240723,0.601808,39.976373,40.818904,,,,,,,,,,0.500000,-0.866025
2010,5,-35.000000,-150.000000,-32.500000,-147.500000,2008.820000,0.369869,0.616780,33.917922,34.904571,,,,,,,,,,0.500000,-0.866025
2010,5,-35.000000,-155.000000,-32.500000,-152.500000,2973.350000,0.183631,2.759850,57.231069,60.174551,,,,,,,,,,0.500000,-0.866025
2010,5,-35.000000,-160.000000,-32.500000,-157.500000,4752.320000,0.060392,1.316620,68.889300,70.266312,,,,,,,,,,0.500000,-0.866025
2010,5,-35.000000,-165.000000,-32.500000,-162.500000,3802.720000,0.978247,1.156541,55.294894,57.429682,,,,,,,,,,0.500000,-0.866025
2010,5,-40.000000,150.000000,-37.500000,152.500000,2846.570000,15.427690,6.012148,9.175956,30.615794,,,,,,,,,,0.500000,-0.866025
2010,5,-40.000000,155.000000,-37.500000,157.500000,18205.910000,0.903937,4.043193,22.373065,27.320194,,,,,,,,,,0.500000,-0.866025
2010,5,-40.000000,160.000000,-37.500000,162.500000,1079.360000,1.101579,2.168878,16.812741,20.083197,,,,,,,,,,0.500000,-0.866025
2010,5,-40.000000,175.000000,-37.500000,177.500000,2810.290000,0.000000,1.453231,24.435556,25.888787,,,,,,,,,,0.500000,-0.866025
2010,5,-45.000000,155.000000,-42.500000,157.500000,2070.530000,0.185943,1.222392,12.434497,13.842833,,,,,,,,,,0.500000,-0.866025
2010,5,-45.000000,165.000000,-42.500000,167.500000,2496.050000,0.000000,0.000000,0.335330,0.335330,,,,,,,,,,0.500000,-0.866025
2010,5,-50.000000,165.000000,-47.500000,167.500000,2013.630000,0.000000,0.000000,0.213545,0.213545,,,,,,,,,,0.500000,-0.866025
2010,6,0.000000,120.000000,2.500000,122.500000,19615.460000,15.429819,2.229109,0.000000,17.658928,29.958922,0.620509,12.168901,0.302515,137.297366,0.025959,0.077281,0.109496,200.369278,0.000000,-1.000000
2010,6,0.000000,125.000000,2.500000,127.500000,25897.700000,15.426737,2.232167,0.000000,17.658904,29.985919,0.654275,13.528673,0.425254,137.745564,0.048950,0.152753,0.111152,199.262817,0.000000,-1.000000
2010,6,0.000000,130.000000,2.500000,132.500000,11264.440000,17.410719,5.697753,0.174620,23.283093,30.283469,0.724850,18.722076,0.536971,119.829965,0.032885,0.013337,0.110569,198.305817,0.000000,-1.000000
2010,6,0.000000,135.000000,2.500000,137.500000,2602.820000,19.755880,4.391775,0.441444,24.589100,30.322824,0.714980,25.379660,0.365525,0.426080,0.021316,0.000000,0.129833,197.840027,0.000000,-1.000000
2010,6,0.000000,140.000000,2.500000,142.500000,1443.490000,28.313324,9.630825,0.554905,38.499054,30.212897,0.697630,26.547756,0.317557,0.320742,0.022915,0.000000,0.137202,197.589584,0.000000,-1.000000
2010,6,0.000000,145.000000,2.500000,147.500000,2821.780000,12.691634,7.393560,0.054575,20.139770,29.995046,0.667524,24.968084,0.287820,0.524776,0.019175,0.000000,0.133293,198.055161,0.000000,-1.000000
2010,6,0.000000,150.000000,2.500000,152.500000,1589.790000,27.020550,9.653476,0.047805,36.721831,29.834161,0.638927,24.944559,0.203302,0.323127,0.014461,0.000000,0.137378,198.320816,0.000000,-1.000000
2010,6,0.000000,155.000000,2.500000,157.500000,1311.080000,6.869146,11.903927,0.076273,18.849346,29.606194,0.612910,24.409807,0.201546,0.372695,0.011160,0.000000,0.173665,197.916855,0.000000,-1.000000
2010,6,0.000000,-160.000000,2.500000,-157.500000,1491.330000,5.250347,19.736075,0.312473,25.298894,,,,,,,,,,0.000000,-1.000000
2010,6,0.000000,170.000000,2.500000,172.500000,1010.710000,6.007658,19.377467,0.118728,25.503854,28.929865,0.538111,23.185338,0.244251,129.496938,0.015126,0.032933,0.244392,199.530014,0.000000,-1.000000
2010,6,0.000000,-170.000000,2.500000,-167.500000,1509.250000,4.188173,5.639887,0.208713,10.036773,,,,,,,,,,0.000000,-1.000000
2010,6,0.000000,175.000000,2.500000,177.500000,2409.900000,6.307731,25.085688,0.113698,31.507116,28.835453,0.511352,25.002417,0.188834,1.348565,0.014138,0.016111,0.184778,198.744934,0.000000,-1.000000
2010,6,0.000000,-175.000000,2.500000,-172.500000,6166.140000,4.138732,22.609931,0.526423,27.275086,,,,,,,,,,0.000000,-1.000000
2010,6,0.000000,-180.000000,2.500000,-177.500000,3988.120000,3.098202,26.895129,0.020310,30.013641,,,,,,,,,,0.000000,-1.000000
2010,6,5.000000,130.000000,7.500000,132.500000,3478.480000,5.521377,8.940112,0.000000,14.461489,30.192302,0.705465,15.390924,0.352165,135.342009,0.095254,0.011148,0.094600,198.259689,0.000000,-1.000000
2010,6,5.000000,135.000000,7.500000,137.500000,2856.710000,6.416122,6.656258,0.000000,13.072380,30.210807,0.742125,18.469302,0.166987,134.479769,0.027150,0.006954,0.093612,197.830124,0.000000,-1.000000
2010,6,5.000000,145.000000,7.500000,147.500000,1496.560000,16.441706,15.391297,0.024723,31.857727,29.661828,0.720114,25.298404,0.140858,0.461207,0.019125,0.000000,0.079445,197.384415,0.000000,-1.000000
2010,6,5.000000,150.000000,7.500000,152.500000,3817.310000,13.454239,15.074752,0.298378,28.827368,29.583571,0.703938,23.887744,0.163753,118.577994,0.027020,0.004454,0.080943,197.733200,0.000000,-1.000000
2010,6,5.000000,155.000000,7.500000,157.500000,6212.330000,10.191506,13.316904,1.134035,24.642445,29.376819,0.675201,30.421407,0.174803,124.470174,0.035354,0.003336,0.082229,198.280930,0.000000,-1.000000
2010,6,5.000000,160.000000,7.500000,162.500000,1155.250000,2.566544,19.604415,2.827959,24.998918,29.112155,0.640985,33.639156,0.197660,0.304551,0.046417,0.000000,0.131321,199.540161,0.000000,-1.000000
2010,6,5.000000,165.000000,7.500000,167.500000,3259.060000,0.755433,13.619264,1.095408,15.470105,28.784663,0.607769,31.396329,0.257611,129.417994,0.055151,0.041643,0.160574,200.300674,0.000000,-1.000000
2010,6,5.000000,170.000000,7.500000,172.500000,10981.490000,0.588991,13.526124,0.794155,14.909270,28.557960,0.590155,39.151043,0.260112,128.486417,0.059233,0.027848,0.122056,200.780136,0.000000,-1.000000
2010,6,5.000000,-170.000000,7.500000,-167.500000,1291.190000,3.893308,21.819407,0.073576,25.786290,,,,,,,,,,0.000000,-1.000000
2010,6,5.000000,175.000000,7.500000,177.500000,1657.880000,1.745603,27.615992,0.770261,30.131855,28.423099,0.550988,41.861818,0.268774,0.826696,0.057767,0.003889,0.121548,201.248749,0.000000,-1.000000
2010,6,5.000000,-175.000000,7.500000,-172.500000,4513.060000,2.000417,16.255046,1.032337,19.287800,,,,,,,,,,0.000000,-1.000000
2010,6,5.000000,-180.000000,7.500000,-177.500000,2338.240000,1.256073,25.818564,0.000000,27.074637,,,,,,,,,,0.000000,-1.000000
2010,6,-5.000000,120.000000,-2.500000,122.500000,25128.970000,15.417146,2.241755,0.000000,17.658901,29.575656,0.607340,14.759622,0.128190,136.744350,0.014605,0.236145,0.094653,199.263779,0.000000,-1.000000
2010,6,-5.000000,125.000000,-2.500000,127.500000,37693.460000,15.417131,2.241768,0.000000,17.658899,29.331926,0.594639,16.363685,0.217599,134.774899,0.018859,0.190402,0.098385,199.806076,0.000000,-1.000000
2010,6,-5.000000,130.000000,-2.500000,132.500000,12564.490000,15.417100,2.241794,0.000000,17.658894,29.179373,0.613053,16.533975,0.247048,135.047757,0.052368,0.325610,0.139499,200.205292,0.000000,-1.000000
2010,6,-5.000000,145.000000,-2.500000,147.500000,1095.120000,10.743115,0.000000,0.000000,10.743115,30.212414,0.679292,22.299790,0.527507,132.104685,0.027146,0.055033,0.185541,198.607498,0.000000,-1.000000
2010,6,-5.000000,-155.000000,-2.500000,-152.500000,3143.360000,1.686094,16.357656,0.189288,18.233037,,,,,,,,,,0.000000,-1.000000
2010,6,-5.000000,160.000000,-2.500000,162.500000,1618.800000,26.098962,8.046084,0.366321,34.511366,29.843662,0.640928,26.692592,0.576682,0.429852,0.065978,0.000000,0.147279,199.223068,0.000000,-1.000000
2010,6,-5.000000,165.000000,-2.500000,167.500000,1636.400000,28.192985,6.830848,0.303104,35.326937,29.652699,0.620172,28.539131,0.588108,0.501750,0.067462,0.000000,0.155941,199.786774,0.000000,-1.000000
2010,6,-5.000000,170.000000,-2.500000,172.500000,2607.180000,16.630612,9.204965,1.237736,27.073313,29.442894,0.600852,32.718132,0.594045,130.512561,0.065414,0.027035,0.167522,200.658295,0.000000,-1.000000
2010,6,-5.000000,-170.000000,-2.500000,-167.500000,3485.580000,8.961206,11.959846,0.735315,21.656367,,,,,,,,,,0.000000,-1.000000
2010,6,-5.000000,175.000000,-2.500000,177.500000,8487.260000,16.730134,10.025379,2.112814,28.868327,29.271333,0.582816,41.406274,0.592203,92.377919,0.062049,0.001668,0.173863,200.985855,0.000000,-1.000000
2010,6,-5.000000,-175.000000,-2.500000,-172.500000,6873.190000,23.350002,14.967140,1.859835,40.176978,,,,,,,,,,0.000000,-1.000000
2010,6,-5.000000,-180.000000,-2.500000,-177.500000,4616.650000,13.046906,12.055495,2.382030,27.484431,,,,,,,,,,0.000000,-1.000000
2010,6,10.000000,110.000000,12.500000,112.500000,14369.220000,13.792537,3.539093,0.000000,17.331630,30.566559,0.776287,21.858248,0.215640,0.683456,0.076884,0.000000,0.085649,197.289276,0.000000,-1.000000
2010,6,10.000000,115.000000,12.500000,117.500000,14369.220000,13.792537,3.539093,0.000000,17.331630,30.784272,0.701197,15.233708,0.106993,139.211766,0.028108,0.034904,0.088651,197.053833,0.000000,-1.000000
2010,6,10.000000,125.000000,12.500000,127.500000,3885.590000,9.682442,1.298902,0.022905,11.004249,30.339270,0.894981,16.475004,0.271665,136.078362,0.122468,0.052982,0.104107,197.991302,0.000000,-1.000000
2010,6,10.000000,130.000000,12.500000,132.500000,7995.190000,7.526400,2.431712,0.466781,10.424893,30.219332,0.880987,17.002541,0.232418,0.364314,0.092988,0.000000,0.099746,198.157425,0.000000,-1.000000
2010,6,10.000000,135.000000,12.500000,137.500000,1756.010000,6.537548,1.253410,0.199315,7.990273,30.077271,0.874004,16.788278,0.193750,120.272117,0.075510,0.001946,0.098636,198.006592,0.000000,-1.000000
2010,6,10.000000,140.000000,12.500000,142.500000,1508.010000,3.161120,0.120026,0.549731,3.830876,29.744672,0.857429,19.230823,0.174405,93.580472,0.053509,0.004174,0.094556,198.078812,0.000000,-1.000000
2010,6,10.000000,150.000000,12.500000,152.500000,2227.090000,17.165898,14.006169,1.583232,32.755300,29.227311,0.819194,23.404434,0.160999,0.427473,0.033379,0.000000,0.084737,199.055664,0.000000,-1.000000
2010,6,10.000000,-160.000000,12.500000,-157.500000,1191.930000,0.574698,11.666793,0.016780,12.258270,,,,,,,,,,0.000000,-1.000000
2010,6,10.000000,-165.000000,12.500000,-162.500000,3094.590000,1.040202,13.140028,0.121502,14.301733,,,,,,,,,,0.000000,-1.000000
2010,6,10.000000,-170.000000,12.500000,-167.500000,7643.110000,2.515730,22.562412,1.007182,26.085324,,,,,,,,,,0.000000,-1.000000
2010,6,10.000000,-180.000000,12.500000,-177.500000,1326.700000,2.860481,17.545037,6.891535,27.297053,,,,,,,,,,0.000000,-1.000000
2010,6,-10.000000,-135.000000,-7.500000,-132.500000,14729.500000,7.548186,29.671136,4.304898,41.524220,,,,,,,,,,0.000000,-1.000000
2010,6,-10.000000,-140.000000,-7.500000,-137.500000,2712.410000,6.663816,26.265572,2.133527,35.062915,,,,,,,,,,0.000000,-1.000000
2010,6,-10.000000,150.000000,-7.500000,152.500000,1725.500000,22.338453,0.797450,2.226601,25.362504,29.428478,0.662008,17.778245,0.351842,135.462114,0.069329,0.172714,0.169192,199.530182,0.000000,-1.000000
2010,6,-10.000000,-150.000000,-7.500000,-147.500000,2344.760000,5.949010,13.812075,4.346287,24.107371,,,,,,,,,,0.000000,-1.000000
2010,6,-10.000000,155.000000,-7.500000,157.500000,9332.000000,25.256965,1.839584,0.302829,27.399378,29.964012,0.734163,24.749524,0.266210,135.455479,0.072977,0.152497,0.112662,198.502014,0.000000,-1.000000
2010,6,-10.000000,-155.000000,-7.500000,-152.500000,14831.140000,4.893622,14.739595,3.919928,23.553146,,,,,,,,,,0.000000,-1.000000
2010,6,-10.000000,160.000000,-7.500000,162.500000,2189.890000,20.042559,4.435383,3.644475,28.122417,29.927645,0.745119,24.528676,0.365732,132.816883,0.098491,0.075079,0.095275,198.106110,0.000000,-1.000000
2010,6,-10.000000,-160.000000,-7.500000,-157.500000,1684.640000,4.965453,13.282363,3.114018,21.361834,,,,,,,,,,0.000000,-1.000000
2010,6,-10.000000,165.000000,-7.500000,167.500000,1802.560000,14.207017,6.816971,4.910794,25.934782,29.981644,0.727022,26.538092,0.380546,0.574776,0.117311,0.000000,0.088943,197.970657,0.000000,-1.000000
2010,6,-10.000000,-165.000000,-7.500000,-162.500000,4571.230000,5.591493,12.686739,17.391380,35.669612,,,,,,,,,,0.000000,-1.000000
2010,6,-10.000000,170.000000,-7.500000,172.500000,5954.080000,9.661274,6.801890,11.844819,28.307984,29.946575,0.748840,29.844391,0.319208,0.465422,0.078228,0.000000,0.094224,197.744354,0.000000,-1.000000
2010,6,-10.000000,-170.000000,-7.500000,-167.500000,7594.300000,7.861817,15.220363,11.943036,35.025216,,,,,,,,,,0.000000,-1.000000
2010,6,-10.000000,175.000000,-7.500000,177.500000,11347.790000,15.688429,9.291589,13.295628,38.275647,29.847900,0.745057,32.877295,0.159267,0.378092,0.028536,0.000000,0.105354,197.654846,0.000000,-1.000000
2010,6,-10.000000,-175.000000,-7.500000,-172.500000,6779.880000,20.206700,11.901538,6.175478,38.283716,,,,,,,,,,0.000000,-1.000000
2010,6,-10.000000,-180.000000,-7.500000,-177.500000,13635.860000,19.751009,8.226030,14.951606,42.928645,,,,,,,,,,0.000000,-1.000000
2010,6,15.000000,110.000000,17.500000,112.500000,14369.220000,13.792537,3.539093,0.000000,17.331630,29.840567,0.643735,14.906448,0.287286,129.943731,0.091852,0.139890,0.099171,198.227890,0.000000,-1.000000
2010,6,15.000000,115.000000,17.500000,117.500000,18368.850000,12.467520,2.860440,0.000000,15.327960,30.009913,0.705642,13.797300,0.171590,138.863971,0.062284,0.165738,0.087347,198.144257,0.000000,-1.000000
2010,6,15.000000,120.000000,17.500000,122.500000,1962.080000,10.457270,0.173285,0.000000,10.630555,30.109445,0.902673,12.599921,0.312938,139.794731,0.115348,0.223935,0.116872,197.229294,0.000000,-1.000000
2010,6,15.000000,125.000000,17.500000,127.500000,10110.950000,6.979265,0.182574,0.950554,8.112393,30.103483,1.069723,16.386872,0.194840,0.806366,0.081919,0.002222,0.102685,197.590118,0.000000,-1.000000
2010,6,15.000000,130.000000,17.500000,132.500000,4533.170000,5.917934,0.190595,2.761644,8.870173,30.028905,1.059397,16.500638,0.199587,0.981275,0.069601,0.008056,0.100590,197.851852,0.000000,-1.000000
2010,6,15.000000,135.000000,17.500000,137.500000,6184.190000,4.411734,1.825300,21.075840,27.312874,29.969438,1.039353,15.819397,0.188234,1.583674,0.058215,0.081389,0.100361,197.890396,0.000000,-1.000000
2010,6,15.000000,140.000000,17.500000,142.500000,1759.030000,2.477502,0.151220,13.098696,15.727418,29.762430,0.982375,17.160855,0.153083,1.142131,0.077720,0.014167,0.100116,198.456497,0.000000,-1.000000
2010,6,15.000000,150.000000,17.500000,152.500000,4800.890000,6.961209,1.219357,49.927201,58.107768,29.226192,0.881026,19.181266,0.121783,0.522277,0.042963,0.000000,0.089573,199.612488,0.000000,-1.000000
2010,6,15.000000,155.000000,17.500000,157.500000,1696.780000,8.883886,1.216422,53.469513,63.569820,28.800167,0.846900,20.089318,0.135363,0.746536,0.040854,0.001667,0.087237,200.515320,0.000000,-1.000000
2010,6,15.000000,-160.000000,17.500000,-157.500000,2063.220000,1.919330,7.008947,0.925253,9.853530,,,,,,,,,,0.000000,-1.000000
2010,6,15.000000,-165.000000,17.500000,-162.500000,7184.730000,1.912250,11.282539,1.796310,14.991099,,,,,,,,,,0.000000,-1.000000
2010,6,-15.000000,-135.000000,-12.500000,-132.500000,9253.940000,6.276786,16.433108,14.556827,37.266721,,,,,,,,,,0.000000,-1.000000
2010,6,-15.000000,145.000000,-12.500000,147.500000,1059.920000,44.420334,0.200015,37.713224,82.333572,27.252583,0.681756,38.053634,0.247886,123.634620,0.099754,0.077205,0.085041,202.879761,0.000000,-1.000000
2010,6,-15.000000,-145.000000,-12.500000,-142.500000,1833.130000,2.383901,3.926617,15.837938,22.148456,,,,,,,,,,0.000000,-1.000000
2010,6,-15.000000,150.000000,-12.500000,152.500000,5286.840000,42.928101,1.864441,25.681125,70.473667,27.881250,0.673445,28.282741,0.209479,126.029731,0.049891,0.126200,0.077215,201.249817,0.000000,-1.000000
2010,6,-15.000000,-150.000000,-12.500000,-147.500000,6452.610000,3.654335,6.637159,9.438661,19.730156,,,,,,,,,,0.000000,-1.000000
2010,6,-15.000000,155.000000,-12.500000,157.500000,22847.720000,47.381664,2.824045,19.478924,69.684634,28.790553,0.612229,29.747325,0.257891,0.832012,0.062435,0.009722,0.086129,199.382950,0.000000,-1.000000
2010,6,-15.000000,-155.000000,-12.500000,-152.500000,4911.650000,5.533986,9.277330,14.818035,29.629351,,,,,,,,,,0.000000,-1.000000
2010,6,-15.000000,160.000000,-12.500000,162.500000,16760.510000,19.577388,3.489333,27.383713,50.450434,28.865465,0.590688,28.633776,0.198761,131.036960,0.048805,0.081811,0.079436,198.337799,0.000000,-1.000000
2010,6,-15.000000,-160.000000,-12.500000,-157.500000,3601.750000,6.135351,4.541959,31.644617,42.321927,,,,,,,,,,0.000000,-1.000000
2010,6,-15.000000,165.000000,-12.500000,167.500000,21119.550000,21.970591,2.273581,26.022572,50.266743,28.900790,0.546346,26.355784,0.132046,126.345227,0.034419,0.028197,0.076592,198.376709,0.000000,-1.000000
2010,6,-15.000000,-165.000000,-12.500000,-162.500000,5282.810000,4.062232,2.988182,37.727649,44.778063,,,,,,,,,,0.000000,-1.000000
2010,6,-15.000000,170.000000,-12.500000,172.500000,30217.170000,14.481105,1.527244,23.397029,39.405378,29.026199,0.609648,27.151641,0.189658,0.727370,0.045521,0.000833,0.072867,197.985336,0.000000,-1.000000
2010,6,-15.000000,-170.000000,-12.500000,-167.500000,14260.190000,3.600303,2.338679,37.798374,43.737356,,,,,,,,,,0.000000,-1.000000
2010,6,-15.000000,175.000000,-12.500000,177.500000,2306.830000,21.736322,4.864684,22.887252,49.488259,29.208843,0.648484,30.242318,0.165676,0.641976,0.033834,0.000000,0.073014,197.983459,0.000000,-1.000000
2010,6,-15.000000,-175.000000,-12.500000,-172.500000,10259.530000,4.784820,1.025291,53.710843,59.520953,,,,,,,,,,0.000000,-1.000000
2010,6,20.000000,115.000000,22.500000,117.500000,3433.720000,7.136866,0.000000,0.000000,7.136866,27.449560,0.527498,11.553452,0.220211,119.652634,0.093516,0.547244,0.325771,204.770645,0.000000,-1.000000
2010,6,20.000000,120.000000,22.500000,122.500000,33009.840000,8.848452,0.342140,0.142927,9.333520,28.500214,0.889342,12.013065,0.387903,128.467428,0.188248,0.360692,0.146112,201.784393,0.000000,-1.000000
2010,6,20.000000,125.000000,22.500000,127.500000,9077.010000,11.691405,0.094635,1.816567,13.602607,28.138628,1.017817,12.065118,0.264288,84.950803,0.106519,0.230128,0.103732,203.857391,0.000000,-1.000000
2010,6,20.000000,130.000000,22.500000,132.500000,1174.360000,4.441568,0.217991,12.256037,16.915597,27.996356,0.974059,12.435700,0.216320,3.074905,0.119145,0.329722,0.093572,203.554138,0.000000,-1.000000
2010,6,20.000000,135.000000,22.500000,137.500000,1292.610000,13.813138,0.256845,9.148931,23.218914,28.392871,1.026269,12.754873,0.221192,2.044261,0.115005,0.253056,0.088028,202.754959,0.000000,-1.000000
2010,6,20.000000,145.000000,22.500000,147.500000,3081.670000,5.076468,0.375121,18.914744,24.366334,28.423462,0.887391,13.538690,0.174491,1.640448,0.096785,0.209167,0.093562,202.377945,0.000000,-1.000000
2010,6,20.000000,150.000000,22.500000,152.500000,1549.190000,7.325118,0.438294,33.470394,41.233806,28.478905,0.909815,15.701562,0.168880,1.601857,0.065725,0.091944,0.092313,202.076736,0.000000,-1.000000
2010,6,-20.000000,-145.000000,-17.500000,-142.500000,1220.040000,0.733583,2.163863,20.003443,22.900888,,,,,,,,,,0.000000,-1.000000
2010,6,-20.000000,150.000000,-17.500000,152.500000,1084.400000,18.157506,16.125968,14.191258,48.474733,26.280124,0.801133,68.525078,0.196469,3.445852,0.060321,0.115833,0.072984,206.494080,0.000000,-1.000000
2010,6,-20.000000,-150.000000,-17.500000,-147.500000,1903.290000,1.181638,1.514220,18.433344,21.129203,,,,,,,,,,0.000000,-1.000000
2010,6,-20.000000,155.000000,-17.500000,157.500000,1849.580000,36.670487,4.815688,36.196326,77.682501,26.453914,0.744374,57.819735,0.145084,2.464343,0.048732,0.254167,0.079745,206.365524,0.000000,-1.000000
2010,6,-20.000000,-155.000000,-17.500000,-152.500000,3788.430000,4.549642,2.596854,16.317314,23.463810,,,,,,,,,,0.000000,-1.000000
2010,6,-20.000000,160.000000,-17.500000,162.500000,3429.850000,32.663236,2.998382,42.680875,78.342493,26.808533,0.713728,44.652380,0.144728,52.433387,0.052654,0.216449,0.085150,205.326370,0.000000,-1.000000
2010,6,-20.000000,165.000000,-17.500000,167.500000,4062.650000,14.667028,2.079431,30.086274,46.832732,27.074933,0.677158,32.281434,0.162049,125.598994,0.045039,0.279863,0.072686,203.848801,0.000000,-1.000000
2010,6,-20.000000,170.000000,-17.500000,172.500000,33561.510000,3.630945,1.407714,30.399496,35.438155,27.609389,0.736845,38.503128,0.153519,3.590881,0.044177,0.190833,0.069601,202.055725,0.000000,-1.000000
2010,6,-20.000000,175.000000,-17.500000,177.500000,12225.470000,5.141070,1.833467,30.869652,37.844189,27.721532,0.746842,40.227431,0.126121,125.132968,0.021746,0.209398,0.077483,202.016602,0.000000,-1.000000
2010,6,-20.000000,-180.000000,-17.500000,-177.500000,3202.200000,11.481481,1.775342,33.159078,46.415902,,,,,,,,,,0.000000,-1.000000
2010,6,25.000000,120.000000,27.500000,122.500000,2892.880000,25.231603,0.000000,0.019704,25.251307,24.449996,0.393279,12.923747,0.245260,118.289581,0.173391,0.748005,0.280906,211.595657,0.000000,-1.000000
2010,6,25.000000,125.000000,27.500000,127.500000,10473.720000,20.791658,0.303522,2.813995,23.909175,26.039249,0.825260,14.655570,0.308895,116.738654,0.271301,0.575962,0.142425,210.127762,0.000000,-1.000000
2010,6,25.000000,130.000000,27.500000,132.500000,9623.860000,32.017922,0.258108,1.508750,33.784781,25.668734,1.038421,15.559353,0.216995,53.645141,0.129437,0.439567,0.124467,212.145020,0.000000,-1.000000
2010,6,25.000000,135.000000,27.500000,137.500000,1246.880000,3.515174,0.066566,0.258245,3.839985,25.438362,1.083344,14.905537,0.185330,3.504876,0.091014,0.396111,0.130422,213.243317,0.000000,-1.000000
2010,6,25.000000,145.000000,27.500000,147.500000,7369.090000,3.184247,0.105712,0.053602,3.343561,25.656440,0.957234,13.065949,0.138074,3.165593,0.071312,0.405278,0.097975,214.618729,0.000000,-1.000000
2010,6,25.000000,150.000000,27.500000,152.500000,4571.880000,3.128910,0.245195,0.035215,3.409320,25.464408,0.886360,11.283287,0.170599,3.411746,0.099742,0.447500,0.092414,213.877289,0.000000,-1.000000
2010,6,25.000000,155.000000,27.500000,157.500000,3718.620000,1.126493,0.197385,0.020438,1.344316,25.877998,0.845903,11.244376,0.162254,3.325254,0.067255,0.355278,0.091658,214.362320,0.000000,-1.000000
2010,6,25.000000,-155.000000,27.500000,-152.500000,1995.890000,0.115738,10.297161,0.106719,10.519618,,,,,,,,,,0.000000,-1.000000
2010,6,25.000000,160.000000,27.500000,162.500000,1488.400000,1.131416,0.106154,0.000000,1.237571,26.056560,0.855397,11.613056,0.145663,5.354744,0.067940,0.328056,0.085902,214.544739,0.000000,-1.000000
2010,6,25.000000,165.000000,27.500000,167.500000,1329.890000,0.918121,0.272203,0.014287,1.204611,25.703004,0.819261,11.515355,0.145580,3.146213,0.054232,0.335833,0.082776,214.189362,0.000000,-1.000000
2010,6,25.000000,170.000000,27.500000,172.500000,1602.700000,0.288264,0.494166,0.000000,0.782430,25.638251,0.756766,11.475087,0.149086,3.343133,0.071735,0.371389,0.082879,214.623749,0.000000,-1.000000
2010,6,25.000000,-175.000000,27.500000,-172.500000,2649.530000,0.774100,19.099991,0.735602,20.609693,,,,,,,,,,0.000000,-1.000000
2010,6,-25.000000,150.000000,-22.500000,152.500000,2862.980000,12.294882,9.800278,10.911009,33.006168,24.260545,0.698147,53.328150,0.159170,96.089207,0.078185,0.582842,0.337264,212.262619,0.000000,-1.000000
2010,6,-25.000000,160.000000,-22.500000,162.500000,1035.350000,2.641619,1.442990,40.082098,44.166707,24.102883,0.695183,56.185326,0.156976,116.589801,0.090748,0.398818,0.117719,213.067368,0.000000,-1.000000
2010,6,-25.000000,165.000000,-22.500000,167.500000,2444.850000,21.180031,1.665133,33.298157,56.143322,24.576952,0.716512,44.836794,0.175983,116.294044,0.072396,0.437717,0.092275,212.366943,0.000000,-1.000000
2010,6,-25.000000,170.000000,-22.500000,172.500000,3350.680000,3.557487,1.036208,40.838874,45.432569,24.434863,0.684937,44.941051,0.177199,2.417344,0.100588,0.382778,0.066119,212.602478,0.000000,-1.000000
2010,6,-25.000000,175.000000,-22.500000,177.500000,4572.060000,1.560784,1.231611,30.552967,33.345363,24.984979,0.698177,41.462873,0.148819,2.750846,0.078236,0.427222,0.064925,211.253403,0.000000,-1.000000
2010,6,30.000000,130.000000,32.500000,132.500000,2335.140000,21.866355,2.118931,4.579169,28.564454,23.762812,0.657793,15.083142,0.376679,113.735127,0.340279,0.650482,0.289423,220.954758,0.000000,-1.000000
2010,6,30.000000,145.000000,32.500000,147.500000,5081.540000,1.030593,3.162624,13.213120,17.406337,21.935000,0.844310,13.901902,0.308150,3.857146,0.245767,0.386944,0.231336,229.220627,0.000000,-1.000000
2010,6,30.000000,150.000000,32.500000,152.500000,6478.510000,0.175966,6.369520,19.224945,25.770432,21.744319,0.879075,14.293387,0.301383,2.799068,0.165587,0.355556,0.192208,233.076172,0.000000,-1.000000
2010,6,30.000000,155.000000,32.500000,157.500000,4034.420000,0.810278,3.998840,6.118599,10.927717,21.509975,0.778471,13.196331,0.261991,4.329068,0.144026,0.444444,0.168135,234.073120,0.000000,-1.000000
2010,6,-30.000000,150.000000,-27.500000,152.500000,1011.890000,10.812440,11.666288,10.084100,32.562828,22.993198,0.559233,55.902064,0.261528,103.368334,0.142397,0.577959,0.455244,211.746048,0.000000,-1.000000
2010,6,-30.000000,-155.000000,-27.500000,-152.500000,2531.040000,0.795720,4.071054,58.284342,63.151116,,,,,,,,,,0.000000,-1.000000
2010,6,-30.000000,160.000000,-27.500000,162.500000,7731.920000,0.675382,2.695450,37.619634,40.990465,21.708353,0.590309,74.842028,0.178997,2.619821,0.084486,0.296667,0.085103,222.684982,0.000000,-1.000000
2010,6,-30.000000,-160.000000,-27.500000,-157.500000,6382.000000,0.204011,1.657631,46.326857,48.188499,,,,,,,,,,0.000000,-1.000000
2010,6,-30.000000,-165.000000,-27.500000,-162.500000,6514.870000,0.224410,0.847292,49.060534,50.132236,,,,,,,,,,0.000000,-1.000000
2010,6,-30.000000,170.000000,-27.500000,172.500000,19995.610000,0.234201,1.022724,46.120723,47.377649,21.685307,0.579954,62.439644,0.148545,4.474315,0.111541,0.272222,0.051991,224.330124,0.000000,-1.000000
2010,6,-30.000000,-170.000000,-27.500000,-167.500000,5196.720000,0.297880,0.663303,46.230507,47.191690,,,,,,,,,,0.000000,-1.000000
2010,6,-30.000000,175.000000,-27.500000,177.500000,6480.250000,0.484549,0.954747,38.955904,40.395201,21.725830,0.564780,58.847319,0.169338,1.965839,0.138830,0.353611,0.051461,223.974426,0.000000,-1.000000
2010,6,-30.000000,-175.000000,-27.500000,-172.500000,11665.030000,0.895754,0.883495,69.821424,71.600673,,,,,,,,,,0.000000,-1.000000
2010,6,35.000000,140.000000,37.500000,142.500000,2184.830000,0.013731,0.032039,0.762531,0.808301,19.466726,0.147526,11.777218,0.404458,94.008267,0.276263,0.863943,0.464586,232.203171,0.000000,-1.000000
2010,6,35.000000,145.000000,37.500000,147.500000,9653.850000,2.000135,3.385903,8.016180,13.402218,18.579601,0.167198,13.173273,0.316690,7.052199,0.273188,0.689722,0.518719,240.853378,0.000000,-1.000000
2010,6,35.000000,150.000000,37.500000,152.500000,4628.050000,0.786508,0.504964,0.788885,2.080358,17.967258,0.181159,12.984779,0.308122,5.609808,0.179660,0.631944,0.483215,245.355133,0.000000,-1.000000
2010,6,35.000000,155.000000,37.500000,157.500000,1540.400000,0.000000,0.021423,0.000000,0.021423,17.543581,0.237236,12.268102,0.314657,7.491179,0.274382,0.642778,0.548429,251.943649,0.000000,-1.000000
2010,6,35.000000,160.000000,37.500000,162.500000,2423.260000,0.000000,0.314865,0.132879,0.447744,17.020827,0.136470,13.885329,0.214856,4.468247,0.102288,0.626667,0.575311,255.843063,0.000000,-1.000000
2010,6,35.000000,165.000000,37.500000,167.500000,1294.960000,0.000000,1.542133,0.118923,1.661055,17.295761,0.361082,13.430773,0.309671,4.410795,0.257377,0.456111,0.660919,260.335297,0.000000,-1.000000
2010,6,35.000000,170.000000,37.500000,172.500000,2210.350000,0.000000,0.016739,0.000000,0.016739,16.783357,0.273804,12.483724,0.247534,8.722972,0.143538,0.547222,0.548401,263.247040,0.000000,-1.000000
2010,6,35.000000,175.000000,37.500000,177.500000,1747.970000,0.000000,0.000000,0.000000,0.000000,16.456699,0.341484,13.188151,0.242050,5.308550,0.178578,0.480278,0.391060,261.546722,0.000000,-1.000000
2010,6,35.000000,-175.000000,37.500000,-172.500000,3681.570000,0.000000,0.111094,0.000000,0.111094,,,,,,,,,,0.000000,-1.000000
2010,6,35.000000,-180.000000,37.500000,-177.500000,1200.920000,0.000000,0.000000,0.000000,0.000000,,,,,,,,,,0.000000,-1.000000
2010,6,-35.000000,-155.000000,-32.500000,-152.500000,2672.800000,0.405567,2.306196,52.714382,55.426145,,,,,,,,,,0.000000,-1.000000
2010,6,-35.000000,160.000000,-32.500000,162.500000,4650.110000,0.481279,2.362310,20.520375,23.363963,19.847321,0.472172,82.936173,0.212086,3.359149,0.131328,0.468611,0.416217,223.768784,0.000000,-1.000000
2010,6,-35.000000,-160.000000,-32.500000,-157.500000,5485.400000,0.305721,0.988077,52.603092,53.896890,,,,,,,,,,0.000000,-1.000000
2010,6,-35.000000,165.000000,-32.500000,167.500000,2252.260000,0.300143,4.013302,16.206832,20.520277,18.652695,0.352753,80.675133,0.174082,2.773345,0.092641,0.458889,0.347746,230.280991,0.000000,-1.000000
2010,6,-35.000000,-165.000000,-32.500000,-162.500000,3167.760000,0.072922,0.154052,44.616385,44.843359,,,,,,,,,,0.000000,-1.000000
2010,6,-40.000000,150.000000,-37.500000,152.500000,1239.310000,11.303064,3.510825,10.307348,25.121237,,,,,,,,,,0.000000,-1.000000
2010,6,-40.000000,155.000000,-37.500000,157.500000,6485.050000,1.124741,3.174532,29.021673,33.320946,,,,,,,,,,0.000000,-1.000000
2010,6,-40.000000,160.000000,-37.500000,162.500000,4940.070000,0.863348,4.927258,21.273180,27.063787,,,,,,,,,,0.000000,-1.000000
2010,6,-40.000000,175.000000,-37.500000,177.500000,2783.270000,0.000000,0.700974,16.319653,17.020627,,,,,,,,,,0.000000,-1.000000
2010,6,-45.000000,165.000000,-42.500000,167.500000,1597.360000,0.000000,0.000000,1.995793,1.995793,,,,,,,,,,0.000000,-1.000000
2010,7,0.000000,120.000000,2.500000,122.500000,21398.320000,14.144241,2.043385,0.000000,16.187626,29.828251,0.654015,13.575386,0.279684,135.781498,0.030274,0.066418,0.114557,200.228607,-0.500000,-0.866025
2010,7,0.000000,125.000000,2.500000,127.500000,28251.560000,14.141414,2.046188,0.000000,16.187602,29.762394,0.680477,13.318201,0.444937,136.889961,0.055357,0.145796,0.166664,199.126404,-0.500000,-0.866025
2010,7,0.000000,130.000000,2.500000,132.500000,12716.860000,13.890615,3.177042,0.000000,17.067657,29.996416,0.731579,19.813967,0.539349,118.129883,0.025539,0.009169,0.168431,198.472076,-0.500000,-0.866025
2010,7,0.000000,135.000000,2.500000,137.500000,2400.350000,8.523757,8.444602,0.000000,16.968359,30.138518,0.724902,30.351888,0.276256,0.376190,0.013920,0.000000,0.154970,197.460800,-0.500000,-0.866025
2010,7,0.000000,145.000000,2.500000,147.500000,1214.820000,8.597158,14.660608,0.034573,23.292340,29.967677,0.681376,29.455195,0.257452,0.564358,0.011871,0.000000,0.115302,197.368851,-0.500000,-0.866025
2010,7,0.000000,150.000000,2.500000,152.500000,4307.220000,15.113228,18.291381,0.205469,33.610078,29.868437,0.658766,30.879901,0.160692,0.548808,0.011705,0.000000,0.130575,198.100891,-0.500000,-0.866025
2010,7,0.000000,155.000000,2.500000,157.500000,4088.400000,10.505577,10.790529,0.055523,21.351629,29.577682,0.629352,29.222619,0.205464,0.472754,0.013623,0.000000,0.179598,198.220444,-0.500000,-0.866025
2010,7,0.000000,160.000000,2.500000,162.500000,2180.020000,13.480610,10.622380,0.145412,24.248401,29.167178,0.601009,27.896420,0.219019,0.556901,0.010948,0.000000,0.193549,198.072845,-0.500000,-0.866025
2010,7,0.000000,165.000000,2.500000,167.500000,3924.040000,4.257602,14.241190,0.133281,18.632073,29.038682,0.582908,30.086816,0.268016,92.158335,0.016471,0.002779,0.208325,197.431152,-0.500000,-0.866025
2010,7,0.000000,170.000000,2.500000,172.500000,1434.670000,8.098030,15.229983,0.115009,23.443022,28.721688,0.554177,27.753532,0.270330,129.852341,0.012054,0.087636,0.236469,198.667572,-0.500000,-0.866025
2010,7,0.000000,175.000000,2.500000,177.500000,3038.710000,8.375594,16.899935,0.000000,25.275528,28.625486,0.533705,27.549696,0.255273,0.529558,0.014017,0.000000,0.211188,198.922852,-0.500000,-0.866025
2010,7,0.000000,-180.000000,2.500000,-177.500000,1603.180000,5.211517,22.191519,0.011851,27.414888,,,,,,,,,,-0.500000,-0.866025
2010,7,5.000000,115.000000,7.500000,117.500000,1947.770000,15.777017,0.108842,0.000000,15.885859,30.029160,0.717335,14.483725,0.205018,137.545832,0.031771,0.207962,0.117094,199.013840,-0.500000,-0.866025
2010,7,5.000000,120.000000,7.500000,122.500000,2784.740000,22.589182,0.788583,0.000000,23.377766,30.162386,0.754242,13.058876,0.170474,137.058655,0.021148,0.205852,0.118894,199.616318,-0.500000,-0.866025
2010,7,5.000000,125.000000,7.500000,127.500000,2205.930000,20.006075,2.371335,0.000000,22.377410,30.119880,0.669471,16.702735,0.548591,134.985884,0.111535,0.109453,0.104314,198.466324,-0.500000,-0.866025
2010,7,5.000000,130.000000,7.500000,132.500000,4463.220000,6.908689,5.918373,0.000000,12.827062,30.143209,0.709202,18.497722,0.333285,135.063148,0.064341,0.007804,0.090515,198.177689,-0.500000,-0.866025
2010,7,5.000000,135.000000,7.500000,137.500000,1615.530000,1.636615,9.596232,0.000000,11.232846,30.189334,0.730880,21.687753,0.110805,133.451241,0.014963,0.006954,0.087561,197.728912,-0.500000,-0.866025
2010,7,5.000000,145.000000,7.500000,147.500000,2251.760000,11.406633,13.615128,0.421448,25.443209,29.721804,0.711375,26.668728,0.151685,0.497987,0.027783,0.000000,0.076920,197.534348,-0.500000,-0.866025
2010,7,5.000000,150.000000,7.500000,152.500000,4493.400000,9.108915,20.606668,0.095918,29.811501,29.589139,0.696142,28.517221,0.164924,118.096041,0.040248,0.004454,0.075853,197.898041,-0.500000,-0.866025
2010,7,5.000000,155.000000,7.500000,157.500000,6053.040000,3.630738,16.967012,0.384600,20.982349,29.273799,0.660854,29.311346,0.207959,123.549333,0.053638,0.003336,0.088637,198.910004,-0.500000,-0.866025
2010,7,5.000000,-155.000000,7.500000,-152.500000,2171.010000,12.785754,16.058424,16.007757,44.851935,,,,,,,,,,-0.500000,-0.866025
2010,7,5.000000,160.000000,7.500000,162.500000,1201.180000,2.599943,14.942806,0.295543,17.838292,28.953625,0.623176,31.891929,0.237976,0.617636,0.056451,0.000000,0.153403,200.372330,-0.500000,-0.866025
2010,7,5.000000,165.000000,7.500000,167.500000,1183.470000,1.346042,18.823460,1.188032,21.357533,28.740983,0.594754,30.920136,0.247663,129.550328,0.053667,0.041643,0.181883,201.019562,-0.500000,-0.866025
2010,7,5.000000,170.000000,7.500000,172.500000,12565.480000,0.815329,13.685351,0.209622,14.710302,28.575920,0.583113,33.797512,0.259192,128.211597,0.058525,0.029255,0.148150,201.520935,-0.500000,-0.866025
2010,7,5.000000,-170.000000,7.500000,-167.500000,1014.900000,10.768549,12.940191,0.361612,24.070352,,,,,,,,,,-0.500000,-0.866025
2010,7,5.000000,175.000000,7.500000,177.500000,2754.330000,2.200898,22.148762,0.000000,24.349660,28.465438,0.543884,36.721398,0.240169,0.363660,0.049244,0.000000,0.141614,201.699356,-0.500000,-0.866025
2010,7,5.000000,-180.000000,7.500000,-177.500000,1493.600000,6.491028,19.313069,0.835565,26.639663,,,,,,,,,,-0.500000,-0.866025
2010,7,-5.000000,120.000000,-2.500000,122.500000,27412.960000,14.132622,2.054977,0.000000,16.187599,28.973546,0.624431,14.113402,0.111667,135.049533,0.016993,0.237349,0.103732,200.207520,-0.500000,-0.866025
2010,7,-5.000000,125.000000,-2.500000,127.500000,41119.440000,14.132610,2.054989,0.000000,16.187599,28.943698,0.613672,15.683444,0.252528,133.340916,0.020669,0.288854,0.169134,200.245926,-0.500000,-0.866025
2010,7,-5.000000,130.000000,-2.500000,132.500000,13706.480000,14.132585,2.055013,0.000000,16.187599,28.748092,0.635024,17.200660,0.254735,133.029988,0.052710,0.368639,0.158564,200.597717,-0.500000,-0.866025
2010,7,-5.000000,145.000000,-2.500000,147.500000,1456.260000,17.831294,0.000000,0.000000,17.831294,29.643835,0.687970,28.230623,0.489418,128.679188,0.020126,0.064728,0.269281,198.430359,-0.500000,-0.866025
2010,7,-5.000000,150.000000,-2.500000,152.500000,1566.090000,46.853629,0.220294,0.000000,47.073923,29.676080,0.674193,30.560806,0.473559,133.403418,0.028308,0.082918,0.205017,199.046799,-0.500000,-0.866025
2010,7,-5.000000,-155.000000,-2.500000,-152.500000,2836.010000,5.969655,20.862761,4.694271,31.526687,,,,,,,,,,-0.500000,-0.866025
2010,7,-5.000000,160.000000,-2.500000,162.500000,3690.010000,20.845743,11.208913,0.069919,32.124574,29.389667,0.650351,30.311536,0.555719,0.616688,0.049898,0.000000,0.170183,199.354156,-0.500000,-0.866025
2010,7,-5.000000,165.000000,-2.500000,167.500000,1207.270000,18.111939,7.883903,0.056325,26.052167,29.148588,0.632017,31.396300,0.598723,0.480932,0.055759,0.000000,0.171215,199.960663,-0.500000,-0.866025
2010,7,-5.000000,170.000000,-2.500000,172.500000,2482.700000,34.330769,7.979216,0.576791,42.886776,29.010675,0.613094,36.931226,0.591307,128.636675,0.059638,0.037904,0.178710,200.936584,-0.500000,-0.866025
2010,7,-5.000000,-170.000000,-2.500000,-167.500000,3995.590000,16.619823,12.664963,1.717894,31.002680,,,,,,,,,,-0.500000,-0.866025
2010,7,-5.000000,175.000000,-2.500000,177.500000,8165.710000,18.816000,11.719985,2.276961,32.812946,28.793838,0.595169,39.388770,0.553539,91.204524,0.057057,0.001946,0.183802,201.298416,-0.500000,-0.866025
2010,7,-5.000000,-175.000000,-2.500000,-172.500000,5603.460000,24.848754,10.987140,2.201318,38.037213,,,,,,,,,,-0.500000,-0.866025
2010,7,-5.000000,-180.000000,-2.500000,-177.500000,6132.040000,22.379339,14.277141,5.257141,41.913621,,,,,,,,,,-0.500000,-0.866025
2010,7,10.000000,110.000000,12.500000,112.500000,13917.140000,14.240570,3.654055,0.000000,17.894625,30.338688,0.778913,24.996780,0.129851,1.752494,0.046264,0.050556,0.086579,197.741257,-0.500000,-0.866025
2010,7,10.000000,115.000000,12.500000,117.500000,16109.570000,13.668832,3.230006,0.000000,16.898837,30.510793,0.732143,19.592338,0.086088,138.027579,0.037757,0.047389,0.087298,197.224716,-0.500000,-0.866025
2010,7,10.000000,125.000000,12.500000,127.500000,4404.600000,9.227853,1.477773,0.425010,11.130636,30.274318,0.903207,20.701208,0.208023,136.183016,0.077643,0.055588,0.094271,197.603058,-0.500000,-0.866025
2010,7,10.000000,130.000000,12.500000,132.500000,7717.110000,4.219066,2.475797,0.901115,7.595978,30.115138,0.892599,21.124235,0.187568,0.435337,0.072604,0.000000,0.088378,197.567749,-0.500000,-0.866025
2010,7,10.000000,135.000000,12.500000,137.500000,1516.430000,4.397829,0.233443,1.969758,6.601030,29.890977,0.884618,21.925009,0.156770,119.346297,0.053386,0.001946,0.087750,197.459885,-0.500000,-0.866025
2010,7,10.000000,150.000000,12.500000,152.500000,2313.370000,32.121969,6.075984,1.578649,39.776603,29.313191,0.856875,25.466256,0.155109,0.434533,0.046002,0.000000,0.080896,198.410431,-0.500000,-0.866025
2010,7,10.000000,-165.000000,12.500000,-162.500000,2292.260000,1.164789,8.410041,0.022249,9.597079,,,,,,,,,,-0.500000,-0.866025
2010,7,10.000000,-170.000000,12.500000,-167.500000,2083.420000,1.598334,9.951906,0.121915,11.672154,,,,,,,,,,-0.500000,-0.866025
2010,7,10.000000,175.000000,12.500000,177.500000,1208.150000,2.555974,14.249886,0.288044,17.093904,27.931170,0.739251,45.764287,0.152524,0.512120,0.028519,0.000000,0.056336,202.603592,-0.500000,-0.866025
2010,7,-10.000000,-135.000000,-7.500000,-132.500000,15637.810000,2.159446,18.803720,3.526773,24.489938,,,,,,,,,,-0.500000,-0.866025
2010,7,-10.000000,-140.000000,-7.500000,-137.500000,3285.860000,2.991606,25.705903,1.314420,30.011930,,,,,,,,,,-0.500000,-0.866025
2010,7,-10.000000,145.000000,-7.500000,147.500000,2437.120000,25.033236,0.324974,4.287438,29.645647,27.844727,0.722320,22.448625,0.343956,132.388144,0.057474,0.385686,0.184535,202.239639,-0.500000,-0.866025
2010,7,-10.000000,150.000000,-7.500000,152.500000,3071.930000,31.321677,0.611993,4.897247,36.830917,28.730502,0.676482,26.485995,0.362838,132.448925,0.059095,0.282159,0.296713,200.088913,-0.500000,-0.866025
2010,7,-10.000000,-150.000000,-7.500000,-147.500000,1937.810000,3.357398,10.595982,1.586843,15.540223,,,,,,,,,,-0.500000,-0.866025
2010,7,-10.000000,155.000000,-7.500000,157.500000,18389.240000,21.423506,1.771036,1.125713,24.320255,29.313647,0.742654,43.999183,0.228481,132.672271,0.037378,0.192628,0.268824,198.988770,-0.500000,-0.866025
2010,7,-10.000000,-155.000000,-7.500000,-152.500000,21294.530000,5.602237,20.783788,4.808794,31.194819,,,,,,,,,,-0.500000,-0.866025
2010,7,-10.000000,160.000000,-7.500000,162.500000,10501.500000,25.011760,4.000381,2.418036,31.430177,29.231063,0.737230,37.835766,0.282625,129.684387,0.076337,0.097060,0.150566,198.815399,-0.500000,-0.866025
2010,7,-10.000000,-160.000000,-7.500000,-157.500000,4484.040000,4.938850,15.528184,5.138447,25.605481,,,,,,,,,,-0.500000,-0.866025
2010,7,-10.000000,165.000000,-7.500000,167.500000,7822.890000,18.700761,4.842328,8.543390,32.086480,29.361759,0.736697,38.416405,0.289469,0.667702,0.080480,0.011667,0.113104,198.379868,-0.500000,-0.866025
2010,7,-10.000000,-165.000000,-7.500000,-162.500000,8014.560000,11.034542,6.520632,27.419347,44.974521,,,,,,,,,,-0.500000,-0.866025
2010,7,-10.000000,170.000000,-7.500000,172.500000,5874.040000,15.783175,4.770141,12.736209,33.289525,29.517719,0.772188,38.643302,0.275889,0.598644,0.047120,0.000000,0.111467,198.274918,-0.500000,-0.866025
2010,7,-10.000000,-170.000000,-7.500000,-167.500000,13301.370000,13.180522,10.212256,17.269048,40.661827,,,,,,,,,,-0.500000,-0.866025
2010,7,-10.000000,175.000000,-7.500000,177.500000,7676.680000,17.871007,6.612494,10.846225,35.329726,29.481119,0.753201,38.117196,0.160449,0.563402,0.022199,0.000000,0.117123,198.212524,-0.500000,-0.866025
2010,7,-10.000000,-175.000000,-7.500000,-172.500000,9559.870000,28.063457,12.455190,12.912519,53.431166,,,,,,,,,,-0.500000,-0.866025
2010,7,-10.000000,-180.000000,-7.500000,-177.500000,8920.350000,19.329174,10.402731,10.683886,40.415791,,,,,,,,,,-0.500000,-0.866025
2010,7,15.000000,110.000000,17.500000,112.500000,13917.140000,14.240570,3.654055,0.000000,17.894625,29.924833,0.773261,19.240746,0.345679,129.997450,0.127688,0.220652,0.109164,198.324478,-0.500000,-0.866025
2010,7,15.000000,115.000000,17.500000,117.500000,19957.190000,12.597565,2.724682,0.000000,15.322247,30.178758,0.755109,17.661929,0.147769,138.119604,0.042743,0.047632,0.088432,197.049820,-0.500000,-0.866025
2010,7,15.000000,125.000000,17.500000,127.500000,3497.510000,5.224860,0.424588,0.620727,6.270175,30.362560,1.122278,21.598544,0.188567,0.740507,0.103625,0.001389,0.099031,196.741608,-0.500000,-0.866025
2010,7,15.000000,130.000000,17.500000,132.500000,2225.900000,2.191922,0.248888,1.786244,4.227054,30.253036,1.096999,22.156185,0.194280,0.618887,0.063106,0.000000,0.093457,196.970093,-0.500000,-0.866025
2010,7,15.000000,135.000000,17.500000,137.500000,5992.000000,3.899032,0.909880,19.313919,24.122830,29.962429,1.046942,21.567220,0.189462,0.785488,0.065913,0.002500,0.091751,197.124252,-0.500000,-0.866025
2010,7,15.000000,140.000000,17.500000,142.500000,1441.450000,3.705990,1.646953,28.455375,33.808318,29.775326,0.976441,22.534233,0.159118,0.523206,0.055133,0.000000,0.090749,197.405884,-0.500000,-0.866025
2010,7,15.000000,150.000000,17.500000,152.500000,6789.240000,4.839422,0.838680,27.905922,33.584024,29.199284,0.909714,25.851680,0.130898,0.387242,0.039055,0.000000,0.083976,198.392395,-0.500000,-0.866025
2010,7,15.000000,155.000000,17.500000,157.500000,1550.490000,5.280266,1.268631,23.584157,30.133055,28.907558,0.885476,26.017243,0.114513,0.484549,0.033182,0.000000,0.084989,199.234985,-0.500000,-0.866025
2010,7,15.000000,-160.000000,17.500000,-157.500000,2841.500000,2.754883,10.462784,0.829140,14.046806,,,,,,,,,,-0.500000,-0.866025
2010,7,15.000000,-165.000000,17.500000,-162.500000,3456.480000,6.589363,6.580105,4.464947,17.634414,,,,,,,,,,-0.500000,-0.866025
2010,7,-15.000000,-135.000000,-12.500000,-132.500000,12584.910000,2.480987,21.711002,6.057334,30.249322,,,,,,,,,,-0.500000,-0.866025
2010,7,-15.000000,150.000000,-12.500000,152.500000,2703.250000,28.544530,1.719782,18.449274,48.713585,27.092407,0.700244,43.977502,0.206682,123.603216,0.031071,0.159797,0.095889,203.811813,-0.500000,-0.866025
2010,7,-15.000000,-150.000000,-12.500000,-147.500000,2382.310000,2.472390,7.919204,8.582426,18.974021,,,,,,,,,,-0.500000,-0.866025
2010,7,-15.000000,155.000000,-12.500000,157.500000,13755.420000,30.539089,2.762766,15.097976,48.399831,27.784693,0.617996,46.500716,0.265308,2.884050,0.060508,0.161944,0.201005,201.592285,-0.500000,-0.866025
2010,7,-15.000000,-155.000000,-12.500000,-152.500000,5462.100000,5.613409,15.787151,11.224071,32.624632,,,,,,,,,,-0.500000,-0.866025
2010,7,-15.000000,160.000000,-12.500000,162.500000,11717.110000,15.027682,3.328039,20.092327,38.448047,27.956440,0.603258,44.328416,0.177901,127.369142,0.026890,0.142536,0.116051,201.345459,-0.500000,-0.866025
2010,7,-15.000000,-160.000000,-12.500000,-157.500000,3514.000000,6.728799,6.313887,34.915481,47.958167,,,,,,,,,,-0.500000,-0.866025
2010,7,-15.000000,165.000000,-12.500000,167.500000,23465.110000,23.437606,3.320590,15.959823,42.718018,28.139535,0.614154,42.676840,0.217104,123.243889,0.054765,0.034897,0.083379,200.838089,-0.500000,-0.866025
2010,7,-15.000000,-165.000000,-12.500000,-162.500000,2980.750000,5.285918,2.770108,28.919567,36.975593,,,,,,,,,,-0.500000,-0.866025
2010,7,-15.000000,170.000000,-12.500000,172.500000,27183.070000,24.695040,2.502845,14.350954,41.548839,28.440926,0.631511,40.194362,0.214398,0.695822,0.047254,0.000833,0.076612,200.467575,-0.500000,-0.866025
2010,7,-15.000000,-170.000000,-12.500000,-167.500000,10343.120000,3.821381,1.587432,41.865317,47.274130,,,,,,,,,,-0.500000,-0.866025
2010,7,-15.000000,175.000000,-12.500000,177.500000,4590.320000,33.215114,5.157157,12.361230,50.733500,28.632477,0.658217,37.989612,0.176968,0.605661,0.031152,0.000000,0.077727,200.021790,-0.500000,-0.866025
2010,7,-15.000000,-175.000000,-12.500000,-172.500000,10036.950000,6.739498,2.301496,44.455736,53.496730,,,,,,,,,,-0.500000,-0.866025
2010,7,20.000000,115.000000,22.500000,117.500000,2193.660000,12.501482,0.075673,0.000000,12.577154,28.922426,0.578130,12.244378,0.271914,128.374798,0.131717,0.386185,0.360834,201.843079,-0.500000,-0.866025
2010,7,20.000000,120.000000,22.500000,122.500000,3640.430000,11.961224,0.248048,0.020602,12.229874,29.749145,0.980070,14.258527,0.373237,132.875445,0.214130,0.204717,0.145959,198.046494,-0.500000,-0.866025
2010,7,20.000000,125.000000,22.500000,127.500000,2273.230000,3.917773,1.459157,2.114612,7.491543,29.581683,1.088274,14.843337,0.286288,91.715944,0.121821,0.130628,0.096710,198.598862,-0.500000,-0.866025
2010,7,20.000000,130.000000,22.500000,132.500000,1290.330000,3.849403,1.135368,15.441011,20.425783,29.663103,1.064285,15.305499,0.219886,1.463517,0.138945,0.136667,0.088380,198.820038,-0.500000,-0.866025
2010,7,20.000000,135.000000,22.500000,137.500000,2175.720000,3.696248,0.318515,16.240601,20.255364,29.551785,1.017547,14.751249,0.187262,1.867009,0.069646,0.076944,0.088064,198.956955,-0.500000,-0.866025
2010,7,20.000000,140.000000,22.500000,142.500000,2276.100000,9.188964,0.487676,14.877202,24.553842,29.220801,0.946070,15.626682,0.192586,56.299003,0.081962,0.158655,0.089948,199.653183,-0.500000,-0.866025
2010,7,20.000000,145.000000,22.500000,147.500000,3369.650000,4.341400,0.757052,14.287537,19.385990,29.014836,0.947254,17.751473,0.188055,1.064542,0.095785,0.040833,0.087191,199.637695,-0.500000,-0.866025
2010,7,20.000000,150.000000,22.500000,152.500000,5637.790000,5.406019,0.993297,22.378095,28.777411,28.551680,0.911334,19.213692,0.166128,1.812470,0.069252,0.120000,0.083675,200.214920,-0.500000,-0.866025
2010,7,20.000000,155.000000,22.500000,157.500000,2574.540000,4.697150,0.537572,18.970768,24.205489,28.528234,0.926209,21.650764,0.168871,1.068266,0.067903,0.037222,0.082383,200.711380,-0.500000,-0.866025
2010,7,20.000000,160.000000,22.500000,162.500000,1232.230000,3.001875,0.194769,3.143894,6.340537,28.424850,0.878812,23.143713,0.170645,1.512825,0.069500,0.028333,0.081708,201.038422,-0.500000,-0.866025
2010,7,-20.000000,-145.000000,-17.500000,-142.500000,1254.680000,0.529219,1.142921,29.951063,31.623203,,,,,,,,,,-0.500000,-0.866025
2010,7,-20.000000,-150.000000,-17.500000,-147.500000,4793.980000,1.678772,1.833341,26.189095,29.701209,,,,,,,,,,-0.500000,-0.866025
2010,7,-20.000000,155.000000,-17.500000,157.500000,1708.070000,20.239217,2.136329,34.327047,56.702594,25.688205,0.767894,65.185759,0.155978,2.586442,0.055555,0.271944,0.085123,208.381653,-0.500000,-0.866025
2010,7,-20.000000,-155.000000,-17.500000,-152.500000,5830.380000,1.620135,2.224040,25.261132,29.105307,,,,,,,,,,-0.500000,-0.866025
2010,7,-20.000000,160.000000,-17.500000,162.500000,3757.150000,21.434598,2.295091,34.811227,58.540915,25.753552,0.699204,57.685837,0.174921,50.553314,0.067045,0.283412,0.086557,208.008728,-0.500000,-0.866025
2010,7,-20.000000,165.000000,-17.500000,167.500000,13424.080000,3.192100,1.412760,24.306619,28.911478,26.565030,0.728099,56.976250,0.164454,123.175396,0.057721,0.354053,0.072806,205.503189,-0.500000,-0.866025
2010,7,-20.000000,170.000000,-17.500000,172.500000,12988.390000,6.543151,1.167812,33.709567,41.420530,26.642048,0.750438,62.145564,0.146375,3.463885,0.039437,0.277500,0.072992,204.416290,-0.500000,-0.866025
2010,7,-20.000000,175.000000,-17.500000,177.500000,9185.380000,6.953332,2.480681,21.652996,31.087010,26.760423,0.743266,63.474021,0.107252,121.081351,0.020760,0.306314,0.083674,204.534409,-0.500000,-0.866025
2010,7,-20.000000,-175.000000,-17.500000,-172.500000,1672.140000,14.746373,2.701927,53.393257,70.841556,,,,,,,,,,-0.500000,-0.866025
2010,7,-20.000000,-180.000000,-17.500000,-177.500000,2058.710000,11.942430,2.001253,17.881586,31.825269,,,,,,,,,,-0.500000,-0.866025
2010,7,25.000000,125.000000,27.500000,127.500000,5238.030000,18.771370,0.167620,0.716300,19.655290,28.304017,0.892629,12.012304,0.319002,128.656965,0.260090,0.301320,0.127102,201.316406,-0.500000,-0.866025
2010,7,25.000000,130.000000,27.500000,132.500000,7294.950000,19.801507,0.279783,1.119816,21.201105,28.308773,1.112431,11.761329,0.250609,56.931625,0.138482,0.078077,0.118551,202.503281,-0.500000,-0.866025
2010,7,25.000000,135.000000,27.500000,137.500000,1079.830000,4.788717,0.083346,1.410407,6.282470,27.988697,1.116035,11.227591,0.132783,2.645175,0.097585,0.150000,0.112938,203.488159,-0.500000,-0.866025
2010,7,25.000000,145.000000,27.500000,147.500000,5527.980000,2.420414,0.350942,0.184516,2.955872,27.945944,0.977706,13.559205,0.135893,2.719588,0.072545,0.155000,0.096416,205.741302,-0.500000,-0.866025
2010,7,25.000000,150.000000,27.500000,152.500000,3716.170000,2.698477,0.089070,0.133202,2.920749,27.670341,0.879202,12.373942,0.163238,1.915261,0.098209,0.136389,0.095094,205.243179,-0.500000,-0.866025
2010,7,25.000000,155.000000,27.500000,157.500000,2004.310000,0.768843,0.177118,0.000000,0.945961,27.677993,0.889580,13.762831,0.155346,2.324586,0.065227,0.133611,0.095435,206.287582,-0.500000,-0.866025
2010,7,25.000000,160.000000,27.500000,162.500000,2827.770000,2.384565,0.323930,0.108212,2.816707,27.728636,0.872669,14.613407,0.161103,2.006540,0.068984,0.168611,0.096190,206.673325,-0.500000,-0.866025
2010,7,25.000000,-160.000000,27.500000,-157.500000,1797.100000,0.514162,10.393412,0.406766,11.314340,,,,,,,,,,-0.500000,-0.866025
2010,7,25.000000,-165.000000,27.500000,-162.500000,8519.050000,0.141565,15.038179,0.860542,16.040286,,,,,,,,,,-0.500000,-0.866025
2010,7,25.000000,-170.000000,27.500000,-167.500000,3753.650000,0.267473,18.927710,0.516564,19.711747,,,,,,,,,,-0.500000,-0.866025
2010,7,-25.000000,-155.000000,-22.500000,-152.500000,1057.850000,1.648627,2.174221,29.134565,32.957414,,,,,,,,,,-0.500000,-0.866025
2010,7,-25.000000,165.000000,-22.500000,167.500000,3651.010000,16.685520,1.664197,47.066428,65.416145,23.815373,0.760301,67.284166,0.149127,111.309841,0.071010,0.432793,0.144375,215.548569,-0.500000,-0.866025
2010,7,-25.000000,170.000000,-22.500000,172.500000,6991.020000,0.690028,1.040764,37.367509,39.098300,23.387626,0.674232,70.124290,0.165584,2.660658,0.094797,0.433333,0.081293,215.412811,-0.500000,-0.866025
2010,7,-25.000000,175.000000,-22.500000,177.500000,13174.020000,1.448988,0.580309,39.524003,41.553300,23.841207,0.702531,68.781009,0.140028,3.030703,0.072135,0.407222,0.065521,214.038498,-0.500000,-0.866025
2010,7,-25.000000,-175.000000,-22.500000,-172.500000,1133.120000,1.449096,0.899287,42.535654,44.884037,,,,,,,,,,-0.500000,-0.866025
2010,7,-25.000000,-180.000000,-22.500000,-177.500000,1336.940000,6.486454,2.000090,24.354870,32.841414,,,,,,,,,,-0.500000,-0.866025
2010,7,30.000000,130.000000,32.500000,132.500000,2350.480000,19.972942,0.265052,0.191876,20.429870,26.805447,0.748891,10.596215,0.468728,123.946341,0.394959,0.587283,0.286287,209.637619,-0.500000,-0.866025
2010,7,30.000000,145.000000,32.500000,147.500000,2084.520000,1.940495,0.238424,0.832326,3.011245,26.184787,0.974152,11.122047,0.261142,2.073836,0.201020,0.197500,0.123105,212.678482,-0.500000,-0.866025
2010,7,30.000000,150.000000,32.500000,152.500000,1193.980000,0.958978,0.075378,0.000000,1.034356,26.036439,0.904810,10.849882,0.320484,2.729880,0.216703,0.219444,0.113037,214.663086,-0.500000,-0.866025
2010,7,30.000000,155.000000,32.500000,157.500000,3032.320000,0.634168,0.377599,0.529298,1.541064,25.723635,0.906261,10.979034,0.259743,2.429495,0.154916,0.302500,0.099494,215.808929,-0.500000,-0.866025
2010,7,30.000000,-160.000000,32.500000,-157.500000,1771.910000,0.108922,12.119126,0.252270,12.480318,,,,,,,,,,-0.500000,-0.866025
2010,7,30.000000,-165.000000,32.500000,-162.500000,1813.360000,0.122976,11.337517,0.229408,11.689902,,,,,,,,,,-0.500000,-0.866025
2010,7,-30.000000,150.000000,-27.500000,152.500000,2010.790000,11.548197,7.290667,12.341915,31.180780,22.251967,0.567372,55.080556,0.383182,99.375208,0.178202,0.747755,0.465941,215.580444,-0.500000,-0.866025
2010,7,-30.000000,155.000000,-27.500000,157.500000,1353.770000,1.876242,3.657194,24.967314,30.500750,21.822686,0.718167,81.809404,0.244775,3.264564,0.126336,0.444444,0.305517,221.959473,-0.500000,-0.866025
2010,7,-30.000000,-155.000000,-27.500000,-152.500000,10328.930000,0.905709,0.721662,61.572012,63.199383,,,,,,,,,,-0.500000,-0.866025
2010,7,-30.000000,160.000000,-27.500000,162.500000,11774.940000,1.210707,1.547609,42.469346,45.227661,20.850935,0.585300,86.420624,0.152893,2.222745,0.060506,0.343889,0.169496,226.149399,-0.500000,-0.866025
2010,7,-30.000000,-160.000000,-27.500000,-157.500000,8661.840000,0.466414,0.787015,54.192065,55.445494,,,,,,,,,,-0.500000,-0.866025
2010,7,-30.000000,-165.000000,-27.500000,-162.500000,6325.950000,0.330701,0.852836,45.133300,46.316838,,,,,,,,,,-0.500000,-0.866025
2010,7,-30.000000,170.000000,-27.500000,172.500000,21444.820000,0.308699,1.231253,39.789935,41.329888,20.565619,0.587520,85.165889,0.147161,3.764776,0.111745,0.393056,0.102922,228.511139,-0.500000,-0.866025
2010,7,-30.000000,-170.000000,-27.500000,-167.500000,6004.750000,0.402515,0.695449,36.644656,37.742620,,,,,,,,,,-0.500000,-0.866025
2010,7,-30.000000,175.000000,-27.500000,177.500000,21475.850000,0.729750,1.395474,36.676499,38.801724,20.715775,0.553908,73.264984,0.158472,3.415880,0.117181,0.493056,0.091433,229.063049,-0.500000,-0.866025
2010,7,-30.000000,-175.000000,-27.500000,-172.500000,21133.570000,0.376652,0.745165,44.253385,45.375202,,,,,,,,,,-0.500000,-0.866025
2010,7,-30.000000,-180.000000,-27.500000,-177.500000,1247.790000,0.620297,1.465792,42.164948,44.251036,,,,,,,,,,-0.500000,-0.866025
2010,7,35.000000,140.000000,37.500000,142.500000,2588.670000,0.000000,0.000000,0.000000,0.000000,22.737795,0.163478,10.672697,0.451672,113.090408,0.309856,0.721492,0.307513,217.902679,-0.500000,-0.866025
2010,7,35.000000,145.000000,37.500000,147.500000,1937.580000,0.307600,0.049546,0.552751,0.909898,22.797947,0.253262,10.660836,0.394762,9.555742,0.330360,0.690000,0.138228,220.672592,-0.500000,-0.866025
2010,7,35.000000,150.000000,37.500000,152.500000,3541.190000,2.570322,0.318819,0.159551,3.048693,22.324628,0.300893,10.772992,0.302608,4.050365,0.313392,0.636111,0.123196,223.178848,-0.500000,-0.866025
2010,7,35.000000,155.000000,37.500000,157.500000,3053.350000,1.580559,1.044099,0.096943,2.721601,21.627694,0.233865,10.727045,0.326979,5.024819,0.213631,0.651944,0.177133,230.019333,-0.500000,-0.866025
2010,7,35.000000,160.000000,37.500000,162.500000,2823.420000,3.268377,1.605146,0.196924,5.070446,21.219645,0.209374,10.909689,0.255044,4.197689,0.114168,0.628889,0.200904,233.901703,-0.500000,-0.866025
2010,7,35.000000,165.000000,37.500000,167.500000,4442.190000,0.029265,23.357398,4.242502,27.629165,21.265170,0.439265,11.192494,0.319072,5.091415,0.257844,0.475000,0.287713,239.326035,-0.500000,-0.866025
2010,7,35.000000,175.000000,37.500000,177.500000,1907.250000,0.000000,0.408441,0.000000,0.408441,20.292325,0.405802,10.974880,0.246908,5.477494,0.195010,0.659167,0.276271,243.602905,-0.500000,-0.866025
2010,7,-35.000000,150.000000,-32.500000,152.500000,1546.680000,20.181292,5.385083,16.741019,42.307394,20.120493,0.483139,70.180996,0.319420,89.039590,0.167385,0.703722,0.480871,219.129410,-0.500000,-0.866025
2010,7,-35.000000,160.000000,-32.500000,162.500000,3718.590000,0.201152,2.278014,29.364087,31.843252,18.950843,0.483964,95.174223,0.222608,4.914715,0.126057,0.599722,0.417403,225.851837,-0.500000,-0.866025
2010,7,-35.000000,170.000000,-32.500000,172.500000,1125.510000,0.046201,5.943972,20.954056,26.944230,17.717192,0.393079,107.780739,0.142679,70.351270,0.093289,0.463428,0.334371,235.035614,-0.500000,-0.866025
2010,7,-35.000000,175.000000,-32.500000,177.500000,2141.790000,0.024279,6.171940,14.867004,21.063223,17.500203,0.353524,98.560421,0.144714,3.030408,0.070896,0.483056,0.354787,234.188889,-0.500000,-0.866025
2010,7,-40.000000,175.000000,-37.500000,177.500000,3338.750000,0.000000,0.219843,16.304306,16.524148,,,,,,,,,,-0.500000,-0.866025
2010,8,0.000000,120.000000,2.500000,122.500000,24606.450000,12.300149,1.776973,0.000000,14.077122,29.687013,0.657493,15.160653,0.193106,134.663541,0.024121,0.069522,0.116269,200.016586,-0.866025,-0.500000
2010,8,0.000000,125.000000,2.500000,127.500000,32487.160000,12.297689,1.779411,0.000000,14.077100,29.600193,0.684002,13.211672,0.386099,136.146102,0.047598,0.129764,0.159834,199.974304,-0.866025,-0.500000
2010,8,0.000000,130.000000,2.500000,132.500000,12423.180000,12.805658,2.214892,0.000000,15.020550,29.821570,0.736216,15.037384,0.558668,117.861804,0.026821,0.012226,0.146258,199.091446,-0.866025,-0.500000
2010,8,0.000000,135.000000,2.500000,137.500000,4462.780000,8.325528,11.386400,0.140944,19.852872,29.939477,0.722279,22.541905,0.311909,0.464517,0.014607,0.000000,0.156522,198.289856,-0.866025,-0.500000
2010,8,0.000000,145.000000,2.500000,147.500000,4024.200000,15.430893,14.051240,0.045475,29.527608,29.881592,0.685832,24.525184,0.294109,0.307403,0.016849,0.000000,0.119428,197.720764,-0.866025,-0.500000
2010,8,0.000000,150.000000,2.500000,152.500000,5947.570000,9.666637,12.656429,0.072971,22.396037,29.675189,0.654899,24.508780,0.174663,0.459061,0.014368,0.000000,0.132503,197.898804,-0.866025,-0.500000
2010,8,0.000000,155.000000,2.500000,157.500000,1424.100000,6.777614,11.285022,0.103223,18.165859,29.354468,0.635719,22.615658,0.323827,0.533458,0.011993,0.000000,0.193877,198.485504,-0.866025,-0.500000
2010,8,0.000000,-155.000000,2.500000,-152.500000,1146.340000,3.530366,22.536944,0.000000,26.067310,,,,,,,,,,-0.866025,-0.500000
2010,8,0.000000,165.000000,2.500000,167.500000,1354.890000,7.295057,9.270863,0.078235,16.644156,28.655210,0.583479,25.974111,0.271287,91.034512,0.021557,0.004169,0.227132,197.854492,-0.866025,-0.500000
2010,8,0.000000,-165.000000,2.500000,-162.500000,1317.180000,19.725474,24.248774,0.176893,44.151141,,,,,,,,,,-0.866025,-0.500000
2010,8,0.000000,175.000000,2.500000,177.500000,1365.880000,17.628196,6.774387,0.020500,24.423083,28.299809,0.564833,35.322421,0.463456,0.646456,0.045051,0.004722,0.243965,199.284760,-0.866025,-0.500000
2010,8,0.000000,-175.000000,2.500000,-172.500000,1089.900000,12.670887,10.514726,0.270667,23.456280,,,,,,,,,,-0.866025,-0.500000
2010,8,5.000000,115.000000,7.500000,117.500000,2381.740000,18.775769,0.395929,0.435396,19.607094,29.696883,0.743498,16.866923,0.147811,135.583582,0.023733,0.130748,0.114733,199.127197,-0.866025,-0.500000
2010,8,5.000000,120.000000,7.500000,122.500000,2625.710000,12.248116,0.321818,0.073123,12.643057,29.926829,0.757687,15.849875,0.163163,136.370444,0.025370,0.179690,0.112089,199.212173,-0.866025,-0.500000
2010,8,5.000000,125.000000,7.500000,127.500000,1659.860000,12.072102,2.502621,0.094586,14.669309,29.802242,0.679013,18.015133,0.503979,133.455174,0.092303,0.081592,0.098883,198.547821,-0.866025,-0.500000
2010,8,5.000000,130.000000,7.500000,132.500000,2775.830000,7.072119,4.028705,0.109877,11.210701,29.839809,0.673544,17.776522,0.346346,134.526626,0.052893,0.008082,0.088117,198.344421,-0.866025,-0.500000
2010,8,5.000000,135.000000,7.500000,137.500000,3533.690000,4.060062,12.040388,0.000000,16.100450,29.917864,0.715238,20.365015,0.127114,132.699486,0.021892,0.008067,0.084694,197.748016,-0.866025,-0.500000
2010,8,5.000000,145.000000,7.500000,147.500000,1676.860000,5.164414,13.150770,0.666722,18.981907,29.689980,0.686652,23.101029,0.130918,0.432063,0.029646,0.000000,0.077864,197.774338,-0.866025,-0.500000
2010,8,5.000000,150.000000,7.500000,152.500000,2482.200000,4.324390,12.886149,0.101523,17.312062,29.407255,0.663338,23.420323,0.154227,117.682952,0.042252,0.004454,0.073476,198.159409,-0.866025,-0.500000
2010,8,5.000000,155.000000,7.500000,157.500000,5311.440000,2.217478,12.239430,0.594377,15.051286,29.130864,0.631131,23.569929,0.209392,123.383585,0.046223,0.003336,0.080990,198.847977,-0.866025,-0.500000
2010,8,5.000000,-155.000000,7.500000,-152.500000,1294.270000,2.377402,18.163134,0.000000,20.540536,,,,,,,,,,-0.866025,-0.500000
2010,8,5.000000,-160.000000,7.500000,-157.500000,1626.150000,1.488178,25.626787,0.000000,27.114965,,,,,,,,,,-0.866025,-0.500000
2010,8,5.000000,170.000000,7.500000,172.500000,14207.930000,2.940682,13.580444,0.268090,16.789216,28.799649,0.593358,27.200235,0.186695,129.511349,0.024442,0.027848,0.185465,201.766174,-0.866025,-0.500000
2010,8,5.000000,175.000000,7.500000,177.500000,3135.760000,2.690576,14.629308,0.245555,17.565439,28.781768,0.593424,38.342058,0.169790,0.552455,0.040010,0.000000,0.158034,202.080383,-0.866025,-0.500000
2010,8,-5.000000,120.000000,-2.500000,122.500000,31522.830000,12.290045,1.787054,0.000000,14.077099,28.629959,0.630793,13.376545,0.138507,134.046939,0.012896,0.338956,0.112582,201.301926,-0.866025,-0.500000
2010,8,-5.000000,125.000000,-2.500000,127.500000,47284.240000,12.290036,1.787065,0.000000,14.077101,28.655795,0.621988,15.476003,0.208700,132.020459,0.016674,0.308050,0.175804,200.566681,-0.866025,-0.500000
2010,8,-5.000000,130.000000,-2.500000,132.500000,15761.410000,12.290017,1.787086,0.000000,14.077104,28.612812,0.643241,15.532432,0.234657,133.380182,0.046510,0.388084,0.171631,200.692215,-0.866025,-0.500000
2010,8,-5.000000,135.000000,-2.500000,137.500000,1127.600000,20.151650,1.652182,0.000000,21.803831,29.233240,0.705247,20.573178,0.556230,132.725038,0.038183,0.199408,0.331233,201.116501,-0.866025,-0.500000
2010,8,-5.000000,150.000000,-2.500000,152.500000,2059.970000,33.581557,5.855911,0.196605,39.634072,29.397772,0.680978,25.450900,0.463335,132.219656,0.028659,0.084090,0.238166,199.343338,-0.866025,-0.500000
2010,8,-5.000000,-155.000000,-2.500000,-152.500000,7536.300000,6.169473,26.492576,4.882369,37.544418,,,,,,,,,,-0.866025,-0.500000
2010,8,-5.000000,160.000000,-2.500000,162.500000,2234.910000,13.350873,23.296688,0.147657,36.795218,28.796791,0.645905,32.497467,0.518887,0.403908,0.051298,0.000000,0.188148,199.258087,-0.866025,-0.500000
2010,8,-5.000000,165.000000,-2.500000,167.500000,3267.110000,19.377676,9.963852,0.223745,29.565273,28.527169,0.622540,36.635056,0.556980,0.570781,0.061264,0.000000,0.194669,199.759949,-0.866025,-0.500000
2010,8,-5.000000,-165.000000,-2.500000,-162.500000,2234.990000,3.613439,12.206319,0.217898,16.037656,,,,,,,,,,-0.866025,-0.500000
2010,8,-5.000000,170.000000,-2.500000,172.500000,5336.940000,16.265126,8.274030,0.568678,25.107833,28.288970,0.595083,36.854121,0.575833,125.360660,0.059800,0.043478,0.202381,199.981003,-0.866025,-0.500000
2010,8,-5.000000,-170.000000,-2.500000,-167.500000,2716.420000,8.271917,12.948292,0.328005,21.548214,,,,,,,,,,-0.866025,-0.500000
2010,8,-5.000000,175.000000,-2.500000,177.500000,10606.070000,20.777913,8.740089,1.830367,31.348369,28.201571,0.572901,39.312855,0.551227,88.974043,0.053559,0.001668,0.207329,200.507370,-0.866025,-0.500000
2010,8,-5.000000,-175.000000,-2.500000,-172.500000,2581.560000,14.970018,9.157254,1.233750,25.361022,,,,,,,,,,-0.866025,-0.500000
2010,8,-5.000000,-180.000000,-2.500000,-177.500000,2157.140000,16.023995,10.580213,2.500070,29.104277,,,,,,,,,,-0.866025,-0.500000
2010,8,10.000000,110.000000,12.500000,112.500000,16815.370000,11.786122,3.024257,0.000000,14.810379,29.561481,0.744398,21.207398,0.130742,0.916738,0.040808,0.026389,0.090207,199.225708,-0.866025,-0.500000
2010,8,10.000000,115.000000,12.500000,117.500000,16815.370000,11.786122,3.024257,0.000000,14.810379,29.696366,0.746482,21.396386,0.096405,134.848938,0.028249,0.038593,0.087164,198.133942,-0.866025,-0.500000
2010,8,10.000000,120.000000,12.500000,122.500000,1793.750000,38.966411,0.286551,0.000000,39.252962,29.862161,0.797932,13.634822,0.091357,135.975748,0.059864,0.398842,0.178062,197.494568,-0.866025,-0.500000
2010,8,10.000000,125.000000,12.500000,127.500000,2024.140000,7.519243,1.166421,0.046934,8.732598,29.850426,0.892062,19.742269,0.124703,134.071131,0.059674,0.050955,0.094462,197.734970,-0.866025,-0.500000
2010,8,10.000000,130.000000,12.500000,132.500000,10029.910000,1.680374,1.611779,5.309619,8.601772,29.718688,0.879120,21.709300,0.149939,0.588171,0.059215,0.000556,0.085627,197.736816,-0.866025,-0.500000
2010,8,10.000000,135.000000,12.500000,137.500000,1162.600000,2.958025,1.789954,9.163943,13.911922,29.753759,0.866549,20.478540,0.132745,118.640952,0.046884,0.001946,0.088104,197.730148,-0.866025,-0.500000
2010,8,10.000000,145.000000,12.500000,147.500000,1513.870000,40.223401,6.956344,1.261667,48.441412,29.492770,0.863752,21.185046,0.152293,93.238140,0.049269,0.004447,0.081408,198.170120,-0.866025,-0.500000
2010,8,10.000000,155.000000,12.500000,157.500000,1110.140000,2.579855,0.777379,0.000000,3.357234,29.099185,0.808461,26.088283,0.148962,0.275526,0.045415,0.000000,0.078173,198.997849,-0.866025,-0.500000
2010,8,10.000000,170.000000,12.500000,172.500000,1271.940000,4.496281,17.379751,3.316194,25.192226,28.329709,0.759237,33.361846,0.174166,56.922830,0.040898,0.003056,0.058233,201.168976,-0.866025,-0.500000
2010,8,10.000000,-170.000000,12.500000,-167.500000,1229.610000,0.195184,0.172412,0.000000,0.367596,,,,,,,,,,-0.866025,-0.500000
2010,8,10.000000,175.000000,12.500000,177.500000,2144.480000,8.929437,17.607532,3.608334,30.145303,28.037903,0.709501,37.321002,0.191801,0.255095,0.063968,0.000000,0.075258,202.397873,-0.866025,-0.500000
2010,8,10.000000,-175.000000,12.500000,-172.500000,2343.910000,1.684792,0.769654,0.000000,2.454446,,,,,,,,,,-0.866025,-0.500000
2010,8,-10.000000,-135.000000,-7.500000,-132.500000,8196.590000,3.059321,15.576356,6.955331,25.591008,,,,,,,,,,-0.866025,-0.500000
2010,8,-10.000000,-140.000000,-7.500000,-137.500000,1073.050000,4.311076,23.240296,0.911421,28.462793,,,,,,,,,,-0.866025,-0.500000
2010,8,-10.000000,145.000000,-7.500000,147.500000,1373.270000,27.151252,0.856350,0.578182,28.585784,27.847352,0.735787,16.577831,0.311421,131.683169,0.056227,0.354374,0.215664,203.053329,-0.866025,-0.500000
2010,8,-10.000000,-145.000000,-7.500000,-142.500000,1125.550000,3.830127,19.279463,4.600418,27.710008,,,,,,,,,,-0.866025,-0.500000
2010,8,-10.000000,-150.000000,-7.500000,-147.500000,3889.350000,2.235078,14.123183,6.321622,22.679882,,,,,,,,,,-0.866025,-0.500000
2010,8,-10.000000,155.000000,-7.500000,157.500000,22423.020000,33.101652,2.128884,0.870177,36.100713,28.867505,0.723976,32.071426,0.158349,130.340171,0.044201,0.166171,0.354035,199.355057,-0.866025,-0.500000
2010,8,-10.000000,-155.000000,-7.500000,-152.500000,20131.630000,9.573989,19.617537,5.715533,34.907059,,,,,,,,,,-0.866025,-0.500000
2010,8,-10.000000,160.000000,-7.500000,162.500000,12027.350000,26.029341,4.554536,0.947923,31.531800,28.875573,0.724642,30.375589,0.197397,129.094371,0.051553,0.065658,0.220983,198.879532,-0.866025,-0.500000
2010,8,-10.000000,-160.000000,-7.500000,-157.500000,2154.280000,7.693986,7.475351,8.539744,23.709081,,,,,,,,,,-0.866025,-0.500000
2010,8,-10.000000,165.000000,-7.500000,167.500000,12351.460000,18.100451,5.861412,4.024949,27.986813,29.047294,0.736448,37.212577,0.201705,0.898856,0.048805,0.085000,0.150618,198.839981,-0.866025,-0.500000
2010,8,-10.000000,-165.000000,-7.500000,-162.500000,4030.760000,5.984231,8.795364,12.685201,27.464796,,,,,,,,,,-0.866025,-0.500000
2010,8,-10.000000,170.000000,-7.500000,172.500000,14136.000000,21.062677,7.924165,2.255872,31.242714,29.094628,0.757734,38.691029,0.169741,0.479953,0.021330,0.000000,0.145712,198.457733,-0.866025,-0.500000
2010,8,-10.000000,-170.000000,-7.500000,-167.500000,7103.900000,6.507411,11.980321,3.332254,21.819986,,,,,,,,,,-0.866025,-0.500000
2010,8,-10.000000,175.000000,-7.500000,177.500000,11902.640000,13.479615,9.526458,8.848289,31.854362,29.027939,0.744459,36.617296,0.168634,0.552382,0.022275,0.000000,0.138615,198.639297,-0.866025,-0.500000
2010,8,-10.000000,-175.000000,-7.500000,-172.500000,9101.250000,11.172421,18.920808,5.023376,35.116605,,,,,,,,,,-0.866025,-0.500000
2010,8,-10.000000,-180.000000,-7.500000,-177.500000,8792.240000,10.531446,15.248674,7.233083,33.013203,,,,,,,,,,-0.866025,-0.500000
2010,8,15.000000,110.000000,17.500000,112.500000,16815.370000,11.786122,3.024257,0.000000,14.810379,29.676093,0.782032,17.135127,0.266408,129.541829,0.113990,0.160946,0.096006,199.012390,-0.866025,-0.500000
2010,8,15.000000,115.000000,17.500000,117.500000,20316.200000,11.031148,2.555694,0.000000,13.586842,29.841844,0.774123,17.663375,0.132282,135.028782,0.044220,0.037047,0.083744,197.542206,-0.866025,-0.500000
2010,8,15.000000,120.000000,17.500000,122.500000,2493.590000,21.247679,0.188082,0.000000,21.435761,30.213840,1.001580,18.192069,0.253163,137.128407,0.154586,0.106094,0.123121,197.071335,-0.866025,-0.500000
2010,8,15.000000,125.000000,17.500000,127.500000,1309.850000,2.669008,0.097721,0.577929,3.344658,30.065517,1.091761,19.573810,0.129077,0.432998,0.063961,0.000000,0.099249,197.034042,-0.866025,-0.500000
2010,8,15.000000,130.000000,17.500000,132.500000,2768.930000,1.409570,0.651515,6.488427,8.549512,29.938727,1.061190,21.876728,0.161797,0.539560,0.074271,0.000000,0.092410,197.326324,-0.866025,-0.500000
2010,8,15.000000,135.000000,17.500000,137.500000,3097.110000,2.687344,0.472053,6.516720,9.676117,29.755401,0.992019,20.920482,0.169135,0.420249,0.067350,0.000000,0.091525,197.456589,-0.866025,-0.500000
2010,8,15.000000,140.000000,17.500000,142.500000,2147.020000,2.051681,0.210059,1.659975,3.921715,29.671792,0.971915,23.400619,0.133627,0.509673,0.056376,0.000000,0.088966,197.767273,-0.866025,-0.500000
2010,8,15.000000,150.000000,17.500000,152.500000,5769.780000,2.096960,0.764327,10.674410,13.535698,29.277848,0.930510,26.643762,0.118300,0.258157,0.046750,0.000000,0.082553,198.501648,-0.866025,-0.500000
2010,8,15.000000,-160.000000,17.500000,-157.500000,2690.660000,9.450841,4.369932,1.431991,15.252763,,,,,,,,,,-0.866025,-0.500000
2010,8,15.000000,-165.000000,17.500000,-162.500000,2961.100000,8.493465,4.766810,3.052244,16.312519,,,,,,,,,,-0.866025,-0.500000
2010,8,-15.000000,-135.000000,-12.500000,-132.500000,16983.130000,1.767813,19.976294,6.485671,28.229779,,,,,,,,,,-0.866025,-0.500000
2010,8,-15.000000,-140.000000,-12.500000,-137.500000,1239.650000,1.267293,8.572581,10.189166,20.029040,,,,,,,,,,-0.866025,-0.500000
2010,8,-15.000000,-145.000000,-12.500000,-142.500000,1855.240000,1.541580,24.785472,11.638386,37.965438,,,,,,,,,,-0.866025,-0.500000
2010,8,-15.000000,150.000000,-12.500000,152.500000,3741.080000,25.976456,1.967079,18.500005,46.443540,26.716866,0.713581,31.714738,0.183544,122.163590,0.041331,0.234331,0.178636,204.409073,-0.866025,-0.500000
2010,8,-15.000000,-150.000000,-12.500000,-147.500000,5575.590000,2.852434,14.977966,12.541812,30.372212,,,,,,,,,,-0.866025,-0.500000
2010,8,-15.000000,155.000000,-12.500000,157.500000,11671.670000,21.634351,3.838354,21.644889,47.117593,27.724288,0.643800,34.820858,0.182434,1.398640,0.034037,0.122778,0.246605,202.703827,-0.866025,-0.500000
2010,8,-15.000000,-155.000000,-12.500000,-152.500000,4958.230000,8.244878,13.626032,14.524135,36.395044,,,,,,,,,,-0.866025,-0.500000
2010,8,-15.000000,160.000000,-12.500000,162.500000,14211.390000,11.505701,2.813448,19.209732,33.528881,27.621633,0.656642,35.953543,0.173954,126.785075,0.042329,0.059601,0.135041,203.002304,-0.866025,-0.500000
2010,8,-15.000000,-160.000000,-12.500000,-157.500000,11786.780000,5.959813,4.793676,43.768782,54.522270,,,,,,,,,,-0.866025,-0.500000
2010,8,-15.000000,165.000000,-12.500000,167.500000,12940.510000,11.819781,1.603878,18.666034,32.089694,27.690286,0.625982,36.015506,0.205469,121.025658,0.061201,0.042434,0.102845,202.216507,-0.866025,-0.500000
2010,8,-15.000000,-165.000000,-12.500000,-162.500000,4960.900000,4.863835,3.613256,35.692314,44.169405,,,,,,,,,,-0.866025,-0.500000
2010,8,-15.000000,170.000000,-12.500000,172.500000,19713.450000,10.673271,1.090322,16.308409,28.072002,28.092657,0.656524,40.374634,0.257614,0.874493,0.063315,0.042778,0.079644,201.968323,-0.866025,-0.500000
2010,8,-15.000000,-170.000000,-12.500000,-167.500000,8395.850000,2.947885,2.589732,26.185913,31.723530,,,,,,,,,,-0.866025,-0.500000
2010,8,-15.000000,175.000000,-12.500000,177.500000,2843.780000,16.983030,4.070638,10.140377,31.194045,28.305544,0.697091,37.721219,0.157309,1.220527,0.036541,0.049167,0.083591,201.054962,-0.866025,-0.500000
2010,8,-15.000000,-175.000000,-12.500000,-172.500000,11288.530000,6.056590,3.258529,28.523289,37.838408,,,,,,,,,,-0.866025,-0.500000
2010,8,20.000000,115.000000,22.500000,117.500000,1541.340000,3.718193,0.000000,0.000000,3.718193,29.632565,0.640237,13.070093,0.259303,132.884287,0.148199,0.324624,0.283442,201.283783,-0.866025,-0.500000
2010,8,20.000000,120.000000,22.500000,122.500000,12709.730000,3.170406,1.540237,0.261060,4.971703,29.987766,1.017138,14.667791,0.384075,137.083205,0.205927,0.147484,0.131660,197.854324,-0.866025,-0.500000
2010,8,20.000000,125.000000,22.500000,127.500000,1448.340000,1.177210,7.906293,1.994007,11.077509,29.635954,1.032060,15.677676,0.246310,93.484847,0.104152,0.048082,0.091204,198.264664,-0.866025,-0.500000
2010,8,20.000000,135.000000,22.500000,137.500000,2144.540000,4.664404,0.616449,10.001212,15.282065,29.492589,1.006312,17.120249,0.203844,1.398021,0.093645,0.113333,0.086715,198.224350,-0.866025,-0.500000
2010,8,20.000000,140.000000,22.500000,142.500000,1486.980000,7.655786,3.910611,6.966469,18.532865,29.224539,0.942834,17.163758,0.187764,57.475136,0.078293,0.098361,0.086085,199.213516,-0.866025,-0.500000
2010,8,20.000000,145.000000,22.500000,147.500000,4361.850000,3.529466,0.238202,2.983138,6.750805,29.148960,0.960948,18.727557,0.187615,0.900311,0.094341,0.022778,0.084543,199.196930,-0.866025,-0.500000
2010,8,20.000000,150.000000,22.500000,152.500000,6573.380000,5.292863,0.940460,11.495304,17.728627,28.874405,0.954807,20.303330,0.156954,1.102685,0.059079,0.035278,0.081545,199.937500,-0.866025,-0.500000
2010,8,20.000000,155.000000,22.500000,157.500000,5177.690000,3.125525,1.250558,16.600839,20.976922,28.671147,0.913393,21.902754,0.175370,1.199931,0.079360,0.032778,0.078434,200.303452,-0.866025,-0.500000
2010,8,20.000000,160.000000,22.500000,162.500000,2257.750000,3.480013,0.016388,0.672794,4.169195,28.578953,0.919683,25.080367,0.179186,1.162103,0.063091,0.019444,0.077519,200.523651,-0.866025,-0.500000
2010,8,20.000000,170.000000,22.500000,172.500000,1084.980000,1.331822,0.152998,0.194474,1.679294,28.209885,0.819583,24.105766,0.144397,1.111481,0.063250,0.017222,0.078411,202.000717,-0.866025,-0.500000
2010,8,-20.000000,-145.000000,-17.500000,-142.500000,1387.010000,1.139862,1.269638,24.036597,26.446096,,,,,,,,,,-0.866025,-0.500000
2010,8,-20.000000,-150.000000,-17.500000,-147.500000,3529.180000,1.472013,1.756499,20.046016,23.274528,,,,,,,,,,-0.866025,-0.500000
2010,8,-20.000000,155.000000,-17.500000,157.500000,4184.920000,9.908194,3.640213,47.072345,60.620753,25.388017,0.750819,40.319658,0.156274,2.436310,0.047972,0.371389,0.094936,210.251038,-0.866025,-0.500000
2010,8,-20.000000,-155.000000,-17.500000,-152.500000,2833.560000,2.071246,1.791386,18.223366,22.085998,,,,,,,,,,-0.866025,-0.500000
2010,8,-20.000000,160.000000,-17.500000,162.500000,4769.330000,11.338700,3.253497,30.560687,45.152883,25.827067,0.719812,36.550475,0.177058,50.113297,0.063345,0.324535,0.091790,209.286896,-0.866025,-0.500000
2010,8,-20.000000,165.000000,-17.500000,167.500000,15956.160000,6.403232,1.568297,27.875253,35.846783,26.165020,0.717266,35.505809,0.135593,120.747537,0.035138,0.383271,0.077642,207.309402,-0.866025,-0.500000
2010,8,-20.000000,170.000000,-17.500000,172.500000,17410.550000,5.066813,1.411788,23.327810,29.806410,26.337705,0.735624,40.905995,0.123836,3.124735,0.043244,0.274444,0.072116,206.677368,-0.866025,-0.500000
2010,8,-20.000000,175.000000,-17.500000,177.500000,5547.650000,7.754635,1.372473,15.289537,24.416645,26.276546,0.715532,37.447423,0.102153,119.132969,0.031048,0.406461,0.093647,206.739807,-0.866025,-0.500000
2010,8,-20.000000,-175.000000,-17.500000,-172.500000,2047.910000,8.829978,1.962977,19.202504,29.995459,,,,,,,,,,-0.866025,-0.500000
2010,8,-20.000000,-180.000000,-17.500000,-177.500000,8430.780000,15.559296,0.990063,13.793742,30.343100,,,,,,,,,,-0.866025,-0.500000
2010,8,25.000000,125.000000,27.500000,127.500000,1776.620000,14.955365,0.248224,0.197566,15.401155,29.161609,0.920012,13.945357,0.307358,129.955063,0.255802,0.155574,0.112934,199.336090,-0.866025,-0.500000
2010,8,25.000000,130.000000,27.500000,132.500000,1011.920000,4.785951,0.549451,3.010119,8.345521,29.117093,1.183495,15.277105,0.257891,58.453811,0.129523,0.110864,0.109966,199.862839,-0.866025,-0.500000
2010,8,25.000000,135.000000,27.500000,137.500000,1239.060000,3.622908,0.141236,0.000000,3.764144,28.723983,1.088139,13.599388,0.140859,1.253771,0.083402,0.117500,0.102358,200.535004,-0.866025,-0.500000
2010,8,25.000000,145.000000,27.500000,147.500000,5401.500000,2.974359,0.139406,0.180135,3.293900,28.638303,0.956454,14.985225,0.112635,1.388585,0.073014,0.100556,0.094782,202.538620,-0.866025,-0.500000
2010,8,25.000000,150.000000,27.500000,152.500000,6950.230000,4.099720,0.160139,0.067911,4.327770,28.178564,0.910712,15.165793,0.145423,1.036740,0.064412,0.046389,0.090800,203.137344,-0.866025,-0.500000
2010,8,25.000000,155.000000,27.500000,157.500000,3916.400000,5.270912,0.250230,0.078388,5.599530,27.983885,0.912689,15.842329,0.147031,1.352531,0.063124,0.073333,0.090173,204.204575,-0.866025,-0.500000
2010,8,25.000000,-155.000000,27.500000,-152.500000,1984.360000,0.271120,27.170473,0.107339,27.548933,,,,,,,,,,-0.866025,-0.500000
2010,8,25.000000,160.000000,27.500000,162.500000,1821.590000,7.138818,0.370006,0.125714,7.634539,27.929202,0.903594,17.225538,0.146485,1.157470,0.079727,0.037500,0.089984,204.920013,-0.866025,-0.500000
2010,8,25.000000,-160.000000,27.500000,-157.500000,3666.470000,1.114423,16.386061,0.409386,17.909870,,,,,,,,,,-0.866025,-0.500000
2010,8,25.000000,-165.000000,27.500000,-162.500000,3041.750000,0.303115,12.644366,0.843265,13.790745,,,,,,,,,,-0.866025,-0.500000
2010,8,-25.000000,-150.000000,-22.500000,-147.500000,2533.890000,1.771584,1.588467,20.349344,23.709395,,,,,,,,,,-0.866025,-0.500000
2010,8,-25.000000,-155.000000,-22.500000,-152.500000,1099.840000,2.179408,2.662205,33.146640,37.988253,,,,,,,,,,-0.866025,-0.500000
2010,8,-25.000000,160.000000,-22.500000,162.500000,1082.170000,4.205439,0.345602,75.504773,80.055814,22.938509,0.696909,36.547785,0.165587,112.320431,0.084497,0.423867,0.216327,218.264832,-0.866025,-0.500000
2010,8,-25.000000,165.000000,-22.500000,167.500000,2870.570000,12.078437,0.802976,44.332659,57.214072,23.350165,0.714904,39.261419,0.197631,111.903117,0.083383,0.585168,0.189549,217.740387,-0.866025,-0.500000
2010,8,-25.000000,170.000000,-22.500000,172.500000,4289.410000,2.619474,0.249685,33.520694,36.389853,23.182521,0.654882,40.325931,0.168394,3.970777,0.092904,0.499444,0.088219,217.353882,-0.866025,-0.500000
2010,8,-25.000000,175.000000,-22.500000,177.500000,16491.380000,1.852968,0.795688,34.188831,36.837487,23.488956,0.653637,42.966757,0.152296,2.857472,0.057766,0.447778,0.075668,216.676804,-0.866025,-0.500000
2010,8,30.000000,145.000000,32.500000,147.500000,4605.720000,1.068454,0.054280,0.000000,1.122734,27.994773,1.071234,13.156191,0.236308,2.302750,0.165593,0.157222,0.115167,205.529068,-0.866025,-0.500000
2010,8,30.000000,150.000000,32.500000,152.500000,2587.930000,0.692059,0.252712,0.066462,1.011233,27.495888,0.972189,13.668648,0.275533,1.836239,0.179472,0.101389,0.106554,207.426910,-0.866025,-0.500000
2010,8,30.000000,155.000000,32.500000,157.500000,5077.390000,0.856936,0.492773,0.407887,1.757596,27.156233,0.950426,13.011186,0.258398,2.225639,0.146186,0.175833,0.100237,209.036438,-0.866025,-0.500000
2010,8,30.000000,-160.000000,32.500000,-157.500000,2433.000000,0.162762,11.272092,0.203864,11.638718,,,,,,,,,,-0.866025,-0.500000
2010,8,30.000000,-165.000000,32.500000,-162.500000,2611.830000,0.597665,16.490354,0.259971,17.347990,,,,,,,,,,-0.866025,-0.500000
2010,8,30.000000,-170.000000,32.500000,-167.500000,2529.410000,0.305210,18.391641,0.517907,19.214758,,,,,,,,,,-0.866025,-0.500000
2010,8,-30.000000,-140.000000,-27.500000,-137.500000,1543.980000,1.465693,0.485758,33.219342,35.170792,,,,,,,,,,-0.866025,-0.500000
2010,8,-30.000000,150.000000,-27.500000,152.500000,2183.570000,23.584772,4.410667,5.705336,33.700774,22.238126,0.621300,53.403906,0.360392,99.562665,0.142230,0.746939,0.465321,218.284882,-0.866025,-0.500000
2010,8,-30.000000,155.000000,-27.500000,157.500000,1469.190000,7.140669,4.264935,24.565917,35.971522,21.145078,0.622700,64.671565,0.304166,4.711509,0.142397,0.535556,0.351742,224.965485,-0.866025,-0.500000
2010,8,-30.000000,-155.000000,-27.500000,-152.500000,8983.400000,1.196874,0.818955,39.449540,41.465369,,,,,,,,,,-0.866025,-0.500000
2010,8,-30.000000,160.000000,-27.500000,162.500000,7224.310000,1.614410,3.431331,30.332724,35.378465,20.384055,0.580016,67.233382,0.157628,3.357606,0.063016,0.425000,0.241762,228.631760,-0.866025,-0.500000
2010,8,-30.000000,-160.000000,-27.500000,-157.500000,4504.990000,1.346063,0.747615,42.296875,44.390554,,,,,,,,,,-0.866025,-0.500000
2010,8,-30.000000,-165.000000,-27.500000,-162.500000,3496.060000,0.823212,1.624114,35.340927,37.788253,,,,,,,,,,-0.866025,-0.500000
2010,8,-30.000000,170.000000,-27.500000,172.500000,20459.860000,0.801570,1.248200,39.027051,41.076821,20.127995,0.543227,54.177605,0.144218,3.262731,0.107516,0.534167,0.127307,231.038010,-0.866025,-0.500000
2010,8,-30.000000,-170.000000,-27.500000,-167.500000,8015.090000,1.312524,1.754066,39.441354,42.507944,,,,,,,,,,-0.866025,-0.500000
2010,8,-30.000000,175.000000,-27.500000,177.500000,11610.390000,0.865776,0.884036,36.348994,38.098806,20.198882,0.511593,51.879604,0.163732,3.571736,0.107608,0.536667,0.112055,231.552383,-0.866025,-0.500000
2010,8,-30.000000,-175.000000,-27.500000,-172.500000,20191.300000,1.447108,1.395403,39.328325,42.170836,,,,,,,,,,-0.866025,-0.500000
2010,8,-30.000000,-180.000000,-27.500000,-177.500000,4259.900000,1.458954,1.278434,35.258105,37.995493,,,,,,,,,,-0.866025,-0.500000
2010,8,35.000000,145.000000,37.500000,147.500000,1199.310000,0.000000,0.081714,0.000000,0.081714,25.839893,0.276415,11.154643,0.416380,8.158589,0.374150,0.678333,0.124499,209.540588,-0.866025,-0.500000
2010,8,35.000000,150.000000,37.500000,152.500000,2647.710000,0.189598,8.677688,0.087623,8.954908,25.710171,0.439875,11.723771,0.400289,5.906643,0.305033,0.533056,0.104477,210.963943,-0.866025,-0.500000
2010,8,35.000000,155.000000,37.500000,157.500000,13319.730000,0.178007,14.073784,0.379062,14.630852,24.660008,0.253522,11.466016,0.311401,3.278370,0.163399,0.545278,0.095642,214.443268,-0.866025,-0.500000
2010,8,35.000000,160.000000,37.500000,162.500000,12168.070000,0.071581,16.460293,0.735121,17.266995,24.221040,0.301883,11.855424,0.259695,4.738141,0.187268,0.501944,0.091792,218.743805,-0.866025,-0.500000
2010,8,35.000000,165.000000,37.500000,167.500000,7180.210000,1.089940,15.233538,1.474052,17.797530,23.880939,0.468307,11.787732,0.311356,7.712124,0.243151,0.529167,0.106324,223.119263,-0.866025,-0.500000
2010,8,35.000000,170.000000,37.500000,172.500000,2777.020000,3.762666,1.420948,1.168159,6.351773,23.599810,0.372989,10.874296,0.282437,8.189919,0.182931,0.648611,0.180270,227.853363,-0.866025,-0.500000
2010,8,-35.000000,150.000000,-32.500000,152.500000,1578.440000,42.865107,2.152758,3.897519,48.915385,20.018419,0.467259,66.815626,0.374467,88.855949,0.270422,0.751087,0.488188,222.338699,-0.866025,-0.500000
2010,8,-35.000000,175.000000,-32.500000,177.500000,1843.500000,0.000000,3.187958,6.112829,9.300787,16.908684,0.320726,79.986855,0.152415,4.449241,0.075273,0.465278,0.394474,236.126099,-0.866025,-0.500000
2010,8,40.000000,175.000000,42.500000,177.500000,1216.350000,0.000000,0.138940,0.043573,0.182513,16.376190,0.085376,10.866624,0.139252,7.124563,0.087157,0.749722,0.291725,261.011200,-0.866025,-0.500000
2010,8,40.000000,-175.000000,42.500000,-172.500000,1119.530000,0.000000,0.000000,0.013398,0.013398,,,,,,,,,,-0.866025,-0.500000
2010,9,0.000000,120.000000,2.500000,122.500000,26719.390000,11.327467,1.636452,0.000000,12.963919,30.015087,0.662979,14.405220,0.289252,136.681667,0.028777,0.082247,0.112095,200.322311,-1.000000,-0.000000
2010,9,0.000000,125.000000,2.500000,127.500000,35276.810000,11.325202,1.638697,0.000000,12.963899,29.815489,0.684694,13.214118,0.500205,137.289643,0.044116,0.172716,0.157570,200.409607,-1.000000,-0.000000
2010,9,0.000000,130.000000,2.500000,132.500000,12669.790000,11.455360,2.809044,0.000000,14.264404,29.866106,0.743189,16.762837,0.637886,116.922835,0.029160,0.025563,0.189057,200.055756,-1.000000,-0.000000
2010,9,0.000000,135.000000,2.500000,137.500000,4788.500000,6.949776,10.038843,0.000000,16.988619,30.029728,0.738823,23.905955,0.376406,0.487476,0.023745,0.000000,0.176582,198.172852,-1.000000,-0.000000
2010,9,0.000000,140.000000,2.500000,142.500000,3067.120000,9.587822,11.781737,0.013694,21.383252,29.882921,0.710815,25.006274,0.307778,0.516959,0.011590,0.000000,0.166382,198.434662,-1.000000,-0.000000
2010,9,0.000000,145.000000,2.500000,147.500000,1159.250000,2.880311,12.063834,0.018115,14.962260,29.772926,0.693407,25.121482,0.333024,0.365796,0.011823,0.000000,0.139095,198.442047,-1.000000,-0.000000
2010,9,0.000000,150.000000,2.500000,152.500000,3376.070000,3.208464,8.762259,0.000000,11.970723,29.533959,0.688438,27.123454,0.274722,0.465498,0.017855,0.000000,0.148285,198.300003,-1.000000,-0.000000
2010,9,0.000000,155.000000,2.500000,157.500000,1439.700000,2.402584,10.197263,0.000000,12.599847,29.158282,0.678037,24.676039,0.377615,0.572592,0.029030,0.000278,0.200925,199.172897,-1.000000,-0.000000
2010,9,0.000000,160.000000,2.500000,162.500000,2604.040000,16.120720,14.136112,0.129030,30.385862,28.822194,0.659108,23.433851,0.419505,0.792744,0.033501,0.020000,0.218788,199.032318,-1.000000,-0.000000
2010,9,0.000000,165.000000,2.500000,167.500000,1991.050000,7.839582,10.243339,0.182316,18.265237,28.294699,0.630193,26.787330,0.399243,90.938377,0.034335,0.025570,0.233776,199.911209,-1.000000,-0.000000
2010,9,0.000000,-165.000000,2.500000,-162.500000,1558.730000,31.627030,10.187781,0.103289,41.918100,,,,,,,,,,-1.000000,-0.000000
2010,9,0.000000,170.000000,2.500000,172.500000,1172.460000,14.478106,7.859543,0.252461,22.590110,28.144517,0.612537,28.226003,0.466702,126.968523,0.037091,0.042143,0.251116,201.268341,-1.000000,-0.000000
2010,9,0.000000,-170.000000,2.500000,-167.500000,1075.440000,10.431079,15.819572,0.030685,26.281336,,,,,,,,,,-1.000000,-0.000000
2010,9,0.000000,175.000000,2.500000,177.500000,4272.880000,13.651916,8.118178,0.017787,21.787881,27.912913,0.586189,30.420004,0.430123,0.582092,0.036953,0.001944,0.226772,202.361740,-1.000000,-0.000000
2010,9,5.000000,130.000000,7.500000,132.500000,3694.530000,2.978457,3.525212,0.021383,6.525052,30.081944,0.673957,17.590757,0.319632,134.909667,0.044808,0.007804,0.093944,198.545517,-1.000000,-0.000000
2010,9,5.000000,135.000000,7.500000,137.500000,2021.300000,2.408351,6.729827,0.000000,9.138178,30.026692,0.700458,21.507443,0.196780,133.144641,0.031226,0.006954,0.090346,198.136826,-1.000000,-0.000000
2010,9,5.000000,145.000000,7.500000,147.500000,1637.610000,8.434853,14.417352,0.075109,22.927315,29.688412,0.703395,23.490946,0.137386,0.598074,0.024329,0.000278,0.079779,198.190338,-1.000000,-0.000000
2010,9,5.000000,150.000000,7.500000,152.500000,3464.360000,2.707571,9.078733,0.000000,11.786304,29.452450,0.706082,23.132810,0.133794,117.570123,0.017773,0.004454,0.074912,198.245850,-1.000000,-0.000000
2010,9,5.000000,155.000000,7.500000,157.500000,3240.230000,2.171451,9.633884,0.057095,11.862430,29.442676,0.706206,23.208662,0.136178,125.180771,0.017087,0.003336,0.084482,198.884125,-1.000000,-0.000000
2010,9,5.000000,-155.000000,7.500000,-152.500000,1278.170000,4.876503,4.261561,27.465048,36.603112,,,,,,,,,,-1.000000,-0.000000
2010,9,5.000000,160.000000,7.500000,162.500000,1370.250000,4.613757,4.804233,0.103631,9.521620,29.272128,0.697125,25.997829,0.124858,0.534815,0.030173,0.000000,0.104722,199.680939,-1.000000,-0.000000
2010,9,5.000000,165.000000,7.500000,167.500000,1641.850000,4.756220,8.279685,0.653531,13.689436,29.040002,0.659259,22.252447,0.174366,130.376107,0.031381,0.051275,0.142745,200.534210,-1.000000,-0.000000
2010,9,5.000000,170.000000,7.500000,172.500000,10188.520000,0.997986,9.125565,0.925552,11.049102,28.823764,0.626831,23.868866,0.135608,129.552621,0.039304,0.035443,0.187218,201.432846,-1.000000,-0.000000
2010,9,5.000000,175.000000,7.500000,177.500000,1085.740000,4.413580,6.669184,0.311308,11.394072,28.653507,0.561406,26.081755,0.175737,0.487419,0.056602,0.000000,0.168412,202.329926,-1.000000,-0.000000
2010,9,-5.000000,120.000000,-2.500000,122.500000,34229.670000,11.318163,1.645736,0.000000,12.963899,29.170771,0.645653,11.365755,0.122010,135.763643,0.010933,0.306827,0.117854,201.389175,-1.000000,-0.000000
2010,9,-5.000000,125.000000,-2.500000,127.500000,51344.500000,11.318155,1.645746,0.000000,12.963901,29.194215,0.636937,12.155910,0.200721,133.159063,0.012943,0.247988,0.134438,200.880859,-1.000000,-0.000000
2010,9,-5.000000,130.000000,-2.500000,132.500000,17114.830000,11.318138,1.645766,0.000000,12.963903,29.055909,0.661795,13.277131,0.237288,134.755669,0.041267,0.414977,0.162744,200.786392,-1.000000,-0.000000
2010,9,-5.000000,145.000000,-2.500000,147.500000,1133.430000,11.651359,0.045878,0.000000,11.697238,29.244390,0.706638,20.889995,0.502974,126.909624,0.017799,0.082121,0.304584,200.514542,-1.000000,-0.000000
2010,9,-5.000000,-155.000000,-2.500000,-152.500000,5515.040000,2.035706,29.900236,0.762642,32.698584,,,,,,,,,,-1.000000,-0.000000
2010,9,-5.000000,160.000000,-2.500000,162.500000,3046.200000,16.253037,12.121988,0.175957,28.550982,28.565732,0.666809,34.707770,0.487667,0.833021,0.046779,0.030000,0.196772,200.585663,-1.000000,-0.000000
2010,9,-5.000000,-160.000000,-2.500000,-157.500000,5933.240000,3.389379,28.161510,2.953530,34.504419,,,,,,,,,,-1.000000,-0.000000
2010,9,-5.000000,165.000000,-2.500000,167.500000,2347.920000,9.521193,12.649068,0.467648,22.637909,28.301840,0.641192,36.905315,0.487077,0.688614,0.049605,0.033611,0.202653,201.091888,-1.000000,-0.000000
2010,9,-5.000000,170.000000,-2.500000,172.500000,2860.860000,10.655887,13.555714,0.152402,24.364002,28.070097,0.611392,32.233604,0.529022,123.794266,0.050938,0.025084,0.221361,201.633652,-1.000000,-0.000000
2010,9,-5.000000,-170.000000,-2.500000,-167.500000,3676.330000,9.480107,24.524458,0.971077,34.975641,,,,,,,,,,-1.000000,-0.000000
2010,9,-5.000000,175.000000,-2.500000,177.500000,4354.520000,11.397582,8.125810,0.225972,19.749364,27.791035,0.585466,33.220307,0.504313,87.663601,0.049875,0.001946,0.228069,202.606232,-1.000000,-0.000000
2010,9,-5.000000,-175.000000,-2.500000,-172.500000,1032.610000,15.933411,9.728746,2.002692,27.664849,,,,,,,,,,-1.000000,-0.000000
2010,9,10.000000,110.000000,12.500000,112.500000,19318.620000,10.258911,2.632383,0.000000,12.891293,29.630707,0.790017,17.391440,0.164095,0.947954,0.038540,0.010000,0.100666,200.169235,-1.000000,-0.000000
2010,9,10.000000,115.000000,12.500000,117.500000,19318.620000,10.258911,2.632383,0.000000,12.891293,29.770354,0.764945,16.872606,0.095346,135.700589,0.032457,0.039444,0.094318,198.714859,-1.000000,-0.000000
2010,9,10.000000,120.000000,12.500000,122.500000,2375.650000,25.829983,0.063141,0.000000,25.893124,30.003796,0.800607,12.503575,0.130661,138.352033,0.060482,0.401544,0.185710,197.849380,-1.000000,-0.000000
2010,9,10.000000,125.000000,12.500000,127.500000,3605.780000,7.918675,0.074325,0.120085,8.113085,30.000882,0.902856,18.640501,0.163619,135.517524,0.055939,0.054140,0.104148,198.212906,-1.000000,-0.000000
2010,9,10.000000,130.000000,12.500000,132.500000,2994.870000,3.300644,1.860849,10.106616,15.268108,29.841688,0.866652,18.186235,0.143810,0.315147,0.046440,0.000000,0.093563,198.301117,-1.000000,-0.000000
2010,9,10.000000,145.000000,12.500000,147.500000,1617.370000,18.999981,4.015160,1.018938,24.034080,29.378778,0.866012,21.874088,0.161985,93.322451,0.052148,0.004447,0.082000,198.528885,-1.000000,-0.000000
2010,9,10.000000,150.000000,12.500000,152.500000,1705.350000,13.448852,1.376843,0.702495,15.528191,29.347314,0.830122,25.290987,0.143859,0.303713,0.044599,0.000000,0.077662,198.771713,-1.000000,-0.000000
2010,9,10.000000,155.000000,12.500000,157.500000,1468.230000,2.469640,0.534657,0.036779,3.041077,29.230735,0.780323,26.771177,0.136339,0.232546,0.038484,0.000000,0.081761,199.127945,-1.000000,-0.000000
2010,9,10.000000,-165.000000,12.500000,-162.500000,1782.750000,0.351143,0.153695,0.000000,0.504838,,,,,,,,,,-1.000000,-0.000000
2010,9,10.000000,170.000000,12.500000,172.500000,1526.770000,7.927193,10.534658,8.290050,26.751901,28.492022,0.717977,29.911236,0.202853,57.308820,0.068553,0.003056,0.078695,201.063858,-1.000000,-0.000000
2010,9,10.000000,-170.000000,12.500000,-167.500000,1711.560000,2.616327,0.340625,0.000000,2.956952,,,,,,,,,,-1.000000,-0.000000
2010,9,10.000000,175.000000,12.500000,177.500000,1958.730000,6.533315,9.927861,6.601727,23.062903,28.147789,0.649414,27.155286,0.234113,0.287292,0.086133,0.000000,0.097709,202.291641,-1.000000,-0.000000
2010,9,10.000000,-175.000000,12.500000,-172.500000,1035.520000,4.371717,1.053577,0.000000,5.425294,,,,,,,,,,-1.000000,-0.000000
2010,9,-10.000000,-135.000000,-7.500000,-132.500000,12510.650000,4.969046,22.312829,9.939931,37.221807,,,,,,,,,,-1.000000,-0.000000
2010,9,-10.000000,-140.000000,-7.500000,-137.500000,2562.170000,3.539968,19.617746,9.931035,33.088749,,,,,,,,,,-1.000000,-0.000000
2010,9,-10.000000,145.000000,-7.500000,147.500000,2437.730000,30.598138,5.211816,4.233447,40.043401,28.182334,0.714897,15.065860,0.340176,132.081715,0.050868,0.418986,0.174621,202.977386,-1.000000,-0.000000
2010,9,-10.000000,150.000000,-7.500000,152.500000,1781.020000,19.824595,0.934858,1.468821,22.228274,28.562620,0.674640,18.257939,0.308644,132.182606,0.057451,0.263568,0.340816,201.643265,-1.000000,-0.000000
2010,9,-10.000000,-150.000000,-7.500000,-147.500000,3015.520000,4.935799,17.678211,3.894187,26.508198,,,,,,,,,,-1.000000,-0.000000
2010,9,-10.000000,155.000000,-7.500000,157.500000,14524.440000,27.503986,2.449595,0.604154,30.557736,28.809895,0.712489,25.502008,0.194500,129.758110,0.043476,0.128716,0.335683,200.108276,-1.000000,-0.000000
2010,9,-10.000000,-155.000000,-7.500000,-152.500000,24786.200000,5.195270,23.770727,3.816519,32.782516,,,,,,,,,,-1.000000,-0.000000
2010,9,-10.000000,160.000000,-7.500000,162.500000,7621.910000,25.137662,5.321501,0.343615,30.802778,28.786071,0.722142,26.952341,0.210889,128.205048,0.055353,0.049386,0.223949,199.236069,-1.000000,-0.000000
2010,9,-10.000000,-160.000000,-7.500000,-157.500000,9213.690000,9.432594,27.990197,4.149152,41.571943,,,,,,,,,,-1.000000,-0.000000
2010,9,-10.000000,165.000000,-7.500000,167.500000,5138.010000,12.995109,4.399953,4.058964,21.454026,29.017847,0.764515,35.279060,0.186963,0.625565,0.025300,0.011944,0.169723,199.236130,-1.000000,-0.000000
2010,9,-10.000000,-165.000000,-7.500000,-162.500000,4340.930000,14.140288,16.762998,10.339489,41.242775,,,,,,,,,,-1.000000,-0.000000
2010,9,-10.000000,170.000000,-7.500000,172.500000,4964.420000,21.677457,7.854090,3.895118,33.426664,28.971073,0.755520,37.959984,0.150060,0.418057,0.019273,0.000000,0.172974,199.728439,-1.000000,-0.000000
2010,9,-10.000000,-170.000000,-7.500000,-167.500000,8661.530000,6.892547,15.424065,2.878013,25.194625,,,,,,,,,,-1.000000,-0.000000
2010,9,-10.000000,175.000000,-7.500000,177.500000,21273.010000,18.963513,8.029893,7.752029,34.745436,28.822685,0.714210,33.662553,0.123596,0.645782,0.015922,0.002222,0.154648,199.657730,-1.000000,-0.000000
2010,9,-10.000000,-175.000000,-7.500000,-172.500000,3417.240000,13.236413,10.145029,5.906814,29.288256,,,,,,,,,,-1.000000,-0.000000
2010,9,-10.000000,-180.000000,-7.500000,-177.500000,10001.370000,14.585302,8.668512,8.194977,31.448792,,,,,,,,,,-1.000000,-0.000000
2010,9,15.000000,110.000000,17.500000,112.500000,19318.620000,10.258911,2.632383,0.000000,12.891293,29.646695,0.770080,20.126813,0.285298,127.632174,0.111579,0.177964,0.091333,199.441956,-1.000000,-0.000000
2010,9,15.000000,115.000000,17.500000,117.500000,23772.440000,9.420447,2.147445,0.016448,11.584339,29.494921,0.773053,20.099032,0.130825,132.607210,0.056486,0.023120,0.084594,198.645584,-1.000000,-0.000000
2010,9,15.000000,120.000000,17.500000,122.500000,1914.370000,12.431244,0.411624,0.120144,12.963011,29.767781,0.986942,23.509337,0.254987,134.556757,0.134313,0.138399,0.126530,197.632294,-1.000000,-0.000000
2010,9,15.000000,125.000000,17.500000,127.500000,3560.080000,4.572650,1.974956,3.432788,9.980394,29.671506,1.091691,27.183940,0.149589,0.588777,0.075950,0.000278,0.096100,197.837250,-1.000000,-0.000000
2010,9,15.000000,130.000000,17.500000,132.500000,3869.260000,1.378300,2.894093,17.300207,21.572600,29.591126,1.012534,24.959310,0.211009,0.969784,0.076024,0.038889,0.091422,198.175156,-1.000000,-0.000000
2010,9,15.000000,150.000000,17.500000,152.500000,5085.210000,6.859500,0.449146,2.756032,10.064678,29.347907,0.892526,28.309903,0.120606,0.360556,0.036251,0.000000,0.082934,198.651901,-1.000000,-0.000000
2010,9,15.000000,155.000000,17.500000,157.500000,1484.790000,3.888092,1.600226,13.314341,18.802659,29.156529,0.835064,28.225553,0.144173,0.675148,0.046624,0.003056,0.084041,199.026810,-1.000000,-0.000000
2010,9,15.000000,-160.000000,17.500000,-157.500000,1354.710000,5.456518,11.534572,0.891704,17.882794,,,,,,,,,,-1.000000,-0.000000
2010,9,15.000000,-165.000000,17.500000,-162.500000,1508.450000,6.417846,8.433823,3.610328,18.461997,,,,,,,,,,-1.000000,-0.000000
2010,9,-15.000000,-135.000000,-12.500000,-132.500000,17107.200000,2.389696,19.019945,6.494751,27.904391,,,,,,,,,,-1.000000,-0.000000
2010,9,-15.000000,-140.000000,-12.500000,-137.500000,3176.540000,2.639350,14.799121,4.662620,22.101091,,,,,,,,,,-1.000000,-0.000000
2010,9,-15.000000,-145.000000,-12.500000,-142.500000,4433.630000,2.752598,20.030088,11.470060,34.252745,,,,,,,,,,-1.000000,-0.000000
2010,9,-15.000000,150.000000,-12.500000,152.500000,2936.770000,24.034569,1.116192,11.881761,37.032522,27.299594,0.699172,24.332223,0.204861,123.175052,0.031757,0.135517,0.208594,203.788086,-1.000000,-0.000000
2010,9,-15.000000,-150.000000,-12.500000,-147.500000,7599.630000,3.720050,14.242141,9.557965,27.520156,,,,,,,,,,-1.000000,-0.000000
2010,9,-15.000000,155.000000,-12.500000,157.500000,23193.680000,12.207507,1.682182,28.013407,41.903096,27.893221,0.692955,33.486479,0.195516,0.903774,0.054106,0.028611,0.185194,202.640182,-1.000000,-0.000000
2010,9,-15.000000,-155.000000,-12.500000,-152.500000,4044.930000,4.726411,20.357583,9.325749,34.409743,,,,,,,,,,-1.000000,-0.000000
2010,9,-15.000000,160.000000,-12.500000,162.500000,23365.200000,7.201565,2.055193,22.392832,31.649590,27.809481,0.672169,31.756497,0.227709,126.115872,0.065823,0.038234,0.112795,202.600128,-1.000000,-0.000000
2010,9,-15.000000,-160.000000,-12.500000,-157.500000,8155.290000,3.287927,3.629423,35.551648,42.468999,,,,,,,,,,-1.000000,-0.000000
2010,9,-15.000000,165.000000,-12.500000,167.500000,5605.560000,7.612264,2.679126,19.228231,29.519620,27.985565,0.652587,31.617629,0.267915,122.858625,0.071693,0.065047,0.099797,202.014984,-1.000000,-0.000000
2010,9,-15.000000,-165.000000,-12.500000,-162.500000,7729.950000,8.245461,2.974793,34.385345,45.605599,,,,,,,,,,-1.000000,-0.000000
2010,9,-15.000000,170.000000,-12.500000,172.500000,10862.320000,5.161697,0.898243,19.941044,26.000983,28.367722,0.695576,35.258671,0.230059,0.693289,0.051576,0.011389,0.086325,201.879700,-1.000000,-0.000000
2010,9,-15.000000,-170.000000,-12.500000,-167.500000,12697.510000,2.545696,1.583145,34.758626,38.887467,,,,,,,,,,-1.000000,-0.000000
2010,9,-15.000000,175.000000,-12.500000,177.500000,7683.230000,7.925703,1.667658,19.033531,28.626893,28.547173,0.739395,37.259965,0.139086,1.595103,0.014132,0.057778,0.089721,200.658127,-1.000000,-0.000000
2010,9,-15.000000,-175.000000,-12.500000,-172.500000,10121.360000,2.863054,1.919604,33.594794,38.377451,,,,,,,,,,-1.000000,-0.000000
2010,9,20.000000,115.000000,22.500000,117.500000,3343.670000,6.487482,0.073572,0.115741,6.676795,28.634078,0.634829,15.970335,0.226477,128.332136,0.113296,0.286328,0.282589,201.992386,-1.000000,-0.000000
2010,9,20.000000,120.000000,22.500000,122.500000,2043.810000,2.714538,6.344034,0.645853,9.704425,29.068918,0.976507,20.144137,0.370357,130.838620,0.189260,0.160692,0.126336,199.016998,-1.000000,-0.000000
2010,9,20.000000,125.000000,22.500000,127.500000,1005.980000,1.996064,4.129307,2.704825,8.830195,28.949195,1.060616,24.436905,0.226915,90.972946,0.118768,0.025014,0.087243,199.656021,-1.000000,-0.000000
2010,9,20.000000,130.000000,22.500000,132.500000,1140.530000,1.564185,4.405846,5.258082,11.228113,29.196375,1.055720,22.676440,0.206207,1.123532,0.102635,0.046111,0.083240,199.293610,-1.000000,-0.000000
2010,9,20.000000,135.000000,22.500000,137.500000,2843.740000,3.035439,0.293627,0.217319,3.546386,29.521495,0.991168,19.235224,0.183457,0.791762,0.074159,0.015556,0.084015,198.923462,-1.000000,-0.000000
2010,9,20.000000,140.000000,22.500000,142.500000,1138.990000,5.914012,0.149255,0.303778,6.367044,29.369678,0.928481,17.809022,0.183584,59.023940,0.069170,0.028341,0.083216,199.548294,-1.000000,-0.000000
2010,9,20.000000,145.000000,22.500000,147.500000,7492.530000,2.679869,0.268134,1.181710,4.129713,29.615889,0.971857,22.215187,0.172153,0.597482,0.078702,0.002222,0.083160,199.126694,-1.000000,-0.000000
2010,9,20.000000,150.000000,22.500000,152.500000,4662.090000,3.710353,1.623950,7.084162,12.418465,29.484727,0.999764,25.268013,0.143186,0.603581,0.052908,0.001944,0.081890,199.382858,-1.000000,-0.000000
2010,9,20.000000,155.000000,22.500000,157.500000,1080.490000,4.188840,0.747809,7.196735,12.133384,29.126620,0.921826,26.188061,0.167097,0.677125,0.060555,0.009722,0.078836,199.699158,-1.000000,-0.000000
2010,9,20.000000,-155.000000,22.500000,-152.500000,2424.930000,0.163304,10.446075,0.117117,10.726495,,,,,,,,,,-1.000000,-0.000000
2010,9,20.000000,160.000000,22.500000,162.500000,1019.220000,2.787426,0.156002,0.538647,3.482075,28.849427,0.932534,28.146968,0.178216,0.792098,0.078184,0.004444,0.078444,200.037399,-1.000000,-0.000000
2010,9,20.000000,165.000000,22.500000,167.500000,1260.020000,2.790432,0.177775,0.380946,3.349153,28.657133,0.870013,27.195935,0.151504,0.834123,0.066699,0.011944,0.077844,200.450241,-1.000000,-0.000000
2010,9,-20.000000,-135.000000,-17.500000,-132.500000,2087.180000,1.507297,1.491486,18.287354,21.286137,,,,,,,,,,-1.000000,-0.000000
2010,9,-20.000000,-145.000000,-17.500000,-142.500000,1521.830000,0.482314,2.143472,17.611034,20.236820,,,,,,,,,,-1.000000,-0.000000
2010,9,-20.000000,-150.000000,-17.500000,-147.500000,2851.240000,0.827009,1.499348,17.718607,20.044963,,,,,,,,,,-1.000000,-0.000000
2010,9,-20.000000,155.000000,-17.500000,157.500000,4313.010000,10.272177,1.064222,49.427662,60.764060,26.260322,0.762170,27.234338,0.154577,2.299991,0.053339,0.327500,0.088666,209.927689,-1.000000,-0.000000
2010,9,-20.000000,-155.000000,-17.500000,-152.500000,1846.340000,0.738217,1.870728,9.972161,12.581106,,,,,,,,,,-1.000000,-0.000000
2010,9,-20.000000,160.000000,-17.500000,162.500000,5006.450000,4.862727,1.431154,37.204007,43.497888,26.168574,0.724206,30.176693,0.153704,51.134748,0.044094,0.377327,0.091025,208.550766,-1.000000,-0.000000
2010,9,-20.000000,165.000000,-17.500000,167.500000,24122.540000,3.115053,1.215917,22.299517,26.630488,26.577160,0.736572,28.186000,0.161969,122.723698,0.050901,0.242624,0.080117,207.451920,-1.000000,-0.000000
2010,9,-20.000000,-165.000000,-17.500000,-162.500000,1019.680000,1.668170,0.300094,21.944139,23.912404,,,,,,,,,,-1.000000,-0.000000
2010,9,-20.000000,170.000000,-17.500000,172.500000,17633.460000,3.246498,1.209405,23.432837,27.888741,26.826168,0.737287,27.986110,0.170313,1.924603,0.048815,0.243889,0.074243,207.076385,-1.000000,-0.000000
2010,9,-20.000000,175.000000,-17.500000,177.500000,9581.500000,4.934300,1.500287,12.507854,18.942441,26.739119,0.715913,25.632950,0.119024,122.867206,0.036713,0.328341,0.096644,206.511307,-1.000000,-0.000000
2010,9,-20.000000,-180.000000,-17.500000,-177.500000,2692.970000,9.945525,1.702581,10.427892,22.075998,,,,,,,,,,-1.000000,-0.000000
2010,9,25.000000,135.000000,27.500000,137.500000,1539.480000,1.907137,0.090940,0.000000,1.998077,29.470242,1.063460,15.304864,0.117743,0.706439,0.066255,0.003333,0.091143,199.720779,-1.000000,-0.000000
2010,9,25.000000,140.000000,27.500000,142.500000,1008.600000,10.295459,2.691850,1.116399,14.103708,29.374456,1.039612,14.494130,0.118797,59.116517,0.070374,0.048625,0.086426,200.468414,-1.000000,-0.000000
2010,9,25.000000,145.000000,27.500000,147.500000,8268.180000,3.628005,0.138966,0.117801,3.884773,29.170209,0.957293,15.810199,0.115928,1.227477,0.071386,0.085278,0.087865,201.168671,-1.000000,-0.000000
2010,9,25.000000,150.000000,27.500000,152.500000,8872.430000,3.423188,0.354807,0.335421,4.113417,28.916743,0.972586,16.849185,0.125857,1.683967,0.060842,0.106944,0.087459,201.725540,-1.000000,-0.000000
2010,9,25.000000,155.000000,27.500000,157.500000,2684.520000,3.318657,0.610165,0.763637,4.692459,28.891747,0.925523,17.139281,0.141245,1.498587,0.083793,0.066667,0.088248,202.582520,-1.000000,-0.000000
2010,9,25.000000,-155.000000,27.500000,-152.500000,6597.570000,0.330576,14.123837,0.084273,14.538686,,,,,,,,,,-1.000000,-0.000000
2010,9,25.000000,160.000000,27.500000,162.500000,1818.010000,3.602840,0.749721,0.485696,4.838257,28.731469,0.925660,16.530436,0.145886,1.414223,0.071257,0.043056,0.087624,203.277573,-1.000000,-0.000000
2010,9,-25.000000,160.000000,-22.500000,162.500000,1240.000000,6.490323,0.178226,38.207258,44.875806,23.775015,0.685482,18.255747,0.236713,114.626840,0.095375,0.466929,0.122733,218.661179,-1.000000,-0.000000
2010,9,-25.000000,165.000000,-22.500000,167.500000,1244.610000,9.746828,0.944071,19.700147,30.391046,24.047495,0.678901,21.104629,0.209985,114.417432,0.103489,0.427868,0.131630,217.461685,-1.000000,-0.000000
2010,9,-25.000000,170.000000,-22.500000,172.500000,2835.110000,4.439334,0.443722,17.932638,22.815693,24.080049,0.682066,21.545857,0.192261,2.639857,0.082286,0.547500,0.080169,217.262283,-1.000000,-0.000000
2010,9,-25.000000,175.000000,-22.500000,177.500000,1887.790000,2.715874,0.765975,17.687349,21.169198,24.272266,0.683106,27.622262,0.178605,2.639333,0.066993,0.368056,0.077758,216.594650,-1.000000,-0.000000
2010,9,30.000000,145.000000,32.500000,147.500000,3419.380000,1.690365,0.072820,0.000000,1.763185,28.066988,1.103405,18.904395,0.205575,1.856846,0.176777,0.127222,0.105197,204.630310,-1.000000,-0.000000
2010,9,30.000000,150.000000,32.500000,152.500000,3275.080000,1.852779,0.255261,0.040610,2.148650,27.688924,1.063964,19.385104,0.229258,3.435675,0.149876,0.188333,0.099035,206.008530,-1.000000,-0.000000
2010,9,30.000000,155.000000,32.500000,157.500000,3277.930000,1.395698,4.264277,0.228193,5.888167,27.215513,0.923217,15.183680,0.283283,2.237660,0.213281,0.234722,0.096697,207.983963,-1.000000,-0.000000
2010,9,30.000000,160.000000,32.500000,162.500000,1110.170000,0.000000,7.403371,0.602610,8.005981,27.002370,0.757911,13.182428,0.276599,2.556687,0.301583,0.350000,0.095665,208.803345,-1.000000,-0.000000
2010,9,30.000000,-170.000000,32.500000,-167.500000,1304.670000,1.377360,18.655292,0.069749,20.102401,,,,,,,,,,-1.000000,-0.000000
2010,9,-30.000000,-135.000000,-27.500000,-132.500000,1105.170000,0.470516,0.409892,37.833094,38.713501,,,,,,,,,,-1.000000,-0.000000
2010,9,-30.000000,150.000000,-27.500000,152.500000,1922.740000,18.512123,2.481875,6.056461,27.050459,22.938003,0.615903,26.617872,0.350655,101.619031,0.132249,0.807347,0.384550,216.112915,-1.000000,-0.000000
2010,9,-30.000000,155.000000,-27.500000,157.500000,2894.130000,7.514866,1.438083,28.716056,37.669006,21.307852,0.594648,27.758408,0.312622,5.338874,0.139980,0.481111,0.311619,227.975311,-1.000000,-0.000000
2010,9,-30.000000,160.000000,-27.500000,162.500000,2909.730000,6.164833,2.408815,25.841917,34.415564,20.830690,0.573049,28.331054,0.162816,6.290570,0.084677,0.572500,0.210655,230.927811,-1.000000,-0.000000
2010,9,-30.000000,170.000000,-27.500000,172.500000,17602.330000,0.598671,0.726722,33.827113,35.152505,20.480371,0.527372,27.738487,0.201791,3.767371,0.124236,0.621667,0.140927,232.155060,-1.000000,-0.000000
2010,9,-30.000000,175.000000,-27.500000,177.500000,2295.330000,0.381209,0.521929,21.428727,22.331865,20.676503,0.515691,29.485587,0.175631,3.181139,0.117689,0.561389,0.115570,231.858627,-1.000000,-0.000000
2010,9,-30.000000,-175.000000,-27.500000,-172.500000,2157.750000,3.871162,4.015294,20.879620,28.766076,,,,,,,,,,-1.000000,-0.000000
2010,9,-30.000000,-180.000000,-27.500000,-177.500000,2203.810000,2.208902,0.053090,24.529338,26.791330,,,,,,,,,,-1.000000,-0.000000
2010,9,35.000000,145.000000,37.500000,147.500000,1795.860000,0.041763,0.421525,0.041763,0.505051,25.029493,0.244962,15.065802,0.426148,5.038993,0.376593,0.580278,0.135474,209.863373,-1.000000,-0.000000
2010,9,35.000000,150.000000,37.500000,152.500000,5044.750000,0.162545,6.851876,0.334605,7.349026,25.281747,0.455829,16.581640,0.415255,7.005635,0.372794,0.668889,0.108519,211.134415,-1.000000,-0.000000
2010,9,35.000000,155.000000,37.500000,157.500000,30490.980000,0.201666,11.798276,0.867011,12.866953,24.216963,0.271018,14.497564,0.303532,3.971122,0.174159,0.519167,0.089406,213.845154,-1.000000,-0.000000
2010,9,35.000000,160.000000,37.500000,162.500000,14384.730000,0.247137,15.028784,2.296880,17.572801,23.858286,0.387708,15.061012,0.292078,5.225966,0.190538,0.423611,0.080917,218.729965,-1.000000,-0.000000
2010,9,35.000000,165.000000,37.500000,167.500000,12441.770000,0.814916,19.599623,2.816641,23.231180,23.638929,0.428994,15.951008,0.267667,9.335718,0.220045,0.542778,0.083916,223.018066,-1.000000,-0.000000
2010,9,35.000000,170.000000,37.500000,172.500000,4706.860000,2.580064,11.544427,3.491712,17.616203,23.456727,0.421616,14.870441,0.262990,8.902536,0.197135,0.561389,0.148413,227.167068,-1.000000,-0.000000
2010,9,-35.000000,-135.000000,-32.500000,-132.500000,6407.050000,0.061339,0.101295,59.872484,60.035118,,,,,,,,,,-1.000000,-0.000000
2010,9,-35.000000,-140.000000,-32.500000,-137.500000,1503.600000,0.216813,0.204177,45.077148,45.498138,,,,,,,,,,-1.000000,-0.000000
2010,9,-35.000000,150.000000,-32.500000,152.500000,1623.350000,35.306619,4.332399,5.590908,45.229926,20.428418,0.483122,45.991204,0.472622,96.548107,0.289149,0.699372,0.526157,226.673676,-1.000000,-0.000000
2010,9,-35.000000,-150.000000,-32.500000,-147.500000,1441.690000,1.208998,1.161831,69.790316,72.161144,,,,,,,,,,-1.000000,-0.000000
2010,9,-35.000000,-175.000000,-32.500000,-172.500000,1041.880000,12.642531,2.373594,17.463623,32.479748,,,,,,,,,,-1.000000,-0.000000
2010,9,40.000000,165.000000,42.500000,167.500000,5392.130000,0.101815,0.288569,0.043397,0.433780,16.921729,0.039830,15.198939,0.164923,9.249722,0.180104,0.748889,0.251014,251.517288,-1.000000,-0.000000
2010,9,40.000000,170.000000,42.500000,172.500000,2128.700000,0.000000,0.180862,0.310048,0.490910,16.639689,0.079811,16.554978,0.193901,7.300887,0.163415,0.787222,0.277300,257.115326,-1.000000,-0.000000
2010,9,40.000000,175.000000,42.500000,177.500000,1800.000000,0.000000,0.177778,0.291667,0.469444,16.207364,0.097662,16.949811,0.136926,4.806720,0.084916,0.771944,0.269202,257.756317,-1.000000,-0.000000
2010,9,40.000000,-175.000000,42.500000,-172.500000,1106.530000,0.000000,0.068683,10.914300,10.982983,,,,,,,,,,-1.000000,-0.000000
2010,10,0.000000,120.000000,2.500000,122.500000,22783.710000,13.284184,1.919134,0.000000,15.203319,30.186010,0.695198,15.236191,0.203210,138.118317,0.021407,0.072936,0.114222,200.155182,-0.866025,0.500000
2010,10,0.000000,125.000000,2.500000,127.500000,30080.640000,13.281533,1.921768,0.000000,15.203300,30.220246,0.699569,12.496573,0.400719,139.722391,0.038772,0.159407,0.149562,200.910919,-0.866025,0.500000
2010,10,0.000000,130.000000,2.500000,132.500000,11632.890000,11.434820,4.424524,0.022178,15.881522,30.248482,0.759528,13.992470,0.627249,119.497734,0.031531,0.018616,0.144923,199.854858,-0.866025,0.500000
2010,10,0.000000,135.000000,2.500000,137.500000,2812.980000,5.167829,6.258487,0.036616,11.462933,30.330802,0.756948,17.811832,0.435661,0.585337,0.028971,0.000000,0.160569,199.448318,-0.866025,0.500000
2010,10,0.000000,140.000000,2.500000,142.500000,1600.020000,2.941838,8.864889,0.000000,11.806727,30.063354,0.757360,20.869872,0.387599,0.397146,0.018010,0.000000,0.122777,198.625931,-0.866025,0.500000
2010,10,0.000000,145.000000,2.500000,147.500000,2499.600000,4.413106,12.865258,0.025604,17.303969,29.892527,0.753297,22.393932,0.287669,0.462613,0.021366,0.000000,0.125478,198.700699,-0.866025,0.500000
2010,10,0.000000,155.000000,2.500000,157.500000,6053.650000,11.169129,6.485839,0.017180,17.672148,29.111343,0.707905,23.147273,0.340974,0.481952,0.023854,0.000000,0.191814,200.200150,-0.866025,0.500000
2010,10,0.000000,160.000000,2.500000,162.500000,2791.490000,14.232184,5.697316,0.066273,19.995773,28.757048,0.691598,22.177463,0.397217,0.523788,0.026992,0.000000,0.203460,200.616165,-0.866025,0.500000
2010,10,0.000000,-160.000000,2.500000,-157.500000,4557.560000,4.110533,25.479862,0.908381,30.498776,,,,,,,,,,-0.866025,0.500000
2010,10,0.000000,165.000000,2.500000,167.500000,4524.560000,7.974698,8.471763,0.266545,16.713006,28.402310,0.666865,24.430543,0.407896,91.520477,0.032284,0.002779,0.227621,201.037308,-0.866025,0.500000
2010,10,0.000000,170.000000,2.500000,172.500000,1383.120000,8.357192,3.879634,0.035427,12.272254,28.004471,0.641772,30.800784,0.442833,125.818448,0.032967,0.041306,0.239706,203.085175,-0.866025,0.500000
2010,10,0.000000,175.000000,2.500000,177.500000,1424.000000,10.974719,4.383427,0.085674,15.443820,27.673052,0.608233,31.896930,0.385386,0.701981,0.041424,0.006944,0.206727,204.055893,-0.866025,0.500000
2010,10,5.000000,115.000000,7.500000,117.500000,4338.660000,24.767785,0.176091,0.000000,24.943877,29.868212,0.813586,16.155907,0.170850,138.096898,0.027823,0.176047,0.122857,199.040588,-0.866025,0.500000
2010,10,5.000000,120.000000,7.500000,122.500000,1816.910000,42.415970,1.559791,0.528370,44.504131,30.094841,0.772020,14.490672,0.148794,137.391196,0.034906,0.178657,0.122742,198.659576,-0.866025,0.500000
2010,10,5.000000,130.000000,7.500000,132.500000,3040.410000,2.601952,4.007683,0.020392,6.630027,30.198754,0.654349,20.778785,0.305035,135.307838,0.054508,0.007804,0.091816,198.462082,-0.866025,0.500000
2010,10,5.000000,135.000000,7.500000,137.500000,1835.200000,4.830536,4.780405,0.005994,9.616935,30.158581,0.706270,20.057453,0.218663,133.361480,0.038183,0.006954,0.088198,198.204025,-0.866025,0.500000
2010,10,5.000000,145.000000,7.500000,147.500000,2129.410000,8.178322,9.635533,0.206630,18.020485,29.874839,0.784898,24.309350,0.110888,0.462279,0.020135,0.000000,0.080638,198.136612,-0.866025,0.500000
2010,10,5.000000,155.000000,7.500000,157.500000,2640.230000,6.637301,10.066168,0.129155,16.832624,29.441131,0.724475,19.932100,0.139150,124.951845,0.033739,0.003336,0.094297,199.117645,-0.866025,0.500000
2010,10,5.000000,-160.000000,7.500000,-157.500000,1258.270000,8.070605,22.774126,1.197676,32.042407,,,,,,,,,,-0.866025,0.500000
2010,10,5.000000,165.000000,7.500000,167.500000,1397.150000,6.702931,7.148123,0.032208,13.883262,28.978129,0.643888,22.411351,0.147010,130.131110,0.048028,0.041926,0.116711,200.173355,-0.866025,0.500000
2010,10,5.000000,170.000000,7.500000,172.500000,7003.980000,0.946176,8.302137,0.646061,9.894374,28.720238,0.569599,24.819791,0.211364,129.508728,0.056074,0.034037,0.167220,201.137299,-0.866025,0.500000
2010,10,-5.000000,120.000000,-2.500000,122.500000,29187.740000,13.273278,1.930023,0.000000,15.203301,29.770606,0.671917,11.157702,0.108732,137.347138,0.009826,0.236145,0.122090,201.420486,-0.866025,0.500000
2010,10,-5.000000,125.000000,-2.500000,127.500000,43781.610000,13.273267,1.930034,0.000000,15.203301,29.783856,0.666708,11.254244,0.202644,135.405223,0.011836,0.152632,0.128140,201.076340,-0.866025,0.500000
2010,10,-5.000000,130.000000,-2.500000,132.500000,14593.870000,13.273244,1.930057,0.000000,15.203301,29.791762,0.696121,11.638765,0.189851,139.507797,0.034650,0.299545,0.150735,200.610809,-0.866025,0.500000
2010,10,-5.000000,135.000000,-2.500000,137.500000,3213.270000,18.024940,1.205625,0.014316,19.244881,29.815042,0.752757,16.264380,0.505208,136.528169,0.026531,0.202959,0.252729,201.799194,-0.866025,0.500000
2010,10,-5.000000,-155.000000,-2.500000,-152.500000,18046.770000,1.745354,29.289009,1.479212,32.513574,,,,,,,,,,-0.866025,0.500000
2010,10,-5.000000,-160.000000,-2.500000,-157.500000,6613.360000,3.361226,28.282144,2.436885,34.080256,,,,,,,,,,-0.866025,0.500000
2010,10,-5.000000,165.000000,-2.500000,167.500000,1754.610000,7.661532,19.017331,0.155020,26.833883,28.297458,0.667280,28.323255,0.442101,0.580246,0.040006,0.000000,0.207987,202.268692,-0.866025,0.500000
2010,10,-5.000000,-165.000000,-2.500000,-162.500000,2218.730000,7.235220,20.444579,2.332866,30.012665,,,,,,,,,,-0.866025,0.500000
2010,10,-5.000000,170.000000,-2.500000,172.500000,13069.040000,10.767815,17.647203,0.296961,28.711979,28.185213,0.637693,29.405666,0.416568,123.161230,0.042071,0.066054,0.213535,202.802658,-0.866025,0.500000
2010,10,-5.000000,-170.000000,-2.500000,-167.500000,2149.460000,3.816307,18.662827,0.591311,23.070446,,,,,,,,,,-0.866025,0.500000
2010,10,-5.000000,175.000000,-2.500000,177.500000,3360.160000,9.486453,11.892291,0.152969,21.531713,28.100934,0.595859,33.840898,0.329842,87.789075,0.036247,0.036131,0.200211,203.966980,-0.866025,0.500000
2010,10,-5.000000,-175.000000,-2.500000,-172.500000,1499.820000,5.160619,16.130602,0.246696,21.537918,,,,,,,,,,-0.866025,0.500000
2010,10,-5.000000,-180.000000,-2.500000,-177.500000,1621.170000,10.101963,14.814609,0.361467,25.278040,,,,,,,,,,-0.866025,0.500000
2010,10,10.000000,110.000000,12.500000,112.500000,14591.850000,13.582102,3.485096,0.000000,17.067198,29.571049,0.805476,22.888629,0.163286,1.268851,0.057016,0.053056,0.088860,199.690231,-0.866025,0.500000
2010,10,10.000000,115.000000,12.500000,117.500000,16013.500000,12.667374,3.186936,0.000000,15.854310,29.751816,0.789643,21.625968,0.152190,134.408852,0.050001,0.053348,0.095710,198.400360,-0.866025,0.500000
2010,10,10.000000,120.000000,12.500000,122.500000,5132.700000,32.675785,0.035069,0.000000,32.710854,29.762286,0.813731,14.410570,0.072676,136.018432,0.039324,0.379537,0.187586,197.565659,-0.866025,0.500000
2010,10,10.000000,130.000000,12.500000,132.500000,4561.690000,3.881895,0.744461,1.391151,6.017507,29.875692,0.851927,24.360003,0.128698,0.338654,0.041027,0.000000,0.090917,198.189758,-0.866025,0.500000
2010,10,10.000000,135.000000,12.500000,137.500000,1058.660000,2.407761,0.613039,3.161544,6.182344,29.739349,0.863781,24.313589,0.154177,119.171980,0.058582,0.001946,0.088005,198.123688,-0.866025,0.500000
2010,10,10.000000,150.000000,12.500000,152.500000,1337.670000,17.451987,0.927733,2.067775,20.447495,29.443955,0.815986,25.049297,0.127555,0.251999,0.044850,0.000000,0.080514,198.941971,-0.866025,0.500000
2010,10,10.000000,-160.000000,12.500000,-157.500000,1271.590000,2.651012,0.225702,0.000000,2.876713,,,,,,,,,,-0.866025,0.500000
2010,10,10.000000,-165.000000,12.500000,-162.500000,1963.310000,0.677427,0.896955,0.046350,1.620732,,,,,,,,,,-0.866025,0.500000
2010,10,10.000000,170.000000,12.500000,172.500000,1970.980000,3.276543,7.543456,4.105572,14.925570,28.278978,0.677587,31.196507,0.236297,56.919161,0.094355,0.003056,0.101906,201.578583,-0.866025,0.500000
2010,10,10.000000,175.000000,12.500000,177.500000,1209.220000,4.700551,12.682556,10.938456,28.321563,27.946677,0.609310,33.932897,0.246430,0.349506,0.097957,0.000000,0.082805,202.258606,-0.866025,0.500000
2010,10,-10.000000,-135.000000,-7.500000,-132.500000,16226.080000,3.721478,29.194852,1.654743,34.571073,,,,,,,,,,-0.866025,0.500000
2010,10,-10.000000,-140.000000,-7.500000,-137.500000,3294.400000,2.559798,19.290614,8.853205,30.703618,,,,,,,,,,-0.866025,0.500000
2010,10,-10.000000,-145.000000,-7.500000,-142.500000,1700.470000,2.551647,25.307121,0.758026,28.616794,,,,,,,,,,-0.866025,0.500000
2010,10,-10.000000,150.000000,-7.500000,152.500000,2313.850000,17.196447,2.502323,1.209240,20.908010,29.074954,0.725935,13.535074,0.315036,134.340552,0.050728,0.181409,0.288490,203.812912,-0.866025,0.500000
2010,10,-10.000000,-150.000000,-7.500000,-147.500000,3608.650000,5.002425,19.306389,1.906530,26.215344,,,,,,,,,,-0.866025,0.500000
2010,10,-10.000000,155.000000,-7.500000,157.500000,12180.080000,38.779712,4.418444,1.576344,44.774501,29.340678,0.764526,18.193215,0.210503,132.098820,0.040687,0.132283,0.317611,203.021683,-0.866025,0.500000
2010,10,-10.000000,-155.000000,-7.500000,-152.500000,32070.520000,8.754301,26.317004,3.531405,38.602711,,,,,,,,,,-0.866025,0.500000
2010,10,-10.000000,160.000000,-7.500000,162.500000,7365.690000,40.222572,6.542768,0.181246,46.946586,29.287029,0.746077,19.952555,0.211660,129.708540,0.049072,0.070226,0.185852,201.081573,-0.866025,0.500000
2010,10,-10.000000,-160.000000,-7.500000,-157.500000,7598.760000,7.977486,21.958714,4.714717,34.650917,,,,,,,,,,-0.866025,0.500000
2010,10,-10.000000,165.000000,-7.500000,167.500000,5081.770000,17.539558,6.246642,0.955966,24.742167,29.344420,0.749634,22.205438,0.140240,0.538857,0.018123,0.000000,0.162051,200.383347,-0.866025,0.500000
2010,10,-10.000000,-165.000000,-7.500000,-162.500000,6385.210000,4.254206,14.430379,2.826689,21.511274,,,,,,,,,,-0.866025,0.500000
2010,10,-10.000000,170.000000,-7.500000,172.500000,5241.950000,12.085197,5.833135,2.618873,20.537205,29.202984,0.748561,25.914539,0.150351,0.805053,0.013747,0.005833,0.163106,200.483093,-0.866025,0.500000
2010,10,-10.000000,-170.000000,-7.500000,-167.500000,3489.270000,5.849074,16.842778,1.508052,24.199904,,,,,,,,,,-0.866025,0.500000
2010,10,-10.000000,175.000000,-7.500000,177.500000,5963.000000,3.803790,3.868187,9.791380,17.463357,29.057045,0.753012,26.698229,0.205118,0.310365,0.041725,0.000000,0.157080,201.019394,-0.866025,0.500000
2010,10,-10.000000,-175.000000,-7.500000,-172.500000,1797.470000,4.596461,9.009886,3.646236,17.252583,,,,,,,,,,-0.866025,0.500000
2010,10,-10.000000,-180.000000,-7.500000,-177.500000,1243.300000,5.106571,6.231802,2.240006,13.578380,,,,,,,,,,-0.866025,0.500000
2010,10,15.000000,110.000000,17.500000,112.500000,14591.850000,13.582102,3.485096,0.000000,17.067198,28.717280,0.790836,28.634937,0.190172,124.989179,0.071135,0.244303,0.099700,200.742920,-0.866025,0.500000
2010,10,15.000000,115.000000,17.500000,117.500000,17040.050000,13.063166,2.984381,0.000000,16.047547,29.035765,0.737873,25.034870,0.161430,132.790871,0.073199,0.139276,0.092880,199.879974,-0.866025,0.500000
2010,10,15.000000,130.000000,17.500000,132.500000,3682.320000,0.774240,2.470997,18.065785,21.311021,29.636795,1.011917,28.742546,0.188776,0.668748,0.071926,0.005278,0.091359,198.287125,-0.866025,0.500000
2010,10,15.000000,150.000000,17.500000,152.500000,4701.430000,9.655786,0.404132,1.565056,11.624974,29.245845,0.884939,30.192853,0.121975,0.556276,0.048035,0.000000,0.079800,199.091995,-0.866025,0.500000
2010,10,15.000000,-160.000000,17.500000,-157.500000,1873.140000,2.101284,15.435579,0.319784,17.856647,,,,,,,,,,-0.866025,0.500000
2010,10,15.000000,-165.000000,17.500000,-162.500000,3451.620000,3.156779,12.089396,0.930867,16.177042,,,,,,,,,,-0.866025,0.500000
2010,10,15.000000,-175.000000,17.500000,-172.500000,1741.960000,7.271694,0.365106,0.068314,7.705114,,,,,,,,,,-0.866025,0.500000
2010,10,-15.000000,-135.000000,-12.500000,-132.500000,15923.640000,0.917692,27.864044,11.273427,40.055163,,,,,,,,,,-0.866025,0.500000
2010,10,-15.000000,-145.000000,-12.500000,-142.500000,5133.930000,3.373829,20.337636,8.432526,32.143991,,,,,,,,,,-0.866025,0.500000
2010,10,-15.000000,150.000000,-12.500000,152.500000,3279.370000,27.623293,1.656416,2.861525,32.141234,28.183477,0.714284,16.030404,0.157920,127.914565,0.037682,0.171654,0.136737,202.069107,-0.866025,0.500000
2010,10,-15.000000,-150.000000,-12.500000,-147.500000,4132.210000,5.317736,12.620607,5.246829,23.185172,,,,,,,,,,-0.866025,0.500000
2010,10,-15.000000,155.000000,-12.500000,157.500000,27044.970000,12.992176,1.701499,17.729249,32.422924,28.507068,0.692852,17.529197,0.201196,1.348574,0.061459,0.038611,0.107282,201.908981,-0.866025,0.500000
2010,10,-15.000000,-155.000000,-12.500000,-152.500000,2562.860000,8.862755,26.680739,7.053838,42.597333,,,,,,,,,,-0.866025,0.500000
2010,10,-15.000000,160.000000,-12.500000,162.500000,21558.380000,11.077780,1.381922,16.184565,28.644267,28.363134,0.675597,18.605738,0.186863,128.871510,0.072662,0.052291,0.103210,201.565598,-0.866025,0.500000
2010,10,-15.000000,-160.000000,-12.500000,-157.500000,7028.740000,3.728833,1.834326,39.317716,44.880875,,,,,,,,,,-0.866025,0.500000
2010,10,-15.000000,165.000000,-12.500000,167.500000,12523.190000,4.070449,0.982258,19.374776,24.427482,28.550966,0.665810,19.123272,0.243594,125.173508,0.061375,0.041597,0.090621,201.646255,-0.866025,0.500000
2010,10,-15.000000,-165.000000,-12.500000,-162.500000,9093.560000,3.734401,1.986901,33.640510,39.361812,,,,,,,,,,-0.866025,0.500000
2010,10,-15.000000,170.000000,-12.500000,172.500000,17068.840000,1.810492,0.740824,16.658191,19.209507,28.916597,0.742794,22.214000,0.124207,1.594691,0.038317,0.027222,0.088700,201.288528,-0.866025,0.500000
2010,10,-15.000000,-170.000000,-12.500000,-167.500000,18194.620000,2.109854,1.352872,26.494315,29.957042,,,,,,,,,,-0.866025,0.500000
2010,10,-15.000000,175.000000,-12.500000,177.500000,5642.650000,5.724792,1.720291,17.962837,25.407920,29.014695,0.776311,23.627982,0.073605,0.724579,0.011836,0.005278,0.078762,200.040680,-0.866025,0.500000
2010,10,-15.000000,-175.000000,-12.500000,-172.500000,8354.830000,3.895711,1.293743,22.980599,28.170053,,,,,,,,,,-0.866025,0.500000
2010,10,20.000000,115.000000,22.500000,117.500000,1467.320000,5.389417,0.012267,0.000000,5.401685,27.519957,0.743378,30.599122,0.199128,121.055030,0.068845,0.425913,0.284699,203.378799,-0.866025,0.500000
2010,10,20.000000,125.000000,22.500000,127.500000,2071.540000,0.784923,5.000145,6.866389,12.651457,28.461754,1.070848,26.955233,0.183568,87.008529,0.089598,0.081434,0.085854,201.108521,-0.866025,0.500000
2010,10,20.000000,130.000000,22.500000,132.500000,1853.910000,1.085274,9.968121,10.520468,21.573863,29.053656,1.062652,26.787157,0.167331,1.340083,0.089952,0.036111,0.081273,199.627457,-0.866025,0.500000
2010,10,20.000000,135.000000,22.500000,137.500000,2351.550000,2.757756,2.505156,6.306053,11.568965,29.350985,0.997855,23.822622,0.156027,1.527585,0.080268,0.061667,0.081721,199.300003,-0.866025,0.500000
2010,10,20.000000,140.000000,22.500000,142.500000,2278.830000,8.689108,4.776135,8.883945,22.349188,28.844881,1.008192,22.200288,0.191773,56.670943,0.092274,0.030842,0.080809,200.574142,-0.866025,0.500000
2010,10,20.000000,145.000000,22.500000,147.500000,5433.220000,2.078510,0.226201,0.369394,2.674105,29.036388,1.014008,29.702268,0.163991,0.691214,0.069756,0.001667,0.077861,199.796234,-0.866025,0.500000
2010,10,20.000000,150.000000,22.500000,152.500000,2491.990000,3.145679,0.363164,0.970710,4.479552,28.892589,0.995020,35.756801,0.128990,0.559677,0.063439,0.000000,0.075176,199.821564,-0.866025,0.500000
2010,10,20.000000,155.000000,22.500000,157.500000,1096.790000,4.039059,0.923604,3.660683,8.623346,28.648730,0.961490,39.634560,0.176269,0.616460,0.086385,0.000833,0.071722,200.133575,-0.866025,0.500000
2010,10,20.000000,-155.000000,22.500000,-152.500000,9026.210000,0.518822,13.615681,0.130509,14.265013,,,,,,,,,,-0.866025,0.500000
2010,10,20.000000,160.000000,22.500000,162.500000,1088.030000,3.232448,1.157137,6.764519,11.154104,28.375160,0.921398,39.364386,0.139089,0.775169,0.060334,0.007778,0.070969,200.605042,-0.866025,0.500000
2010,10,20.000000,-160.000000,22.500000,-157.500000,7339.070000,0.163236,12.186149,0.008312,12.357697,,,,,,,,,,-0.866025,0.500000
2010,10,-20.000000,-135.000000,-17.500000,-132.500000,4667.600000,0.883538,5.843903,53.627346,60.354786,,,,,,,,,,-0.866025,0.500000
2010,10,-20.000000,-145.000000,-17.500000,-142.500000,1216.230000,1.970844,1.890267,23.115694,26.976805,,,,,,,,,,-0.866025,0.500000
2010,10,-20.000000,-150.000000,-17.500000,-147.500000,7081.820000,0.760115,1.515006,36.595960,38.871081,,,,,,,,,,-0.866025,0.500000
2010,10,-20.000000,155.000000,-17.500000,157.500000,4053.030000,5.254094,1.061922,40.459607,46.775622,26.943516,0.790565,23.242474,0.145074,2.121066,0.047604,0.219722,0.083698,206.188782,-0.866025,0.500000
2010,10,-20.000000,-155.000000,-17.500000,-152.500000,3433.810000,1.517265,3.776854,28.338202,33.632321,,,,,,,,,,-0.866025,0.500000
2010,10,-20.000000,160.000000,-17.500000,162.500000,6494.000000,4.983369,1.365414,23.757314,30.106098,26.833461,0.719430,22.513740,0.144668,52.511604,0.037710,0.198111,0.085991,206.193375,-0.866025,0.500000
2010,10,-20.000000,165.000000,-17.500000,167.500000,10574.220000,4.597975,2.409918,25.218976,32.226869,27.066887,0.754660,24.301424,0.147382,124.874123,0.023941,0.188485,0.085118,206.033127,-0.866025,0.500000
2010,10,-20.000000,170.000000,-17.500000,172.500000,30804.680000,1.490423,0.691129,24.476930,26.658482,27.218098,0.731940,23.075046,0.169473,2.777036,0.046692,0.311111,0.076515,205.635406,-0.866025,0.500000
2010,10,-20.000000,175.000000,-17.500000,177.500000,12773.070000,3.317527,1.306890,19.743178,24.367595,27.447057,0.725755,21.468719,0.111456,126.464723,0.033157,0.339794,0.090852,204.742249,-0.866025,0.500000
2010,10,-20.000000,-180.000000,-17.500000,-177.500000,8874.420000,6.150937,1.244138,18.154877,25.549951,,,,,,,,,,-0.866025,0.500000
2010,10,25.000000,135.000000,27.500000,137.500000,2445.380000,2.668706,0.127179,0.325103,3.120987,28.266988,1.082537,22.897784,0.137169,1.047813,0.084705,0.028889,0.086300,201.421783,-0.866025,0.500000
2010,10,25.000000,145.000000,27.500000,147.500000,8341.840000,1.620026,0.267327,0.117360,2.004714,28.262586,0.993744,22.004101,0.116174,1.594395,0.053447,0.134722,0.082751,202.747620,-0.866025,0.500000
2010,10,25.000000,150.000000,27.500000,152.500000,5793.150000,1.888610,0.408413,0.285510,2.582533,28.460611,1.006111,25.767415,0.119217,2.338814,0.060185,0.104167,0.081060,201.874573,-0.866025,0.500000
2010,10,25.000000,155.000000,27.500000,157.500000,4099.360000,1.123102,0.517642,0.206862,1.847605,28.246285,0.941768,29.763983,0.137336,1.403110,0.069348,0.037500,0.080401,202.843063,-0.866025,0.500000
2010,10,25.000000,-155.000000,27.500000,-152.500000,1519.770000,0.581009,11.019431,0.026978,11.627417,,,,,,,,,,-0.866025,0.500000
2010,10,25.000000,160.000000,27.500000,162.500000,1121.040000,1.031185,0.716299,0.171270,1.918754,27.909964,0.955717,29.135344,0.121327,2.033302,0.068293,0.033889,0.078501,203.873520,-0.866025,0.500000
2010,10,25.000000,-160.000000,27.500000,-157.500000,1804.600000,0.393993,8.390779,0.033803,8.818575,,,,,,,,,,-0.866025,0.500000
2010,10,-25.000000,160.000000,-22.500000,162.500000,1193.390000,6.353330,0.072902,43.543184,49.969415,24.247975,0.686168,24.979955,0.229122,116.349760,0.089386,0.457641,0.077489,215.749054,-0.866025,0.500000
2010,10,-25.000000,170.000000,-22.500000,172.500000,1748.070000,5.736612,0.502840,17.336834,23.576287,24.169478,0.662782,29.021112,0.224039,5.128011,0.082099,0.567778,0.071298,215.113617,-0.866025,0.500000
2010,10,30.000000,145.000000,32.500000,147.500000,2810.980000,0.750628,3.378181,1.223417,5.352226,26.565524,1.131699,29.463164,0.226176,2.219189,0.173479,0.280556,0.094576,208.401169,-0.866025,0.500000
2010,10,30.000000,150.000000,32.500000,152.500000,2414.720000,2.322008,8.841605,3.429797,14.593410,26.890781,1.115729,24.865974,0.219339,2.968132,0.136921,0.228333,0.093576,207.305252,-0.866025,0.500000
2010,10,30.000000,155.000000,32.500000,157.500000,8802.230000,0.372178,25.255191,4.500564,30.127933,26.652782,0.934925,23.970298,0.314547,2.527320,0.274352,0.321111,0.084988,207.935806,-0.866025,0.500000
2010,10,30.000000,160.000000,32.500000,162.500000,3152.280000,0.395587,22.682630,2.335770,25.413986,26.495495,0.853055,23.235989,0.267953,1.885408,0.265873,0.239444,0.083272,208.860504,-0.866025,0.500000
2010,10,30.000000,170.000000,32.500000,172.500000,2453.470000,2.418208,46.161559,1.490542,50.070309,25.701891,0.803961,25.122160,0.171081,2.840375,0.077167,0.356667,0.075877,212.702133,-0.866025,0.500000
2010,10,-30.000000,155.000000,-27.500000,157.500000,1579.680000,5.382103,1.419908,4.530031,11.332042,22.019320,0.628882,31.205686,0.283856,5.314400,0.124964,0.485278,0.243934,226.107239,-0.866025,0.500000
2010,10,-30.000000,160.000000,-27.500000,162.500000,2248.220000,16.103406,5.505689,6.175997,27.785092,21.534811,0.618521,30.995024,0.182370,4.891711,0.101592,0.591389,0.148145,228.640533,-0.866025,0.500000
2010,10,-30.000000,175.000000,-27.500000,177.500000,3269.970000,1.067288,0.814992,27.628082,29.510362,21.277312,0.517411,35.871754,0.224620,5.575890,0.117634,0.568889,0.088431,229.612640,-0.866025,0.500000
2010,10,35.000000,145.000000,37.500000,147.500000,5816.540000,0.478807,19.753840,4.422560,24.655207,21.607786,0.286299,27.617048,0.462574,6.512478,0.418838,0.603333,0.204704,220.814331,-0.866025,0.500000
2010,10,35.000000,150.000000,37.500000,152.500000,10827.520000,1.100437,14.981916,2.234861,18.317214,22.248213,0.407293,29.468589,0.415525,6.363593,0.415943,0.660556,0.148488,217.706894,-0.866025,0.500000
2010,10,35.000000,155.000000,37.500000,157.500000,41485.280000,0.800838,24.141382,3.892754,28.834975,23.177350,0.364261,25.493638,0.278582,5.519407,0.200152,0.736389,0.121734,217.922562,-0.866025,0.500000
2010,10,35.000000,160.000000,37.500000,162.500000,5590.820000,1.610676,16.008027,3.826809,21.445512,22.998198,0.409006,25.182900,0.293628,6.097676,0.187750,0.703889,0.092023,219.670395,-0.866025,0.500000
2010,10,35.000000,165.000000,37.500000,167.500000,4548.020000,0.035400,22.714500,4.904112,27.654012,22.835756,0.473501,28.763908,0.275095,5.829381,0.203925,0.567778,0.083005,223.978149,-0.866025,0.500000
2010,10,35.000000,-165.000000,37.500000,-162.500000,3242.460000,0.013878,0.254128,64.380131,64.648138,,,,,,,,,,-0.866025,0.500000
2010,10,35.000000,170.000000,37.500000,172.500000,2211.140000,2.557504,10.599510,2.374341,15.531355,22.743857,0.486330,28.661714,0.273131,7.467165,0.200650,0.623889,0.125946,228.292679,-0.866025,0.500000
2010,10,35.000000,-170.000000,37.500000,-167.500000,3579.610000,0.048329,0.322661,52.444819,52.815810,,,,,,,,,,-0.866025,0.500000
2010,10,35.000000,175.000000,37.500000,177.500000,2037.880000,0.043673,5.657841,1.268966,6.970479,21.658374,0.446394,27.113323,0.242903,7.324541,0.189147,0.626111,0.132237,229.705780,-0.866025,0.500000
2010,10,-35.000000,-135.000000,-32.500000,-132.500000,5651.470000,0.092542,0.067062,54.380365,54.539969,,,,,,,,,,-0.866025,0.500000
2010,10,-35.000000,-140.000000,-32.500000,-137.500000,1976.810000,0.315154,0.021752,60.321427,60.658333,,,,,,,,,,-0.866025,0.500000
2010,10,-35.000000,-145.000000,-32.500000,-142.500000,2015.530000,0.430656,0.501109,58.019479,58.951244,,,,,,,,,,-0.866025,0.500000
2010,10,-35.000000,150.000000,-32.500000,152.500000,1658.060000,49.557314,2.618120,2.858160,55.033593,20.946760,0.484833,36.729448,0.472774,96.675256,0.243517,0.723538,0.498731,222.434799,-0.866025,0.500000
2010,10,-35.000000,-150.000000,-32.500000,-147.500000,1330.560000,0.512566,0.519330,53.563913,54.595809,,,,,,,,,,-0.866025,0.500000
2010,10,40.000000,150.000000,42.500000,152.500000,2238.430000,0.000000,0.000000,0.000000,0.000000,14.260913,-0.067882,22.532622,0.156468,8.090299,0.125441,0.811667,0.359025,258.454010,-0.866025,0.500000
2010,10,40.000000,165.000000,42.500000,167.500000,1896.390000,0.000000,0.102827,0.031112,0.133939,15.489096,0.058195,25.618552,0.152022,10.327450,0.164838,0.730278,0.258731,253.943756,-0.866025,0.500000
2010,10,40.000000,170.000000,42.500000,172.500000,6794.380000,0.000000,0.056664,0.048570,0.105234,15.921460,0.116200,29.087956,0.183717,8.614540,0.166384,0.817500,0.266574,259.034058,-0.866025,0.500000
2010,11,0.000000,120.000000,2.500000,122.500000,20581.070000,15.197169,2.444868,0.000000,17.642037,30.050253,0.720380,12.794616,0.277309,138.080226,0.017968,0.068901,0.110852,200.463745,-0.500000,0.866025
2010,11,0.000000,125.000000,2.500000,127.500000,25628.770000,15.588614,2.255590,0.000000,17.844204,30.204340,0.735000,13.469270,0.388606,140.021157,0.036401,0.129159,0.120999,200.891907,-0.500000,0.866025
2010,11,0.000000,130.000000,2.500000,132.500000,15176.740000,12.858690,7.359156,0.000000,20.217847,30.229110,0.786105,15.950141,0.586811,120.517132,0.035050,0.014171,0.119773,199.954895,-0.500000,0.866025
2010,11,0.000000,135.000000,2.500000,137.500000,2649.450000,9.782408,8.697654,0.000000,18.480062,30.327801,0.811884,17.398773,0.503335,0.304050,0.026450,0.000000,0.100556,198.905563,-0.500000,0.866025
2010,11,0.000000,145.000000,2.500000,147.500000,1783.140000,17.182050,10.686766,0.444160,28.312976,29.878851,0.775114,20.132383,0.338992,0.621210,0.022922,0.000000,0.128668,199.150955,-0.500000,0.866025
2010,11,0.000000,150.000000,2.500000,152.500000,4089.340000,19.285019,15.435009,0.005135,34.725163,29.544145,0.745108,22.948945,0.308657,0.610739,0.021498,0.000000,0.165726,199.886520,-0.500000,0.866025
2010,11,0.000000,155.000000,2.500000,157.500000,4512.390000,16.835867,4.464153,1.649015,22.949036,28.923411,0.728806,24.736991,0.373089,0.473111,0.028302,0.000000,0.190231,199.811569,-0.500000,0.866025
2010,11,0.000000,160.000000,2.500000,162.500000,3818.620000,11.738796,7.429385,0.684279,19.852460,28.722605,0.697410,25.707225,0.355487,0.618573,0.019955,0.000000,0.206795,200.015472,-0.500000,0.866025
2010,11,0.000000,-160.000000,2.500000,-157.500000,1256.560000,4.426370,21.769752,0.284109,26.480232,,,,,,,,,,-0.500000,0.866025
2010,11,0.000000,165.000000,2.500000,167.500000,9514.710000,7.010513,9.857999,0.235005,17.103517,28.206849,0.674628,26.198759,0.344821,89.204729,0.028065,0.002779,0.210875,201.829987,-0.500000,0.866025
2010,11,0.000000,-165.000000,2.500000,-162.500000,1294.350000,18.162784,12.213853,0.507591,30.884228,,,,,,,,,,-0.500000,0.866025
2010,11,0.000000,170.000000,2.500000,172.500000,2560.140000,24.359605,6.696899,0.594889,31.651394,27.685820,0.665730,30.802147,0.437529,125.208888,0.037386,0.034887,0.231567,203.775345,-0.500000,0.866025
2010,11,5.000000,105.000000,7.500000,107.500000,2324.390000,3.315278,0.032267,0.000000,3.347545,28.549144,0.850281,16.756984,0.345027,127.132627,0.091846,0.180705,0.249477,204.403946,-0.500000,0.866025
2010,11,5.000000,130.000000,7.500000,132.500000,1385.490000,4.871923,2.021667,0.000000,6.893590,30.113897,0.667965,21.538728,0.321976,134.469983,0.048936,0.007804,0.087281,198.435608,-0.500000,0.866025
2010,11,5.000000,150.000000,7.500000,152.500000,1938.240000,7.966506,11.260731,0.191927,19.419164,29.551595,0.748544,33.501245,0.122408,118.805770,0.033077,0.004454,0.079651,198.269516,-0.500000,0.866025
2010,11,5.000000,155.000000,7.500000,157.500000,1620.960000,3.149368,9.541876,0.078349,12.769593,29.282454,0.686047,32.064332,0.187944,124.910415,0.052343,0.003336,0.098654,199.173676,-0.500000,0.866025
2010,11,5.000000,160.000000,7.500000,162.500000,1257.920000,4.873919,15.721985,0.429280,21.025184,28.999557,0.644330,32.117766,0.180435,0.305492,0.031042,0.000000,0.104879,199.749512,-0.500000,0.866025
2010,11,5.000000,170.000000,7.500000,172.500000,2457.790000,4.230630,7.070580,0.572059,11.873268,28.531816,0.585211,30.098806,0.218760,129.330539,0.080762,0.047257,0.158804,201.290771,-0.500000,0.866025
2010,11,-5.000000,120.000000,-2.500000,122.500000,24868.020000,15.578924,2.265279,0.000000,17.844203,30.192249,0.730157,10.759123,0.081941,139.700336,0.009913,0.226104,0.122280,201.349197,-0.500000,0.866025
2010,11,-5.000000,125.000000,-2.500000,127.500000,37302.040000,15.578907,2.265292,0.000000,17.844198,30.153050,0.718594,11.190278,0.158008,136.398010,0.008672,0.147059,0.113264,201.101654,-0.500000,0.866025
2010,11,-5.000000,130.000000,-2.500000,132.500000,12434.010000,15.578884,2.265319,0.000000,17.844203,30.284679,0.740792,11.339830,0.148520,141.214049,0.025839,0.262722,0.132750,200.433441,-0.500000,0.866025
2010,11,-5.000000,135.000000,-2.500000,137.500000,1479.380000,21.769931,0.836161,0.300126,22.906217,30.169138,0.782953,13.775315,0.410568,138.344876,0.019516,0.184024,0.185542,201.488235,-0.500000,0.866025
2010,11,-5.000000,150.000000,-2.500000,152.500000,1376.860000,7.333353,0.248391,0.000000,7.581744,29.613595,0.746849,21.375253,0.310517,136.044532,0.020375,0.087313,0.236284,202.753036,-0.500000,0.866025
2010,11,-5.000000,155.000000,-2.500000,157.500000,2447.290000,21.425740,2.443519,2.383044,26.252304,29.057816,0.730015,25.223380,0.328183,0.687971,0.030638,0.000278,0.194303,201.796951,-0.500000,0.866025
2010,11,-5.000000,-155.000000,-2.500000,-152.500000,28548.580000,3.956589,23.471465,0.328037,27.756092,,,,,,,,,,-0.500000,0.866025
2010,11,-5.000000,160.000000,-2.500000,162.500000,2803.760000,22.744457,8.959754,1.151311,32.855523,28.689996,0.710681,27.188009,0.391378,0.612965,0.037194,0.000000,0.191962,201.979279,-0.500000,0.866025
2010,11,-5.000000,-160.000000,-2.500000,-157.500000,13493.870000,4.868655,29.847701,1.460367,36.176723,,,,,,,,,,-0.500000,0.866025
2010,11,-5.000000,165.000000,-2.500000,167.500000,2873.070000,8.589418,17.662292,0.013922,26.265632,28.518693,0.682123,35.529354,0.360280,0.813013,0.036721,0.005278,0.197776,202.306946,-0.500000,0.866025
2010,11,-5.000000,-165.000000,-2.500000,-162.500000,3777.400000,5.889501,23.413724,0.621856,29.925081,,,,,,,,,,-0.500000,0.866025
2010,11,-5.000000,170.000000,-2.500000,172.500000,4972.870000,5.217309,17.416301,0.024935,22.658545,28.093644,0.652831,33.298009,0.324516,124.139791,0.033607,0.010591,0.192600,203.691269,-0.500000,0.866025
2010,11,-5.000000,175.000000,-2.500000,177.500000,2098.020000,7.875521,13.012745,0.000000,20.888266,27.639816,0.623725,32.987983,0.326473,87.564638,0.028880,0.043079,0.187643,204.826874,-0.500000,0.866025
2010,11,-5.000000,-175.000000,-2.500000,-172.500000,2346.990000,7.479367,15.668154,0.288028,23.435549,,,,,,,,,,-0.500000,0.866025
2010,11,10.000000,110.000000,12.500000,112.500000,15226.340000,13.016129,3.339870,0.000000,16.355999,28.496243,0.725788,25.410094,0.216982,1.448013,0.040296,0.078889,0.086179,201.385529,-0.500000,0.866025
2010,11,10.000000,115.000000,12.500000,117.500000,16939.080000,14.389979,3.058490,0.000000,17.448468,29.194971,0.819399,19.231079,0.124209,132.303789,0.038080,0.051362,0.089358,199.330353,-0.500000,0.866025
2010,11,10.000000,120.000000,12.500000,122.500000,4440.390000,34.798520,0.000000,0.000000,34.798520,29.126880,0.808058,15.296903,0.125128,133.740470,0.026614,0.405405,0.192601,198.838440,-0.500000,0.866025
2010,11,10.000000,130.000000,12.500000,132.500000,6622.700000,4.162351,0.793181,0.233591,5.189122,29.506523,0.868503,28.607035,0.186499,0.443348,0.055833,0.000000,0.082758,198.212173,-0.500000,0.866025
2010,11,10.000000,-165.000000,12.500000,-162.500000,2880.230000,2.404322,7.947282,0.461769,10.813373,,,,,,,,,,-0.500000,0.866025
2010,11,-10.000000,-135.000000,-7.500000,-132.500000,4214.320000,3.920680,40.409366,2.320659,46.650705,,,,,,,,,,-0.500000,0.866025
2010,11,-10.000000,-140.000000,-7.500000,-137.500000,2702.690000,4.243180,44.209658,0.951274,49.404112,,,,,,,,,,-0.500000,0.866025
2010,11,-10.000000,145.000000,-7.500000,147.500000,4971.690000,17.524021,13.722497,0.032584,31.279102,29.846161,0.747012,11.286161,0.223899,136.713491,0.037843,0.277833,0.143677,200.865585,-0.500000,0.866025
2010,11,-10.000000,150.000000,-7.500000,152.500000,1298.200000,23.042674,0.490679,0.159452,23.692805,29.785164,0.729347,12.772569,0.207134,136.609463,0.046104,0.111244,0.244759,204.422729,-0.500000,0.866025
2010,11,-10.000000,-150.000000,-7.500000,-147.500000,3383.270000,4.653191,23.929216,0.318036,28.900442,,,,,,,,,,-0.500000,0.866025
2010,11,-10.000000,155.000000,-7.500000,157.500000,8705.650000,31.867580,3.622245,0.040319,35.530144,29.748967,0.769204,15.845494,0.185788,134.475908,0.033420,0.104935,0.256170,204.706543,-0.500000,0.866025
2010,11,-10.000000,-155.000000,-7.500000,-152.500000,17326.750000,4.882797,21.648665,1.302206,27.833668,,,,,,,,,,-0.500000,0.866025
2010,11,-10.000000,160.000000,-7.500000,162.500000,6376.580000,20.480885,6.631141,0.100210,27.212236,29.567672,0.782215,22.331570,0.223316,132.636590,0.052741,0.031973,0.167292,201.576050,-0.500000,0.866025
2010,11,-10.000000,-160.000000,-7.500000,-157.500000,2990.250000,5.438007,23.914723,1.067135,30.419865,,,,,,,,,,-0.500000,0.866025
2010,11,-10.000000,165.000000,-7.500000,167.500000,15241.110000,14.429002,4.883831,2.593578,21.906410,29.560059,0.796854,25.035394,0.152011,0.388858,0.021937,0.000000,0.150105,201.096252,-0.500000,0.866025
2010,11,-10.000000,-165.000000,-7.500000,-162.500000,1320.040000,18.866853,14.022302,2.142359,35.031514,,,,,,,,,,-0.500000,0.866025
2010,11,-10.000000,170.000000,-7.500000,172.500000,7652.370000,10.057276,6.322224,6.654148,23.033648,29.302519,0.804030,26.283220,0.173489,0.584915,0.038076,0.000000,0.152195,201.404922,-0.500000,0.866025
2010,11,-10.000000,-170.000000,-7.500000,-167.500000,3721.900000,26.926301,11.980709,2.520756,41.427765,,,,,,,,,,-0.500000,0.866025
2010,11,-10.000000,175.000000,-7.500000,177.500000,4682.010000,9.032018,8.489516,5.580936,23.102471,29.101309,0.745131,27.633028,0.137024,0.495907,0.044696,0.000000,0.151926,201.648834,-0.500000,0.866025
2010,11,-10.000000,-175.000000,-7.500000,-172.500000,2462.820000,21.526137,17.309832,1.504779,40.340748,,,,,,,,,,-0.500000,0.866025
2010,11,-10.000000,-180.000000,-7.500000,-177.500000,4803.070000,8.219743,11.388758,2.213376,21.821876,,,,,,,,,,-0.500000,0.866025
2010,11,15.000000,110.000000,17.500000,112.500000,22197.440000,16.964524,2.415909,0.126681,19.507114,26.600827,0.744274,46.163055,0.211740,112.327507,0.072050,0.437554,0.135749,206.915497,-0.500000,0.866025
2010,11,15.000000,115.000000,17.500000,117.500000,22000.560000,11.524207,2.335486,0.133588,13.993280,27.266949,0.660722,29.254203,0.233231,128.411151,0.096005,0.306685,0.104972,202.807907,-0.500000,0.866025
2010,11,15.000000,150.000000,17.500000,152.500000,2105.080000,3.745701,0.615179,1.256959,5.617839,28.763767,0.893774,42.354649,0.147633,0.813998,0.040540,0.009167,0.076068,199.701736,-0.500000,0.866025
2010,11,15.000000,-155.000000,17.500000,-152.500000,4224.400000,1.117318,18.257031,0.066518,19.440867,,,,,,,,,,-0.500000,0.866025
2010,11,15.000000,-165.000000,17.500000,-162.500000,2670.070000,3.374818,14.939683,1.684600,19.999101,,,,,,,,,,-0.500000,0.866025
2010,11,15.000000,-180.000000,17.500000,-177.500000,1003.870000,1.947463,1.234224,0.050803,3.232490,,,,,,,,,,-0.500000,0.866025
2010,11,-15.000000,-135.000000,-12.500000,-132.500000,17879.930000,0.661468,23.298413,9.137284,33.097165,,,,,,,,,,-0.500000,0.866025
2010,11,-15.000000,-140.000000,-12.500000,-137.500000,2435.070000,1.084158,21.373102,3.527619,25.984879,,,,,,,,,,-0.500000,0.866025
2010,11,-15.000000,145.000000,-12.500000,147.500000,2533.490000,24.044697,21.149876,0.485891,45.680464,28.557004,0.705284,14.316097,0.189848,132.680645,0.035913,0.039448,0.091616,201.150269,-0.500000,0.866025
2010,11,-15.000000,-145.000000,-12.500000,-142.500000,1830.380000,4.855822,27.352244,8.916181,41.124247,,,,,,,,,,-0.500000,0.866025
2010,11,-15.000000,150.000000,-12.500000,152.500000,4083.970000,28.722052,4.191755,5.844558,38.758365,28.872243,0.725998,15.025800,0.117292,132.043443,0.029366,0.091756,0.098576,200.489304,-0.500000,0.866025
2010,11,-15.000000,-150.000000,-12.500000,-147.500000,2618.920000,6.335054,15.460190,1.955004,23.750248,,,,,,,,,,-0.500000,0.866025
2010,11,-15.000000,155.000000,-12.500000,157.500000,6053.120000,9.753648,2.071329,17.880035,29.705012,29.105188,0.703711,16.509624,0.198415,1.294017,0.051739,0.038333,0.103615,201.306274,-0.500000,0.866025
2010,11,-15.000000,-155.000000,-12.500000,-152.500000,5035.200000,3.449515,35.559859,4.519384,43.528758,,,,,,,,,,-0.500000,0.866025
2010,11,-15.000000,160.000000,-12.500000,162.500000,11683.810000,8.923716,1.286053,10.528843,20.738612,29.056470,0.651923,16.042810,0.180848,132.967807,0.034831,0.066348,0.093697,200.731110,-0.500000,0.866025
2010,11,-15.000000,-160.000000,-12.500000,-157.500000,2462.330000,3.651826,2.121974,26.049717,31.823517,,,,,,,,,,-0.500000,0.866025
2010,11,-15.000000,165.000000,-12.500000,167.500000,8201.000000,4.525302,0.775881,15.471528,20.772711,29.217380,0.730625,19.410310,0.199009,127.203061,0.050907,0.026242,0.093156,200.696121,-0.500000,0.866025
2010,11,-15.000000,-165.000000,-12.500000,-162.500000,10458.800000,3.863063,1.345948,30.028684,35.237695,,,,,,,,,,-0.500000,0.866025
2010,11,-15.000000,170.000000,-12.500000,172.500000,11873.350000,1.566365,0.751262,25.171413,27.489041,29.277320,0.758089,24.025867,0.112568,0.690192,0.041027,0.001389,0.083189,200.287064,-0.500000,0.866025
2010,11,-15.000000,-170.000000,-12.500000,-167.500000,12457.320000,3.877238,0.735632,29.473274,34.086144,,,,,,,,,,-0.500000,0.866025
2010,11,-15.000000,175.000000,-12.500000,177.500000,1819.560000,3.700895,2.066983,13.739585,19.507463,29.184452,0.758330,24.985802,0.080519,0.651954,0.018664,0.000000,0.065669,198.978638,-0.500000,0.866025
2010,11,-15.000000,-175.000000,-12.500000,-172.500000,8206.420000,7.295751,1.671374,22.895124,31.862249,,,,,,,,,,-0.500000,0.866025
2010,11,20.000000,115.000000,22.500000,117.500000,2765.110000,12.464604,0.166720,0.565258,13.196582,24.745241,0.717980,44.746975,0.205013,109.594729,0.083893,0.597351,0.294293,209.801041,-0.500000,0.866025
2010,11,20.000000,125.000000,22.500000,127.500000,4629.770000,2.999933,7.569059,21.703022,32.272014,26.802028,1.059830,52.228767,0.201984,82.258371,0.104191,0.200389,0.083255,205.958633,-0.500000,0.866025
2010,11,20.000000,130.000000,22.500000,132.500000,2940.410000,2.135416,9.248710,20.323016,31.707143,27.223544,0.996992,39.560001,0.153441,1.816108,0.060455,0.224722,0.075255,202.774780,-0.500000,0.866025
2010,11,20.000000,135.000000,22.500000,137.500000,1777.850000,0.833029,0.238490,0.584414,1.655933,28.446679,0.996058,37.498094,0.172742,1.828383,0.079091,0.101944,0.076137,200.826569,-0.500000,0.866025
2010,11,20.000000,140.000000,22.500000,142.500000,1750.150000,3.165443,5.216124,5.392681,13.774248,28.736832,1.061583,38.290089,0.167222,57.085426,0.073232,0.089469,0.076807,200.768341,-0.500000,0.866025
2010,11,20.000000,145.000000,22.500000,147.500000,4494.580000,2.067824,0.291685,0.196459,2.555967,28.516623,1.041113,43.641174,0.147916,1.189450,0.061601,0.045278,0.074058,200.910843,-0.500000,0.866025
2010,11,20.000000,150.000000,22.500000,152.500000,1282.440000,2.842238,0.594180,2.443779,5.880197,28.132794,0.962062,43.004142,0.154666,0.891318,0.079512,0.015556,0.070353,201.503433,-0.500000,0.866025
2010,11,20.000000,155.000000,22.500000,157.500000,1553.300000,2.090388,1.107320,3.336767,6.534475,27.963626,0.984749,48.884508,0.156965,1.212380,0.075701,0.035000,0.066767,202.103088,-0.500000,0.866025
2010,11,20.000000,-155.000000,22.500000,-152.500000,3171.240000,0.073788,13.186325,0.233663,13.493775,,,,,,,,,,-0.500000,0.866025
2010,11,20.000000,160.000000,22.500000,162.500000,1027.120000,10.128320,2.613132,26.814783,39.556235,27.622576,0.904802,50.545775,0.122289,1.396260,0.052983,0.043056,0.065485,202.829041,-0.500000,0.866025
2010,11,20.000000,-160.000000,22.500000,-157.500000,2954.620000,0.185472,10.454475,0.116766,10.756713,,,,,,,,,,-0.500000,0.866025
2010,11,20.000000,-165.000000,22.500000,-162.500000,1246.810000,1.262422,19.662178,0.211740,21.136340,,,,,,,,,,-0.500000,0.866025
2010,11,20.000000,-170.000000,22.500000,-167.500000,1368.150000,2.634945,28.178928,0.400541,31.214414,,,,,,,,,,-0.500000,0.866025
2010,11,-20.000000,-135.000000,-17.500000,-132.500000,7505.270000,0.770259,2.743805,58.068930,61.582994,,,,,,,,,,-0.500000,0.866025
2010,11,-20.000000,-145.000000,-17.500000,-142.500000,1349.530000,1.685772,2.031077,28.092002,31.808852,,,,,,,,,,-0.500000,0.866025
2010,11,-20.000000,-150.000000,-17.500000,-147.500000,8057.150000,0.413298,0.459468,32.790503,33.663268,,,,,,,,,,-0.500000,0.866025
2010,11,-20.000000,155.000000,-17.500000,157.500000,4206.220000,4.223269,1.120483,23.605042,28.948795,27.469426,0.736725,18.619344,0.159407,3.440176,0.042179,0.299167,0.087637,204.203079,-0.500000,0.866025
2010,11,-20.000000,-155.000000,-17.500000,-152.500000,3310.540000,1.310058,2.077607,25.173235,28.560899,,,,,,,,,,-0.500000,0.866025
2010,11,-20.000000,160.000000,-17.500000,162.500000,3115.040000,7.111626,1.124544,29.139273,37.375443,27.483599,0.738623,21.439445,0.166693,54.193855,0.048262,0.185329,0.089331,204.618301,-0.500000,0.866025
2010,11,-20.000000,165.000000,-17.500000,167.500000,9129.210000,2.848987,1.978704,26.127233,30.954924,27.357939,0.722802,18.624946,0.157123,126.814237,0.033735,0.228015,0.089478,204.680344,-0.500000,0.866025
2010,11,-20.000000,170.000000,-17.500000,172.500000,28416.790000,1.325484,0.449488,25.214495,26.989466,27.493337,0.708169,19.254340,0.171420,2.053554,0.052440,0.191389,0.080443,204.107635,-0.500000,0.866025
2010,11,-20.000000,-170.000000,-17.500000,-167.500000,1738.610000,2.918423,0.304841,19.477054,22.700318,,,,,,,,,,-0.500000,0.866025
2010,11,-20.000000,175.000000,-17.500000,177.500000,17117.200000,1.954058,0.730902,20.707242,23.392202,27.572578,0.729564,20.177441,0.100450,126.015984,0.039241,0.228194,0.085703,203.496735,-0.500000,0.866025
2010,11,-20.000000,-175.000000,-17.500000,-172.500000,1151.190000,4.617830,0.640207,21.774859,27.032896,,,,,,,,,,-0.500000,0.866025
2010,11,-20.000000,-180.000000,-17.500000,-177.500000,1489.280000,8.615573,0.711753,6.227842,15.555168,,,,,,,,,,-0.500000,0.866025
2010,11,25.000000,130.000000,27.500000,132.500000,2034.880000,9.274257,5.158044,8.765627,23.197928,25.138484,1.026437,57.024461,0.178337,50.290385,0.096304,0.257016,0.109230,208.102325,-0.500000,0.866025
2010,11,25.000000,135.000000,27.500000,137.500000,4025.230000,1.683134,1.206888,9.034266,11.924288,25.842307,1.070461,49.163583,0.128607,1.932482,0.077139,0.226389,0.099937,207.485199,-0.500000,0.866025
2010,11,25.000000,140.000000,27.500000,142.500000,1190.460000,4.174857,4.473061,14.359995,23.007913,26.117296,1.027435,41.618167,0.116600,53.845188,0.061050,0.496805,0.090367,205.649887,-0.500000,0.866025
2010,11,25.000000,145.000000,27.500000,147.500000,8587.470000,1.404255,1.312727,2.947201,5.664183,26.932879,1.012432,41.719737,0.106141,2.279574,0.062566,0.256111,0.072433,205.810394,-0.500000,0.866025
2010,11,25.000000,150.000000,27.500000,152.500000,9891.770000,0.931583,2.486107,7.775150,11.192840,26.770959,0.994952,42.268010,0.120534,2.075495,0.067432,0.156667,0.068867,205.670761,-0.500000,0.866025
2010,11,25.000000,155.000000,27.500000,157.500000,5333.270000,0.822385,4.307114,16.851763,21.981261,26.637083,0.949264,44.813254,0.126075,1.888351,0.067640,0.172500,0.067083,207.421112,-0.500000,0.866025
2010,11,25.000000,160.000000,27.500000,162.500000,1845.820000,2.599387,2.112882,5.553088,10.265356,26.190888,0.930066,44.318007,0.117507,2.100830,0.061551,0.179167,0.064092,208.752319,-0.500000,0.866025
2010,11,-25.000000,160.000000,-22.500000,162.500000,1396.590000,3.026658,0.065159,47.411194,50.503011,24.626011,0.682819,26.552049,0.176516,119.778848,0.098649,0.466085,0.074681,213.061920,-0.500000,0.866025
2010,11,-25.000000,170.000000,-22.500000,172.500000,1254.150000,0.964000,0.663398,19.901926,21.529323,24.666489,0.656536,26.978745,0.168532,2.603904,0.085856,0.386111,0.070218,213.670258,-0.500000,0.866025
2010,11,-25.000000,175.000000,-22.500000,177.500000,3925.160000,2.594799,0.923020,26.405038,29.922857,24.556213,0.706194,33.049258,0.187227,3.436505,0.066782,0.318889,0.069229,213.932968,-0.500000,0.866025
2010,11,-25.000000,-180.000000,-22.500000,-177.500000,1777.660000,2.678240,0.793740,19.376034,22.848014,,,,,,,,,,-0.500000,0.866025
2010,11,30.000000,130.000000,32.500000,132.500000,1183.080000,34.187037,0.543497,3.597390,38.327924,23.172600,0.727546,56.362280,0.278093,110.541135,0.234698,0.611175,0.479522,215.347427,-0.500000,0.866025
2010,11,30.000000,135.000000,32.500000,137.500000,1026.380000,0.297161,3.373020,39.800074,43.470255,23.279904,0.979152,56.724164,0.402707,107.875613,0.406633,0.600366,0.366630,212.512329,-0.500000,0.866025
2010,11,30.000000,140.000000,32.500000,142.500000,4718.270000,0.473691,8.417916,25.653682,34.545289,23.946722,1.034242,58.810569,0.240407,32.847843,0.209894,0.251111,0.204341,215.372421,-0.500000,0.866025
2010,11,30.000000,145.000000,32.500000,147.500000,10411.090000,0.206318,8.860648,17.890442,26.957408,24.309895,1.094532,56.554912,0.208494,3.090903,0.126462,0.251389,0.125973,214.981369,-0.500000,0.866025
2010,11,30.000000,150.000000,32.500000,152.500000,9416.970000,0.741640,10.522918,14.946740,26.211297,24.569475,1.130051,56.112012,0.192855,2.805891,0.103642,0.180278,0.134267,215.476028,-0.500000,0.866025
2010,11,30.000000,155.000000,32.500000,157.500000,12737.030000,0.701576,11.211483,11.368977,23.282037,23.974352,0.908908,51.307890,0.301593,2.841544,0.245090,0.446389,0.104410,217.255463,-0.500000,0.866025
2010,11,30.000000,-155.000000,32.500000,-152.500000,3797.720000,0.081101,0.687518,81.351442,82.120062,,,,,,,,,,-0.500000,0.866025
2010,11,30.000000,160.000000,32.500000,162.500000,5757.180000,0.495903,19.858333,19.362952,39.717188,23.596740,0.779183,43.014824,0.299841,3.272766,0.250820,0.347778,0.072178,218.598892,-0.500000,0.866025
2010,11,30.000000,-160.000000,32.500000,-157.500000,2462.910000,0.085671,0.323601,75.991409,76.400680,,,,,,,,,,-0.500000,0.866025
2010,11,30.000000,170.000000,32.500000,172.500000,4634.010000,1.690329,21.416009,11.370498,34.476835,22.817444,0.779435,49.706643,0.151009,3.618355,0.072959,0.345000,0.072641,222.736206,-0.500000,0.866025
2010,11,-30.000000,155.000000,-27.500000,157.500000,1687.140000,5.806276,2.615076,1.629977,10.051329,22.985940,0.675233,26.568102,0.231474,5.331568,0.118204,0.355556,0.135586,222.961090,-0.500000,0.866025
2010,11,-30.000000,170.000000,-27.500000,172.500000,3446.710000,1.775316,0.672525,26.632644,29.080485,21.080965,0.479273,26.999176,0.215882,3.222803,0.101328,0.561389,0.081669,227.177368,-0.500000,0.866025
2010,11,35.000000,140.000000,37.500000,142.500000,1274.890000,0.049416,14.292213,14.666363,29.007993,19.766723,0.424963,52.728669,0.394656,98.676036,0.367125,0.650444,0.433206,219.122314,-0.500000,0.866025
2010,11,35.000000,145.000000,37.500000,147.500000,4163.520000,0.115047,6.913381,5.999251,13.027679,19.005904,0.268967,48.173766,0.412558,13.114706,0.288799,0.758333,0.391830,226.604355,-0.500000,0.866025
2010,11,35.000000,150.000000,37.500000,152.500000,7586.030000,0.101239,8.913094,3.176101,12.190434,18.886548,0.313771,48.290160,0.365100,7.264357,0.320453,0.756667,0.319953,226.352631,-0.500000,0.866025
2010,11,35.000000,155.000000,37.500000,157.500000,11996.980000,0.337835,17.082466,11.212989,28.633289,20.743496,0.425778,50.094779,0.297704,5.077139,0.263118,0.698889,0.253116,227.502563,-0.500000,0.866025
2010,11,35.000000,160.000000,37.500000,162.500000,2316.830000,0.432487,23.115636,25.598339,49.146463,20.116176,0.414679,48.243450,0.262774,8.224928,0.171963,0.716944,0.232135,230.191422,-0.500000,0.866025
2010,11,35.000000,-160.000000,37.500000,-157.500000,2848.930000,0.042121,0.261151,66.364916,66.668188,,,,,,,,,,-0.500000,0.866025
2010,11,35.000000,170.000000,37.500000,172.500000,1830.950000,0.108687,5.793714,2.475218,8.377618,19.798462,0.460726,48.185507,0.224107,6.415234,0.220984,0.632778,0.212566,239.051056,-0.500000,0.866025
2010,11,35.000000,-175.000000,37.500000,-172.500000,2365.100000,0.000000,0.042282,43.601962,43.644243,,,,,,,,,,-0.500000,0.866025
2010,11,-35.000000,-140.000000,-32.500000,-137.500000,2075.360000,1.882083,1.302425,54.080738,57.265246,,,,,,,,,,-0.500000,0.866025
2010,11,-35.000000,150.000000,-32.500000,152.500000,1012.840000,16.761779,1.587615,2.246159,20.595553,21.916127,0.539948,22.486641,0.469497,99.186362,0.294954,0.614790,0.419953,218.877136,-0.500000,0.866025
2010,11,40.000000,150.000000,42.500000,152.500000,5683.130000,0.000000,0.000000,0.000528,0.000528,11.344359,-0.079400,39.666647,0.151932,10.170866,0.105874,0.737500,0.398761,267.519775,-0.500000,0.866025
2010,12,0.000000,120.000000,2.500000,122.500000,17189.630000,18.202428,3.072201,0.000000,21.274629,29.559573,0.715427,13.406596,0.351887,135.524572,0.023407,0.059901,0.105523,200.370056,-0.000000,1.000000
2010,12,0.000000,125.000000,2.500000,127.500000,20829.640000,19.180216,2.775276,0.000000,21.955492,29.805856,0.731393,14.952593,0.309848,140.032604,0.027126,0.138536,0.101710,200.432709,-0.000000,1.000000
2010,12,0.000000,130.000000,2.500000,132.500000,13666.770000,17.389844,8.803543,0.001537,26.194924,30.129643,0.785274,18.158217,0.490921,120.653793,0.024634,0.008058,0.086261,199.375824,-0.000000,1.000000
2010,12,0.000000,135.000000,2.500000,137.500000,5705.810000,10.196274,11.146007,0.711380,22.053661,30.181209,0.802853,19.771163,0.429030,0.373371,0.029320,0.000000,0.088711,198.675095,-0.000000,1.000000
2010,12,0.000000,145.000000,2.500000,147.500000,2549.790000,36.191216,10.763239,0.005883,46.960338,29.786780,0.770458,26.346037,0.273500,0.486418,0.020602,0.000000,0.156762,199.874176,-0.000000,1.000000
2010,12,0.000000,150.000000,2.500000,152.500000,6612.680000,21.183544,15.296672,0.128087,36.608304,29.335657,0.743680,24.519843,0.273308,0.628608,0.013975,0.000000,0.184738,199.887756,-0.000000,1.000000
2010,12,0.000000,155.000000,2.500000,157.500000,5295.150000,6.715957,9.090205,0.034560,15.840722,28.944684,0.727221,24.402644,0.352940,0.361814,0.020547,0.000000,0.210444,199.658737,-0.000000,1.000000
2010,12,0.000000,160.000000,2.500000,162.500000,2290.410000,13.801459,10.154514,0.047153,24.003126,28.481883,0.706100,25.774536,0.347491,0.692346,0.033738,0.000000,0.214278,200.793716,-0.000000,1.000000
2010,12,0.000000,-160.000000,2.500000,-157.500000,1634.230000,27.817994,22.254517,0.422829,50.495340,,,,,,,,,,-0.000000,1.000000
2010,12,0.000000,165.000000,2.500000,167.500000,7277.560000,4.914422,9.490956,0.229335,14.634713,27.969424,0.671681,26.952222,0.319775,90.918311,0.031626,0.011395,0.214050,202.357544,-0.000000,1.000000
2010,12,0.000000,-165.000000,2.500000,-162.500000,1482.850000,29.101393,8.743973,2.471592,40.316957,,,,,,,,,,-0.000000,1.000000
2010,12,0.000000,170.000000,2.500000,172.500000,6287.360000,22.788102,7.128429,1.059109,30.975640,27.552338,0.650407,29.150885,0.400217,123.845893,0.025133,0.022607,0.229193,204.243637,-0.000000,1.000000
2010,12,5.000000,115.000000,7.500000,117.500000,1546.980000,46.454382,0.000000,0.000000,46.454382,29.152548,0.813650,15.832865,0.157892,133.308761,0.035714,0.163006,0.126558,200.096191,-0.000000,1.000000
2010,12,5.000000,130.000000,7.500000,132.500000,1763.590000,4.561718,9.002092,0.000000,13.563810,29.788293,0.671640,25.638484,0.358493,133.382148,0.051629,0.010591,0.082885,198.233185,-0.000000,1.000000
2010,12,5.000000,135.000000,7.500000,137.500000,2254.320000,1.741545,13.024327,0.000000,14.765872,29.715288,0.704553,26.598771,0.343213,131.615588,0.045735,0.010292,0.079676,197.852234,-0.000000,1.000000
2010,12,5.000000,145.000000,7.500000,147.500000,2032.280000,17.648651,19.024938,0.035920,36.709509,29.554948,0.760195,37.461599,0.114400,0.673806,0.016962,0.000000,0.076425,198.356064,-0.000000,1.000000
2010,12,5.000000,150.000000,7.500000,152.500000,1559.800000,8.447878,15.971278,0.000000,24.419156,29.257296,0.725602,34.123043,0.123255,117.822199,0.025329,0.008352,0.097205,199.065720,-0.000000,1.000000
2010,12,5.000000,155.000000,7.500000,157.500000,3083.590000,6.240778,13.110044,0.242899,19.593720,29.044632,0.682581,33.890437,0.156602,124.097273,0.038335,0.004726,0.098042,199.545975,-0.000000,1.000000
2010,12,5.000000,-155.000000,7.500000,-152.500000,3919.200000,0.650133,4.498112,28.733415,33.881660,,,,,,,,,,-0.000000,1.000000
2010,12,5.000000,160.000000,7.500000,162.500000,2435.870000,8.530422,26.151642,0.767693,35.449757,28.940792,0.712383,32.762257,0.139696,0.526298,0.033082,0.000000,0.127535,200.330170,-0.000000,1.000000
2010,12,5.000000,165.000000,7.500000,167.500000,3525.220000,2.140008,12.352421,0.243389,14.735818,28.666596,0.610654,27.879481,0.207423,128.942057,0.068980,0.041643,0.138306,201.365982,-0.000000,1.000000
2010,12,5.000000,175.000000,7.500000,177.500000,1101.760000,7.213005,12.983771,0.055366,20.252142,28.403933,0.549674,32.568210,0.174317,0.448756,0.040147,0.000000,0.164830,202.232361,-0.000000,1.000000
2010,12,-5.000000,120.000000,-2.500000,122.500000,20211.340000,19.168299,2.787198,0.000000,21.955496,30.169730,0.743338,13.435621,0.116911,137.293335,0.011777,0.208032,0.118982,201.558258,-0.000000,1.000000
2010,12,-5.000000,125.000000,-2.500000,127.500000,30317.000000,19.168288,2.787215,0.000000,21.955504,30.257085,0.738030,14.935079,0.172612,136.355702,0.008129,0.136223,0.103623,200.384033,-0.000000,1.000000
2010,12,-5.000000,130.000000,-2.500000,132.500000,10105.670000,19.168249,2.787247,0.000000,21.955496,30.318091,0.757860,15.036017,0.139207,139.677474,0.013071,0.235002,0.126570,199.748611,-0.000000,1.000000
2010,12,-5.000000,135.000000,-2.500000,137.500000,1285.980000,31.651348,1.395045,0.157856,33.204249,30.227730,0.779456,16.337155,0.251382,138.012842,0.010705,0.170414,0.176351,201.279282,-0.000000,1.000000
2010,12,-5.000000,-155.000000,-2.500000,-152.500000,11196.360000,3.517929,22.141124,0.978354,26.637407,,,,,,,,,,-0.000000,1.000000
2010,12,-5.000000,160.000000,-2.500000,162.500000,1035.180000,13.937673,9.323016,0.419251,23.679940,28.708299,0.704266,27.277827,0.365446,0.739935,0.034045,0.001111,0.183444,202.218033,-0.000000,1.000000
2010,12,-5.000000,-160.000000,-2.500000,-157.500000,4725.150000,5.281314,23.331958,1.543866,30.157138,,,,,,,,,,-0.000000,1.000000
2010,12,-5.000000,165.000000,-2.500000,167.500000,1249.890000,16.832681,5.285265,0.059205,22.177152,28.506247,0.675986,32.892597,0.320428,0.555485,0.031350,0.000000,0.187841,203.259674,-0.000000,1.000000
2010,12,-5.000000,-165.000000,-2.500000,-162.500000,3939.060000,7.656649,26.904642,0.205125,34.766416,,,,,,,,,,-0.000000,1.000000
2010,12,-5.000000,170.000000,-2.500000,172.500000,4334.250000,13.948665,9.027859,0.358078,23.334602,28.039474,0.642328,34.098482,0.288068,123.065052,0.023483,0.010312,0.190552,203.910522,-0.000000,1.000000
2010,12,-5.000000,-170.000000,-2.500000,-167.500000,13227.980000,10.547491,21.935927,0.313653,32.797071,,,,,,,,,,-0.000000,1.000000
2010,12,-5.000000,175.000000,-2.500000,177.500000,3180.100000,11.876985,8.434326,0.468853,20.780164,27.864278,0.610429,37.505664,0.235725,87.589884,0.016522,0.096998,0.202987,203.966049,-0.000000,1.000000
2010,12,-5.000000,-175.000000,-2.500000,-172.500000,3442.480000,29.987393,9.754015,0.022658,39.764065,,,,,,,,,,-0.000000,1.000000
2010,12,-5.000000,-180.000000,-2.500000,-177.500000,2134.200000,10.711742,10.511667,0.000000,21.223409,,,,,,,,,,-0.000000,1.000000
2010,12,10.000000,110.000000,12.500000,112.500000,11924.430000,16.620333,4.264690,0.000000,20.885023,27.464224,0.700646,32.572280,0.202913,2.320395,0.039988,0.129444,0.089279,204.948303,-0.000000,1.000000
2010,12,10.000000,115.000000,12.500000,117.500000,13529.310000,17.123046,3.758802,0.000000,20.881848,28.682517,0.781086,25.464943,0.132767,130.439324,0.025627,0.076617,0.098108,200.909821,-0.000000,1.000000
2010,12,10.000000,-170.000000,12.500000,-167.500000,1080.030000,3.343426,6.906290,3.033249,13.282964,,,,,,,,,,-0.000000,1.000000
2010,12,-10.000000,-135.000000,-7.500000,-132.500000,7456.820000,5.238158,29.226802,0.379787,34.844746,,,,,,,,,,-0.000000,1.000000
2010,12,-10.000000,-140.000000,-7.500000,-137.500000,1771.310000,4.275931,32.743563,0.569070,37.588564,,,,,,,,,,-0.000000,1.000000
2010,12,-10.000000,145.000000,-7.500000,147.500000,3165.030000,10.368306,6.586983,0.250235,17.205524,30.017486,0.713710,12.017801,0.245191,137.049793,0.034256,0.247018,0.148056,200.507751,-0.000000,1.000000
2010,12,-10.000000,150.000000,-7.500000,152.500000,2525.710000,27.174537,1.774946,0.663576,29.613059,29.926026,0.746993,13.228379,0.243496,136.317071,0.049962,0.081559,0.209943,203.387756,-0.000000,1.000000
2010,12,-10.000000,-150.000000,-7.500000,-147.500000,2199.120000,6.316618,18.912565,0.587962,25.817145,,,,,,,,,,-0.000000,1.000000
2010,12,-10.000000,155.000000,-7.500000,157.500000,8048.570000,30.371606,3.998226,0.399326,34.769158,29.739960,0.802109,18.017761,0.177960,134.049414,0.024371,0.101367,0.217497,202.748138,-0.000000,1.000000
2010,12,-10.000000,-155.000000,-7.500000,-152.500000,18344.480000,6.967109,26.338713,1.036770,34.342592,,,,,,,,,,-0.000000,1.000000
2010,12,-10.000000,160.000000,-7.500000,162.500000,5079.070000,22.360196,5.071204,0.608576,28.039976,29.657431,0.783311,23.591340,0.176829,132.904206,0.026003,0.031973,0.171449,200.712402,-0.000000,1.000000
2010,12,-10.000000,-160.000000,-7.500000,-157.500000,2978.170000,5.435553,20.218456,2.644577,28.298586,,,,,,,,,,-0.000000,1.000000
2010,12,-10.000000,165.000000,-7.500000,167.500000,11125.590000,11.781937,4.969354,1.894012,18.645303,29.505203,0.772167,28.137007,0.124819,0.405816,0.031005,0.000000,0.169969,200.799103,-0.000000,1.000000
2010,12,-10.000000,170.000000,-7.500000,172.500000,5350.430000,11.098173,8.688274,4.004538,23.790985,29.311369,0.752641,30.673774,0.189122,0.633308,0.049802,0.000000,0.144334,200.916428,-0.000000,1.000000
2010,12,-10.000000,-170.000000,-7.500000,-167.500000,2657.280000,6.746749,14.061371,1.583198,22.391317,,,,,,,,,,-0.000000,1.000000
2010,12,-10.000000,175.000000,-7.500000,177.500000,2575.590000,12.859578,7.118369,1.806576,21.784523,28.981802,0.765715,33.244492,0.301730,0.402816,0.085762,0.000000,0.152966,200.328766,-0.000000,1.000000
2010,12,-10.000000,-180.000000,-7.500000,-177.500000,2391.360000,4.166667,10.064566,2.401144,16.632377,,,,,,,,,,-0.000000,1.000000
2010,12,15.000000,110.000000,17.500000,112.500000,15272.830000,20.187876,3.570916,0.077392,23.836185,25.366235,0.651796,42.681110,0.160181,107.032425,0.063234,0.308336,0.197063,211.488998,-0.000000,1.000000
2010,12,15.000000,115.000000,17.500000,117.500000,23278.630000,15.798309,2.484124,0.331678,18.614111,26.786207,0.659901,34.208870,0.196625,126.466067,0.077368,0.303621,0.099281,204.979141,-0.000000,1.000000
2010,12,15.000000,135.000000,17.500000,137.500000,1185.110000,3.411498,1.130697,11.917881,16.460075,28.618417,0.951540,47.032883,0.152636,1.589450,0.064488,0.048333,0.083434,200.063690,-0.000000,1.000000
2010,12,15.000000,140.000000,17.500000,142.500000,1583.630000,4.023667,0.961715,8.108586,13.093968,28.724626,0.927173,43.179963,0.144285,0.664127,0.038955,0.000000,0.080095,200.190079,-0.000000,1.000000
2010,12,15.000000,150.000000,17.500000,152.500000,1531.640000,6.754851,3.115615,5.155258,15.025724,28.207635,0.893496,48.902184,0.154702,1.360439,0.043493,0.023611,0.074956,201.252991,-0.000000,1.000000
2010,12,-15.000000,-135.000000,-12.500000,-132.500000,15061.490000,1.197491,26.778094,6.197129,34.172715,,,,,,,,,,-0.000000,1.000000
2010,12,-15.000000,-140.000000,-12.500000,-137.500000,3058.170000,0.993078,30.515308,4.587711,36.096097,,,,,,,,,,-0.000000,1.000000
2010,12,-15.000000,-145.000000,-12.500000,-142.500000,3006.340000,3.976263,14.794734,9.815257,28.586254,,,,,,,,,,-0.000000,1.000000
2010,12,-15.000000,150.000000,-12.500000,152.500000,1544.120000,22.838251,1.593788,0.497371,24.929410,29.562460,0.725515,14.282310,0.114899,134.129957,0.036795,0.052513,0.101670,199.301834,-0.000000,1.000000
2010,12,-15.000000,-150.000000,-12.500000,-147.500000,2134.820000,6.235186,18.392651,1.986584,26.614422,,,,,,,,,,-0.000000,1.000000
2010,12,-15.000000,155.000000,-12.500000,157.500000,7470.880000,14.894899,2.135224,18.522048,35.552171,29.436926,0.635689,14.222516,0.196475,0.832346,0.049621,0.011944,0.099240,200.068939,-0.000000,1.000000
2010,12,-15.000000,-155.000000,-12.500000,-152.500000,2327.320000,6.125071,28.234192,2.272571,36.631834,,,,,,,,,,-0.000000,1.000000
2010,12,-15.000000,160.000000,-12.500000,162.500000,11070.080000,11.828912,1.874874,12.967838,26.671623,29.430627,0.704581,18.287812,0.187849,132.598321,0.060398,0.019398,0.093536,200.025620,-0.000000,1.000000
2010,12,-15.000000,-160.000000,-12.500000,-157.500000,5079.710000,1.591233,1.783566,18.550862,21.925661,,,,,,,,,,-0.000000,1.000000
2010,12,-15.000000,165.000000,-12.500000,167.500000,8031.190000,7.061718,1.534891,14.879738,23.476347,29.227978,0.731712,21.340167,0.197425,128.786460,0.059390,0.022613,0.088024,199.994232,-0.000000,1.000000
2010,12,-15.000000,-165.000000,-12.500000,-162.500000,5732.960000,2.702618,2.891177,20.125380,25.719175,,,,,,,,,,-0.000000,1.000000
2010,12,-15.000000,170.000000,-12.500000,172.500000,17919.660000,2.476107,1.415205,22.803502,26.694815,29.229222,0.810803,27.466151,0.112732,0.767563,0.028343,0.000833,0.078374,199.773483,-0.000000,1.000000
2010,12,-15.000000,-170.000000,-12.500000,-167.500000,6562.080000,3.366311,0.773383,20.352845,24.492539,,,,,,,,,,-0.000000,1.000000
2010,12,-15.000000,175.000000,-12.500000,177.500000,1191.260000,8.104024,2.844047,7.461847,18.409919,29.162004,0.822610,28.986651,0.116528,1.024453,0.050013,0.010000,0.066720,198.648636,-0.000000,1.000000
2010,12,-15.000000,-175.000000,-12.500000,-172.500000,6665.930000,4.131457,1.119424,14.110559,19.361439,,,,,,,,,,-0.000000,1.000000
2010,12,20.000000,125.000000,22.500000,127.500000,6636.780000,3.772161,9.650915,18.378641,31.801717,25.406641,1.052790,61.888241,0.174214,78.815272,0.082400,0.290161,0.091574,210.134735,-0.000000,1.000000
2010,12,20.000000,130.000000,22.500000,132.500000,4026.970000,3.312168,5.661080,17.430972,26.404220,25.530076,0.942161,52.194071,0.138796,2.734718,0.071543,0.463611,0.074761,207.954147,-0.000000,1.000000
2010,12,20.000000,135.000000,22.500000,137.500000,2912.490000,2.383871,0.312104,2.217347,4.913322,27.073396,0.996952,53.994113,0.160295,2.297947,0.074599,0.260833,0.074450,204.588043,-0.000000,1.000000
2010,12,20.000000,140.000000,22.500000,142.500000,1687.850000,7.123856,3.575555,4.732056,15.431466,26.975048,1.001392,53.615147,0.144609,51.496317,0.075477,0.348430,0.070053,204.017792,-0.000000,1.000000
2010,12,20.000000,145.000000,22.500000,147.500000,3506.680000,1.923472,1.346573,1.094768,4.364812,27.406461,0.987214,57.260102,0.123541,1.821122,0.053370,0.083611,0.072235,203.505005,-0.000000,1.000000
2010,12,20.000000,150.000000,22.500000,152.500000,2019.470000,2.823513,2.712593,9.961525,15.497631,27.082189,0.930628,60.446997,0.158632,3.186901,0.074421,0.093889,0.069686,204.069519,-0.000000,1.000000
2010,12,20.000000,155.000000,22.500000,157.500000,2032.500000,12.055597,7.249692,25.985240,45.290529,26.786018,0.926020,62.647085,0.136099,1.914935,0.061539,0.095000,0.066631,205.177261,-0.000000,1.000000
2010,12,20.000000,170.000000,22.500000,172.500000,2568.860000,1.799631,1.650927,0.104326,3.554884,25.940688,0.726798,52.988019,0.133732,2.076235,0.068995,0.119167,0.059313,207.213287,-0.000000,1.000000
2010,12,-20.000000,-135.000000,-17.500000,-132.500000,3976.480000,1.057468,2.402627,38.995292,42.455388,,,,,,,,,,-0.000000,1.000000
2010,12,-20.000000,-145.000000,-17.500000,-142.500000,1084.040000,1.130032,1.345891,15.456072,17.931995,,,,,,,,,,-0.000000,1.000000
2010,12,-20.000000,-150.000000,-17.500000,-147.500000,3867.110000,0.858781,0.859298,15.886282,17.604361,,,,,,,,,,-0.000000,1.000000
2010,12,-20.000000,155.000000,-17.500000,157.500000,1803.780000,7.264190,2.623380,28.105423,37.992992,28.585808,0.762964,13.320694,0.186471,2.018958,0.054950,0.178056,0.096294,202.137466,-0.000000,1.000000
2010,12,-20.000000,-155.000000,-17.500000,-152.500000,2071.540000,1.216004,2.241810,17.761665,21.219479,,,,,,,,,,-0.000000,1.000000
2010,12,-20.000000,160.000000,-17.500000,162.500000,2579.600000,16.257947,2.092572,39.181268,57.531788,28.161649,0.750713,15.023604,0.155174,55.022859,0.059912,0.119478,0.094851,203.204239,-0.000000,1.000000
2010,12,-20.000000,165.000000,-17.500000,167.500000,23012.350000,1.231339,0.928197,23.237653,25.397189,27.882712,0.684659,13.694122,0.154357,128.588622,0.040634,0.133200,0.095171,203.278671,-0.000000,1.000000
2010,12,-20.000000,-165.000000,-17.500000,-162.500000,2302.730000,1.941608,0.802526,28.964316,31.708450,,,,,,,,,,-0.000000,1.000000
2010,12,-20.000000,170.000000,-17.500000,172.500000,31965.880000,1.229905,0.385223,22.128720,23.743848,27.959577,0.723371,15.882978,0.157013,2.266785,0.066406,0.145556,0.082850,203.006622,-0.000000,1.000000
2010,12,-20.000000,-170.000000,-17.500000,-167.500000,1958.690000,1.122179,0.154695,17.208951,18.485825,,,,,,,,,,-0.000000,1.000000
2010,12,-20.000000,175.000000,-17.500000,177.500000,8198.100000,3.848697,0.800795,14.773911,19.423403,28.129886,0.723983,14.969845,0.103421,128.820237,0.027658,0.122173,0.086833,202.579147,-0.000000,1.000000
2010,12,-20.000000,-180.000000,-17.500000,-177.500000,4792.070000,9.476489,1.532115,9.387801,20.396405,,,,,,,,,,-0.000000,1.000000
2010,12,25.000000,130.000000,27.500000,132.500000,8120.800000,2.985174,6.683824,25.388878,35.057876,23.322827,0.967824,79.403501,0.168758,46.873775,0.109675,0.308419,0.164792,214.958298,-0.000000,1.000000
2010,12,25.000000,135.000000,27.500000,137.500000,4374.510000,2.291685,2.329632,14.090492,18.711810,23.535897,1.037507,75.029420,0.099500,5.227328,0.045279,0.326389,0.182657,214.230759,-0.000000,1.000000
2010,12,25.000000,140.000000,27.500000,142.500000,2833.920000,3.804271,4.314518,18.551688,26.670478,23.716194,0.973172,59.581181,0.118986,46.937431,0.061460,0.530425,0.136221,212.057175,-0.000000,1.000000
2010,12,25.000000,145.000000,27.500000,147.500000,8674.790000,2.175845,2.210313,5.932247,10.318405,24.867945,0.975592,57.251794,0.117453,3.544806,0.056044,0.374167,0.098132,212.024719,-0.000000,1.000000
2010,12,25.000000,150.000000,27.500000,152.500000,6803.740000,2.431457,3.022014,10.567276,16.020747,24.587798,0.914743,56.355567,0.114657,3.580634,0.059791,0.334167,0.062744,212.055161,-0.000000,1.000000
2010,12,25.000000,155.000000,27.500000,157.500000,3072.330000,0.861561,6.284481,22.881006,30.027048,24.753476,0.918808,61.751621,0.113808,3.702874,0.060971,0.383056,0.056764,213.918503,-0.000000,1.000000
2010,12,25.000000,160.000000,27.500000,162.500000,4431.460000,0.666146,5.073723,40.966408,46.706277,24.071564,0.871307,59.168017,0.107261,3.851801,0.050054,0.377222,0.052834,215.240646,-0.000000,1.000000
2010,12,25.000000,-160.000000,27.500000,-157.500000,2577.890000,0.686608,23.293857,0.992672,24.973137,,,,,,,,,,-0.000000,1.000000
2010,12,25.000000,165.000000,27.500000,167.500000,1176.320000,0.737044,1.417131,0.734494,2.888670,23.752126,0.823051,61.516374,0.102131,4.892156,0.053923,0.301944,0.050512,216.549805,-0.000000,1.000000
2010,12,-25.000000,-150.000000,-22.500000,-147.500000,1533.190000,1.084667,0.128490,22.022711,23.235868,,,,,,,,,,-0.000000,1.000000
2010,12,-25.000000,-155.000000,-22.500000,-152.500000,1548.300000,4.430666,1.970548,22.932894,29.334108,,,,,,,,,,-0.000000,1.000000
2010,12,-25.000000,160.000000,-22.500000,162.500000,1569.150000,2.480324,0.094319,59.395214,61.969856,26.395938,0.682459,13.533023,0.195986,124.156653,0.120965,0.347312,0.086541,209.161667,-0.000000,1.000000
2010,12,-25.000000,165.000000,-22.500000,167.500000,1352.860000,8.956581,1.466523,19.604394,30.027497,25.896681,0.680341,14.509952,0.167441,123.966425,0.064910,0.292874,0.084066,210.569077,-0.000000,1.000000
2010,12,-25.000000,170.000000,-22.500000,172.500000,4684.950000,2.432683,0.407048,29.498714,32.338445,25.684091,0.703030,15.889251,0.208674,3.038276,0.084804,0.258056,0.074774,210.696854,-0.000000,1.000000
2010,12,-25.000000,175.000000,-22.500000,177.500000,4873.580000,2.021922,0.532463,22.264742,24.819127,25.610615,0.719725,16.309389,0.172159,1.977593,0.061135,0.228056,0.076429,210.788925,-0.000000,1.000000
2010,12,-25.000000,-180.000000,-22.500000,-177.500000,1314.860000,9.090702,0.835070,12.945865,22.871637,,,,,,,,,,-0.000000,1.000000
2010,12,30.000000,130.000000,32.500000,132.500000,4629.940000,5.875670,5.759686,19.819047,31.454403,20.723565,0.620927,78.969911,0.322093,97.155583,0.324734,0.614258,0.586117,221.438583,-0.000000,1.000000
2010,12,30.000000,135.000000,32.500000,137.500000,5896.200000,1.068654,5.596995,24.816831,31.482480,21.297148,0.929652,87.164237,0.409825,94.444501,0.399197,0.478340,0.505217,217.245392,-0.000000,1.000000
2010,12,30.000000,140.000000,32.500000,142.500000,22910.650000,0.569124,9.373152,25.010421,34.952697,21.696316,0.969749,83.305447,0.213599,30.487497,0.178240,0.242500,0.356888,222.377640,-0.000000,1.000000
2010,12,30.000000,145.000000,32.500000,147.500000,6571.870000,0.643500,5.187869,18.890361,24.721731,21.947939,1.020295,81.937836,0.204443,3.936857,0.118280,0.171389,0.243804,223.829086,-0.000000,1.000000
2010,12,30.000000,150.000000,32.500000,152.500000,2641.150000,0.474036,8.339170,37.144047,45.957253,21.878394,1.048356,83.023617,0.196909,2.541423,0.168490,0.269444,0.251691,224.501175,-0.000000,1.000000
2010,12,30.000000,155.000000,32.500000,157.500000,1868.870000,0.353155,20.754788,41.587162,62.695105,21.511595,0.815916,76.124484,0.265351,4.971980,0.295947,0.534167,0.206079,225.720993,-0.000000,1.000000
2010,12,30.000000,160.000000,32.500000,162.500000,3761.370000,0.287395,21.985075,50.453159,72.725629,21.244141,0.798351,72.654910,0.225602,3.397065,0.182834,0.273056,0.120732,228.814163,-0.000000,1.000000
2010,12,30.000000,-160.000000,32.500000,-157.500000,1256.510000,0.000000,1.649012,119.120421,120.769433,,,,,,,,,,-0.000000,1.000000
2010,12,30.000000,165.000000,32.500000,167.500000,3199.610000,0.672582,19.691775,52.671107,73.035464,20.705874,0.791076,70.179986,0.193996,2.290446,0.125770,0.225278,0.091189,230.427856,-0.000000,1.000000
2010,12,30.000000,-165.000000,32.500000,-162.500000,1376.380000,0.000000,0.728723,57.681018,58.409741,,,,,,,,,,-0.000000,1.000000
2010,12,30.000000,170.000000,32.500000,172.500000,6233.020000,0.991494,16.946681,54.455144,72.393318,20.333349,0.752027,64.961999,0.121154,3.520523,0.070639,0.295833,0.094803,232.228226,-0.000000,1.000000
2010,12,30.000000,-170.000000,32.500000,-167.500000,3621.700000,0.104647,0.991523,64.466963,65.563133,,,,,,,,,,-0.000000,1.000000
2010,12,30.000000,175.000000,32.500000,177.500000,3236.770000,0.288250,3.924591,96.213818,100.426660,20.002404,0.574546,54.659755,0.203006,4.080015,0.119044,0.485278,0.110821,234.034119,-0.000000,1.000000
2010,12,30.000000,-175.000000,32.500000,-172.500000,2703.570000,0.027371,0.404650,55.875749,56.307771,,,,,,,,,,-0.000000,1.000000
2010,12,30.000000,-180.000000,32.500000,-177.500000,1349.610000,0.303791,5.140744,92.593416,98.037952,,,,,,,,,,-0.000000,1.000000
2010,12,-30.000000,155.000000,-27.500000,157.500000,1008.900000,5.539697,2.379820,3.296660,11.216176,24.208711,0.688220,16.718379,0.273567,4.855719,0.139562,0.346389,0.101510,217.047974,-0.000000,1.000000
2010,12,35.000000,140.000000,37.500000,142.500000,5685.980000,0.367043,12.988262,13.635117,26.990422,16.936102,0.322368,71.292759,0.375575,83.916752,0.376083,0.746004,0.494121,222.431732,-0.000000,1.000000
2010,12,35.000000,145.000000,37.500000,147.500000,3462.450000,0.000000,0.246935,0.245202,0.492137,16.848377,0.157613,63.574467,0.364654,16.162077,0.218981,0.796389,0.442519,229.206100,-0.000000,1.000000
2010,12,35.000000,150.000000,37.500000,152.500000,3897.720000,0.000000,1.611455,3.147481,4.758936,16.891844,0.232172,67.499825,0.316686,8.337757,0.317242,0.786389,0.403411,230.620102,-0.000000,1.000000
