year,month,lat,lon,lat5c,lon5c,hhooks,cpue_yft,cpue_bet,cpue_alb,cpue_total,sst,ssh,mld,current_speed,sst_gradient_max,ssh_variance,front_strength,chl,do_surface,season_sin,season_cos
2013,1,0.000000,120.000000,2.500000,122.500000,13906.450000,17.313045,4.356827,0.000000,21.669873,28.890878,0.673178,16.171732,0.389179,133.123338,0.026548,0.059901,0.102434,201.121552,0.500000,0.866025
2013,1,0.000000,125.000000,2.500000,127.500000,18467.330000,17.370784,4.299051,0.000000,21.669835,28.842269,0.633830,16.720378,0.348840,135.480134,0.041020,0.125529,0.096041,200.500717,0.500000,0.866025
2013,1,0.000000,130.000000,2.500000,132.500000,8788.760000,18.844638,5.445251,0.095804,24.385693,29.090270,0.646156,15.489692,0.198562,117.515958,0.027528,0.005835,0.102158,200.811859,0.500000,0.866025
2013,1,0.000000,135.000000,2.500000,137.500000,11069.340000,15.783958,7.969942,0.334437,24.088338,29.469695,0.675433,16.625595,0.250158,0.698100,0.022169,0.000000,0.099753,201.123795,0.500000,0.866025
2013,1,0.000000,140.000000,2.500000,142.500000,8697.930000,7.358877,14.246608,0.082778,21.688264,29.708774,0.712243,21.340111,0.306127,0.694892,0.016877,0.000000,0.090608,199.910919,0.500000,0.866025
2013,1,0.000000,145.000000,2.500000,147.500000,1356.390000,20.718230,6.495919,0.000000,27.214149,29.764648,0.723016,23.233107,0.273907,0.311958,0.011798,0.000000,0.092935,199.741516,0.500000,0.866025
2013,1,0.000000,150.000000,2.500000,152.500000,7064.730000,11.823240,14.654629,0.017552,26.495422,29.800338,0.733601,24.537942,0.340867,0.504415,0.010107,0.000000,0.104588,199.120422,0.500000,0.866025
2013,1,0.000000,155.000000,2.500000,157.500000,4725.910000,14.522282,15.078366,0.133942,29.734591,29.732814,0.733242,32.416169,0.375102,0.498426,0.018322,0.000000,0.125688,199.417770,0.500000,0.866025
2013,1,0.000000,160.000000,2.500000,162.500000,2321.790000,10.388967,4.739877,0.645192,15.774036,29.649749,0.726197,29.640680,0.383056,0.399005,0.022660,0.000000,0.140942,199.284607,0.500000,0.866025
2013,1,0.000000,-160.000000,2.500000,-157.500000,1293.410000,8.397183,18.864088,0.000000,27.261271,,,,,,,,,,0.500000,0.866025
2013,1,0.000000,165.000000,2.500000,167.500000,13032.360000,10.056505,15.955821,0.753586,26.765912,29.314534,0.709137,24.584323,0.408736,92.318215,0.027985,0.002779,0.181142,198.913284,0.500000,0.866025
2013,1,0.000000,-165.000000,2.500000,-162.500000,1422.000000,13.429677,8.260197,0.000000,21.689873,,,,,,,,,,0.500000,0.866025
2013,1,0.000000,170.000000,2.500000,172.500000,7152.150000,8.481645,16.454493,0.622051,25.558189,28.769624,0.691399,21.716650,0.510463,128.722933,0.033699,0.025119,0.212318,199.411026,0.500000,0.866025
2013,1,0.000000,-170.000000,2.500000,-167.500000,6643.990000,6.496699,10.231201,0.042896,16.770796,,,,,,,,,,0.500000,0.866025
2013,1,0.000000,175.000000,2.500000,177.500000,14494.300000,5.817321,21.358051,0.246925,27.422297,28.530283,0.673861,26.722305,0.487010,0.859778,0.032081,0.012778,0.168762,200.102051,0.500000,0.866025
2013,1,0.000000,-175.000000,2.500000,-172.500000,9981.240000,4.847193,20.282550,0.207489,25.337233,,,,,,,,,,0.500000,0.866025
2013,1,0.000000,-180.000000,2.500000,-177.500000,2635.660000,5.471115,20.413103,0.036803,25.921022,,,,,,,,,,0.500000,0.866025
2013,1,5.000000,130.000000,7.500000,132.500000,4156.310000,6.999237,12.672298,0.000000,19.671536,28.892988,0.594343,32.005650,0.268663,129.401656,0.044276,0.008082,0.080948,200.016083,0.500000,0.866025
2013,1,5.000000,135.000000,7.500000,137.500000,3501.930000,4.036631,15.940067,0.006282,19.982981,28.911674,0.619755,39.680856,0.272036,127.540440,0.049253,0.006954,0.078237,199.668716,0.500000,0.866025
2013,1,5.000000,140.000000,7.500000,142.500000,1321.230000,1.122439,23.095903,0.000000,24.218342,28.902045,0.641269,45.437358,0.257141,0.528417,0.038796,0.000000,0.073686,199.371948,0.500000,0.866025
2013,1,5.000000,145.000000,7.500000,147.500000,1083.910000,18.292109,24.657951,0.445609,43.395669,28.905365,0.658881,48.087382,0.224513,1.023604,0.028387,0.001944,0.072347,199.252090,0.500000,0.866025
2013,1,5.000000,150.000000,7.500000,152.500000,1276.510000,13.101347,11.012056,0.082256,24.195658,28.869475,0.656118,48.496735,0.251771,114.969949,0.036154,0.008073,0.068869,199.318192,0.500000,0.866025
2013,1,5.000000,155.000000,7.500000,157.500000,2055.410000,15.110367,19.982388,1.769477,36.862232,28.914248,0.665401,52.839107,0.229473,123.125662,0.034703,0.003614,0.065707,199.415634,0.500000,0.866025
2013,1,5.000000,165.000000,7.500000,167.500000,3558.250000,10.620108,14.511909,0.911684,26.043701,28.739536,0.643100,51.431904,0.191130,129.887065,0.055358,0.042210,0.093965,199.642899,0.500000,0.866025
2013,1,5.000000,170.000000,7.500000,172.500000,2313.870000,17.737384,17.901611,0.634867,36.273862,28.708901,0.595835,46.798870,0.211097,129.726558,0.066824,0.028129,0.116668,199.911026,0.500000,0.866025
2013,1,5.000000,175.000000,7.500000,177.500000,11515.100000,10.786359,16.283315,0.436731,27.506405,28.536277,0.547402,44.734330,0.185207,0.750401,0.077076,0.006111,0.123136,200.125198,0.500000,0.866025
2013,1,5.000000,-175.000000,7.500000,-172.500000,1172.850000,4.663853,13.175598,0.295008,18.134459,,,,,,,,,,0.500000,0.866025
2013,1,5.000000,-180.000000,7.500000,-177.500000,3909.430000,2.849776,6.816851,0.311554,9.978181,,,,,,,,,,0.500000,0.866025
2013,1,-5.000000,120.000000,-2.500000,122.500000,18243.520000,17.546888,4.122943,0.000000,21.669831,29.780835,0.700459,16.628115,0.153827,136.660193,0.023180,0.253815,0.108104,199.512970,0.500000,0.866025
2013,1,-5.000000,125.000000,-2.500000,127.500000,27365.270000,17.546876,4.122927,0.000000,21.669803,29.437496,0.679870,18.843669,0.305628,134.906643,0.011415,0.158824,0.095501,199.511856,0.500000,0.866025
2013,1,-5.000000,130.000000,-2.500000,132.500000,9121.760000,17.546833,4.122889,0.000000,21.669722,29.572053,0.696552,24.382043,0.174777,134.061276,0.020857,0.197766,0.129897,198.766708,0.500000,0.866025
2013,1,-5.000000,140.000000,-2.500000,142.500000,1585.910000,6.339578,0.111608,0.000000,6.451186,29.460774,0.706447,24.441681,0.349748,129.802553,0.016342,0.097345,0.205614,200.655579,0.500000,0.866025
2013,1,-5.000000,145.000000,-2.500000,147.500000,1180.550000,6.386007,0.077083,0.000000,6.463089,29.576426,0.729688,24.467805,0.284138,127.137581,0.017848,0.045908,0.193113,200.157883,0.500000,0.866025
2013,1,-5.000000,-155.000000,-2.500000,-152.500000,7867.630000,4.173048,11.152024,0.052239,15.377312,,,,,,,,,,0.500000,0.866025
2013,1,-5.000000,160.000000,-2.500000,162.500000,1562.890000,6.070165,10.396125,1.048058,17.514348,29.924447,0.739712,22.047844,0.246522,0.368529,0.031470,0.000000,0.150019,199.253281,0.500000,0.866025
2013,1,-5.000000,-160.000000,-2.500000,-157.500000,3584.750000,6.479392,13.137039,0.148406,19.764837,,,,,,,,,,0.500000,0.866025
2013,1,-5.000000,-165.000000,-2.500000,-162.500000,4913.790000,7.572566,12.226204,0.202288,20.001058,,,,,,,,,,0.500000,0.866025
2013,1,-5.000000,170.000000,-2.500000,172.500000,4653.120000,2.008975,21.980521,2.714738,26.704233,29.209576,0.720076,22.369141,0.426205,128.256994,0.057368,0.015329,0.153035,200.782837,0.500000,0.866025
2013,1,-5.000000,-170.000000,-2.500000,-167.500000,5693.120000,5.364721,10.774584,0.311604,16.450909,,,,,,,,,,0.500000,0.866025
2013,1,-5.000000,175.000000,-2.500000,177.500000,2269.490000,3.161063,8.356503,1.175154,12.692720,28.973909,0.705755,22.863861,0.491681,90.564796,0.057024,0.001668,0.154877,201.561829,0.500000,0.866025
2013,1,-5.000000,-175.000000,-2.500000,-172.500000,1509.540000,7.377744,9.304159,0.063596,16.745499,,,,,,,,,,0.500000,0.866025
2013,1,-5.000000,-180.000000,-2.500000,-177.500000,1960.060000,4.926890,8.860953,1.093844,14.881687,,,,,,,,,,0.500000,0.866025
2013,1,10.000000,110.000000,12.500000,112.500000,16313.710000,17.772659,2.886100,0.000000,20.658759,26.880279,0.680755,38.273307,0.160023,2.048180,0.026833,0.071111,0.080059,207.137115,0.500000,0.866025
2013,1,10.000000,115.000000,12.500000,117.500000,16313.710000,17.772659,2.886100,0.000000,20.658759,27.618544,0.710072,30.459578,0.136567,124.847279,0.036531,0.074915,0.106555,204.534088,0.500000,0.866025
2013,1,10.000000,155.000000,12.500000,157.500000,10352.460000,2.920755,0.758081,0.297031,3.975867,27.999165,0.795785,71.699766,0.219780,0.289413,0.063838,0.000000,0.102252,201.687759,0.500000,0.866025
2013,1,10.000000,-165.000000,12.500000,-162.500000,1666.340000,4.115007,17.115355,0.787354,22.017715,,,,,,,,,,0.500000,0.866025
2013,1,10.000000,-170.000000,12.500000,-167.500000,5585.130000,6.367444,19.498024,3.858281,29.723749,,,,,,,,,,0.500000,0.866025
2013,1,10.000000,175.000000,12.500000,177.500000,1465.360000,4.506060,9.308293,2.419201,16.233554,27.288520,0.640790,52.761038,0.259456,0.626117,0.091817,0.000000,0.134691,204.600632,0.500000,0.866025
2013,1,10.000000,-175.000000,12.500000,-172.500000,3019.280000,5.340346,12.748404,2.497615,20.586365,,,,,,,,,,0.500000,0.866025
2013,1,10.000000,-180.000000,12.500000,-177.500000,1056.310000,3.148697,9.928903,3.537787,16.615388,,,,,,,,,,0.500000,0.866025
2013,1,-10.000000,-135.000000,-7.500000,-132.500000,18024.790000,5.885062,18.659801,0.693378,25.238241,,,,,,,,,,0.500000,0.866025
2013,1,-10.000000,-140.000000,-7.500000,-137.500000,1868.750000,3.976455,19.658060,0.241873,23.876388,,,,,,,,,,0.500000,0.866025
2013,1,-10.000000,145.000000,-7.500000,147.500000,1764.040000,15.074488,0.087866,0.019841,15.182195,29.467459,0.723321,14.893549,0.178245,134.642567,0.029793,0.237078,0.142014,199.127930,0.500000,0.866025
2013,1,-10.000000,-145.000000,-7.500000,-142.500000,2451.940000,6.140444,20.555968,0.653768,27.350180,,,,,,,,,,0.500000,0.866025
2013,1,-10.000000,-150.000000,-7.500000,-147.500000,11312.790000,5.930456,19.630524,0.961567,26.522547,,,,,,,,,,0.500000,0.866025
2013,1,-10.000000,155.000000,-7.500000,157.500000,1062.790000,20.368088,6.777444,2.741840,29.887372,30.170849,0.749868,17.022416,0.213722,136.028350,0.041310,0.102259,0.103675,198.087173,0.500000,0.866025
2013,1,-10.000000,-155.000000,-7.500000,-152.500000,14706.130000,5.694088,17.404919,1.203920,24.302927,,,,,,,,,,0.500000,0.866025
2013,1,-10.000000,-165.000000,-7.500000,-162.500000,6727.790000,3.278045,6.329419,4.358192,13.965656,,,,,,,,,,0.500000,0.866025
2013,1,-10.000000,170.000000,-7.500000,172.500000,5547.330000,6.530529,7.761031,37.371492,51.663052,29.915010,0.801039,23.032829,0.232257,0.284912,0.058938,0.000000,0.081978,196.831848,0.500000,0.866025
2013,1,-10.000000,-170.000000,-7.500000,-167.500000,3050.840000,3.499692,5.958687,3.662926,13.121304,,,,,,,,,,0.500000,0.866025
2013,1,-10.000000,175.000000,-7.500000,177.500000,5846.240000,6.347499,6.294644,15.248091,27.890234,29.831893,0.802593,24.199484,0.242422,0.411237,0.056145,0.000000,0.085104,196.685410,0.500000,0.866025
2013,1,-10.000000,-180.000000,-7.500000,-177.500000,9813.870000,3.268435,7.779296,5.873830,16.921561,,,,,,,,,,0.500000,0.866025
2013,1,15.000000,110.000000,17.500000,112.500000,16313.710000,17.772659,2.886100,0.000000,20.658759,24.818946,0.681869,53.967722,0.160484,101.107756,0.054847,0.283242,0.164956,213.061401,0.500000,0.866025
2013,1,15.000000,115.000000,17.500000,117.500000,22024.900000,18.366167,2.479149,0.076822,20.922138,25.547570,0.586188,36.125714,0.227875,121.427928,0.095397,0.275209,0.094819,209.945129,0.500000,0.866025
2013,1,15.000000,130.000000,17.500000,132.500000,1092.370000,2.813149,1.959959,12.299862,17.072970,26.571256,0.968139,68.212136,0.139489,2.207059,0.055269,0.191667,0.080595,205.300385,0.500000,0.866025
2013,1,15.000000,150.000000,17.500000,152.500000,1090.950000,3.442871,2.432742,2.771896,8.647509,27.678632,0.981881,82.560075,0.160342,1.572907,0.049746,0.088056,0.070572,203.820755,0.500000,0.866025
2013,1,15.000000,155.000000,17.500000,157.500000,4638.370000,4.973299,2.971734,3.897490,11.842522,27.539092,0.943499,87.282899,0.137357,1.811372,0.041359,0.078333,0.064182,203.596970,0.500000,0.866025
2013,1,15.000000,160.000000,17.500000,162.500000,8126.130000,8.036544,2.572319,7.861553,18.470416,27.304967,0.895349,89.745573,0.121330,1.254019,0.035060,0.013611,0.059218,203.709167,0.500000,0.866025
2013,1,15.000000,-160.000000,17.500000,-157.500000,2052.610000,5.361467,12.404207,1.076678,18.842352,,,,,,,,,,0.500000,0.866025
2013,1,15.000000,-165.000000,17.500000,-162.500000,7045.740000,5.563220,14.781982,1.293690,21.638891,,,,,,,,,,0.500000,0.866025
2013,1,15.000000,170.000000,17.500000,172.500000,3740.310000,2.574653,4.836230,21.066703,28.477586,27.058767,0.862820,91.089151,0.129347,1.367199,0.038327,0.047222,0.054312,204.073227,0.500000,0.866025
2013,1,15.000000,175.000000,17.500000,177.500000,4747.500000,7.341969,5.528594,16.941759,29.812322,26.807437,0.862179,85.389946,0.148269,0.965327,0.064386,0.006667,0.060888,204.549164,0.500000,0.866025
2013,1,15.000000,-180.000000,17.500000,-177.500000,7081.720000,1.703541,6.378676,20.244658,28.326875,,,,,,,,,,0.500000,0.866025
2013,1,-15.000000,-135.000000,-12.500000,-132.500000,16813.710000,1.664178,25.373103,6.435700,33.472981,,,,,,,,,,0.500000,0.866025
2013,1,-15.000000,-140.000000,-12.500000,-137.500000,2324.130000,1.569189,32.454295,4.706707,38.730192,,,,,,,,,,0.500000,0.866025
2013,1,-15.000000,145.000000,-12.500000,147.500000,1808.200000,28.065479,0.920805,10.726136,39.712421,29.219995,0.760945,18.087313,0.122111,133.637946,0.029528,0.038321,0.101353,199.482040,0.500000,0.866025
2013,1,-15.000000,-145.000000,-12.500000,-142.500000,2079.460000,4.461735,10.546969,11.164918,26.173622,,,,,,,,,,0.500000,0.866025
2013,1,-15.000000,150.000000,-12.500000,152.500000,2847.830000,29.260876,0.117282,3.401537,32.779695,29.418752,0.760339,17.162484,0.144117,132.703152,0.045807,0.038396,0.089216,198.462631,0.500000,0.866025
2013,1,-15.000000,-150.000000,-12.500000,-147.500000,2631.070000,7.477186,12.903496,7.038961,27.419643,,,,,,,,,,0.500000,0.866025
2013,1,-15.000000,155.000000,-12.500000,157.500000,9355.130000,4.237782,0.785131,26.018986,31.041899,29.445285,0.673976,16.280015,0.160489,1.360890,0.051570,0.007778,0.087349,198.430161,0.500000,0.866025
2013,1,-15.000000,-155.000000,-12.500000,-152.500000,3886.280000,4.663843,18.050681,1.868110,24.582634,,,,,,,,,,0.500000,0.866025
2013,1,-15.000000,160.000000,-12.500000,162.500000,9133.600000,2.025050,0.854209,21.414557,24.293816,29.494380,0.723804,14.535031,0.143899,134.105691,0.046477,0.023897,0.081983,197.672852,0.500000,0.866025
2013,1,-15.000000,-160.000000,-12.500000,-157.500000,4208.750000,0.635581,0.507752,9.691951,10.835284,,,,,,,,,,0.500000,0.866025
2013,1,-15.000000,165.000000,-12.500000,167.500000,2835.170000,5.032150,1.125153,19.343461,25.500764,29.780436,0.725607,14.187018,0.112838,130.438377,0.044619,0.015355,0.074160,196.920349,0.500000,0.866025
2013,1,-15.000000,-165.000000,-12.500000,-162.500000,4766.320000,0.440801,1.227572,9.168079,10.836452,,,,,,,,,,0.500000,0.866025
2013,1,-15.000000,170.000000,-12.500000,172.500000,2594.280000,3.969888,1.061181,19.261992,24.293060,29.906378,0.689711,14.094423,0.111085,0.624250,0.042312,0.000000,0.069440,196.525299,0.500000,0.866025
2013,1,-15.000000,-170.000000,-12.500000,-167.500000,2061.170000,2.917275,0.940243,11.987852,15.845369,,,,,,,,,,0.500000,0.866025
2013,1,-15.000000,-175.000000,-12.500000,-172.500000,4782.650000,2.667977,1.765967,15.495175,19.929119,,,,,,,,,,0.500000,0.866025
2013,1,20.000000,125.000000,22.500000,127.500000,1864.350000,0.240298,3.953120,16.429855,20.623274,23.708964,0.958440,58.368476,0.246942,73.836711,0.108957,0.417732,0.104799,214.166962,0.500000,0.866025
2013,1,20.000000,130.000000,22.500000,132.500000,1389.010000,0.380127,4.056126,22.695301,27.131554,24.026768,0.914111,59.268177,0.186990,4.168161,0.068535,0.410000,0.111575,216.302505,0.500000,0.866025
2013,1,20.000000,135.000000,22.500000,137.500000,1477.960000,0.285529,0.334921,1.833608,2.454058,24.596154,0.911655,62.327997,0.180493,3.002313,0.102417,0.401667,0.084065,213.574493,0.500000,0.866025
2013,1,20.000000,145.000000,22.500000,147.500000,1628.960000,0.753241,1.745899,1.307583,3.806723,24.837760,0.825130,59.790934,0.126846,3.948387,0.061465,0.235278,0.066789,211.981171,0.500000,0.866025
2013,1,20.000000,150.000000,22.500000,152.500000,2877.830000,2.906009,5.137204,14.952238,22.995451,25.645729,0.889313,63.346892,0.138238,4.852543,0.068792,0.245000,0.065010,211.071152,0.500000,0.866025
2013,1,20.000000,155.000000,22.500000,157.500000,1653.130000,2.639236,4.824787,7.859636,15.323659,25.684605,0.897975,69.667953,0.126338,2.471117,0.070602,0.226389,0.069518,210.118378,0.500000,0.866025
2013,1,20.000000,-155.000000,22.500000,-152.500000,2390.290000,1.786812,11.965075,0.079488,13.831376,,,,,,,,,,0.500000,0.866025
2013,1,20.000000,160.000000,22.500000,162.500000,2536.310000,1.046796,2.591954,7.144237,10.782988,25.492751,0.885518,71.122923,0.101827,2.744229,0.052878,0.193333,0.075745,209.984222,0.500000,0.866025
2013,1,20.000000,-160.000000,22.500000,-157.500000,8524.490000,1.168398,12.317218,0.109097,13.594714,,,,,,,,,,0.500000,0.866025
2013,1,20.000000,-165.000000,22.500000,-162.500000,2096.510000,2.136885,9.970856,0.505602,12.613343,,,,,,,,,,0.500000,0.866025
2013,1,20.000000,170.000000,22.500000,172.500000,1421.170000,4.603953,10.367514,10.315444,25.286911,25.210239,0.798845,62.921540,0.136241,3.192597,0.054470,0.322778,0.067798,210.266754,0.500000,0.866025
2013,1,20.000000,175.000000,22.500000,177.500000,1068.100000,2.162719,9.677933,7.158506,18.999157,25.182830,0.773313,64.482689,0.111796,2.490347,0.040138,0.310278,0.064905,209.820236,0.500000,0.866025
2013,1,-20.000000,-135.000000,-17.500000,-132.500000,7595.290000,9.887707,5.321982,14.453958,29.663647,,,,,,,,,,0.500000,0.866025
2013,1,-20.000000,-145.000000,-17.500000,-142.500000,1303.560000,4.739329,5.128264,12.931511,22.799104,,,,,,,,,,0.500000,0.866025
2013,1,-20.000000,-150.000000,-17.500000,-147.500000,6046.700000,3.048109,1.205451,18.427737,22.681297,,,,,,,,,,0.500000,0.866025
2013,1,-20.000000,-155.000000,-17.500000,-152.500000,1646.240000,3.873676,1.833876,17.525391,23.232943,,,,,,,,,,0.500000,0.866025
2013,1,-20.000000,160.000000,-17.500000,162.500000,3189.080000,3.792943,0.496695,27.037265,31.326903,27.867601,0.775310,21.269045,0.183809,54.753997,0.055166,0.174215,0.079198,202.653305,0.500000,0.866025
2013,1,-20.000000,-160.000000,-17.500000,-157.500000,6291.250000,0.470336,0.557123,9.165428,10.192887,,,,,,,,,,0.500000,0.866025
2013,1,-20.000000,165.000000,-17.500000,167.500000,8587.450000,4.540929,0.758665,16.841204,22.140798,28.203059,0.803464,21.450728,0.113847,129.986984,0.031353,0.183329,0.091381,202.287979,0.500000,0.866025
2013,1,-20.000000,-165.000000,-17.500000,-162.500000,1712.390000,0.652889,0.621938,13.053685,14.328512,,,,,,,,,,0.500000,0.866025
2013,1,-20.000000,170.000000,-17.500000,172.500000,4980.720000,2.630142,0.371834,15.276305,18.278281,28.411607,0.793400,21.370036,0.120045,1.832040,0.035246,0.116111,0.086476,201.741776,0.500000,0.866025
2013,1,-20.000000,-170.000000,-17.500000,-167.500000,7087.220000,3.775669,2.050451,17.405414,23.231535,,,,,,,,,,0.500000,0.866025
2013,1,-20.000000,175.000000,-17.500000,177.500000,7665.220000,4.440708,0.656733,5.132664,10.230104,28.935197,0.800723,18.095998,0.116711,133.179683,0.036605,0.158297,0.095402,200.605057,0.500000,0.866025
2013,1,-20.000000,-175.000000,-17.500000,-172.500000,10153.490000,4.028664,1.270795,14.507327,19.806786,,,,,,,,,,0.500000,0.866025
2013,1,-20.000000,-180.000000,-17.500000,-177.500000,10907.660000,5.211659,1.435780,10.368860,17.016299,,,,,,,,,,0.500000,0.866025
2013,1,25.000000,130.000000,27.500000,132.500000,6540.780000,1.084580,4.105627,26.717761,31.907968,22.140774,0.932229,81.658004,0.234880,45.474663,0.148260,0.546819,0.365800,221.620132,0.500000,0.866025
2013,1,25.000000,135.000000,27.500000,137.500000,15055.630000,0.688181,2.637950,22.169448,25.495579,20.960990,0.957239,105.622574,0.172812,6.977420,0.096052,0.351667,0.292890,223.440613,0.500000,0.866025
2013,1,25.000000,140.000000,27.500000,142.500000,11339.440000,1.686415,2.529490,44.027924,48.243829,21.251177,0.930361,91.539718,0.137584,42.973994,0.090930,0.451236,0.101227,225.742523,0.500000,0.866025
2013,1,25.000000,145.000000,27.500000,147.500000,7748.550000,0.387944,1.372515,17.476560,19.237019,21.782489,0.878825,90.070299,0.106787,6.828735,0.045742,0.390833,0.078367,225.342819,0.500000,0.866025
2013,1,25.000000,150.000000,27.500000,152.500000,4207.410000,0.295431,2.606354,25.380935,28.282720,21.943456,0.884044,78.348096,0.106059,6.322341,0.049627,0.513889,0.115753,224.991745,0.500000,0.866025
2013,1,25.000000,155.000000,27.500000,157.500000,3806.020000,0.354701,4.055155,35.922039,40.331895,21.853547,0.836939,77.072550,0.115334,5.625547,0.062476,0.621944,0.076568,225.531891,0.500000,0.866025
2013,1,25.000000,160.000000,27.500000,162.500000,3067.920000,0.437756,3.679366,47.895969,52.013090,21.942152,0.822967,81.759642,0.123536,5.966980,0.062255,0.535556,0.065352,225.529648,0.500000,0.866025
2013,1,25.000000,-160.000000,27.500000,-157.500000,10568.420000,1.973994,13.114543,2.154343,17.242880,,,,,,,,,,0.500000,0.866025
2013,1,25.000000,165.000000,27.500000,167.500000,1684.700000,1.201994,7.980649,34.907699,44.090342,21.766796,0.777502,78.854492,0.122031,3.950854,0.054697,0.513889,0.055233,224.095764,0.500000,0.866025
2013,1,25.000000,-165.000000,27.500000,-162.500000,4193.100000,2.756910,13.452577,5.453483,21.662970,,,,,,,,,,0.500000,0.866025
2013,1,25.000000,170.000000,27.500000,172.500000,1501.680000,1.286559,12.416094,11.395237,25.097890,21.962169,0.758403,76.181070,0.097728,3.460469,0.043798,0.561111,0.054281,224.357056,0.500000,0.866025
2013,1,25.000000,-170.000000,27.500000,-167.500000,1432.490000,3.322187,11.750169,42.105006,57.177362,,,,,,,,,,0.500000,0.866025
2013,1,25.000000,175.000000,27.500000,177.500000,1867.980000,1.637598,15.273718,10.701935,27.613251,22.249902,0.730911,82.302871,0.123175,5.961964,0.059370,0.562778,0.052612,223.394928,0.500000,0.866025
2013,1,-25.000000,150.000000,-22.500000,152.500000,1199.800000,22.861310,3.213036,5.625938,31.700283,27.774783,0.641330,18.425226,0.225739,126.785079,0.121742,0.219712,0.137234,203.350357,0.500000,0.866025
2013,1,-25.000000,-150.000000,-22.500000,-147.500000,1438.490000,1.311097,0.482450,24.355400,26.148948,,,,,,,,,,0.500000,0.866025
2013,1,-25.000000,160.000000,-22.500000,162.500000,2001.580000,5.911830,0.367210,45.837289,52.116328,26.112408,0.740661,18.780695,0.167360,122.504240,0.050792,0.207993,0.088201,208.191452,0.500000,0.866025
2013,1,-25.000000,165.000000,-22.500000,167.500000,1043.070000,8.646591,0.355681,14.901205,23.903477,26.095304,0.699674,20.103539,0.197888,121.575749,0.081671,0.258111,0.089388,208.734299,0.500000,0.866025
2013,1,-25.000000,-175.000000,-22.500000,-172.500000,1890.480000,33.479328,4.552283,7.657315,45.688926,,,,,,,,,,0.500000,0.866025
2013,1,-25.000000,-180.000000,-22.500000,-177.500000,2734.690000,2.450369,1.876264,12.178346,16.504979,,,,,,,,,,0.500000,0.866025
2013,1,30.000000,130.000000,32.500000,132.500000,15691.490000,2.677184,4.601284,27.819028,35.097496,18.343505,0.595119,77.640327,0.307499,90.095375,0.302766,0.677842,0.639355,231.268356,0.500000,0.866025
2013,1,30.000000,135.000000,32.500000,137.500000,11180.330000,3.360813,6.447574,33.464039,43.272426,18.876165,0.830691,122.707736,0.363898,81.521444,0.374164,0.461867,0.557073,225.910522,0.500000,0.866025
2013,1,30.000000,140.000000,32.500000,142.500000,11707.140000,0.315278,1.300574,17.737979,19.353830,19.361414,0.939072,133.807224,0.229978,27.130842,0.234442,0.460000,0.418207,229.075546,0.500000,0.866025
2013,1,30.000000,145.000000,32.500000,147.500000,2172.340000,0.335583,2.027767,16.491433,18.854783,18.839985,0.899688,140.596745,0.259252,4.732437,0.151664,0.306111,0.399060,234.415649,0.500000,0.866025
2013,1,30.000000,-155.000000,32.500000,-152.500000,7800.320000,0.628308,9.568197,43.176049,53.372554,,,,,,,,,,0.500000,0.866025
2013,1,30.000000,-160.000000,32.500000,-157.500000,5599.750000,1.140051,10.095986,35.943747,47.179785,,,,,,,,,,0.500000,0.866025
2013,1,30.000000,-165.000000,32.500000,-162.500000,3691.460000,0.561025,6.792164,33.226962,40.580150,,,,,,,,,,0.500000,0.866025
2013,1,30.000000,170.000000,32.500000,172.500000,2119.040000,0.683328,6.501057,35.055969,42.240354,18.089625,0.656057,110.733111,0.165178,3.229134,0.142816,0.346944,0.152343,242.567337,0.500000,0.866025
2013,1,30.000000,-170.000000,32.500000,-167.500000,1584.080000,1.150826,7.091814,39.319984,47.562623,,,,,,,,,,0.500000,0.866025
2013,1,30.000000,175.000000,32.500000,177.500000,3302.020000,2.730450,17.737930,38.128176,58.596556,17.989992,0.611847,100.339523,0.119623,2.324663,0.092174,0.282500,0.138478,243.294739,0.500000,0.866025
2013,1,-30.000000,170.000000,-27.500000,172.500000,2389.000000,2.044370,1.243198,19.987861,23.275429,23.915916,0.558000,22.676144,0.208054,2.487841,0.090328,0.274167,0.072236,216.278900,0.500000,0.866025
2013,1,-40.000000,175.000000,-37.500000,177.500000,1123.100000,0.000000,9.991096,6.811504,16.802600,,,,,,,,,,0.500000,0.866025
2013,2,0.000000,120.000000,2.500000,122.500000,18368.510000,13.107378,3.298471,0.000000,16.405849,29.006022,0.680237,15.769271,0.213720,133.365891,0.017563,0.065177,0.111109,201.521027,0.866025,0.500000
2013,2,0.000000,125.000000,2.500000,127.500000,24392.800000,13.151094,3.254731,0.000000,16.405825,28.741027,0.637164,15.664461,0.323622,134.185364,0.042547,0.118875,0.101390,200.531418,0.866025,0.500000
2013,2,0.000000,130.000000,2.500000,132.500000,8380.750000,13.506309,4.081019,0.292337,17.879665,28.697114,0.646330,12.514158,0.276553,117.100756,0.021001,0.006391,0.098101,201.017380,0.866025,0.500000
2013,2,0.000000,135.000000,2.500000,137.500000,9809.980000,15.836831,4.606839,0.847708,21.291379,29.307261,0.681117,14.767780,0.384155,0.610922,0.021513,0.000000,0.112786,200.837845,0.866025,0.500000
2013,2,0.000000,140.000000,2.500000,142.500000,6416.660000,5.457824,4.047121,0.017922,9.522867,29.603147,0.710389,21.421451,0.413616,0.422900,0.017918,0.000000,0.128370,199.663422,0.866025,0.500000
2013,2,0.000000,145.000000,2.500000,147.500000,5647.450000,8.728718,5.068482,0.000000,13.797201,29.686626,0.724108,27.175844,0.375991,0.337162,0.016979,0.000000,0.128655,199.335190,0.866025,0.500000
2013,2,0.000000,150.000000,2.500000,152.500000,4221.970000,13.595549,16.119963,0.021791,29.737303,29.614337,0.727153,27.183897,0.381413,0.345406,0.016422,0.000000,0.138688,198.779984,0.866025,0.500000
2013,2,0.000000,155.000000,2.500000,157.500000,2797.950000,18.725495,11.028789,0.751622,30.505906,29.577934,0.723753,32.377724,0.375663,0.901092,0.014961,0.004722,0.155940,198.893463,0.866025,0.500000
2013,2,0.000000,-155.000000,2.500000,-152.500000,1023.320000,3.864871,11.001446,0.000000,14.866317,,,,,,,,,,0.866025,0.500000
2013,2,0.000000,-160.000000,2.500000,-157.500000,3710.650000,5.752361,17.448425,0.064409,23.265196,,,,,,,,,,0.866025,0.500000
2013,2,0.000000,165.000000,2.500000,167.500000,10596.240000,8.640707,14.207870,1.624350,24.472926,29.149349,0.675693,29.500026,0.303241,91.372740,0.014546,0.002779,0.187657,198.734299,0.866025,0.500000
2013,2,0.000000,170.000000,2.500000,172.500000,1775.290000,3.612368,12.061691,1.883073,17.557132,28.681526,0.648684,30.144717,0.355962,128.161486,0.010844,0.020374,0.212930,198.957932,0.866025,0.500000
2013,2,0.000000,-170.000000,2.500000,-167.500000,2699.520000,2.297445,11.801357,0.135580,14.234382,,,,,,,,,,0.866025,0.500000
2013,2,0.000000,175.000000,2.500000,177.500000,14504.160000,4.119025,17.496842,0.291365,21.907232,28.350496,0.629959,33.938449,0.373222,0.465075,0.012762,0.000000,0.178944,199.129532,0.866025,0.500000
2013,2,0.000000,-175.000000,2.500000,-172.500000,4316.170000,5.201371,13.772627,0.037070,19.011068,,,,,,,,,,0.866025,0.500000
2013,2,0.000000,-180.000000,2.500000,-177.500000,3452.370000,4.512552,18.128995,0.062276,22.703824,,,,,,,,,,0.866025,0.500000
2013,2,5.000000,130.000000,7.500000,132.500000,6931.240000,2.700094,19.646268,0.000000,22.346362,28.612847,0.592474,32.362465,0.314782,128.053394,0.049584,0.007804,0.083662,200.819229,0.866025,0.500000
2013,2,5.000000,135.000000,7.500000,137.500000,2406.260000,3.694946,13.326490,0.000000,17.021436,28.506637,0.637747,37.633484,0.301482,126.463740,0.053026,0.007510,0.089267,200.532776,0.866025,0.500000
2013,2,5.000000,140.000000,7.500000,142.500000,2344.630000,12.709468,20.072250,0.303673,33.085391,28.732423,0.688792,50.274669,0.229025,0.563353,0.030688,0.000000,0.078047,199.866364,0.866025,0.500000
2013,2,5.000000,145.000000,7.500000,147.500000,1526.190000,11.298724,13.081595,0.524181,24.904501,28.808812,0.706460,55.291192,0.203301,1.027734,0.026148,0.016667,0.073799,199.729599,0.866025,0.500000
2013,2,5.000000,155.000000,7.500000,157.500000,2423.380000,13.626010,14.982380,0.767110,29.375500,28.788218,0.685900,59.941597,0.163002,122.342580,0.033741,0.015569,0.076490,199.729462,0.866025,0.500000
2013,2,5.000000,160.000000,7.500000,162.500000,1332.730000,10.995475,20.455006,0.312892,31.763373,28.620659,0.670514,59.229224,0.128499,0.616264,0.028857,0.000000,0.069410,199.647644,0.866025,0.500000
2013,2,5.000000,165.000000,7.500000,167.500000,9566.320000,7.621112,12.401948,0.660756,20.683816,28.413402,0.625700,52.988564,0.154192,128.585667,0.039335,0.049292,0.093341,200.256729,0.866025,0.500000
2013,2,5.000000,170.000000,7.500000,172.500000,1398.350000,5.461437,21.152787,2.239783,28.854007,28.261192,0.559439,52.366202,0.170445,128.205703,0.040555,0.053446,0.124722,200.434570,0.866025,0.500000
2013,2,5.000000,-170.000000,7.500000,-167.500000,1943.230000,1.658064,16.755608,0.571214,18.984886,,,,,,,,,,0.866025,0.500000
2013,2,5.000000,175.000000,7.500000,177.500000,9353.270000,4.851779,21.322810,0.622349,26.796938,28.257886,0.540015,60.207851,0.197635,0.571679,0.029667,0.000000,0.140962,200.618393,0.866025,0.500000
2013,2,5.000000,-175.000000,7.500000,-172.500000,4095.390000,2.511849,14.805672,0.587001,17.904522,,,,,,,,,,0.866025,0.500000
2013,2,5.000000,-180.000000,7.500000,-177.500000,4534.110000,4.094078,16.998705,0.172250,21.265033,,,,,,,,,,0.866025,0.500000
2013,2,-5.000000,120.000000,-2.500000,122.500000,24097.170000,13.284423,3.121404,0.000000,16.405827,29.870493,0.701476,13.419075,0.112035,136.964702,0.014833,0.237751,0.110597,199.494675,0.866025,0.500000
2013,2,-5.000000,125.000000,-2.500000,127.500000,36145.750000,13.284411,3.121390,0.000000,16.405802,29.563215,0.691386,14.553834,0.174492,134.125377,0.008898,0.166254,0.102072,199.615509,0.866025,0.500000
2013,2,-5.000000,130.000000,-2.500000,132.500000,12048.580000,13.284387,3.121364,0.000000,16.405751,29.582344,0.685578,14.770858,0.160218,135.518453,0.018481,0.244104,0.142183,198.665756,0.866025,0.500000
2013,2,-5.000000,140.000000,-2.500000,142.500000,2543.820000,18.464357,0.490994,0.080587,19.035938,29.254637,0.678349,17.223041,0.443892,129.120571,0.017266,0.090265,0.313321,200.968262,0.866025,0.500000
2013,2,-5.000000,-155.000000,-2.500000,-152.500000,6782.500000,2.826834,18.556285,0.423148,21.806266,,,,,,,,,,0.866025,0.500000
2013,2,-5.000000,-165.000000,-2.500000,-162.500000,2053.040000,9.234598,5.899544,0.404766,15.538908,,,,,,,,,,0.866025,0.500000
2013,2,-5.000000,170.000000,-2.500000,172.500000,1874.990000,1.788276,5.069360,11.384594,18.242231,29.349464,0.720313,19.496208,0.654087,129.611009,0.073087,0.022575,0.152432,200.185532,0.866025,0.500000
2013,2,-5.000000,175.000000,-2.500000,177.500000,1228.230000,1.307573,7.802285,0.934678,10.044536,29.057919,0.698700,22.229996,0.636459,91.796158,0.067689,0.001668,0.159185,201.354980,0.866025,0.500000
2013,2,-5.000000,-180.000000,-2.500000,-177.500000,1231.570000,3.257631,10.190245,0.344276,13.792151,,,,,,,,,,0.866025,0.500000
2013,2,10.000000,110.000000,12.500000,112.500000,23374.790000,12.403876,2.014264,0.000000,14.418140,26.836531,0.697300,25.718755,0.168230,1.522138,0.025407,0.062500,0.086285,207.762115,0.866025,0.500000
2013,2,10.000000,115.000000,12.500000,117.500000,24583.210000,12.673121,2.067549,0.002644,14.743315,27.434300,0.693601,22.783575,0.181318,123.987454,0.038604,0.097333,0.127266,205.768082,0.866025,0.500000
2013,2,10.000000,130.000000,12.500000,132.500000,1783.120000,5.101171,5.251469,6.074745,16.427386,28.044425,0.883181,57.088054,0.265756,1.239119,0.070817,0.017778,0.072976,201.778183,0.866025,0.500000
2013,2,10.000000,150.000000,12.500000,152.500000,2211.390000,2.221680,0.134305,0.275845,2.631829,27.795560,0.834626,65.404729,0.233772,0.435427,0.061529,0.000000,0.091080,202.989700,0.866025,0.500000
2013,2,10.000000,155.000000,12.500000,157.500000,26560.260000,1.298331,0.144577,0.059902,1.502809,27.568011,0.787382,63.538904,0.233562,0.722228,0.072167,0.000278,0.134503,203.177322,0.866025,0.500000
2013,2,10.000000,-160.000000,12.500000,-157.500000,1204.000000,2.242525,24.343854,1.464286,28.050664,,,,,,,,,,0.866025,0.500000
2013,2,10.000000,-170.000000,12.500000,-167.500000,6137.050000,2.126266,15.446998,1.636617,19.209881,,,,,,,,,,0.866025,0.500000
2013,2,10.000000,175.000000,12.500000,177.500000,7856.810000,5.096598,22.740527,6.403235,34.240360,26.995467,0.682492,61.517688,0.246858,1.354465,0.063441,0.017500,0.110589,206.045975,0.866025,0.500000
2013,2,10.000000,-175.000000,12.500000,-172.500000,7475.850000,2.383675,16.678237,2.195737,21.257650,,,,,,,,,,0.866025,0.500000
2013,2,10.000000,-180.000000,12.500000,-177.500000,8933.540000,3.415443,13.077123,3.391041,19.883607,,,,,,,,,,0.866025,0.500000
2013,2,-10.000000,-135.000000,-7.500000,-132.500000,12328.480000,2.693601,17.255980,0.360385,20.309965,,,,,,,,,,0.866025,0.500000
2013,2,-10.000000,-140.000000,-7.500000,-137.500000,3832.760000,6.055427,15.092779,0.151588,21.299794,,,,,,,,,,0.866025,0.500000
2013,2,-10.000000,-145.000000,-7.500000,-142.500000,4110.940000,6.655412,18.855542,0.188765,25.699718,,,,,,,,,,0.866025,0.500000
2013,2,-10.000000,150.000000,-7.500000,152.500000,1361.010000,21.121079,0.043350,0.000000,21.164429,29.859313,0.694004,13.374657,0.183403,134.069663,0.036784,0.071064,0.108991,198.216919,0.866025,0.500000
2013,2,-10.000000,-150.000000,-7.500000,-147.500000,14108.700000,5.170569,15.577410,0.843522,21.591500,,,,,,,,,,0.866025,0.500000
2013,2,-10.000000,155.000000,-7.500000,157.500000,2335.330000,14.692570,5.975173,7.241803,27.909546,30.073081,0.730701,14.650201,0.232595,135.703513,0.038444,0.105529,0.115925,198.382965,0.866025,0.500000
2013,2,-10.000000,-155.000000,-7.500000,-152.500000,3716.420000,4.360648,19.446672,3.258781,27.066101,,,,,,,,,,0.866025,0.500000
2013,2,-10.000000,160.000000,-7.500000,162.500000,2181.200000,4.876215,2.653127,2.320282,9.849624,29.930462,0.731959,15.321765,0.301237,134.942938,0.088330,0.033685,0.113561,198.331635,0.866025,0.500000
2013,2,-10.000000,-160.000000,-7.500000,-157.500000,1835.290000,1.616093,3.685521,10.271946,15.573561,,,,,,,,,,0.866025,0.500000
2013,2,-10.000000,165.000000,-7.500000,167.500000,1362.420000,5.156266,9.673229,13.920817,28.750312,29.713155,0.763576,17.905126,0.276994,0.422071,0.084678,0.000000,0.104511,198.000626,0.866025,0.500000
2013,2,-10.000000,-165.000000,-7.500000,-162.500000,1340.230000,3.550883,3.682950,5.739313,12.973146,,,,,,,,,,0.866025,0.500000
2013,2,-10.000000,170.000000,-7.500000,172.500000,12812.030000,3.017867,3.692857,10.163183,16.873907,29.608849,0.805861,20.700197,0.301168,0.280298,0.093795,0.000000,0.080215,197.288025,0.866025,0.500000
2013,2,-10.000000,-170.000000,-7.500000,-167.500000,1230.880000,1.198330,2.002632,1.590732,4.791694,,,,,,,,,,0.866025,0.500000
2013,2,-10.000000,175.000000,-7.500000,177.500000,5903.240000,2.404951,3.546188,9.447016,15.398154,29.549117,0.833232,20.379880,0.266523,0.264594,0.063482,0.000000,0.078944,197.246490,0.866025,0.500000
2013,2,-10.000000,-175.000000,-7.500000,-172.500000,1929.090000,1.394958,11.531862,1.372668,14.299488,,,,,,,,,,0.866025,0.500000
2013,2,-10.000000,-180.000000,-7.500000,-177.500000,4023.330000,3.603483,4.924279,13.855935,22.383697,,,,,,,,,,0.866025,0.500000
2013,2,15.000000,110.000000,17.500000,112.500000,23374.790000,12.403876,2.014264,0.000000,14.418140,24.711026,0.676947,26.246712,0.158094,105.697976,0.037723,0.313239,0.142232,214.624954,0.866025,0.500000
2013,2,15.000000,115.000000,17.500000,117.500000,25263.840000,12.570615,1.979628,0.000000,14.550243,25.621434,0.560759,18.042263,0.212189,120.715418,0.096906,0.328412,0.103403,212.220306,0.866025,0.500000
2013,2,15.000000,125.000000,17.500000,127.500000,1565.760000,15.877274,0.596515,1.993281,18.467070,26.154255,0.987486,47.800762,0.196047,2.493280,0.063160,0.226389,0.092016,207.854858,0.866025,0.500000
2013,2,15.000000,130.000000,17.500000,132.500000,1385.350000,7.984986,2.218212,13.545313,23.748511,26.097603,0.949287,51.677376,0.174608,3.086103,0.055836,0.262778,0.081459,207.158554,0.866025,0.500000
2013,2,15.000000,140.000000,17.500000,142.500000,1248.010000,11.347665,2.560877,9.321239,23.229782,26.816438,0.973778,56.415502,0.160202,2.498449,0.043769,0.208889,0.088400,205.972794,0.866025,0.500000
2013,2,15.000000,150.000000,17.500000,152.500000,1248.820000,3.292708,2.903541,10.509921,16.706171,26.923119,0.955717,73.613064,0.159455,2.061156,0.054901,0.121667,0.072855,205.855347,0.866025,0.500000
2013,2,15.000000,155.000000,17.500000,157.500000,2056.280000,3.134301,1.262474,2.462700,6.859474,26.844347,0.928306,79.956634,0.153188,1.335922,0.044163,0.033889,0.065135,205.665863,0.866025,0.500000
2013,2,15.000000,160.000000,17.500000,162.500000,3017.870000,0.539122,0.444353,0.177940,1.161415,26.697544,0.869095,78.014639,0.121459,1.124909,0.023599,0.019722,0.060031,205.579987,0.866025,0.500000
2013,2,15.000000,-160.000000,17.500000,-157.500000,1078.790000,4.708980,8.694927,0.750841,14.154747,,,,,,,,,,0.866025,0.500000
2013,2,15.000000,-165.000000,17.500000,-162.500000,4706.440000,3.860668,12.671998,1.882527,18.415193,,,,,,,,,,0.866025,0.500000
2013,2,15.000000,170.000000,17.500000,172.500000,2575.390000,1.408330,1.767111,24.225457,27.400899,26.530405,0.887594,83.812944,0.158503,1.177235,0.045213,0.010833,0.058219,205.906693,0.866025,0.500000
2013,2,15.000000,-170.000000,17.500000,-167.500000,1458.220000,2.823305,14.796807,3.504272,21.124385,,,,,,,,,,0.866025,0.500000
2013,2,15.000000,175.000000,17.500000,177.500000,2955.960000,4.381656,8.046455,24.315282,36.743393,26.141413,0.787582,72.186875,0.147921,1.747452,0.047948,0.081111,0.067309,206.309555,0.866025,0.500000
2013,2,-15.000000,-135.000000,-12.500000,-132.500000,9159.500000,1.963098,12.942628,13.175282,28.081009,,,,,,,,,,0.866025,0.500000
2013,2,-15.000000,-145.000000,-12.500000,-142.500000,1470.420000,5.563036,5.734416,16.810163,28.107616,,,,,,,,,,0.866025,0.500000
2013,2,-15.000000,150.000000,-12.500000,152.500000,1974.360000,23.674001,0.000000,3.001985,26.675986,29.549436,0.734485,15.568447,0.133452,133.118103,0.048171,0.038679,0.084053,198.655045,0.866025,0.500000
2013,2,-15.000000,-150.000000,-12.500000,-147.500000,2448.960000,9.692686,4.855939,10.069581,24.618205,,,,,,,,,,0.866025,0.500000
2013,2,-15.000000,155.000000,-12.500000,157.500000,8374.680000,5.901957,1.080519,16.534960,23.517436,29.856081,0.655153,14.158046,0.160694,0.821394,0.052005,0.001667,0.093803,197.663651,0.866025,0.500000
2013,2,-15.000000,160.000000,-12.500000,162.500000,7207.560000,2.660540,0.650428,12.189840,15.500807,29.885048,0.676733,14.934980,0.151442,134.300938,0.059034,0.021647,0.084497,197.539871,0.866025,0.500000
2013,2,-15.000000,-160.000000,-12.500000,-157.500000,10643.200000,0.609215,1.248591,8.823474,10.681280,,,,,,,,,,0.866025,0.500000
2013,2,-15.000000,165.000000,-12.500000,167.500000,1759.050000,1.115943,0.441147,11.231062,12.788153,29.860489,0.639138,14.724585,0.128163,131.543867,0.055032,0.020659,0.077348,196.942673,0.866025,0.500000
2013,2,-15.000000,-165.000000,-12.500000,-162.500000,1899.670000,0.569046,1.922966,13.370743,15.862755,,,,,,,,,,0.866025,0.500000
2013,2,-15.000000,170.000000,-12.500000,172.500000,5290.320000,3.983313,1.328842,16.396551,21.708706,29.833033,0.612247,16.871947,0.124753,0.443710,0.046505,0.000000,0.069610,196.658554,0.866025,0.500000
2013,2,-15.000000,-170.000000,-12.500000,-167.500000,1023.310000,1.163870,0.557016,6.257146,7.978032,,,,,,,,,,0.866025,0.500000
2013,2,-15.000000,-175.000000,-12.500000,-172.500000,4005.050000,3.513814,0.463165,12.756894,16.733873,,,,,,,,,,0.866025,0.500000
2013,2,20.000000,125.000000,22.500000,127.500000,1821.600000,3.533158,2.369895,10.555556,16.458608,23.130761,0.946695,36.827522,0.223361,72.955132,0.094506,0.375208,0.123613,218.246750,0.866025,0.500000
2013,2,20.000000,130.000000,22.500000,132.500000,1484.520000,2.326004,2.792148,26.170075,31.288228,23.418589,0.900609,37.364194,0.184417,3.220224,0.069491,0.394444,0.113100,219.083023,0.866025,0.500000
2013,2,20.000000,145.000000,22.500000,147.500000,4327.840000,1.534022,2.389645,39.623230,43.546896,24.194544,0.856921,37.454987,0.152701,4.881772,0.065035,0.265833,0.070063,215.147964,0.866025,0.500000
2013,2,20.000000,150.000000,22.500000,152.500000,8707.980000,2.240589,4.159518,25.204812,31.604919,24.673515,0.889946,43.685934,0.156821,3.155118,0.075330,0.309167,0.066863,214.651443,0.866025,0.500000
2013,2,20.000000,155.000000,22.500000,157.500000,3569.070000,3.048974,4.484361,16.754785,24.288120,24.838919,0.893921,44.163083,0.140100,4.377149,0.048693,0.311389,0.070166,213.290604,0.866025,0.500000
2013,2,20.000000,-155.000000,22.500000,-152.500000,1723.930000,3.236790,12.521970,0.516262,16.275023,,,,,,,,,,0.866025,0.500000
2013,2,20.000000,160.000000,22.500000,162.500000,1715.840000,4.410085,4.062150,15.587700,24.059936,24.841449,0.874059,47.799787,0.147080,5.008779,0.057300,0.257500,0.076758,212.796890,0.866025,0.500000
2013,2,20.000000,-160.000000,22.500000,-157.500000,6665.300000,3.711611,13.805980,1.608330,19.125921,,,,,,,,,,0.866025,0.500000
2013,2,20.000000,-165.000000,22.500000,-162.500000,5845.540000,1.749539,7.246037,12.401934,21.397510,,,,,,,,,,0.866025,0.500000
2013,2,20.000000,-170.000000,22.500000,-167.500000,2772.000000,0.577201,6.475469,16.318543,23.371212,,,,,,,,,,0.866025,0.500000
2013,2,-20.000000,-135.000000,-17.500000,-132.500000,11202.380000,0.940068,2.868944,29.414464,33.223476,,,,,,,,,,0.866025,0.500000
2013,2,-20.000000,-145.000000,-17.500000,-142.500000,1823.710000,12.166408,3.263128,17.136496,32.566033,,,,,,,,,,0.866025,0.500000
2013,2,-20.000000,-150.000000,-17.500000,-147.500000,4041.470000,3.323296,1.132261,11.114520,15.570077,,,,,,,,,,0.866025,0.500000
2013,2,-20.000000,-155.000000,-17.500000,-152.500000,3459.720000,3.160949,2.729123,11.474917,17.364989,,,,,,,,,,0.866025,0.500000
2013,2,-20.000000,160.000000,-17.500000,162.500000,1018.380000,12.781084,0.174787,15.390129,28.346001,28.835878,0.785207,16.907331,0.161314,56.281233,0.048562,0.123645,0.088253,200.943085,0.866025,0.500000
2013,2,-20.000000,165.000000,-17.500000,167.500000,7395.060000,2.486795,0.957261,18.089238,21.533294,28.704580,0.771383,18.090676,0.110586,131.868803,0.021643,0.122315,0.097629,201.181824,0.866025,0.500000
2013,2,-20.000000,170.000000,-17.500000,172.500000,5044.380000,2.710541,0.854614,20.895730,24.460885,28.819248,0.751182,16.481437,0.124282,1.577100,0.040170,0.118889,0.093869,201.132233,0.866025,0.500000
2013,2,-20.000000,-170.000000,-17.500000,-167.500000,4705.280000,4.068833,1.055410,16.952870,22.077113,,,,,,,,,,0.866025,0.500000
2013,2,-20.000000,175.000000,-17.500000,177.500000,6858.740000,5.303744,1.278369,6.581384,13.163497,29.168625,0.761444,14.660851,0.092239,134.339583,0.036742,0.099266,0.103972,199.625061,0.866025,0.500000
2013,2,-20.000000,-175.000000,-17.500000,-172.500000,10556.390000,4.669115,2.671652,11.035875,18.376642,,,,,,,,,,0.866025,0.500000
2013,2,-20.000000,-180.000000,-17.500000,-177.500000,10258.270000,7.298697,1.777005,9.051039,18.126741,,,,,,,,,,0.866025,0.500000
2013,2,25.000000,130.000000,27.500000,132.500000,15920.040000,3.532403,3.139377,32.820458,39.492237,21.132035,0.964805,88.045395,0.210942,43.535512,0.140061,0.299250,0.421078,223.583862,0.866025,0.500000
2013,2,25.000000,135.000000,27.500000,137.500000,9214.490000,2.553044,2.314941,39.154853,44.022838,20.106238,0.918852,90.019095,0.174807,3.477523,0.092918,0.319722,0.401309,227.032425,0.866025,0.500000
2013,2,25.000000,140.000000,27.500000,142.500000,4430.050000,0.867485,2.130901,53.969143,56.967529,20.158140,0.898486,75.087960,0.115497,38.750882,0.080632,0.434565,0.134302,230.688828,0.866025,0.500000
2013,2,25.000000,145.000000,27.500000,147.500000,2323.010000,0.697371,1.071024,16.960323,18.728718,20.613029,0.894766,88.738081,0.100471,6.522627,0.038051,0.491667,0.125920,230.096283,0.866025,0.500000
2013,2,25.000000,-155.000000,27.500000,-152.500000,2220.990000,3.967150,12.813205,16.241406,33.021761,,,,,,,,,,0.866025,0.500000
2013,2,25.000000,160.000000,27.500000,162.500000,1234.600000,1.116151,3.502349,29.638749,34.257249,20.605035,0.787775,53.341610,0.130512,5.759358,0.047988,0.595833,0.099029,231.083939,0.866025,0.500000
2013,2,25.000000,-160.000000,27.500000,-157.500000,5620.260000,4.491073,15.483625,4.382715,24.357414,,,,,,,,,,0.866025,0.500000
2013,2,25.000000,165.000000,27.500000,167.500000,1272.480000,2.626367,3.196121,21.569691,27.392179,20.763849,0.747838,48.534775,0.108251,4.439178,0.048849,0.557222,0.072113,229.113083,0.866025,0.500000
2013,2,25.000000,-165.000000,27.500000,-162.500000,1107.810000,2.638539,13.449960,4.597359,20.685858,,,,,,,,,,0.866025,0.500000
2013,2,25.000000,170.000000,27.500000,172.500000,1213.610000,2.020418,1.609248,11.664373,15.294040,21.271774,0.739435,45.630091,0.104804,5.224961,0.042616,0.551111,0.064171,228.621536,0.866025,0.500000
2013,2,-25.000000,155.000000,-22.500000,157.500000,1622.430000,10.404763,3.590910,27.339854,41.335528,27.105164,0.776265,21.198536,0.224040,54.867671,0.076303,0.117255,0.083420,205.614212,0.866025,0.500000
2013,2,-25.000000,160.000000,-22.500000,162.500000,1061.580000,8.492059,0.281656,27.481678,36.255393,26.687025,0.715235,19.480911,0.159069,126.789924,0.069887,0.197298,0.088757,206.160858,0.866025,0.500000
2013,2,-25.000000,-175.000000,-22.500000,-172.500000,2154.070000,1.944227,1.450742,12.025143,15.420112,,,,,,,,,,0.866025,0.500000
2013,2,-25.000000,-180.000000,-22.500000,-177.500000,2881.070000,4.004762,2.791671,9.089678,15.886112,,,,,,,,,,0.866025,0.500000
2013,2,30.000000,130.000000,32.500000,132.500000,20505.360000,4.967335,3.178096,36.942877,45.088309,17.639926,0.603187,78.779802,0.361345,86.249312,0.375699,0.710983,0.657173,236.880020,0.866025,0.500000
2013,2,30.000000,135.000000,32.500000,137.500000,8496.970000,6.995435,3.393563,43.005212,53.394210,18.709892,0.843389,137.460615,0.342630,79.029859,0.324439,0.405430,0.543637,229.048981,0.866025,0.500000
2013,2,30.000000,140.000000,32.500000,142.500000,6674.720000,0.036406,0.366607,0.622198,1.025212,18.391960,0.959578,168.437045,0.211611,26.084575,0.211335,0.325833,0.439967,231.226135,0.866025,0.500000
2013,2,30.000000,150.000000,32.500000,152.500000,2664.850000,0.048033,2.447793,0.733250,3.229075,17.284831,0.823052,165.454496,0.286439,4.055077,0.225764,0.378611,0.415931,239.295334,0.866025,0.500000
2013,2,30.000000,-155.000000,32.500000,-152.500000,5239.190000,1.574862,9.578389,48.239136,59.392387,,,,,,,,,,0.866025,0.500000
2013,2,30.000000,-160.000000,32.500000,-157.500000,9114.960000,2.311255,7.929053,50.977953,61.218261,,,,,,,,,,0.866025,0.500000
2013,2,30.000000,-165.000000,32.500000,-162.500000,5885.140000,1.588917,5.542434,68.611792,75.743143,,,,,,,,,,0.866025,0.500000
2013,2,30.000000,-170.000000,32.500000,-167.500000,4382.810000,2.236465,2.883995,46.314123,51.434582,,,,,,,,,,0.866025,0.500000
2013,2,30.000000,-175.000000,32.500000,-172.500000,1178.880000,1.958639,0.180680,31.069320,33.208639,,,,,,,,,,0.866025,0.500000
2013,2,-40.000000,155.000000,-37.500000,157.500000,2664.800000,4.305764,4.573702,10.376013,19.255479,,,,,,,,,,0.866025,0.500000
2013,2,-40.000000,175.000000,-37.500000,177.500000,1722.870000,0.043532,5.151288,9.525965,14.720786,,,,,,,,,,0.866025,0.500000
2013,3,0.000000,120.000000,2.500000,122.500000,17228.270000,13.974880,3.516778,0.000000,17.491658,29.643468,0.685331,12.682468,0.232862,136.481235,0.015560,0.095593,0.114727,201.823166,1.000000,0.000000
2013,3,0.000000,125.000000,2.500000,127.500000,22878.600000,14.021487,3.470142,0.000000,17.491630,29.092961,0.667377,13.941356,0.288248,135.082147,0.031761,0.124017,0.106166,200.913086,1.000000,0.000000
2013,3,0.000000,130.000000,2.500000,132.500000,9244.530000,14.598687,5.974560,0.038617,20.611865,29.338089,0.691690,12.353213,0.251700,118.473233,0.011429,0.006113,0.103839,201.375076,1.000000,0.000000
2013,3,0.000000,135.000000,2.500000,137.500000,11805.600000,18.071593,5.640459,0.693230,24.405282,29.519778,0.720359,14.077214,0.327122,0.567398,0.018404,0.000000,0.113190,200.473434,1.000000,0.000000
2013,3,0.000000,140.000000,2.500000,142.500000,7078.770000,6.262529,5.051584,0.006216,11.320328,29.694442,0.755051,20.510262,0.396565,0.644419,0.023981,0.000000,0.140777,199.879959,1.000000,0.000000
2013,3,0.000000,145.000000,2.500000,147.500000,5534.370000,11.048593,3.482058,0.008131,14.538782,29.714270,0.768009,22.757696,0.280241,0.435598,0.012948,0.000000,0.142169,198.545822,1.000000,0.000000
2013,3,0.000000,150.000000,2.500000,152.500000,4046.710000,30.671583,8.513830,0.135666,39.321078,29.649115,0.758265,29.309681,0.254628,0.521148,0.010604,0.000000,0.151159,198.249313,1.000000,0.000000
2013,3,0.000000,155.000000,2.500000,157.500000,5019.820000,31.656314,10.454957,0.186461,42.297732,29.441949,0.731686,36.580081,0.267984,0.484332,0.015906,0.000000,0.158592,199.065689,1.000000,0.000000
2013,3,0.000000,-155.000000,2.500000,-152.500000,3846.910000,2.562056,13.731540,0.061348,16.354945,,,,,,,,,,1.000000,0.000000
2013,3,0.000000,160.000000,2.500000,162.500000,3099.450000,19.891594,12.277985,0.231977,32.401555,29.054582,0.697411,30.004444,0.340556,0.453737,0.019753,0.000000,0.188000,198.691254,1.000000,0.000000
2013,3,0.000000,-160.000000,2.500000,-157.500000,4270.260000,14.090243,17.145092,0.066975,31.302309,,,,,,,,,,1.000000,0.000000
2013,3,0.000000,165.000000,2.500000,167.500000,7446.690000,7.702885,15.970854,1.892922,25.566661,28.784425,0.661284,23.904188,0.341461,90.909910,0.015942,0.002779,0.196997,198.757523,1.000000,0.000000
2013,3,0.000000,-165.000000,2.500000,-162.500000,4915.090000,17.612495,25.634322,0.187992,43.434810,,,,,,,,,,1.000000,0.000000
2013,3,0.000000,170.000000,2.500000,172.500000,7045.970000,6.353277,13.781353,4.351991,24.486621,28.289245,0.626748,23.358160,0.379968,127.113944,0.015290,0.020932,0.230607,198.730988,1.000000,0.000000
2013,3,0.000000,175.000000,2.500000,177.500000,8092.000000,5.220217,13.336134,0.789422,19.345774,28.167462,0.604842,26.099346,0.396171,0.710044,0.015472,0.000278,0.195600,199.477463,1.000000,0.000000
2013,3,0.000000,-175.000000,2.500000,-172.500000,1940.630000,5.631161,12.618583,0.211272,18.461015,,,,,,,,,,1.000000,0.000000
2013,3,0.000000,-180.000000,2.500000,-177.500000,7641.170000,2.161318,8.528406,8.180554,18.870278,,,,,,,,,,1.000000,0.000000
2013,3,5.000000,130.000000,7.500000,132.500000,2194.200000,8.264971,10.414730,0.043296,18.722997,28.836843,0.607379,21.273180,0.325699,129.417216,0.051078,0.007804,0.088563,201.144714,1.000000,0.000000
2013,3,5.000000,135.000000,7.500000,137.500000,3904.070000,8.927094,14.791999,0.000000,23.719093,28.911669,0.690085,22.490487,0.249871,127.503428,0.037271,0.006954,0.085351,200.582596,1.000000,0.000000
2013,3,5.000000,140.000000,7.500000,142.500000,2442.010000,1.888608,28.250908,0.076576,30.216092,29.011167,0.730349,35.635745,0.206896,0.863940,0.031423,0.004167,0.084018,200.119125,1.000000,0.000000
2013,3,5.000000,145.000000,7.500000,147.500000,2921.310000,15.339693,17.567461,0.532638,33.439792,28.918191,0.731992,39.351331,0.142562,0.586989,0.022111,0.000000,0.078983,199.698441,1.000000,0.000000
2013,3,5.000000,150.000000,7.500000,152.500000,1232.360000,20.459119,22.467461,3.434873,46.361453,28.859164,0.719498,47.630118,0.138971,116.364559,0.026091,0.014477,0.075106,199.678604,1.000000,0.000000
2013,3,5.000000,160.000000,7.500000,162.500000,1145.370000,11.866035,15.663061,0.765691,28.294787,28.472246,0.645032,44.550965,0.141317,0.525374,0.023251,0.000000,0.074688,199.648712,1.000000,0.000000
2013,3,5.000000,165.000000,7.500000,167.500000,7861.050000,7.880372,12.613582,2.208356,22.702311,28.358863,0.616411,41.539541,0.177121,128.106121,0.019751,0.041643,0.106436,200.468445,1.000000,0.000000
2013,3,5.000000,170.000000,7.500000,172.500000,3757.720000,5.542723,12.750019,3.693995,21.986737,28.120270,0.602794,46.118492,0.165560,127.090687,0.026618,0.027848,0.138049,200.758881,1.000000,0.000000
2013,3,5.000000,-170.000000,7.500000,-167.500000,1834.440000,2.789407,16.050675,1.319204,20.159286,,,,,,,,,,1.000000,0.000000
2013,3,5.000000,175.000000,7.500000,177.500000,11450.370000,4.132530,18.711535,1.294281,24.138347,27.930125,0.554957,49.001538,0.192074,0.649237,0.026639,0.000000,0.147179,201.298401,1.000000,0.000000
2013,3,5.000000,-175.000000,7.500000,-172.500000,6582.240000,1.389497,35.350884,2.821988,39.562368,,,,,,,,,,1.000000,0.000000
2013,3,5.000000,-180.000000,7.500000,-177.500000,7489.220000,4.041676,12.041441,1.389330,17.472447,,,,,,,,,,1.000000,0.000000
2013,3,-5.000000,120.000000,-2.500000,122.500000,22601.320000,14.163642,3.327991,0.000000,17.491633,30.062970,0.725188,13.192270,0.099956,137.954394,0.014528,0.228916,0.110231,200.083298,1.000000,0.000000
2013,3,-5.000000,125.000000,-2.500000,127.500000,33901.990000,14.163623,3.327976,0.000000,17.491599,29.506637,0.720307,17.057297,0.164982,134.075890,0.010378,0.140557,0.102113,200.119766,1.000000,0.000000
2013,3,-5.000000,130.000000,-2.500000,132.500000,11300.660000,14.163598,3.327947,0.000000,17.491545,29.553849,0.721419,18.368873,0.205771,135.310803,0.023210,0.237484,0.147685,198.812988,1.000000,0.000000
2013,3,-5.000000,140.000000,-2.500000,142.500000,3307.230000,13.556662,0.845420,0.457483,14.859565,28.795558,0.711484,16.776404,0.505682,126.870598,0.021547,0.079204,0.438928,200.206741,1.000000,0.000000
2013,3,-5.000000,145.000000,-2.500000,147.500000,1625.790000,8.538618,0.000000,0.000000,8.538618,29.204123,0.760511,20.432957,0.317687,127.025611,0.019807,0.037069,0.396834,200.975571,1.000000,0.000000
2013,3,-5.000000,-155.000000,-2.500000,-152.500000,5744.920000,2.668444,12.963279,0.267019,15.898742,,,,,,,,,,1.000000,0.000000
2013,3,-5.000000,-160.000000,-2.500000,-157.500000,1648.470000,6.590960,25.712934,0.373680,32.677574,,,,,,,,,,1.000000,0.000000
2013,3,-5.000000,-170.000000,-2.500000,-167.500000,1843.970000,2.353075,6.195871,1.878013,10.426959,,,,,,,,,,1.000000,0.000000
2013,3,-5.000000,-180.000000,-2.500000,-177.500000,1051.870000,4.668828,4.930267,5.137517,14.736612,,,,,,,,,,1.000000,0.000000
2013,3,10.000000,110.000000,12.500000,112.500000,23743.550000,12.211232,1.982981,0.000000,14.194213,27.693424,0.703025,17.466125,0.142409,1.320381,0.024231,0.042500,0.089408,205.969711,1.000000,0.000000
2013,3,10.000000,115.000000,12.500000,117.500000,23743.550000,12.211232,1.982981,0.000000,14.194213,28.186429,0.679742,14.699894,0.168051,128.391698,0.031403,0.070942,0.117828,204.754791,1.000000,0.000000
2013,3,10.000000,130.000000,12.500000,132.500000,8193.460000,6.297095,7.116407,2.321852,15.735355,28.242781,0.900297,37.052312,0.264533,0.871224,0.078331,0.003056,0.075334,201.876999,1.000000,0.000000
2013,3,10.000000,135.000000,12.500000,137.500000,5734.290000,6.342198,0.629546,5.485771,12.457514,28.236774,0.903346,33.472155,0.238727,113.935035,0.072930,0.001946,0.072604,201.820435,1.000000,0.000000
2013,3,10.000000,150.000000,12.500000,152.500000,6109.280000,1.479880,0.681422,3.626778,5.788080,27.884978,0.829846,34.406612,0.209948,0.678705,0.063964,0.000000,0.085437,202.915268,1.000000,0.000000
2013,3,10.000000,155.000000,12.500000,157.500000,39405.040000,2.725489,0.187742,0.668468,3.581699,27.733398,0.800889,33.347662,0.202195,0.532623,0.063079,0.000000,0.105996,203.063660,1.000000,0.000000
2013,3,10.000000,160.000000,12.500000,162.500000,1721.870000,0.512234,0.108603,0.245663,0.866500,27.535078,0.772841,44.699667,0.211557,123.728295,0.064428,0.005574,0.137036,203.736984,1.000000,0.000000
2013,3,10.000000,-165.000000,12.500000,-162.500000,4134.940000,1.525778,19.499920,0.181623,21.207321,,,,,,,,,,1.000000,0.000000
2013,3,10.000000,170.000000,12.500000,172.500000,2000.130000,4.966677,15.189513,14.409063,34.565253,27.222832,0.725493,51.572425,0.210176,55.331415,0.051225,0.003056,0.085258,205.527359,1.000000,0.000000
2013,3,10.000000,-170.000000,12.500000,-167.500000,11819.900000,2.267786,22.358565,1.117691,25.744042,,,,,,,,,,1.000000,0.000000
2013,3,10.000000,175.000000,12.500000,177.500000,8623.240000,1.577365,10.225971,18.658648,30.461984,26.642412,0.690227,49.118611,0.208960,1.199926,0.055444,0.025556,0.083022,206.315796,1.000000,0.000000
2013,3,10.000000,-175.000000,12.500000,-172.500000,16703.440000,1.620564,17.361274,3.563577,22.545416,,,,,,,,,,1.000000,0.000000
2013,3,10.000000,-180.000000,12.500000,-177.500000,6467.690000,1.342829,20.072545,6.547005,27.962379,,,,,,,,,,1.000000,0.000000
2013,3,-10.000000,-135.000000,-7.500000,-132.500000,3197.540000,2.231090,17.714243,0.716801,20.662134,,,,,,,,,,1.000000,0.000000
2013,3,-10.000000,150.000000,-7.500000,152.500000,1141.250000,26.782913,0.165608,0.136692,27.085214,29.583352,0.768691,16.462060,0.258026,132.405341,0.062940,0.066567,0.124049,198.226471,1.000000,0.000000
2013,3,-10.000000,-150.000000,-7.500000,-147.500000,2405.620000,3.236588,12.203922,0.639752,16.080262,,,,,,,,,,1.000000,0.000000
2013,3,-10.000000,155.000000,-7.500000,157.500000,2298.340000,18.523804,6.861909,3.353725,28.739438,29.741334,0.856325,18.930594,0.352378,134.178095,0.062394,0.101070,0.121574,197.696320,1.000000,0.000000
2013,3,-10.000000,-155.000000,-7.500000,-152.500000,1814.000000,4.680265,19.883131,3.907387,28.470783,,,,,,,,,,1.000000,0.000000
2013,3,-10.000000,-160.000000,-7.500000,-157.500000,3051.230000,3.730627,9.192358,7.254779,20.177764,,,,,,,,,,1.000000,0.000000
2013,3,-10.000000,165.000000,-7.500000,167.500000,6670.450000,11.365950,18.920762,12.658366,42.945079,29.584731,0.839271,22.849718,0.314579,0.763577,0.089020,0.001667,0.099139,197.721481,1.000000,0.000000
2013,3,-10.000000,-165.000000,-7.500000,-162.500000,2542.640000,1.504342,2.012869,14.963974,18.481185,,,,,,,,,,1.000000,0.000000
2013,3,-10.000000,170.000000,-7.500000,172.500000,10062.660000,2.931630,5.213333,13.385924,21.530887,29.599680,0.833672,23.213397,0.260742,0.543603,0.063622,0.000000,0.098498,197.794861,1.000000,0.000000
2013,3,-10.000000,-170.000000,-7.500000,-167.500000,4081.480000,1.998050,2.379039,12.242128,16.619217,,,,,,,,,,1.000000,0.000000
2013,3,-10.000000,175.000000,-7.500000,177.500000,13557.970000,2.989386,4.079667,13.316227,20.385279,29.518771,0.848232,22.516176,0.225147,0.529489,0.034691,0.000000,0.099867,197.780670,1.000000,0.000000
2013,3,-10.000000,-175.000000,-7.500000,-172.500000,2425.690000,3.948979,4.125012,10.076308,18.150300,,,,,,,,,,1.000000,0.000000
2013,3,-10.000000,-180.000000,-7.500000,-177.500000,9763.140000,3.505634,3.744799,15.793587,23.044021,,,,,,,,,,1.000000,0.000000
2013,3,15.000000,110.000000,17.500000,112.500000,23743.550000,12.211232,1.982981,0.000000,14.194213,25.685638,0.631286,17.319497,0.146331,110.479534,0.077447,0.257283,0.123982,212.877090,1.000000,0.000000
2013,3,15.000000,115.000000,17.500000,117.500000,26446.300000,13.562956,1.887069,0.006806,15.456831,26.459336,0.577117,15.980181,0.201154,125.135664,0.092751,0.262396,0.104552,210.463745,1.000000,0.000000
2013,3,15.000000,125.000000,17.500000,127.500000,5811.890000,9.162424,1.715449,11.973902,22.851775,26.680260,0.968673,24.390987,0.221866,2.750787,0.076380,0.171667,0.089773,207.446640,1.000000,0.000000
2013,3,15.000000,130.000000,17.500000,132.500000,4228.770000,3.088841,2.304453,17.584782,22.978076,26.741933,0.986290,28.240898,0.176921,2.128188,0.046967,0.164444,0.079767,207.059998,1.000000,0.000000
2013,3,15.000000,135.000000,17.500000,137.500000,3242.040000,5.935460,0.767726,9.440969,16.144156,26.837780,0.955211,30.651478,0.180966,2.203082,0.072527,0.182500,0.086521,206.637756,1.000000,0.000000
2013,3,15.000000,140.000000,17.500000,142.500000,1316.780000,9.580188,0.323516,7.311016,17.214721,27.039722,0.980976,33.234743,0.152337,2.534019,0.042138,0.115278,0.090583,205.913284,1.000000,0.000000
2013,3,15.000000,150.000000,17.500000,152.500000,5840.490000,4.442607,2.304772,23.986001,30.733380,27.163967,0.951388,45.091990,0.158214,2.071637,0.049796,0.069167,0.071575,205.997513,1.000000,0.000000
2013,3,15.000000,155.000000,17.500000,157.500000,3460.780000,2.409861,0.649276,13.389178,16.448315,27.041358,0.890808,37.479063,0.151320,1.146732,0.046678,0.032222,0.065477,205.897903,1.000000,0.000000
2013,3,15.000000,160.000000,17.500000,162.500000,7404.860000,0.758826,0.155438,2.611258,3.525522,26.946647,0.873365,45.690450,0.124334,1.252510,0.039406,0.041111,0.058671,205.788284,1.000000,0.000000
2013,3,15.000000,-160.000000,17.500000,-157.500000,1695.680000,2.099453,5.784700,0.076665,7.960818,,,,,,,,,,1.000000,0.000000
2013,3,15.000000,165.000000,17.500000,167.500000,1834.760000,0.397872,0.033247,0.095925,0.527044,26.748182,0.895570,55.159326,0.157407,1.152290,0.041521,0.017222,0.056661,206.034531,1.000000,0.000000
2013,3,15.000000,-165.000000,17.500000,-162.500000,1770.390000,2.480809,9.461192,0.779489,12.721491,,,,,,,,,,1.000000,0.000000
2013,3,15.000000,170.000000,17.500000,172.500000,5981.500000,0.200619,4.044303,15.922093,20.167015,26.353220,0.844628,52.928381,0.131539,1.490359,0.041528,0.011667,0.062289,206.832886,1.000000,0.000000
2013,3,15.000000,-170.000000,17.500000,-167.500000,1097.550000,2.912851,16.479431,1.867796,21.260079,,,,,,,,,,1.000000,0.000000
2013,3,15.000000,-175.000000,17.500000,-172.500000,1980.000000,0.886364,1.666667,17.171717,19.724747,,,,,,,,,,1.000000,0.000000
2013,3,15.000000,-180.000000,17.500000,-177.500000,1414.000000,0.689533,1.414427,16.265912,18.369873,,,,,,,,,,1.000000,0.000000
2013,3,-15.000000,-135.000000,-12.500000,-132.500000,4001.410000,2.703047,5.746724,22.293142,30.742913,,,,,,,,,,1.000000,0.000000
2013,3,-15.000000,145.000000,-12.500000,147.500000,1171.500000,26.466923,1.142979,6.006829,33.616731,29.042565,0.715879,23.057126,0.176057,130.733846,0.049972,0.016343,0.094036,198.868423,1.000000,0.000000
2013,3,-15.000000,-145.000000,-12.500000,-142.500000,1253.980000,6.207436,7.338235,19.774638,33.320308,,,,,,,,,,1.000000,0.000000
2013,3,-15.000000,-150.000000,-12.500000,-147.500000,2884.960000,6.897843,3.858286,12.294798,23.050926,,,,,,,,,,1.000000,0.000000
2013,3,-15.000000,155.000000,-12.500000,157.500000,10396.470000,4.666199,0.980333,20.816200,26.462732,29.339320,0.673211,22.246469,0.142126,0.650410,0.034488,0.000000,0.078803,198.087631,1.000000,0.000000
2013,3,-15.000000,-155.000000,-12.500000,-152.500000,1116.000000,3.598566,4.678315,13.709677,21.986559,,,,,,,,,,1.000000,0.000000
2013,3,-15.000000,160.000000,-12.500000,162.500000,46001.240000,2.121508,0.965778,16.240584,19.327870,29.327615,0.677956,19.870236,0.136408,132.167210,0.040709,0.018274,0.077937,198.262924,1.000000,0.000000
2013,3,-15.000000,-160.000000,-12.500000,-157.500000,18265.290000,1.011427,1.463322,14.271222,16.745970,,,,,,,,,,1.000000,0.000000
2013,3,-15.000000,165.000000,-12.500000,167.500000,13704.150000,2.715236,1.174462,14.989255,18.878953,29.264001,0.642905,19.396891,0.128035,130.167470,0.039756,0.015913,0.072971,197.230774,1.000000,0.000000
2013,3,-15.000000,-165.000000,-12.500000,-162.500000,1842.630000,0.477036,0.725593,9.158648,10.361277,,,,,,,,,,1.000000,0.000000
2013,3,-15.000000,170.000000,-12.500000,172.500000,11903.460000,2.988879,1.258542,12.359516,16.606936,29.334200,0.636693,20.578335,0.134077,0.454735,0.037599,0.000000,0.064521,196.542007,1.000000,0.000000
2013,3,-15.000000,-170.000000,-12.500000,-167.500000,1225.830000,1.165741,1.208977,9.152982,11.527700,,,,,,,,,,1.000000,0.000000
2013,3,-15.000000,175.000000,-12.500000,177.500000,5930.470000,5.205658,1.080184,12.781955,19.067797,29.355282,0.665651,18.332724,0.150191,0.433221,0.044167,0.000000,0.062104,196.586563,1.000000,0.000000
2013,3,-15.000000,-175.000000,-12.500000,-172.500000,4543.530000,6.891998,0.545611,17.275114,24.712723,,,,,,,,,,1.000000,0.000000
2013,3,20.000000,125.000000,22.500000,127.500000,1445.440000,8.263920,0.593591,6.738433,15.595943,24.186882,0.919742,22.658086,0.242940,74.429456,0.103448,0.363535,0.138529,218.707687,1.000000,0.000000
2013,3,20.000000,130.000000,22.500000,132.500000,1365.820000,3.624196,0.913005,22.850010,27.387211,24.225747,0.924676,20.401158,0.201503,3.689777,0.101987,0.482778,0.106778,218.869492,1.000000,0.000000
2013,3,20.000000,140.000000,22.500000,142.500000,1200.100000,6.567786,1.753187,23.919673,32.240647,24.379748,0.854449,22.600234,0.153597,48.588092,0.062767,0.317866,0.081093,216.015961,1.000000,0.000000
2013,3,20.000000,145.000000,22.500000,147.500000,2941.830000,3.367292,2.240102,23.643786,29.251180,24.646075,0.848103,23.580721,0.136017,2.971187,0.047719,0.312222,0.074148,215.246933,1.000000,0.000000
2013,3,20.000000,150.000000,22.500000,152.500000,2190.040000,3.489434,2.151559,18.865409,24.506402,25.009910,0.865540,26.386559,0.168612,2.387001,0.071078,0.259167,0.068915,214.818909,1.000000,0.000000
2013,3,20.000000,-155.000000,22.500000,-152.500000,3990.100000,1.450590,10.595724,0.140598,12.186913,,,,,,,,,,1.000000,0.000000
2013,3,20.000000,-160.000000,22.500000,-157.500000,1227.350000,0.716992,3.120544,0.048886,3.886422,,,,,,,,,,1.000000,0.000000
2013,3,-20.000000,-135.000000,-17.500000,-132.500000,4071.330000,1.398069,2.486902,17.849204,21.734175,,,,,,,,,,1.000000,0.000000
2013,3,-20.000000,-145.000000,-17.500000,-142.500000,1440.750000,5.420094,5.007808,11.108798,21.536700,,,,,,,,,,1.000000,0.000000
2013,3,-20.000000,-150.000000,-17.500000,-147.500000,4835.980000,7.755822,2.725404,12.010596,22.491822,,,,,,,,,,1.000000,0.000000
2013,3,-20.000000,155.000000,-17.500000,157.500000,1163.000000,15.704213,2.196905,40.815993,58.717111,28.262059,0.753510,25.046118,0.157862,1.455638,0.047066,0.083889,0.076604,200.884552,1.000000,0.000000
2013,3,-20.000000,-155.000000,-17.500000,-152.500000,2224.540000,2.881495,3.015904,8.356334,14.253733,,,,,,,,,,1.000000,0.000000
2013,3,-20.000000,160.000000,-17.500000,162.500000,4365.490000,3.907007,1.203072,22.373433,27.483513,28.207155,0.700404,19.439460,0.149757,55.843258,0.051621,0.066963,0.079273,201.747025,1.000000,0.000000
2013,3,-20.000000,165.000000,-17.500000,167.500000,9888.630000,1.931309,1.350642,20.022086,23.304037,28.449793,0.742765,18.131414,0.099730,130.611293,0.025752,0.123174,0.086882,200.958054,1.000000,0.000000
2013,3,-20.000000,170.000000,-17.500000,172.500000,7566.450000,2.492582,0.801433,14.570373,17.864388,28.627265,0.710200,18.155335,0.085987,1.400610,0.030326,0.050000,0.087326,200.790741,1.000000,0.000000
2013,3,-20.000000,175.000000,-17.500000,177.500000,7432.960000,3.560762,1.160910,5.156223,9.877895,28.806517,0.736179,15.122886,0.084752,131.140309,0.023762,0.100441,0.095848,199.666489,1.000000,0.000000
2013,3,-20.000000,-175.000000,-17.500000,-172.500000,7877.410000,3.277854,2.092312,8.086922,13.457088,,,,,,,,,,1.000000,0.000000
2013,3,-20.000000,-180.000000,-17.500000,-177.500000,8312.420000,5.236983,1.886334,7.203317,14.326634,,,,,,,,,,1.000000,0.000000
2013,3,25.000000,130.000000,27.500000,132.500000,15868.400000,5.250183,1.540357,17.640342,24.430882,21.118450,0.973185,37.128028,0.224178,44.957108,0.115944,0.262851,0.437115,228.099670,1.000000,0.000000
2013,3,25.000000,135.000000,27.500000,137.500000,12700.950000,2.235030,1.283841,33.510249,37.029120,20.488263,0.919537,36.767727,0.142527,3.343689,0.089730,0.399167,0.365301,229.513000,1.000000,0.000000
2013,3,25.000000,140.000000,27.500000,142.500000,6248.480000,3.415871,1.201732,45.173386,49.790989,20.681076,0.908465,34.463700,0.131430,43.274782,0.065875,0.548486,0.123365,231.582230,1.000000,0.000000
2013,3,25.000000,145.000000,27.500000,147.500000,3896.030000,1.463028,1.314672,20.752150,23.529850,20.765359,0.868344,36.479624,0.124922,4.182129,0.057518,0.563611,0.150540,231.565567,1.000000,0.000000
2013,3,25.000000,155.000000,27.500000,157.500000,1316.830000,1.212761,2.752823,27.075629,31.041213,21.317368,0.775006,28.756915,0.126888,5.201485,0.050054,0.586944,0.125668,232.385742,1.000000,0.000000
2013,3,25.000000,-155.000000,27.500000,-152.500000,4104.340000,3.538693,15.281141,2.990980,21.810815,,,,,,,,,,1.000000,0.000000
2013,3,25.000000,-160.000000,27.500000,-157.500000,2803.050000,1.026025,7.844669,4.671340,13.542035,,,,,,,,,,1.000000,0.000000
2013,3,25.000000,165.000000,27.500000,167.500000,1744.410000,0.070511,1.816660,0.296949,2.184120,21.455858,0.740210,28.187363,0.126569,5.749899,0.049992,0.622222,0.059135,228.662598,1.000000,0.000000
2013,3,25.000000,-165.000000,27.500000,-162.500000,1729.770000,1.478231,12.643878,3.644993,17.767102,,,,,,,,,,1.000000,0.000000
2013,3,-25.000000,165.000000,-22.500000,167.500000,2160.920000,13.651130,3.228717,13.873258,30.753105,26.301220,0.713488,26.290433,0.160581,122.418854,0.054159,0.207706,0.081307,207.237213,1.000000,0.000000
2013,3,-25.000000,170.000000,-22.500000,172.500000,2042.380000,0.416671,0.443600,16.417121,17.277392,26.456376,0.630389,24.047188,0.212949,1.689201,0.105355,0.359722,0.081739,206.819809,1.000000,0.000000
2013,3,-25.000000,-175.000000,-22.500000,-172.500000,2702.970000,3.177986,3.103253,10.007510,16.288749,,,,,,,,,,1.000000,0.000000
2013,3,-25.000000,-180.000000,-22.500000,-177.500000,8180.940000,3.255249,5.329828,16.375135,24.960212,,,,,,,,,,1.000000,0.000000
2013,3,30.000000,130.000000,32.500000,132.500000,23518.770000,10.349563,1.232080,10.513560,22.095203,18.741934,0.625617,41.232037,0.416424,97.749535,0.407209,0.760308,0.707040,239.765854,1.000000,0.000000
2013,3,30.000000,135.000000,32.500000,137.500000,8077.110000,6.482269,2.071162,17.601469,26.154899,19.296868,0.867176,63.679182,0.359588,86.049586,0.325439,0.482001,0.649651,233.084946,1.000000,0.000000
2013,3,30.000000,140.000000,32.500000,142.500000,4570.120000,0.296491,1.654661,2.197098,4.148250,18.438794,0.904723,91.162904,0.275900,25.643707,0.205370,0.350000,0.694346,238.362244,1.000000,0.000000
2013,3,30.000000,145.000000,32.500000,147.500000,3837.200000,0.055249,0.277546,0.089388,0.422183,17.671354,0.842470,91.131537,0.267441,4.923729,0.211261,0.236111,0.665442,241.426819,1.000000,0.000000
2013,3,30.000000,150.000000,32.500000,152.500000,1903.380000,0.000000,0.180206,0.138701,0.318906,17.299540,0.768439,79.846682,0.286024,4.622138,0.196855,0.334167,0.721488,245.565079,1.000000,0.000000
2013,3,30.000000,160.000000,32.500000,162.500000,1262.140000,0.896889,2.270747,32.951178,36.118814,16.994067,0.650952,66.463425,0.300945,3.181664,0.213917,0.460278,0.605079,250.957657,1.000000,0.000000
2013,3,30.000000,-165.000000,32.500000,-162.500000,1221.320000,4.017784,6.668195,21.373596,32.059575,,,,,,,,,,1.000000,0.000000
2013,3,-30.000000,155.000000,-27.500000,157.500000,1881.440000,15.060804,12.918828,7.102007,35.081640,24.698815,0.693381,33.891612,0.319988,3.334593,0.189113,0.263611,0.092208,212.393509,1.000000,0.000000
2013,3,-35.000000,150.000000,-32.500000,152.500000,1063.470000,13.836780,7.696503,1.126501,22.659784,24.474796,0.627923,27.364440,0.427809,111.843873,0.189555,0.575640,0.391260,213.435608,1.000000,0.000000
2013,3,-40.000000,150.000000,-37.500000,152.500000,1640.300000,18.600256,2.219716,0.766323,21.586295,,,,,,,,,,1.000000,0.000000
2013,3,-40.000000,155.000000,-37.500000,157.500000,4476.450000,7.249048,3.085481,4.115538,14.450066,,,,,,,,,,1.000000,0.000000
2013,3,-40.000000,160.000000,-37.500000,162.500000,1280.250000,3.607889,2.626050,8.117165,14.351103,,,,,,,,,,1.000000,0.000000
2013,3,-40.000000,175.000000,-37.500000,177.500000,2826.930000,0.017687,6.302951,11.835100,18.155738,,,,,,,,,,1.000000,0.000000
2013,3,-40.000000,-180.000000,-37.500000,-177.500000,1019.370000,0.035316,0.332558,0.000000,0.367874,,,,,,,,,,1.000000,0.000000
2013,3,-45.000000,165.000000,-42.500000,167.500000,1106.920000,0.000000,0.000000,8.543526,8.543526,,,,,,,,,,1.000000,0.000000
2013,4,0.000000,120.000000,2.500000,122.500000,15341.970000,15.693095,3.949167,0.000000,19.642262,29.856729,0.696645,11.956683,0.310743,139.357137,0.028310,0.075419,0.109865,200.994522,0.866025,-0.500000
2013,4,0.000000,125.000000,2.500000,127.500000,20373.650000,15.745436,3.896798,0.000000,19.642234,29.686134,0.701265,11.907527,0.323756,136.551297,0.030531,0.125832,0.100552,199.661194,0.866025,-0.500000
2013,4,0.000000,130.000000,2.500000,132.500000,7113.700000,28.833800,3.549630,0.000000,32.383429,29.786859,0.771347,12.589501,0.465418,119.158165,0.030186,0.011948,0.109815,200.634949,0.866025,-0.500000
2013,4,0.000000,135.000000,2.500000,137.500000,8916.780000,29.552036,2.622808,1.289367,33.464210,29.836867,0.781073,16.190706,0.432928,0.803612,0.022002,0.001944,0.125857,199.741501,0.866025,-0.500000
2013,4,0.000000,140.000000,2.500000,142.500000,3951.150000,4.916796,1.302912,0.113891,6.333599,29.787882,0.774564,24.965202,0.351432,0.441515,0.015248,0.000000,0.160267,199.210876,0.866025,-0.500000
2013,4,0.000000,145.000000,2.500000,147.500000,5739.920000,5.855134,2.186790,0.036586,8.078510,29.754511,0.754120,25.225245,0.284070,0.493371,0.008674,0.000000,0.152906,198.178925,0.866025,-0.500000
2013,4,0.000000,150.000000,2.500000,152.500000,2323.860000,32.516158,6.431971,0.075736,39.023865,29.577053,0.737606,27.953261,0.240747,0.432979,0.012737,0.000000,0.152521,198.559982,0.866025,-0.500000
2013,4,0.000000,155.000000,2.500000,157.500000,2139.230000,25.529747,10.501442,0.050018,36.081207,29.225808,0.706626,25.318750,0.286330,0.336314,0.010532,0.000000,0.176747,198.439224,0.866025,-0.500000
2013,4,0.000000,-155.000000,2.500000,-152.500000,4251.980000,4.156652,23.656038,0.126529,27.939219,,,,,,,,,,0.866025,-0.500000
2013,4,0.000000,160.000000,2.500000,162.500000,2514.280000,22.148289,8.975929,1.287446,32.411665,28.962276,0.675962,23.167280,0.213790,0.351726,0.014858,0.000000,0.185615,198.544342,0.866025,-0.500000
2013,4,0.000000,-160.000000,2.500000,-157.500000,5592.290000,7.621207,13.637526,0.413248,21.671981,,,,,,,,,,0.866025,-0.500000
2013,4,0.000000,165.000000,2.500000,167.500000,8628.210000,11.504124,15.278256,1.645069,28.427449,28.739887,0.642432,22.265747,0.240150,90.108500,0.019172,0.002779,0.190861,199.035706,0.866025,-0.500000
2013,4,0.000000,-165.000000,2.500000,-162.500000,5764.430000,9.771478,16.072188,0.787762,26.631428,,,,,,,,,,0.866025,-0.500000
2013,4,0.000000,170.000000,2.500000,172.500000,11191.890000,4.354314,7.260972,3.882812,15.498097,28.296635,0.614939,22.768104,0.317570,126.423453,0.011285,0.019816,0.235730,198.707596,0.866025,-0.500000
2013,4,0.000000,-170.000000,2.500000,-167.500000,8459.870000,2.681601,20.186244,0.324473,23.192319,,,,,,,,,,0.866025,-0.500000
2013,4,0.000000,175.000000,2.500000,177.500000,3188.670000,5.909360,8.931624,0.253084,15.094067,28.294570,0.593359,26.278472,0.285337,0.365578,0.017629,0.000000,0.192418,199.973221,0.866025,-0.500000
2013,4,0.000000,-175.000000,2.500000,-172.500000,6182.070000,2.560631,17.401291,0.365412,20.327334,,,,,,,,,,0.866025,-0.500000
2013,4,5.000000,130.000000,7.500000,132.500000,4325.080000,7.217901,18.562200,0.040462,25.820563,29.405049,0.680610,22.159348,0.408915,131.552427,0.062770,0.007804,0.091776,200.162491,0.866025,-0.500000
2013,4,5.000000,135.000000,7.500000,137.500000,5421.380000,17.909278,16.698331,0.014756,34.622366,29.379647,0.742034,24.939651,0.229094,129.582443,0.033002,0.006954,0.089087,199.547699,0.866025,-0.500000
2013,4,5.000000,140.000000,7.500000,142.500000,3647.100000,5.582792,23.538428,0.758137,29.879356,29.224700,0.749120,31.553512,0.202506,0.537194,0.032634,0.000000,0.086868,199.552979,0.866025,-0.500000
2013,4,5.000000,145.000000,7.500000,147.500000,2126.210000,19.875271,16.173379,2.004506,38.053156,29.136968,0.750287,34.974298,0.142878,0.478989,0.017977,0.000000,0.080323,199.343262,0.866025,-0.500000
2013,4,5.000000,150.000000,7.500000,152.500000,1346.340000,29.883239,11.517893,2.269115,43.670247,28.964634,0.723999,39.016795,0.178512,115.612315,0.030121,0.004454,0.076255,199.377365,0.866025,-0.500000
2013,4,5.000000,155.000000,7.500000,157.500000,4017.200000,14.121527,14.305486,1.248133,29.675147,28.771116,0.701965,42.487969,0.177342,122.517633,0.026876,0.003336,0.073818,199.504684,0.866025,-0.500000
2013,4,5.000000,-160.000000,7.500000,-157.500000,1045.090000,5.104824,18.775416,0.000000,23.880240,,,,,,,,,,0.866025,-0.500000
2013,4,5.000000,165.000000,7.500000,167.500000,2819.440000,10.849672,11.533851,0.503291,22.886814,28.465573,0.656553,42.728984,0.195718,127.429100,0.034719,0.041643,0.111434,200.620010,0.866025,-0.500000
2013,4,5.000000,-165.000000,7.500000,-162.500000,1330.720000,3.601058,9.867590,0.000000,13.468649,,,,,,,,,,0.866025,-0.500000
2013,4,5.000000,170.000000,7.500000,172.500000,1252.600000,12.254511,10.607536,1.432221,24.294268,28.191188,0.594475,34.919229,0.223429,127.421268,0.041553,0.027848,0.169062,200.780518,0.866025,-0.500000
2013,4,5.000000,-170.000000,7.500000,-167.500000,8888.770000,6.057081,18.055591,1.571309,25.683981,,,,,,,,,,0.866025,-0.500000
2013,4,5.000000,175.000000,7.500000,177.500000,5736.000000,4.083856,16.066074,0.167015,20.316946,28.148797,0.569124,39.998959,0.218519,0.772734,0.033249,0.001111,0.159855,201.475540,0.866025,-0.500000
2013,4,5.000000,-175.000000,7.500000,-172.500000,4379.890000,0.977422,18.434710,0.369187,19.781319,,,,,,,,,,0.866025,-0.500000
2013,4,5.000000,-180.000000,7.500000,-177.500000,4396.450000,4.467696,9.453764,0.334816,14.256275,,,,,,,,,,0.866025,-0.500000
2013,4,-5.000000,120.000000,-2.500000,122.500000,20126.730000,15.905068,3.737169,0.000000,19.642237,30.246782,0.710809,12.467731,0.095436,139.542543,0.008392,0.227309,0.102831,199.959671,0.866025,-0.500000
2013,4,-5.000000,125.000000,-2.500000,127.500000,30190.100000,15.905048,3.737152,0.000000,19.642201,29.974145,0.716452,12.344738,0.136708,135.857817,0.010687,0.142724,0.094966,199.753738,0.866025,-0.500000
2013,4,-5.000000,130.000000,-2.500000,132.500000,10063.370000,15.905010,3.737118,0.000000,19.642128,29.894353,0.723966,12.224955,0.123024,139.018475,0.016410,0.248655,0.151629,198.882965,0.866025,-0.500000
2013,4,-5.000000,140.000000,-2.500000,142.500000,5224.420000,16.835936,0.146619,0.516995,17.499550,29.747029,0.771811,14.734499,0.347547,132.711273,0.012066,0.044248,0.209059,199.881439,0.866025,-0.500000
2013,4,-5.000000,145.000000,-2.500000,147.500000,1543.590000,17.170363,0.000000,0.000000,17.170363,29.772282,0.774030,12.790450,0.367007,132.520313,0.019479,0.026233,0.188203,199.982437,0.866025,-0.500000
2013,4,-5.000000,-155.000000,-2.500000,-152.500000,10712.280000,3.074602,28.508310,0.659337,32.242249,,,,,,,,,,0.866025,-0.500000
2013,4,-5.000000,160.000000,-2.500000,162.500000,2857.660000,15.037828,7.670262,0.005249,22.713339,29.420535,0.731396,15.770822,0.551640,0.576374,0.057710,0.000000,0.162319,199.756363,0.866025,-0.500000
2013,4,-5.000000,-160.000000,-2.500000,-157.500000,4055.150000,4.980580,30.713784,0.756569,36.450933,,,,,,,,,,0.866025,-0.500000
2013,4,-5.000000,165.000000,-2.500000,167.500000,1290.780000,7.008166,10.393715,0.191357,17.593238,29.196437,0.697148,16.403700,0.561771,0.388989,0.055403,0.000000,0.165853,200.172867,0.866025,-0.500000
2013,4,-5.000000,170.000000,-2.500000,172.500000,1429.170000,3.011538,4.632059,1.791249,9.434847,28.998905,0.672656,17.720172,0.532702,128.537021,0.051742,0.014214,0.165251,201.287415,0.866025,-0.500000
2013,4,-5.000000,-170.000000,-2.500000,-167.500000,2003.890000,6.915549,4.005210,8.688102,19.608861,,,,,,,,,,0.866025,-0.500000
2013,4,-5.000000,-175.000000,-2.500000,-172.500000,1751.370000,7.257747,5.363230,1.156238,13.777214,,,,,,,,,,0.866025,-0.500000
2013,4,-5.000000,-180.000000,-2.500000,-177.500000,1040.890000,8.466793,9.567774,3.050274,21.084841,,,,,,,,,,0.866025,-0.500000
2013,4,10.000000,110.000000,12.500000,112.500000,22014.300000,13.170439,2.138746,0.000000,15.309185,29.514632,0.760405,15.289604,0.142638,0.947410,0.034930,0.011667,0.089771,201.956757,0.866025,-0.500000
2013,4,10.000000,115.000000,12.500000,117.500000,22014.300000,13.170439,2.138746,0.000000,15.309185,29.950181,0.722832,12.690643,0.144978,136.183158,0.029326,0.047389,0.105136,201.266083,0.866025,-0.500000
2013,4,10.000000,130.000000,12.500000,132.500000,10415.070000,4.848839,7.464376,7.013299,19.326514,28.968484,0.959631,22.311829,0.228343,0.579789,0.079767,0.000000,0.084150,201.290436,0.866025,-0.500000
2013,4,10.000000,135.000000,12.500000,137.500000,11918.010000,3.611509,1.870446,3.870948,9.352904,28.817248,0.941872,22.151459,0.224995,115.684855,0.074901,0.001946,0.083273,201.184402,0.866025,-0.500000
2013,4,10.000000,140.000000,12.500000,142.500000,1286.320000,6.527147,6.728497,3.114311,16.369955,28.648032,0.916126,22.003812,0.188188,90.204851,0.052231,0.004174,0.085090,201.485687,0.866025,-0.500000
2013,4,10.000000,150.000000,12.500000,152.500000,5806.890000,1.918583,0.072156,0.513528,2.504266,28.319194,0.871291,27.078990,0.167672,0.610922,0.050607,0.000000,0.079668,202.078690,0.866025,-0.500000
2013,4,10.000000,155.000000,12.500000,157.500000,28569.040000,1.593158,0.119570,0.650494,2.363223,28.006694,0.843597,30.986250,0.183870,0.616177,0.053020,0.000000,0.082918,202.632904,0.866025,-0.500000
2013,4,10.000000,160.000000,12.500000,162.500000,1438.370000,1.449557,0.000000,0.030590,1.480148,27.732249,0.807276,33.757403,0.162430,124.481357,0.038522,0.005574,0.113713,203.340942,0.866025,-0.500000
2013,4,10.000000,-165.000000,12.500000,-162.500000,3057.030000,0.493943,8.344701,0.111219,8.949863,,,,,,,,,,0.866025,-0.500000
2013,4,10.000000,-170.000000,12.500000,-167.500000,13464.560000,0.966760,14.230172,0.469158,15.666089,,,,,,,,,,0.866025,-0.500000
2013,4,10.000000,175.000000,12.500000,177.500000,1293.680000,1.392153,10.007884,4.142446,15.542483,27.024288,0.696639,35.023382,0.166122,1.276042,0.036401,0.055833,0.072817,205.373932,0.866025,-0.500000
2013,4,10.000000,-175.000000,12.500000,-172.500000,10048.450000,0.833263,18.422244,2.190587,21.446094,,,,,,,,,,0.866025,-0.500000
2013,4,10.000000,-180.000000,12.500000,-177.500000,5440.990000,2.958285,26.983876,0.969309,30.911470,,,,,,,,,,0.866025,-0.500000
2013,4,-10.000000,-135.000000,-7.500000,-132.500000,9333.940000,1.943874,26.061877,1.836202,29.841953,,,,,,,,,,0.866025,-0.500000
2013,4,-10.000000,155.000000,-7.500000,157.500000,3773.640000,19.906244,4.627892,0.896747,25.430884,29.746587,0.858951,14.794039,0.214482,134.169739,0.037893,0.101070,0.113909,198.189590,0.866025,-0.500000
2013,4,-10.000000,160.000000,-7.500000,162.500000,4567.940000,6.100124,3.837178,4.905494,14.842796,29.691567,0.861407,16.069089,0.290406,133.099787,0.057737,0.031973,0.105712,198.101334,0.866025,-0.500000
2013,4,-10.000000,-160.000000,-7.500000,-157.500000,8348.620000,3.436137,3.321747,40.045540,46.803424,,,,,,,,,,0.866025,-0.500000
2013,4,-10.000000,165.000000,-7.500000,167.500000,2483.780000,2.089557,2.420907,5.107940,9.618404,29.682719,0.874047,17.812553,0.324003,0.376821,0.062302,0.000000,0.106723,198.269241,0.866025,-0.500000
2013,4,-10.000000,-165.000000,-7.500000,-162.500000,8426.300000,3.305603,2.572185,28.108304,33.986091,,,,,,,,,,0.866025,-0.500000
2013,4,-10.000000,170.000000,-7.500000,172.500000,8804.340000,3.508611,4.191456,9.765979,17.466045,29.672152,0.875943,19.219499,0.281977,0.366310,0.050965,0.000000,0.107385,198.330582,0.866025,-0.500000
2013,4,-10.000000,-170.000000,-7.500000,-167.500000,5553.990000,3.715707,2.453551,22.546854,28.716112,,,,,,,,,,0.866025,-0.500000
2013,4,-10.000000,175.000000,-7.500000,177.500000,9811.600000,3.918219,3.921685,17.649823,25.489726,29.666390,0.813883,19.249720,0.203799,0.364055,0.045426,0.000000,0.113582,198.299850,0.866025,-0.500000
2013,4,-10.000000,-175.000000,-7.500000,-172.500000,3703.110000,5.568563,3.292098,16.671662,25.532323,,,,,,,,,,0.866025,-0.500000
2013,4,-10.000000,-180.000000,-7.500000,-177.500000,6986.370000,6.126071,4.605110,19.832617,30.563798,,,,,,,,,,0.866025,-0.500000
2013,4,15.000000,110.000000,17.500000,112.500000,22014.300000,13.170439,2.138746,0.000000,15.309185,27.749874,0.661004,13.747458,0.201432,117.776875,0.092373,0.348140,0.104099,206.851868,0.866025,-0.500000
2013,4,15.000000,115.000000,17.500000,117.500000,22014.300000,13.170439,2.138746,0.000000,15.309185,28.653997,0.661645,13.082665,0.179961,135.873478,0.082986,0.280501,0.100062,205.716187,0.866025,-0.500000
2013,4,15.000000,120.000000,17.500000,122.500000,2700.390000,12.580405,0.418828,0.219228,13.218461,28.639237,0.909154,13.262780,0.290958,135.441911,0.123737,0.298825,0.110700,202.973831,0.866025,-0.500000
2013,4,15.000000,125.000000,17.500000,127.500000,5214.940000,8.227707,0.257338,0.677285,9.162330,28.406906,0.988991,13.268431,0.219812,2.716333,0.073675,0.138333,0.099075,204.345444,0.866025,-0.500000
2013,4,15.000000,130.000000,17.500000,132.500000,5377.540000,2.707186,0.708130,7.293670,10.708986,28.359953,0.998580,13.140169,0.181850,1.306728,0.061878,0.038611,0.092435,204.428589,0.866025,-0.500000
2013,4,15.000000,135.000000,17.500000,137.500000,7123.910000,4.239947,0.859079,13.045785,18.144811,28.531107,1.028661,14.389520,0.193460,1.835421,0.072945,0.077778,0.091354,204.341949,0.866025,-0.500000
2013,4,15.000000,140.000000,17.500000,142.500000,5028.290000,4.870244,0.547502,12.275943,17.693689,28.340481,0.997154,16.297775,0.149456,1.261494,0.053958,0.061111,0.089952,204.069534,0.866025,-0.500000
2013,4,15.000000,150.000000,17.500000,152.500000,5780.270000,11.115917,0.692701,13.274120,25.082738,27.759284,0.970584,25.885419,0.156815,1.588232,0.064490,0.023611,0.074233,204.817780,0.866025,-0.500000
2013,4,15.000000,155.000000,17.500000,157.500000,5907.390000,3.326342,0.746184,11.610711,15.683237,27.420253,0.909023,29.559806,0.122986,1.408938,0.034792,0.013056,0.066096,205.017456,0.866025,-0.500000
2013,4,15.000000,160.000000,17.500000,162.500000,4446.080000,0.904167,0.186007,1.280229,2.370403,27.116031,0.897267,34.838872,0.164453,1.450196,0.054796,0.063056,0.060953,205.452591,0.866025,-0.500000
2013,4,15.000000,-160.000000,17.500000,-157.500000,1499.570000,0.313423,4.752029,0.000000,5.065452,,,,,,,,,,0.866025,-0.500000
2013,4,15.000000,-165.000000,17.500000,-162.500000,4226.770000,1.611633,8.154217,0.267344,10.033193,,,,,,,,,,0.866025,-0.500000
2013,4,15.000000,-170.000000,17.500000,-167.500000,1320.000000,1.511364,8.242424,2.363636,12.117424,,,,,,,,,,0.866025,-0.500000
2013,4,-15.000000,-135.000000,-12.500000,-132.500000,2268.620000,4.451164,9.320644,35.706729,49.478538,,,,,,,,,,0.866025,-0.500000
2013,4,-15.000000,-140.000000,-12.500000,-137.500000,1108.630000,1.484715,13.760227,24.120762,39.365704,,,,,,,,,,0.866025,-0.500000
2013,4,-15.000000,145.000000,-12.500000,147.500000,2444.400000,22.941417,0.110457,11.679349,34.731222,28.503839,0.719206,22.966964,0.186865,128.494039,0.047632,0.060580,0.098256,200.315903,0.866025,-0.500000
2013,4,-15.000000,-145.000000,-12.500000,-142.500000,2562.080000,4.621245,9.148817,23.669050,37.439112,,,,,,,,,,0.866025,-0.500000
2013,4,-15.000000,-150.000000,-12.500000,-147.500000,2517.020000,6.132649,5.317002,20.438455,31.888106,,,,,,,,,,0.866025,-0.500000
2013,4,-15.000000,155.000000,-12.500000,157.500000,6345.840000,7.977037,1.726170,21.636064,31.339271,29.313878,0.704607,19.886074,0.222551,1.228849,0.054850,0.028611,0.082716,198.568832,0.866025,-0.500000
2013,4,-15.000000,-155.000000,-12.500000,-152.500000,1195.480000,4.700204,7.465621,21.286011,33.451835,,,,,,,,,,0.866025,-0.500000
2013,4,-15.000000,160.000000,-12.500000,162.500000,13216.210000,1.994899,1.392911,14.172066,17.559875,29.433089,0.687432,15.586190,0.134079,132.737488,0.030219,0.018274,0.088841,198.588501,0.866025,-0.500000
2013,4,-15.000000,-160.000000,-12.500000,-157.500000,33498.650000,1.807088,2.889370,21.480836,26.177294,,,,,,,,,,0.866025,-0.500000
2013,4,-15.000000,165.000000,-12.500000,167.500000,9085.990000,3.926154,0.947062,19.527206,24.400423,29.583343,0.668827,15.737651,0.130877,131.588730,0.033497,0.015355,0.083142,198.075516,0.866025,-0.500000
2013,4,-15.000000,-165.000000,-12.500000,-162.500000,3468.000000,1.757785,3.994233,26.341696,32.093714,,,,,,,,,,0.866025,-0.500000
2013,4,-15.000000,170.000000,-12.500000,172.500000,6403.570000,3.540057,1.896286,14.106350,19.542693,29.542629,0.720665,17.928184,0.143531,0.473583,0.059226,0.000000,0.073274,197.272797,0.866025,-0.500000
2013,4,-15.000000,-170.000000,-12.500000,-167.500000,1700.680000,4.771621,1.635228,19.631559,26.038408,,,,,,,,,,0.866025,-0.500000
2013,4,-15.000000,175.000000,-12.500000,177.500000,6946.700000,5.120561,0.748269,14.552809,20.421639,29.601314,0.744772,20.561508,0.118553,0.448670,0.039245,0.000000,0.069096,196.873810,0.866025,-0.500000
2013,4,-15.000000,-175.000000,-12.500000,-172.500000,5909.690000,5.684562,1.202770,31.081157,37.968489,,,,,,,,,,0.866025,-0.500000
2013,4,-15.000000,-180.000000,-12.500000,-177.500000,1008.110000,8.508992,1.679380,12.400432,22.588805,,,,,,,,,,0.866025,-0.500000
2013,4,20.000000,120.000000,22.500000,122.500000,2489.890000,9.998434,0.193984,0.238163,10.430581,25.936345,0.838782,22.050824,0.314672,121.491182,0.145491,0.566667,0.156014,209.574814,0.866025,-0.500000
2013,4,20.000000,125.000000,22.500000,127.500000,2044.470000,5.804927,0.143313,0.761567,6.709807,25.562137,0.959082,18.137521,0.321381,76.784188,0.137153,0.490550,0.119447,215.021362,0.866025,-0.500000
2013,4,20.000000,130.000000,22.500000,132.500000,1364.430000,4.704529,1.004815,16.014746,21.724090,25.466649,0.981225,18.179792,0.235650,4.278668,0.145778,0.440000,0.089099,214.957245,0.866025,-0.500000
2013,4,20.000000,135.000000,22.500000,137.500000,1721.170000,5.507300,0.989443,20.362312,26.859055,25.634150,0.882478,15.973473,0.170907,3.491508,0.071598,0.394167,0.087246,213.500977,0.866025,-0.500000
2013,4,20.000000,140.000000,22.500000,142.500000,3038.100000,10.840657,1.091142,10.054969,21.986768,26.008314,0.885638,16.645181,0.166657,49.484221,0.073333,0.253959,0.081997,211.492386,0.866025,-0.500000
2013,4,20.000000,145.000000,22.500000,147.500000,5289.450000,25.669020,0.927318,7.789468,34.385806,26.218674,0.863575,15.605005,0.165195,5.992455,0.065359,0.206667,0.081700,211.298080,0.866025,-0.500000
2013,4,20.000000,150.000000,22.500000,152.500000,4858.280000,21.716328,1.175725,7.146150,30.038203,26.204506,0.897097,16.708503,0.191932,4.443774,0.071828,0.282778,0.078376,210.726303,0.866025,-0.500000
2013,4,20.000000,160.000000,22.500000,162.500000,1936.630000,2.304519,0.161621,0.011360,2.477500,25.617822,0.846067,22.818224,0.191096,2.205465,0.080701,0.269444,0.071168,210.945465,0.866025,-0.500000
2013,4,-20.000000,-145.000000,-17.500000,-142.500000,1998.180000,8.637860,4.132761,17.003473,29.774094,,,,,,,,,,0.866025,-0.500000
2013,4,-20.000000,-150.000000,-17.500000,-147.500000,2825.380000,4.247216,2.959602,12.481861,19.688679,,,,,,,,,,0.866025,-0.500000
2013,4,-20.000000,155.000000,-17.500000,157.500000,1159.280000,13.658478,1.904630,23.928645,39.491754,27.621577,0.693986,27.397018,0.165633,2.658142,0.060833,0.193889,0.074045,203.034805,0.866025,-0.500000
2013,4,-20.000000,-155.000000,-17.500000,-152.500000,3589.620000,4.513291,5.183557,15.200773,24.897621,,,,,,,,,,0.866025,-0.500000
2013,4,-20.000000,160.000000,-17.500000,162.500000,4577.290000,6.043314,4.592892,27.770799,38.407005,28.210707,0.732847,23.886056,0.105363,55.285908,0.024559,0.035843,0.081637,201.975311,0.866025,-0.500000
2013,4,-20.000000,165.000000,-17.500000,167.500000,7722.560000,4.082843,1.120224,24.392041,29.595108,28.447725,0.705561,15.840821,0.114381,131.347322,0.035884,0.193354,0.091205,201.224304,0.866025,-0.500000
2013,4,-20.000000,170.000000,-17.500000,172.500000,9639.160000,3.390026,0.719980,17.779661,21.889667,28.824483,0.725869,19.561857,0.121635,1.064199,0.025459,0.047778,0.089750,200.651657,0.866025,-0.500000
2013,4,-20.000000,-170.000000,-17.500000,-167.500000,9870.000000,2.874569,3.818237,20.614995,27.307801,,,,,,,,,,0.866025,-0.500000
2013,4,-20.000000,175.000000,-17.500000,177.500000,11256.660000,6.004445,1.215458,9.686799,16.906702,28.692560,0.762288,22.517642,0.097506,129.597500,0.018783,0.098091,0.091036,200.274948,0.866025,-0.500000
2013,4,-20.000000,-175.000000,-17.500000,-172.500000,2965.340000,6.221883,3.455927,10.148583,19.826394,,,,,,,,,,0.866025,-0.500000
2013,4,-20.000000,-180.000000,-17.500000,-177.500000,7902.930000,8.057898,1.473757,11.052357,20.584011,,,,,,,,,,0.866025,-0.500000
2013,4,25.000000,125.000000,27.500000,127.500000,5009.150000,11.856303,0.180470,4.649891,16.686663,22.438585,0.801039,29.150020,0.256499,99.550474,0.229324,0.745577,0.316456,222.308151,0.866025,-0.500000
2013,4,25.000000,130.000000,27.500000,132.500000,7204.120000,3.188592,0.955287,14.910496,19.054374,21.704162,0.918544,28.409944,0.253529,46.835872,0.113374,0.434009,0.348807,227.930527,0.866025,-0.500000
2013,4,25.000000,135.000000,27.500000,137.500000,7067.540000,1.400063,0.962570,24.435801,26.798433,21.052464,0.962346,25.482787,0.178941,6.427306,0.097558,0.437778,0.236017,228.361115,0.866025,-0.500000
2013,4,25.000000,155.000000,27.500000,157.500000,2392.440000,0.364481,1.554480,0.113273,2.032235,22.164292,0.781494,22.587004,0.133142,4.804048,0.050127,0.633611,0.100169,228.520920,0.866025,-0.500000
2013,4,25.000000,160.000000,27.500000,162.500000,4619.140000,0.382539,1.973744,0.073823,2.430106,21.946256,0.734754,23.780829,0.148162,5.451870,0.060392,0.618889,0.068161,227.075729,0.866025,-0.500000
2013,4,25.000000,165.000000,27.500000,167.500000,1929.600000,0.234245,0.909515,0.015547,1.159308,22.102695,0.757175,28.482036,0.129258,6.514300,0.054642,0.615833,0.058339,227.056763,0.866025,-0.500000
2013,4,25.000000,-170.000000,27.500000,-167.500000,1211.390000,0.165100,7.252000,0.099060,7.516159,,,,,,,,,,0.866025,-0.500000
2013,4,-25.000000,155.000000,-22.500000,157.500000,1535.310000,9.979744,3.273606,31.869785,45.123135,25.551985,0.772630,37.161862,0.137304,52.813458,0.065566,0.168380,0.073855,208.622833,0.866025,-0.500000
2013,4,-25.000000,-160.000000,-22.500000,-157.500000,1159.400000,1.562015,3.795066,14.509229,19.866310,,,,,,,,,,0.866025,-0.500000
2013,4,-25.000000,-170.000000,-22.500000,-167.500000,2511.000000,0.850259,1.030267,18.797292,20.677818,,,,,,,,,,0.866025,-0.500000
2013,4,-25.000000,-175.000000,-22.500000,-172.500000,3282.040000,4.098061,1.616373,12.833177,18.547611,,,,,,,,,,0.866025,-0.500000
2013,4,-25.000000,-180.000000,-22.500000,-177.500000,2168.910000,5.600509,1.579134,4.217326,11.396969,,,,,,,,,,0.866025,-0.500000
2013,4,30.000000,130.000000,32.500000,132.500000,11283.710000,4.577307,1.063923,12.427739,18.068968,19.208080,0.635888,29.129419,0.412105,96.877394,0.332923,0.700193,0.622362,237.521439,0.866025,-0.500000
2013,4,30.000000,135.000000,32.500000,137.500000,15009.540000,3.154394,2.061622,20.571916,25.787932,20.041762,0.877667,40.633796,0.355472,89.652490,0.332675,0.454240,0.629465,229.962036,0.866025,-0.500000
2013,4,30.000000,140.000000,32.500000,142.500000,2466.350000,1.249620,4.002271,12.457275,17.709165,19.229267,0.760547,42.930940,0.398155,27.423509,0.311017,0.402222,0.736514,243.733063,0.866025,-0.500000
2013,4,30.000000,145.000000,32.500000,147.500000,5055.960000,0.312107,4.030491,10.625282,14.967879,18.344346,0.888960,45.558584,0.262962,2.760443,0.134452,0.250833,0.870474,248.854355,0.866025,-0.500000
2013,4,-30.000000,155.000000,-27.500000,157.500000,1595.600000,7.605916,13.054650,9.919153,30.579719,24.080154,0.686342,41.412433,0.258306,2.382882,0.155090,0.153056,0.105900,214.543182,0.866025,-0.500000
2013,4,-30.000000,-170.000000,-27.500000,-167.500000,2100.000000,0.230476,0.994286,3.069048,4.293810,,,,,,,,,,0.866025,-0.500000
2013,4,-35.000000,150.000000,-32.500000,152.500000,1816.980000,13.084349,8.352871,2.498652,23.935872,23.834481,0.628415,35.681213,0.397381,109.222381,0.223900,0.510875,0.340278,214.838638,0.866025,-0.500000
2013,4,-40.000000,155.000000,-37.500000,157.500000,3629.000000,0.775145,1.541471,15.306145,17.622761,,,,,,,,,,0.866025,-0.500000
2013,4,-40.000000,160.000000,-37.500000,162.500000,2202.550000,0.058568,0.590225,31.996549,32.645343,,,,,,,,,,0.866025,-0.500000
2013,4,-40.000000,175.000000,-37.500000,177.500000,1274.150000,0.034533,3.482322,22.701409,26.218263,,,,,,,,,,0.866025,-0.500000
2013,4,-45.000000,150.000000,-42.500000,152.500000,3662.570000,0.000000,0.049146,7.826472,7.875617,,,,,,,,,,0.866025,-0.500000
2013,4,-45.000000,155.000000,-42.500000,157.500000,16628.160000,0.044924,0.238090,10.330427,10.613441,,,,,,,,,,0.866025,-0.500000
2013,4,-45.000000,165.000000,-42.500000,167.500000,1018.740000,0.000000,0.000000,10.691639,10.691639,,,,,,,,,,0.866025,-0.500000
2013,5,0.000000,120.000000,2.500000,122.500000,15466.610000,15.566630,3.917342,0.000000,19.483972,30.012539,0.702840,12.346499,0.300687,138.800787,0.023925,0.077902,0.108885,200.879303,0.500000,-0.866025
2013,5,0.000000,125.000000,2.500000,127.500000,20539.180000,15.618540,3.865393,0.000000,19.483933,29.962383,0.708759,11.944175,0.413651,137.766541,0.032305,0.126437,0.112281,199.902847,0.500000,-0.866025
2013,5,0.000000,130.000000,2.500000,132.500000,7594.320000,21.163580,7.907094,0.021068,29.091742,29.928519,0.764839,13.232094,0.522398,118.816041,0.024403,0.009447,0.144305,200.391464,0.500000,-0.866025
2013,5,0.000000,135.000000,2.500000,137.500000,11035.240000,23.500622,2.623232,0.497135,26.620989,29.976068,0.766786,16.617541,0.365926,0.416071,0.016575,0.000000,0.152827,199.308716,0.500000,-0.866025
2013,5,0.000000,140.000000,2.500000,142.500000,3281.420000,7.919133,1.136703,0.019199,9.075035,29.871793,0.754053,21.071124,0.349330,0.424753,0.015806,0.000000,0.168428,198.928207,0.500000,-0.866025
2013,5,0.000000,145.000000,2.500000,147.500000,2184.580000,3.105860,1.489989,0.000000,4.595849,29.814776,0.736311,24.502253,0.278197,0.405544,0.010669,0.000000,0.152936,198.639587,0.500000,-0.866025
2013,5,0.000000,155.000000,2.500000,157.500000,5371.330000,17.319733,14.086828,0.039655,31.446215,29.318248,0.687223,20.237969,0.240662,0.439940,0.011378,0.000000,0.173148,198.812729,0.500000,-0.866025
2013,5,0.000000,-155.000000,2.500000,-152.500000,5161.290000,1.860000,19.156257,0.067813,21.084070,,,,,,,,,,0.500000,-0.866025
2013,5,0.000000,160.000000,2.500000,162.500000,5341.400000,20.040626,8.557307,0.299734,28.897667,29.175072,0.664564,20.612372,0.179431,0.293914,0.013279,0.000000,0.188747,198.803345,0.500000,-0.866025
2013,5,0.000000,-160.000000,2.500000,-157.500000,2967.760000,1.535502,20.662048,0.536095,22.733644,,,,,,,,,,0.500000,-0.866025
2013,5,0.000000,165.000000,2.500000,167.500000,5157.250000,4.426390,14.066217,0.228029,18.720636,28.943022,0.651994,21.086145,0.221482,91.284662,0.006782,0.002779,0.182033,199.742447,0.500000,-0.866025
2013,5,0.000000,-165.000000,2.500000,-162.500000,3163.590000,3.154960,12.598346,0.357505,16.110811,,,,,,,,,,0.500000,-0.866025
2013,5,0.000000,170.000000,2.500000,172.500000,3018.080000,1.208384,2.828951,2.092390,6.129725,28.634658,0.631575,21.678194,0.244289,127.933169,0.011317,0.019537,0.214647,199.651474,0.500000,-0.866025
2013,5,0.000000,-170.000000,2.500000,-167.500000,8945.500000,1.629870,12.287854,0.288637,14.206361,,,,,,,,,,0.500000,-0.866025
2013,5,5.000000,130.000000,7.500000,132.500000,4178.430000,14.339357,8.930627,0.007898,23.277882,30.000572,0.693297,17.625673,0.404725,134.348507,0.063203,0.007804,0.097260,199.410767,0.500000,-0.866025
2013,5,5.000000,135.000000,7.500000,137.500000,6735.490000,18.525898,17.220425,0.004899,35.751222,29.810847,0.762276,19.255185,0.188794,131.553698,0.030922,0.006954,0.095140,199.380722,0.500000,-0.866025
2013,5,5.000000,145.000000,7.500000,147.500000,1750.620000,11.416527,11.270293,0.580366,23.267185,29.323909,0.758433,26.766175,0.193275,0.302500,0.034811,0.000000,0.078688,198.777252,0.500000,-0.866025
2013,5,5.000000,150.000000,7.500000,152.500000,3650.010000,18.112005,21.815009,2.272597,42.199610,29.212235,0.757311,33.806133,0.191281,116.990770,0.037715,0.004454,0.072435,198.841965,0.500000,-0.866025
2013,5,5.000000,155.000000,7.500000,157.500000,2743.950000,12.054884,21.224148,0.501831,33.780863,28.994480,0.732694,31.825284,0.204662,123.165029,0.042174,0.003336,0.079185,199.262039,0.500000,-0.866025
2013,5,5.000000,160.000000,7.500000,162.500000,2538.670000,7.568924,26.469372,0.175289,34.213584,28.760824,0.669304,30.727690,0.202436,0.548808,0.039265,0.000000,0.090239,199.600388,0.500000,-0.866025
2013,5,5.000000,165.000000,7.500000,167.500000,1859.250000,4.482453,12.605083,0.228049,17.315584,28.519528,0.640563,31.152310,0.194587,127.997375,0.032570,0.041643,0.126589,200.421860,0.500000,-0.866025
2013,5,5.000000,170.000000,7.500000,172.500000,5648.510000,3.688760,17.470802,1.075505,22.235067,28.459841,0.624996,33.191907,0.215552,128.120875,0.038467,0.027848,0.195843,200.922089,0.500000,-0.866025
2013,5,5.000000,-170.000000,7.500000,-167.500000,1871.150000,0.404564,20.551532,0.393341,21.349438,,,,,,,,,,0.500000,-0.866025
2013,5,5.000000,175.000000,7.500000,177.500000,1785.790000,3.797199,15.201115,0.895962,19.894276,28.330117,0.597678,41.832825,0.206942,0.569827,0.040812,0.000000,0.157955,201.899887,0.500000,-0.866025
2013,5,5.000000,-175.000000,7.500000,-172.500000,1913.060000,0.894379,30.343533,0.481950,31.719862,,,,,,,,,,0.500000,-0.866025
2013,5,5.000000,-180.000000,7.500000,-177.500000,3548.800000,7.261610,7.103246,0.324617,14.689472,,,,,,,,,,0.500000,-0.866025
2013,5,-5.000000,120.000000,-2.500000,122.500000,20290.260000,15.776880,3.707050,0.000000,19.483930,29.997901,0.703805,12.768259,0.089275,138.456644,0.007415,0.221687,0.097022,199.536484,0.500000,-0.866025
2013,5,-5.000000,125.000000,-2.500000,127.500000,30435.390000,15.776864,3.707033,0.000000,19.483897,29.766474,0.697090,11.778775,0.144488,136.065203,0.007705,0.145201,0.093233,199.219421,0.500000,-0.866025
2013,5,-5.000000,130.000000,-2.500000,132.500000,10145.130000,15.776831,3.707000,0.000000,19.483831,29.643391,0.712465,12.214096,0.209918,137.504023,0.025411,0.270170,0.147839,198.861755,0.500000,-0.866025
2013,5,-5.000000,140.000000,-2.500000,142.500000,3466.840000,19.727764,0.311234,3.149266,23.188264,29.762478,0.754211,15.639116,0.566110,132.864573,0.018591,0.039381,0.254481,200.155533,0.500000,-0.866025
2013,5,-5.000000,-155.000000,-2.500000,-152.500000,31970.430000,1.492442,19.894603,0.333840,21.720884,,,,,,,,,,0.500000,-0.866025
2013,5,-5.000000,160.000000,-2.500000,162.500000,7558.850000,17.833665,4.670287,0.867460,23.371412,29.654276,0.707464,18.450686,0.423609,0.522110,0.033176,0.000000,0.172415,199.669312,0.500000,-0.866025
2013,5,-5.000000,-160.000000,-2.500000,-157.500000,9005.730000,2.170507,21.468332,0.702997,24.341836,,,,,,,,,,0.500000,-0.866025
2013,5,-5.000000,165.000000,-2.500000,167.500000,2097.190000,14.012560,7.960175,0.973684,22.946419,29.461611,0.682682,17.564547,0.381702,0.556935,0.025945,0.000000,0.172642,200.124649,0.500000,-0.866025
2013,5,-5.000000,-165.000000,-2.500000,-162.500000,4610.700000,1.165550,12.058690,0.522263,13.746503,,,,,,,,,,0.500000,-0.866025
2013,5,-5.000000,-170.000000,-2.500000,-167.500000,1376.400000,5.010898,6.888259,1.966725,13.865882,,,,,,,,,,0.500000,-0.866025
2013,5,-5.000000,175.000000,-2.500000,177.500000,1271.170000,6.945570,5.045745,8.546457,20.537772,29.288813,0.627859,22.454771,0.259842,91.798705,0.022460,0.001668,0.164583,201.738342,0.500000,-0.866025
2013,5,10.000000,110.000000,12.500000,112.500000,18116.630000,16.003970,2.598883,0.000000,18.602853,30.403465,0.783548,16.036926,0.178854,1.589493,0.051545,0.011944,0.084366,198.965637,0.500000,-0.866025
2013,5,10.000000,115.000000,12.500000,117.500000,18116.630000,16.003970,2.598883,0.000000,18.602853,30.799090,0.768891,13.212679,0.104023,139.605150,0.030689,0.032350,0.091935,198.470367,0.500000,-0.866025
2013,5,10.000000,130.000000,12.500000,132.500000,4209.550000,5.402715,8.923994,5.906094,20.232804,30.006682,0.976797,14.890787,0.210876,0.283381,0.084123,0.000000,0.098836,199.324371,0.500000,-0.866025
2013,5,10.000000,135.000000,12.500000,137.500000,4235.550000,4.910342,1.232189,0.343993,6.486525,29.692164,0.941998,15.342827,0.163931,117.654348,0.055970,0.001946,0.096254,199.232254,0.500000,-0.866025
2013,5,10.000000,140.000000,12.500000,142.500000,2020.670000,10.129808,0.242494,0.646815,11.019117,29.361313,0.925385,15.765520,0.165377,92.613228,0.046038,0.004174,0.094018,199.580200,0.500000,-0.866025
2013,5,10.000000,150.000000,12.500000,152.500000,8802.990000,4.261961,0.296490,5.029541,9.587992,28.849953,0.876983,23.002989,0.151811,0.325372,0.033562,0.000000,0.084169,200.665802,0.500000,-0.866025
2013,5,10.000000,155.000000,12.500000,157.500000,8953.070000,1.373160,0.211436,0.503291,2.087887,28.581853,0.847893,22.606629,0.135424,0.471154,0.035220,0.000000,0.085474,201.267929,0.500000,-0.866025
2013,5,10.000000,-165.000000,12.500000,-162.500000,5530.400000,1.040069,22.479206,0.104332,23.623608,,,,,,,,,,0.500000,-0.866025
2013,5,10.000000,170.000000,12.500000,172.500000,1884.390000,10.233020,12.941058,2.771189,25.945266,27.709329,0.756303,29.230866,0.159780,56.459236,0.025045,0.003612,0.057202,203.334396,0.500000,-0.866025
2013,5,10.000000,-170.000000,12.500000,-167.500000,10729.600000,1.046265,20.688656,0.427323,22.162243,,,,,,,,,,0.500000,-0.866025
2013,5,10.000000,175.000000,12.500000,177.500000,1511.580000,4.087776,31.933474,6.102886,42.124135,27.517318,0.710101,33.741647,0.156616,1.604276,0.020284,0.028056,0.066416,204.125336,0.500000,-0.866025
2013,5,10.000000,-175.000000,12.500000,-172.500000,4281.740000,0.822563,23.690836,0.695979,25.209377,,,,,,,,,,0.500000,-0.866025
2013,5,10.000000,-180.000000,12.500000,-177.500000,4342.300000,2.979757,26.705433,1.044838,30.730028,,,,,,,,,,0.500000,-0.866025
2013,5,-10.000000,-135.000000,-7.500000,-132.500000,15466.880000,5.372124,21.537311,2.946360,29.855795,,,,,,,,,,0.500000,-0.866025
2013,5,-10.000000,155.000000,-7.500000,157.500000,2979.180000,23.673964,4.889600,1.689055,30.252620,29.746149,0.832187,19.756744,0.181015,134.198396,0.019655,0.100773,0.138791,198.816544,0.500000,-0.866025
2013,5,-10.000000,-155.000000,-7.500000,-152.500000,1866.440000,1.710743,8.846789,2.021495,12.579027,,,,,,,,,,0.500000,-0.866025
2013,5,-10.000000,160.000000,-7.500000,162.500000,6658.480000,9.580865,6.129327,6.969759,22.679951,29.836307,0.818717,20.013322,0.273417,132.817743,0.048876,0.031973,0.114118,198.641617,0.500000,-0.866025
2013,5,-10.000000,-160.000000,-7.500000,-157.500000,9866.220000,2.446428,4.590816,15.829163,22.866407,,,,,,,,,,0.500000,-0.866025
2013,5,-10.000000,165.000000,-7.500000,167.500000,17680.690000,3.593355,10.112841,4.719612,18.425808,29.847339,0.804208,21.908646,0.273330,0.318291,0.048092,0.000000,0.131253,198.719635,0.500000,-0.866025
2013,5,-10.000000,-165.000000,-7.500000,-162.500000,3552.720000,3.491409,2.697370,16.836959,23.025738,,,,,,,,,,0.500000,-0.866025
2013,5,-10.000000,170.000000,-7.500000,172.500000,3515.950000,7.606763,6.031656,24.425831,38.064250,29.813016,0.787974,23.532654,0.214029,0.244092,0.053075,0.000000,0.131756,198.497208,0.500000,-0.866025
2013,5,-10.000000,-170.000000,-7.500000,-167.500000,3468.140000,5.058908,3.009394,18.239460,26.307762,,,,,,,,,,0.500000,-0.866025
2013,5,-10.000000,175.000000,-7.500000,177.500000,11018.390000,5.832522,3.963919,26.998863,36.795303,29.800478,0.764490,23.934905,0.228090,0.246400,0.063085,0.000000,0.119418,198.273315,0.500000,-0.866025
2013,5,-10.000000,-175.000000,-7.500000,-172.500000,3094.020000,14.799840,2.301213,23.389312,40.490365,,,,,,,,,,0.500000,-0.866025
2013,5,-10.000000,-180.000000,-7.500000,-177.500000,13127.740000,8.548692,3.555144,22.362189,34.466024,,,,,,,,,,0.500000,-0.866025
2013,5,15.000000,110.000000,17.500000,112.500000,18116.630000,16.003970,2.598883,0.000000,18.602853,29.561272,0.714093,13.096508,0.234459,129.213271,0.095965,0.169599,0.092364,200.978073,0.500000,-0.866025
2013,5,15.000000,115.000000,17.500000,117.500000,18116.630000,16.003970,2.598883,0.000000,18.602853,30.157101,0.730225,12.055534,0.169926,139.046501,0.068941,0.117270,0.089991,200.642044,0.500000,-0.866025
2013,5,15.000000,120.000000,17.500000,122.500000,1939.030000,13.178239,1.332625,0.204742,14.715605,29.847235,0.935566,11.953588,0.316402,139.579277,0.114853,0.252203,0.118208,199.724182,0.500000,-0.866025
2013,5,15.000000,125.000000,17.500000,127.500000,1628.180000,11.422570,1.624513,1.501677,14.548760,29.700325,1.001051,12.487920,0.242465,1.948588,0.069713,0.118333,0.108974,200.670670,0.500000,-0.866025
2013,5,15.000000,130.000000,17.500000,132.500000,4059.880000,2.186272,0.947072,17.677862,20.811206,29.694690,1.065914,12.912763,0.226045,1.967661,0.079625,0.140278,0.103526,200.841888,0.500000,-0.866025
2013,5,15.000000,135.000000,17.500000,137.500000,2739.540000,2.892821,1.637866,28.758113,33.288800,29.605203,1.034964,13.746851,0.217267,1.818616,0.083283,0.099722,0.100525,200.592957,0.500000,-0.866025
2013,5,15.000000,140.000000,17.500000,142.500000,3084.330000,7.182759,1.093268,22.594534,30.870562,29.285706,0.974648,14.617265,0.163161,1.508213,0.092797,0.058056,0.098851,201.134506,0.500000,-0.866025
2013,5,15.000000,145.000000,17.500000,147.500000,2176.830000,12.152074,1.245848,26.774714,40.172636,29.095847,0.999002,15.892146,0.184501,92.471039,0.063115,0.010561,0.096244,201.513824,0.500000,-0.866025
2013,5,15.000000,150.000000,17.500000,152.500000,14464.680000,12.262352,1.465501,26.595334,40.323187,28.699656,0.961367,17.819292,0.149794,1.001843,0.061915,0.007222,0.082684,202.254791,0.500000,-0.866025
2013,5,15.000000,155.000000,17.500000,157.500000,4184.020000,3.277231,1.147939,9.443550,13.868720,28.285831,0.952108,19.395743,0.130987,0.609006,0.035060,0.000000,0.075176,202.946960,0.500000,-0.866025
2013,5,15.000000,-160.000000,17.500000,-157.500000,1366.230000,2.203143,9.887061,0.344012,12.434217,,,,,,,,,,0.500000,-0.866025
2013,5,15.000000,-165.000000,17.500000,-162.500000,7188.060000,1.432932,10.192041,1.970907,13.595880,,,,,,,,,,0.500000,-0.866025
2013,5,15.000000,-170.000000,17.500000,-167.500000,2910.520000,1.505573,8.060072,10.883622,20.449267,,,,,,,,,,0.500000,-0.866025
2013,5,-15.000000,-135.000000,-12.500000,-132.500000,5335.340000,2.245780,9.880720,10.379845,22.506344,,,,,,,,,,0.500000,-0.866025
2013,5,-15.000000,-145.000000,-12.500000,-142.500000,2280.370000,3.686244,7.795665,27.854252,39.336160,,,,,,,,,,0.500000,-0.866025
2013,5,-15.000000,150.000000,-12.500000,152.500000,2268.630000,26.688795,0.000000,28.896735,55.585530,28.059857,0.687935,31.298405,0.190054,127.220768,0.042371,0.097967,0.080022,200.919861,0.500000,-0.866025
2013,5,-15.000000,-150.000000,-12.500000,-147.500000,1445.550000,7.058905,5.920930,28.154682,41.134516,,,,,,,,,,0.500000,-0.866025
2013,5,-15.000000,155.000000,-12.500000,157.500000,15454.250000,11.856933,2.431888,23.008881,37.297701,28.508543,0.664364,32.540659,0.223583,1.818062,0.049974,0.021389,0.086215,199.938171,0.500000,-0.866025
2013,5,-15.000000,-155.000000,-12.500000,-152.500000,1157.780000,6.613519,6.242119,21.609459,34.465097,,,,,,,,,,0.500000,-0.866025
2013,5,-15.000000,160.000000,-12.500000,162.500000,53617.180000,2.033453,2.398448,9.550428,13.982328,28.897211,0.647774,26.813047,0.177322,131.125895,0.031997,0.018274,0.084062,199.285828,0.500000,-0.866025
2013,5,-15.000000,-160.000000,-12.500000,-157.500000,34383.780000,1.957318,1.960488,17.484436,21.402243,,,,,,,,,,0.500000,-0.866025
2013,5,-15.000000,165.000000,-12.500000,167.500000,6289.780000,4.742614,1.556175,20.270025,26.568815,29.213019,0.681454,25.576421,0.154199,127.622366,0.037221,0.015355,0.080190,198.348785,0.500000,-0.866025
2013,5,-15.000000,-165.000000,-12.500000,-162.500000,22928.000000,2.155836,1.888390,17.933139,21.977364,,,,,,,,,,0.500000,-0.866025
2013,5,-15.000000,170.000000,-12.500000,172.500000,8320.650000,5.678042,2.554848,13.477072,21.709963,29.267423,0.749092,28.289346,0.110371,0.566047,0.029027,0.000000,0.075111,197.917328,0.500000,-0.866025
2013,5,-15.000000,-170.000000,-12.500000,-167.500000,19017.670000,4.417681,1.418628,32.709843,38.546152,,,,,,,,,,0.500000,-0.866025
2013,5,-15.000000,175.000000,-12.500000,177.500000,4373.050000,7.565658,2.082071,24.629263,34.276992,29.302522,0.776246,32.707663,0.089398,0.462428,0.031775,0.000000,0.071400,197.765671,0.500000,-0.866025
2013,5,-15.000000,-175.000000,-12.500000,-172.500000,9668.340000,6.872224,1.103705,39.502541,47.478471,,,,,,,,,,0.500000,-0.866025
2013,5,-15.000000,-180.000000,-12.500000,-177.500000,2019.070000,6.750633,2.072241,30.427375,39.250249,,,,,,,,,,0.500000,-0.866025
2013,5,20.000000,120.000000,22.500000,122.500000,9321.380000,9.718089,0.152123,0.030789,9.901002,27.309253,0.821097,13.524307,0.343549,124.641558,0.140813,0.482390,0.146458,205.646347,0.500000,-0.866025
2013,5,20.000000,125.000000,22.500000,127.500000,11385.290000,11.714150,0.102237,0.290375,12.106762,26.975450,0.982579,13.567505,0.274293,81.676760,0.126388,0.317954,0.107671,210.298279,0.500000,-0.866025
2013,5,20.000000,130.000000,22.500000,132.500000,1958.090000,5.062587,0.746646,13.620416,19.429648,26.923580,0.943297,13.176833,0.246377,3.182889,0.162166,0.387222,0.099076,209.790024,0.500000,-0.866025
2013,5,20.000000,135.000000,22.500000,137.500000,8746.970000,2.489091,0.257118,7.034665,9.780873,27.020618,0.872901,12.455961,0.167750,2.904891,0.071275,0.427778,0.094424,209.008743,0.500000,-0.866025
2013,5,20.000000,140.000000,22.500000,142.500000,3187.710000,6.913741,1.129337,14.521083,22.564160,27.087788,0.895247,13.620550,0.186070,51.344034,0.075102,0.404279,0.091371,208.034866,0.500000,-0.866025
2013,5,20.000000,145.000000,22.500000,147.500000,7129.010000,5.787760,0.374666,5.860982,12.023409,27.325190,0.888594,13.844680,0.161727,4.734647,0.085462,0.210278,0.090922,208.132019,0.500000,-0.866025
2013,5,20.000000,150.000000,22.500000,152.500000,4871.080000,9.612242,0.713394,14.269525,24.595162,27.245770,0.874269,13.211845,0.215389,4.062578,0.090140,0.271111,0.091607,206.776169,0.500000,-0.866025
2013,5,20.000000,155.000000,22.500000,157.500000,4319.940000,2.491238,0.248383,1.357889,4.097511,27.398174,0.899741,14.736499,0.228485,1.950389,0.093215,0.216944,0.089090,206.891998,0.500000,-0.866025
2013,5,-20.000000,-135.000000,-17.500000,-132.500000,3756.580000,2.925533,0.445618,16.477754,19.848905,,,,,,,,,,0.500000,-0.866025
2013,5,-20.000000,-140.000000,-17.500000,-137.500000,1145.300000,3.929102,13.021916,15.714660,32.665677,,,,,,,,,,0.500000,-0.866025
2013,5,-20.000000,-150.000000,-17.500000,-147.500000,3475.250000,2.930149,3.819581,19.308251,26.057981,,,,,,,,,,0.500000,-0.866025
2013,5,-20.000000,-155.000000,-17.500000,-152.500000,5152.490000,4.170993,4.089673,15.175575,23.436242,,,,,,,,,,0.500000,-0.866025
2013,5,-20.000000,160.000000,-17.500000,162.500000,2119.310000,10.855892,2.707013,14.085717,27.648621,26.952991,0.701797,43.232536,0.108844,52.891460,0.038747,0.155321,0.072787,204.722321,0.500000,-0.866025
2013,5,-20.000000,165.000000,-17.500000,167.500000,16236.120000,3.442694,1.848841,26.532755,31.824291,27.485794,0.678365,32.925592,0.121508,127.717963,0.046465,0.270123,0.076729,204.134705,0.500000,-0.866025
2013,5,-20.000000,170.000000,-17.500000,172.500000,24988.530000,2.897449,1.543548,20.061844,24.502842,27.768506,0.721335,33.649837,0.100237,1.948324,0.034721,0.181111,0.071290,202.566223,0.500000,-0.866025
2013,5,-20.000000,-170.000000,-17.500000,-167.500000,18499.850000,1.575905,2.297262,12.469723,16.342889,,,,,,,,,,0.500000,-0.866025
2013,5,-20.000000,175.000000,-17.500000,177.500000,12765.510000,4.979355,1.695976,13.189916,19.865246,28.032787,0.765150,32.716202,0.088793,126.811342,0.023408,0.147724,0.081452,202.175217,0.500000,-0.866025
2013,5,-20.000000,-175.000000,-17.500000,-172.500000,1836.680000,4.437899,3.549883,10.906636,18.894418,,,,,,,,,,0.500000,-0.866025
2013,5,-20.000000,-180.000000,-17.500000,-177.500000,5242.090000,6.994157,2.154866,15.221219,24.370242,,,,,,,,,,0.500000,-0.866025
2013,5,25.000000,125.000000,27.500000,127.500000,7275.720000,15.944126,0.169605,2.179028,18.292760,23.818131,0.797802,15.866240,0.233606,105.670947,0.190057,0.661050,0.196311,216.409409,0.500000,-0.866025
2013,5,25.000000,130.000000,27.500000,132.500000,7861.080000,11.440413,0.350715,5.818157,17.609285,23.311429,0.965233,15.668953,0.225505,49.346830,0.136934,0.366213,0.182310,221.779602,0.500000,-0.866025
2013,5,25.000000,135.000000,27.500000,137.500000,2441.270000,4.224850,0.957698,12.002359,17.184908,22.164323,0.960588,13.872825,0.190890,6.765353,0.131591,0.392222,0.150009,224.481247,0.500000,-0.866025
2013,5,25.000000,145.000000,27.500000,147.500000,3778.860000,2.728336,0.320202,0.787010,3.835548,22.578269,0.833950,16.160738,0.183310,4.747874,0.086644,0.695833,0.083318,225.692047,0.500000,-0.866025
2013,5,25.000000,150.000000,27.500000,152.500000,3938.140000,1.948636,0.338739,0.222694,2.510068,23.294628,0.782241,16.244325,0.166969,4.825367,0.060157,0.627778,0.095239,224.736252,0.500000,-0.866025
2013,5,25.000000,155.000000,27.500000,157.500000,5214.350000,1.879429,0.534295,0.048904,2.462627,23.397128,0.784794,14.636424,0.179970,4.657704,0.088430,0.692778,0.084506,224.246323,0.500000,-0.866025
2013,5,25.000000,160.000000,27.500000,162.500000,6344.980000,1.455639,0.437354,0.107644,2.000637,23.575813,0.760183,13.746427,0.163837,5.028317,0.068456,0.575000,0.073635,221.667709,0.500000,-0.866025
2013,5,25.000000,-160.000000,27.500000,-157.500000,2588.800000,0.167259,9.410151,0.027426,9.604836,,,,,,,,,,0.500000,-0.866025
2013,5,25.000000,165.000000,27.500000,167.500000,1535.700000,0.387445,1.006707,0.014977,1.409129,23.951874,0.761767,13.211506,0.162921,4.812961,0.066001,0.565833,0.071084,221.163269,0.500000,-0.866025
2013,5,25.000000,-165.000000,27.500000,-162.500000,7722.560000,0.709091,11.568055,0.093492,12.370639,,,,,,,,,,0.500000,-0.866025
2013,5,25.000000,170.000000,27.500000,172.500000,1449.400000,0.356699,6.460604,0.218711,7.036015,23.747801,0.723886,13.635925,0.148368,3.538471,0.067428,0.506944,0.066512,222.032074,0.500000,-0.866025
2013,5,25.000000,-170.000000,27.500000,-167.500000,2632.390000,1.052276,10.112483,0.330498,11.495257,,,,,,,,,,0.500000,-0.866025
2013,5,25.000000,-175.000000,27.500000,-172.500000,1047.610000,4.133218,6.147326,0.582278,10.862821,,,,,,,,,,0.500000,-0.866025
2013,5,-25.000000,150.000000,-22.500000,152.500000,1887.150000,19.543756,14.625758,11.908963,46.078478,24.829169,0.696659,47.650448,0.171534,103.365217,0.065183,0.497053,0.195722,210.076385,0.500000,-0.866025
2013,5,-25.000000,155.000000,-22.500000,157.500000,1578.690000,8.537458,3.525708,44.836542,56.899708,24.416056,0.726796,57.384298,0.123788,49.982947,0.050299,0.223395,0.090294,211.546295,0.500000,-0.866025
2013,5,-25.000000,-160.000000,-22.500000,-157.500000,1585.800000,0.819776,0.666541,12.611931,14.098247,,,,,,,,,,0.500000,-0.866025
2013,5,-25.000000,165.000000,-22.500000,167.500000,1317.140000,37.598129,3.554671,12.513476,53.666277,24.617746,0.641915,43.599875,0.123527,116.590838,0.054459,0.331981,0.066504,211.693619,0.500000,-0.866025
2013,5,-25.000000,175.000000,-22.500000,177.500000,1079.580000,4.980641,1.240297,12.550251,18.771189,25.612446,0.706834,39.692587,0.143706,3.582902,0.059371,0.280833,0.065429,210.483826,0.500000,-0.866025
2013,5,-25.000000,-175.000000,-22.500000,-172.500000,6018.050000,3.635231,2.343949,12.693148,18.672327,,,,,,,,,,0.500000,-0.866025
2013,5,-25.000000,-180.000000,-22.500000,-177.500000,3814.420000,9.594906,2.225764,11.127511,22.948181,,,,,,,,,,0.500000,-0.866025
2013,5,30.000000,130.000000,32.500000,132.500000,2566.080000,10.168818,1.531909,11.653962,23.354689,21.403718,0.630023,14.630304,0.312215,103.206169,0.263662,0.621580,0.349603,229.229904,0.500000,-0.866025
2013,5,30.000000,135.000000,32.500000,137.500000,5247.630000,3.675373,0.994925,15.102437,19.772736,21.325209,0.814568,18.745050,0.417295,96.312274,0.411776,0.526541,0.402727,226.221024,0.500000,-0.866025
2013,5,30.000000,140.000000,32.500000,142.500000,4907.980000,2.138966,4.429521,26.593018,33.161504,20.474508,0.816314,21.773855,0.443734,30.565714,0.313621,0.423056,0.443400,239.793335,0.500000,-0.866025
2013,5,30.000000,145.000000,32.500000,147.500000,4042.270000,0.451479,3.259555,23.623113,27.334146,19.517072,0.920174,19.674563,0.254542,4.410755,0.126585,0.351389,0.519555,246.060806,0.500000,-0.866025
2013,5,30.000000,-155.000000,32.500000,-152.500000,1344.480000,0.159913,2.992235,52.470844,55.622992,,,,,,,,,,0.500000,-0.866025
2013,5,-30.000000,150.000000,-27.500000,152.500000,1012.990000,11.591427,5.157998,1.334663,18.084088,24.164910,0.675550,57.439201,0.324135,107.381511,0.126425,0.532245,0.323795,212.200668,0.500000,-0.866025
2013,5,-30.000000,155.000000,-27.500000,157.500000,1855.860000,7.800696,8.465617,31.944759,48.211072,22.910136,0.656401,67.468205,0.296130,4.926371,0.150264,0.323333,0.212346,217.783356,0.500000,-0.866025
2013,5,-30.000000,-155.000000,-27.500000,-152.500000,2282.720000,0.625569,2.175913,13.855839,16.657321,,,,,,,,,,0.500000,-0.866025
2013,5,-30.000000,160.000000,-27.500000,162.500000,1144.500000,5.536916,2.701616,34.040192,42.278724,22.705714,0.637379,65.164439,0.232723,2.151572,0.128521,0.372778,0.064847,220.435242,0.500000,-0.866025
2013,5,-30.000000,-160.000000,-27.500000,-157.500000,2643.490000,0.676000,3.065644,25.974753,29.716398,,,,,,,,,,0.500000,-0.866025
2013,5,-30.000000,-170.000000,-27.500000,-167.500000,7963.620000,0.771634,1.548668,8.193636,10.513937,,,,,,,,,,0.500000,-0.866025
2013,5,-30.000000,-175.000000,-27.500000,-172.500000,2162.240000,0.552668,2.298542,11.056127,13.907337,,,,,,,,,,0.500000,-0.866025
2013,5,35.000000,145.000000,37.500000,147.500000,1449.180000,0.142839,1.462896,12.254516,13.860252,16.669736,0.272276,23.245314,0.439264,18.067382,0.343839,0.790556,1.034629,248.583969,0.500000,-0.866025
2013,5,-35.000000,-145.000000,-32.500000,-142.500000,1060.000000,1.067925,4.826415,38.319811,44.214151,,,,,,,,,,0.500000,-0.866025
2013,5,-35.000000,155.000000,-32.500000,157.500000,10466.280000,0.039173,1.580600,15.032466,16.652239,21.533935,0.503343,69.810118,0.310323,69.591466,0.190724,0.357699,0.406449,217.978821,0.500000,-0.866025
2013,5,-35.000000,-155.000000,-32.500000,-152.500000,2599.850000,0.488490,4.554109,48.012001,53.054599,,,,,,,,,,0.500000,-0.866025
2013,5,-35.000000,160.000000,-32.500000,162.500000,2549.160000,0.050997,2.146589,15.404290,17.601877,20.891788,0.490537,68.152709,0.199033,2.935008,0.106761,0.432778,0.309846,223.905273,0.500000,-0.866025
2013,5,-40.000000,150.000000,-37.500000,152.500000,1594.010000,9.954141,3.763464,8.947246,22.664852,,,,,,,,,,0.500000,-0.866025
2013,5,-40.000000,155.000000,-37.500000,157.500000,10217.350000,0.535560,4.060544,24.875432,29.471536,,,,,,,,,,0.500000,-0.866025
2013,5,-40.000000,160.000000,-37.500000,162.500000,5503.920000,0.277802,2.986417,26.801625,30.065844,,,,,,,,,,0.500000,-0.866025
2013,5,-40.000000,175.000000,-37.500000,177.500000,1981.970000,0.000000,2.176118,23.011953,25.188070,,,,,,,,,,0.500000,-0.866025
2013,5,-40.000000,-180.000000,-37.500000,-177.500000,1332.040000,0.049548,0.548782,0.447434,1.045764,,,,,,,,,,0.500000,-0.866025
2013,5,-45.000000,150.000000,-42.500000,152.500000,4122.810000,0.052634,0.441689,13.753241,14.247564,,,,,,,,,,0.500000,-0.866025
2013,5,-45.000000,155.000000,-42.500000,157.500000,11980.330000,0.000000,0.020033,7.709637,7.729670,,,,,,,,,,0.500000,-0.866025
2013,5,-45.000000,165.000000,-42.500000,167.500000,3844.670000,0.000000,0.000000,1.197242,1.197242,,,,,,,,,,0.500000,-0.866025
2013,6,0.000000,120.000000,2.500000,122.500000,13451.870000,17.898106,4.504058,0.000000,22.402164,30.377416,0.715416,12.929070,0.249414,138.740619,0.017603,0.068281,0.111466,201.033035,0.000000,-1.000000
2013,6,0.000000,125.000000,2.500000,127.500000,17863.660000,17.957798,4.444330,0.000000,22.402128,30.182129,0.710779,14.587959,0.303308,138.874129,0.024914,0.120085,0.113619,200.220810,0.000000,-1.000000
2013,6,0.000000,130.000000,2.500000,132.500000,6879.720000,15.784799,8.912572,0.052473,24.749844,30.078554,0.729022,17.059924,0.314414,119.352218,0.024248,0.006113,0.122008,199.675339,0.000000,-1.000000
2013,6,0.000000,135.000000,2.500000,137.500000,10892.200000,21.005674,2.864251,0.212996,24.082922,30.151752,0.725640,15.899254,0.240229,0.591267,0.025373,0.000000,0.112406,199.330383,0.000000,-1.000000
2013,6,0.000000,140.000000,2.500000,142.500000,3034.420000,14.580381,2.106169,0.117650,16.804200,30.053126,0.718052,15.751578,0.175924,0.653499,0.019376,0.000000,0.117074,199.009293,0.000000,-1.000000
2013,6,0.000000,150.000000,2.500000,152.500000,3235.470000,27.831814,13.045400,0.138465,41.015679,29.827660,0.691455,19.825545,0.130977,0.400761,0.013350,0.000000,0.124013,199.141098,0.000000,-1.000000
2013,6,0.000000,155.000000,2.500000,157.500000,3559.090000,25.671731,14.819238,0.028940,40.519908,29.533058,0.669182,18.951868,0.212508,0.360601,0.019530,0.000000,0.159140,199.339203,0.000000,-1.000000
2013,6,0.000000,-155.000000,2.500000,-152.500000,10537.850000,2.855896,21.724545,0.102393,24.682834,,,,,,,,,,0.000000,-1.000000
2013,6,0.000000,160.000000,2.500000,162.500000,2243.590000,17.110969,5.098525,0.136834,22.346329,29.467316,0.656439,19.448642,0.167916,0.365314,0.016844,0.000000,0.183756,199.318649,0.000000,-1.000000
2013,6,0.000000,-160.000000,2.500000,-157.500000,1919.000000,5.517457,13.633663,0.329859,19.480980,,,,,,,,,,0.000000,-1.000000
2013,6,0.000000,165.000000,2.500000,167.500000,2772.170000,18.731896,12.862848,0.252149,31.846893,29.242499,0.635053,19.273525,0.173982,92.269972,0.016969,0.002779,0.181224,199.514496,0.000000,-1.000000
2013,6,0.000000,-170.000000,2.500000,-167.500000,1487.140000,1.253413,11.875815,0.146590,13.275818,,,,,,,,,,0.000000,-1.000000
2013,6,5.000000,130.000000,7.500000,132.500000,3701.360000,10.817105,16.145957,0.000000,26.963062,30.043585,0.743111,20.047931,0.279960,134.770314,0.049387,0.011148,0.092706,199.005173,0.000000,-1.000000
2013,6,5.000000,135.000000,7.500000,137.500000,5478.270000,17.280090,9.626944,0.012230,26.919265,29.816282,0.767559,19.090156,0.202902,132.338518,0.057543,0.006954,0.093034,198.965179,0.000000,-1.000000
2013,6,5.000000,140.000000,7.500000,142.500000,1057.870000,6.325919,16.923630,0.763799,24.013348,29.623235,0.767125,21.374233,0.209396,0.405042,0.055423,0.000000,0.085077,198.788208,0.000000,-1.000000
2013,6,5.000000,145.000000,7.500000,147.500000,2164.230000,14.641235,17.344275,3.384114,35.369623,29.449795,0.750613,24.555152,0.207438,0.534580,0.045198,0.000000,0.076203,198.380585,0.000000,-1.000000
2013,6,5.000000,155.000000,7.500000,157.500000,3870.610000,14.234190,15.476114,0.213661,29.923965,29.038004,0.678539,28.005973,0.191118,123.169174,0.037885,0.003336,0.082644,198.998306,0.000000,-1.000000
2013,6,5.000000,165.000000,7.500000,167.500000,4506.520000,4.417599,15.360855,0.225673,20.004127,28.824695,0.630485,33.985518,0.204285,128.901783,0.044479,0.041643,0.163493,200.442749,0.000000,-1.000000
2013,6,5.000000,170.000000,7.500000,172.500000,5090.490000,4.607415,17.089514,0.285434,21.982363,28.615047,0.586830,34.202623,0.247559,128.540793,0.061421,0.027848,0.199574,201.343552,0.000000,-1.000000
2013,6,5.000000,-175.000000,7.500000,-172.500000,1299.010000,0.832172,21.098375,2.114687,24.045234,,,,,,,,,,0.000000,-1.000000
2013,6,5.000000,-180.000000,7.500000,-177.500000,3595.900000,5.813844,8.415418,0.793960,15.023221,,,,,,,,,,0.000000,-1.000000
2013,6,-5.000000,120.000000,-2.500000,122.500000,17647.160000,18.139859,4.262272,0.000000,22.402132,29.589410,0.695573,13.856139,0.106648,138.302284,0.014038,0.271888,0.098892,200.067184,0.000000,-1.000000
2013,6,-5.000000,125.000000,-2.500000,127.500000,26470.730000,18.139847,4.262255,0.000000,22.402102,29.456245,0.683858,14.516371,0.141020,136.195800,0.017683,0.232817,0.097462,200.131775,0.000000,-1.000000
2013,6,-5.000000,130.000000,-2.500000,132.500000,8823.580000,18.139803,4.262216,0.000000,22.402018,29.204705,0.693899,13.797915,0.180405,135.805240,0.030438,0.298304,0.135651,200.116730,0.000000,-1.000000
2013,6,-5.000000,140.000000,-2.500000,142.500000,3424.000000,11.259930,0.798773,7.563376,19.622079,29.810326,0.734294,15.694819,0.311441,132.321488,0.013311,0.066814,0.206559,201.285568,0.000000,-1.000000
2013,6,-5.000000,145.000000,-2.500000,147.500000,1017.380000,11.576795,0.000000,0.000000,11.576795,29.790441,0.721418,15.589285,0.203847,129.463316,0.008876,0.037639,0.194213,201.295410,0.000000,-1.000000
2013,6,-5.000000,-155.000000,-2.500000,-152.500000,17044.890000,1.744452,25.115562,1.255802,28.115817,,,,,,,,,,0.000000,-1.000000
2013,6,-5.000000,160.000000,-2.500000,162.500000,4768.390000,18.114500,3.486711,0.255852,21.857063,29.748336,0.678595,21.919200,0.253131,0.383243,0.009963,0.000000,0.176063,200.243362,0.000000,-1.000000
2013,6,-5.000000,-160.000000,-2.500000,-157.500000,10226.740000,1.669349,21.050697,2.079059,24.799105,,,,,,,,,,0.000000,-1.000000
2013,6,-5.000000,165.000000,-2.500000,167.500000,1561.000000,15.102498,4.135810,0.483664,19.721973,29.658949,0.660517,21.083120,0.201026,0.489685,0.012300,0.000000,0.168375,199.994324,0.000000,-1.000000
2013,6,-5.000000,-165.000000,-2.500000,-162.500000,2166.500000,1.645973,10.607431,2.878837,15.132241,,,,,,,,,,0.000000,-1.000000
2013,6,10.000000,110.000000,12.500000,112.500000,14019.880000,20.680491,3.358303,0.000000,24.038793,30.093703,0.762228,18.854039,0.185418,1.092175,0.039778,0.009444,0.081952,198.200821,0.000000,-1.000000
2013,6,10.000000,115.000000,12.500000,117.500000,14019.880000,20.680491,3.358303,0.000000,24.038793,30.618840,0.761432,17.748064,0.107388,139.224833,0.035456,0.038309,0.088453,197.733429,0.000000,-1.000000
2013,6,10.000000,130.000000,12.500000,132.500000,4403.790000,6.150157,6.991705,2.441079,15.582941,29.953889,0.980402,23.760017,0.172091,0.429372,0.068913,0.000000,0.087919,197.654037,0.000000,-1.000000
2013,6,10.000000,150.000000,12.500000,152.500000,3240.000000,11.902469,1.362037,8.910185,22.174691,29.112779,0.894122,27.347510,0.169833,0.297464,0.050565,0.000000,0.081394,199.152359,0.000000,-1.000000
2013,6,10.000000,155.000000,12.500000,157.500000,1248.060000,2.273128,0.334119,0.638591,3.245838,28.829745,0.849799,27.874421,0.177309,0.309508,0.043381,0.000000,0.082919,199.852585,0.000000,-1.000000
2013,6,10.000000,-165.000000,12.500000,-162.500000,3481.890000,0.741264,21.164655,0.228899,22.134818,,,,,,,,,,0.000000,-1.000000
2013,6,10.000000,170.000000,12.500000,172.500000,1999.920000,7.190288,15.903636,0.997040,24.090964,28.165426,0.765071,35.832582,0.161005,57.133837,0.023490,0.003056,0.057350,201.802689,0.000000,-1.000000
2013,6,10.000000,-170.000000,12.500000,-167.500000,6494.720000,1.036688,21.299610,0.564920,22.901218,,,,,,,,,,0.000000,-1.000000
2013,6,10.000000,-175.000000,12.500000,-172.500000,3719.430000,0.898525,18.579997,0.494431,19.972953,,,,,,,,,,0.000000,-1.000000
2013,6,10.000000,-180.000000,12.500000,-177.500000,2312.540000,1.647107,27.302447,0.422047,29.371600,,,,,,,,,,0.000000,-1.000000
2013,6,-10.000000,-135.000000,-7.500000,-132.500000,8031.340000,6.976171,17.383027,6.939440,31.298638,,,,,,,,,,0.000000,-1.000000
2013,6,-10.000000,-150.000000,-7.500000,-147.500000,4006.830000,5.102038,21.510271,6.197667,32.809977,,,,,,,,,,0.000000,-1.000000
2013,6,-10.000000,155.000000,-7.500000,157.500000,3312.630000,25.371382,5.753435,1.834796,32.959612,29.425855,0.731675,22.960598,0.181879,133.004187,0.035256,0.139417,0.205308,199.682556,0.000000,-1.000000
2013,6,-10.000000,-155.000000,-7.500000,-152.500000,6266.220000,6.056921,27.087622,4.918595,38.063139,,,,,,,,,,0.000000,-1.000000
2013,6,-10.000000,160.000000,-7.500000,162.500000,14480.200000,23.661275,4.846687,4.995995,33.503957,29.582372,0.756487,27.364772,0.247138,131.791500,0.046096,0.035398,0.154835,199.225479,0.000000,-1.000000
2013,6,-10.000000,-160.000000,-7.500000,-157.500000,2467.700000,5.142440,6.334238,20.620416,32.097094,,,,,,,,,,0.000000,-1.000000
2013,6,-10.000000,165.000000,-7.500000,167.500000,11049.140000,9.382088,5.565863,8.718235,23.666186,29.605543,0.761621,29.802767,0.242255,0.602518,0.060565,0.000000,0.154794,198.750549,0.000000,-1.000000
2013,6,-10.000000,-165.000000,-7.500000,-162.500000,2025.960000,7.788900,14.983514,9.289917,32.062331,,,,,,,,,,0.000000,-1.000000
2013,6,-10.000000,170.000000,-7.500000,172.500000,16044.200000,6.742873,4.531232,19.469715,30.743820,29.636186,0.746200,31.027195,0.221478,0.287426,0.058885,0.000000,0.135892,198.495331,0.000000,-1.000000
2013,6,-10.000000,-170.000000,-7.500000,-167.500000,2412.730000,5.199504,13.542750,23.069303,41.811558,,,,,,,,,,0.000000,-1.000000
2013,6,-10.000000,175.000000,-7.500000,177.500000,8773.680000,8.056938,4.271868,17.191532,29.520338,29.600034,0.725761,30.054418,0.247098,0.265902,0.065424,0.000000,0.126557,198.498627,0.000000,-1.000000
2013,6,-10.000000,-175.000000,-7.500000,-172.500000,3551.160000,9.034794,6.451976,14.254497,29.741268,,,,,,,,,,0.000000,-1.000000
2013,6,-10.000000,-180.000000,-7.500000,-177.500000,7566.220000,8.487065,6.518314,9.401260,24.406639,,,,,,,,,,0.000000,-1.000000
2013,6,15.000000,110.000000,17.500000,112.500000,14019.880000,20.680491,3.358303,0.000000,24.038793,30.051750,0.723375,14.540570,0.234000,128.051761,0.096096,0.128065,0.095464,198.830948,0.000000,-1.000000
2013,6,15.000000,115.000000,17.500000,117.500000,14019.880000,20.680491,3.358303,0.000000,24.038793,30.651153,0.767658,16.022983,0.172332,140.818689,0.079148,0.059610,0.086763,197.830017,0.000000,-1.000000
2013,6,15.000000,125.000000,17.500000,127.500000,1695.470000,7.139613,1.309371,0.139784,8.588769,30.144792,1.057659,17.380589,0.251474,1.103809,0.078351,0.008333,0.100102,198.102631,0.000000,-1.000000
2013,6,15.000000,135.000000,17.500000,137.500000,3458.330000,2.136002,0.514699,19.881561,22.532263,29.927320,1.076241,19.881284,0.194534,1.022642,0.080214,0.012778,0.092299,198.352463,0.000000,-1.000000
2013,6,15.000000,140.000000,17.500000,142.500000,4438.980000,3.760098,0.773151,37.989808,42.523057,29.759624,1.005627,19.421387,0.220269,1.463567,0.080612,0.033611,0.094623,198.635071,0.000000,-1.000000
2013,6,15.000000,145.000000,17.500000,147.500000,1086.750000,4.990108,0.326662,41.959972,47.276743,29.646316,1.043516,21.249340,0.189384,93.680099,0.073466,0.002501,0.092578,199.201614,0.000000,-1.000000
2013,6,15.000000,150.000000,17.500000,152.500000,4441.060000,8.519362,1.046147,39.151464,48.716973,29.352401,0.991671,21.978287,0.148022,0.542848,0.049983,0.000000,0.085069,199.649429,0.000000,-1.000000
2013,6,15.000000,-165.000000,17.500000,-162.500000,1515.420000,5.252669,4.249647,6.360613,15.862929,,,,,,,,,,0.000000,-1.000000
2013,6,-15.000000,-135.000000,-12.500000,-132.500000,8077.450000,5.117952,13.614940,19.449207,38.182100,,,,,,,,,,0.000000,-1.000000
2013,6,-15.000000,-145.000000,-12.500000,-142.500000,1615.620000,8.216041,8.115770,35.643901,51.975712,,,,,,,,,,0.000000,-1.000000
2013,6,-15.000000,150.000000,-12.500000,152.500000,1654.160000,26.206050,0.000000,21.367341,47.573391,27.139408,0.692788,37.161758,0.222657,124.474511,0.043476,0.171937,0.093725,203.151016,0.000000,-1.000000
2013,6,-15.000000,-150.000000,-12.500000,-147.500000,2329.220000,6.111488,6.110629,38.146246,50.368364,,,,,,,,,,0.000000,-1.000000
2013,6,-15.000000,155.000000,-12.500000,157.500000,9756.400000,34.177463,3.299783,19.174901,56.652146,27.972990,0.649215,36.556047,0.183441,1.370518,0.037653,0.115833,0.137030,201.387833,0.000000,-1.000000
2013,6,-15.000000,-155.000000,-12.500000,-152.500000,1679.620000,11.242424,10.109430,18.836403,40.188257,,,,,,,,,,0.000000,-1.000000
2013,6,-15.000000,160.000000,-12.500000,162.500000,26856.130000,5.832896,1.329157,16.409475,23.571527,28.345267,0.683264,29.670093,0.161575,129.957167,0.032662,0.072252,0.085580,200.464996,0.000000,-1.000000
2013,6,-15.000000,-160.000000,-12.500000,-157.500000,21379.670000,3.784670,2.148864,35.952005,41.885539,,,,,,,,,,0.000000,-1.000000
2013,6,-15.000000,165.000000,-12.500000,167.500000,6870.220000,6.070839,1.450172,22.095508,29.616519,28.562449,0.709706,29.721554,0.143533,124.546574,0.024860,0.027080,0.079411,199.480347,0.000000,-1.000000
2013,6,-15.000000,-165.000000,-12.500000,-162.500000,26089.280000,2.055289,1.218393,26.188649,29.462331,,,,,,,,,,0.000000,-1.000000
2013,6,-15.000000,170.000000,-12.500000,172.500000,12449.930000,6.155858,2.615115,18.630225,27.401198,28.920595,0.773239,35.353660,0.111862,0.635638,0.034770,0.000000,0.073288,199.021255,0.000000,-1.000000
2013,6,-15.000000,-170.000000,-12.500000,-167.500000,15678.510000,2.703318,0.880632,29.679542,33.263493,,,,,,,,,,0.000000,-1.000000
2013,6,-15.000000,175.000000,-12.500000,177.500000,6300.970000,10.160975,2.535959,29.777320,42.474254,28.900769,0.770844,36.211527,0.086474,0.708032,0.037614,0.001944,0.070401,198.965607,0.000000,-1.000000
2013,6,-15.000000,-175.000000,-12.500000,-172.500000,8037.120000,3.655538,0.962409,39.366340,43.984288,,,,,,,,,,0.000000,-1.000000
2013,6,20.000000,120.000000,22.500000,122.500000,4190.740000,14.518916,0.123367,0.064189,14.706472,29.624790,0.961949,12.049533,0.373718,132.490257,0.210428,0.200314,0.152983,200.309204,0.000000,-1.000000
2013,6,20.000000,125.000000,22.500000,127.500000,4882.610000,8.325465,0.148486,0.201122,8.675073,29.346328,1.060642,12.260629,0.263586,91.184247,0.140835,0.156754,0.116206,202.545883,0.000000,-1.000000
2013,6,20.000000,135.000000,22.500000,137.500000,2474.410000,1.508238,0.239653,7.284161,9.032052,29.026474,0.942308,11.373189,0.154882,1.448371,0.092271,0.084167,0.094659,202.579727,0.000000,-1.000000
2013,6,20.000000,140.000000,22.500000,142.500000,1270.360000,12.306748,1.375988,20.724047,34.406782,29.026393,0.951600,12.013304,0.166487,56.007267,0.058621,0.202001,0.097412,202.745026,0.000000,-1.000000
2013,6,20.000000,145.000000,22.500000,147.500000,1523.040000,4.322276,0.351271,8.507984,13.181532,28.704840,0.910640,11.894759,0.178907,1.748271,0.093303,0.138333,0.097515,203.363892,0.000000,-1.000000
2013,6,-20.000000,-135.000000,-17.500000,-132.500000,2904.790000,0.191408,4.857838,26.145780,31.195026,,,,,,,,,,0.000000,-1.000000
2013,6,-20.000000,-150.000000,-17.500000,-147.500000,3309.120000,3.317196,5.109213,26.657540,35.083950,,,,,,,,,,0.000000,-1.000000
2013,6,-20.000000,-155.000000,-17.500000,-152.500000,5958.700000,3.739406,4.132445,33.832044,41.703895,,,,,,,,,,0.000000,-1.000000
2013,6,-20.000000,160.000000,-17.500000,162.500000,4519.890000,9.025441,2.738120,43.822305,55.585866,25.845031,0.664308,48.140386,0.109375,50.550126,0.028185,0.304529,0.069286,208.213379,0.000000,-1.000000
2013,6,-20.000000,-160.000000,-17.500000,-157.500000,3909.360000,2.332351,2.408067,36.989686,41.730104,,,,,,,,,,0.000000,-1.000000
2013,6,-20.000000,165.000000,-17.500000,167.500000,11442.430000,3.627988,1.304618,22.455283,27.387889,26.537464,0.696092,39.793787,0.102029,124.205895,0.023515,0.284446,0.068103,206.495804,0.000000,-1.000000
2013,6,-20.000000,-165.000000,-17.500000,-162.500000,4571.700000,2.128092,1.267800,24.645318,28.041210,,,,,,,,,,0.000000,-1.000000
2013,6,-20.000000,170.000000,-17.500000,172.500000,13282.450000,3.737413,1.545950,24.094124,29.377487,27.024484,0.738177,40.535661,0.099818,1.785373,0.043083,0.282500,0.060778,204.411545,0.000000,-1.000000
2013,6,-20.000000,-170.000000,-17.500000,-167.500000,9631.020000,3.575322,2.654651,21.851060,28.081034,,,,,,,,,,0.000000,-1.000000
2013,6,-20.000000,175.000000,-17.500000,177.500000,9069.550000,4.840924,1.509667,15.551598,21.902189,27.266260,0.769278,41.503875,0.089840,123.529491,0.015892,0.247577,0.078136,204.348099,0.000000,-1.000000
2013,6,-20.000000,-175.000000,-17.500000,-172.500000,3225.510000,4.585631,2.188491,22.993883,29.768006,,,,,,,,,,0.000000,-1.000000
2013,6,-20.000000,-180.000000,-17.500000,-177.500000,9260.650000,7.874393,2.470669,19.989742,30.334804,,,,,,,,,,0.000000,-1.000000
2013,6,25.000000,120.000000,27.500000,122.500000,1022.160000,8.433122,0.208382,0.000000,8.641504,26.351154,0.419648,10.931014,0.248993,124.811897,0.171139,0.611702,0.230649,207.753937,0.000000,-1.000000
2013,6,25.000000,125.000000,27.500000,127.500000,8409.930000,15.404290,0.171583,0.520218,16.096091,26.969809,0.802602,11.286364,0.268294,120.710158,0.217550,0.579612,0.138676,206.796265,0.000000,-1.000000
2013,6,25.000000,130.000000,27.500000,132.500000,8197.530000,16.140594,0.251417,3.814442,20.206452,26.039259,1.023735,10.776282,0.230468,54.070778,0.162131,0.415393,0.125263,210.381882,0.000000,-1.000000
2013,6,25.000000,135.000000,27.500000,137.500000,2344.440000,1.792752,0.131375,0.738769,2.662896,25.224452,1.016153,10.758708,0.202075,5.691386,0.116375,0.476667,0.112690,214.325562,0.000000,-1.000000
2013,6,25.000000,140.000000,27.500000,142.500000,2019.680000,3.980334,0.477798,0.381249,4.839380,25.061190,0.937958,10.979287,0.190973,52.279578,0.082879,0.526257,0.101413,215.381638,0.000000,-1.000000
2013,6,25.000000,145.000000,27.500000,147.500000,7634.910000,1.716458,0.077408,0.067322,1.861188,25.404823,0.840386,10.946651,0.161957,3.897763,0.100902,0.538056,0.096810,215.993103,0.000000,-1.000000
2013,6,25.000000,150.000000,27.500000,152.500000,7327.580000,1.374669,0.366560,0.047355,1.788585,25.795494,0.837116,11.195504,0.170616,3.263372,0.068911,0.493056,0.091821,215.706421,0.000000,-1.000000
2013,6,25.000000,155.000000,27.500000,157.500000,4883.010000,2.539212,0.585090,0.131886,3.256188,25.820274,0.811571,10.952500,0.166470,5.044113,0.104859,0.547778,0.089660,215.119553,0.000000,-1.000000
2013,6,25.000000,-155.000000,27.500000,-152.500000,4910.500000,0.102026,14.739436,0.118318,14.959780,,,,,,,,,,0.000000,-1.000000
2013,6,25.000000,160.000000,27.500000,162.500000,4608.240000,1.924162,0.241958,0.122389,2.288509,26.295167,0.796608,11.409049,0.194968,5.510796,0.092812,0.436944,0.088915,212.601273,0.000000,-1.000000
2013,6,25.000000,-160.000000,27.500000,-157.500000,8968.780000,0.235372,11.389286,0.131679,11.756337,,,,,,,,,,0.000000,-1.000000
2013,6,25.000000,165.000000,27.500000,167.500000,1983.680000,0.654339,0.595862,0.300956,1.551157,26.096076,0.763018,11.572026,0.168179,5.150610,0.066873,0.488889,0.090239,211.525085,0.000000,-1.000000
2013,6,25.000000,-165.000000,27.500000,-162.500000,1713.990000,0.466747,9.755600,0.040840,10.263187,,,,,,,,,,0.000000,-1.000000
2013,6,-25.000000,150.000000,-22.500000,152.500000,1323.900000,8.829217,10.228869,13.038749,32.096835,23.402005,0.682891,56.760683,0.126638,93.910622,0.062413,0.540275,0.294454,214.781998,0.000000,-1.000000
2013,6,-25.000000,155.000000,-22.500000,157.500000,1081.700000,6.251271,9.947305,30.920773,47.119349,23.301752,0.704417,69.686166,0.122351,47.335865,0.055058,0.302862,0.160205,215.621704,0.000000,-1.000000
2013,6,-25.000000,160.000000,-22.500000,162.500000,2084.770000,0.928160,1.898051,48.924821,51.751032,23.082152,0.646034,65.157794,0.112559,110.079949,0.063782,0.369547,0.067956,215.995255,0.000000,-1.000000
2013,6,-25.000000,-165.000000,-22.500000,-162.500000,1286.560000,1.301921,1.742632,17.948638,20.993191,,,,,,,,,,0.000000,-1.000000
2013,6,-25.000000,170.000000,-22.500000,172.500000,2996.080000,1.017329,2.082388,34.301487,37.401204,23.649391,0.656812,54.730838,0.141460,2.981910,0.090250,0.338889,0.058356,215.183853,0.000000,-1.000000
2013,6,-25.000000,-170.000000,-22.500000,-167.500000,1433.770000,1.581844,1.688555,16.395935,19.666334,,,,,,,,,,0.000000,-1.000000
2013,6,-25.000000,175.000000,-22.500000,177.500000,4340.320000,1.181249,2.074732,29.845034,33.101016,24.510311,0.719352,54.523821,0.158858,2.475304,0.059049,0.397500,0.059965,213.608475,0.000000,-1.000000
2013,6,-25.000000,-175.000000,-22.500000,-172.500000,1511.660000,1.113346,2.718865,33.358692,37.190903,,,,,,,,,,0.000000,-1.000000
2013,6,30.000000,130.000000,32.500000,132.500000,3445.390000,19.055898,0.200848,2.022703,21.279449,24.227590,0.650430,11.747980,0.373171,113.472094,0.355060,0.697110,0.318665,216.193909,0.000000,-1.000000
2013,6,30.000000,140.000000,32.500000,142.500000,1386.260000,0.303695,4.788424,22.255565,27.347684,22.785473,0.843110,13.078157,0.423461,32.982073,0.318904,0.460000,0.187859,226.271698,0.000000,-1.000000
2013,6,30.000000,145.000000,32.500000,147.500000,2990.310000,0.229408,2.171012,17.082844,19.483264,21.671049,0.942597,12.251105,0.262758,2.669704,0.188141,0.313333,0.166281,231.931686,0.000000,-1.000000
2013,6,30.000000,150.000000,32.500000,152.500000,1602.850000,0.066132,2.251614,2.409458,4.727205,21.472497,0.910735,11.920997,0.223986,3.051701,0.152964,0.381667,0.140206,232.916290,0.000000,-1.000000
2013,6,30.000000,-155.000000,32.500000,-152.500000,1419.170000,0.095126,7.868684,19.946870,27.910680,,,,,,,,,,0.000000,-1.000000
2013,6,30.000000,-160.000000,32.500000,-157.500000,4050.480000,0.190348,13.341876,0.118751,13.650975,,,,,,,,,,0.000000,-1.000000
2013,6,-30.000000,-140.000000,-27.500000,-137.500000,1047.730000,0.397049,0.477222,41.640499,42.514770,,,,,,,,,,0.000000,-1.000000
2013,6,-30.000000,-155.000000,-27.500000,-152.500000,3814.940000,0.509051,0.875505,28.067283,29.451839,,,,,,,,,,0.000000,-1.000000
2013,6,-30.000000,160.000000,-27.500000,162.500000,5027.050000,0.728857,2.394844,52.535980,55.659681,21.136475,0.593065,90.755015,0.194770,2.555273,0.102227,0.382778,0.104617,226.641602,0.000000,-1.000000
2013,6,-30.000000,-160.000000,-27.500000,-157.500000,3879.780000,1.051606,1.596998,24.258592,26.907196,,,,,,,,,,0.000000,-1.000000
2013,6,-30.000000,165.000000,-27.500000,167.500000,1020.000000,1.249020,1.706863,2.833333,5.789216,20.837198,0.549875,88.111271,0.152901,80.874858,0.085856,0.331850,0.096675,227.495316,0.000000,-1.000000
2013,6,-30.000000,-165.000000,-27.500000,-162.500000,1932.840000,1.113905,1.948946,26.112870,29.175721,,,,,,,,,,0.000000,-1.000000
2013,6,-30.000000,170.000000,-27.500000,172.500000,3661.810000,0.639848,0.962093,9.146297,10.748237,20.797157,0.521596,78.533242,0.132193,3.821579,0.049167,0.355556,0.070977,226.045410,0.000000,-1.000000
2013,6,-30.000000,-170.000000,-27.500000,-167.500000,1783.900000,0.598688,0.898032,31.547732,33.044453,,,,,,,,,,0.000000,-1.000000
2013,6,-30.000000,175.000000,-27.500000,177.500000,1835.070000,0.922581,0.944378,22.980050,24.847009,20.985485,0.512137,68.306955,0.152116,3.808779,0.064323,0.430278,0.060049,226.525894,0.000000,-1.000000
2013,6,-30.000000,-175.000000,-27.500000,-172.500000,1100.790000,0.531437,1.880468,20.807784,23.219688,,,,,,,,,,0.000000,-1.000000
2013,6,-30.000000,-180.000000,-27.500000,-177.500000,1230.000000,1.904065,1.014634,39.678049,42.596748,,,,,,,,,,0.000000,-1.000000
2013,6,35.000000,140.000000,37.500000,142.500000,4337.590000,1.065108,6.144887,20.654557,27.864552,19.259051,0.249619,11.756023,0.390693,98.460193,0.445009,0.820959,0.405474,229.130707,0.000000,-1.000000
2013,6,35.000000,145.000000,37.500000,147.500000,6341.630000,0.620188,3.901048,11.555073,16.076308,19.721740,0.262431,13.198747,0.300211,9.646418,0.298818,0.713889,0.420310,236.575745,0.000000,-1.000000
2013,6,35.000000,150.000000,37.500000,152.500000,2380.200000,0.058398,0.222670,0.537770,0.818839,18.002961,0.112450,11.092801,0.206343,7.993873,0.171173,0.615000,0.452167,247.710739,0.000000,-1.000000
2013,6,-35.000000,-150.000000,-32.500000,-147.500000,2391.550000,0.580795,1.361460,35.302210,37.244465,,,,,,,,,,0.000000,-1.000000
2013,6,-35.000000,-155.000000,-32.500000,-152.500000,2957.990000,0.286005,1.512514,38.665107,40.463626,,,,,,,,,,0.000000,-1.000000
2013,6,-35.000000,160.000000,-32.500000,162.500000,12139.730000,0.442432,1.768326,30.428683,32.639441,19.242793,0.473440,98.764047,0.183222,3.591180,0.107593,0.481944,0.403195,226.438492,0.000000,-1.000000
2013,6,-35.000000,-160.000000,-32.500000,-157.500000,1055.740000,0.992669,4.131699,39.954913,45.079281,,,,,,,,,,0.000000,-1.000000
2013,6,-35.000000,165.000000,-32.500000,167.500000,1804.540000,0.742017,4.500870,32.981813,38.224700,18.551482,0.444983,104.497331,0.160559,2.741449,0.099681,0.446389,0.337460,233.353943,0.000000,-1.000000
2013,6,-35.000000,170.000000,-32.500000,172.500000,1466.320000,0.000000,11.130585,13.576845,24.707431,18.219266,0.415117,98.443924,0.127879,72.690673,0.087453,0.456170,0.329272,233.923737,0.000000,-1.000000
2013,6,-40.000000,150.000000,-37.500000,152.500000,1453.880000,5.210196,0.863895,9.648664,15.722756,,,,,,,,,,0.000000,-1.000000
2013,6,-40.000000,155.000000,-37.500000,157.500000,11844.710000,0.374598,3.692112,26.837550,30.904260,,,,,,,,,,0.000000,-1.000000
2013,6,-40.000000,160.000000,-37.500000,162.500000,5130.760000,1.219702,6.777748,28.265988,36.263439,,,,,,,,,,0.000000,-1.000000
2013,6,-40.000000,175.000000,-37.500000,177.500000,1650.790000,0.000000,0.614251,10.672466,11.286717,,,,,,,,,,0.000000,-1.000000
2013,6,-45.000000,165.000000,-42.500000,167.500000,2401.550000,0.000000,0.000000,0.764506,0.764506,,,,,,,,,,0.000000,-1.000000
2013,7,0.000000,120.000000,2.500000,122.500000,14707.890000,16.369649,4.119422,0.000000,20.489071,29.804663,0.695142,16.002327,0.171852,135.125745,0.015000,0.064246,0.105568,200.996490,-0.500000,-0.866025
2013,7,0.000000,125.000000,2.500000,127.500000,19531.620000,16.424239,4.064793,0.000000,20.489033,29.576160,0.689948,20.015241,0.227023,136.417949,0.017060,0.120085,0.110316,200.116074,-0.500000,-0.866025
2013,7,0.000000,130.000000,2.500000,132.500000,5857.640000,17.008727,3.819286,0.133159,20.961172,29.729356,0.705857,22.073261,0.376769,118.450759,0.024914,0.005279,0.121394,199.792435,-0.500000,-0.866025
2013,7,0.000000,135.000000,2.500000,137.500000,10335.250000,24.421567,2.137539,0.631625,27.190731,29.819676,0.668021,20.178288,0.361202,0.355473,0.046199,0.000000,0.097882,199.733673,-0.500000,-0.866025
2013,7,0.000000,140.000000,2.500000,142.500000,2860.090000,16.831988,3.262135,0.177617,20.271740,29.945717,0.689779,17.823361,0.280613,0.374984,0.026584,0.000000,0.096665,199.525055,-0.500000,-0.866025
2013,7,0.000000,145.000000,2.500000,147.500000,3388.190000,9.206095,23.730664,1.220416,34.157175,30.053788,0.676534,18.322339,0.200247,0.305170,0.025264,0.000000,0.096420,199.221878,-0.500000,-0.866025
2013,7,0.000000,150.000000,2.500000,152.500000,3811.500000,14.912764,24.048275,0.564869,39.525908,30.059787,0.673034,19.333519,0.134044,0.359972,0.014895,0.000000,0.106142,198.807816,-0.500000,-0.866025
2013,7,0.000000,155.000000,2.500000,157.500000,4809.750000,18.129425,11.145278,0.114143,29.388846,29.878146,0.655081,20.954094,0.192079,0.254244,0.017442,0.000000,0.125915,199.246811,-0.500000,-0.866025
2013,7,0.000000,-155.000000,2.500000,-152.500000,4967.810000,2.471713,16.116156,0.009662,18.597531,,,,,,,,,,-0.500000,-0.866025
2013,7,0.000000,160.000000,2.500000,162.500000,3091.250000,20.358108,6.696644,0.017469,27.072220,29.713166,0.646017,24.977367,0.182476,0.331733,0.018595,0.000000,0.156651,199.664062,-0.500000,-0.866025
2013,7,0.000000,-160.000000,2.500000,-157.500000,4190.930000,6.731203,14.381772,0.017180,21.130155,,,,,,,,,,-0.500000,-0.866025
2013,7,0.000000,165.000000,2.500000,167.500000,10050.460000,9.135701,11.863238,0.258297,21.257236,29.461687,0.627481,25.903201,0.231647,93.415106,0.018955,0.002779,0.186849,198.954010,-0.500000,-0.866025
2013,7,0.000000,-165.000000,2.500000,-162.500000,2249.410000,18.305689,11.912457,0.027118,30.245264,,,,,,,,,,-0.500000,-0.866025
2013,7,5.000000,125.000000,7.500000,127.500000,4239.390000,13.089619,3.162012,0.000000,16.251631,29.659086,0.735146,17.326366,0.345218,132.791868,0.049659,0.088226,0.104858,199.422546,-0.500000,-0.866025
2013,7,5.000000,130.000000,7.500000,132.500000,7722.920000,22.808989,12.228665,0.888783,35.926437,29.784862,0.740872,20.390542,0.207003,133.593433,0.050503,0.008082,0.090248,199.064590,-0.500000,-0.866025
2013,7,5.000000,135.000000,7.500000,137.500000,3935.640000,14.406806,10.927321,0.560011,25.894137,29.789984,0.722309,17.309768,0.214974,133.018861,0.065344,0.006954,0.092896,199.052277,-0.500000,-0.866025
2013,7,5.000000,155.000000,7.500000,157.500000,3494.910000,10.086669,10.333313,0.068385,20.488367,29.362657,0.646269,21.666573,0.173191,125.213932,0.035589,0.003336,0.068507,198.438538,-0.500000,-0.866025
2013,7,5.000000,160.000000,7.500000,162.500000,1231.790000,13.447097,8.408089,0.052769,21.907955,29.283873,0.612533,23.770020,0.172615,0.609940,0.039242,0.000000,0.091390,199.419006,-0.500000,-0.866025
2013,7,5.000000,165.000000,7.500000,167.500000,4579.050000,3.601839,15.195947,0.304430,19.102216,29.080086,0.586378,24.397258,0.213191,130.804224,0.042743,0.041643,0.188548,201.205124,-0.500000,-0.866025
2013,7,5.000000,170.000000,7.500000,172.500000,1668.910000,1.649580,12.668149,0.292406,14.610135,28.771829,0.557810,26.911274,0.278421,129.213008,0.062765,0.032068,0.205837,201.738113,-0.500000,-0.866025
2013,7,5.000000,-180.000000,7.500000,-177.500000,3388.560000,4.089938,3.123156,0.197429,7.410522,,,,,,,,,,-0.500000,-0.866025
2013,7,-5.000000,120.000000,-2.500000,122.500000,19294.910000,16.590749,3.898282,0.000000,20.489031,28.620630,0.649988,17.945804,0.092990,134.246007,0.019825,0.315261,0.098838,200.885406,-0.500000,-0.866025
2013,7,-5.000000,125.000000,-2.500000,127.500000,28942.360000,16.590734,3.898265,0.000000,20.489000,28.466009,0.639867,19.537752,0.138638,131.300204,0.025170,0.229412,0.103398,200.540085,-0.500000,-0.866025
2013,7,-5.000000,130.000000,-2.500000,132.500000,9647.450000,16.590705,3.898232,0.000000,20.488937,28.412400,0.642325,18.472348,0.205590,132.797759,0.049491,0.335954,0.176995,201.292480,-0.500000,-0.866025
2013,7,-5.000000,140.000000,-2.500000,142.500000,2679.010000,9.600561,0.400521,1.184393,11.185475,29.391330,0.704629,24.393810,0.390977,128.619427,0.014554,0.177434,0.199781,200.299637,-0.500000,-0.866025
2013,7,-5.000000,-155.000000,-2.500000,-152.500000,12926.470000,1.393729,19.527760,1.353734,22.275223,,,,,,,,,,-0.500000,-0.866025
2013,7,-5.000000,160.000000,-2.500000,162.500000,8171.250000,30.512100,8.369711,0.141227,39.023038,29.779580,0.664293,31.845261,0.243627,0.388437,0.012517,0.000000,0.169036,199.604355,-0.500000,-0.866025
2013,7,-5.000000,-160.000000,-2.500000,-157.500000,7247.790000,2.026135,21.317671,1.448717,24.792523,,,,,,,,,,-0.500000,-0.866025
2013,7,-5.000000,165.000000,-2.500000,167.500000,7137.590000,9.724431,3.503003,7.267579,20.495013,29.562686,0.652727,29.821460,0.252472,0.380615,0.015426,0.000000,0.159975,199.550079,-0.500000,-0.866025
2013,7,-5.000000,-165.000000,-2.500000,-162.500000,1724.920000,4.223964,13.858034,2.209378,20.291376,,,,,,,,,,-0.500000,-0.866025
2013,7,-5.000000,170.000000,-2.500000,172.500000,1194.490000,14.764460,7.678591,1.485153,23.928204,29.284707,0.636311,29.783617,0.245197,129.792451,0.015964,0.009476,0.162681,199.926819,-0.500000,-0.866025
2013,7,-5.000000,-170.000000,-2.500000,-167.500000,1805.140000,6.422217,13.472639,0.269231,20.164087,,,,,,,,,,-0.500000,-0.866025
2013,7,-5.000000,-175.000000,-2.500000,-172.500000,5934.660000,14.768664,9.663401,2.371324,26.803389,,,,,,,,,,-0.500000,-0.866025
2013,7,-5.000000,-180.000000,-2.500000,-177.500000,1427.180000,11.405008,9.014280,1.865917,22.285206,,,,,,,,,,-0.500000,-0.866025
2013,7,10.000000,110.000000,12.500000,112.500000,14600.620000,19.857924,3.224726,0.000000,23.082650,29.390816,0.734095,18.214549,0.247268,2.082407,0.066561,0.058056,0.088224,199.898834,-0.500000,-0.866025
2013,7,10.000000,115.000000,12.500000,117.500000,14600.620000,19.857924,3.224726,0.000000,23.082650,29.700641,0.772322,21.235739,0.108607,135.741523,0.027043,0.051930,0.083508,198.416672,-0.500000,-0.866025
2013,7,10.000000,125.000000,12.500000,127.500000,2321.160000,9.055817,6.514846,0.225749,15.796412,29.781191,0.965808,18.293877,0.190334,132.933770,0.068403,0.052113,0.093014,198.075851,-0.500000,-0.866025
2013,7,10.000000,130.000000,12.500000,132.500000,8526.990000,6.614526,12.075891,10.770858,29.461275,29.804693,0.972707,19.414054,0.155996,0.444335,0.072329,0.000000,0.089661,198.041946,-0.500000,-0.866025
2013,7,10.000000,135.000000,12.500000,137.500000,1160.820000,7.378405,1.477404,8.233835,17.089644,29.833145,0.934912,18.954396,0.142215,118.939056,0.055084,0.001946,0.090155,197.990921,-0.500000,-0.866025
2013,7,10.000000,150.000000,12.500000,152.500000,1219.370000,3.772440,0.784832,1.488474,6.045745,29.397180,0.880049,20.900687,0.174409,0.334335,0.060563,0.000000,0.081898,198.676819,-0.500000,-0.866025
2013,7,10.000000,155.000000,12.500000,157.500000,1597.480000,1.823497,0.450710,0.886396,3.160603,29.111269,0.842031,22.404359,0.179252,0.264078,0.055063,0.000000,0.084049,199.344009,-0.500000,-0.866025
2013,7,10.000000,170.000000,12.500000,172.500000,1351.480000,3.414775,15.363897,0.664457,19.443129,28.422960,0.771109,32.464183,0.176839,57.223861,0.032708,0.003056,0.068288,200.844574,-0.500000,-0.866025
2013,7,10.000000,-170.000000,12.500000,-167.500000,2127.560000,0.917013,23.503450,0.406099,24.826562,,,,,,,,,,-0.500000,-0.866025
2013,7,10.000000,-180.000000,12.500000,-177.500000,1663.330000,1.319642,24.320490,0.805012,26.445143,,,,,,,,,,-0.500000,-0.866025
2013,7,-10.000000,-135.000000,-7.500000,-132.500000,8810.110000,6.119447,19.270247,1.549470,26.939164,,,,,,,,,,-0.500000,-0.866025
2013,7,-10.000000,-140.000000,-7.500000,-137.500000,2454.690000,7.781023,20.142666,1.447433,29.371122,,,,,,,,,,-0.500000,-0.866025
2013,7,-10.000000,-145.000000,-7.500000,-142.500000,2158.990000,2.686905,21.085322,3.756849,27.529076,,,,,,,,,,-0.500000,-0.866025
2013,7,-10.000000,150.000000,-7.500000,152.500000,1540.780000,37.275276,0.000000,1.662794,38.938070,28.224184,0.646302,26.080882,0.330390,130.425081,0.049555,0.218291,0.406175,200.701233,-0.500000,-0.866025
2013,7,-10.000000,-150.000000,-7.500000,-147.500000,11478.960000,3.322862,14.084377,3.238621,20.645860,,,,,,,,,,-0.500000,-0.866025
2013,7,-10.000000,155.000000,-7.500000,157.500000,5891.000000,37.042268,3.683925,5.025632,45.751825,28.929609,0.660069,32.318731,0.209949,130.536068,0.025957,0.147444,0.337906,200.122086,-0.500000,-0.866025
2013,7,-10.000000,-155.000000,-7.500000,-152.500000,17339.040000,3.893583,17.802831,3.829335,25.525750,,,,,,,,,,-0.500000,-0.866025
2013,7,-10.000000,160.000000,-7.500000,162.500000,13671.070000,31.482101,2.476105,2.960266,36.918471,29.312009,0.724296,37.806319,0.223165,130.394127,0.040184,0.035398,0.212102,199.358093,-0.500000,-0.866025
2013,7,-10.000000,-160.000000,-7.500000,-157.500000,3005.120000,3.842442,13.552870,3.721648,21.116960,,,,,,,,,,-0.500000,-0.866025
2013,7,-10.000000,165.000000,-7.500000,167.500000,14703.660000,13.777250,5.289839,10.117481,29.184570,29.230539,0.728750,39.832082,0.189397,0.382886,0.044761,0.000000,0.167498,198.795258,-0.500000,-0.866025
2013,7,-10.000000,-165.000000,-7.500000,-162.500000,1702.890000,5.278086,13.385480,6.464892,25.128458,,,,,,,,,,-0.500000,-0.866025
2013,7,-10.000000,170.000000,-7.500000,172.500000,13739.910000,6.071219,5.755715,13.830003,25.656937,29.324719,0.726826,37.952820,0.179771,0.362632,0.034141,0.000000,0.142255,198.742401,-0.500000,-0.866025
2013,7,-10.000000,-170.000000,-7.500000,-167.500000,3741.550000,13.212706,11.269126,13.496546,37.978378,,,,,,,,,,-0.500000,-0.866025
2013,7,-10.000000,175.000000,-7.500000,177.500000,7238.880000,5.761941,6.972073,16.845562,29.579576,29.326899,0.706227,32.515820,0.152639,0.601480,0.028947,0.000000,0.136365,198.743668,-0.500000,-0.866025
2013,7,-10.000000,-175.000000,-7.500000,-172.500000,3010.110000,15.899087,8.096382,3.155699,27.151167,,,,,,,,,,-0.500000,-0.866025
2013,7,-10.000000,-180.000000,-7.500000,-177.500000,7222.620000,11.143325,9.822474,12.109733,33.075532,,,,,,,,,,-0.500000,-0.866025
2013,7,15.000000,110.000000,17.500000,112.500000,14600.620000,19.857924,3.224726,0.000000,23.082650,29.584159,0.745003,16.475903,0.241548,128.542490,0.115008,0.122584,0.094858,199.383072,-0.500000,-0.866025
2013,7,15.000000,115.000000,17.500000,117.500000,14600.620000,19.857924,3.224726,0.000000,23.082650,29.996043,0.809962,19.716913,0.193389,136.488696,0.078788,0.065181,0.084388,198.257370,-0.500000,-0.866025
2013,7,15.000000,125.000000,17.500000,127.500000,1702.470000,9.112642,2.167439,0.181501,11.461582,29.952968,1.157190,21.681071,0.207520,0.791140,0.080628,0.005833,0.093911,197.967133,-0.500000,-0.866025
2013,7,15.000000,130.000000,17.500000,132.500000,3206.300000,1.518261,0.386739,3.476281,5.381281,29.909543,1.091148,20.825789,0.182370,0.773879,0.076093,0.002222,0.090121,198.009506,-0.500000,-0.866025
2013,7,15.000000,135.000000,17.500000,137.500000,2844.850000,1.327311,1.035204,15.040512,17.403027,30.096698,1.061469,19.332332,0.192758,0.471969,0.069402,0.000000,0.093338,197.625061,-0.500000,-0.866025
2013,7,15.000000,140.000000,17.500000,142.500000,1938.030000,4.214589,1.195544,28.521746,33.931879,30.104383,1.042881,17.787078,0.184993,0.562107,0.080644,0.000000,0.094231,197.524704,-0.500000,-0.866025
2013,7,15.000000,145.000000,17.500000,147.500000,1394.040000,2.068090,0.438294,27.106109,29.612493,29.980073,1.004990,19.192013,0.159875,94.599131,0.079557,0.001946,0.089727,197.927567,-0.500000,-0.866025
2013,7,15.000000,150.000000,17.500000,152.500000,10022.580000,2.463038,1.039253,26.398592,29.900884,29.650563,1.017163,21.860706,0.145879,0.991150,0.044224,0.006667,0.083129,198.264999,-0.500000,-0.866025
2013,7,15.000000,155.000000,17.500000,157.500000,2625.720000,2.801517,1.403044,23.506695,27.711256,29.209665,0.953422,23.461487,0.168487,1.002379,0.067214,0.014167,0.077989,198.933670,-0.500000,-0.866025
2013,7,15.000000,-160.000000,17.500000,-157.500000,1498.110000,11.120679,2.682046,1.535268,15.337993,,,,,,,,,,-0.500000,-0.866025
2013,7,-15.000000,-135.000000,-12.500000,-132.500000,14930.940000,3.591468,10.795502,7.063453,21.450424,,,,,,,,,,-0.500000,-0.866025
2013,7,-15.000000,150.000000,-12.500000,152.500000,1474.630000,22.357473,0.000000,15.213986,37.571459,26.683344,0.691639,42.537652,0.234007,121.825644,0.047264,0.324675,0.140151,205.018143,-0.500000,-0.866025
2013,7,-15.000000,-150.000000,-12.500000,-147.500000,3165.940000,2.277996,10.091474,13.694195,26.063665,,,,,,,,,,-0.500000,-0.866025
2013,7,-15.000000,155.000000,-12.500000,157.500000,10221.200000,33.769127,3.136129,14.704242,51.609498,27.495105,0.660817,46.260213,0.188824,1.753412,0.032027,0.036111,0.202648,202.818375,-0.500000,-0.866025
2013,7,-15.000000,-155.000000,-12.500000,-152.500000,2540.750000,4.567549,12.012988,6.141100,22.721637,,,,,,,,,,-0.500000,-0.866025
2013,7,-15.000000,160.000000,-12.500000,162.500000,18619.950000,6.458449,1.300003,18.365517,26.123969,27.826006,0.697860,41.504574,0.175810,128.602372,0.031572,0.172617,0.104168,201.814392,-0.500000,-0.866025
2013,7,-15.000000,-160.000000,-12.500000,-157.500000,17001.120000,1.628304,1.994280,19.074508,22.697093,,,,,,,,,,-0.500000,-0.866025
2013,7,-15.000000,165.000000,-12.500000,167.500000,11412.680000,6.861140,1.299607,15.760978,23.921726,28.130903,0.743780,42.654390,0.131988,121.437482,0.024339,0.032384,0.083351,201.136337,-0.500000,-0.866025
2013,7,-15.000000,-165.000000,-12.500000,-162.500000,14426.210000,3.351677,1.389000,21.965575,26.706252,,,,,,,,,,-0.500000,-0.866025
2013,7,-15.000000,170.000000,-12.500000,172.500000,9125.760000,6.311584,1.323177,15.508517,23.143278,28.361685,0.760562,49.167780,0.096599,0.712822,0.023295,0.000556,0.073846,200.698944,-0.500000,-0.866025
2013,7,-15.000000,-170.000000,-12.500000,-167.500000,15724.670000,6.216410,1.194556,32.233999,39.644966,,,,,,,,,,-0.500000,-0.866025
2013,7,-15.000000,175.000000,-12.500000,177.500000,2530.800000,2.735104,1.738581,19.383594,23.857278,28.412161,0.723481,38.278393,0.113930,0.956805,0.016036,0.005833,0.074817,200.428131,-0.500000,-0.866025
2013,7,-15.000000,-175.000000,-12.500000,-172.500000,8461.180000,4.121056,0.672601,41.178299,45.971957,,,,,,,,,,-0.500000,-0.866025
2013,7,20.000000,120.000000,22.500000,122.500000,1612.750000,13.192993,0.332972,0.082468,13.608433,29.710264,1.028559,15.807677,0.440106,134.215425,0.233015,0.189623,0.147091,199.380447,-0.500000,-0.866025
2013,7,20.000000,140.000000,22.500000,142.500000,1930.880000,4.173227,9.398305,8.472303,22.043835,29.794683,0.950992,13.689490,0.165338,57.369742,0.066250,0.126980,0.091158,199.532761,-0.500000,-0.866025
2013,7,20.000000,145.000000,22.500000,147.500000,2229.580000,3.470609,0.952197,12.504597,16.927403,29.629794,0.932057,14.529736,0.191011,1.959717,0.101535,0.145278,0.093363,199.652771,-0.500000,-0.866025
2013,7,20.000000,150.000000,22.500000,152.500000,5885.040000,2.870159,0.808831,18.875488,22.554477,29.142328,0.931211,15.860852,0.210921,2.122777,0.093637,0.141111,0.087393,199.506363,-0.500000,-0.866025
2013,7,20.000000,155.000000,22.500000,157.500000,1499.320000,2.011579,1.455326,14.141744,17.608649,28.954918,0.873795,17.643938,0.216493,0.941433,0.090455,0.055000,0.085702,199.934067,-0.500000,-0.866025
2013,7,-20.000000,-150.000000,-17.500000,-147.500000,5275.370000,2.476793,2.825394,25.296235,30.598422,,,,,,,,,,-0.500000,-0.866025
2013,7,-20.000000,-155.000000,-17.500000,-152.500000,6469.090000,1.153331,2.374059,20.790559,24.317949,,,,,,,,,,-0.500000,-0.866025
2013,7,-20.000000,160.000000,-17.500000,162.500000,3920.560000,5.727498,0.992970,36.328739,43.049207,25.406189,0.691227,48.674184,0.123578,49.478423,0.030016,0.352598,0.072919,209.995804,-0.500000,-0.866025
2013,7,-20.000000,-160.000000,-17.500000,-157.500000,2275.490000,1.589108,1.902887,22.061182,25.553178,,,,,,,,,,-0.500000,-0.866025
2013,7,-20.000000,165.000000,-17.500000,167.500000,9499.010000,3.798185,1.237076,25.539609,30.574870,26.050633,0.715676,45.150961,0.128621,121.393794,0.039345,0.354626,0.067914,207.785385,-0.500000,-0.866025
2013,7,-20.000000,-165.000000,-17.500000,-162.500000,14027.730000,2.755043,1.315822,26.912052,30.982917,,,,,,,,,,-0.500000,-0.866025
2013,7,-20.000000,170.000000,-17.500000,172.500000,6070.680000,3.522175,0.822148,19.172317,23.516641,26.453673,0.766242,54.884066,0.102192,3.045349,0.027965,0.313056,0.059260,206.446930,-0.500000,-0.866025
2013,7,-20.000000,-170.000000,-17.500000,-167.500000,15531.810000,2.882665,1.587001,25.835688,30.305354,,,,,,,,,,-0.500000,-0.866025
2013,7,-20.000000,175.000000,-17.500000,177.500000,8567.430000,2.007837,1.541186,15.267356,18.816378,26.410566,0.750382,52.572280,0.106745,119.167388,0.020418,0.304258,0.082225,206.581650,-0.500000,-0.866025
2013,7,-20.000000,-175.000000,-17.500000,-172.500000,8398.920000,4.537845,1.837379,23.206674,29.581899,,,,,,,,,,-0.500000,-0.866025
2013,7,-20.000000,-180.000000,-17.500000,-177.500000,9941.610000,6.268602,1.678400,14.259159,22.206162,,,,,,,,,,-0.500000,-0.866025
2013,7,25.000000,125.000000,27.500000,127.500000,2921.850000,12.826805,0.413779,0.176943,13.417527,29.039391,0.908086,13.268653,0.271377,131.402069,0.210970,0.227183,0.130273,200.831879,-0.500000,-0.866025
2013,7,25.000000,130.000000,27.500000,132.500000,3299.790000,8.675401,0.114553,0.312444,9.102397,28.562102,1.011516,11.352394,0.201585,58.877125,0.109369,0.180884,0.126857,203.280853,-0.500000,-0.866025
2013,7,25.000000,135.000000,27.500000,137.500000,1781.300000,1.009375,0.156066,0.012351,1.177792,27.878316,1.027830,11.370434,0.187435,4.131464,0.106615,0.310556,0.116319,205.412323,-0.500000,-0.866025
2013,7,25.000000,145.000000,27.500000,147.500000,5652.490000,1.336225,0.282353,0.089164,1.707743,27.759414,0.820460,11.153498,0.187521,2.786763,0.102539,0.251389,0.106726,207.537231,-0.500000,-0.866025
2013,7,25.000000,150.000000,27.500000,152.500000,2205.470000,0.986638,0.103379,0.039447,1.129464,27.459361,0.853798,11.558250,0.173681,2.333859,0.069428,0.296111,0.099653,206.870331,-0.500000,-0.866025
2013,7,25.000000,-155.000000,27.500000,-152.500000,8934.060000,0.163084,15.472697,0.173605,15.809386,,,,,,,,,,-0.500000,-0.866025
2013,7,-25.000000,160.000000,-22.500000,162.500000,3029.580000,2.486813,0.760501,50.075588,53.322903,22.435605,0.611338,60.905946,0.127220,109.351515,0.060771,0.407543,0.097991,219.437653,-0.500000,-0.866025
2013,7,-25.000000,165.000000,-22.500000,167.500000,1995.530000,12.077493,1.581034,33.536955,47.195482,23.093458,0.674042,66.306106,0.163560,108.125663,0.094352,0.377173,0.086639,218.223022,-0.500000,-0.866025
2013,7,-25.000000,170.000000,-22.500000,172.500000,14788.100000,0.162631,0.456245,18.205246,18.824122,23.113906,0.652243,55.345489,0.154452,2.875816,0.079711,0.454444,0.060439,218.644180,-0.500000,-0.866025
2013,7,-25.000000,-170.000000,-22.500000,-167.500000,2433.020000,0.790787,1.291399,28.113620,30.195806,,,,,,,,,,-0.500000,-0.866025
2013,7,-25.000000,175.000000,-22.500000,177.500000,9706.710000,0.447010,1.323311,26.381132,28.151454,23.654824,0.720317,64.240660,0.130640,3.845791,0.052457,0.393889,0.059975,216.153046,-0.500000,-0.866025
2013,7,-25.000000,-175.000000,-22.500000,-172.500000,3557.620000,1.274729,1.533328,18.689742,21.497799,,,,,,,,,,-0.500000,-0.866025
2013,7,-25.000000,-180.000000,-22.500000,-177.500000,1561.730000,5.392738,1.359390,12.103885,18.856012,,,,,,,,,,-0.500000,-0.866025
2013,7,30.000000,130.000000,32.500000,132.500000,5350.300000,11.481038,0.065043,0.497729,12.043811,27.446230,0.783142,10.797908,0.518679,128.985762,0.444539,0.759923,0.255695,207.054871,-0.500000,-0.866025
2013,7,30.000000,150.000000,32.500000,152.500000,2118.680000,0.137822,0.749051,0.246852,1.133725,25.002053,0.901535,11.336525,0.261517,2.508913,0.167331,0.301111,0.107406,219.572983,-0.500000,-0.866025
2013,7,-30.000000,-135.000000,-27.500000,-132.500000,3065.920000,0.175151,0.225055,31.565077,31.965283,,,,,,,,,,-0.500000,-0.866025
2013,7,-30.000000,-140.000000,-27.500000,-137.500000,3646.350000,0.283845,0.515310,31.251800,32.050955,,,,,,,,,,-0.500000,-0.866025
2013,7,-30.000000,150.000000,-27.500000,152.500000,2228.580000,13.122706,15.840580,16.520834,45.484120,21.709142,0.599939,66.443283,0.388384,93.729370,0.149662,0.550204,0.498488,215.633118,-0.500000,-0.866025
2013,7,-30.000000,155.000000,-27.500000,157.500000,1540.530000,10.480159,7.738246,34.049321,52.267726,21.233143,0.673194,93.637107,0.200926,2.069199,0.108995,0.246389,0.382842,224.277618,-0.500000,-0.866025
2013,7,-30.000000,-155.000000,-27.500000,-152.500000,9829.440000,0.777867,0.681931,35.754936,37.214735,,,,,,,,,,-0.500000,-0.866025
2013,7,-30.000000,160.000000,-27.500000,162.500000,11363.830000,1.348137,2.301689,64.779216,68.429042,20.381490,0.563130,88.322478,0.144482,1.898974,0.069882,0.315833,0.172154,230.180923,-0.500000,-0.866025
2013,7,-30.000000,-160.000000,-27.500000,-157.500000,9763.460000,0.501564,0.832287,43.444742,44.778593,,,,,,,,,,-0.500000,-0.866025
2013,7,-30.000000,-165.000000,-27.500000,-162.500000,9116.670000,0.263364,0.760914,43.774317,44.798594,,,,,,,,,,-0.500000,-0.866025
2013,7,-30.000000,170.000000,-27.500000,172.500000,8892.030000,0.327597,3.421716,21.777929,25.527242,20.219579,0.535704,86.961141,0.123378,2.990716,0.049191,0.431667,0.105801,230.346588,-0.500000,-0.866025
2013,7,-30.000000,-170.000000,-27.500000,-167.500000,2337.260000,1.455551,1.311365,38.262324,41.029239,,,,,,,,,,-0.500000,-0.866025
2013,7,-30.000000,175.000000,-27.500000,177.500000,3477.070000,0.054644,10.960953,14.721878,25.737474,19.913759,0.480704,73.234932,0.133774,2.926740,0.061180,0.563889,0.100156,231.378220,-0.500000,-0.866025
2013,7,-30.000000,-175.000000,-27.500000,-172.500000,8337.690000,0.799982,1.385036,25.046985,27.232003,,,,,,,,,,-0.500000,-0.866025
2013,7,-30.000000,-180.000000,-27.500000,-177.500000,1431.910000,1.117389,0.817090,22.701147,24.635627,,,,,,,,,,-0.500000,-0.866025
2013,7,35.000000,145.000000,37.500000,147.500000,4653.530000,0.000000,0.000000,0.024283,0.024283,22.875697,0.282628,11.215553,0.473291,7.833634,0.377504,0.680278,0.174064,223.086441,-0.500000,-0.866025
2013,7,35.000000,150.000000,37.500000,152.500000,3020.650000,0.025491,0.044361,0.642908,0.712760,22.058158,0.210500,10.862852,0.303614,7.308465,0.247707,0.631667,0.167782,229.139847,-0.500000,-0.866025
2013,7,35.000000,155.000000,37.500000,157.500000,2020.590000,0.021281,0.062358,4.057231,4.140870,21.638975,0.232049,10.886843,0.298945,5.963440,0.212202,0.612500,0.150168,229.409134,-0.500000,-0.866025
2013,7,-35.000000,150.000000,-32.500000,152.500000,1086.000000,23.040516,15.711786,20.545120,59.297422,20.050896,0.503554,77.361254,0.369529,90.167611,0.225994,0.552924,0.529828,219.540665,-0.500000,-0.866025
2013,7,-35.000000,160.000000,-32.500000,162.500000,5988.710000,0.928414,4.903059,59.704177,65.535650,18.542692,0.478436,113.912038,0.165411,2.752030,0.092816,0.425278,0.441392,228.241516,-0.500000,-0.866025
2013,7,-35.000000,165.000000,-32.500000,167.500000,1048.460000,1.187456,11.602732,28.369227,41.159415,17.771172,0.426568,116.960413,0.153045,3.343607,0.095495,0.443889,0.369330,233.829773,-0.500000,-0.866025
2013,7,-35.000000,-165.000000,-32.500000,-162.500000,1384.910000,0.161021,0.660693,27.880512,28.702226,,,,,,,,,,-0.500000,-0.866025
2013,7,-35.000000,170.000000,-32.500000,172.500000,2725.060000,0.000000,13.083749,13.486676,26.570424,17.470404,0.418430,124.942204,0.130940,71.282993,0.083326,0.421273,0.358318,234.585892,-0.500000,-0.866025
2013,7,-35.000000,175.000000,-32.500000,177.500000,2179.390000,0.000000,14.128724,6.697746,20.826470,17.232900,0.375539,114.028517,0.145611,3.649138,0.076043,0.359167,0.317501,237.369995,-0.500000,-0.866025
2013,7,-35.000000,-175.000000,-32.500000,-172.500000,1099.000000,0.115560,2.127389,18.653321,20.896269,,,,,,,,,,-0.500000,-0.866025
2013,7,-40.000000,155.000000,-37.500000,157.500000,4167.140000,0.023277,0.533699,35.874245,36.431221,,,,,,,,,,-0.500000,-0.866025
2013,7,-40.000000,175.000000,-37.500000,177.500000,2853.650000,0.000000,0.163650,7.264030,7.427680,,,,,,,,,,-0.500000,-0.866025
2013,8,0.000000,120.000000,2.500000,122.500000,16270.810000,14.797235,3.723724,0.000000,18.520959,29.203106,0.654785,16.318879,0.248756,133.111568,0.020952,0.086592,0.101646,201.045212,-0.866025,-0.500000
2013,8,0.000000,125.000000,2.500000,127.500000,21607.130000,14.846581,3.674343,0.000000,18.520923,29.023294,0.656773,23.041476,0.290517,133.372287,0.017632,0.127344,0.114930,200.493210,-0.866025,-0.500000
2013,8,0.000000,130.000000,2.500000,132.500000,7280.780000,14.396260,7.877865,0.000000,22.274124,29.186954,0.676311,24.820436,0.382218,117.144173,0.025970,0.016116,0.130348,200.020020,-0.866025,-0.500000
2013,8,0.000000,135.000000,2.500000,137.500000,7787.130000,19.807940,3.309435,0.019519,23.136894,29.394378,0.651888,20.246404,0.366195,0.638451,0.045090,0.003056,0.122131,200.169632,-0.866025,-0.500000
2013,8,0.000000,140.000000,2.500000,142.500000,2428.010000,11.149048,9.771377,0.069604,20.990029,29.530596,0.688188,18.683475,0.343378,0.399333,0.025069,0.000000,0.110348,199.998581,-0.866025,-0.500000
2013,8,0.000000,145.000000,2.500000,147.500000,3402.480000,9.473972,27.752992,0.096400,37.323364,29.822342,0.674421,20.056426,0.291770,0.305528,0.031960,0.000000,0.087089,199.468185,-0.866025,-0.500000
2013,8,0.000000,150.000000,2.500000,152.500000,2542.570000,15.535855,27.224423,0.918755,43.679033,30.047295,0.687403,18.610188,0.209086,0.282813,0.020040,0.000000,0.092135,199.462494,-0.866025,-0.500000
2013,8,0.000000,155.000000,2.500000,157.500000,3972.300000,19.408151,6.944591,0.136948,26.489691,29.951514,0.685762,19.240904,0.317864,0.292369,0.013356,0.000000,0.116164,199.291687,-0.866025,-0.500000
2013,8,0.000000,160.000000,2.500000,162.500000,5036.440000,13.676525,7.214421,0.354020,21.244967,29.684915,0.670938,21.675518,0.280845,0.281053,0.013629,0.000000,0.140295,198.782013,-0.866025,-0.500000
2013,8,0.000000,165.000000,2.500000,167.500000,8232.560000,5.419821,9.171388,0.123655,14.714864,29.403985,0.654325,20.804879,0.304574,93.661073,0.014734,0.002779,0.187834,198.421326,-0.866025,-0.500000
2013,8,0.000000,-165.000000,2.500000,-162.500000,1315.190000,11.456900,13.856553,0.000000,25.313453,,,,,,,,,,-0.866025,-0.500000
2013,8,5.000000,125.000000,7.500000,127.500000,7803.240000,12.607968,6.657491,0.024349,19.289808,29.440344,0.737812,24.241567,0.215692,132.808954,0.059879,0.086567,0.100533,199.909073,-0.866025,-0.500000
2013,8,5.000000,130.000000,7.500000,132.500000,12975.190000,8.874321,16.418642,0.005395,25.298358,29.567518,0.690679,28.368521,0.140812,132.567802,0.045421,0.009197,0.085633,199.687027,-0.866025,-0.500000
2013,8,5.000000,135.000000,7.500000,137.500000,1335.870000,11.959248,9.780143,0.000000,21.739391,29.652775,0.675535,20.073582,0.198543,132.936634,0.062400,0.006954,0.086135,199.144928,-0.866025,-0.500000
2013,8,5.000000,155.000000,7.500000,157.500000,1884.090000,9.379594,11.898052,0.449023,21.726669,29.617239,0.636194,18.366298,0.169452,125.947284,0.030836,0.003336,0.067190,197.915161,-0.866025,-0.500000
2013,8,5.000000,165.000000,7.500000,167.500000,3899.900000,3.411882,10.166415,0.427960,14.006257,29.352596,0.592966,18.865022,0.217085,131.670945,0.037033,0.043343,0.176050,200.822891,-0.866025,-0.500000
2013,8,5.000000,170.000000,7.500000,172.500000,4373.180000,1.945266,12.390069,0.261823,14.597158,29.176064,0.567604,18.926413,0.248003,131.087239,0.046438,0.027848,0.214416,202.002045,-0.866025,-0.500000
2013,8,5.000000,-180.000000,7.500000,-177.500000,2821.380000,2.168442,2.068491,0.358690,4.595623,,,,,,,,,,-0.866025,-0.500000
2013,8,-5.000000,120.000000,-2.500000,122.500000,21345.260000,14.997100,3.523827,0.000000,18.520927,28.084297,0.603564,18.253440,0.110964,131.916562,0.027117,0.289157,0.099734,202.691132,-0.866025,-0.500000
2013,8,-5.000000,125.000000,-2.500000,127.500000,32017.880000,14.997089,3.523812,0.000000,18.520901,27.947630,0.597345,21.298047,0.171154,128.493648,0.031622,0.320124,0.118876,201.781418,-0.866025,-0.500000
2013,8,-5.000000,130.000000,-2.500000,132.500000,10672.630000,14.997053,3.523780,0.000000,18.520833,28.006254,0.610081,20.699745,0.196009,131.149491,0.058285,0.419528,0.250443,201.852585,-0.866025,-0.500000
2013,8,-5.000000,140.000000,-2.500000,142.500000,3105.290000,10.794161,2.103507,0.026407,12.924075,29.203372,0.697479,21.528514,0.372883,128.666366,0.008669,0.112832,0.141291,200.041733,-0.866025,-0.500000
2013,8,-5.000000,145.000000,-2.500000,147.500000,1134.570000,24.190663,0.074918,0.000000,24.265581,29.389305,0.692200,25.678930,0.287257,126.480745,0.009602,0.072427,0.199532,200.181976,-0.866025,-0.500000
2013,8,-5.000000,155.000000,-2.500000,157.500000,1046.230000,15.797674,4.961624,1.437542,22.196840,29.787926,0.697536,26.442764,0.320391,0.856994,0.015831,0.018611,0.179352,199.846191,-0.866025,-0.500000
2013,8,-5.000000,-155.000000,-2.500000,-152.500000,1788.530000,1.042756,22.125433,0.975102,24.143291,,,,,,,,,,-0.866025,-0.500000
2013,8,-5.000000,160.000000,-2.500000,162.500000,11965.680000,12.966752,5.664283,1.682813,20.313848,29.735714,0.693454,30.779190,0.340804,0.276218,0.025370,0.000000,0.161686,199.625778,-0.866025,-0.500000
2013,8,-5.000000,-160.000000,-2.500000,-157.500000,7669.480000,2.347617,31.939454,1.188738,35.475808,,,,,,,,,,-0.866025,-0.500000
2013,8,-5.000000,165.000000,-2.500000,167.500000,2765.770000,3.554164,5.025725,2.871533,11.451422,29.539807,0.676689,27.419992,0.380887,0.336861,0.028735,0.000000,0.164629,199.384415,-0.866025,-0.500000
2013,8,-5.000000,-165.000000,-2.500000,-162.500000,8997.080000,2.960183,18.088647,0.685222,21.734051,,,,,,,,,,-0.866025,-0.500000
2013,8,-5.000000,-170.000000,-2.500000,-167.500000,4813.050000,4.108206,22.074360,0.471427,26.653993,,,,,,,,,,-0.866025,-0.500000
2013,8,-5.000000,-175.000000,-2.500000,-172.500000,3820.040000,13.234940,15.762400,0.563083,29.560423,,,,,,,,,,-0.866025,-0.500000
2013,8,-5.000000,-180.000000,-2.500000,-177.500000,1291.190000,7.601515,15.133327,0.697031,23.431873,,,,,,,,,,-0.866025,-0.500000
2013,8,10.000000,110.000000,12.500000,112.500000,17494.220000,16.573360,2.691346,0.000000,19.264706,28.568391,0.692507,20.104874,0.281701,3.315025,0.076854,0.228889,0.117677,202.464767,-0.866025,-0.500000
2013,8,10.000000,115.000000,12.500000,117.500000,17494.220000,16.573360,2.691346,0.000000,19.264706,28.911576,0.785337,27.532737,0.117858,132.377703,0.022803,0.055335,0.085759,200.305069,-0.866025,-0.500000
2013,8,10.000000,125.000000,12.500000,127.500000,1343.980000,8.439858,4.925669,1.613863,14.979390,29.721311,0.959558,22.448512,0.147728,132.231405,0.077246,0.051534,0.091775,198.411728,-0.866025,-0.500000
2013,8,10.000000,130.000000,12.500000,132.500000,3888.410000,2.226103,2.890385,6.465882,11.582369,29.808249,0.940221,23.641588,0.146353,0.509062,0.071990,0.000000,0.087396,198.296814,-0.866025,-0.500000
2013,8,10.000000,150.000000,12.500000,152.500000,1519.410000,1.648008,0.496245,0.407395,2.551648,29.643636,0.864053,19.664772,0.168448,0.690531,0.061689,0.002500,0.083583,198.325348,-0.866025,-0.500000
2013,8,10.000000,-165.000000,12.500000,-162.500000,1958.400000,2.894199,9.537888,21.047794,33.479882,,,,,,,,,,-0.866025,-0.500000
2013,8,10.000000,-170.000000,12.500000,-167.500000,1286.280000,2.745125,19.612371,0.318749,22.676245,,,,,,,,,,-0.866025,-0.500000
2013,8,-10.000000,-135.000000,-7.500000,-132.500000,11278.320000,4.673657,13.611513,2.124430,20.409600,,,,,,,,,,-0.866025,-0.500000
2013,8,-10.000000,-140.000000,-7.500000,-137.500000,2861.560000,3.467689,19.847915,3.367394,26.682998,,,,,,,,,,-0.866025,-0.500000
2013,8,-10.000000,-145.000000,-7.500000,-142.500000,1629.770000,2.702835,19.594176,1.995374,24.292385,,,,,,,,,,-0.866025,-0.500000
2013,8,-10.000000,-150.000000,-7.500000,-147.500000,14900.440000,2.136514,22.523764,1.125403,25.785681,,,,,,,,,,-0.866025,-0.500000
2013,8,-10.000000,155.000000,-7.500000,157.500000,9437.050000,31.534325,2.990659,1.918820,36.443804,28.804447,0.669400,28.884265,0.193957,130.344331,0.050180,0.193817,0.377250,200.569504,-0.866025,-0.500000
2013,8,-10.000000,-155.000000,-7.500000,-152.500000,26750.510000,4.128669,22.288211,1.872824,28.289704,,,,,,,,,,-0.866025,-0.500000
2013,8,-10.000000,160.000000,-7.500000,162.500000,14866.620000,16.173212,3.557029,3.107566,22.837807,29.308548,0.731359,34.369436,0.148741,131.246432,0.019345,0.053097,0.194226,199.433792,-0.866025,-0.500000
2013,8,-10.000000,-160.000000,-7.500000,-157.500000,4960.490000,6.248778,18.406649,2.223772,26.879199,,,,,,,,,,-0.866025,-0.500000
2013,8,-10.000000,165.000000,-7.500000,167.500000,10704.920000,9.548040,4.928108,6.853204,21.329351,29.295925,0.735262,33.230293,0.108297,0.625407,0.008275,0.002222,0.144317,198.768555,-0.866025,-0.500000
2013,8,-10.000000,-165.000000,-7.500000,-162.500000,14690.340000,8.214105,14.198991,11.042563,33.455659,,,,,,,,,,-0.866025,-0.500000
2013,8,-10.000000,170.000000,-7.500000,172.500000,13731.670000,8.182763,4.335525,13.155283,25.673571,29.431683,0.733821,33.014374,0.085591,0.457089,0.012547,0.000000,0.143503,198.911819,-0.866025,-0.500000
2013,8,-10.000000,-170.000000,-7.500000,-167.500000,11557.930000,7.861788,8.699828,6.314539,22.876155,,,,,,,,,,-0.866025,-0.500000
2013,8,-10.000000,175.000000,-7.500000,177.500000,6259.120000,8.607600,3.912052,15.145739,27.665391,29.340970,0.695002,29.008777,0.086994,0.671463,0.018823,0.001111,0.136763,199.015686,-0.866025,-0.500000
2013,8,-10.000000,-175.000000,-7.500000,-172.500000,5086.690000,12.331005,10.357423,5.628021,28.316449,,,,,,,,,,-0.866025,-0.500000
2013,8,-10.000000,-180.000000,-7.500000,-177.500000,3694.570000,7.679919,8.670292,4.608655,20.958867,,,,,,,,,,-0.866025,-0.500000
2013,8,15.000000,110.000000,17.500000,112.500000,17494.220000,16.573360,2.691346,0.000000,19.264706,29.057084,0.707667,17.117610,0.219618,124.302622,0.089232,0.143352,0.103464,201.206863,-0.866025,-0.500000
2013,8,15.000000,115.000000,17.500000,117.500000,17494.220000,16.573360,2.691346,0.000000,19.264706,29.322092,0.813120,26.636624,0.174187,133.379568,0.061027,0.059331,0.086210,199.842026,-0.866025,-0.500000
2013,8,15.000000,135.000000,17.500000,137.500000,1711.500000,1.838738,0.186970,2.605901,4.631610,30.224506,1.072419,22.946572,0.174290,0.411006,0.064126,0.000000,0.091877,197.199417,-0.866025,-0.500000
2013,8,15.000000,140.000000,17.500000,142.500000,2680.340000,4.893036,0.834969,26.259355,31.987360,30.354422,1.071958,19.239590,0.182399,0.355038,0.074909,0.000000,0.093149,197.096680,-0.866025,-0.500000
2013,8,15.000000,145.000000,17.500000,147.500000,1162.190000,1.972999,1.196018,27.571223,30.740240,30.281972,1.045292,20.778288,0.146334,95.848485,0.059250,0.001946,0.088569,197.296158,-0.866025,-0.500000
2013,8,15.000000,150.000000,17.500000,152.500000,6367.740000,2.214758,1.476191,22.060260,25.751208,30.049923,0.994201,22.497568,0.133736,1.005091,0.056657,0.008056,0.084827,197.580292,-0.866025,-0.500000
2013,8,15.000000,155.000000,17.500000,157.500000,2261.120000,2.290016,1.673949,19.591618,23.555583,29.700292,0.972997,21.334347,0.165616,0.559803,0.066085,0.000000,0.080850,198.164825,-0.866025,-0.500000
2013,8,15.000000,160.000000,17.500000,162.500000,1282.940000,4.433567,1.586200,51.514490,57.534257,29.435978,0.931979,23.359165,0.142213,0.576491,0.055397,0.000000,0.073282,198.666000,-0.866025,-0.500000
2013,8,15.000000,-160.000000,17.500000,-157.500000,1687.470000,3.504655,3.971034,0.456304,7.931993,,,,,,,,,,-0.866025,-0.500000
2013,8,-15.000000,-135.000000,-12.500000,-132.500000,16216.060000,3.466502,15.890173,11.662697,31.019372,,,,,,,,,,-0.866025,-0.500000
2013,8,-15.000000,-145.000000,-12.500000,-142.500000,2189.250000,2.841156,23.907274,8.716684,35.465114,,,,,,,,,,-0.866025,-0.500000
2013,8,-15.000000,150.000000,-12.500000,152.500000,1963.700000,30.702755,0.000000,10.352396,41.055151,26.161837,0.664195,41.693223,0.198870,120.494440,0.038700,0.255505,0.135603,206.272125,-0.866025,-0.500000
2013,8,-15.000000,-150.000000,-12.500000,-147.500000,3673.570000,2.049233,16.041072,4.929809,23.020114,,,,,,,,,,-0.866025,-0.500000
2013,8,-15.000000,155.000000,-12.500000,157.500000,7578.500000,13.043610,3.851158,17.880319,34.775087,27.268482,0.674619,45.317022,0.211104,1.295826,0.051416,0.054722,0.189826,204.175293,-0.866025,-0.500000
2013,8,-15.000000,-155.000000,-12.500000,-152.500000,4429.810000,3.437845,16.967545,4.182346,24.587736,,,,,,,,,,-0.866025,-0.500000
2013,8,-15.000000,160.000000,-12.500000,162.500000,10032.840000,7.616986,1.300629,14.967148,23.884762,27.705509,0.721002,42.814502,0.164925,129.081628,0.033623,0.219005,0.106824,203.259842,-0.866025,-0.500000
2013,8,-15.000000,-160.000000,-12.500000,-157.500000,16486.490000,2.795865,1.688716,26.695980,31.180561,,,,,,,,,,-0.866025,-0.500000
2013,8,-15.000000,165.000000,-12.500000,167.500000,8839.690000,7.052397,0.491646,15.058220,22.602263,27.824499,0.743363,39.185018,0.130592,120.644067,0.025301,0.054439,0.079335,202.668121,-0.866025,-0.500000
2013,8,-15.000000,-165.000000,-12.500000,-162.500000,22825.240000,3.007373,1.270085,30.186101,34.463559,,,,,,,,,,-0.866025,-0.500000
2013,8,-15.000000,170.000000,-12.500000,172.500000,6427.040000,3.237416,1.725211,12.366657,17.329284,28.096644,0.720183,33.702100,0.119178,0.820268,0.023323,0.014722,0.074972,201.798599,-0.866025,-0.500000
2013,8,-15.000000,-170.000000,-12.500000,-167.500000,11949.950000,2.855828,1.815740,19.139411,23.810978,,,,,,,,,,-0.866025,-0.500000
2013,8,-15.000000,175.000000,-12.500000,177.500000,3316.190000,2.608114,1.612393,21.926970,26.147476,28.451582,0.723805,32.565286,0.109513,1.340046,0.020792,0.062500,0.074474,201.071518,-0.866025,-0.500000
2013,8,-15.000000,-175.000000,-12.500000,-172.500000,8140.110000,1.018291,0.634635,21.892333,23.545259,,,,,,,,,,-0.866025,-0.500000
2013,8,20.000000,120.000000,22.500000,122.500000,1140.940000,10.808631,0.644206,0.250670,11.703508,29.753057,1.005688,17.523575,0.432957,134.752958,0.215959,0.137107,0.135201,198.742767,-0.866025,-0.500000
2013,8,20.000000,130.000000,22.500000,132.500000,1050.580000,2.678520,1.770451,18.073826,22.522797,29.986320,0.983934,13.081590,0.200985,0.681906,0.122055,0.005833,0.090288,198.394455,-0.866025,-0.500000
2013,8,20.000000,140.000000,22.500000,142.500000,1808.030000,5.074031,5.215621,4.810761,15.100413,30.351484,1.002041,14.880933,0.166905,60.760890,0.096865,0.044457,0.084600,198.027527,-0.866025,-0.500000
2013,8,20.000000,145.000000,22.500000,147.500000,3008.650000,2.189022,1.292939,8.480880,11.962840,30.082854,0.999440,16.213213,0.184438,1.441810,0.088006,0.105556,0.085404,198.325668,-0.866025,-0.500000
2013,8,20.000000,150.000000,22.500000,152.500000,1847.660000,3.585075,1.576048,16.196162,21.357284,29.779466,0.956229,15.185545,0.209378,1.739906,0.100640,0.064722,0.086540,198.581329,-0.866025,-0.500000
2013,8,20.000000,-155.000000,22.500000,-152.500000,1128.030000,0.398926,2.671915,0.079785,3.150625,,,,,,,,,,-0.866025,-0.500000
2013,8,-20.000000,-135.000000,-17.500000,-132.500000,4609.000000,0.929486,1.836407,27.052289,29.818182,,,,,,,,,,-0.866025,-0.500000
2013,8,-20.000000,-140.000000,-17.500000,-137.500000,2643.000000,1.311767,6.977299,31.103670,39.392736,,,,,,,,,,-0.866025,-0.500000
2013,8,-20.000000,-150.000000,-17.500000,-147.500000,4442.940000,1.279558,4.206674,22.009975,27.496207,,,,,,,,,,-0.866025,-0.500000
2013,8,-20.000000,155.000000,-17.500000,157.500000,1042.470000,13.043061,2.861473,33.042677,48.947212,24.818326,0.715666,44.751581,0.128928,2.492477,0.033259,0.446389,0.094331,213.408340,-0.866025,-0.500000
2013,8,-20.000000,-155.000000,-17.500000,-152.500000,6193.060000,2.029691,4.109762,16.747940,22.887393,,,,,,,,,,-0.866025,-0.500000
2013,8,-20.000000,160.000000,-17.500000,162.500000,5366.900000,5.294490,1.548380,46.196314,53.039185,25.018289,0.703572,43.624045,0.126038,48.462439,0.034511,0.384273,0.078584,212.042923,-0.866025,-0.500000
2013,8,-20.000000,-160.000000,-17.500000,-157.500000,4890.440000,0.371337,0.318581,41.218377,41.908295,,,,,,,,,,-0.866025,-0.500000
2013,8,-20.000000,165.000000,-17.500000,167.500000,5229.020000,3.422821,1.327591,22.047726,26.798138,25.806734,0.750920,43.660310,0.117511,119.872926,0.044299,0.419651,0.067347,209.811829,-0.866025,-0.500000
2013,8,-20.000000,-165.000000,-17.500000,-162.500000,5600.490000,1.208823,1.054193,35.083002,37.346018,,,,,,,,,,-0.866025,-0.500000
2013,8,-20.000000,170.000000,-17.500000,172.500000,4701.600000,2.703973,1.418241,21.710056,25.832270,25.836037,0.754361,43.295128,0.110612,2.634494,0.033411,0.381389,0.058850,208.539413,-0.866025,-0.500000
2013,8,-20.000000,-170.000000,-17.500000,-167.500000,2479.470000,1.801998,1.128870,16.391810,19.322678,,,,,,,,,,-0.866025,-0.500000
2013,8,-20.000000,175.000000,-17.500000,177.500000,7963.800000,3.428514,1.425199,11.273889,16.127602,26.206558,0.745754,32.952194,0.086093,121.782997,0.025826,0.326579,0.088866,208.423737,-0.866025,-0.500000
2013,8,-20.000000,-175.000000,-17.500000,-172.500000,8024.660000,4.875845,1.812039,19.974553,26.662438,,,,,,,,,,-0.866025,-0.500000
2013,8,-20.000000,-180.000000,-17.500000,-177.500000,10582.980000,6.027981,1.499861,10.585676,18.113518,,,,,,,,,,-0.866025,-0.500000
2013,8,25.000000,125.000000,27.500000,127.500000,1301.410000,11.758016,0.633928,0.113723,12.505667,29.885414,0.921190,13.909191,0.260224,135.606247,0.207020,0.150239,0.119059,198.413422,-0.866025,-0.500000
2013,8,25.000000,145.000000,27.500000,147.500000,5954.510000,1.262237,0.214123,0.016626,1.492986,28.665783,0.876380,11.592584,0.165845,2.172940,0.072394,0.170278,0.097833,203.305939,-0.866025,-0.500000
2013,8,25.000000,150.000000,27.500000,152.500000,1861.730000,3.075097,0.319595,0.017188,3.411880,28.555179,0.893272,11.453258,0.139487,1.816311,0.061117,0.231667,0.096056,204.305603,-0.866025,-0.500000
2013,8,25.000000,155.000000,27.500000,157.500000,1110.450000,1.504795,0.197217,0.000000,1.702013,28.490287,0.834879,11.533496,0.141724,1.791830,0.065080,0.221111,0.093206,203.845505,-0.866025,-0.500000
2013,8,25.000000,-155.000000,27.500000,-152.500000,10267.050000,0.476768,10.083714,0.084737,10.645219,,,,,,,,,,-0.866025,-0.500000
2013,8,25.000000,-160.000000,27.500000,-157.500000,1188.220000,1.035162,11.420444,0.328222,12.783828,,,,,,,,,,-0.866025,-0.500000
2013,8,-25.000000,-135.000000,-22.500000,-132.500000,1452.000000,0.000000,1.033058,23.415978,24.449036,,,,,,,,,,-0.866025,-0.500000
2013,8,-25.000000,-140.000000,-22.500000,-137.500000,1330.000000,0.306767,2.593985,48.496241,51.396992,,,,,,,,,,-0.866025,-0.500000
2013,8,-25.000000,155.000000,-22.500000,157.500000,1111.650000,11.761796,8.505375,45.056448,65.323618,22.384894,0.668225,46.040765,0.173859,45.391996,0.070307,0.325646,0.286866,220.493729,-0.866025,-0.500000
2013,8,-25.000000,-155.000000,-22.500000,-152.500000,1842.140000,1.062351,4.026838,29.015167,34.104357,,,,,,,,,,-0.866025,-0.500000
2013,8,-25.000000,160.000000,-22.500000,162.500000,4847.220000,0.927336,0.575175,28.298901,29.801412,22.193673,0.589524,42.290170,0.133446,106.221909,0.062879,0.435970,0.102411,221.806381,-0.866025,-0.500000
2013,8,-25.000000,165.000000,-22.500000,167.500000,4272.810000,2.323529,0.944811,21.370714,24.639055,22.559361,0.636032,45.722732,0.141117,105.792759,0.100514,0.500000,0.092758,220.515060,-0.866025,-0.500000
2013,8,-25.000000,-165.000000,-22.500000,-162.500000,3017.030000,1.534622,1.378839,20.743247,23.656709,,,,,,,,,,-0.866025,-0.500000
2013,8,-25.000000,170.000000,-22.500000,172.500000,2325.680000,0.550377,2.523133,26.897940,29.971449,23.059518,0.674662,40.402439,0.170464,2.374405,0.072071,0.558889,0.064715,220.355042,-0.866025,-0.500000
2013,8,-25.000000,-170.000000,-22.500000,-167.500000,3868.680000,0.874717,1.314660,15.750075,17.939452,,,,,,,,,,-0.866025,-0.500000
2013,8,-25.000000,175.000000,-22.500000,177.500000,3691.880000,1.697238,1.626543,30.517514,33.841295,23.353612,0.711483,46.605835,0.134543,2.038313,0.057748,0.507778,0.060065,218.416245,-0.866025,-0.500000
2013,8,-25.000000,-175.000000,-22.500000,-172.500000,2079.620000,1.730605,1.057886,13.839548,16.628038,,,,,,,,,,-0.866025,-0.500000
2013,8,-25.000000,-180.000000,-22.500000,-177.500000,1793.850000,4.286312,1.946094,30.276779,36.509184,,,,,,,,,,-0.866025,-0.500000
2013,8,30.000000,145.000000,32.500000,147.500000,1559.980000,0.371800,0.107694,0.000000,0.479493,27.182609,1.066337,11.330463,0.179735,2.262661,0.167821,0.206389,0.117327,209.741714,-0.866025,-0.500000
2013,8,30.000000,-155.000000,32.500000,-152.500000,2256.990000,0.988042,12.309315,0.398761,13.696117,,,,,,,,,,-0.866025,-0.500000
2013,8,30.000000,160.000000,32.500000,162.500000,1139.540000,0.101795,0.000000,0.094775,0.196571,26.724649,0.797513,10.727469,0.228694,2.327465,0.176868,0.269444,0.093132,210.670059,-0.866025,-0.500000
2013,8,30.000000,-165.000000,32.500000,-162.500000,1435.510000,1.302673,8.415824,0.125391,9.843888,,,,,,,,,,-0.866025,-0.500000
2013,8,-30.000000,-140.000000,-27.500000,-137.500000,2597.960000,0.121249,0.243653,22.223976,22.588877,,,,,,,,,,-0.866025,-0.500000
2013,8,-30.000000,150.000000,-27.500000,152.500000,1580.830000,22.413542,10.524851,14.930764,47.869157,22.028768,0.610463,48.026918,0.354136,96.505322,0.130072,0.813061,0.505704,218.700333,-0.866025,-0.500000
2013,8,-30.000000,155.000000,-27.500000,157.500000,2807.290000,10.601683,6.781273,43.221399,60.604355,20.594516,0.587027,70.434010,0.224025,4.307329,0.106306,0.357778,0.392440,227.776840,-0.866025,-0.500000
2013,8,-30.000000,-155.000000,-27.500000,-152.500000,9718.220000,1.301267,1.442239,30.755426,33.498933,,,,,,,,,,-0.866025,-0.500000
2013,8,-30.000000,160.000000,-27.500000,162.500000,5406.610000,0.987125,3.167049,62.281171,66.435345,20.051444,0.549957,67.276574,0.156361,2.883027,0.072532,0.379167,0.217794,232.066254,-0.866025,-0.500000
2013,8,-30.000000,-160.000000,-27.500000,-157.500000,3853.080000,2.063804,1.231482,39.928836,43.224122,,,,,,,,,,-0.866025,-0.500000
2013,8,-30.000000,165.000000,-27.500000,167.500000,3000.000000,0.201333,1.776667,15.750667,17.728667,19.903855,0.521541,59.572346,0.135191,78.942383,0.071404,0.419193,0.178706,232.699234,-0.866025,-0.500000
2013,8,-30.000000,-165.000000,-27.500000,-162.500000,3550.320000,2.736091,1.741815,43.739156,48.217062,,,,,,,,,,-0.866025,-0.500000
2013,8,-30.000000,170.000000,-27.500000,172.500000,6457.860000,0.297312,4.725714,29.915638,34.938664,19.736865,0.516989,57.995556,0.134065,2.745050,0.049226,0.494167,0.135093,232.703705,-0.866025,-0.500000
2013,8,-30.000000,-170.000000,-27.500000,-167.500000,4511.250000,1.659185,1.677584,49.343973,52.680743,,,,,,,,,,-0.866025,-0.500000
2013,8,-30.000000,175.000000,-27.500000,177.500000,11784.880000,0.108699,9.155630,16.279589,25.543917,19.790775,0.481204,44.767773,0.156284,4.135645,0.069420,0.680000,0.120820,233.906998,-0.866025,-0.500000
2013,8,-30.000000,-175.000000,-27.500000,-172.500000,4340.610000,1.221487,1.901115,22.570560,25.693163,,,,,,,,,,-0.866025,-0.500000
2013,8,35.000000,145.000000,37.500000,147.500000,3355.630000,0.000000,0.200856,0.000000,0.200856,25.124130,0.342124,11.583598,0.467984,6.346954,0.381114,0.768056,0.127081,214.595978,-0.866025,-0.500000
2013,8,35.000000,150.000000,37.500000,152.500000,2471.760000,0.064731,6.651940,0.008091,6.724763,24.122679,0.298496,11.096276,0.314731,4.328879,0.261298,0.661111,0.111686,220.863342,-0.866025,-0.500000
2013,8,35.000000,155.000000,37.500000,157.500000,13952.360000,0.046014,9.679223,0.040352,9.765588,23.926321,0.306811,10.846957,0.340464,4.836987,0.225198,0.619167,0.096884,219.897446,-0.866025,-0.500000
2013,8,35.000000,160.000000,37.500000,162.500000,4453.750000,0.050968,6.085658,0.621274,6.757901,24.345482,0.417608,10.657615,0.366526,8.058506,0.255865,0.387222,0.094822,219.371719,-0.866025,-0.500000
2013,8,35.000000,165.000000,37.500000,167.500000,4822.350000,0.087509,13.125343,0.041059,13.253911,23.956595,0.372337,10.535668,0.274844,4.396521,0.199164,0.537222,0.124219,220.819687,-0.866025,-0.500000
2013,8,35.000000,170.000000,37.500000,172.500000,1900.700000,0.000000,0.489293,0.000000,0.489293,24.149599,0.379079,10.554615,0.234247,3.826552,0.162028,0.456389,0.162743,222.862518,-0.866025,-0.500000
2013,8,-35.000000,160.000000,-32.500000,162.500000,3589.090000,4.719581,8.007044,43.893856,56.620480,18.140045,0.434335,90.193220,0.183531,3.936808,0.100492,0.523611,0.442439,231.477982,-0.866025,-0.500000
2013,8,40.000000,150.000000,42.500000,152.500000,1401.860000,0.000000,0.206868,0.000000,0.206868,17.770366,-0.065505,10.694195,0.127773,7.993012,0.100496,0.843889,0.303907,248.921921,-0.866025,-0.500000
2013,8,40.000000,155.000000,42.500000,157.500000,2199.820000,0.226382,0.000000,0.000000,0.226382,18.191884,-0.016660,10.729800,0.116266,5.185090,0.111194,0.683056,0.221930,245.794144,-0.866025,-0.500000
2013,8,40.000000,160.000000,42.500000,162.500000,1231.660000,0.000000,0.000000,0.000000,0.000000,17.675058,-0.037867,10.552623,0.094501,6.105010,0.056327,0.751389,0.221045,243.773178,-0.866025,-0.500000
2013,8,40.000000,170.000000,42.500000,172.500000,1554.400000,0.024447,0.137030,0.016083,0.177560,18.321504,0.079823,10.548257,0.164583,6.653695,0.136370,0.775833,0.306951,252.747864,-0.866025,-0.500000
2013,8,-40.000000,155.000000,-37.500000,157.500000,1092.920000,0.048494,0.879296,32.554990,33.482780,,,,,,,,,,-0.866025,-0.500000
2013,8,-40.000000,175.000000,-37.500000,177.500000,1277.520000,0.000000,1.203112,8.442138,9.645250,,,,,,,,,,-0.866025,-0.500000
2013,9,0.000000,120.000000,2.500000,122.500000,16158.960000,14.899659,3.749499,0.000000,18.649158,29.476951,0.666985,14.631883,0.213550,134.813504,0.024004,0.100559,0.104153,201.275238,-1.000000,-0.000000
2013,9,0.000000,125.000000,2.500000,127.500000,21458.590000,14.949351,3.699777,0.000000,18.649128,29.103853,0.690202,17.169524,0.353616,132.387013,0.046481,0.157592,0.141043,200.896545,-1.000000,-0.000000
2013,9,0.000000,130.000000,2.500000,132.500000,6481.070000,14.174048,4.733941,0.124054,19.032043,29.518438,0.718656,17.267126,0.476998,116.874265,0.028774,0.014448,0.134431,200.673737,-1.000000,-0.000000
2013,9,0.000000,135.000000,2.500000,137.500000,4081.960000,25.974042,3.806750,0.067370,29.848161,29.666198,0.709571,15.683929,0.525164,0.781678,0.030099,0.000278,0.150321,200.919250,-1.000000,-0.000000
2013,9,0.000000,140.000000,2.500000,142.500000,4834.770000,6.007938,23.112992,0.029784,29.150715,29.701991,0.716224,15.646035,0.394312,0.363461,0.024104,0.000000,0.131230,200.459686,-1.000000,-0.000000
2013,9,0.000000,145.000000,2.500000,147.500000,4725.490000,3.593701,23.019835,0.039784,26.653321,29.981434,0.714119,15.653665,0.506676,0.783326,0.020904,0.007222,0.107608,199.758698,-1.000000,-0.000000
2013,9,0.000000,155.000000,2.500000,157.500000,5033.030000,11.151334,10.982450,0.110868,22.244652,30.298960,0.718566,17.170732,0.406716,0.432707,0.019934,0.000000,0.130331,199.818451,-1.000000,-0.000000
2013,9,0.000000,-155.000000,2.500000,-152.500000,1310.740000,1.609778,17.905916,0.000000,19.515693,,,,,,,,,,-1.000000,-0.000000
2013,9,0.000000,160.000000,2.500000,162.500000,3793.540000,13.121517,6.395346,0.452875,19.969738,30.085841,0.704680,17.235668,0.422064,0.379919,0.024287,0.000000,0.143967,198.997482,-1.000000,-0.000000
2013,9,0.000000,-160.000000,2.500000,-157.500000,1944.340000,16.768158,11.522162,0.000000,28.290320,,,,,,,,,,-1.000000,-0.000000
2013,9,0.000000,-165.000000,2.500000,-162.500000,1796.400000,14.956580,15.545536,0.000000,30.502115,,,,,,,,,,-1.000000,-0.000000
2013,9,0.000000,170.000000,2.500000,172.500000,1483.320000,13.564841,12.581237,0.168541,26.314619,29.430339,0.681059,17.941103,0.558718,132.147549,0.033892,0.053307,0.244960,199.029327,-1.000000,-0.000000
2013,9,0.000000,-175.000000,2.500000,-172.500000,1750.510000,3.363020,6.442694,0.260496,10.066209,,,,,,,,,,-1.000000,-0.000000
2013,9,5.000000,125.000000,7.500000,127.500000,4630.360000,8.785494,6.433193,0.054639,15.273326,29.638817,0.737733,20.654503,0.387488,133.290070,0.057854,0.105141,0.108572,199.981842,-1.000000,-0.000000
2013,9,5.000000,130.000000,7.500000,132.500000,10895.690000,10.112531,18.122946,0.533697,28.769174,29.660795,0.703115,25.610712,0.169417,132.884552,0.032535,0.007804,0.091198,199.560211,-1.000000,-0.000000
2013,9,5.000000,135.000000,7.500000,137.500000,3538.080000,5.934009,13.020621,0.012153,18.966784,29.869658,0.679928,23.630750,0.117545,134.356608,0.034360,0.006954,0.088806,199.119461,-1.000000,-0.000000
2013,9,5.000000,155.000000,7.500000,157.500000,1335.460000,5.100115,12.673536,0.000000,17.773651,30.099405,0.657358,17.750837,0.151086,127.984773,0.023153,0.003336,0.079891,197.643082,-1.000000,-0.000000
2013,9,5.000000,165.000000,7.500000,167.500000,4496.020000,4.668574,10.489722,0.697951,15.856246,29.928044,0.624631,16.636263,0.194171,134.481409,0.032144,0.041643,0.119715,199.255417,-1.000000,-0.000000
2013,9,5.000000,170.000000,7.500000,172.500000,9703.630000,3.253422,2.807712,0.906568,6.967702,29.708552,0.597739,17.766409,0.221994,134.101434,0.038955,0.027848,0.175533,201.303329,-1.000000,-0.000000
2013,9,5.000000,175.000000,7.500000,177.500000,1068.560000,2.292805,1.044396,0.000000,3.337201,29.550111,0.613894,22.973572,0.214973,0.500958,0.068307,0.000000,0.159874,201.237518,-1.000000,-0.000000
2013,9,5.000000,-180.000000,7.500000,-177.500000,3128.040000,1.146085,2.055920,0.319369,3.521374,,,,,,,,,,-1.000000,-0.000000
2013,9,-5.000000,120.000000,-2.500000,122.500000,21198.520000,15.100913,3.548219,0.000000,18.649132,28.368815,0.611196,16.562420,0.126243,133.223446,0.020327,0.349799,0.102727,202.848129,-1.000000,-0.000000
2013,9,-5.000000,125.000000,-2.500000,127.500000,31797.780000,15.100897,3.548204,0.000000,18.649101,28.169774,0.607522,16.659800,0.267126,129.193946,0.028798,0.312693,0.127879,202.046417,-1.000000,-0.000000
2013,9,-5.000000,130.000000,-2.500000,132.500000,10599.260000,15.100866,3.548172,0.000000,18.649038,28.239954,0.634505,15.345685,0.222897,131.360453,0.058355,0.376914,0.234201,201.632324,-1.000000,-0.000000
2013,9,-5.000000,140.000000,-2.500000,142.500000,1961.050000,11.075699,0.228449,1.620560,12.924709,29.488245,0.723952,22.633257,0.517737,131.048597,0.014739,0.092035,0.249136,200.069290,-1.000000,-0.000000
2013,9,-5.000000,-155.000000,-2.500000,-152.500000,3656.060000,1.653693,23.063899,1.068363,25.785955,,,,,,,,,,-1.000000,-0.000000
2013,9,-5.000000,160.000000,-2.500000,162.500000,6405.950000,10.528181,7.490224,0.440060,18.458464,29.905651,0.704019,24.180833,0.398687,0.455796,0.027947,0.000000,0.173945,199.693710,-1.000000,-0.000000
2013,9,-5.000000,-160.000000,-2.500000,-157.500000,8868.390000,1.807431,23.233078,0.435705,25.476214,,,,,,,,,,-1.000000,-0.000000
2013,9,-5.000000,165.000000,-2.500000,167.500000,2838.770000,10.782135,8.531160,0.332891,19.646185,29.671047,0.690886,24.468216,0.430239,0.384115,0.034202,0.000000,0.179797,199.385864,-1.000000,-0.000000
2013,9,-5.000000,-165.000000,-2.500000,-162.500000,7800.480000,2.958536,11.810299,3.797971,18.566806,,,,,,,,,,-1.000000,-0.000000
2013,9,-5.000000,170.000000,-2.500000,172.500000,7410.660000,5.422189,4.584477,5.844554,15.851220,29.337932,0.670402,26.538474,0.442266,129.948779,0.031869,0.020624,0.179258,199.766754,-1.000000,-0.000000
2013,9,-5.000000,-170.000000,-2.500000,-167.500000,5889.750000,2.424381,27.409143,0.847574,30.681099,,,,,,,,,,-1.000000,-0.000000
2013,9,-5.000000,-175.000000,-2.500000,-172.500000,5497.620000,8.502770,13.815251,1.964123,24.282144,,,,,,,,,,-1.000000,-0.000000
2013,9,-5.000000,-180.000000,-2.500000,-177.500000,2812.090000,17.953551,10.905768,9.003624,37.862942,,,,,,,,,,-1.000000,-0.000000
2013,9,10.000000,110.000000,12.500000,112.500000,17504.510000,16.563617,2.689764,0.000000,19.253381,29.048356,0.716533,16.500172,0.322521,1.419625,0.100529,0.070833,0.137589,202.752563,-1.000000,-0.000000
2013,9,10.000000,115.000000,12.500000,117.500000,17504.510000,16.563617,2.689764,0.000000,19.253381,29.216339,0.797442,22.313067,0.120894,134.216121,0.019749,0.055619,0.091085,200.809448,-1.000000,-0.000000
2013,9,10.000000,125.000000,12.500000,127.500000,1436.240000,7.152704,1.823511,11.091461,20.067677,29.719292,0.941080,26.757727,0.124615,133.668759,0.058119,0.041401,0.100037,198.581253,-1.000000,-0.000000
2013,9,10.000000,130.000000,12.500000,132.500000,3252.440000,8.049341,2.296430,7.657943,18.003714,29.827567,0.927637,27.401087,0.120661,0.243949,0.075622,0.000000,0.089893,198.319962,-1.000000,-0.000000
2013,9,10.000000,170.000000,12.500000,172.500000,2894.640000,4.237142,11.458420,1.932537,17.628099,29.165598,0.679898,22.089373,0.166952,58.753340,0.066507,0.003056,0.090170,199.812576,-1.000000,-0.000000
2013,9,10.000000,-170.000000,12.500000,-167.500000,3518.220000,1.529751,10.752028,0.221703,12.503482,,,,,,,,,,-1.000000,-0.000000
2013,9,-10.000000,-135.000000,-7.500000,-132.500000,10207.550000,3.046177,15.868058,1.644959,20.559194,,,,,,,,,,-1.000000,-0.000000
2013,9,-10.000000,-140.000000,-7.500000,-137.500000,1015.900000,13.186337,21.254060,4.031893,38.472291,,,,,,,,,,-1.000000,-0.000000
2013,9,-10.000000,-145.000000,-7.500000,-142.500000,5332.650000,1.821608,5.052647,1.616270,8.490525,,,,,,,,,,-1.000000,-0.000000
2013,9,-10.000000,150.000000,-7.500000,152.500000,1046.330000,28.885724,0.000000,0.934696,29.820420,28.121393,0.650318,24.840238,0.285118,129.746695,0.040217,0.388606,0.343821,201.151794,-1.000000,-0.000000
2013,9,-10.000000,-150.000000,-7.500000,-147.500000,20562.080000,3.745487,9.378964,1.193799,14.318250,,,,,,,,,,-1.000000,-0.000000
2013,9,-10.000000,155.000000,-7.500000,157.500000,4377.750000,33.029524,3.586774,1.700645,38.316944,28.772874,0.677759,33.287812,0.124569,130.142110,0.039788,0.167658,0.391238,200.619476,-1.000000,-0.000000
2013,9,-10.000000,-155.000000,-7.500000,-152.500000,12710.460000,9.907116,34.547924,2.573786,47.028825,,,,,,,,,,-1.000000,-0.000000
2013,9,-10.000000,160.000000,-7.500000,162.500000,9411.880000,17.543041,3.540738,1.352758,22.436538,29.099235,0.693836,33.944983,0.159895,128.304294,0.019547,0.072509,0.204309,199.584167,-1.000000,-0.000000
2013,9,-10.000000,-160.000000,-7.500000,-157.500000,4317.590000,7.206567,26.629902,0.857886,34.694355,,,,,,,,,,-1.000000,-0.000000
2013,9,-10.000000,165.000000,-7.500000,167.500000,6057.580000,11.543554,5.217430,5.823613,22.584596,29.370264,0.714095,32.042275,0.092182,1.061947,0.015468,0.032778,0.144888,198.830139,-1.000000,-0.000000
2013,9,-10.000000,-165.000000,-7.500000,-162.500000,3505.790000,3.894415,10.265874,2.304759,16.465048,,,,,,,,,,-1.000000,-0.000000
2013,9,-10.000000,170.000000,-7.500000,172.500000,12975.800000,5.627399,4.457143,23.771020,33.855562,29.482623,0.709954,33.213465,0.088306,0.865823,0.010431,0.011667,0.144339,198.792084,-1.000000,-0.000000
2013,9,-10.000000,-170.000000,-7.500000,-167.500000,6637.000000,5.152780,7.449450,4.367636,16.969866,,,,,,,,,,-1.000000,-0.000000
2013,9,-10.000000,175.000000,-7.500000,177.500000,4494.970000,7.343987,3.272102,16.401667,27.017755,29.486741,0.714326,33.787213,0.121107,0.408450,0.013812,0.000000,0.140019,198.927673,-1.000000,-0.000000
2013,9,-10.000000,-175.000000,-7.500000,-172.500000,2133.310000,12.226071,13.417647,5.916627,31.560345,,,,,,,,,,-1.000000,-0.000000
2013,9,-10.000000,-180.000000,-7.500000,-177.500000,7508.010000,10.046337,6.972287,13.628778,30.647402,,,,,,,,,,-1.000000,-0.000000
2013,9,15.000000,110.000000,17.500000,112.500000,17504.510000,16.563617,2.689764,0.000000,19.253381,29.104754,0.714345,16.442541,0.175816,127.493262,0.066725,0.033747,0.093688,200.827057,-1.000000,-0.000000
2013,9,15.000000,115.000000,17.500000,117.500000,18774.650000,15.970311,2.574322,0.010227,18.554860,29.312940,0.769534,17.975785,0.150249,133.360910,0.064891,0.020334,0.086868,200.198746,-1.000000,-0.000000
2013,9,15.000000,130.000000,17.500000,132.500000,1355.370000,0.126903,0.344555,1.738271,2.209729,29.795365,1.036720,20.205034,0.123121,0.784618,0.044087,0.005000,0.092501,198.332397,-1.000000,-0.000000
2013,9,15.000000,135.000000,17.500000,137.500000,1380.660000,2.762447,1.282720,16.550056,20.595223,30.114737,1.059743,21.717142,0.175532,0.756017,0.068203,0.006111,0.090522,197.240860,-1.000000,-0.000000
2013,9,15.000000,140.000000,17.500000,142.500000,3403.870000,4.557460,0.758255,25.627594,30.943309,30.230986,1.043355,22.813180,0.179913,0.540896,0.078081,0.000000,0.089934,197.047638,-1.000000,-0.000000
2013,9,15.000000,150.000000,17.500000,152.500000,2231.700000,2.784424,2.624009,14.455796,19.864229,30.019085,0.988856,27.286092,0.166066,0.529897,0.069995,0.000000,0.082818,197.165466,-1.000000,-0.000000
2013,9,15.000000,155.000000,17.500000,157.500000,2663.340000,2.553936,1.305128,22.449255,26.308320,29.953339,0.969253,25.731174,0.146498,0.605980,0.064759,0.000278,0.078816,197.390778,-1.000000,-0.000000
2013,9,15.000000,160.000000,17.500000,162.500000,1401.610000,3.213447,1.426930,27.239389,31.879767,29.653040,0.919368,25.802299,0.135850,0.706982,0.065696,0.008333,0.072741,197.505219,-1.000000,-0.000000
2013,9,-15.000000,-135.000000,-12.500000,-132.500000,12041.680000,1.151999,15.024399,2.755346,18.931744,,,,,,,,,,-1.000000,-0.000000
2013,9,-15.000000,-140.000000,-12.500000,-137.500000,1044.360000,2.575740,29.045540,20.613582,52.234862,,,,,,,,,,-1.000000,-0.000000
2013,9,-15.000000,-145.000000,-12.500000,-142.500000,3618.910000,2.764921,15.318701,8.632157,26.715779,,,,,,,,,,-1.000000,-0.000000
2013,9,-15.000000,150.000000,-12.500000,152.500000,1757.340000,27.876791,0.000000,8.058771,35.935562,26.382786,0.703659,32.087819,0.225104,119.519278,0.037965,0.243648,0.140224,206.062897,-1.000000,-0.000000
2013,9,-15.000000,-150.000000,-12.500000,-147.500000,6914.950000,2.347812,15.091649,6.865126,24.304586,,,,,,,,,,-1.000000,-0.000000
2013,9,-15.000000,155.000000,-12.500000,157.500000,4306.030000,11.211952,2.045968,17.365415,30.623335,27.448314,0.715105,43.357309,0.218527,2.140321,0.052981,0.095278,0.164359,204.407410,-1.000000,-0.000000
2013,9,-15.000000,-155.000000,-12.500000,-152.500000,5193.500000,3.280639,9.601810,1.861750,14.744199,,,,,,,,,,-1.000000,-0.000000
2013,9,-15.000000,160.000000,-12.500000,162.500000,11122.180000,4.764534,1.212352,23.075872,29.052758,27.472188,0.749685,44.114392,0.179400,126.846667,0.044323,0.129604,0.109922,204.153534,-1.000000,-0.000000
2013,9,-15.000000,-160.000000,-12.500000,-157.500000,13552.630000,1.904870,2.492579,19.370189,23.767638,,,,,,,,,,-1.000000,-0.000000
2013,9,-15.000000,165.000000,-12.500000,167.500000,9929.320000,5.021391,0.237277,20.401397,25.660065,27.430507,0.723356,39.979505,0.164316,119.319329,0.040011,0.101619,0.075731,203.312393,-1.000000,-0.000000
2013,9,-15.000000,-165.000000,-12.500000,-162.500000,11836.550000,1.838965,1.523163,15.415218,18.777346,,,,,,,,,,-1.000000,-0.000000
2013,9,-15.000000,170.000000,-12.500000,172.500000,21083.660000,4.623059,1.794518,20.020480,26.438057,27.913791,0.702819,35.353109,0.167379,1.163437,0.042704,0.068056,0.076669,202.073822,-1.000000,-0.000000
2013,9,-15.000000,-170.000000,-12.500000,-167.500000,20517.970000,2.317919,1.372845,16.588142,20.278907,,,,,,,,,,-1.000000,-0.000000
2013,9,-15.000000,175.000000,-12.500000,177.500000,3469.280000,2.020592,2.452094,21.634172,26.106858,28.487896,0.727039,37.119029,0.151515,1.078198,0.035329,0.050556,0.069576,200.829178,-1.000000,-0.000000
2013,9,-15.000000,-175.000000,-12.500000,-172.500000,9995.220000,2.580734,1.193370,29.033478,32.807582,,,,,,,,,,-1.000000,-0.000000
2013,9,-15.000000,-180.000000,-12.500000,-177.500000,3139.730000,1.668615,0.609925,16.934896,19.213436,,,,,,,,,,-1.000000,-0.000000
2013,9,20.000000,145.000000,22.500000,147.500000,1381.960000,1.604243,1.245333,2.574604,5.424180,29.640118,1.043137,24.564773,0.178641,1.173032,0.080214,0.068611,0.080249,198.724106,-1.000000,-0.000000
2013,9,20.000000,150.000000,22.500000,152.500000,1158.710000,2.034159,2.843680,8.522409,13.400247,29.666156,0.945121,23.679016,0.196623,1.059657,0.096468,0.056667,0.082741,198.188843,-1.000000,-0.000000
2013,9,20.000000,-155.000000,22.500000,-152.500000,1326.350000,0.747917,10.868172,0.067855,11.683945,,,,,,,,,,-1.000000,-0.000000
2013,9,-20.000000,-135.000000,-17.500000,-132.500000,2035.310000,0.303639,4.046067,5.644349,9.994055,,,,,,,,,,-1.000000,-0.000000
2013,9,-20.000000,-145.000000,-17.500000,-142.500000,1838.320000,3.267113,4.245180,13.816419,21.328713,,,,,,,,,,-1.000000,-0.000000
2013,9,-20.000000,-150.000000,-17.500000,-147.500000,5026.750000,0.501716,2.245188,13.614960,16.361864,,,,,,,,,,-1.000000,-0.000000
2013,9,-20.000000,-155.000000,-17.500000,-152.500000,2136.710000,0.245705,2.849708,10.702903,13.798316,,,,,,,,,,-1.000000,-0.000000
2013,9,-20.000000,160.000000,-17.500000,162.500000,2066.790000,7.596805,0.611093,29.062943,37.270840,25.294848,0.734613,34.884846,0.156687,49.169443,0.049351,0.389831,0.080334,212.642593,-1.000000,-0.000000
2013,9,-20.000000,165.000000,-17.500000,167.500000,3970.800000,4.664299,0.957238,16.659363,22.280901,25.461594,0.774968,39.667683,0.119392,118.983958,0.029898,0.304497,0.069541,210.853226,-1.000000,-0.000000
2013,9,-20.000000,-165.000000,-17.500000,-162.500000,1392.890000,0.717214,0.496809,11.160250,12.374272,,,,,,,,,,-1.000000,-0.000000
2013,9,-20.000000,170.000000,-17.500000,172.500000,19693.490000,4.105265,1.635617,25.012479,30.753361,25.625682,0.751772,36.275235,0.137059,2.011711,0.044724,0.405556,0.063570,209.947083,-1.000000,-0.000000
2013,9,-20.000000,-170.000000,-17.500000,-167.500000,3925.130000,1.488613,0.917931,16.790272,19.196816,,,,,,,,,,-1.000000,-0.000000
2013,9,-20.000000,175.000000,-17.500000,177.500000,10171.380000,2.968820,1.085890,14.481123,18.535833,26.210551,0.770913,33.495029,0.105157,120.970764,0.024892,0.316887,0.095782,208.902756,-1.000000,-0.000000
2013,9,-20.000000,-175.000000,-17.500000,-172.500000,9419.330000,3.144597,2.074245,19.719874,24.938716,,,,,,,,,,-1.000000,-0.000000
2013,9,-20.000000,-180.000000,-17.500000,-177.500000,10124.330000,4.803478,1.497679,12.415636,18.716794,,,,,,,,,,-1.000000,-0.000000
2013,9,25.000000,145.000000,27.500000,147.500000,7752.220000,1.468999,0.429683,0.036119,1.934801,28.531906,0.928686,20.148024,0.174919,2.204310,0.064276,0.187778,0.087375,202.316360,-1.000000,-0.000000
2013,9,25.000000,150.000000,27.500000,152.500000,3388.570000,1.572640,0.161720,0.046037,1.780397,28.461936,0.895646,17.323790,0.155877,2.631155,0.070186,0.243333,0.087195,202.918198,-1.000000,-0.000000
2013,9,25.000000,155.000000,27.500000,157.500000,1911.950000,1.054421,0.276681,0.078977,1.410079,28.598881,0.859290,19.408289,0.187565,2.682545,0.082794,0.258611,0.084765,202.317535,-1.000000,-0.000000
2013,9,25.000000,-155.000000,27.500000,-152.500000,2820.880000,0.216245,16.397011,0.035450,16.648705,,,,,,,,,,-1.000000,-0.000000
2013,9,25.000000,160.000000,27.500000,162.500000,1424.560000,1.765457,0.417673,0.000000,2.183130,28.398639,0.867349,19.754166,0.170543,2.345117,0.076631,0.230833,0.082891,202.214294,-1.000000,-0.000000
2013,9,-25.000000,-165.000000,-22.500000,-162.500000,1475.560000,2.359104,1.290358,20.062214,23.711676,,,,,,,,,,-1.000000,-0.000000
2013,9,-25.000000,170.000000,-22.500000,172.500000,2754.000000,0.677197,0.949528,14.145606,15.772331,23.150772,0.715471,33.823327,0.164556,2.433525,0.056901,0.465000,0.070074,220.512573,-1.000000,-0.000000
2013,9,-25.000000,175.000000,-22.500000,177.500000,2376.800000,4.753029,0.750168,16.218445,21.721643,23.526371,0.745478,39.925884,0.144641,3.018122,0.049047,0.393889,0.059877,219.615814,-1.000000,-0.000000
2013,9,-25.000000,-175.000000,-22.500000,-172.500000,1208.220000,1.393786,2.016189,2.958071,6.368046,,,,,,,,,,-1.000000,-0.000000
2013,9,-25.000000,-180.000000,-22.500000,-177.500000,1257.540000,7.556022,0.899375,2.970084,11.425481,,,,,,,,,,-1.000000,-0.000000
2013,9,-30.000000,-135.000000,-27.500000,-132.500000,4628.050000,0.346582,0.513607,33.035080,33.895269,,,,,,,,,,-1.000000,-0.000000
2013,9,-30.000000,-150.000000,-27.500000,-147.500000,5605.640000,0.827916,1.240001,29.771088,31.839005,,,,,,,,,,-1.000000,-0.000000
2013,9,-30.000000,155.000000,-27.500000,157.500000,3434.180000,17.305441,3.885061,17.052106,38.242608,20.950786,0.622358,29.119534,0.206750,4.546476,0.097042,0.408056,0.311857,230.208069,-1.000000,-0.000000
2013,9,-30.000000,-155.000000,-27.500000,-152.500000,4495.310000,0.993035,0.497852,18.201414,19.692302,,,,,,,,,,-1.000000,-0.000000
2013,9,-30.000000,160.000000,-27.500000,162.500000,5747.140000,4.293440,3.684789,29.133447,37.111676,20.373465,0.579478,35.034572,0.188551,3.055510,0.091957,0.381944,0.215079,233.545364,-1.000000,-0.000000
2013,9,-30.000000,-160.000000,-27.500000,-157.500000,3576.230000,2.612807,2.185262,32.946706,37.744776,,,,,,,,,,-1.000000,-0.000000
2013,9,-30.000000,-165.000000,-27.500000,-162.500000,1751.820000,1.085157,2.276490,30.346154,33.707801,,,,,,,,,,-1.000000,-0.000000
2013,9,-30.000000,-170.000000,-27.500000,-167.500000,3818.280000,1.994615,1.428130,32.139602,35.562347,,,,,,,,,,-1.000000,-0.000000
2013,9,-30.000000,175.000000,-27.500000,177.500000,1999.000000,0.994997,3.600300,14.143572,18.738869,20.305533,0.520015,33.393609,0.204307,5.190103,0.105577,0.661111,0.132217,234.605408,-1.000000,-0.000000
2013,9,35.000000,145.000000,37.500000,147.500000,2515.650000,0.331127,8.886769,0.052472,9.270367,25.028798,0.317431,17.549670,0.352825,6.297675,0.342518,0.765278,0.110774,211.251816,-1.000000,-0.000000
2013,9,35.000000,150.000000,37.500000,152.500000,15723.190000,0.177699,10.763973,0.051516,10.993189,25.155124,0.370102,17.323578,0.348720,3.527442,0.230678,0.623611,0.104857,215.947113,-1.000000,-0.000000
2013,9,35.000000,155.000000,37.500000,157.500000,21946.890000,0.169956,10.789775,0.298721,11.258452,24.860631,0.370190,17.585826,0.308982,6.230527,0.215673,0.725000,0.096225,216.762619,-1.000000,-0.000000
2013,9,35.000000,160.000000,37.500000,162.500000,6929.440000,0.757781,6.080867,0.560651,7.399299,24.678247,0.495215,17.521143,0.362419,6.201582,0.254903,0.490556,0.089173,218.037186,-1.000000,-0.000000
2013,9,35.000000,165.000000,37.500000,167.500000,9357.300000,0.119479,12.961324,0.373719,13.454522,23.956146,0.403090,15.408288,0.243066,3.480401,0.178301,0.449167,0.092410,219.327103,-1.000000,-0.000000
2013,9,35.000000,170.000000,37.500000,172.500000,2060.340000,0.393624,11.100595,0.491181,11.985400,24.150586,0.407467,16.275140,0.229660,3.927295,0.167833,0.327778,0.103332,220.968796,-1.000000,-0.000000
2013,9,-35.000000,150.000000,-32.500000,152.500000,1117.980000,29.862788,2.431171,4.478613,36.772572,20.595717,0.486345,31.912494,0.441771,94.514427,0.198567,0.742871,0.631453,229.547119,-1.000000,-0.000000
2013,9,40.000000,150.000000,42.500000,152.500000,2399.330000,0.010836,0.000000,0.000000,0.010836,18.055782,-0.037745,13.158649,0.144831,7.376089,0.127025,0.789722,0.249964,245.086166,-1.000000,-0.000000
2013,9,40.000000,160.000000,42.500000,162.500000,1063.400000,0.000000,0.052661,0.000000,0.052661,17.765180,-0.010249,13.393049,0.107583,6.535385,0.064385,0.758889,0.194149,242.048889,-1.000000,-0.000000
2013,9,40.000000,165.000000,42.500000,167.500000,1512.100000,0.000000,0.000000,0.000000,0.000000,17.836432,0.049667,13.950817,0.151764,6.586624,0.170724,0.703889,0.238714,247.237793,-1.000000,-0.000000
2013,9,40.000000,175.000000,42.500000,177.500000,3085.630000,0.033056,0.860440,0.292647,1.186144,18.314469,0.146276,15.742084,0.137853,7.721507,0.127015,0.784167,0.264838,250.144257,-1.000000,-0.000000
2013,10,0.000000,120.000000,2.500000,122.500000,13740.950000,17.521569,4.409302,0.000000,21.930871,29.665389,0.662481,15.752695,0.244798,137.902200,0.017903,0.096214,0.104948,200.689209,-0.866025,0.500000
2013,10,0.000000,125.000000,2.500000,127.500000,18247.550000,17.580004,4.350831,0.000000,21.930835,29.498308,0.674484,19.804307,0.339297,134.180776,0.035463,0.132486,0.110596,200.248062,-0.866025,0.500000
2013,10,0.000000,130.000000,2.500000,132.500000,5720.590000,19.330698,4.196595,0.000000,23.527294,29.480945,0.700743,24.179157,0.445913,118.769924,0.036282,0.009169,0.120489,199.929565,-0.866025,0.500000
2013,10,0.000000,135.000000,2.500000,137.500000,4971.550000,27.782683,3.874043,0.020919,31.677646,29.582933,0.707716,20.422013,0.345479,0.348711,0.034025,0.000000,0.107586,199.707733,-0.866025,0.500000
2013,10,0.000000,140.000000,2.500000,142.500000,4660.270000,5.088761,20.636787,0.073386,25.798934,29.724954,0.725688,16.901575,0.311125,0.252437,0.026200,0.000000,0.098263,199.559845,-0.866025,0.500000
2013,10,0.000000,145.000000,2.500000,147.500000,1511.310000,3.277951,24.774533,0.271950,28.324434,29.939695,0.736622,17.258006,0.283881,0.324837,0.030986,0.000000,0.088377,199.257797,-0.866025,0.500000
2013,10,0.000000,155.000000,2.500000,157.500000,4107.720000,8.500336,16.650356,0.130486,25.281178,30.345071,0.765636,14.504134,0.268194,0.401968,0.014776,0.000000,0.093007,199.044357,-0.866025,0.500000
2013,10,0.000000,-160.000000,2.500000,-157.500000,1851.620000,6.931768,21.171191,0.008641,28.111600,,,,,,,,,,-0.866025,0.500000
2013,10,0.000000,165.000000,2.500000,167.500000,1448.900000,16.715439,5.929326,0.258817,22.903582,29.893507,0.741196,13.925491,0.294998,95.647441,0.025710,0.004169,0.197031,201.613754,-0.866025,0.500000
2013,10,0.000000,-165.000000,2.500000,-162.500000,4824.880000,8.264869,23.909196,0.014923,32.188987,,,,,,,,,,-0.866025,0.500000
2013,10,0.000000,175.000000,2.500000,177.500000,4486.930000,23.457910,7.370964,2.152920,32.981794,29.293882,0.702368,18.010330,0.315524,0.455354,0.034870,0.000000,0.181256,202.266510,-0.866025,0.500000
2013,10,5.000000,125.000000,7.500000,127.500000,3184.450000,9.969382,3.995980,0.000000,13.965363,29.386003,0.662524,20.678392,0.446660,132.349648,0.069004,0.077944,0.103737,199.621689,-0.866025,0.500000
2013,10,5.000000,130.000000,7.500000,132.500000,6479.250000,7.322452,16.118995,0.313308,23.754756,29.237039,0.614209,28.763697,0.205392,130.570674,0.024489,0.007804,0.082844,199.401108,-0.866025,0.500000
2013,10,5.000000,135.000000,7.500000,137.500000,2737.780000,25.945839,5.091351,0.000000,31.037191,29.306166,0.610103,30.202757,0.159110,130.406899,0.023153,0.006954,0.077982,198.897949,-0.866025,0.500000
2013,10,5.000000,140.000000,7.500000,142.500000,2707.600000,5.056508,17.709041,0.068326,22.833875,29.441425,0.630249,28.331860,0.157642,0.359010,0.028825,0.000000,0.076675,198.726166,-0.866025,0.500000
2013,10,5.000000,165.000000,7.500000,167.500000,4244.740000,8.539274,10.025349,2.138176,20.702799,30.028099,0.638307,20.385371,0.243236,135.167638,0.073419,0.041643,0.099860,198.378632,-0.866025,0.500000
2013,10,5.000000,170.000000,7.500000,172.500000,1973.110000,8.989869,11.424604,3.395655,23.810127,29.847372,0.611705,19.586145,0.229342,134.548879,0.062739,0.027848,0.126654,199.308746,-0.866025,0.500000
2013,10,5.000000,175.000000,7.500000,177.500000,1473.750000,3.174215,1.990161,0.000000,5.164377,29.655442,0.610766,24.062829,0.270291,0.549651,0.099504,0.000000,0.126285,199.867462,-0.866025,0.500000
2013,10,-5.000000,120.000000,-2.500000,122.500000,18026.400000,17.758232,4.172602,0.000000,21.930835,29.371447,0.629231,14.229225,0.130616,136.915493,0.011927,0.330522,0.109277,202.118454,-0.866025,0.500000
2013,10,-5.000000,125.000000,-2.500000,127.500000,27039.600000,17.758214,4.172584,0.000000,21.930798,29.183634,0.633145,14.714977,0.234555,132.457753,0.022497,0.213003,0.114205,201.421448,-0.866025,0.500000
2013,10,-5.000000,130.000000,-2.500000,132.500000,9013.200000,17.758177,4.172547,0.000000,21.930724,29.180068,0.663913,14.020080,0.182144,136.956668,0.043292,0.330575,0.130112,200.404831,-0.866025,0.500000
2013,10,-5.000000,140.000000,-2.500000,142.500000,3721.170000,9.530605,1.305235,1.009091,11.844930,29.970845,0.744318,16.645485,0.205992,134.182340,0.003715,0.078319,0.148093,200.244446,-0.866025,0.500000
2013,10,-5.000000,145.000000,-2.500000,147.500000,1619.490000,6.900938,0.000000,0.000000,6.900938,29.859051,0.732726,17.499934,0.172817,128.969913,0.020291,0.075563,0.163880,200.027588,-0.866025,0.500000
2013,10,-5.000000,-155.000000,-2.500000,-152.500000,8088.830000,1.325903,37.716950,0.209054,39.251907,,,,,,,,,,-0.866025,0.500000
2013,10,-5.000000,160.000000,-2.500000,162.500000,5591.560000,17.335055,8.648392,0.680132,26.663579,30.449336,0.752323,15.464450,0.181092,0.676123,0.014646,0.000556,0.168517,201.756744,-0.866025,0.500000
2013,10,-5.000000,-160.000000,-2.500000,-157.500000,3765.650000,2.954603,24.780848,0.101178,27.836628,,,,,,,,,,-0.866025,0.500000
2013,10,-5.000000,165.000000,-2.500000,167.500000,2388.360000,12.658058,9.447906,2.652866,24.758830,30.165416,0.734885,17.147376,0.292780,0.358371,0.020473,0.000000,0.166363,201.640320,-0.866025,0.500000
2013,10,-5.000000,-165.000000,-2.500000,-162.500000,4592.210000,3.687549,33.966652,2.776659,40.430860,,,,,,,,,,-0.866025,0.500000
2013,10,-5.000000,170.000000,-2.500000,172.500000,3472.420000,10.055811,10.206139,5.080031,25.341981,29.755153,0.713897,19.574716,0.299130,131.874398,0.023470,0.009476,0.173001,201.230515,-0.866025,0.500000
2013,10,-5.000000,-170.000000,-2.500000,-167.500000,2510.700000,2.549886,25.339945,0.145776,28.035608,,,,,,,,,,-0.866025,0.500000
2013,10,-5.000000,175.000000,-2.500000,177.500000,14200.890000,9.284489,16.421083,1.396039,27.101611,29.431311,0.692038,23.029389,0.252930,93.297451,0.023051,0.001668,0.170582,201.842224,-0.866025,0.500000
2013,10,-5.000000,-175.000000,-2.500000,-172.500000,3560.090000,6.275965,14.937544,0.661500,21.875009,,,,,,,,,,-0.866025,0.500000
2013,10,-5.000000,-180.000000,-2.500000,-177.500000,5473.230000,5.922280,15.410461,4.326696,25.659437,,,,,,,,,,-0.866025,0.500000
2013,10,10.000000,110.000000,12.500000,112.500000,15044.930000,19.271476,3.129493,0.000000,22.400968,28.321529,0.692317,18.128928,0.233215,1.245155,0.100083,0.103333,0.118360,204.309128,-0.866025,0.500000
2013,10,10.000000,115.000000,12.500000,117.500000,16044.950000,18.960047,3.051053,0.000000,22.011100,28.796692,0.782218,20.546085,0.124174,131.757114,0.047320,0.101305,0.090517,201.969589,-0.866025,0.500000
2013,10,10.000000,125.000000,12.500000,127.500000,1547.340000,4.030142,1.818605,25.474039,31.322786,29.109232,0.839575,28.759720,0.138148,131.298184,0.044188,0.046902,0.088694,198.927200,-0.866025,0.500000
2013,10,10.000000,155.000000,12.500000,157.500000,1841.140000,9.994894,1.355682,1.628882,12.979458,29.684801,0.756550,28.079277,0.160974,0.253906,0.065268,0.000000,0.086548,198.169922,-0.866025,0.500000
2013,10,10.000000,165.000000,12.500000,167.500000,1993.370000,9.552165,14.557759,3.798592,27.908517,29.353755,0.675641,24.787646,0.170469,131.958894,0.071556,0.031487,0.118682,198.908722,-0.866025,0.500000
2013,10,10.000000,170.000000,12.500000,172.500000,2150.080000,10.672161,10.975871,4.769125,26.417157,29.166533,0.652328,25.463411,0.166934,59.218680,0.065863,0.003056,0.064615,198.900497,-0.866025,0.500000
2013,10,10.000000,175.000000,12.500000,177.500000,5879.450000,5.247770,7.537100,13.810475,26.595345,28.936054,0.608769,24.936633,0.184614,0.472630,0.071419,0.000000,0.080693,200.363846,-0.866025,0.500000
2013,10,10.000000,-180.000000,12.500000,-177.500000,1479.600000,4.207218,13.586780,5.823195,23.617194,,,,,,,,,,-0.866025,0.500000
2013,10,-10.000000,-135.000000,-7.500000,-132.500000,4653.700000,4.171519,15.876829,3.979844,24.028193,,,,,,,,,,-0.866025,0.500000
2013,10,-10.000000,-140.000000,-7.500000,-137.500000,1127.890000,5.194656,12.563282,2.211209,19.969146,,,,,,,,,,-0.866025,0.500000
2013,10,-10.000000,-145.000000,-7.500000,-142.500000,4030.110000,5.303577,14.685455,0.524303,20.513336,,,,,,,,,,-0.866025,0.500000
2013,10,-10.000000,-150.000000,-7.500000,-147.500000,12892.350000,5.449976,19.912817,0.577785,25.940577,,,,,,,,,,-0.866025,0.500000
2013,10,-10.000000,-155.000000,-7.500000,-152.500000,15643.170000,3.730190,19.767285,0.343664,23.841140,,,,,,,,,,-0.866025,0.500000
2013,10,-10.000000,160.000000,-7.500000,162.500000,2744.570000,11.599267,2.653603,5.419064,19.671934,29.411359,0.691934,19.628639,0.143269,129.427495,0.033465,0.055381,0.196166,201.389618,-0.866025,0.500000
2013,10,-10.000000,-160.000000,-7.500000,-157.500000,3403.510000,3.779334,25.526001,0.198912,29.504247,,,,,,,,,,-0.866025,0.500000
2013,10,-10.000000,165.000000,-7.500000,167.500000,4092.000000,8.404203,4.047410,9.642962,22.094575,29.731298,0.726067,21.070785,0.113579,1.051486,0.022967,0.069722,0.148046,200.018692,-0.866025,0.500000
2013,10,-10.000000,-165.000000,-7.500000,-162.500000,1501.240000,3.166049,17.977805,0.518904,21.662759,,,,,,,,,,-0.866025,0.500000
2013,10,-10.000000,170.000000,-7.500000,172.500000,9160.640000,8.485870,4.674237,16.973050,30.133157,29.818730,0.735951,22.623754,0.102579,0.721411,0.025662,0.006667,0.138336,199.523041,-0.866025,0.500000
2013,10,-10.000000,-170.000000,-7.500000,-167.500000,2464.390000,5.107552,14.858849,0.749476,20.715877,,,,,,,,,,-0.866025,0.500000
2013,10,-10.000000,175.000000,-7.500000,177.500000,3844.050000,8.987136,4.321744,8.870852,22.179732,29.773544,0.708362,23.375908,0.091101,0.557029,0.032744,0.000000,0.134858,199.117599,-0.866025,0.500000
2013,10,-10.000000,-175.000000,-7.500000,-172.500000,3613.410000,6.645523,12.368926,3.870305,22.884754,,,,,,,,,,-0.866025,0.500000
2013,10,-10.000000,-180.000000,-7.500000,-177.500000,7568.350000,6.363210,10.127306,3.487814,19.978331,,,,,,,,,,-0.866025,0.500000
2013,10,15.000000,110.000000,17.500000,112.500000,15044.930000,19.271476,3.129493,0.000000,22.400968,27.620384,0.687119,28.811781,0.227605,124.116132,0.090885,0.143928,0.110372,204.552780,-0.866025,0.500000
2013,10,15.000000,115.000000,17.500000,117.500000,16362.250000,18.926859,2.956012,0.018457,21.901328,28.427021,0.716326,27.518516,0.154565,130.047603,0.050597,0.044847,0.092522,201.733841,-0.866025,0.500000
2013,10,15.000000,125.000000,17.500000,127.500000,1955.480000,3.251376,2.158549,21.573731,26.983656,28.459265,0.947373,36.535871,0.174174,0.898494,0.064878,0.048889,0.088008,199.955612,-0.866025,0.500000
2013,10,15.000000,140.000000,17.500000,142.500000,1779.030000,4.595763,0.748723,11.445001,16.789486,29.257378,0.943744,34.373804,0.152742,0.566442,0.063568,0.000000,0.079635,198.849319,-0.866025,0.500000
2013,10,15.000000,150.000000,17.500000,152.500000,1139.720000,6.799038,3.163935,16.261011,26.223985,29.342506,0.950379,38.168866,0.177993,0.608246,0.067415,0.000556,0.071719,197.812241,-0.866025,0.500000
2013,10,15.000000,155.000000,17.500000,157.500000,4031.800000,8.102584,1.985466,12.027382,22.115432,29.379064,0.886290,37.994105,0.146819,0.542999,0.053443,0.000000,0.068530,197.861404,-0.866025,0.500000
2013,10,15.000000,-155.000000,17.500000,-152.500000,2287.500000,0.380328,14.933333,0.279781,15.593443,,,,,,,,,,-0.866025,0.500000
2013,10,15.000000,160.000000,17.500000,162.500000,2253.400000,6.018461,1.568297,12.644448,20.231206,29.167749,0.891832,37.789758,0.135802,0.636047,0.051934,0.001111,0.064284,198.114456,-0.866025,0.500000
2013,10,15.000000,-160.000000,17.500000,-157.500000,1017.510000,3.672691,8.400900,2.103173,14.176765,,,,,,,,,,-0.866025,0.500000
2013,10,15.000000,-165.000000,17.500000,-162.500000,1355.780000,2.797652,7.670861,0.081134,10.549647,,,,,,,,,,-0.866025,0.500000
2013,10,15.000000,-180.000000,17.500000,-177.500000,2931.540000,2.887902,3.530909,20.523684,26.942494,,,,,,,,,,-0.866025,0.500000
2013,10,-15.000000,-135.000000,-12.500000,-132.500000,23467.850000,2.286959,21.305360,9.640721,33.233040,,,,,,,,,,-0.866025,0.500000
2013,10,-15.000000,-140.000000,-12.500000,-137.500000,5295.660000,2.319258,21.920780,14.049807,38.289845,,,,,,,,,,-0.866025,0.500000
2013,10,-15.000000,145.000000,-12.500000,147.500000,1744.460000,28.471275,0.000000,7.925662,36.396937,26.322822,0.720295,26.681683,0.178402,120.545787,0.027942,0.085658,0.101542,206.952087,-0.866025,0.500000
2013,10,-15.000000,-145.000000,-12.500000,-142.500000,2523.260000,4.863550,22.562082,17.316884,44.742516,,,,,,,,,,-0.866025,0.500000
2013,10,-15.000000,150.000000,-12.500000,152.500000,1295.440000,20.281912,0.000000,1.343945,21.625857,27.191644,0.726454,25.750317,0.243575,123.679169,0.046924,0.119424,0.097901,204.320038,-0.866025,0.500000
2013,10,-15.000000,-150.000000,-12.500000,-147.500000,3982.500000,3.130948,15.898305,7.334840,26.364093,,,,,,,,,,-0.866025,0.500000
2013,10,-15.000000,155.000000,-12.500000,157.500000,3005.620000,6.765326,0.463465,32.972897,40.201689,27.578913,0.710137,31.959197,0.213205,1.308912,0.063359,0.043611,0.114902,203.688675,-0.866025,0.500000
2013,10,-15.000000,-155.000000,-12.500000,-152.500000,3100.060000,1.927382,19.068986,0.818049,21.814416,,,,,,,,,,-0.866025,0.500000
2013,10,-15.000000,160.000000,-12.500000,162.500000,10985.250000,4.044332,0.840127,31.001843,35.886302,27.502901,0.695672,23.679130,0.187273,127.022240,0.061761,0.101490,0.087017,203.136902,-0.866025,0.500000
2013,10,-15.000000,-160.000000,-12.500000,-157.500000,9376.330000,1.329091,1.247610,28.349685,30.926386,,,,,,,,,,-0.866025,0.500000
2013,10,-15.000000,165.000000,-12.500000,167.500000,2513.000000,33.010346,4.905292,167.691604,205.607242,27.884360,0.679636,21.568630,0.153155,119.961203,0.043004,0.079285,0.078605,202.461288,-0.866025,0.500000
2013,10,-15.000000,-165.000000,-12.500000,-162.500000,8700.880000,2.329075,1.100348,19.321724,22.751147,,,,,,,,,,-0.866025,0.500000
2013,10,-15.000000,170.000000,-12.500000,172.500000,11704.470000,6.894289,1.715669,33.728738,42.338696,28.423319,0.714866,25.855410,0.141884,1.298884,0.041964,0.078889,0.072136,200.681488,-0.866025,0.500000
2013,10,-15.000000,-170.000000,-12.500000,-167.500000,14430.090000,2.671501,1.308516,22.564932,26.544949,,,,,,,,,,-0.866025,0.500000
2013,10,-15.000000,175.000000,-12.500000,177.500000,3035.170000,1.944207,1.379165,14.354385,17.677758,28.741387,0.713345,29.882581,0.148864,1.335117,0.044096,0.051944,0.065925,199.992203,-0.866025,0.500000
2013,10,-15.000000,-175.000000,-12.500000,-172.500000,7300.810000,1.331085,0.790186,18.274959,20.396230,,,,,,,,,,-0.866025,0.500000
2013,10,20.000000,115.000000,22.500000,117.500000,1219.240000,12.915423,1.258161,0.851350,15.024934,27.199919,0.752336,38.285767,0.126125,118.355458,0.048187,0.404438,0.212672,204.320709,-0.866025,0.500000
2013,10,20.000000,-155.000000,22.500000,-152.500000,8828.120000,0.618138,14.941347,0.184637,15.744122,,,,,,,,,,-0.866025,0.500000
2013,10,20.000000,-160.000000,22.500000,-157.500000,7235.690000,0.467129,15.829313,0.027641,16.324082,,,,,,,,,,-0.866025,0.500000
2013,10,20.000000,-165.000000,22.500000,-162.500000,1179.800000,1.669775,14.282082,0.016952,15.968808,,,,,,,,,,-0.866025,0.500000
2013,10,-20.000000,-135.000000,-17.500000,-132.500000,15876.190000,3.104649,4.046500,41.751642,48.902791,,,,,,,,,,-0.866025,0.500000
2013,10,-20.000000,-150.000000,-17.500000,-147.500000,6765.710000,0.515097,1.647277,29.440221,31.602596,,,,,,,,,,-0.866025,0.500000
2013,10,-20.000000,155.000000,-17.500000,157.500000,2183.940000,5.088968,0.395615,77.629422,83.114005,25.699790,0.755109,28.108439,0.145633,2.698641,0.042880,0.258889,0.077318,211.912643,-0.866025,0.500000
2013,10,-20.000000,-155.000000,-17.500000,-152.500000,3205.580000,0.617049,2.454158,22.720069,25.791276,,,,,,,,,,-0.866025,0.500000
2013,10,-20.000000,160.000000,-17.500000,162.500000,1904.540000,2.067691,0.404297,46.854884,49.326872,25.743938,0.747585,26.789045,0.150623,49.950341,0.036207,0.283690,0.079694,211.467773,-0.866025,0.500000
2013,10,-20.000000,-160.000000,-17.500000,-157.500000,1409.430000,1.450941,1.299107,32.328672,35.078720,,,,,,,,,,-0.866025,0.500000
2013,10,-20.000000,165.000000,-17.500000,167.500000,8755.380000,3.237781,0.854332,31.787998,35.880110,25.724307,0.745191,25.431816,0.132525,119.237813,0.030841,0.305070,0.076275,210.423843,-0.866025,0.500000
2013,10,-20.000000,-165.000000,-17.500000,-162.500000,5131.980000,0.437843,0.510719,20.385309,21.333871,,,,,,,,,,-0.866025,0.500000
2013,10,-20.000000,170.000000,-17.500000,172.500000,19823.100000,4.343872,1.554600,29.656562,35.555034,26.029533,0.747495,26.728960,0.121432,2.265325,0.041809,0.322778,0.069678,209.509567,-0.866025,0.500000
2013,10,-20.000000,175.000000,-17.500000,177.500000,14366.140000,1.827631,0.932958,17.052876,19.813464,26.483308,0.788036,29.403935,0.116461,121.986057,0.035805,0.369163,0.094163,208.169250,-0.866025,0.500000
2013,10,-20.000000,-175.000000,-17.500000,-172.500000,3175.430000,1.315727,1.443269,5.673247,8.432244,,,,,,,,,,-0.866025,0.500000
2013,10,-20.000000,-180.000000,-17.500000,-177.500000,5506.480000,2.178887,1.451926,6.181081,9.811894,,,,,,,,,,-0.866025,0.500000
2013,10,25.000000,135.000000,27.500000,137.500000,1030.260000,0.000000,0.310601,0.147536,0.458137,26.462737,1.073740,35.750740,0.212161,2.048250,0.145464,0.164722,0.086354,205.788773,-0.866025,0.500000
2013,10,25.000000,145.000000,27.500000,147.500000,3230.890000,0.747472,0.365224,0.077997,1.190694,27.196604,0.940804,30.663643,0.125979,1.752675,0.067658,0.132500,0.075906,205.292191,-0.866025,0.500000
2013,10,25.000000,150.000000,27.500000,152.500000,3103.700000,0.811612,0.588652,0.521958,1.922222,27.158095,0.913723,26.772067,0.178629,2.139724,0.104544,0.146667,0.077140,205.789780,-0.866025,0.500000
2013,10,25.000000,155.000000,27.500000,157.500000,2469.920000,0.680589,0.359526,0.025507,1.065622,27.290983,0.865262,31.943768,0.184116,2.466065,0.068723,0.283056,0.077875,205.626907,-0.866025,0.500000
2013,10,25.000000,-155.000000,27.500000,-152.500000,1576.790000,0.405888,19.024727,0.000000,19.430615,,,,,,,,,,-0.866025,0.500000
2013,10,25.000000,160.000000,27.500000,162.500000,1202.070000,0.250401,0.294492,0.000000,0.544893,26.683891,0.822150,34.230706,0.152816,3.463396,0.056211,0.336667,0.075582,206.464066,-0.866025,0.500000
2013,10,25.000000,-160.000000,27.500000,-157.500000,2792.460000,0.545039,10.692723,0.014324,11.252086,,,,,,,,,,-0.866025,0.500000
2013,10,-25.000000,-170.000000,-22.500000,-167.500000,1521.100000,2.112287,2.227993,35.211360,39.551640,,,,,,,,,,-0.866025,0.500000
2013,10,-25.000000,175.000000,-22.500000,177.500000,1240.340000,2.667011,0.540174,13.070610,16.277795,23.770743,0.730783,34.361003,0.132597,2.798823,0.047098,0.288333,0.061180,219.285355,-0.866025,0.500000
2013,10,-25.000000,-180.000000,-22.500000,-177.500000,1909.410000,6.815718,1.769657,4.086603,12.671977,,,,,,,,,,-0.866025,0.500000
2013,10,30.000000,145.000000,32.500000,147.500000,1433.340000,0.173022,7.412756,1.550225,9.136004,25.767461,1.173042,36.157103,0.146650,2.058669,0.106295,0.149167,0.091126,211.611389,-0.866025,0.500000
2013,10,30.000000,150.000000,32.500000,152.500000,1855.000000,0.132075,9.007008,2.543396,11.682480,25.767495,1.008234,35.782912,0.343739,1.721935,0.241050,0.142500,0.079998,213.271210,-0.866025,0.500000
2013,10,30.000000,155.000000,32.500000,157.500000,7284.060000,0.330036,16.404038,6.249125,22.983199,25.184804,0.944346,34.149663,0.229534,2.290067,0.255774,0.252778,0.078168,214.239059,-0.866025,0.500000
2013,10,30.000000,160.000000,32.500000,162.500000,3200.750000,0.335234,18.994611,11.231118,30.560962,24.841141,0.796200,35.588950,0.240438,2.470829,0.134495,0.296111,0.074761,215.315430,-0.866025,0.500000
2013,10,30.000000,170.000000,32.500000,172.500000,5841.680000,0.521425,22.946652,11.586907,35.054984,23.965139,0.764588,35.865990,0.176561,2.078724,0.106559,0.271667,0.068227,217.745697,-0.866025,0.500000
2013,10,-30.000000,-135.000000,-27.500000,-132.500000,6383.270000,0.501937,1.882107,52.842352,55.226397,,,,,,,,,,-0.866025,0.500000
2013,10,-30.000000,155.000000,-27.500000,157.500000,3030.420000,6.768039,1.802060,7.491041,16.061140,21.533872,0.571606,22.071199,0.255667,2.334888,0.111206,0.424444,0.170273,227.275208,-0.866025,0.500000
2013,10,35.000000,145.000000,37.500000,147.500000,2314.780000,0.216435,12.875522,0.921902,14.013859,22.035496,0.322969,30.943184,0.432877,7.933774,0.355453,0.734722,0.204615,217.486038,-0.866025,0.500000
2013,10,35.000000,150.000000,37.500000,152.500000,22887.850000,0.458977,17.388090,1.066811,18.913878,22.537646,0.389475,34.625200,0.318233,4.733927,0.266357,0.630000,0.150241,220.896179,-0.866025,0.500000
2013,10,35.000000,155.000000,37.500000,157.500000,27133.120000,0.423173,17.124791,2.220755,19.768718,22.816558,0.413031,35.050298,0.286131,5.280460,0.203163,0.623611,0.133642,222.425018,-0.866025,0.500000
2013,10,35.000000,-155.000000,37.500000,-152.500000,1015.250000,0.000000,0.520069,80.703275,81.223344,,,,,,,,,,-0.866025,0.500000
2013,10,35.000000,160.000000,37.500000,162.500000,4413.440000,0.225674,15.236641,8.983242,24.445557,22.238383,0.509281,34.621894,0.371685,5.226234,0.313536,0.619167,0.126053,224.704651,-0.866025,0.500000
2013,10,35.000000,-160.000000,37.500000,-157.500000,2469.730000,0.109324,1.598150,52.181008,53.888482,,,,,,,,,,-0.866025,0.500000
2013,10,35.000000,165.000000,37.500000,167.500000,2040.520000,0.159273,4.626762,0.419991,5.206026,21.861339,0.445813,35.740101,0.251542,5.997551,0.165353,0.436389,0.121265,227.861206,-0.866025,0.500000
2013,10,35.000000,170.000000,37.500000,172.500000,3382.640000,0.371603,12.726155,10.158929,23.256687,21.696395,0.418108,35.959792,0.197290,3.315278,0.153152,0.425833,0.135890,229.583237,-0.866025,0.500000
2013,10,35.000000,175.000000,37.500000,177.500000,1452.530000,0.196209,3.803708,6.118979,10.118896,21.059424,0.392567,35.400116,0.196033,3.243304,0.151215,0.455278,0.161357,231.497070,-0.866025,0.500000
2013,10,-35.000000,-135.000000,-32.500000,-132.500000,5302.240000,0.172569,1.261165,42.793989,44.227723,,,,,,,,,,-0.866025,0.500000
2013,10,40.000000,170.000000,42.500000,172.500000,1373.820000,0.074973,0.604155,0.852368,1.531496,16.592824,0.127102,31.689659,0.136301,4.596691,0.150839,0.756667,0.257869,253.534866,-0.866025,0.500000
2013,10,40.000000,175.000000,42.500000,177.500000,1326.360000,0.038451,0.082934,0.723785,0.845170,16.430464,0.137281,31.935841,0.138108,7.669682,0.108664,0.744444,0.252527,256.407104,-0.866025,0.500000
2013,11,0.000000,120.000000,2.500000,122.500000,9503.700000,25.333607,6.375201,0.000000,31.708808,29.637807,0.611695,11.419720,0.310729,138.290883,0.022186,0.076971,0.114889,200.696335,-0.500000,0.866025
2013,11,0.000000,125.000000,2.500000,127.500000,12620.610000,25.418106,6.290663,0.000000,31.708768,29.518939,0.613613,13.818442,0.354199,135.605914,0.040903,0.116757,0.103001,199.881210,-0.500000,0.866025
2013,11,0.000000,130.000000,2.500000,132.500000,5523.350000,24.819177,4.323101,0.002897,29.145175,29.575218,0.663247,17.988708,0.311393,118.964174,0.028820,0.006669,0.103379,199.695053,-0.500000,0.866025
2013,11,0.000000,135.000000,2.500000,137.500000,6641.470000,30.059159,8.073815,0.175714,38.308688,29.602839,0.673934,17.875116,0.216024,0.424881,0.034793,0.000000,0.116646,200.030823,-0.500000,0.866025
2013,11,0.000000,140.000000,2.500000,142.500000,4720.230000,5.054203,27.824280,0.082623,32.961106,29.697379,0.704058,15.657352,0.205134,0.198169,0.018083,0.000000,0.114636,200.020203,-0.500000,0.866025
2013,11,0.000000,145.000000,2.500000,147.500000,2903.090000,18.133093,20.001102,0.006200,38.140395,29.954165,0.736129,17.504570,0.360734,0.323308,0.018884,0.000000,0.086936,199.200912,-0.500000,0.866025
2013,11,0.000000,150.000000,2.500000,152.500000,4013.690000,20.642850,26.853594,0.056058,47.552502,30.075563,0.748126,19.712330,0.288917,0.765565,0.013191,0.007500,0.080550,198.895386,-0.500000,0.866025
2013,11,0.000000,155.000000,2.500000,157.500000,2833.520000,24.682374,19.144739,3.980914,47.808027,30.321093,0.754454,20.184180,0.288122,0.703001,0.014515,0.002222,0.084209,199.093842,-0.500000,0.866025
2013,11,0.000000,160.000000,2.500000,162.500000,2788.080000,11.551318,3.800106,0.200496,15.551921,30.271877,0.741157,19.082462,0.252942,0.450607,0.020011,0.000000,0.096980,199.809509,-0.500000,0.866025
2013,11,0.000000,-160.000000,2.500000,-157.500000,1036.320000,15.134321,14.510962,0.033773,29.679057,,,,,,,,,,-0.500000,0.866025
2013,11,0.000000,165.000000,2.500000,167.500000,6258.980000,27.214658,8.961684,2.303730,38.480072,30.011311,0.714374,18.574051,0.231831,95.274533,0.018713,0.002779,0.175168,201.728470,-0.500000,0.866025
2013,11,0.000000,-165.000000,2.500000,-162.500000,1429.870000,9.446313,19.845161,0.000000,29.291474,,,,,,,,,,-0.500000,0.866025
2013,11,0.000000,170.000000,2.500000,172.500000,6920.060000,24.846172,6.559625,1.064153,32.469950,29.560405,0.700898,19.843122,0.329831,133.117774,0.030571,0.019537,0.227508,202.483841,-0.500000,0.866025
2013,11,0.000000,175.000000,2.500000,177.500000,4150.690000,19.670464,7.994815,0.124317,27.789596,29.316242,0.682759,22.727813,0.297294,0.265005,0.023643,0.000000,0.168004,202.320816,-0.500000,0.866025
2013,11,5.000000,125.000000,7.500000,127.500000,1789.970000,7.273865,2.435795,0.000000,9.709660,29.120821,0.558351,19.828681,0.368725,130.558883,0.062816,0.068325,0.102927,199.792496,-0.500000,0.866025
2013,11,5.000000,130.000000,7.500000,132.500000,7426.710000,13.045076,13.705665,0.000000,26.750742,29.241636,0.569331,22.518629,0.236079,130.829993,0.029426,0.007804,0.084952,199.561234,-0.500000,0.866025
2013,11,5.000000,135.000000,7.500000,137.500000,1612.780000,32.274706,2.358040,0.000000,34.632746,29.242147,0.605077,23.065458,0.185597,129.225402,0.026888,0.006954,0.082950,199.289276,-0.500000,0.866025
2013,11,5.000000,165.000000,7.500000,167.500000,2408.900000,16.571049,11.302254,2.997634,30.870937,29.582950,0.625630,28.018111,0.218606,133.643243,0.064426,0.041643,0.111249,198.815720,-0.500000,0.866025
2013,11,5.000000,175.000000,7.500000,177.500000,2729.060000,6.431885,4.015302,0.068888,10.516075,29.268016,0.573897,30.907834,0.257940,0.511983,0.087847,0.000000,0.117404,199.495071,-0.500000,0.866025
2013,11,5.000000,-180.000000,7.500000,-177.500000,1263.840000,3.585106,1.555577,0.679675,5.820357,,,,,,,,,,-0.500000,0.866025
2013,11,-5.000000,120.000000,-2.500000,122.500000,12467.660000,25.675788,6.032968,0.000000,31.708757,30.020214,0.627178,11.624489,0.096151,138.725408,0.012040,0.238153,0.113135,201.220749,-0.500000,0.866025
2013,11,-5.000000,125.000000,-2.500000,127.500000,18701.490000,25.675762,6.032942,0.000000,31.708703,29.766679,0.627915,12.314408,0.136998,134.540862,0.012813,0.139009,0.108793,200.732788,-0.500000,0.866025
2013,11,-5.000000,130.000000,-2.500000,132.500000,6233.830000,25.675708,6.032888,0.000000,31.708596,29.720322,0.652102,12.982931,0.173821,138.566066,0.026011,0.258999,0.123916,199.356125,-0.500000,0.866025
2013,11,-5.000000,140.000000,-2.500000,142.500000,2523.270000,10.668299,0.778751,0.117308,11.564359,29.881356,0.720438,15.259391,0.165434,133.590116,0.006122,0.055752,0.115241,199.670395,-0.500000,0.866025
2013,11,-5.000000,-155.000000,-2.500000,-152.500000,8738.730000,2.125595,35.323439,0.037420,37.486454,,,,,,,,,,-0.500000,0.866025
2013,11,-5.000000,160.000000,-2.500000,162.500000,3070.920000,9.843630,2.240697,1.508994,13.593321,30.597034,0.738285,19.034946,0.199770,0.661258,0.016359,0.000278,0.148998,201.648102,-0.500000,0.866025
2013,11,-5.000000,-160.000000,-2.500000,-157.500000,4140.490000,3.888912,24.487198,0.219781,28.595891,,,,,,,,,,-0.500000,0.866025
2013,11,-5.000000,165.000000,-2.500000,167.500000,3702.900000,14.926679,5.305031,2.760539,22.992249,30.295596,0.717390,22.459378,0.256163,0.496647,0.025554,0.000000,0.160378,201.765671,-0.500000,0.866025
2013,11,-5.000000,-165.000000,-2.500000,-162.500000,3152.450000,4.813716,28.748751,1.362432,34.924900,,,,,,,,,,-0.500000,0.866025
2013,11,-5.000000,170.000000,-2.500000,172.500000,15691.820000,15.280892,13.509523,2.865569,31.655984,29.843931,0.697144,25.543262,0.299650,132.122832,0.026458,0.009755,0.171723,201.474747,-0.500000,0.866025
2013,11,-5.000000,-170.000000,-2.500000,-167.500000,4322.760000,2.822040,23.800998,0.356717,26.979754,,,,,,,,,,-0.500000,0.866025
2013,11,-5.000000,175.000000,-2.500000,177.500000,1881.850000,4.684220,10.592768,0.468688,15.745676,29.496706,0.684545,29.552869,0.304407,93.551751,0.028954,0.001668,0.167660,201.871353,-0.500000,0.866025
2013,11,-5.000000,-175.000000,-2.500000,-172.500000,5919.500000,11.780556,22.238534,0.083622,34.102711,,,,,,,,,,-0.500000,0.866025
2013,11,-5.000000,-180.000000,-2.500000,-177.500000,2864.560000,4.907560,16.821432,0.551219,22.280211,,,,,,,,,,-0.500000,0.866025
2013,11,10.000000,110.000000,12.500000,112.500000,10312.370000,28.115554,4.565682,0.000000,32.681236,27.974555,0.690261,20.382042,0.202706,3.179220,0.090265,0.159167,0.095272,204.829895,-0.500000,0.866025
2013,11,10.000000,115.000000,12.500000,117.500000,10312.370000,28.115554,4.565682,0.000000,32.681236,28.711221,0.767562,22.054690,0.126841,131.186881,0.036488,0.033485,0.088864,202.212723,-0.500000,0.866025
2013,11,10.000000,170.000000,12.500000,172.500000,1130.790000,8.120871,7.653057,2.525668,18.299596,28.700022,0.624944,39.185124,0.215838,57.992571,0.066397,0.003056,0.062221,199.722122,-0.500000,0.866025
2013,11,10.000000,175.000000,12.500000,177.500000,4405.870000,5.826999,8.734484,4.681255,19.242738,28.434671,0.580045,42.465660,0.233282,0.382211,0.087048,0.000000,0.083391,200.929947,-0.500000,0.866025
2013,11,10.000000,-175.000000,12.500000,-172.500000,1240.420000,3.618129,12.562680,2.113800,18.294610,,,,,,,,,,-0.500000,0.866025
2013,11,10.000000,-180.000000,12.500000,-177.500000,1395.700000,5.478971,13.457047,2.025507,20.961525,,,,,,,,,,-0.500000,0.866025
2013,11,-10.000000,-135.000000,-7.500000,-132.500000,3055.830000,1.934663,11.186159,0.987620,14.108442,,,,,,,,,,-0.500000,0.866025
2013,11,-10.000000,-145.000000,-7.500000,-142.500000,1478.270000,4.638530,18.905883,0.111617,23.656030,,,,,,,,,,-0.500000,0.866025
2013,11,-10.000000,150.000000,-7.500000,152.500000,1445.330000,18.786713,0.212408,0.886995,19.886116,29.694022,0.651291,11.707075,0.375518,135.925353,0.066554,0.215592,0.171157,201.972961,-0.500000,0.866025
2013,11,-10.000000,-150.000000,-7.500000,-147.500000,8035.160000,4.999403,25.493456,0.154571,30.647430,,,,,,,,,,-0.500000,0.866025
2013,11,-10.000000,155.000000,-7.500000,157.500000,1394.100000,46.011047,4.144609,2.721469,52.877125,30.047668,0.710018,13.626143,0.182716,136.160577,0.046477,0.172711,0.194540,201.811432,-0.500000,0.866025
2013,11,-10.000000,-155.000000,-7.500000,-152.500000,10894.310000,4.886496,31.741616,0.090690,36.718801,,,,,,,,,,-0.500000,0.866025
2013,11,-10.000000,165.000000,-7.500000,167.500000,8502.790000,12.168829,2.615730,1.854450,16.639009,30.087162,0.750932,18.790417,0.088281,0.810792,0.017483,0.005278,0.123463,200.777542,-0.500000,0.866025
2013,11,-10.000000,-165.000000,-7.500000,-162.500000,4088.890000,5.208504,14.442306,0.292989,19.943799,,,,,,,,,,-0.500000,0.866025
2013,11,-10.000000,170.000000,-7.500000,172.500000,3434.800000,8.459881,3.832246,8.042972,20.335100,30.082794,0.733496,20.806715,0.113171,0.871082,0.031538,0.014167,0.124909,200.173676,-0.500000,0.866025
2013,11,-10.000000,-170.000000,-7.500000,-167.500000,4053.840000,2.595810,5.070748,0.441310,8.107868,,,,,,,,,,-0.500000,0.866025
2013,11,-10.000000,175.000000,-7.500000,177.500000,1459.050000,8.681676,8.696069,1.441349,18.819095,29.953372,0.712198,24.856988,0.134702,0.402183,0.043745,0.000000,0.113508,198.903183,-0.500000,0.866025
2013,11,-10.000000,-175.000000,-7.500000,-172.500000,2252.290000,3.583908,15.670273,0.188697,19.442878,,,,,,,,,,-0.500000,0.866025
2013,11,-10.000000,-180.000000,-7.500000,-177.500000,3522.250000,10.552630,14.863227,0.637093,26.052949,,,,,,,,,,-0.500000,0.866025
2013,11,15.000000,110.000000,17.500000,112.500000,10312.370000,28.115554,4.565682,0.000000,32.681236,26.582814,0.654666,34.787405,0.228284,116.412689,0.085453,0.218056,0.137178,207.118088,-0.500000,0.866025
2013,11,15.000000,115.000000,17.500000,117.500000,11835.590000,26.409752,4.104569,0.064382,30.578704,27.545501,0.669552,26.208898,0.177818,128.914211,0.046920,0.180501,0.097187,203.990250,-0.500000,0.866025
2013,11,15.000000,125.000000,17.500000,127.500000,2412.960000,1.869074,9.109973,16.415937,27.394984,27.982710,0.953558,48.244044,0.213975,1.076983,0.060519,0.035833,0.079045,201.775208,-0.500000,0.866025
2013,11,15.000000,130.000000,17.500000,132.500000,1095.320000,2.146405,2.067889,12.654749,16.869043,27.873237,0.876349,39.883582,0.142985,1.939052,0.074829,0.108889,0.077942,201.444321,-0.500000,0.866025
2013,11,15.000000,150.000000,17.500000,152.500000,3177.500000,4.663729,2.318489,3.649095,10.631314,28.724572,0.935217,52.861621,0.182493,0.561542,0.080088,0.000000,0.070343,199.521011,-0.500000,0.866025
2013,11,15.000000,155.000000,17.500000,157.500000,1380.870000,3.337751,3.093702,2.002361,8.433813,28.702146,0.917587,53.302232,0.153883,0.567033,0.054090,0.000000,0.063695,199.469376,-0.500000,0.866025
2013,11,15.000000,-155.000000,17.500000,-152.500000,3191.440000,1.566691,15.611761,0.053267,17.231720,,,,,,,,,,-0.500000,0.866025
2013,11,15.000000,-160.000000,17.500000,-157.500000,1128.640000,3.144492,11.243621,0.177204,14.565318,,,,,,,,,,-0.500000,0.866025
2013,11,15.000000,175.000000,17.500000,177.500000,3104.900000,5.133821,4.299977,20.336243,29.770041,27.858975,0.769662,53.084279,0.148115,0.998605,0.049160,0.018889,0.057624,201.525436,-0.500000,0.866025
2013,11,15.000000,-180.000000,17.500000,-177.500000,1524.910000,7.614876,4.694703,9.352027,21.661606,,,,,,,,,,-0.500000,0.866025
2013,11,-15.000000,-135.000000,-12.500000,-132.500000,11763.410000,1.600386,40.351735,2.900605,44.852726,,,,,,,,,,-0.500000,0.866025
2013,11,-15.000000,-140.000000,-12.500000,-137.500000,7513.480000,1.418650,69.162492,2.582824,73.163967,,,,,,,,,,-0.500000,0.866025
2013,11,-15.000000,145.000000,-12.500000,147.500000,1866.700000,37.804146,0.000000,4.156533,41.960679,27.773230,0.725956,16.439279,0.174170,128.691994,0.043212,0.061989,0.095066,204.135849,-0.500000,0.866025
2013,11,-15.000000,-145.000000,-12.500000,-142.500000,3561.390000,2.740222,22.750948,8.466919,33.958089,,,,,,,,,,-0.500000,0.866025
2013,11,-15.000000,-150.000000,-12.500000,-147.500000,3981.390000,2.158794,22.782998,4.956309,29.898101,,,,,,,,,,-0.500000,0.866025
2013,11,-15.000000,155.000000,-12.500000,157.500000,5963.460000,7.633320,1.694654,30.344297,39.672271,28.478720,0.669967,16.271410,0.211664,1.131133,0.067806,0.025556,0.090220,201.968567,-0.500000,0.866025
2013,11,-15.000000,-155.000000,-12.500000,-152.500000,1579.800000,5.268388,14.993670,0.169642,20.431700,,,,,,,,,,-0.500000,0.866025
2013,11,-15.000000,160.000000,-12.500000,162.500000,6835.860000,4.617268,0.829596,22.158002,27.604866,28.678530,0.659299,13.655210,0.162466,131.118683,0.041388,0.064380,0.086696,201.495331,-0.500000,0.866025
2013,11,-15.000000,-160.000000,-12.500000,-157.500000,3801.880000,2.862005,3.717371,39.514135,46.093512,,,,,,,,,,-0.500000,0.866025
2013,11,-15.000000,165.000000,-12.500000,167.500000,2421.860000,6.919062,0.858431,46.422997,54.200491,29.064796,0.693454,12.854836,0.138610,127.291515,0.036647,0.018425,0.077726,200.470932,-0.500000,0.866025
2013,11,-15.000000,-165.000000,-12.500000,-162.500000,3640.370000,3.605677,2.037705,14.196634,19.840016,,,,,,,,,,-0.500000,0.866025
2013,11,-15.000000,170.000000,-12.500000,172.500000,8896.030000,2.912423,1.303840,30.529461,34.745724,29.442060,0.711367,14.426312,0.117654,0.871176,0.034716,0.005833,0.068971,199.351974,-0.500000,0.866025
2013,11,-15.000000,-170.000000,-12.500000,-167.500000,6624.470000,2.922045,1.173528,20.718035,24.813608,,,,,,,,,,-0.500000,0.866025
2013,11,-15.000000,-175.000000,-12.500000,-172.500000,5866.040000,6.769473,0.694676,23.470518,30.934668,,,,,,,,,,-0.500000,0.866025
2013,11,20.000000,115.000000,22.500000,117.500000,1327.890000,15.208338,1.058070,0.682285,16.948693,25.394242,0.679658,45.071220,0.194865,111.585312,0.108395,0.605941,0.304534,209.301849,-0.500000,0.866025
2013,11,20.000000,125.000000,22.500000,127.500000,1535.120000,0.912632,5.988457,9.709990,16.611079,26.404221,0.998928,55.394787,0.179171,81.993067,0.067934,0.239300,0.079095,206.340149,-0.500000,0.866025
2013,11,20.000000,130.000000,22.500000,132.500000,1272.570000,1.144927,9.292220,20.107342,30.544489,26.152267,0.890275,41.009885,0.219682,2.418426,0.114968,0.231944,0.077906,206.109924,-0.500000,0.866025
2013,11,20.000000,135.000000,22.500000,137.500000,1014.680000,1.269366,0.166555,0.023653,1.459573,27.269844,0.951037,41.635090,0.198281,4.036511,0.085908,0.192222,0.072981,204.108444,-0.500000,0.866025
2013,11,20.000000,145.000000,22.500000,147.500000,1643.420000,0.748439,1.132395,0.231225,2.112059,27.675768,0.970750,36.226829,0.159091,1.535030,0.078450,0.092222,0.073508,202.375046,-0.500000,0.866025
2013,11,20.000000,-155.000000,22.500000,-152.500000,7759.650000,1.370423,12.460742,0.059281,13.890446,,,,,,,,,,-0.500000,0.866025
2013,11,20.000000,-160.000000,22.500000,-157.500000,10876.540000,0.992043,12.275687,0.021146,13.288877,,,,,,,,,,-0.500000,0.866025
2013,11,20.000000,-165.000000,22.500000,-162.500000,5144.480000,1.541458,15.617516,0.023326,17.182300,,,,,,,,,,-0.500000,0.866025
2013,11,20.000000,-170.000000,22.500000,-167.500000,4695.300000,3.303942,21.221860,0.988222,25.514025,,,,,,,,,,-0.500000,0.866025
2013,11,-20.000000,-135.000000,-17.500000,-132.500000,13522.320000,1.339711,1.070970,37.037727,39.448408,,,,,,,,,,-0.500000,0.866025
2013,11,-20.000000,-145.000000,-17.500000,-142.500000,1527.830000,4.937068,5.248621,33.196102,43.381790,,,,,,,,,,-0.500000,0.866025
2013,11,-20.000000,-150.000000,-17.500000,-147.500000,5252.240000,1.345331,1.025467,26.439195,28.809993,,,,,,,,,,-0.500000,0.866025
2013,11,-20.000000,-155.000000,-17.500000,-152.500000,3067.380000,0.999224,1.880106,23.632220,26.511551,,,,,,,,,,-0.500000,0.866025
2013,11,-20.000000,160.000000,-17.500000,162.500000,1808.980000,4.271468,0.495860,72.783005,77.550332,26.785877,0.742708,18.765874,0.154724,52.078222,0.043248,0.149486,0.089041,208.419312,-0.500000,0.866025
2013,11,-20.000000,165.000000,-17.500000,167.500000,7258.490000,2.823728,0.501895,41.934893,45.260516,27.086535,0.710361,15.065357,0.141608,127.365896,0.042780,0.316528,0.090063,207.617538,-0.500000,0.866025
2013,11,-20.000000,-165.000000,-17.500000,-162.500000,6813.990000,1.305403,1.253451,17.014701,19.573554,,,,,,,,,,-0.500000,0.866025
2013,11,-20.000000,170.000000,-17.500000,172.500000,14928.280000,4.030538,1.656185,43.237868,48.924591,27.562627,0.757053,13.008558,0.141986,1.905150,0.043758,0.203611,0.084965,206.233337,-0.500000,0.866025
2013,11,-20.000000,-170.000000,-17.500000,-167.500000,5261.570000,1.283837,0.731911,18.429290,20.445038,,,,,,,,,,-0.500000,0.866025
2013,11,-20.000000,175.000000,-17.500000,177.500000,14175.090000,1.926055,0.513577,19.244252,21.683883,27.846319,0.794043,13.969501,0.130676,128.539219,0.037887,0.298091,0.095953,204.983093,-0.500000,0.866025
2013,11,-20.000000,-175.000000,-17.500000,-172.500000,2783.520000,1.078491,1.130583,18.261410,20.470483,,,,,,,,,,-0.500000,0.866025
2013,11,-20.000000,-180.000000,-17.500000,-177.500000,3029.680000,3.302989,2.222347,18.155713,23.681049,,,,,,,,,,-0.500000,0.866025
2013,11,25.000000,130.000000,27.500000,132.500000,2169.530000,4.278346,5.679110,12.139035,22.096491,24.512887,1.004233,64.786160,0.182823,50.149035,0.107901,0.213948,0.104791,210.810150,-0.500000,0.866025
2013,11,25.000000,135.000000,27.500000,137.500000,3757.900000,0.624019,0.917268,2.954310,4.495596,24.611539,1.011307,56.337256,0.192250,3.328201,0.150236,0.161944,0.094078,210.198044,-0.500000,0.866025
2013,11,25.000000,145.000000,27.500000,147.500000,4782.580000,0.418603,0.327020,0.033455,0.779077,25.772141,0.927461,46.761141,0.131817,2.304058,0.065167,0.266944,0.067075,209.455795,-0.500000,0.866025
2013,11,25.000000,150.000000,27.500000,152.500000,1274.020000,1.350057,0.452897,0.115383,1.918337,25.621750,0.872989,39.718401,0.152975,2.260793,0.095590,0.330000,0.067290,209.674118,-0.500000,0.866025
2013,11,25.000000,155.000000,27.500000,157.500000,1576.520000,0.945754,0.841727,0.024104,1.811585,26.018788,0.898333,45.567528,0.140486,3.395747,0.068426,0.425000,0.065574,209.577057,-0.500000,0.866025
2013,11,25.000000,-160.000000,27.500000,-157.500000,2024.730000,1.936061,11.079502,0.000000,13.015563,,,,,,,,,,-0.500000,0.866025
2013,11,25.000000,-165.000000,27.500000,-162.500000,1350.640000,3.087425,11.266511,0.037019,14.390955,,,,,,,,,,-0.500000,0.866025
2013,11,-25.000000,150.000000,-22.500000,152.500000,1101.640000,23.599361,1.509568,5.243092,30.352021,26.046288,0.593953,17.826947,0.226313,118.870395,0.135603,0.358874,0.129254,210.134811,-0.500000,0.866025
2013,11,-25.000000,-150.000000,-22.500000,-147.500000,1567.970000,0.256382,0.961753,35.837420,37.055556,,,,,,,,,,-0.500000,0.866025
2013,11,-25.000000,170.000000,-22.500000,172.500000,1249.940000,2.092100,0.503224,44.990160,47.585484,24.592851,0.691676,16.979270,0.216929,2.569118,0.100946,0.379444,0.071810,215.922485,-0.500000,0.866025
2013,11,-25.000000,175.000000,-22.500000,177.500000,2631.150000,3.001349,0.456834,20.567813,24.025996,24.806338,0.707116,15.477675,0.167498,2.322538,0.065054,0.380556,0.071341,215.660858,-0.500000,0.866025
2013,11,30.000000,130.000000,32.500000,132.500000,1442.380000,15.381522,0.598317,5.906211,21.886049,22.649275,0.700816,53.778850,0.394400,109.853384,0.370700,0.690944,0.490780,215.987671,-0.500000,0.866025
2013,11,30.000000,135.000000,32.500000,137.500000,1447.810000,1.750920,1.490527,22.788902,26.030349,22.725340,0.847227,57.568777,0.393695,99.733681,0.461082,0.615009,0.372347,213.814087,-0.500000,0.866025
2013,11,30.000000,140.000000,32.500000,142.500000,1325.770000,0.480475,9.146383,19.449829,29.076688,23.593362,0.997109,68.166019,0.240196,31.344295,0.170467,0.267778,0.204571,216.222351,-0.500000,0.866025
2013,11,30.000000,145.000000,32.500000,147.500000,7210.890000,0.204690,8.493958,12.072851,20.771500,23.477410,1.153323,63.366432,0.151243,2.314584,0.104953,0.288889,0.144654,219.050446,-0.500000,0.866025
2013,11,30.000000,150.000000,32.500000,152.500000,4425.270000,1.136880,10.845440,18.895118,30.877438,23.514797,0.991332,61.124000,0.293359,2.362371,0.178623,0.203333,0.100179,221.477890,-0.500000,0.866025
2013,11,30.000000,155.000000,32.500000,157.500000,15178.360000,1.038452,17.191976,14.980209,33.210637,23.061585,0.868947,59.614902,0.232711,2.308347,0.221332,0.257500,0.071805,222.764297,-0.500000,0.866025
2013,11,30.000000,160.000000,32.500000,162.500000,6738.390000,0.852132,11.555876,39.435384,51.843393,22.751862,0.810019,50.200789,0.203597,3.485438,0.115745,0.295556,0.062524,223.599319,-0.500000,0.866025
2013,11,30.000000,170.000000,32.500000,172.500000,11620.880000,0.948379,10.559958,11.871734,23.380071,22.000384,0.743532,52.552155,0.165150,2.743941,0.090540,0.307778,0.068043,225.357010,-0.500000,0.866025
2013,11,30.000000,175.000000,32.500000,177.500000,4198.120000,1.414919,14.077968,19.414405,34.907292,21.213634,0.669267,49.232716,0.162216,2.525313,0.102842,0.374722,0.089890,227.437317,-0.500000,0.866025
2013,11,35.000000,140.000000,37.500000,142.500000,1919.460000,0.087004,17.429902,6.678441,24.195347,19.270402,0.409283,55.186791,0.452944,91.964214,0.432504,0.743162,0.465029,219.226212,-0.500000,0.866025
2013,11,35.000000,145.000000,37.500000,147.500000,4238.050000,0.570309,11.364897,5.194370,17.129576,19.020191,0.272783,52.258796,0.465080,12.129218,0.377017,0.753333,0.400432,224.421371,-0.500000,0.866025
2013,11,35.000000,150.000000,37.500000,152.500000,13604.980000,1.111872,15.441625,5.417061,21.970558,19.328319,0.298366,55.344896,0.315685,7.483247,0.285228,0.617222,0.321067,229.959106,-0.500000,0.866025
2013,11,35.000000,155.000000,37.500000,157.500000,13862.060000,1.352757,24.663001,10.128581,36.144339,20.058088,0.351594,57.174820,0.340212,7.093894,0.190713,0.654167,0.287794,231.521667,-0.500000,0.866025
2013,11,35.000000,-155.000000,37.500000,-152.500000,4641.030000,0.208359,1.607186,87.201979,89.017524,,,,,,,,,,-0.500000,0.866025
2013,11,35.000000,160.000000,37.500000,162.500000,1522.890000,0.936378,16.959859,24.425270,42.321507,19.320876,0.429869,52.239044,0.357186,6.510068,0.337208,0.667778,0.318146,233.714447,-0.500000,0.866025
2013,11,35.000000,175.000000,37.500000,177.500000,1082.780000,0.341713,7.330206,4.681468,12.353387,17.945390,0.320979,52.602002,0.210241,5.832372,0.133234,0.554167,0.194691,244.486237,-0.500000,0.866025
2013,11,40.000000,150.000000,42.500000,152.500000,6585.590000,0.000000,0.040391,0.020955,0.061346,11.011860,-0.085102,38.782246,0.138854,8.359821,0.115220,0.814167,0.408134,264.742889,-0.500000,0.866025
2013,12,0.000000,120.000000,2.500000,122.500000,12427.570000,19.373297,4.875289,0.000000,24.248586,29.638219,0.631127,11.150860,0.349924,137.368169,0.023014,0.069832,0.117353,200.825500,-0.000000,1.000000
2013,12,0.000000,125.000000,2.500000,127.500000,16503.420000,19.437910,4.810639,0.000000,24.248550,29.796946,0.633911,11.952160,0.339659,137.379323,0.037575,0.143073,0.104612,200.106857,-0.000000,1.000000
2013,12,0.000000,130.000000,2.500000,132.500000,5556.470000,20.828332,3.543617,0.005579,24.377527,30.118665,0.688632,12.710125,0.241494,120.355622,0.015834,0.007502,0.099771,200.056900,-0.000000,1.000000
2013,12,0.000000,135.000000,2.500000,137.500000,6536.800000,19.808469,6.531177,0.020499,26.360146,30.139818,0.708269,14.321574,0.259810,0.445774,0.014172,0.000000,0.098915,200.130875,-0.000000,1.000000
2013,12,0.000000,140.000000,2.500000,142.500000,6346.230000,16.765702,21.500166,0.119914,38.385782,30.181734,0.718127,17.591633,0.222083,0.572104,0.008061,0.000000,0.091492,199.463776,-0.000000,1.000000
2013,12,0.000000,145.000000,2.500000,147.500000,1811.320000,10.389661,28.167855,0.086125,38.643641,30.294935,0.730805,22.720141,0.274908,0.528056,0.012098,0.000000,0.082618,198.682541,-0.000000,1.000000
2013,12,0.000000,150.000000,2.500000,152.500000,2433.750000,25.719979,32.806574,5.045711,63.572265,30.276499,0.735634,24.628099,0.283027,0.829816,0.012843,0.004167,0.078728,198.786285,-0.000000,1.000000
2013,12,0.000000,155.000000,2.500000,157.500000,6291.110000,12.346152,5.578507,2.209944,20.134603,30.156782,0.737843,29.690612,0.366840,0.846529,0.020917,0.009167,0.100031,199.530914,-0.000000,1.000000
2013,12,0.000000,160.000000,2.500000,162.500000,3770.390000,12.579866,5.428351,1.633783,19.642000,29.816507,0.721105,28.265439,0.383842,0.430992,0.025264,0.000000,0.149862,199.795547,-0.000000,1.000000
2013,12,0.000000,-160.000000,2.500000,-157.500000,1157.400000,11.027303,15.303266,0.000000,26.330569,,,,,,,,,,-0.000000,1.000000
2013,12,0.000000,165.000000,2.500000,167.500000,7570.080000,11.049157,7.469934,4.153589,22.672680,29.331508,0.687254,28.640834,0.384931,92.462682,0.023894,0.002779,0.203066,199.211472,-0.000000,1.000000
2013,12,0.000000,170.000000,2.500000,172.500000,7783.100000,11.837314,13.001760,1.851961,26.691036,28.941115,0.667095,31.657994,0.429586,129.549019,0.027715,0.020095,0.219525,200.036392,-0.000000,1.000000
2013,12,0.000000,-170.000000,2.500000,-167.500000,1996.170000,3.409529,56.645977,0.000000,60.055506,,,,,,,,,,-0.000000,1.000000
2013,12,0.000000,175.000000,2.500000,177.500000,8067.850000,8.166612,15.603909,0.095441,23.865962,28.695949,0.644829,41.005561,0.382104,0.423028,0.025745,0.000000,0.174241,200.378342,-0.000000,1.000000
2013,12,0.000000,-175.000000,2.500000,-172.500000,5566.360000,7.145244,33.938337,0.309358,41.392939,,,,,,,,,,-0.000000,1.000000
2013,12,5.000000,130.000000,7.500000,132.500000,1839.480000,21.341901,6.119664,0.000000,27.461565,29.370366,0.591870,22.278343,0.295021,131.077098,0.037012,0.007804,0.084386,199.400452,-0.000000,1.000000
2013,12,5.000000,135.000000,7.500000,137.500000,2446.410000,28.740481,3.359208,0.000000,32.099689,29.455547,0.618556,26.569568,0.248336,130.373488,0.031109,0.006954,0.085779,199.351776,-0.000000,1.000000
2013,12,5.000000,165.000000,7.500000,167.500000,6493.630000,15.186729,9.714751,0.563629,25.465110,29.104771,0.655231,40.571161,0.147765,131.053198,0.063116,0.046176,0.102485,199.522400,-0.000000,1.000000
2013,12,5.000000,175.000000,7.500000,177.500000,1982.490000,9.501687,10.285550,0.109458,19.896696,28.782433,0.566824,46.392630,0.146671,0.552542,0.063781,0.000000,0.157877,200.068588,-0.000000,1.000000
2013,12,5.000000,-180.000000,7.500000,-177.500000,2137.930000,2.737695,3.506195,0.369049,6.612939,,,,,,,,,,-0.000000,1.000000
2013,12,-5.000000,120.000000,-2.500000,122.500000,16303.410000,19.634972,4.613575,0.000000,24.248547,29.975926,0.643430,12.012343,0.116898,137.501955,0.012485,0.217671,0.113788,200.953354,-0.000000,1.000000
2013,12,-5.000000,125.000000,-2.500000,127.500000,24455.120000,19.634948,4.613553,0.000000,24.248501,30.060727,0.644917,12.676331,0.182640,135.501753,0.013435,0.138700,0.108313,200.645615,-0.000000,1.000000
2013,12,-5.000000,130.000000,-2.500000,132.500000,8151.710000,19.634899,4.613511,0.000000,24.248409,30.200994,0.675617,12.893850,0.124946,140.117055,0.014383,0.258171,0.132513,199.469116,-0.000000,1.000000
2013,12,-5.000000,140.000000,-2.500000,142.500000,2787.140000,8.792884,0.369913,0.000000,9.162798,30.222451,0.717834,19.238275,0.177752,134.195443,0.007603,0.050442,0.120866,200.015198,-0.000000,1.000000
2013,12,-5.000000,145.000000,-2.500000,147.500000,2362.680000,9.286488,0.088459,0.000000,9.374947,30.348694,0.730564,16.739495,0.232075,132.645122,0.012689,0.045908,0.109476,199.190598,-0.000000,1.000000
2013,12,-5.000000,155.000000,-2.500000,157.500000,1043.540000,4.012304,1.365544,13.233800,18.611649,30.653510,0.750206,14.853444,0.280566,0.431440,0.029736,0.000000,0.121154,199.747742,-0.000000,1.000000
2013,12,-5.000000,-155.000000,-2.500000,-152.500000,8589.610000,2.331654,24.786341,0.032015,27.150010,,,,,,,,,,-0.000000,1.000000
2013,12,-5.000000,160.000000,-2.500000,162.500000,2949.590000,11.285297,3.336396,6.257141,20.878834,30.343642,0.735874,19.441394,0.363945,0.530192,0.039188,0.000000,0.149104,200.968658,-0.000000,1.000000
2013,12,-5.000000,-160.000000,-2.500000,-157.500000,3683.990000,5.267115,24.649904,0.004343,29.921362,,,,,,,,,,-0.000000,1.000000
2013,12,-5.000000,165.000000,-2.500000,167.500000,3668.590000,15.459891,8.372154,6.975705,30.807749,29.928542,0.712431,20.102162,0.418688,0.479164,0.044923,0.000000,0.160915,200.967789,-0.000000,1.000000
2013,12,-5.000000,-165.000000,-2.500000,-162.500000,5023.470000,3.056453,15.983772,9.252369,28.292595,,,,,,,,,,-0.000000,1.000000
2013,12,-5.000000,170.000000,-2.500000,172.500000,3531.760000,13.073652,10.821517,5.160600,29.055768,29.463001,0.688445,20.562315,0.437450,129.328172,0.046478,0.012263,0.165988,201.461548,-0.000000,1.000000
2013,12,-5.000000,-170.000000,-2.500000,-167.500000,6145.440000,4.778828,23.386446,0.155725,28.320999,,,,,,,,,,-0.000000,1.000000
2013,12,-5.000000,175.000000,-2.500000,177.500000,5274.490000,11.836595,13.998889,0.097261,25.932744,29.038513,0.667480,28.845888,0.411547,91.452833,0.043859,0.001668,0.158995,201.604858,-0.000000,1.000000
2013,12,-5.000000,-175.000000,-2.500000,-172.500000,4362.050000,12.477849,24.369276,0.190736,37.037861,,,,,,,,,,-0.000000,1.000000
2013,12,-5.000000,-180.000000,-2.500000,-177.500000,6710.000000,5.195231,20.745455,0.144411,26.085097,,,,,,,,,,-0.000000,1.000000
2013,12,10.000000,110.000000,12.500000,112.500000,13648.220000,21.243649,3.449754,0.000000,24.693403,26.899445,0.645274,30.617696,0.176770,2.103376,0.045644,0.144444,0.089839,207.171890,-0.000000,1.000000
2013,12,10.000000,115.000000,12.500000,117.500000,15270.740000,21.096555,3.238153,0.000000,24.334708,28.213192,0.720462,25.317980,0.126790,128.962791,0.030190,0.055335,0.087606,202.800507,-0.000000,1.000000
2013,12,-10.000000,-135.000000,-7.500000,-132.500000,7278.490000,3.820161,21.462556,0.636808,25.919525,,,,,,,,,,-0.000000,1.000000
2013,12,-10.000000,145.000000,-7.500000,147.500000,1049.080000,9.459717,1.516567,0.000000,10.976284,29.782854,0.718167,11.253701,0.222378,136.328754,0.040975,0.307654,0.151314,199.595703,-0.000000,1.000000
2013,12,-10.000000,-150.000000,-7.500000,-147.500000,5641.700000,5.447472,15.180353,0.063633,20.691458,,,,,,,,,,-0.000000,1.000000
2013,12,-10.000000,155.000000,-7.500000,157.500000,2205.160000,34.957554,2.207550,0.031744,37.196847,30.611164,0.754780,12.863271,0.191036,138.136373,0.050828,0.104637,0.132843,200.388229,-0.000000,1.000000
2013,12,-10.000000,-155.000000,-7.500000,-152.500000,7209.380000,5.800915,22.781293,0.032596,28.614805,,,,,,,,,,-0.000000,1.000000
2013,12,-10.000000,160.000000,-7.500000,162.500000,1422.510000,15.066326,3.389080,6.807685,25.263091,30.549306,0.776236,15.470001,0.134047,136.416653,0.024583,0.032829,0.118831,200.001724,-0.000000,1.000000
2013,12,-10.000000,-160.000000,-7.500000,-157.500000,1178.820000,7.888397,27.485961,0.058533,35.432891,,,,,,,,,,-0.000000,1.000000
2013,12,-10.000000,165.000000,-7.500000,167.500000,5855.760000,12.011421,3.093194,8.231382,23.335997,30.394855,0.769901,16.043878,0.129333,0.562153,0.034311,0.000000,0.089141,198.785583,-0.000000,1.000000
2013,12,-10.000000,-165.000000,-7.500000,-162.500000,1700.900000,4.888588,18.289729,0.063496,23.241813,,,,,,,,,,-0.000000,1.000000
2013,12,-10.000000,170.000000,-7.500000,172.500000,7143.670000,8.580604,2.784143,9.500859,20.865605,30.280525,0.753142,18.406053,0.134640,0.309776,0.039310,0.000000,0.106111,199.317673,-0.000000,1.000000
2013,12,-10.000000,-170.000000,-7.500000,-167.500000,4831.020000,2.073682,6.268862,0.438831,8.781375,,,,,,,,,,-0.000000,1.000000
2013,12,-10.000000,175.000000,-7.500000,177.500000,2397.470000,10.508578,8.936921,0.208970,19.654469,30.014427,0.725910,22.329928,0.157366,0.484173,0.042906,0.000000,0.109640,198.670898,-0.000000,1.000000
2013,12,-10.000000,-175.000000,-7.500000,-172.500000,1280.940000,20.406889,12.476775,0.000000,32.883664,,,,,,,,,,-0.000000,1.000000
2013,12,-10.000000,-180.000000,-7.500000,-177.500000,2959.390000,6.931834,14.865226,0.257485,22.054545,,,,,,,,,,-0.000000,1.000000
2013,12,15.000000,110.000000,17.500000,112.500000,13648.220000,21.243649,3.449754,0.000000,24.693403,25.308289,0.644507,48.946252,0.199931,103.975823,0.048064,0.214018,0.174212,211.051071,-0.000000,1.000000
2013,12,15.000000,115.000000,17.500000,117.500000,15213.820000,19.949296,3.278335,0.058105,23.285736,26.150513,0.596198,34.316578,0.201816,124.089323,0.065122,0.264624,0.104497,207.379959,-0.000000,1.000000
2013,12,15.000000,125.000000,17.500000,127.500000,3081.050000,2.721799,4.991480,19.970140,27.683420,26.890766,0.902309,55.370285,0.185572,1.501094,0.069465,0.236944,0.074609,204.157455,-0.000000,1.000000
2013,12,15.000000,130.000000,17.500000,132.500000,1813.850000,4.113901,1.867850,8.833145,14.814896,27.620454,0.887604,54.781787,0.171744,1.928800,0.064241,0.159444,0.069886,203.443558,-0.000000,1.000000
2013,12,15.000000,-155.000000,17.500000,-152.500000,1178.200000,1.484468,11.390256,0.059413,12.934137,,,,,,,,,,-0.000000,1.000000
2013,12,15.000000,-160.000000,17.500000,-157.500000,2040.690000,3.297904,9.004797,0.171511,12.474212,,,,,,,,,,-0.000000,1.000000
2013,12,15.000000,-165.000000,17.500000,-162.500000,6813.500000,4.000881,16.533059,0.607617,21.141557,,,,,,,,,,-0.000000,1.000000
2013,12,15.000000,-170.000000,17.500000,-167.500000,1181.120000,3.047954,15.758771,4.453400,23.260126,,,,,,,,,,-0.000000,1.000000
2013,12,15.000000,175.000000,17.500000,177.500000,6230.130000,2.181816,5.303100,15.486354,22.971270,27.017804,0.771620,54.292728,0.125534,1.097348,0.036111,0.041667,0.054091,204.125977,-0.000000,1.000000
2013,12,-15.000000,-135.000000,-12.500000,-132.500000,20651.480000,1.124229,32.409784,3.349542,36.883555,,,,,,,,,,-0.000000,1.000000
2013,12,-15.000000,-140.000000,-12.500000,-137.500000,5549.740000,1.324386,43.202564,1.726567,46.253518,,,,,,,,,,-0.000000,1.000000
2013,12,-15.000000,145.000000,-12.500000,147.500000,1934.600000,40.244495,0.000000,5.328233,45.572728,28.728498,0.735999,16.751601,0.211154,131.175701,0.050595,0.077768,0.098570,200.972748,-0.000000,1.000000
2013,12,-15.000000,-145.000000,-12.500000,-142.500000,1331.580000,4.523949,16.868682,6.242209,27.634840,,,,,,,,,,-0.000000,1.000000
2013,12,-15.000000,-150.000000,-12.500000,-147.500000,1579.450000,2.709804,32.566400,2.312830,37.589034,,,,,,,,,,-0.000000,1.000000
2013,12,-15.000000,155.000000,-12.500000,157.500000,4291.020000,3.131889,0.968534,21.355062,25.455486,29.373251,0.665538,14.141261,0.220060,1.077911,0.054903,0.045556,0.094294,199.437012,-0.000000,1.000000
2013,12,-15.000000,160.000000,-12.500000,162.500000,7128.380000,14.645544,1.170392,44.513480,60.329416,29.737299,0.674219,13.315963,0.193261,136.086171,0.045383,0.039921,0.092164,199.028427,-0.000000,1.000000
2013,12,-15.000000,-160.000000,-12.500000,-157.500000,4018.160000,2.751259,1.174418,26.727159,30.652836,,,,,,,,,,-0.000000,1.000000
2013,12,-15.000000,165.000000,-12.500000,167.500000,6643.260000,7.895371,0.627403,27.362470,35.885243,29.910839,0.715344,14.687907,0.107959,130.327756,0.029104,0.046622,0.076513,198.041550,-0.000000,1.000000
2013,12,-15.000000,-165.000000,-12.500000,-162.500000,1371.020000,1.881811,0.250179,14.234657,16.366647,,,,,,,,,,-0.000000,1.000000
2013,12,-15.000000,170.000000,-12.500000,172.500000,8058.340000,6.971411,0.972285,18.806231,26.749926,29.983033,0.726939,18.065348,0.108118,0.572976,0.039987,0.000000,0.071113,197.873322,-0.000000,1.000000
2013,12,-15.000000,-170.000000,-12.500000,-167.500000,2878.340000,3.397444,0.593745,12.641662,16.632851,,,,,,,,,,-0.000000,1.000000
2013,12,-15.000000,-175.000000,-12.500000,-172.500000,3540.230000,6.022208,0.485562,9.934665,16.442435,,,,,,,,,,-0.000000,1.000000
2013,12,20.000000,120.000000,22.500000,122.500000,1093.980000,9.616264,0.892155,1.704784,12.213203,24.989456,0.824605,67.183143,0.261234,109.374632,0.155391,0.398113,0.230323,210.593369,-0.000000,1.000000
2013,12,20.000000,125.000000,22.500000,127.500000,1806.680000,0.793721,7.845883,20.830474,29.470078,24.379665,0.947084,70.453017,0.190137,77.553964,0.083564,0.328238,0.109147,212.324524,-0.000000,1.000000
2013,12,20.000000,130.000000,22.500000,132.500000,4543.470000,1.249265,5.805034,12.940110,19.994410,25.116141,0.910968,64.363667,0.194401,4.080690,0.109238,0.333056,0.085588,210.393539,-0.000000,1.000000
2013,12,20.000000,135.000000,22.500000,137.500000,2013.640000,1.101488,1.660674,3.967939,6.730101,26.133838,0.998253,70.228477,0.155290,4.165463,0.062748,0.346944,0.069634,208.549652,-0.000000,1.000000
2013,12,20.000000,145.000000,22.500000,147.500000,2650.320000,2.866824,3.631637,2.264255,8.762715,26.646367,0.924482,55.670808,0.156609,3.403550,0.060715,0.267778,0.069335,205.382584,-0.000000,1.000000
2013,12,20.000000,150.000000,22.500000,152.500000,4439.940000,6.781848,5.605031,7.859566,20.246445,27.035432,0.963901,57.067623,0.155169,5.226541,0.069322,0.211389,0.068000,205.268356,-0.000000,1.000000
2013,12,20.000000,155.000000,22.500000,157.500000,1641.910000,15.136031,5.981448,22.613907,43.731386,26.981291,0.917163,56.255153,0.122615,2.561951,0.047502,0.166667,0.065991,205.424850,-0.000000,1.000000
2013,12,20.000000,-155.000000,22.500000,-152.500000,6055.940000,1.672738,11.137495,0.037979,12.848212,,,,,,,,,,-0.000000,1.000000
2013,12,20.000000,-160.000000,22.500000,-157.500000,4428.520000,1.202208,9.929277,0.033871,11.165355,,,,,,,,,,-0.000000,1.000000
2013,12,20.000000,-165.000000,22.500000,-162.500000,4336.350000,1.909440,14.518662,0.258282,16.686384,,,,,,,,,,-0.000000,1.000000
2013,12,20.000000,-170.000000,22.500000,-167.500000,5932.850000,2.645103,15.109939,1.051771,18.806813,,,,,,,,,,-0.000000,1.000000
2013,12,-20.000000,-135.000000,-17.500000,-132.500000,9660.530000,1.102217,1.869980,38.437746,41.409943,,,,,,,,,,-0.000000,1.000000
2013,12,-20.000000,-145.000000,-17.500000,-142.500000,3215.230000,3.430237,3.736280,19.667022,26.833539,,,,,,,,,,-0.000000,1.000000
2013,12,-20.000000,-150.000000,-17.500000,-147.500000,5695.640000,0.558673,0.787796,24.128456,25.474925,,,,,,,,,,-0.000000,1.000000
2013,12,-20.000000,155.000000,-17.500000,157.500000,1360.840000,1.880456,1.114018,34.987949,37.982423,27.410931,0.767127,21.444595,0.172246,3.053736,0.046596,0.167500,0.093393,205.247635,-0.000000,1.000000
2013,12,-20.000000,-155.000000,-17.500000,-152.500000,2858.630000,0.572302,1.643794,18.193330,20.409427,,,,,,,,,,-0.000000,1.000000
2013,12,-20.000000,160.000000,-17.500000,162.500000,2155.350000,5.685851,0.990558,27.105575,33.781984,27.794460,0.732242,17.260045,0.169262,54.613300,0.044336,0.174215,0.097580,204.524063,-0.000000,1.000000
2013,12,-20.000000,-160.000000,-17.500000,-157.500000,1018.770000,1.765855,1.299606,32.371389,35.436850,,,,,,,,,,-0.000000,1.000000
2013,12,-20.000000,165.000000,-17.500000,167.500000,9986.110000,4.206343,0.421285,31.323508,35.951136,28.287700,0.766342,15.206497,0.151606,129.326278,0.030578,0.183615,0.102946,203.286133,-0.000000,1.000000
2013,12,-20.000000,-165.000000,-17.500000,-162.500000,4719.490000,1.772225,0.723807,26.514094,29.010126,,,,,,,,,,-0.000000,1.000000
2013,12,-20.000000,170.000000,-17.500000,172.500000,14713.350000,2.845171,0.672179,33.384036,36.901385,28.616305,0.778519,13.887067,0.164498,1.535917,0.050101,0.160556,0.095862,202.407227,-0.000000,1.000000
2013,12,-20.000000,-170.000000,-17.500000,-167.500000,3960.070000,1.908047,0.229036,17.542872,19.679955,,,,,,,,,,-0.000000,1.000000
2013,12,-20.000000,175.000000,-17.500000,177.500000,7666.090000,4.614869,0.678834,10.533662,15.827364,28.902994,0.811941,14.761235,0.099473,132.859401,0.021507,0.169457,0.100592,201.659912,-0.000000,1.000000
2013,12,-20.000000,-175.000000,-17.500000,-172.500000,3707.600000,1.739670,0.417790,17.054159,19.211619,,,,,,,,,,-0.000000,1.000000
2013,12,-20.000000,-180.000000,-17.500000,-177.500000,2148.310000,4.634806,0.656330,11.791594,17.082730,,,,,,,,,,-0.000000,1.000000
2013,12,25.000000,130.000000,27.500000,132.500000,8375.480000,1.384995,4.252532,20.150487,25.788015,22.894083,1.023315,93.102742,0.182563,45.520824,0.139413,0.271742,0.200029,216.691254,-0.000000,1.000000
2013,12,25.000000,135.000000,27.500000,137.500000,6288.110000,0.661407,2.080593,16.077645,18.819645,22.407678,0.947782,84.570948,0.196523,3.075178,0.132853,0.341944,0.223323,217.172623,-0.000000,1.000000
2013,12,25.000000,140.000000,27.500000,142.500000,3101.910000,4.883765,2.713812,22.012566,29.610143,23.181279,0.915346,74.310878,0.114678,48.550993,0.050714,0.520978,0.190966,217.699036,-0.000000,1.000000
2013,12,25.000000,145.000000,27.500000,147.500000,7137.550000,0.780380,2.243487,10.920274,13.944140,23.555201,0.935733,66.852833,0.123698,4.517947,0.084180,0.396111,0.074206,218.005020,-0.000000,1.000000
2013,12,25.000000,150.000000,27.500000,152.500000,2711.770000,1.154596,2.892207,21.247377,25.294181,23.820950,0.874127,62.245046,0.153496,5.567619,0.068690,0.426944,0.057284,217.117340,-0.000000,1.000000
2013,12,25.000000,155.000000,27.500000,157.500000,2033.980000,2.558039,3.561982,10.495678,16.615699,24.334160,0.903418,67.138647,0.134075,3.518762,0.075988,0.455556,0.054860,216.708725,-0.000000,1.000000
2013,12,25.000000,-155.000000,27.500000,-152.500000,2151.290000,0.920378,9.455257,0.027890,10.403525,,,,,,,,,,-0.000000,1.000000
2013,12,25.000000,-160.000000,27.500000,-157.500000,4528.810000,1.934283,11.968045,0.074854,13.977182,,,,,,,,,,-0.000000,1.000000
2013,12,25.000000,-165.000000,27.500000,-162.500000,3640.340000,4.883060,15.825720,0.115649,20.824428,,,,,,,,,,-0.000000,1.000000
2013,12,25.000000,175.000000,27.500000,177.500000,1346.200000,0.383301,6.074877,37.407517,43.865696,22.910930,0.707880,59.304503,0.118637,4.287010,0.060633,0.506111,0.049048,219.303101,-0.000000,1.000000
2013,12,-25.000000,150.000000,-22.500000,152.500000,2319.980000,30.902422,1.669842,7.362995,39.935258,26.663723,0.649132,23.094139,0.227578,119.918785,0.138871,0.310085,0.117680,206.753174,-0.000000,1.000000
2013,12,-25.000000,-150.000000,-22.500000,-147.500000,1387.090000,6.119286,1.358239,31.690806,39.168331,,,,,,,,,,-0.000000,1.000000
2013,12,-25.000000,-155.000000,-22.500000,-152.500000,1436.180000,0.658692,1.406509,29.745575,31.810776,,,,,,,,,,-0.000000,1.000000
2013,12,-25.000000,160.000000,-22.500000,162.500000,1322.100000,6.459421,0.383481,68.925951,75.768853,25.520378,0.646161,17.446831,0.200812,122.178791,0.107750,0.301154,0.084690,211.761505,-0.000000,1.000000
2013,12,-25.000000,165.000000,-22.500000,167.500000,4048.060000,5.614541,0.636354,54.832438,61.083334,25.918557,0.715242,16.121943,0.188166,120.776332,0.077110,0.276941,0.093934,210.715393,-0.000000,1.000000
2013,12,-25.000000,170.000000,-22.500000,172.500000,4023.600000,1.230987,0.420767,40.977483,42.629237,26.020499,0.705926,13.717944,0.201445,2.019479,0.098473,0.188611,0.090932,209.884567,-0.000000,1.000000
2013,12,-25.000000,175.000000,-22.500000,177.500000,6111.710000,2.572275,0.815320,17.983347,21.370942,26.539266,0.730052,13.196416,0.179158,1.544232,0.065097,0.213889,0.089158,208.961517,-0.000000,1.000000
2013,12,-25.000000,-180.000000,-22.500000,-177.500000,1290.600000,1.774369,0.228576,20.390516,22.393460,,,,,,,,,,-0.000000,1.000000
2013,12,30.000000,130.000000,32.500000,132.500000,4019.280000,3.063484,3.829542,18.755598,25.648624,19.934328,0.625340,73.316165,0.355729,95.808076,0.353378,0.601156,0.617470,223.620270,-0.000000,1.000000
2013,12,30.000000,135.000000,32.500000,137.500000,8002.580000,3.314306,3.966221,23.474429,30.754957,19.772296,0.774310,87.659861,0.435273,83.581802,0.483166,0.499390,0.561540,218.846146,-0.000000,1.000000
2013,12,30.000000,140.000000,32.500000,142.500000,11292.080000,0.649570,4.431425,22.692896,27.773891,20.847370,0.929665,96.896399,0.197690,29.750192,0.182614,0.181944,0.396200,223.891296,-0.000000,1.000000
2013,12,30.000000,145.000000,32.500000,147.500000,4550.940000,0.609984,3.101777,17.006157,20.717918,20.916767,1.019304,93.782579,0.204560,2.947669,0.179063,0.265000,0.287651,228.149567,-0.000000,1.000000
2013,12,30.000000,150.000000,32.500000,152.500000,3004.260000,0.782223,5.413313,35.922324,42.117859,21.327270,0.986318,86.767306,0.207720,3.133000,0.144341,0.198889,0.234722,231.006500,-0.000000,1.000000
2013,12,30.000000,155.000000,32.500000,157.500000,5479.160000,1.448945,13.171545,29.760401,44.380891,21.018129,0.780536,84.871089,0.317498,3.560529,0.218843,0.430556,0.173032,231.996246,-0.000000,1.000000
2013,12,30.000000,-155.000000,32.500000,-152.500000,2800.290000,0.274972,6.280778,55.602455,62.158205,,,,,,,,,,-0.000000,1.000000
2013,12,30.000000,160.000000,32.500000,162.500000,4677.090000,1.327962,13.376052,36.524206,51.228221,20.744935,0.794358,78.859408,0.218736,3.337540,0.133839,0.329444,0.107058,232.609573,-0.000000,1.000000
2013,12,30.000000,-165.000000,32.500000,-162.500000,1402.730000,0.165392,4.655208,34.094943,38.915543,,,,,,,,,,-0.000000,1.000000
2013,12,30.000000,170.000000,32.500000,172.500000,2791.680000,0.588893,10.645919,26.739813,37.974625,20.043165,0.706753,75.079945,0.176006,5.295820,0.103036,0.251111,0.131458,235.213989,-0.000000,1.000000
2013,12,30.000000,175.000000,32.500000,177.500000,6984.510000,0.465315,10.983448,59.727884,71.176647,18.918516,0.600923,67.973879,0.179068,3.822546,0.115741,0.330556,0.150130,238.040314,-0.000000,1.000000
2013,12,30.000000,-175.000000,32.500000,-172.500000,1003.000000,1.218345,20.597208,38.457627,60.273180,,,,,,,,,,-0.000000,1.000000
2013,12,35.000000,140.000000,37.500000,142.500000,8578.590000,0.453105,11.547002,18.685705,30.685812,15.999918,0.313654,79.245677,0.375326,82.142353,0.390240,0.666430,0.504359,224.222748,-0.000000,1.000000
2013,12,35.000000,-155.000000,37.500000,-152.500000,2933.030000,0.009546,2.880980,57.916216,60.806743,,,,,,,,,,-0.000000,1.000000
2013,12,40.000000,150.000000,42.500000,152.500000,2541.110000,0.000000,0.000000,0.000000,0.000000,8.647649,-0.123416,56.476709,0.151098,11.819100,0.120234,0.722778,0.400892,271.226685,-0.000000,1.000000
