year,month,lat,lon,lat5c,lon5c,hhooks,cpue_yft,cpue_bet,cpue_alb,cpue_total,sst,ssh,mld,current_speed,sst_gradient_max,ssh_variance,front_strength,chl,do_surface,season_sin,season_cos
2016,1,0.000000,120.000000,2.500000,122.500000,22471.260000,8.154327,2.755742,0.000000,10.910069,29.131929,0.543239,16.382435,0.284372,134.050022,0.027459,0.086282,0.111099,201.087631,0.500000,0.866025
2016,1,0.000000,125.000000,2.500000,127.500000,29961.680000,8.154316,2.755753,0.000000,10.910069,28.720797,0.452078,15.572333,0.386617,135.580746,0.063863,0.167574,0.112044,201.087067,0.500000,0.866025
2016,1,0.000000,130.000000,2.500000,132.500000,7490.420000,8.154282,2.755787,0.000000,10.910069,28.822702,0.460764,13.705092,0.333626,117.571598,0.033530,0.007224,0.108179,201.350433,0.500000,0.866025
2016,1,0.000000,135.000000,2.500000,137.500000,5217.470000,8.984623,1.574518,0.038333,10.597473,28.941700,0.442199,13.497235,0.398260,0.511375,0.057940,0.000000,0.125787,202.207916,0.500000,0.866025
2016,1,0.000000,140.000000,2.500000,142.500000,3393.760000,9.785607,6.886168,0.099889,16.771663,29.406664,0.502823,13.225324,0.457973,0.496466,0.029288,0.000000,0.097508,202.098999,0.500000,0.866025
2016,1,0.000000,145.000000,2.500000,147.500000,3669.350000,7.847439,17.980024,0.005996,25.833458,29.401899,0.519588,16.522128,0.323607,0.307068,0.014875,0.000000,0.088535,200.709137,0.500000,0.866025
2016,1,0.000000,150.000000,2.500000,152.500000,1273.570000,9.135737,7.087164,0.636007,16.858908,29.286171,0.535034,18.992983,0.328888,0.358754,0.007453,0.000000,0.084185,200.648697,0.500000,0.866025
2016,1,0.000000,155.000000,2.500000,157.500000,4728.570000,7.944262,6.837797,2.004623,16.786682,29.355924,0.548349,20.067828,0.375181,0.299648,0.010612,0.000000,0.085164,199.895111,0.500000,0.866025
2016,1,0.000000,-155.000000,2.500000,-152.500000,1911.530000,2.349427,25.751623,0.047606,28.148656,,,,,,,,,,0.500000,0.866025
2016,1,0.000000,160.000000,2.500000,162.500000,4531.050000,9.185509,7.014268,5.625848,21.825625,29.309747,0.575465,20.627546,0.439859,0.292981,0.016667,0.000000,0.086871,199.473007,0.500000,0.866025
2016,1,0.000000,-160.000000,2.500000,-157.500000,3131.170000,5.048592,24.382898,0.167350,29.598840,,,,,,,,,,0.500000,0.866025
2016,1,0.000000,165.000000,2.500000,167.500000,7509.880000,6.960564,11.188727,0.278034,18.427325,29.317695,0.597737,24.119548,0.498925,92.174541,0.022940,0.002779,0.096418,198.842194,0.500000,0.866025
2016,1,0.000000,-165.000000,2.500000,-162.500000,2730.360000,6.240935,23.861689,0.248319,30.350943,,,,,,,,,,0.500000,0.866025
2016,1,0.000000,170.000000,2.500000,172.500000,4643.330000,8.314507,17.423702,2.586937,28.325146,29.325775,0.609419,29.820324,0.447678,130.207442,0.020480,0.019816,0.096447,198.859116,0.500000,0.866025
2016,1,0.000000,-170.000000,2.500000,-167.500000,11622.110000,5.284066,23.845498,0.202803,29.332367,,,,,,,,,,0.500000,0.866025
2016,1,0.000000,175.000000,2.500000,177.500000,12046.520000,11.158326,15.801576,0.693644,27.653546,29.326999,0.607118,37.627925,0.266801,0.520356,0.006540,0.000000,0.112008,198.917740,0.500000,0.866025
2016,1,0.000000,-175.000000,2.500000,-172.500000,6060.140000,8.231823,17.460818,0.312039,26.004680,,,,,,,,,,0.500000,0.866025
2016,1,5.000000,145.000000,7.500000,147.500000,1544.840000,16.887186,11.490510,0.000000,28.377696,28.412670,0.380179,34.720783,0.283368,0.809449,0.039483,0.001111,0.084844,200.679321,0.500000,0.866025
2016,1,5.000000,155.000000,7.500000,157.500000,1197.690000,6.282093,9.510808,0.307258,16.100159,28.448660,0.422553,42.514526,0.187113,121.598121,0.051457,0.003892,0.080244,200.397186,0.500000,0.866025
2016,1,5.000000,165.000000,7.500000,167.500000,2570.500000,5.677106,9.219607,0.487843,15.384556,28.449702,0.483279,42.144291,0.203029,129.003009,0.076835,0.090368,0.083786,200.394119,0.500000,0.866025
2016,1,5.000000,170.000000,7.500000,172.500000,1703.140000,5.667767,14.288315,0.331153,20.287234,28.385975,0.447110,42.328788,0.266210,130.272269,0.095423,0.085513,0.085962,200.640152,0.500000,0.866025
2016,1,5.000000,-170.000000,7.500000,-167.500000,1071.000000,2.827264,28.916900,0.020542,31.764706,,,,,,,,,,0.500000,0.866025
2016,1,5.000000,175.000000,7.500000,177.500000,3851.730000,5.471567,7.799093,1.340437,14.611097,28.339989,0.469196,50.522123,0.194907,1.115905,0.083051,0.030556,0.084954,201.062546,0.500000,0.866025
2016,1,5.000000,-180.000000,7.500000,-177.500000,1540.080000,12.486364,8.214508,2.306374,23.007246,,,,,,,,,,0.500000,0.866025
2016,1,-5.000000,120.000000,-2.500000,122.500000,29961.680000,8.154316,2.755753,0.000000,10.910069,30.110009,0.556712,14.748346,0.124158,140.567415,0.023941,0.239759,0.104763,199.361679,0.500000,0.866025
2016,1,-5.000000,125.000000,-2.500000,127.500000,44942.520000,8.154305,2.755742,0.000000,10.910047,29.839978,0.521496,15.250988,0.176625,135.205676,0.009528,0.147368,0.102525,199.269257,0.500000,0.866025
2016,1,-5.000000,130.000000,-2.500000,132.500000,14980.840000,8.154282,2.755720,0.000000,10.910002,29.931270,0.517087,13.939396,0.076639,138.890020,0.016744,0.252793,0.135881,198.346878,0.500000,0.866025
2016,1,-5.000000,-155.000000,-2.500000,-152.500000,1587.090000,7.278730,19.859617,0.236912,27.375259,,,,,,,,,,0.500000,0.866025
2016,1,-5.000000,160.000000,-2.500000,162.500000,5085.260000,24.267982,5.238474,0.552774,30.059230,29.736396,0.579187,14.632905,0.235731,0.294455,0.010954,0.000000,0.102401,199.029083,0.500000,0.866025
2016,1,-5.000000,-160.000000,-2.500000,-157.500000,2072.690000,8.177296,18.240065,0.434701,26.852062,,,,,,,,,,0.500000,0.866025
2016,1,-5.000000,165.000000,-2.500000,167.500000,2317.460000,22.617003,11.854789,1.737678,36.209471,29.604898,0.590392,19.617638,0.216690,0.370620,0.013231,0.000000,0.116607,198.826187,0.500000,0.866025
2016,1,-5.000000,-165.000000,-2.500000,-162.500000,11327.720000,8.169517,22.654956,0.591646,31.416119,,,,,,,,,,0.500000,0.866025
2016,1,-5.000000,170.000000,-2.500000,172.500000,9733.620000,15.187258,13.497959,6.237967,34.923184,29.624512,0.596319,25.235738,0.178755,132.208797,0.006625,0.009476,0.122534,198.125916,0.500000,0.866025
2016,1,-5.000000,-170.000000,-2.500000,-167.500000,15925.120000,8.837610,20.473441,0.826744,30.137795,,,,,,,,,,0.500000,0.866025
2016,1,-5.000000,175.000000,-2.500000,177.500000,6772.230000,13.485661,22.294577,0.900147,36.680384,29.605880,0.608387,30.262988,0.101615,93.450925,0.010991,0.001668,0.132960,197.499863,0.500000,0.866025
2016,1,-5.000000,-180.000000,-2.500000,-177.500000,6372.150000,16.695150,18.581483,2.192196,37.468829,,,,,,,,,,0.500000,0.866025
2016,1,10.000000,110.000000,12.500000,112.500000,31211.670000,10.962118,0.744241,0.000000,11.706359,27.782707,0.684515,26.582428,0.137106,1.957663,0.018221,0.088333,0.081961,204.943298,0.500000,0.866025
2016,1,10.000000,115.000000,12.500000,117.500000,31211.670000,10.962118,0.744241,0.000000,11.706359,27.877974,0.628530,24.089142,0.126134,126.453983,0.035247,0.106129,0.108768,203.951828,0.500000,0.866025
2016,1,10.000000,130.000000,12.500000,132.500000,1154.140000,2.473703,0.325784,0.000000,2.799487,27.968206,0.565411,41.667644,0.286909,0.585547,0.103516,0.000000,0.080584,201.904739,0.500000,0.866025
2016,1,10.000000,135.000000,12.500000,137.500000,2659.020000,5.181232,1.339967,5.152650,11.673850,27.807992,0.585987,39.915574,0.291007,112.306953,0.106412,0.001946,0.076925,202.155365,0.500000,0.866025
2016,1,10.000000,140.000000,12.500000,142.500000,1236.460000,4.055125,1.094253,33.117125,38.266503,27.728684,0.562554,40.163897,0.261738,87.156393,0.096534,0.004174,0.075433,202.838989,0.500000,0.866025
2016,1,10.000000,155.000000,12.500000,157.500000,6601.630000,1.426920,0.364607,0.022722,1.814249,27.371139,0.514340,46.254957,0.259947,0.574410,0.086037,0.000000,0.074876,204.211975,0.500000,0.866025
2016,1,10.000000,175.000000,12.500000,177.500000,2019.060000,3.201985,10.993234,0.154032,14.349252,26.912444,0.485846,57.680833,0.236702,0.878547,0.062113,0.013611,0.092894,205.643143,0.500000,0.866025
2016,1,-10.000000,-135.000000,-7.500000,-132.500000,2316.500000,3.731923,12.099719,0.060868,15.892510,,,,,,,,,,0.500000,0.866025
2016,1,-10.000000,145.000000,-7.500000,147.500000,1192.550000,70.428074,2.695904,0.051989,73.175967,29.675099,0.631707,11.845642,0.203060,135.108046,0.055581,0.232604,0.146436,198.835175,0.500000,0.866025
2016,1,-10.000000,-150.000000,-7.500000,-147.500000,2347.540000,9.780025,17.197151,2.920078,29.897254,,,,,,,,,,0.500000,0.866025
2016,1,-10.000000,155.000000,-7.500000,157.500000,5827.650000,32.996834,3.570221,0.395700,36.962755,30.123672,0.541575,12.874883,0.093640,136.170810,0.017481,0.115042,0.130705,198.569824,0.500000,0.866025
2016,1,-10.000000,160.000000,-7.500000,162.500000,8708.150000,24.746358,2.998341,1.828517,29.573216,30.087856,0.570221,14.102898,0.105466,135.500215,0.014938,0.033971,0.131433,198.461136,0.500000,0.866025
2016,1,-10.000000,165.000000,-7.500000,167.500000,1166.690000,15.476262,3.348790,2.136814,20.961866,29.933725,0.551623,16.581979,0.116255,0.449261,0.017518,0.000000,0.128393,197.997147,0.500000,0.866025
2016,1,-10.000000,-165.000000,-7.500000,-162.500000,3600.030000,17.990961,13.364611,4.371908,35.727480,,,,,,,,,,0.500000,0.866025
2016,1,-10.000000,170.000000,-7.500000,172.500000,7766.060000,10.975450,4.974337,6.780272,22.730059,29.876029,0.569211,21.622195,0.092200,0.258884,0.014484,0.000000,0.126557,197.516449,0.500000,0.866025
2016,1,-10.000000,-170.000000,-7.500000,-167.500000,7615.680000,6.136944,7.361654,6.251838,19.750436,,,,,,,,,,0.500000,0.866025
2016,1,-10.000000,-175.000000,-7.500000,-172.500000,1025.620000,2.891909,4.913126,9.312416,17.117451,,,,,,,,,,0.500000,0.866025
2016,1,-10.000000,-180.000000,-7.500000,-177.500000,8251.430000,8.934451,7.772229,5.101055,21.807735,,,,,,,,,,0.500000,0.866025
2016,1,15.000000,110.000000,17.500000,112.500000,31211.670000,10.962118,0.744241,0.000000,11.706359,25.392774,0.633464,30.648745,0.160659,106.531126,0.072561,0.398039,0.188710,211.161438,0.500000,0.866025
2016,1,15.000000,115.000000,17.500000,117.500000,31211.670000,10.962118,0.744241,0.000000,11.706359,25.558531,0.475789,20.705109,0.129792,121.827566,0.060167,0.365181,0.105606,209.108215,0.500000,0.866025
2016,1,15.000000,125.000000,17.500000,127.500000,2096.130000,7.993302,2.302815,9.202673,19.498791,27.133376,0.793430,43.159702,0.242161,0.975774,0.111742,0.033333,0.078422,203.934998,0.500000,0.866025
2016,1,15.000000,130.000000,17.500000,132.500000,3796.900000,4.893992,3.144407,9.053965,17.092365,27.412761,0.855328,52.229676,0.191046,2.683676,0.085491,0.156667,0.076003,203.421951,0.500000,0.866025
2016,1,15.000000,135.000000,17.500000,137.500000,7885.150000,5.198379,0.850713,10.334743,16.383835,27.545467,0.897938,54.822139,0.188712,1.302228,0.102935,0.015556,0.071419,203.196823,0.500000,0.866025
2016,1,15.000000,140.000000,17.500000,142.500000,2514.930000,2.784968,3.226332,8.218917,14.230217,27.387870,0.869166,50.920051,0.191900,0.588864,0.103548,0.000000,0.069325,203.344086,0.500000,0.866025
2016,1,15.000000,-160.000000,17.500000,-157.500000,3292.230000,7.501906,20.614599,0.000000,28.116505,,,,,,,,,,0.500000,0.866025
2016,1,15.000000,-165.000000,17.500000,-162.500000,6114.270000,8.253806,20.511852,0.454183,29.219841,,,,,,,,,,0.500000,0.866025
2016,1,-15.000000,-135.000000,-12.500000,-132.500000,5625.650000,2.237964,8.292197,7.684090,18.214251,,,,,,,,,,0.500000,0.866025
2016,1,-15.000000,145.000000,-12.500000,147.500000,3994.130000,47.665950,6.610451,2.944321,57.220721,29.334523,0.677438,16.242486,0.135962,135.271192,0.036493,0.039730,0.099437,198.634506,0.500000,0.866025
2016,1,-15.000000,-145.000000,-12.500000,-142.500000,1905.120000,9.689678,6.518749,11.493764,27.702192,,,,,,,,,,0.500000,0.866025
2016,1,-15.000000,150.000000,-12.500000,152.500000,3137.650000,52.361481,3.239367,5.752076,61.352923,29.507367,0.712143,15.382639,0.125159,132.338677,0.031979,0.055336,0.099277,198.528336,0.500000,0.866025
2016,1,-15.000000,-150.000000,-12.500000,-147.500000,2607.500000,4.876702,4.306807,9.920614,19.104123,,,,,,,,,,0.500000,0.866025
2016,1,-15.000000,155.000000,-12.500000,157.500000,5102.800000,26.394920,1.339657,9.523007,37.257584,29.764785,0.666022,15.760352,0.181663,0.971534,0.069245,0.005000,0.099998,198.438538,0.500000,0.866025
2016,1,-15.000000,-155.000000,-12.500000,-152.500000,2730.560000,3.367075,1.898878,30.957386,36.223339,,,,,,,,,,0.500000,0.866025
2016,1,-15.000000,160.000000,-12.500000,162.500000,4426.990000,11.513918,1.287331,15.067348,27.868597,29.653979,0.685607,17.720642,0.187931,133.832180,0.079293,0.019117,0.098340,198.306915,0.500000,0.866025
2016,1,-15.000000,165.000000,-12.500000,167.500000,1291.540000,8.472057,0.500952,11.886585,20.859594,29.604800,0.683326,17.069918,0.183190,131.413535,0.077142,0.015634,0.076547,198.187820,0.500000,0.866025
2016,1,-15.000000,170.000000,-12.500000,172.500000,10250.730000,10.599538,1.674222,15.363003,27.636763,29.572449,0.665839,17.142841,0.164808,0.723724,0.072814,0.000278,0.073693,198.632629,0.500000,0.866025
2016,1,-15.000000,-170.000000,-12.500000,-167.500000,2333.370000,2.276107,0.446136,11.620960,14.343203,,,,,,,,,,0.500000,0.866025
2016,1,-15.000000,175.000000,-12.500000,177.500000,5764.740000,7.501639,0.957892,18.929041,27.388573,29.694466,0.647973,17.309040,0.116708,0.510489,0.053120,0.000000,0.081765,198.335373,0.500000,0.866025
2016,1,-15.000000,-175.000000,-12.500000,-172.500000,13243.600000,3.347051,2.264188,13.106633,18.717871,,,,,,,,,,0.500000,0.866025
2016,1,20.000000,120.000000,22.500000,122.500000,1373.390000,11.716264,1.501394,3.674848,16.892507,25.425603,0.887678,61.429492,0.317458,112.960979,0.190703,0.333648,0.263208,210.280182,0.500000,0.866025
2016,1,20.000000,125.000000,22.500000,127.500000,3197.390000,4.744807,6.119679,25.071699,35.936185,25.110260,1.103884,85.193933,0.199398,79.639536,0.101695,0.243191,0.124062,212.286011,0.500000,0.866025
2016,1,20.000000,130.000000,22.500000,132.500000,4852.240000,4.146126,7.497156,22.478278,34.121560,24.805474,0.904540,60.769985,0.194584,2.939693,0.090229,0.303333,0.092011,212.191360,0.500000,0.866025
2016,1,20.000000,135.000000,22.500000,137.500000,2666.770000,4.022844,5.660031,20.898690,30.581565,25.790023,1.034423,59.634357,0.185220,3.133440,0.079547,0.301944,0.073563,208.452728,0.500000,0.866025
2016,1,20.000000,145.000000,22.500000,147.500000,3993.810000,3.742291,1.948515,9.593846,15.284653,26.319524,1.031060,62.229490,0.156525,2.888392,0.060217,0.145833,0.079516,206.322601,0.500000,0.866025
2016,1,20.000000,150.000000,22.500000,152.500000,2161.840000,8.810550,4.430023,22.742664,35.983237,26.183011,0.954748,57.796253,0.123371,2.620707,0.056610,0.217500,0.074581,207.168854,0.500000,0.866025
2016,1,20.000000,155.000000,22.500000,157.500000,1498.590000,5.857506,3.972401,16.889876,26.719783,26.200871,0.956120,52.752899,0.162882,2.997304,0.081287,0.230556,0.072638,208.170319,0.500000,0.866025
2016,1,20.000000,-155.000000,22.500000,-152.500000,5096.180000,2.411022,11.961508,0.196618,14.569148,,,,,,,,,,0.500000,0.866025
2016,1,20.000000,-160.000000,22.500000,-157.500000,8229.920000,2.191516,14.713266,0.121751,17.026532,,,,,,,,,,0.500000,0.866025
2016,1,20.000000,-165.000000,22.500000,-162.500000,1650.950000,4.273903,14.055544,0.000000,18.329447,,,,,,,,,,0.500000,0.866025
2016,1,20.000000,-170.000000,22.500000,-167.500000,1208.190000,3.439856,20.495948,1.236560,25.172365,,,,,,,,,,0.500000,0.866025
2016,1,-20.000000,-135.000000,-17.500000,-132.500000,9411.970000,1.252554,1.618152,24.546615,27.417321,,,,,,,,,,0.500000,0.866025
2016,1,-20.000000,-145.000000,-17.500000,-142.500000,3063.060000,3.440677,1.238631,16.595822,21.275130,,,,,,,,,,0.500000,0.866025
2016,1,-20.000000,-150.000000,-17.500000,-147.500000,4944.140000,1.567512,1.956255,13.790872,17.314639,,,,,,,,,,0.500000,0.866025
2016,1,-20.000000,-155.000000,-17.500000,-152.500000,1552.290000,2.065336,0.987573,11.076539,14.129447,,,,,,,,,,0.500000,0.866025
2016,1,-20.000000,160.000000,-17.500000,162.500000,1045.000000,26.363636,0.403828,20.778947,47.546411,28.366101,0.743294,16.208178,0.152874,56.528872,0.069696,0.121978,0.089556,202.309280,0.500000,0.866025
2016,1,-20.000000,165.000000,-17.500000,167.500000,1678.380000,7.753906,0.709613,21.562459,30.025977,28.555646,0.751513,15.271320,0.146030,130.973262,0.055657,0.137496,0.095200,201.486404,0.500000,0.866025
2016,1,-20.000000,-165.000000,-17.500000,-162.500000,1458.820000,1.320245,0.270767,14.071647,15.662659,,,,,,,,,,0.500000,0.866025
2016,1,-20.000000,170.000000,-17.500000,172.500000,12819.230000,4.016232,0.752931,16.753814,21.522978,28.592496,0.742109,15.507091,0.194337,1.960930,0.092140,0.095833,0.078968,201.362045,0.500000,0.866025
2016,1,-20.000000,175.000000,-17.500000,177.500000,18230.690000,9.006900,0.987949,9.856621,19.851470,28.741986,0.711918,12.948632,0.102722,133.952995,0.030967,0.123054,0.092167,201.363159,0.500000,0.866025
2016,1,-20.000000,-175.000000,-17.500000,-172.500000,1952.770000,9.630422,0.605294,16.723424,26.959140,,,,,,,,,,0.500000,0.866025
2016,1,-20.000000,-180.000000,-17.500000,-177.500000,2907.440000,12.182195,2.108040,11.599208,25.889442,,,,,,,,,,0.500000,0.866025
2016,1,25.000000,130.000000,27.500000,132.500000,4965.390000,1.251463,2.733924,30.636667,34.622054,22.545907,1.039758,92.085600,0.205685,47.007768,0.142762,0.264796,0.296187,219.156235,0.500000,0.866025
2016,1,25.000000,135.000000,27.500000,137.500000,10024.550000,1.034061,3.161538,16.539695,20.735295,22.278618,1.005714,82.472927,0.148261,4.161064,0.089313,0.385000,0.290641,218.221252,0.500000,0.866025
2016,1,25.000000,140.000000,27.500000,142.500000,4640.460000,2.203876,3.405050,38.978679,44.587606,22.719424,0.964326,74.619922,0.111556,44.405398,0.055332,0.418450,0.179132,219.525314,0.500000,0.866025
2016,1,25.000000,145.000000,27.500000,147.500000,8877.370000,0.890579,1.913292,9.437029,12.240900,23.559239,0.966264,77.343020,0.131125,5.256501,0.064600,0.578333,0.076862,219.452332,0.500000,0.866025
2016,1,25.000000,150.000000,27.500000,152.500000,2730.760000,1.020595,4.338353,5.094552,10.453500,23.737957,1.008134,75.604228,0.149572,4.434781,0.074060,0.495833,0.059610,219.059845,0.500000,0.866025
2016,1,25.000000,-155.000000,27.500000,-152.500000,3412.530000,2.088480,16.650696,0.054505,18.793681,,,,,,,,,,0.500000,0.866025
2016,1,25.000000,160.000000,27.500000,162.500000,2625.640000,0.200713,4.000548,65.518502,69.719764,22.750658,0.838638,66.851392,0.116448,4.830992,0.050356,0.429722,0.055476,219.865219,0.500000,0.866025
2016,1,25.000000,-160.000000,27.500000,-157.500000,11497.160000,3.550181,19.489944,0.174304,23.214429,,,,,,,,,,0.500000,0.866025
2016,1,25.000000,-165.000000,27.500000,-162.500000,3784.960000,4.809562,21.319908,0.188641,26.318112,,,,,,,,,,0.500000,0.866025
2016,1,25.000000,170.000000,27.500000,172.500000,1753.280000,2.439998,7.257825,14.398727,24.096550,22.386160,0.779758,67.158654,0.151747,7.185836,0.076065,0.530556,0.057501,222.617050,0.500000,0.866025
2016,1,25.000000,-170.000000,27.500000,-167.500000,1273.320000,15.714824,2.695316,4.731725,23.141865,,,,,,,,,,0.500000,0.866025
2016,1,25.000000,175.000000,27.500000,177.500000,1818.620000,2.952239,11.022644,22.460987,36.435869,22.221859,0.705408,68.877185,0.124227,3.775517,0.051469,0.585000,0.052726,224.007950,0.500000,0.866025
2016,1,-25.000000,-145.000000,-22.500000,-142.500000,1952.310000,4.309766,1.271314,26.873806,32.454887,,,,,,,,,,0.500000,0.866025
2016,1,-25.000000,160.000000,-22.500000,162.500000,2205.240000,9.192197,0.098402,39.474162,48.764760,26.290022,0.612518,13.852509,0.129925,127.033564,0.074439,0.171967,0.092227,208.635941,0.500000,0.866025
2016,1,-25.000000,165.000000,-22.500000,167.500000,1626.790000,16.743403,0.420460,13.087122,30.250985,26.921563,0.657333,13.536047,0.163957,126.065640,0.078531,0.235805,0.098889,207.607178,0.500000,0.866025
2016,1,-25.000000,175.000000,-22.500000,177.500000,1736.500000,5.262885,0.503311,15.266340,21.032537,26.749470,0.671248,12.460538,0.232720,2.195543,0.088629,0.194167,0.086244,206.292633,0.500000,0.866025
2016,1,-25.000000,-180.000000,-22.500000,-177.500000,1676.950000,16.717851,2.563583,16.620054,35.901488,,,,,,,,,,0.500000,0.866025
2016,1,30.000000,130.000000,32.500000,132.500000,5696.550000,1.999456,4.710044,31.754132,38.463631,19.677226,0.655222,76.548599,0.324763,98.372718,0.343953,0.685934,0.623331,226.621323,0.500000,0.866025
2016,1,30.000000,135.000000,32.500000,137.500000,15145.370000,2.449858,8.813056,34.319003,45.581917,20.022219,0.880184,99.506406,0.406202,90.244633,0.444718,0.484747,0.513057,221.875809,0.500000,0.866025
2016,1,30.000000,140.000000,32.500000,142.500000,15955.410000,0.519886,5.701702,12.437850,18.659439,20.288977,0.994839,117.483805,0.252205,28.347084,0.233636,0.216389,0.394846,225.389343,0.500000,0.866025
2016,1,30.000000,145.000000,32.500000,147.500000,2812.890000,0.132959,3.483250,5.833147,9.449356,20.263665,0.919279,102.342385,0.304053,5.460901,0.224978,0.429167,0.386110,228.565155,0.500000,0.866025
2016,1,30.000000,165.000000,32.500000,167.500000,2373.910000,1.052272,9.306166,33.973908,44.332346,19.193934,0.723723,107.361748,0.289599,3.726508,0.176383,0.489167,0.204912,239.859100,0.500000,0.866025
2016,1,30.000000,-165.000000,32.500000,-162.500000,2025.470000,9.097642,6.275087,8.637501,24.010230,,,,,,,,,,0.500000,0.866025
2016,1,30.000000,170.000000,32.500000,172.500000,8340.500000,2.290510,12.103711,29.371261,43.765482,19.081581,0.713733,103.960078,0.191250,3.662061,0.142510,0.388889,0.161900,241.696655,0.500000,0.866025
2016,1,30.000000,-170.000000,32.500000,-167.500000,4437.810000,10.685901,5.717460,9.260649,25.664010,,,,,,,,,,0.500000,0.866025
2016,1,30.000000,175.000000,32.500000,177.500000,4855.260000,5.231852,11.323801,19.890799,36.446452,17.564782,0.526087,87.874407,0.229820,5.051456,0.186659,0.468056,0.155743,243.900925,0.500000,0.866025
2016,1,30.000000,-175.000000,32.500000,-172.500000,3901.220000,10.210652,7.651965,10.782012,28.644629,,,,,,,,,,0.500000,0.866025
2016,1,30.000000,-180.000000,32.500000,-177.500000,1295.000000,5.515830,11.040154,20.944402,37.500386,,,,,,,,,,0.500000,0.866025
2016,1,-30.000000,155.000000,-27.500000,157.500000,2755.410000,21.973136,6.212143,1.752915,29.938194,25.120968,0.682545,18.860991,0.325250,3.310076,0.166065,0.184167,0.093952,214.552185,0.500000,0.866025
2016,1,35.000000,140.000000,37.500000,142.500000,8868.810000,0.064270,15.867518,20.342301,36.274089,13.823847,0.161179,94.147655,0.356697,77.277524,0.307118,0.825222,0.476128,223.909683,0.500000,0.866025
2016,2,0.000000,120.000000,2.500000,122.500000,20181.580000,9.079468,3.068392,0.000000,12.147860,28.926937,0.550422,15.399392,0.343078,135.644904,0.029354,0.111732,0.111715,201.504425,0.866025,0.500000
2016,2,0.000000,125.000000,2.500000,127.500000,26908.780000,9.079453,3.068404,0.000000,12.147857,28.562528,0.477315,15.125633,0.321438,134.460847,0.059420,0.174229,0.112300,201.178879,0.866025,0.500000
2016,2,0.000000,130.000000,2.500000,132.500000,6727.190000,9.079422,3.068443,0.000000,12.147866,28.601509,0.468510,13.007254,0.279227,116.583001,0.035144,0.007224,0.119227,201.963165,0.866025,0.500000
2016,2,0.000000,145.000000,2.500000,147.500000,3571.830000,4.052265,9.913966,0.000000,13.966230,29.154956,0.537345,19.037108,0.438752,0.325973,0.018380,0.000000,0.093058,200.937866,0.866025,0.500000
2016,2,0.000000,150.000000,2.500000,152.500000,1362.390000,7.207921,14.586866,0.307548,22.102335,29.185722,0.546982,17.602653,0.500583,0.450429,0.020281,0.000000,0.090251,200.295807,0.866025,0.500000
2016,2,0.000000,-155.000000,2.500000,-152.500000,9115.560000,2.334909,23.615993,0.011080,25.961981,,,,,,,,,,0.866025,0.500000
2016,2,0.000000,160.000000,2.500000,162.500000,1875.770000,8.119332,5.951156,0.898831,14.969319,29.240148,0.568653,22.457852,0.631900,0.390774,0.030048,0.000000,0.136110,199.508728,0.866025,0.500000
2016,2,0.000000,-160.000000,2.500000,-157.500000,7102.130000,2.478411,26.120192,0.156573,28.755176,,,,,,,,,,0.866025,0.500000
2016,2,0.000000,165.000000,2.500000,167.500000,1791.750000,12.885168,12.692619,0.273476,25.851263,29.038654,0.567961,24.243216,0.667031,91.223516,0.034033,0.002779,0.156169,199.184982,0.866025,0.500000
2016,2,0.000000,-165.000000,2.500000,-162.500000,2546.200000,1.553688,16.441364,0.023565,18.018616,,,,,,,,,,0.866025,0.500000
2016,2,0.000000,170.000000,2.500000,172.500000,7011.540000,10.248818,14.887172,1.344070,26.480060,28.995061,0.573624,26.667327,0.752278,129.427678,0.042968,0.073681,0.194386,198.914490,0.866025,0.500000
2016,2,0.000000,-170.000000,2.500000,-167.500000,7092.900000,1.769375,17.759450,0.403502,19.932327,,,,,,,,,,0.866025,0.500000
2016,2,0.000000,175.000000,2.500000,177.500000,21001.110000,6.910254,22.754702,0.373076,30.038031,29.099944,0.586328,33.226223,0.755019,0.505462,0.039296,0.000000,0.172337,198.638809,0.866025,0.500000
2016,2,0.000000,-175.000000,2.500000,-172.500000,6838.900000,1.595578,22.555089,0.150609,24.301277,,,,,,,,,,0.866025,0.500000
2016,2,0.000000,-180.000000,2.500000,-177.500000,5310.330000,5.710756,29.322660,0.225033,35.258449,,,,,,,,,,0.866025,0.500000
2016,2,5.000000,155.000000,7.500000,157.500000,1204.680000,12.732842,3.227413,0.725504,16.685759,28.240164,0.506460,43.560190,0.148369,119.708453,0.053251,0.003614,0.077389,200.330063,0.866025,0.500000
2016,2,5.000000,160.000000,7.500000,162.500000,1140.840000,15.479822,12.773044,0.636373,28.889240,28.313500,0.550732,44.472761,0.134704,1.258161,0.045356,0.018056,0.079285,200.431778,0.866025,0.500000
2016,2,5.000000,-160.000000,7.500000,-157.500000,2761.090000,2.241144,22.168057,0.018833,24.428034,,,,,,,,,,0.866025,0.500000
2016,2,5.000000,165.000000,7.500000,167.500000,11525.370000,19.241638,19.789820,0.204072,39.235530,28.274406,0.547679,43.279139,0.171593,127.702917,0.059055,0.074504,0.080819,200.551773,0.866025,0.500000
2016,2,5.000000,170.000000,7.500000,172.500000,2611.710000,13.038584,13.916170,0.243136,27.197890,28.163233,0.535985,47.846286,0.205042,127.823122,0.079269,0.096765,0.081131,200.901184,0.866025,0.500000
2016,2,5.000000,-170.000000,7.500000,-167.500000,2703.810000,0.672754,15.340575,0.155336,16.168666,,,,,,,,,,0.866025,0.500000
2016,2,5.000000,175.000000,7.500000,177.500000,17580.920000,9.773834,18.101726,0.315171,28.190732,28.090157,0.536529,57.404132,0.125060,1.154859,0.068832,0.017778,0.077758,201.562546,0.866025,0.500000
2016,2,5.000000,-175.000000,7.500000,-172.500000,4856.400000,0.654188,19.375669,0.356025,20.385883,,,,,,,,,,0.866025,0.500000
2016,2,5.000000,-180.000000,7.500000,-177.500000,4474.420000,5.949821,13.226519,1.525784,20.702125,,,,,,,,,,0.866025,0.500000
2016,2,-5.000000,120.000000,-2.500000,122.500000,26908.780000,9.079453,3.068404,0.000000,12.147857,29.961489,0.587338,14.468348,0.118791,138.576560,0.028981,0.230522,0.098284,198.105682,0.866025,0.500000
2016,2,-5.000000,125.000000,-2.500000,127.500000,40363.170000,9.079440,3.068391,0.000000,12.147832,29.646065,0.557936,17.239557,0.184822,135.679617,0.016038,0.148607,0.091907,197.953857,0.866025,0.500000
2016,2,-5.000000,130.000000,-2.500000,132.500000,13454.390000,9.079416,3.068367,0.000000,12.147782,29.762885,0.542848,16.833036,0.142385,136.770714,0.028357,0.259826,0.135430,197.871735,0.866025,0.500000
2016,2,-5.000000,160.000000,-2.500000,162.500000,1430.670000,9.322905,5.992996,0.866727,16.182628,29.622026,0.580875,20.449818,0.440445,0.412419,0.026603,0.000000,0.099994,198.489304,0.866025,0.500000
2016,2,-5.000000,-165.000000,-2.500000,-162.500000,1610.720000,3.401584,9.437394,0.870418,13.709397,,,,,,,,,,0.866025,0.500000
2016,2,-5.000000,-170.000000,-2.500000,-167.500000,2649.400000,4.558013,14.285499,0.987393,19.830905,,,,,,,,,,0.866025,0.500000
2016,2,-5.000000,175.000000,-2.500000,177.500000,3230.670000,5.264543,17.394534,1.166941,23.826018,29.637122,0.611221,18.273446,0.457891,93.997906,0.042117,0.001668,0.126243,197.882111,0.866025,0.500000
2016,2,-5.000000,-180.000000,-2.500000,-177.500000,3044.600000,7.335282,28.322276,0.824410,36.481968,,,,,,,,,,0.866025,0.500000
2016,2,10.000000,110.000000,12.500000,112.500000,31648.520000,10.810806,0.733968,0.000000,11.544774,27.223262,0.711078,38.549711,0.173952,3.071271,0.023419,0.116389,0.083557,206.119919,0.866025,0.500000
2016,2,10.000000,115.000000,12.500000,117.500000,31648.520000,10.810806,0.733968,0.000000,11.544774,27.224920,0.645679,27.987873,0.151721,123.981238,0.046614,0.124007,0.161776,205.660370,0.866025,0.500000
2016,2,10.000000,125.000000,12.500000,127.500000,1017.290000,4.046044,1.576738,0.564244,6.187026,27.593177,0.576787,36.600963,0.264326,122.315862,0.071426,0.092936,0.083736,203.167160,0.866025,0.500000
2016,2,10.000000,130.000000,12.500000,132.500000,10367.280000,1.267835,1.625788,0.000000,2.893623,27.715894,0.606382,43.386811,0.305848,0.415708,0.112185,0.000000,0.075934,202.751663,0.866025,0.500000
2016,2,10.000000,135.000000,12.500000,137.500000,5301.710000,2.231544,0.072429,1.297317,3.601291,27.678911,0.604373,38.106523,0.291643,111.461719,0.100374,0.001946,0.075514,202.960297,0.866025,0.500000
2016,2,10.000000,145.000000,12.500000,147.500000,1000.320000,3.550864,5.422265,0.000000,8.973129,27.367272,0.581053,44.275888,0.243096,85.889322,0.087505,0.024180,0.075328,204.524353,0.866025,0.500000
2016,2,10.000000,150.000000,12.500000,152.500000,4604.890000,1.186130,0.566572,0.035180,1.787882,27.204153,0.571613,47.430598,0.265592,0.617156,0.082750,0.000000,0.076636,204.625351,0.866025,0.500000
2016,2,10.000000,155.000000,12.500000,157.500000,12682.590000,1.405470,0.635596,0.077666,2.118731,27.178567,0.567819,53.091697,0.242664,0.649659,0.067513,0.000000,0.074925,205.432541,0.866025,0.500000
2016,2,10.000000,160.000000,12.500000,162.500000,1826.590000,1.298595,0.034490,0.122633,1.455718,26.977677,0.573075,55.757268,0.243504,120.612589,0.067169,0.028986,0.087681,205.554565,0.866025,0.500000
2016,2,10.000000,-165.000000,12.500000,-162.500000,4645.180000,7.542227,23.227518,1.031607,31.801351,,,,,,,,,,0.866025,0.500000
2016,2,10.000000,-170.000000,12.500000,-167.500000,4523.120000,16.646253,29.040132,1.738623,47.425008,,,,,,,,,,0.866025,0.500000
2016,2,10.000000,175.000000,12.500000,177.500000,2267.900000,7.323074,41.816218,0.256184,49.395476,26.546813,0.536138,63.482360,0.226500,0.855657,0.052040,0.023056,0.087606,207.014359,0.866025,0.500000
2016,2,10.000000,-175.000000,12.500000,-172.500000,2074.970000,5.051157,49.370834,1.335441,55.757433,,,,,,,,,,0.866025,0.500000
2016,2,10.000000,-180.000000,12.500000,-177.500000,1222.300000,7.134091,28.652540,0.319889,36.106520,,,,,,,,,,0.866025,0.500000
2016,2,-10.000000,145.000000,-7.500000,147.500000,1064.740000,79.708661,12.269662,0.246069,92.224393,29.541422,0.623223,13.055916,0.220696,135.636799,0.071016,0.278827,0.159443,198.306992,0.866025,0.500000
2016,2,-10.000000,150.000000,-7.500000,152.500000,3446.830000,57.232588,8.456756,0.105314,65.794658,29.863813,0.546500,17.946943,0.242272,133.886003,0.053201,0.094753,0.106473,197.820419,0.866025,0.500000
2016,2,-10.000000,-150.000000,-7.500000,-147.500000,2443.550000,5.780933,3.280882,4.777885,13.839700,,,,,,,,,,0.866025,0.500000
2016,2,-10.000000,155.000000,-7.500000,157.500000,5227.650000,19.072241,2.577449,0.847035,22.496724,29.714648,0.512318,18.683788,0.191026,134.661235,0.013945,0.115933,0.156647,197.767319,0.866025,0.500000
2016,2,-10.000000,160.000000,-7.500000,162.500000,2036.400000,20.875565,2.520625,0.806816,24.203005,29.688172,0.510055,19.586559,0.228276,134.715620,0.024394,0.034827,0.195035,197.447311,0.866025,0.500000
2016,2,-10.000000,-160.000000,-7.500000,-157.500000,1194.100000,17.820953,2.070178,7.501884,27.393016,,,,,,,,,,0.866025,0.500000
2016,2,-10.000000,-165.000000,-7.500000,-162.500000,6954.020000,11.495797,4.789172,5.626098,21.911067,,,,,,,,,,0.866025,0.500000
2016,2,-10.000000,170.000000,-7.500000,172.500000,4227.410000,4.510090,6.403921,3.522961,14.436972,29.833546,0.579030,20.852154,0.181785,0.214119,0.031837,0.000000,0.128524,196.865997,0.866025,0.500000
2016,2,-10.000000,-170.000000,-7.500000,-167.500000,5999.770000,3.632806,5.618715,8.137812,17.389333,,,,,,,,,,0.866025,0.500000
2016,2,-10.000000,-175.000000,-7.500000,-172.500000,4345.670000,2.860088,5.872052,7.098330,15.830470,,,,,,,,,,0.866025,0.500000
2016,2,-10.000000,-180.000000,-7.500000,-177.500000,1340.550000,6.054231,5.689456,4.119951,15.863638,,,,,,,,,,0.866025,0.500000
2016,2,15.000000,110.000000,17.500000,112.500000,31648.520000,10.810806,0.733968,0.000000,11.544774,24.214662,0.594168,34.019029,0.206528,96.053256,0.098467,0.499567,0.184100,213.914856,0.866025,0.500000
2016,2,15.000000,115.000000,17.500000,117.500000,31648.520000,10.810806,0.733968,0.000000,11.544774,24.941796,0.509142,24.827829,0.139260,117.775706,0.069790,0.460724,0.111393,211.287796,0.866025,0.500000
2016,2,15.000000,125.000000,17.500000,127.500000,5356.950000,6.173289,2.330057,5.140798,13.644145,26.887539,0.836242,57.553376,0.244931,2.144213,0.111995,0.105278,0.083227,205.399689,0.866025,0.500000
2016,2,15.000000,130.000000,17.500000,132.500000,6364.190000,4.688106,3.612557,16.291311,24.591975,26.946141,0.899769,60.079504,0.204573,2.761669,0.089126,0.137222,0.075491,205.173981,0.866025,0.500000
2016,2,15.000000,135.000000,17.500000,137.500000,5430.690000,4.911162,5.263051,17.657977,27.832191,27.024207,0.904921,49.449694,0.205044,1.366949,0.101793,0.024167,0.071695,204.566681,0.866025,0.500000
2016,2,15.000000,140.000000,17.500000,142.500000,2736.980000,6.402677,6.080424,29.264372,41.747473,26.989386,0.884329,52.645364,0.164238,0.971196,0.066537,0.014167,0.071842,204.899338,0.866025,0.500000
2016,2,15.000000,150.000000,17.500000,152.500000,1209.460000,10.306252,2.807038,32.994063,46.107354,26.618163,0.833399,58.092028,0.174326,0.813260,0.062273,0.004444,0.066930,206.372971,0.866025,0.500000
2016,2,15.000000,-155.000000,17.500000,-152.500000,1979.010000,1.583620,20.224759,0.000000,21.808379,,,,,,,,,,0.866025,0.500000
2016,2,15.000000,160.000000,17.500000,162.500000,3815.280000,4.241891,0.966377,0.688809,5.897077,26.235435,0.824857,67.935435,0.190706,0.902488,0.071994,0.005556,0.053451,207.391190,0.866025,0.500000
2016,2,15.000000,-160.000000,17.500000,-157.500000,6425.100000,6.416554,16.203328,0.161243,22.781124,,,,,,,,,,0.866025,0.500000
2016,2,15.000000,-165.000000,17.500000,-162.500000,7167.690000,4.921530,20.565343,0.704411,26.191283,,,,,,,,,,0.866025,0.500000
2016,2,-15.000000,-135.000000,-12.500000,-132.500000,8257.110000,2.222569,4.761593,16.374858,23.359020,,,,,,,,,,0.866025,0.500000
2016,2,-15.000000,145.000000,-12.500000,147.500000,3642.340000,47.205917,5.895660,6.274263,59.375841,30.042768,0.722330,15.068139,0.130663,138.776683,0.040461,0.042265,0.105506,197.017029,0.866025,0.500000
2016,2,-15.000000,-145.000000,-12.500000,-142.500000,5296.670000,7.397478,3.233730,7.934042,18.565249,,,,,,,,,,0.866025,0.500000
2016,2,-15.000000,150.000000,-12.500000,152.500000,1450.370000,44.514848,3.037156,6.170150,53.722154,29.821332,0.693864,16.649002,0.150267,132.947800,0.032517,0.033879,0.095147,196.914978,0.866025,0.500000
2016,2,-15.000000,-150.000000,-12.500000,-147.500000,2664.700000,4.210981,3.175217,9.703907,17.090104,,,,,,,,,,0.866025,0.500000
2016,2,-15.000000,155.000000,-12.500000,157.500000,6016.510000,12.498276,1.262194,16.118813,29.879282,30.035710,0.648545,17.836077,0.165918,0.662326,0.083478,0.000000,0.105339,196.417908,0.866025,0.500000
2016,2,-15.000000,-155.000000,-12.500000,-152.500000,1608.310000,3.514870,1.052036,28.880004,33.446910,,,,,,,,,,0.866025,0.500000
2016,2,-15.000000,160.000000,-12.500000,162.500000,4607.240000,8.224447,1.874224,13.074205,23.172876,30.170150,0.672893,17.548573,0.160718,134.854316,0.093823,0.019398,0.081038,196.072601,0.866025,0.500000
2016,2,-15.000000,-160.000000,-12.500000,-157.500000,3273.570000,0.847393,0.754528,17.121675,18.723595,,,,,,,,,,0.866025,0.500000
2016,2,-15.000000,165.000000,-12.500000,167.500000,2439.830000,2.574360,0.810302,9.670346,13.055008,30.031932,0.648120,16.723411,0.131205,134.838775,0.079961,0.015355,0.070543,196.360092,0.866025,0.500000
2016,2,-15.000000,170.000000,-12.500000,172.500000,3447.660000,3.982121,1.513200,14.941148,20.436470,29.956194,0.657453,18.068061,0.108673,0.495233,0.069841,0.000000,0.073618,196.529800,0.866025,0.500000
2016,2,-15.000000,175.000000,-12.500000,177.500000,4359.970000,2.591532,1.042209,18.922837,22.556577,30.155025,0.658473,20.786624,0.075351,0.333958,0.045011,0.000000,0.082575,195.754471,0.866025,0.500000
2016,2,-15.000000,-175.000000,-12.500000,-172.500000,8745.330000,1.807250,2.213639,9.406049,13.426938,,,,,,,,,,0.866025,0.500000
2016,2,20.000000,120.000000,22.500000,122.500000,1162.410000,12.927452,2.201461,3.251865,18.380778,24.206741,0.900368,73.538623,0.326543,110.785271,0.190729,0.326415,0.329705,214.303192,0.866025,0.500000
2016,2,20.000000,125.000000,22.500000,127.500000,1532.680000,2.832294,4.591957,14.500091,21.924342,23.845128,0.989754,78.172767,0.210616,75.830571,0.105916,0.287938,0.182976,218.499741,0.866025,0.500000
2016,2,20.000000,135.000000,22.500000,137.500000,1677.630000,3.377980,6.692179,10.412308,20.482466,24.383485,0.932488,46.245632,0.169245,2.910973,0.090342,0.476389,0.077790,212.084274,0.866025,0.500000
2016,2,20.000000,140.000000,22.500000,142.500000,1279.200000,14.768605,3.683552,30.916198,49.368355,25.551366,0.972419,57.913051,0.149555,50.715991,0.094484,0.217005,0.077998,210.797150,0.866025,0.500000
2016,2,20.000000,145.000000,22.500000,147.500000,1107.470000,7.937010,6.411009,21.057004,35.405022,25.466492,1.001146,57.740429,0.174703,2.286464,0.073379,0.163889,0.088222,209.269318,0.866025,0.500000
2016,2,20.000000,150.000000,22.500000,152.500000,1767.270000,12.731501,3.240026,34.978243,50.949770,25.435333,0.931312,50.914329,0.136014,2.790948,0.037624,0.199722,0.078710,210.238022,0.866025,0.500000
2016,2,20.000000,-160.000000,22.500000,-157.500000,1382.250000,2.210165,9.757280,0.000000,11.967444,,,,,,,,,,0.866025,0.500000
2016,2,-20.000000,-135.000000,-17.500000,-132.500000,10896.520000,2.271184,1.277839,20.237929,23.786952,,,,,,,,,,0.866025,0.500000
2016,2,-20.000000,-145.000000,-17.500000,-142.500000,1115.070000,3.447317,0.801743,8.253294,12.502354,,,,,,,,,,0.866025,0.500000
2016,2,-20.000000,-150.000000,-17.500000,-147.500000,3834.790000,2.705233,1.372957,9.431286,13.509475,,,,,,,,,,0.866025,0.500000
2016,2,-20.000000,175.000000,-17.500000,177.500000,8373.720000,5.421724,0.781015,8.279952,14.482691,29.783846,0.748995,16.341968,0.105827,137.095077,0.025707,0.103965,0.099669,198.170792,0.866025,0.500000
2016,2,-20.000000,-175.000000,-17.500000,-172.500000,2883.220000,3.772518,0.727659,15.354361,19.854538,,,,,,,,,,0.866025,0.500000
2016,2,-20.000000,-180.000000,-17.500000,-177.500000,6572.450000,5.542378,1.456839,10.518604,17.517821,,,,,,,,,,0.866025,0.500000
2016,2,25.000000,130.000000,27.500000,132.500000,6732.370000,2.998053,3.462525,25.971389,32.431967,21.186490,0.982328,100.219474,0.259426,44.409773,0.148395,0.375382,0.418243,222.834518,0.866025,0.500000
2016,2,25.000000,135.000000,27.500000,137.500000,12139.020000,1.945215,2.835814,33.058929,37.839957,21.289110,0.971527,75.990626,0.164895,5.297751,0.073196,0.507778,0.342214,221.456146,0.866025,0.500000
2016,2,25.000000,140.000000,27.500000,142.500000,4999.960000,5.469444,2.503820,44.054152,52.027416,21.573763,0.978429,70.111636,0.113656,42.410945,0.047217,0.556821,0.275969,224.951538,0.866025,0.500000
2016,2,25.000000,145.000000,27.500000,147.500000,1117.770000,1.894844,1.008258,5.958292,8.861394,22.818935,0.994356,72.138512,0.124685,6.556138,0.060492,0.439722,0.109787,224.880768,0.866025,0.500000
2016,2,25.000000,155.000000,27.500000,157.500000,3314.060000,2.771525,3.803190,30.452979,37.027694,22.009364,0.878101,51.888208,0.120847,6.153172,0.077240,0.372778,0.062516,224.493561,0.866025,0.500000
2016,2,25.000000,-155.000000,27.500000,-152.500000,2251.570000,2.801157,15.486527,1.134320,19.422003,,,,,,,,,,0.866025,0.500000
2016,2,25.000000,160.000000,27.500000,162.500000,2067.210000,7.432240,2.034143,26.497066,35.963448,22.130366,0.831142,55.932080,0.126403,6.536929,0.062788,0.440833,0.060097,224.550781,0.866025,0.500000
2016,2,25.000000,-160.000000,27.500000,-157.500000,4136.640000,3.457154,16.973437,1.712017,22.142608,,,,,,,,,,0.866025,0.500000
2016,2,25.000000,-165.000000,27.500000,-162.500000,4899.720000,4.729862,20.270546,0.204501,25.204910,,,,,,,,,,0.866025,0.500000
2016,2,25.000000,170.000000,27.500000,172.500000,2140.600000,3.603663,2.055031,14.357657,20.016351,21.378186,0.763287,62.557268,0.132970,4.077090,0.064661,0.517500,0.063608,227.447449,0.866025,0.500000
2016,2,25.000000,175.000000,27.500000,177.500000,2334.080000,3.271953,3.206831,17.933833,24.412617,21.098139,0.687638,68.263890,0.116907,6.904699,0.055067,0.642222,0.059813,228.548050,0.866025,0.500000
2016,2,-25.000000,-145.000000,-22.500000,-142.500000,2354.780000,5.148252,1.931815,15.967097,23.047164,,,,,,,,,,0.866025,0.500000
2016,2,-25.000000,-150.000000,-22.500000,-147.500000,1037.380000,3.986967,1.659951,14.334188,19.981106,,,,,,,,,,0.866025,0.500000
2016,2,-25.000000,155.000000,-22.500000,157.500000,1833.930000,14.503280,0.796650,53.850474,69.150404,27.418428,0.720198,17.315927,0.228739,57.146312,0.114853,0.166713,0.087998,204.099335,0.866025,0.500000
2016,2,-25.000000,175.000000,-22.500000,177.500000,2138.490000,6.461101,0.605567,8.560713,15.627382,27.643418,0.684793,19.759040,0.249841,2.376665,0.125374,0.280556,0.091321,202.735046,0.866025,0.500000
2016,2,-25.000000,-180.000000,-22.500000,-177.500000,1446.830000,12.249539,1.152174,7.195731,20.597444,,,,,,,,,,0.866025,0.500000
2016,2,30.000000,130.000000,32.500000,132.500000,9475.880000,4.314850,4.067063,22.062753,30.444666,18.333997,0.645412,84.969532,0.391574,86.291147,0.401738,0.831599,0.680766,232.606583,0.866025,0.500000
2016,2,30.000000,135.000000,32.500000,137.500000,12666.290000,3.373285,6.030811,24.519413,33.923509,19.416465,0.885615,122.324160,0.360440,81.398184,0.396963,0.423124,0.552563,225.984772,0.866025,0.500000
2016,2,30.000000,140.000000,32.500000,142.500000,18723.590000,0.359119,6.042965,12.020024,18.422108,19.357733,0.966752,127.089676,0.291616,28.010800,0.220297,0.370833,0.447122,228.877426,0.866025,0.500000
2016,2,30.000000,145.000000,32.500000,147.500000,3090.570000,0.241703,6.575486,14.304805,21.121994,19.183755,0.944886,112.454821,0.279216,5.767339,0.235035,0.483056,0.408622,231.692795,0.866025,0.500000
2016,2,30.000000,155.000000,32.500000,157.500000,1913.550000,5.378485,4.030728,35.657809,45.067022,18.266876,0.631655,81.488409,0.319063,5.728770,0.259111,0.616389,0.424164,241.621246,0.866025,0.500000
2016,2,30.000000,160.000000,32.500000,162.500000,7501.180000,6.661085,2.919141,29.455632,39.035858,18.739895,0.836294,101.626726,0.243767,5.447354,0.224972,0.349444,0.327917,243.728653,0.866025,0.500000
2016,2,30.000000,-160.000000,32.500000,-157.500000,1101.100000,3.703569,4.114976,25.374625,33.193170,,,,,,,,,,0.866025,0.500000
2016,2,30.000000,165.000000,32.500000,167.500000,5028.190000,5.125900,6.294114,25.262570,36.682584,18.007805,0.709601,108.441934,0.291984,3.992339,0.156928,0.540833,0.297878,245.796753,0.866025,0.500000
2016,2,30.000000,170.000000,32.500000,172.500000,3066.210000,1.934310,6.845585,28.313129,37.093024,17.922194,0.709369,119.157279,0.201457,3.573728,0.154806,0.430278,0.233835,247.687943,0.866025,0.500000
2016,2,-30.000000,155.000000,-27.500000,157.500000,1574.950000,19.839360,7.658021,4.772215,32.269596,25.800670,0.719246,20.675571,0.305149,2.201002,0.117596,0.156944,0.082218,210.060013,0.866025,0.500000
2016,2,-30.000000,160.000000,-27.500000,162.500000,1111.600000,20.769162,4.287513,5.822238,30.878913,25.751309,0.678732,18.338785,0.196955,2.748981,0.101858,0.143333,0.077929,210.281128,0.866025,0.500000
2016,3,0.000000,120.000000,2.500000,122.500000,25516.800000,7.181073,2.426833,0.000000,9.607905,29.273768,0.568360,13.969844,0.312137,137.950830,0.027322,0.117008,0.111369,201.174255,1.000000,0.000000
2016,3,0.000000,125.000000,2.500000,127.500000,34022.400000,7.181063,2.426842,0.000000,9.607905,28.798711,0.491859,14.839926,0.325324,134.580097,0.058539,0.148518,0.104412,199.923538,1.000000,0.000000
2016,3,0.000000,130.000000,2.500000,132.500000,8505.600000,7.181034,2.426872,0.000000,9.607905,28.712663,0.494528,12.467689,0.366277,118.099091,0.034826,0.014171,0.102244,201.374634,1.000000,0.000000
2016,3,0.000000,140.000000,2.500000,142.500000,1691.020000,24.982555,1.545813,0.350676,26.879043,29.312874,0.594343,15.521079,0.635509,0.328115,0.038121,0.000000,0.102428,199.856003,1.000000,0.000000
2016,3,0.000000,145.000000,2.500000,147.500000,3748.730000,8.134755,4.856578,0.648486,13.639819,29.377123,0.625551,16.566847,0.665798,0.254539,0.043332,0.000000,0.094025,199.831833,1.000000,0.000000
2016,3,0.000000,-155.000000,2.500000,-152.500000,2728.080000,5.151242,17.044222,0.167884,22.363347,,,,,,,,,,1.000000,0.000000
2016,3,0.000000,160.000000,2.500000,162.500000,2781.350000,8.429719,6.314919,0.857497,15.602136,29.249969,0.606655,22.674830,0.755011,0.286718,0.046269,0.000000,0.182575,198.489807,1.000000,0.000000
2016,3,0.000000,-160.000000,2.500000,-157.500000,3382.130000,2.781383,19.926792,0.630668,23.338843,,,,,,,,,,1.000000,0.000000
2016,3,0.000000,165.000000,2.500000,167.500000,2879.310000,9.357450,14.291966,6.731821,30.381237,29.141122,0.598926,21.162908,0.757480,91.840083,0.048487,0.002779,0.191571,198.396484,1.000000,0.000000
2016,3,0.000000,-165.000000,2.500000,-162.500000,3972.810000,5.198587,31.409003,0.226036,36.833627,,,,,,,,,,1.000000,0.000000
2016,3,0.000000,170.000000,2.500000,172.500000,4711.750000,7.090784,15.907253,1.516422,24.514459,29.311611,0.605509,21.814390,0.800129,130.636024,0.053912,0.088473,0.206339,198.386002,1.000000,0.000000
2016,3,0.000000,-170.000000,2.500000,-167.500000,4259.910000,4.243986,19.736098,0.171600,24.151684,,,,,,,,,,1.000000,0.000000
2016,3,0.000000,175.000000,2.500000,177.500000,19897.550000,12.088121,16.642803,0.288880,29.019804,29.351454,0.613723,26.602435,0.746642,0.346800,0.046345,0.000000,0.157882,198.281021,1.000000,0.000000
2016,3,0.000000,-175.000000,2.500000,-172.500000,6950.070000,3.498382,17.147885,0.399852,21.046119,,,,,,,,,,1.000000,0.000000
2016,3,0.000000,-180.000000,2.500000,-177.500000,9351.620000,4.559103,26.938434,0.246267,31.743805,,,,,,,,,,1.000000,0.000000
2016,3,5.000000,145.000000,7.500000,147.500000,2288.910000,23.819198,13.338663,0.035388,37.193249,28.695724,0.611660,35.013125,0.110836,1.273635,0.046966,0.011944,0.080915,199.985397,1.000000,0.000000
2016,3,5.000000,-155.000000,7.500000,-152.500000,3793.280000,2.138519,20.927008,0.018454,23.083980,,,,,,,,,,1.000000,0.000000
2016,3,5.000000,160.000000,7.500000,162.500000,1623.190000,8.658875,13.550478,1.330713,23.540066,28.670963,0.648510,36.174015,0.130903,0.759743,0.044028,0.000833,0.078701,199.796051,1.000000,0.000000
2016,3,5.000000,-160.000000,7.500000,-157.500000,9608.280000,2.121608,25.428901,0.064007,27.614516,,,,,,,,,,1.000000,0.000000
2016,3,5.000000,165.000000,7.500000,167.500000,7617.820000,7.637881,14.356076,0.454986,22.448942,28.546752,0.649811,38.714244,0.122515,128.478892,0.036178,0.055807,0.147231,200.552567,1.000000,0.000000
2016,3,5.000000,170.000000,7.500000,172.500000,3048.150000,8.536981,17.551630,1.298493,27.387104,28.431041,0.623158,41.432549,0.162200,128.724558,0.052664,0.055977,0.114771,200.867035,1.000000,0.000000
2016,3,5.000000,-170.000000,7.500000,-167.500000,3175.600000,3.583575,16.759353,0.027396,20.370324,,,,,,,,,,1.000000,0.000000
2016,3,5.000000,175.000000,7.500000,177.500000,4598.090000,3.158485,10.069398,0.240970,13.468853,28.148169,0.569751,46.021787,0.112014,1.401413,0.060542,0.027778,0.089592,201.225952,1.000000,0.000000
2016,3,5.000000,-175.000000,7.500000,-172.500000,4930.500000,2.981442,19.713619,0.280702,22.975763,,,,,,,,,,1.000000,0.000000
2016,3,5.000000,-180.000000,7.500000,-177.500000,7220.210000,2.295640,17.202408,1.461176,20.959224,,,,,,,,,,1.000000,0.000000
2016,3,-5.000000,120.000000,-2.500000,122.500000,34022.400000,7.181063,2.426842,0.000000,9.607905,30.367684,0.601579,12.699194,0.094502,140.641533,0.021224,0.257831,0.099694,197.865387,1.000000,0.000000
2016,3,-5.000000,125.000000,-2.500000,127.500000,51033.600000,7.181053,2.426833,0.000000,9.607886,29.882655,0.587349,14.390281,0.174882,135.715026,0.021704,0.138700,0.086528,197.614838,1.000000,0.000000
2016,3,-5.000000,130.000000,-2.500000,132.500000,17011.200000,7.181034,2.426813,0.000000,9.607847,29.869446,0.567428,14.264342,0.175151,137.341319,0.027553,0.253620,0.138365,197.610550,1.000000,0.000000
2016,3,-5.000000,160.000000,-2.500000,162.500000,1607.580000,4.765548,4.187661,1.085483,10.038692,30.035471,0.620748,14.205477,0.548221,0.414108,0.038208,0.000000,0.095465,198.133789,1.000000,0.000000
2016,3,-5.000000,-165.000000,-2.500000,-162.500000,1507.590000,8.652883,5.794679,6.295478,20.743040,,,,,,,,,,1.000000,0.000000
2016,3,-5.000000,170.000000,-2.500000,172.500000,4573.240000,8.777584,8.248419,0.089652,17.115655,29.856571,0.624629,12.174487,0.569241,133.772239,0.057899,0.048495,0.107937,197.356995,1.000000,0.000000
2016,3,-5.000000,175.000000,-2.500000,177.500000,6935.470000,17.213830,15.103374,0.349219,32.666423,29.960520,0.640656,15.943293,0.626379,94.818261,0.056882,0.001668,0.104990,197.314240,1.000000,0.000000
2016,3,-5.000000,-180.000000,-2.500000,-177.500000,5181.710000,16.489537,12.825303,1.288571,30.603411,,,,,,,,,,1.000000,0.000000
2016,3,10.000000,110.000000,12.500000,112.500000,44278.740000,7.727094,0.524608,0.000000,8.251703,27.507008,0.695973,21.942767,0.136237,2.977914,0.029231,0.113333,0.088661,206.032181,1.000000,0.000000
2016,3,10.000000,115.000000,12.500000,117.500000,44278.740000,7.727094,0.524608,0.000000,8.251703,27.882448,0.622096,15.367032,0.129068,127.715204,0.039238,0.117196,0.120159,204.776703,1.000000,0.000000
2016,3,10.000000,125.000000,12.500000,127.500000,2317.930000,6.804347,5.304302,0.190687,12.299336,28.085110,0.642587,23.505792,0.256426,125.338247,0.081404,0.036190,0.088911,203.009857,1.000000,0.000000
2016,3,10.000000,130.000000,12.500000,132.500000,22848.380000,8.440817,5.043290,0.181851,13.665958,28.030170,0.629487,26.217859,0.300262,0.457300,0.109624,0.000000,0.081901,202.416153,1.000000,0.000000
2016,3,10.000000,135.000000,12.500000,137.500000,17243.330000,2.045371,0.538933,0.137328,2.721632,27.978201,0.635516,25.132549,0.258198,113.416456,0.104079,0.005282,0.081169,203.079086,1.000000,0.000000
2016,3,10.000000,140.000000,12.500000,142.500000,5890.680000,1.114982,0.180964,0.359381,1.655327,27.786476,0.659966,24.746827,0.210605,87.076609,0.069963,0.008625,0.081507,203.675919,1.000000,0.000000
2016,3,10.000000,145.000000,12.500000,147.500000,4302.650000,16.925616,4.578109,0.090177,21.593901,27.713376,0.626841,33.075009,0.201583,86.794491,0.062635,0.027237,0.080302,204.077988,1.000000,0.000000
2016,3,10.000000,150.000000,12.500000,152.500000,7284.360000,9.251190,1.558819,1.043057,11.853066,27.453229,0.650197,35.791474,0.234132,1.194090,0.074983,0.014167,0.078755,204.446152,1.000000,0.000000
2016,3,10.000000,155.000000,12.500000,157.500000,19962.690000,2.128471,1.725619,0.369389,4.223479,27.271209,0.628017,42.665684,0.198672,0.842927,0.052663,0.012500,0.078222,205.054001,1.000000,0.000000
2016,3,10.000000,160.000000,12.500000,162.500000,1533.880000,0.895768,0.000000,0.048896,0.944663,27.069651,0.608785,42.631587,0.171679,121.528479,0.037193,0.009197,0.081805,204.821808,1.000000,0.000000
2016,3,10.000000,-160.000000,12.500000,-157.500000,1856.380000,1.193721,13.982590,0.000000,15.176311,,,,,,,,,,1.000000,0.000000
2016,3,10.000000,-165.000000,12.500000,-162.500000,8786.460000,1.874134,21.730253,1.400564,25.004951,,,,,,,,,,1.000000,0.000000
2016,3,10.000000,-170.000000,12.500000,-167.500000,7723.930000,11.618438,22.249684,2.137124,36.005246,,,,,,,,,,1.000000,0.000000
2016,3,10.000000,175.000000,12.500000,177.500000,3037.420000,7.471472,15.403862,0.716068,23.591403,26.625133,0.589406,50.429466,0.239119,1.211171,0.074725,0.020556,0.079209,206.840530,1.000000,0.000000
2016,3,10.000000,-175.000000,12.500000,-172.500000,4198.090000,2.717426,31.958819,1.952316,36.628562,,,,,,,,,,1.000000,0.000000
2016,3,10.000000,-180.000000,12.500000,-177.500000,4644.160000,3.952922,33.895042,1.024082,38.872046,,,,,,,,,,1.000000,0.000000
2016,3,-10.000000,-145.000000,-7.500000,-142.500000,2665.370000,7.340444,3.841868,21.934666,33.116978,,,,,,,,,,1.000000,0.000000
2016,3,-10.000000,150.000000,-7.500000,152.500000,1830.800000,34.621477,7.640922,0.285121,42.547520,30.224791,0.562256,12.994938,0.238120,135.819488,0.053916,0.110645,0.122181,197.065338,1.000000,0.000000
2016,3,-10.000000,-150.000000,-7.500000,-147.500000,6149.490000,9.529733,4.793406,28.321373,42.644512,,,,,,,,,,1.000000,0.000000
2016,3,-10.000000,155.000000,-7.500000,157.500000,3831.860000,19.197204,3.193749,2.513923,24.904876,30.359596,0.537584,13.894541,0.263518,137.375545,0.037278,0.112663,0.120039,197.543213,1.000000,0.000000
2016,3,-10.000000,-155.000000,-7.500000,-152.500000,1000.000000,11.095000,5.105000,19.860000,36.060000,,,,,,,,,,1.000000,0.000000
2016,3,-10.000000,-160.000000,-7.500000,-157.500000,3967.900000,9.983114,5.045490,12.449406,27.478011,,,,,,,,,,1.000000,0.000000
2016,3,-10.000000,-165.000000,-7.500000,-162.500000,10573.700000,13.089458,5.246508,15.278285,33.614250,,,,,,,,,,1.000000,0.000000
2016,3,-10.000000,170.000000,-7.500000,172.500000,1703.960000,4.134487,3.875678,4.005963,12.016127,30.211282,0.640299,13.292846,0.164032,0.412028,0.043930,0.000000,0.110921,197.965286,1.000000,0.000000
2016,3,-10.000000,-170.000000,-7.500000,-167.500000,8220.900000,8.018708,3.800192,6.118430,17.937330,,,,,,,,,,1.000000,0.000000
2016,3,-10.000000,-175.000000,-7.500000,-172.500000,8305.290000,2.975212,3.264185,7.151346,13.390743,,,,,,,,,,1.000000,0.000000
2016,3,-10.000000,-180.000000,-7.500000,-177.500000,3409.210000,6.737631,9.525081,4.132336,20.395048,,,,,,,,,,1.000000,0.000000
2016,3,15.000000,110.000000,17.500000,112.500000,44278.740000,7.727094,0.524608,0.000000,8.251703,25.009974,0.593847,16.742489,0.180076,97.940457,0.056860,0.467551,0.143462,213.092682,1.000000,0.000000
2016,3,15.000000,115.000000,17.500000,117.500000,44278.740000,7.727094,0.524608,0.000000,8.251703,25.851186,0.522704,15.060120,0.133256,124.640753,0.055406,0.366295,0.110655,210.746277,1.000000,0.000000
2016,3,15.000000,125.000000,17.500000,127.500000,6412.050000,5.140010,0.701804,2.836222,8.678036,27.248770,0.902075,33.635723,0.180941,2.798189,0.087822,0.119722,0.082551,205.618744,1.000000,0.000000
2016,3,15.000000,130.000000,17.500000,132.500000,6118.880000,5.543988,3.273475,19.006583,27.824046,27.244636,0.906644,28.437869,0.180951,2.065184,0.087813,0.110556,0.076693,205.226151,1.000000,0.000000
2016,3,15.000000,135.000000,17.500000,137.500000,9752.420000,4.720469,1.929777,15.112249,21.762496,27.250517,0.894274,25.892964,0.158522,1.490929,0.073330,0.010556,0.075314,205.174850,1.000000,0.000000
2016,3,15.000000,140.000000,17.500000,142.500000,16399.050000,1.713087,0.388681,4.863026,6.964794,27.143274,0.853770,23.960422,0.144624,0.862659,0.048992,0.009167,0.074305,205.368942,1.000000,0.000000
2016,3,15.000000,150.000000,17.500000,152.500000,3727.600000,7.498659,1.839790,20.408037,29.746486,26.642962,0.891067,31.736920,0.171513,0.831952,0.085813,0.001667,0.069942,207.174744,1.000000,0.000000
2016,3,15.000000,155.000000,17.500000,157.500000,1408.190000,2.738977,0.701610,8.087687,11.528274,26.379419,0.845546,37.719523,0.173597,1.362987,0.079394,0.022222,0.060993,207.901184,1.000000,0.000000
2016,3,15.000000,-155.000000,17.500000,-152.500000,1176.900000,2.084289,17.115303,0.000000,19.199592,,,,,,,,,,1.000000,0.000000
2016,3,15.000000,160.000000,17.500000,162.500000,13652.310000,1.371416,0.591402,1.325929,3.288747,26.079288,0.834931,38.939034,0.177270,1.111726,0.067576,0.017500,0.054499,208.581741,1.000000,0.000000
2016,3,15.000000,-160.000000,17.500000,-157.500000,6977.340000,2.388446,15.290068,0.147334,17.825848,,,,,,,,,,1.000000,0.000000
2016,3,15.000000,165.000000,17.500000,167.500000,2025.580000,1.994490,0.422595,0.841241,3.258326,25.918459,0.802890,42.734859,0.175164,0.791112,0.061698,0.001111,0.056424,209.060059,1.000000,0.000000
2016,3,15.000000,-165.000000,17.500000,-162.500000,5316.910000,1.739732,14.203739,1.326522,17.269993,,,,,,,,,,1.000000,0.000000
2016,3,15.000000,170.000000,17.500000,172.500000,1960.000000,1.596939,1.818878,17.262245,20.678061,25.791102,0.805335,47.037545,0.167901,0.827796,0.054771,0.002778,0.053450,209.764511,1.000000,0.000000
2016,3,-15.000000,-135.000000,-12.500000,-132.500000,4234.640000,1.508275,6.757835,20.263116,28.529226,,,,,,,,,,1.000000,0.000000
2016,3,-15.000000,-145.000000,-12.500000,-142.500000,8689.320000,10.245336,4.159589,22.506364,36.911289,,,,,,,,,,1.000000,0.000000
2016,3,-15.000000,150.000000,-12.500000,152.500000,2949.120000,20.723809,3.310479,19.825914,43.860202,30.169787,0.716215,15.306041,0.137673,135.404155,0.039636,0.055336,0.090400,196.187302,1.000000,0.000000
2016,3,-15.000000,-150.000000,-12.500000,-147.500000,6375.710000,6.805046,2.827136,24.103512,33.735694,,,,,,,,,,1.000000,0.000000
2016,3,-15.000000,155.000000,-12.500000,157.500000,10600.950000,11.500762,1.743240,11.886105,25.130106,30.431364,0.655390,16.728340,0.178870,0.646749,0.089083,0.000000,0.084444,195.517044,1.000000,0.000000
2016,3,-15.000000,160.000000,-12.500000,162.500000,5803.730000,8.542782,1.600006,13.939656,24.082444,30.359267,0.628078,16.140277,0.160334,136.728552,0.087500,0.026146,0.085929,195.624344,1.000000,0.000000
2016,3,-15.000000,-160.000000,-12.500000,-157.500000,8333.340000,2.999278,1.802279,18.094666,22.896222,,,,,,,,,,1.000000,0.000000
2016,3,-15.000000,165.000000,-12.500000,167.500000,1300.440000,3.484974,1.115776,12.081296,16.682046,30.203120,0.629070,15.867538,0.148982,134.304200,0.081726,0.015355,0.075287,195.836700,1.000000,0.000000
2016,3,-15.000000,170.000000,-12.500000,172.500000,5321.380000,2.444103,1.397570,12.104755,15.946427,30.287254,0.654681,15.251202,0.118477,0.677514,0.054425,0.000000,0.071432,195.987808,1.000000,0.000000
2016,3,-15.000000,175.000000,-12.500000,177.500000,6927.430000,2.282087,1.199146,13.285591,16.766824,30.233438,0.642255,15.619713,0.120222,0.565657,0.046769,0.000000,0.076023,195.549057,1.000000,0.000000
2016,3,-15.000000,-175.000000,-12.500000,-172.500000,6778.750000,2.739591,1.338300,11.660262,15.738152,,,,,,,,,,1.000000,0.000000
2016,3,20.000000,125.000000,22.500000,127.500000,1462.640000,6.341273,2.775119,15.265547,24.381940,23.504205,0.928285,42.525145,0.218267,73.060644,0.089339,0.361312,0.170866,219.899689,1.000000,0.000000
2016,3,20.000000,135.000000,22.500000,137.500000,2932.010000,6.552843,1.418822,29.402355,37.374020,24.506262,0.868072,31.360440,0.141131,3.055261,0.048747,0.333333,0.085403,214.187103,1.000000,0.000000
2016,3,20.000000,140.000000,22.500000,142.500000,5384.300000,15.289081,1.497316,20.961871,37.748268,25.672971,1.025475,42.280179,0.171266,49.718509,0.065138,0.165046,0.079110,211.813354,1.000000,0.000000
2016,3,20.000000,150.000000,22.500000,152.500000,1361.840000,11.587999,0.695383,26.454650,38.738031,25.438945,0.954600,35.982087,0.148112,4.349647,0.056464,0.213889,0.077350,211.612152,1.000000,0.000000
2016,3,20.000000,160.000000,22.500000,162.500000,1315.340000,0.551188,0.061581,1.851232,2.464002,24.727694,0.831301,36.629588,0.167253,2.732761,0.061611,0.254167,0.073251,213.119293,1.000000,0.000000
2016,3,-20.000000,-150.000000,-17.500000,-147.500000,4691.620000,2.420273,1.536996,9.631215,13.588483,,,,,,,,,,1.000000,0.000000
2016,3,-20.000000,155.000000,-17.500000,157.500000,3098.770000,10.619697,1.748758,28.168919,40.537375,29.152356,0.755465,17.808908,0.172884,0.965931,0.053150,0.024444,0.081838,198.328812,1.000000,0.000000
2016,3,-20.000000,160.000000,-17.500000,162.500000,1421.560000,8.266974,0.794901,20.880582,29.942458,29.397335,0.728983,18.018471,0.117311,57.810565,0.028132,0.074465,0.083922,197.607300,1.000000,0.000000
2016,3,-20.000000,170.000000,-17.500000,172.500000,4644.510000,3.017972,0.696952,13.349094,17.064018,29.002523,0.695112,14.929698,0.217905,2.131563,0.098392,0.152500,0.088447,199.192642,1.000000,0.000000
2016,3,-20.000000,-170.000000,-17.500000,-167.500000,1695.120000,3.687055,0.779296,11.885294,16.351645,,,,,,,,,,1.000000,0.000000
2016,3,-20.000000,175.000000,-17.500000,177.500000,9649.820000,6.093792,1.855371,6.400741,14.349905,29.200656,0.729011,16.901922,0.075000,134.380004,0.018231,0.130984,0.096886,199.076492,1.000000,0.000000
2016,3,-20.000000,-175.000000,-17.500000,-172.500000,2409.850000,8.010042,2.180219,19.834844,30.025105,,,,,,,,,,1.000000,0.000000
2016,3,-20.000000,-180.000000,-17.500000,-177.500000,4752.300000,5.503440,2.085096,6.987774,14.576310,,,,,,,,,,1.000000,0.000000
2016,3,25.000000,130.000000,27.500000,132.500000,6539.660000,4.382185,2.463431,16.164296,23.009912,21.156442,0.939448,63.679515,0.205254,43.996653,0.107980,0.430397,0.433499,226.277420,1.000000,0.000000
2016,3,25.000000,135.000000,27.500000,137.500000,2626.060000,3.880338,2.314113,18.867048,25.061499,21.285525,0.970459,54.235845,0.163655,3.668475,0.070926,0.461667,0.413115,225.854752,1.000000,0.000000
2016,3,25.000000,140.000000,27.500000,142.500000,2186.830000,2.864420,2.002899,27.709516,32.576835,21.523240,0.939932,51.676429,0.125191,43.565726,0.060227,0.510975,0.316002,226.831345,1.000000,0.000000
2016,3,25.000000,150.000000,27.500000,152.500000,1475.800000,8.225369,0.102995,39.558883,47.887248,22.070174,0.900629,45.406839,0.123803,5.350923,0.058865,0.530833,0.080842,226.934967,1.000000,0.000000
2016,3,25.000000,-165.000000,27.500000,-162.500000,2305.070000,2.658488,16.366965,1.806019,20.831471,,,,,,,,,,1.000000,0.000000
2016,3,-25.000000,150.000000,-22.500000,152.500000,1703.230000,39.246021,12.569647,17.364067,69.179735,27.951598,0.685698,25.447332,0.196810,123.731084,0.091199,0.331696,0.126419,200.900879,1.000000,0.000000
2016,3,-25.000000,155.000000,-22.500000,157.500000,1742.950000,20.144582,2.276026,32.245905,54.666514,27.333513,0.696055,21.942334,0.208512,56.013607,0.092106,0.208947,0.082722,203.973373,1.000000,0.000000
2016,3,-25.000000,160.000000,-22.500000,162.500000,1048.330000,16.987017,1.200004,21.636317,39.823338,27.444356,0.686943,19.918203,0.141659,129.499887,0.062715,0.173656,0.083429,203.157639,1.000000,0.000000
2016,3,-25.000000,175.000000,-22.500000,177.500000,1828.240000,3.349123,0.922745,6.443902,10.715770,26.888918,0.696595,22.205057,0.197453,2.141449,0.104920,0.257778,0.078262,204.670395,1.000000,0.000000
2016,3,-25.000000,-180.000000,-22.500000,-177.500000,1529.820000,14.214091,1.488410,4.946987,20.649488,,,,,,,,,,1.000000,0.000000
2016,3,30.000000,130.000000,32.500000,132.500000,11660.110000,7.172917,2.062674,12.973034,22.208624,18.294073,0.669555,57.631003,0.416256,89.670358,0.403665,0.682852,0.882141,239.953369,1.000000,0.000000
2016,3,30.000000,135.000000,32.500000,137.500000,11336.240000,6.458226,2.439080,13.511270,22.408576,19.349142,0.887995,76.816526,0.416815,83.246215,0.408820,0.394753,0.639336,230.165909,1.000000,0.000000
2016,3,30.000000,140.000000,32.500000,142.500000,4929.190000,1.707989,2.525161,7.232628,11.465778,19.061382,0.908357,93.418052,0.369554,26.382538,0.235324,0.422222,0.609231,234.166000,1.000000,0.000000
2016,3,30.000000,145.000000,32.500000,147.500000,16896.580000,0.346283,6.896248,16.268203,23.510734,18.982739,0.897923,101.712687,0.247081,4.615751,0.259081,0.360000,0.558162,235.950058,1.000000,0.000000
2016,3,30.000000,150.000000,32.500000,152.500000,5410.280000,3.198725,3.000399,26.281080,32.480204,18.586114,0.793746,83.080839,0.285247,4.658850,0.195525,0.524444,0.603386,239.965179,1.000000,0.000000
2016,3,30.000000,155.000000,32.500000,157.500000,3868.130000,7.215114,1.059944,19.962876,28.237934,18.034993,0.711627,72.116174,0.321759,3.188063,0.246521,0.510556,0.530508,244.860443,1.000000,0.000000
2016,3,30.000000,160.000000,32.500000,162.500000,3589.240000,11.482375,1.518985,22.914879,35.916239,18.091065,0.773590,80.696708,0.260381,5.128740,0.184433,0.444444,0.449502,247.057281,1.000000,0.000000
2016,3,-30.000000,155.000000,-27.500000,157.500000,1223.680000,27.629772,7.005099,15.135493,49.770365,25.767246,0.752317,26.932247,0.193699,2.481828,0.087361,0.122222,0.075983,209.493469,1.000000,0.000000
2016,3,-30.000000,170.000000,-27.500000,172.500000,1898.270000,2.042386,0.736987,6.828849,9.608222,25.244770,0.590350,24.335122,0.191664,2.285249,0.093911,0.203611,0.070792,210.756195,1.000000,0.000000
2016,3,35.000000,145.000000,37.500000,147.500000,2465.710000,0.044206,13.455354,12.192026,25.691586,14.168558,0.205504,58.372459,0.364492,24.239412,0.277316,0.818889,0.891575,238.682709,1.000000,0.000000
2016,3,35.000000,150.000000,37.500000,152.500000,1019.030000,0.296360,8.934968,14.831752,24.063080,13.982721,0.225588,76.830902,0.298707,10.428274,0.254386,0.769444,0.654279,242.014206,1.000000,0.000000
2016,3,-35.000000,155.000000,-32.500000,157.500000,2047.030000,21.100814,23.888267,10.863544,55.852626,25.100790,0.663817,27.939705,0.316000,80.095281,0.199951,0.303224,0.106609,210.381882,1.000000,0.000000
2016,3,-40.000000,175.000000,-37.500000,177.500000,1190.860000,8.082394,12.873050,7.636498,28.591942,,,,,,,,,,1.000000,0.000000
2016,3,-45.000000,150.000000,-42.500000,152.500000,1468.670000,0.080345,0.238992,5.089639,5.408975,,,,,,,,,,1.000000,0.000000
2016,3,-45.000000,155.000000,-42.500000,157.500000,1538.140000,0.000000,0.091019,5.810914,5.901934,,,,,,,,,,1.000000,0.000000
2016,4,0.000000,120.000000,2.500000,122.500000,26830.680000,6.829421,2.307992,0.000000,9.137413,29.711532,0.539170,12.579509,0.347237,140.512133,0.033730,0.100559,0.112823,200.392517,0.866025,-0.500000
2016,4,0.000000,125.000000,2.500000,127.500000,35774.240000,6.829411,2.308002,0.000000,9.137413,29.588696,0.507235,11.757981,0.327438,137.014462,0.044704,0.137326,0.099447,198.812729,0.866025,-0.500000
2016,4,0.000000,130.000000,2.500000,132.500000,8943.560000,6.829383,2.308029,0.000000,9.137413,29.381290,0.556579,11.813140,0.346500,119.410028,0.022313,0.006669,0.103791,200.296585,0.866025,-0.500000
2016,4,0.000000,140.000000,2.500000,142.500000,3977.230000,16.562281,2.259361,0.027909,18.849551,29.860644,0.628207,15.246285,0.710263,0.154547,0.052973,0.000000,0.086439,199.161118,0.866025,-0.500000
2016,4,0.000000,145.000000,2.500000,147.500000,3552.970000,16.822264,5.048452,0.720243,22.590959,29.798449,0.645562,16.717447,0.687009,0.202563,0.052881,0.000000,0.118159,199.362091,0.866025,-0.500000
2016,4,0.000000,155.000000,2.500000,157.500000,1396.390000,10.720501,4.523808,0.678893,15.923202,29.351393,0.623992,19.701352,0.631914,0.250526,0.040336,0.000000,0.169231,198.713791,0.866025,-0.500000
2016,4,0.000000,-155.000000,2.500000,-152.500000,4019.570000,2.132815,18.128805,0.131855,20.393475,,,,,,,,,,0.866025,-0.500000
2016,4,0.000000,160.000000,2.500000,162.500000,4135.260000,13.864424,4.453650,0.211837,18.529911,29.038913,0.601132,20.764286,0.659700,0.508218,0.040603,0.000000,0.192835,198.029160,0.866025,-0.500000
2016,4,0.000000,-160.000000,2.500000,-157.500000,1375.690000,3.412106,13.160668,0.190450,16.763224,,,,,,,,,,0.866025,-0.500000
2016,4,0.000000,-165.000000,2.500000,-162.500000,4442.510000,5.978152,17.800298,0.329543,24.107993,,,,,,,,,,0.866025,-0.500000
2016,4,0.000000,170.000000,2.500000,172.500000,2058.560000,1.690016,6.546809,0.121444,8.358270,28.995129,0.587894,20.414397,0.786364,130.215057,0.056089,0.086799,0.209145,198.327026,0.866025,-0.500000
2016,4,0.000000,-170.000000,2.500000,-167.500000,8220.080000,4.779029,15.232942,0.154986,20.166957,,,,,,,,,,0.866025,-0.500000
2016,4,0.000000,175.000000,2.500000,177.500000,4451.560000,0.928888,5.759105,0.258786,6.946778,28.997124,0.582927,24.817356,0.621999,0.425628,0.039413,0.000000,0.172500,198.004044,0.866025,-0.500000
2016,4,0.000000,-175.000000,2.500000,-172.500000,8126.880000,4.640403,14.585671,0.127109,19.353184,,,,,,,,,,0.866025,-0.500000
2016,4,0.000000,-180.000000,2.500000,-177.500000,2078.650000,1.699661,12.725086,0.055805,14.480552,,,,,,,,,,0.866025,-0.500000
2016,4,5.000000,145.000000,7.500000,147.500000,1039.080000,18.239212,7.527813,0.117412,25.884436,29.033737,0.653971,26.941530,0.150260,0.961715,0.056777,0.009722,0.080251,198.735153,0.866025,-0.500000
2016,4,5.000000,-155.000000,7.500000,-152.500000,4471.120000,1.744977,21.761214,0.050323,23.556514,,,,,,,,,,0.866025,-0.500000
2016,4,5.000000,-160.000000,7.500000,-157.500000,4548.470000,2.102905,14.273371,0.374631,16.750907,,,,,,,,,,0.866025,-0.500000
2016,4,5.000000,165.000000,7.500000,167.500000,7015.350000,9.021930,10.559131,0.417513,19.998575,28.622325,0.655222,42.162144,0.105894,129.178877,0.023177,0.044759,0.142134,200.154877,0.866025,-0.500000
2016,4,5.000000,-165.000000,7.500000,-162.500000,1085.750000,3.919871,24.238545,0.000000,28.158416,,,,,,,,,,0.866025,-0.500000
2016,4,5.000000,170.000000,7.500000,172.500000,5905.290000,7.239611,12.348758,0.248083,19.836452,28.396421,0.600694,44.153589,0.164001,129.415709,0.042230,0.053727,0.133837,200.611954,0.866025,-0.500000
2016,4,5.000000,-170.000000,7.500000,-167.500000,16640.450000,2.564534,24.072666,0.038040,26.675240,,,,,,,,,,0.866025,-0.500000
2016,4,5.000000,175.000000,7.500000,177.500000,4411.350000,4.252666,14.568329,0.082288,18.903284,28.382579,0.574155,49.379586,0.117277,0.942351,0.035623,0.008611,0.093416,201.017395,0.866025,-0.500000
2016,4,5.000000,-175.000000,7.500000,-172.500000,6884.190000,1.436770,14.029101,0.158624,15.624496,,,,,,,,,,0.866025,-0.500000
2016,4,5.000000,-180.000000,7.500000,-177.500000,4728.880000,1.051412,15.875641,0.073167,17.000220,,,,,,,,,,0.866025,-0.500000
2016,4,-5.000000,120.000000,-2.500000,122.500000,35774.240000,6.829411,2.308002,0.000000,9.137413,30.486310,0.571826,12.039001,0.113290,140.912584,0.014591,0.223293,0.098879,197.735428,0.866025,-0.500000
2016,4,-5.000000,125.000000,-2.500000,127.500000,53661.360000,6.829402,2.307992,0.000000,9.137394,29.999101,0.555044,11.299550,0.112600,135.817658,0.005796,0.137771,0.085269,197.601913,0.866025,-0.500000
2016,4,-5.000000,130.000000,-2.500000,132.500000,17887.120000,6.829383,2.307974,0.000000,9.137357,29.955503,0.551508,11.079659,0.080300,140.138018,0.006790,0.280927,0.131353,197.451263,0.866025,-0.500000
2016,4,-5.000000,160.000000,-2.500000,162.500000,2247.630000,6.132682,4.823748,2.859011,13.815441,29.981975,0.641835,14.420675,0.640465,0.504483,0.056899,0.000000,0.100360,198.021484,0.866025,-0.500000
2016,4,-5.000000,165.000000,-2.500000,167.500000,2257.450000,7.617887,4.659239,0.018162,12.295289,29.868549,0.632468,13.367108,0.672666,0.525479,0.066710,0.000000,0.113328,198.115494,0.866025,-0.500000
2016,4,-5.000000,170.000000,-2.500000,172.500000,1291.200000,6.741016,6.201983,1.277881,14.220880,29.899025,0.627643,15.944263,0.708325,133.988760,0.074928,0.068283,0.120517,198.122910,0.866025,-0.500000
2016,4,-5.000000,-170.000000,-2.500000,-167.500000,1089.810000,4.534735,4.684303,11.446949,20.665988,,,,,,,,,,0.866025,-0.500000
2016,4,-5.000000,-180.000000,-2.500000,-177.500000,2178.050000,12.265559,10.532816,2.603705,25.402080,,,,,,,,,,0.866025,-0.500000
2016,4,10.000000,110.000000,12.500000,112.500000,42193.010000,8.109068,0.550541,0.000000,8.659610,28.986581,0.691975,13.077733,0.177963,4.604407,0.051047,0.129444,0.092507,202.847580,0.866025,-0.500000
2016,4,10.000000,115.000000,12.500000,117.500000,42193.010000,8.109068,0.550541,0.000000,8.659610,29.523822,0.646108,11.757594,0.145415,135.794621,0.037482,0.083712,0.104771,201.536835,0.866025,-0.500000
2016,4,10.000000,130.000000,12.500000,132.500000,6336.750000,16.036296,8.915927,1.236912,26.189135,28.706151,0.633416,26.049245,0.279569,0.832749,0.100021,0.000833,0.085012,201.108795,0.866025,-0.500000
2016,4,10.000000,135.000000,12.500000,137.500000,11761.940000,4.806520,1.729052,0.677694,7.213266,28.511867,0.687554,28.636621,0.234951,115.051241,0.083654,0.014456,0.084489,201.367752,0.866025,-0.500000
2016,4,10.000000,140.000000,12.500000,142.500000,8903.010000,5.537341,1.180163,0.512411,7.229914,28.207235,0.690867,29.464629,0.193607,88.892034,0.047380,0.004174,0.083715,202.309372,0.866025,-0.500000
2016,4,10.000000,145.000000,12.500000,147.500000,6584.230000,6.843169,1.402746,0.645785,8.891700,27.956242,0.684109,38.325584,0.224274,88.218518,0.067087,0.006948,0.080859,201.981400,0.866025,-0.500000
2016,4,10.000000,150.000000,12.500000,152.500000,12400.220000,4.045009,0.793212,3.273894,8.112114,27.741739,0.674683,37.580706,0.216249,0.848991,0.058685,0.006389,0.077554,203.215973,0.866025,-0.500000
2016,4,10.000000,155.000000,12.500000,157.500000,11605.920000,1.989330,1.165871,0.754873,3.910073,27.405852,0.641205,38.980616,0.187732,1.559676,0.044653,0.079167,0.077037,202.556900,0.866025,-0.500000
2016,4,10.000000,160.000000,12.500000,162.500000,1874.270000,1.243684,1.012127,0.581560,2.837371,27.398540,0.637894,42.836660,0.170296,123.776888,0.025869,0.064381,0.081591,203.652817,0.866025,-0.500000
2016,4,10.000000,-165.000000,12.500000,-162.500000,5234.030000,0.333586,16.999712,0.503818,17.837116,,,,,,,,,,0.866025,-0.500000
2016,4,10.000000,-170.000000,12.500000,-167.500000,11410.360000,1.460340,18.967062,0.792876,21.220277,,,,,,,,,,0.866025,-0.500000
2016,4,10.000000,175.000000,12.500000,177.500000,7083.370000,2.604410,34.233846,0.610020,37.448277,26.953127,0.609844,45.442571,0.219399,1.375692,0.058594,0.013611,0.071299,205.433197,0.866025,-0.500000
2016,4,10.000000,-175.000000,12.500000,-172.500000,12633.640000,0.874649,17.314646,0.592149,18.781444,,,,,,,,,,0.866025,-0.500000
2016,4,10.000000,-180.000000,12.500000,-177.500000,5292.140000,1.176273,28.255110,1.192334,30.623717,,,,,,,,,,0.866025,-0.500000
2016,4,-10.000000,-145.000000,-7.500000,-142.500000,2246.070000,3.678425,2.900177,20.138731,26.717333,,,,,,,,,,0.866025,-0.500000
2016,4,-10.000000,-150.000000,-7.500000,-147.500000,6084.320000,4.331955,3.529729,22.066065,29.927749,,,,,,,,,,0.866025,-0.500000
2016,4,-10.000000,155.000000,-7.500000,157.500000,6301.360000,16.578643,3.735860,2.115575,22.430079,29.951945,0.556559,13.945118,0.369158,135.033012,0.079329,0.106124,0.112995,197.760239,0.866025,-0.500000
2016,4,-10.000000,-155.000000,-7.500000,-152.500000,1891.190000,5.471687,4.035026,24.606200,34.112913,,,,,,,,,,0.866025,-0.500000
2016,4,-10.000000,160.000000,-7.500000,162.500000,1078.200000,16.963458,1.148210,3.068076,21.179744,29.726976,0.559111,14.056549,0.338033,133.631388,0.092764,0.032258,0.151205,198.260284,0.866025,-0.500000
2016,4,-10.000000,-160.000000,-7.500000,-157.500000,4158.530000,6.921436,4.498946,24.608455,36.028837,,,,,,,,,,0.866025,-0.500000
2016,4,-10.000000,165.000000,-7.500000,167.500000,1540.910000,6.709672,1.562064,1.551032,9.822767,29.764104,0.620210,17.501942,0.217906,0.498262,0.070350,0.000000,0.136147,198.393280,0.866025,-0.500000
2016,4,-10.000000,-165.000000,-7.500000,-162.500000,10577.230000,4.768073,4.118280,20.926084,29.812437,,,,,,,,,,0.866025,-0.500000
2016,4,-10.000000,170.000000,-7.500000,172.500000,4048.330000,4.179501,3.498727,6.676827,14.355055,29.923617,0.663813,20.143828,0.195405,0.577401,0.056886,0.000000,0.112401,197.857437,0.866025,-0.500000
2016,4,-10.000000,-170.000000,-7.500000,-167.500000,21301.110000,4.353247,3.580001,17.258678,25.191927,,,,,,,,,,0.866025,-0.500000
2016,4,-10.000000,175.000000,-7.500000,177.500000,2342.000000,8.476089,6.494876,17.473954,32.444919,30.077087,0.694228,19.387605,0.147509,0.369155,0.036248,0.000000,0.080228,196.638031,0.866025,-0.500000
2016,4,-10.000000,-175.000000,-7.500000,-172.500000,2322.690000,2.122969,2.649514,10.658762,15.431246,,,,,,,,,,0.866025,-0.500000
2016,4,-10.000000,-180.000000,-7.500000,-177.500000,1818.040000,4.681415,7.027348,4.840378,16.549141,,,,,,,,,,0.866025,-0.500000
2016,4,15.000000,110.000000,17.500000,112.500000,42193.010000,8.109068,0.550541,0.000000,8.659610,27.436799,0.655770,11.759442,0.205054,115.149745,0.072975,0.397173,0.121650,207.044174,0.866025,-0.500000
2016,4,15.000000,115.000000,17.500000,117.500000,42193.010000,8.109068,0.550541,0.000000,8.659610,28.347245,0.551530,10.620739,0.149018,133.346025,0.057910,0.166017,0.105453,205.849564,0.866025,-0.500000
2016,4,15.000000,125.000000,17.500000,127.500000,7186.400000,5.277329,2.372676,6.681927,14.331933,28.324706,0.898508,15.109630,0.196095,3.565490,0.075558,0.079444,0.092177,203.277161,0.866025,-0.500000
2016,4,15.000000,130.000000,17.500000,132.500000,9999.340000,3.024400,1.744415,10.642602,15.411417,28.186507,0.910152,18.093535,0.170282,0.957856,0.082374,0.005000,0.085252,203.419312,0.866025,-0.500000
2016,4,15.000000,135.000000,17.500000,137.500000,10260.220000,2.499362,0.666652,6.364678,9.530692,27.972705,0.899611,19.803038,0.164302,1.344389,0.081820,0.013333,0.082904,203.320312,0.866025,-0.500000
2016,4,15.000000,140.000000,17.500000,142.500000,14741.370000,1.127507,0.090154,1.287601,2.505262,27.777662,0.889248,22.340694,0.181205,1.111051,0.055751,0.008056,0.083207,203.729904,0.866025,-0.500000
2016,4,15.000000,150.000000,17.500000,152.500000,8198.110000,2.118415,1.724300,10.939473,14.782188,26.865556,0.871069,32.044733,0.185702,1.117514,0.092932,0.003333,0.073508,205.920059,0.866025,-0.500000
2016,4,15.000000,155.000000,17.500000,157.500000,7247.230000,2.891312,2.673159,12.579013,18.143484,26.462327,0.850557,32.962323,0.195408,0.924388,0.068099,0.007778,0.064815,207.032669,0.866025,-0.500000
2016,4,15.000000,-155.000000,17.500000,-152.500000,1231.900000,0.813378,11.095868,0.000000,11.909246,,,,,,,,,,0.866025,-0.500000
2016,4,15.000000,160.000000,17.500000,162.500000,17372.880000,2.312225,1.528532,1.998747,5.839504,26.193386,0.810677,35.982469,0.189844,0.769992,0.067003,0.001111,0.060911,207.920883,0.866025,-0.500000
2016,4,15.000000,-160.000000,17.500000,-157.500000,12107.370000,1.327373,14.012622,0.248279,15.588274,,,,,,,,,,0.866025,-0.500000
2016,4,15.000000,165.000000,17.500000,167.500000,2191.520000,1.505804,1.373476,3.721618,6.600898,26.024856,0.806801,36.316053,0.178468,0.663416,0.048268,0.000000,0.060445,208.722321,0.866025,-0.500000
2016,4,15.000000,-165.000000,17.500000,-162.500000,6340.340000,1.127700,13.977011,3.008829,18.113540,,,,,,,,,,0.866025,-0.500000
2016,4,-15.000000,-135.000000,-12.500000,-132.500000,3992.400000,5.407524,4.267859,26.301222,35.976606,,,,,,,,,,0.866025,-0.500000
2016,4,-15.000000,-140.000000,-12.500000,-137.500000,2752.970000,12.239145,4.834052,24.228016,41.301213,,,,,,,,,,0.866025,-0.500000
2016,4,-15.000000,-145.000000,-12.500000,-142.500000,9849.650000,10.036702,3.421441,17.695045,31.153188,,,,,,,,,,0.866025,-0.500000
2016,4,-15.000000,150.000000,-12.500000,152.500000,2700.810000,37.873823,4.272422,9.713753,51.859998,29.249743,0.691211,24.108331,0.165668,131.000032,0.042343,0.088933,0.087393,196.578644,0.866025,-0.500000
2016,4,-15.000000,-150.000000,-12.500000,-147.500000,6124.830000,4.679477,2.314187,25.312866,32.306529,,,,,,,,,,0.866025,-0.500000
2016,4,-15.000000,155.000000,-12.500000,157.500000,7541.940000,30.360093,3.216016,14.565218,48.141327,29.481195,0.575165,22.530587,0.206949,1.107179,0.077496,0.029722,0.081794,196.637344,0.866025,-0.500000
2016,4,-15.000000,160.000000,-12.500000,162.500000,6894.320000,12.426751,1.915490,17.432031,31.774272,29.489035,0.553677,18.825940,0.189331,133.284177,0.071057,0.019680,0.089873,197.010498,0.866025,-0.500000
2016,4,-15.000000,-160.000000,-12.500000,-157.500000,6021.010000,5.800024,2.337149,16.302414,24.439587,,,,,,,,,,0.866025,-0.500000
2016,4,-15.000000,165.000000,-12.500000,167.500000,1544.950000,4.924431,1.403929,17.479530,23.807890,29.577642,0.596471,20.661168,0.140576,130.928704,0.059184,0.015355,0.087711,196.519852,0.866025,-0.500000
2016,4,-15.000000,-165.000000,-12.500000,-162.500000,3655.600000,3.607616,2.109366,7.231371,12.948353,,,,,,,,,,0.866025,-0.500000
2016,4,-15.000000,170.000000,-12.500000,172.500000,8402.010000,3.599615,1.086407,25.125892,29.811914,29.717446,0.599891,23.467548,0.114202,0.549481,0.047023,0.000000,0.072722,195.856079,0.866025,-0.500000
2016,4,-15.000000,-170.000000,-12.500000,-167.500000,2968.090000,4.151491,2.673436,15.440233,22.265160,,,,,,,,,,0.866025,-0.500000
2016,4,-15.000000,175.000000,-12.500000,177.500000,7710.700000,7.848185,1.509331,26.270378,35.627894,29.673397,0.583854,24.037100,0.120882,0.436952,0.029897,0.000000,0.076113,195.894974,0.866025,-0.500000
2016,4,-15.000000,-175.000000,-12.500000,-172.500000,9506.280000,3.157597,1.277471,18.149581,22.584649,,,,,,,,,,0.866025,-0.500000
2016,4,20.000000,120.000000,22.500000,122.500000,3030.710000,14.103626,1.025172,1.711480,16.840278,26.438209,0.904546,12.184851,0.335161,118.684291,0.153082,0.453145,0.169225,210.380936,0.866025,-0.500000
2016,4,20.000000,125.000000,22.500000,127.500000,2387.370000,9.040073,0.415939,1.994664,11.450676,25.759939,0.963077,11.516963,0.203186,77.330956,0.083456,0.367148,0.109181,213.199738,0.866025,-0.500000
2016,4,20.000000,135.000000,22.500000,137.500000,6984.650000,2.035320,0.298941,5.498056,7.832318,26.491334,0.951869,13.235793,0.183972,3.233989,0.083989,0.271111,0.087834,211.187836,0.866025,-0.500000
2016,4,20.000000,140.000000,22.500000,142.500000,2963.850000,4.753277,0.580664,13.419707,18.753648,26.553387,1.031607,15.101745,0.183266,50.546071,0.074520,0.219783,0.080901,209.788559,0.866025,-0.500000
2016,4,20.000000,145.000000,22.500000,147.500000,2808.250000,5.159085,1.244547,23.978278,30.381910,26.101597,0.961840,18.059626,0.153640,2.313940,0.053906,0.258056,0.078685,210.140320,0.866025,-0.500000
2016,4,20.000000,150.000000,22.500000,152.500000,4503.240000,4.111040,0.595793,23.864373,28.571207,26.111597,0.979634,23.209624,0.211712,2.936045,0.096942,0.225556,0.073911,210.589691,0.866025,-0.500000
2016,4,20.000000,155.000000,22.500000,157.500000,1052.720000,1.362186,0.000000,1.138004,2.500190,25.564677,0.895113,24.186217,0.188095,2.414945,0.075556,0.188056,0.072032,211.590256,0.866025,-0.500000
2016,4,20.000000,160.000000,22.500000,162.500000,7823.200000,0.858728,0.744197,0.106478,1.709403,25.237391,0.820477,24.816509,0.169945,2.257990,0.062813,0.171389,0.070286,212.514511,0.866025,-0.500000
2016,4,-20.000000,-135.000000,-17.500000,-132.500000,1314.000000,4.471081,3.340944,22.996195,30.808219,,,,,,,,,,0.866025,-0.500000
2016,4,-20.000000,-150.000000,-17.500000,-147.500000,3343.270000,3.358688,2.292666,11.754958,17.406312,,,,,,,,,,0.866025,-0.500000
2016,4,-20.000000,-165.000000,-17.500000,-162.500000,1348.380000,2.422907,2.041709,10.087661,14.552278,,,,,,,,,,0.866025,-0.500000
2016,4,-20.000000,170.000000,-17.500000,172.500000,3654.190000,3.885129,1.023209,14.442872,19.351211,28.272925,0.656286,26.473113,0.155020,1.980668,0.056797,0.115833,0.074496,200.381775,0.866025,-0.500000
2016,4,-20.000000,175.000000,-17.500000,177.500000,11343.850000,7.501157,1.798243,6.664316,15.963716,28.398719,0.673842,29.530446,0.114339,129.232102,0.018441,0.147137,0.080938,200.425598,0.866025,-0.500000
2016,4,-20.000000,-175.000000,-17.500000,-172.500000,1483.810000,4.084755,3.160108,17.930867,25.175730,,,,,,,,,,0.866025,-0.500000
2016,4,-20.000000,-180.000000,-17.500000,-177.500000,1854.000000,5.865696,2.320388,8.290183,16.476268,,,,,,,,,,0.866025,-0.500000
2016,4,25.000000,120.000000,27.500000,122.500000,1037.450000,10.297364,0.655453,0.669912,11.622729,19.902164,0.453769,12.606641,0.199808,106.445841,0.162028,0.850399,0.351925,233.181030,0.866025,-0.500000
2016,4,25.000000,125.000000,27.500000,127.500000,2307.120000,27.064045,0.023839,2.147699,29.235584,22.403498,0.765774,15.512548,0.259007,101.349127,0.207031,0.723392,0.246381,224.658478,0.866025,-0.500000
2016,4,25.000000,130.000000,27.500000,132.500000,4618.310000,21.134571,0.747460,6.657630,28.539661,22.625169,0.923294,16.840002,0.201765,46.921521,0.113942,0.549597,0.224042,225.334564,0.866025,-0.500000
2016,4,25.000000,135.000000,27.500000,137.500000,2944.170000,1.048852,0.210246,1.033908,2.293006,22.441577,0.981925,15.671552,0.158702,4.217053,0.064399,0.545000,0.306443,227.525574,0.866025,-0.500000
2016,4,25.000000,160.000000,27.500000,162.500000,2124.350000,0.505566,0.914162,0.013651,1.433380,22.446332,0.807367,28.927352,0.101810,4.464014,0.049946,0.501111,0.066942,227.074295,0.866025,-0.500000
2016,4,25.000000,165.000000,27.500000,167.500000,1702.430000,0.546865,0.716623,0.017034,1.280523,21.592666,0.779629,24.574098,0.143041,3.841758,0.079664,0.480278,0.059050,228.087967,0.866025,-0.500000
2016,4,25.000000,170.000000,27.500000,172.500000,1125.800000,0.396163,3.645408,0.289572,4.331142,21.599831,0.729799,24.060497,0.134808,5.159333,0.075507,0.571389,0.056290,229.609100,0.866025,-0.500000
2016,4,-25.000000,150.000000,-22.500000,152.500000,1181.320000,30.559882,14.121491,10.932685,55.614059,26.848364,0.670401,38.191408,0.165360,116.131714,0.062846,0.436804,0.139134,203.915268,0.866025,-0.500000
2016,4,-25.000000,160.000000,-22.500000,162.500000,2233.540000,13.390850,2.269491,24.132095,39.792437,26.582434,0.677617,28.618470,0.143683,123.247492,0.057924,0.170842,0.075622,205.462662,0.866025,-0.500000
2016,4,-25.000000,165.000000,-22.500000,167.500000,1483.070000,13.669618,2.138132,13.600167,29.407917,26.561851,0.701883,26.361911,0.186895,122.535740,0.064597,0.165122,0.078420,204.977844,0.866025,-0.500000
2016,4,-25.000000,170.000000,-22.500000,172.500000,1288.520000,6.207121,0.654239,13.240772,20.102133,26.764977,0.726521,31.728612,0.182017,1.738408,0.078318,0.152500,0.073760,205.350708,0.866025,-0.500000
2016,4,-25.000000,-170.000000,-22.500000,-167.500000,2200.430000,2.787637,2.218203,19.301227,24.307067,,,,,,,,,,0.866025,-0.500000
2016,4,-25.000000,-175.000000,-22.500000,-172.500000,2988.860000,4.197252,1.705332,21.974599,27.877184,,,,,,,,,,0.866025,-0.500000
2016,4,-25.000000,-180.000000,-22.500000,-177.500000,3580.650000,16.639158,3.632301,16.283915,36.555374,,,,,,,,,,0.866025,-0.500000
2016,4,30.000000,130.000000,32.500000,132.500000,6818.330000,9.733175,1.469715,14.582896,25.785786,19.548209,0.673259,21.858545,0.371405,100.604165,0.310214,0.680539,0.615600,239.774292,0.866025,-0.500000
2016,4,30.000000,135.000000,32.500000,137.500000,11457.440000,5.069632,2.911383,17.968586,25.949601,19.656977,0.867514,30.100999,0.439126,91.105674,0.452149,0.437462,0.646883,231.726456,0.866025,-0.500000
2016,4,30.000000,140.000000,32.500000,142.500000,4113.550000,2.779837,8.031749,24.630307,35.441893,19.786335,0.923690,37.744913,0.370447,28.721743,0.226340,0.368333,0.750106,240.254730,0.866025,-0.500000
2016,4,30.000000,145.000000,32.500000,147.500000,10535.850000,0.736058,10.507268,24.785091,36.028417,19.451504,0.935630,45.941973,0.239068,5.234242,0.204484,0.349167,0.723630,242.373383,0.866025,-0.500000
2016,4,30.000000,150.000000,32.500000,152.500000,3733.570000,0.491219,9.015500,12.141195,21.647913,18.727920,0.744137,43.091035,0.351913,3.532379,0.247477,0.544444,0.780778,245.907379,0.866025,-0.500000
2016,4,30.000000,160.000000,32.500000,162.500000,1199.730000,0.000000,0.364249,0.320906,0.685154,18.126380,0.707855,58.057949,0.285904,5.803327,0.217820,0.476111,0.524652,250.627991,0.866025,-0.500000
2016,4,30.000000,175.000000,32.500000,177.500000,1393.070000,0.000000,0.000000,0.188074,0.188074,16.640642,0.525317,50.046077,0.255855,4.460001,0.183740,0.406111,0.284430,255.898804,0.866025,-0.500000
2016,4,30.000000,-180.000000,32.500000,-177.500000,1004.500000,0.000000,0.100548,0.100548,0.201095,,,,,,,,,,0.866025,-0.500000
2016,4,-30.000000,155.000000,-27.500000,157.500000,2188.160000,27.469655,13.680901,6.324949,47.475505,25.094002,0.736012,43.055219,0.221800,1.563646,0.090537,0.102500,0.086169,211.138321,0.866025,-0.500000
2016,4,-30.000000,170.000000,-27.500000,172.500000,1729.670000,1.885909,0.397186,11.544399,13.827493,24.954026,0.616075,33.311463,0.198177,4.303275,0.107318,0.241667,0.064049,211.765503,0.866025,-0.500000
2016,4,35.000000,145.000000,37.500000,147.500000,10983.140000,0.360006,14.961842,16.745849,32.067696,15.270154,0.280141,36.118276,0.415434,16.789274,0.344186,0.766944,1.165362,247.115005,0.866025,-0.500000
2016,4,35.000000,150.000000,37.500000,152.500000,2047.480000,0.053725,3.625432,3.462305,7.141462,13.893955,0.161024,43.547838,0.314696,14.138083,0.250071,0.751667,1.177138,251.549042,0.866025,-0.500000
2016,4,35.000000,155.000000,37.500000,157.500000,2026.290000,0.156444,0.000000,0.098209,0.254653,14.060016,0.223141,59.223587,0.279435,6.973525,0.173185,0.774722,1.144348,256.713989,0.866025,-0.500000
2016,4,-35.000000,-155.000000,-32.500000,-152.500000,1133.200000,2.551182,1.767561,58.732792,63.051535,,,,,,,,,,0.866025,-0.500000
2016,4,-35.000000,-165.000000,-32.500000,-162.500000,1201.780000,0.708116,0.317030,24.663416,25.688562,,,,,,,,,,0.866025,-0.500000
2016,4,-40.000000,150.000000,-37.500000,152.500000,1255.050000,37.751484,8.629935,6.490578,52.871997,,,,,,,,,,0.866025,-0.500000
2016,4,-40.000000,175.000000,-37.500000,177.500000,1543.830000,4.773842,13.165310,17.908060,35.847211,,,,,,,,,,0.866025,-0.500000
2016,4,-45.000000,150.000000,-42.500000,152.500000,10156.370000,0.000000,0.048443,9.553118,9.601560,,,,,,,,,,0.866025,-0.500000
2016,4,-45.000000,155.000000,-42.500000,157.500000,9785.490000,0.016964,0.018701,9.542496,9.578161,,,,,,,,,,0.866025,-0.500000
2016,5,0.000000,120.000000,2.500000,122.500000,24456.810000,7.492310,2.532015,0.000000,10.024325,30.173628,0.559712,12.637808,0.311195,140.479280,0.025561,0.090317,0.110805,199.939499,0.500000,-0.866025
2016,5,0.000000,125.000000,2.500000,127.500000,32609.090000,7.492297,2.532024,0.000000,10.024321,30.187372,0.573318,11.385408,0.438306,139.546801,0.039885,0.154567,0.102110,198.686859,0.500000,-0.866025
2016,5,0.000000,130.000000,2.500000,132.500000,8152.270000,7.492269,2.532055,0.000000,10.024325,30.168911,0.655879,12.782287,0.727581,121.052913,0.044580,0.013893,0.097961,198.941208,0.500000,-0.866025
2016,5,0.000000,140.000000,2.500000,142.500000,6015.520000,16.075086,2.755539,0.006816,18.837440,30.196694,0.686874,17.695353,0.558793,0.233761,0.043286,0.000000,0.109452,199.053940,0.500000,-0.866025
2016,5,0.000000,145.000000,2.500000,147.500000,4321.640000,24.983571,9.340204,0.646977,34.970752,29.984960,0.666076,16.394502,0.503373,0.185440,0.036812,0.000000,0.129772,199.351440,0.500000,-0.866025
2016,5,0.000000,-155.000000,2.500000,-152.500000,1018.980000,5.308249,18.257473,0.547606,24.113329,,,,,,,,,,0.500000,-0.866025
2016,5,0.000000,160.000000,2.500000,162.500000,1519.770000,3.872954,8.080170,0.027636,11.980760,29.334888,0.604431,16.583335,0.508481,0.243718,0.033059,0.000000,0.179216,198.768707,0.500000,-0.866025
2016,5,0.000000,-160.000000,2.500000,-157.500000,1417.240000,4.571562,17.948266,0.131947,22.651774,,,,,,,,,,0.500000,-0.866025
2016,5,0.000000,-165.000000,2.500000,-162.500000,3868.890000,7.744599,16.471908,1.058702,25.275208,,,,,,,,,,0.500000,-0.866025
2016,5,0.000000,170.000000,2.500000,172.500000,4176.330000,4.816190,13.860495,0.091228,18.767913,29.372673,0.574815,14.810208,0.565674,131.295890,0.036740,0.057773,0.203832,200.038086,0.500000,-0.866025
2016,5,0.000000,-170.000000,2.500000,-167.500000,14105.070000,8.643488,14.582133,0.516268,23.741889,,,,,,,,,,0.500000,-0.866025
2016,5,0.000000,175.000000,2.500000,177.500000,6633.000000,3.812754,22.323232,0.012815,26.148801,29.291045,0.555855,17.317687,0.428594,0.378080,0.021426,0.000000,0.163213,199.664551,0.500000,-0.866025
2016,5,0.000000,-175.000000,2.500000,-172.500000,9519.980000,12.584375,19.092267,0.586976,32.263618,,,,,,,,,,0.500000,-0.866025
2016,5,0.000000,-180.000000,2.500000,-177.500000,2045.110000,3.302023,23.424168,0.079213,26.805404,,,,,,,,,,0.500000,-0.866025
2016,5,5.000000,165.000000,7.500000,167.500000,1662.830000,7.517305,9.755056,4.281857,21.554218,28.929708,0.625091,28.067563,0.150028,130.176949,0.019497,0.041643,0.135523,200.111267,0.500000,-0.866025
2016,5,5.000000,170.000000,7.500000,172.500000,2431.260000,5.419412,12.300206,0.285037,18.004656,28.894170,0.615287,28.783076,0.165653,130.725937,0.016560,0.043319,0.133634,200.384109,0.500000,-0.866025
2016,5,5.000000,-170.000000,7.500000,-167.500000,1050.770000,2.649486,16.312799,0.077086,19.039371,,,,,,,,,,0.500000,-0.866025
2016,5,5.000000,175.000000,7.500000,177.500000,1435.610000,1.266361,17.925481,0.000000,19.191842,28.903379,0.628826,40.580337,0.182396,0.909610,0.017961,0.003333,0.099934,200.691742,0.500000,-0.866025
2016,5,5.000000,-175.000000,7.500000,-172.500000,2037.850000,1.214025,15.700370,0.030424,16.944819,,,,,,,,,,0.500000,-0.866025
2016,5,-5.000000,120.000000,-2.500000,122.500000,32609.090000,7.492297,2.532024,0.000000,10.024321,30.432105,0.574282,12.491570,0.136212,140.567502,0.021547,0.242570,0.095312,198.063049,0.500000,-0.866025
2016,5,-5.000000,125.000000,-2.500000,127.500000,48913.630000,7.492288,2.532014,0.000000,10.024302,30.141921,0.559619,11.765264,0.174150,137.734739,0.008905,0.147059,0.088629,197.800232,0.500000,-0.866025
2016,5,-5.000000,130.000000,-2.500000,132.500000,16304.540000,7.492269,2.531994,0.000000,10.024263,30.162604,0.575015,11.482132,0.224690,142.031965,0.030890,0.307820,0.124102,198.294449,0.500000,-0.866025
2016,5,-5.000000,160.000000,-2.500000,162.500000,1921.710000,7.543802,5.456599,0.289326,13.289726,30.124830,0.644092,14.336537,0.614634,0.549403,0.057204,0.000000,0.120277,199.271790,0.500000,-0.866025
2016,5,-5.000000,-165.000000,-2.500000,-162.500000,1382.740000,7.871328,6.885604,9.366909,24.123841,,,,,,,,,,0.500000,-0.866025
2016,5,-5.000000,-170.000000,-2.500000,-167.500000,6814.980000,12.852129,7.225993,9.116534,29.194656,,,,,,,,,,0.500000,-0.866025
2016,5,-5.000000,175.000000,-2.500000,177.500000,8619.750000,16.998753,8.010325,5.317556,30.326634,30.187801,0.611177,17.279347,0.675092,95.212959,0.060816,0.001668,0.114287,198.586243,0.500000,-0.866025
2016,5,-5.000000,-180.000000,-2.500000,-177.500000,11115.180000,19.718079,7.090663,7.626597,34.435340,,,,,,,,,,0.500000,-0.866025
2016,5,10.000000,110.000000,12.500000,112.500000,40352.460000,8.478938,0.575653,0.000000,9.054590,30.522139,0.711326,14.354721,0.215023,2.353539,0.064798,0.059167,0.088444,198.378632,0.500000,-0.866025
2016,5,10.000000,115.000000,12.500000,117.500000,40352.460000,8.478938,0.575653,0.000000,9.054590,30.763386,0.676936,12.930227,0.127360,139.230826,0.028071,0.074915,0.091911,197.555496,0.500000,-0.866025
2016,5,10.000000,130.000000,12.500000,132.500000,7358.740000,15.395027,6.150509,1.629355,23.174891,29.558892,0.726762,20.238351,0.254559,0.883498,0.100055,0.004722,0.093459,199.067261,0.500000,-0.866025
2016,5,10.000000,135.000000,12.500000,137.500000,7571.210000,7.165037,2.127401,0.719832,10.012270,29.325706,0.733487,20.591680,0.201066,117.797956,0.064156,0.005560,0.093177,199.427383,0.500000,-0.866025
2016,5,10.000000,140.000000,12.500000,142.500000,4005.640000,5.065607,1.196313,0.209205,6.471126,28.954646,0.750765,22.354257,0.198677,91.021113,0.055641,0.004174,0.087559,200.331421,0.500000,-0.866025
2016,5,10.000000,145.000000,12.500000,147.500000,1205.050000,5.159952,2.082071,1.766732,9.008755,28.682546,0.731572,24.982132,0.207457,90.627358,0.051931,0.020845,0.083868,201.033569,0.500000,-0.866025
2016,5,10.000000,150.000000,12.500000,152.500000,8727.520000,3.356509,1.421939,0.849268,5.627716,28.385283,0.721152,27.415499,0.162065,1.039586,0.040138,0.027778,0.082186,201.135025,0.500000,-0.866025
2016,5,10.000000,155.000000,12.500000,157.500000,15587.370000,1.901924,0.160386,1.705034,3.767345,28.280459,0.684877,27.041054,0.150937,1.218953,0.027425,0.018889,0.078310,200.746979,0.500000,-0.866025
2016,5,10.000000,-155.000000,12.500000,-152.500000,1457.820000,0.697617,36.610144,0.000000,37.307761,,,,,,,,,,0.500000,-0.866025
2016,5,10.000000,-160.000000,12.500000,-157.500000,4271.800000,0.647502,45.269441,0.146308,46.063252,,,,,,,,,,0.500000,-0.866025
2016,5,10.000000,165.000000,12.500000,167.500000,2369.890000,11.606868,14.069851,2.132588,27.809308,27.927142,0.693634,28.480025,0.158677,126.077906,0.027868,0.038234,0.078526,202.552155,0.500000,-0.866025
2016,5,10.000000,-165.000000,12.500000,-162.500000,3397.380000,1.605943,33.062242,0.623422,35.291607,,,,,,,,,,0.500000,-0.866025
2016,5,10.000000,170.000000,12.500000,172.500000,9421.970000,3.376895,23.624571,0.173424,27.174890,27.709159,0.668667,29.866081,0.180388,56.372066,0.031848,0.003334,0.075570,203.523422,0.500000,-0.866025
2016,5,10.000000,-170.000000,12.500000,-167.500000,4644.590000,0.831074,18.371266,1.083626,20.285967,,,,,,,,,,0.500000,-0.866025
2016,5,10.000000,175.000000,12.500000,177.500000,13316.320000,1.198529,25.252097,0.367744,26.818370,27.694935,0.688357,32.397646,0.148745,0.900198,0.016342,0.005000,0.067681,204.000885,0.500000,-0.866025
2016,5,10.000000,-175.000000,12.500000,-172.500000,13947.910000,0.681249,17.541625,0.112562,18.335435,,,,,,,,,,0.500000,-0.866025
2016,5,10.000000,-180.000000,12.500000,-177.500000,11886.540000,0.942242,21.727938,0.395405,23.065585,,,,,,,,,,0.500000,-0.866025
2016,5,-10.000000,-135.000000,-7.500000,-132.500000,2252.850000,12.973789,30.954569,4.487205,48.415563,,,,,,,,,,0.500000,-0.866025
2016,5,-10.000000,-140.000000,-7.500000,-137.500000,1015.170000,13.080568,16.406119,2.930544,32.417231,,,,,,,,,,0.500000,-0.866025
2016,5,-10.000000,-150.000000,-7.500000,-147.500000,5541.770000,8.374400,5.450605,30.931453,44.756459,,,,,,,,,,0.500000,-0.866025
2016,5,-10.000000,155.000000,-7.500000,157.500000,4523.850000,14.815478,2.857743,0.213977,17.887198,29.803606,0.650122,18.390850,0.261309,135.050710,0.064671,0.109096,0.105466,198.270248,0.500000,-0.866025
2016,5,-10.000000,-155.000000,-7.500000,-152.500000,3707.860000,13.139385,8.755724,48.672280,70.567389,,,,,,,,,,0.500000,-0.866025
2016,5,-10.000000,160.000000,-7.500000,162.500000,3364.010000,8.379285,2.333525,1.039236,11.752046,29.754213,0.626653,17.608693,0.234186,132.151214,0.063978,0.034542,0.101974,198.477234,0.500000,-0.866025
2016,5,-10.000000,-160.000000,-7.500000,-157.500000,11936.110000,10.347509,4.568909,33.027678,47.944096,,,,,,,,,,0.500000,-0.866025
2016,5,-10.000000,165.000000,-7.500000,167.500000,4218.430000,7.385449,6.081172,6.365401,19.832023,29.833280,0.672956,19.336062,0.166787,0.470111,0.062047,0.000000,0.101811,198.417572,0.500000,-0.866025
2016,5,-10.000000,-165.000000,-7.500000,-162.500000,23766.980000,8.460604,4.956919,26.862942,40.280465,,,,,,,,,,0.500000,-0.866025
2016,5,-10.000000,170.000000,-7.500000,172.500000,5004.970000,6.674166,6.133903,7.552693,20.360761,29.896421,0.698128,21.926914,0.106074,0.498187,0.040491,0.000000,0.098376,198.009277,0.500000,-0.866025
2016,5,-10.000000,-170.000000,-7.500000,-167.500000,31892.720000,8.373792,4.277246,18.335376,30.986413,,,,,,,,,,0.500000,-0.866025
2016,5,-10.000000,175.000000,-7.500000,177.500000,4271.950000,13.686490,6.484626,8.814944,28.986060,30.017007,0.710762,21.874567,0.128001,0.535647,0.029215,0.000000,0.077786,196.901917,0.500000,-0.866025
2016,5,-10.000000,-175.000000,-7.500000,-172.500000,8123.000000,5.220731,3.029300,16.423735,24.673766,,,,,,,,,,0.500000,-0.866025
2016,5,-10.000000,-180.000000,-7.500000,-177.500000,7182.120000,10.198382,8.015043,11.874906,30.088330,,,,,,,,,,0.500000,-0.866025
2016,5,15.000000,110.000000,17.500000,112.500000,40352.460000,8.478938,0.575653,0.000000,9.054590,29.478854,0.638018,11.453376,0.224580,128.794988,0.080767,0.139314,0.095159,199.964233,0.500000,-0.866025
2016,5,15.000000,115.000000,17.500000,117.500000,40352.460000,8.478938,0.575653,0.000000,9.054590,30.240867,0.601769,11.618329,0.184219,139.914539,0.053729,0.108635,0.092161,199.133362,0.500000,-0.866025
2016,5,15.000000,125.000000,17.500000,127.500000,4704.400000,4.707508,4.034521,10.209804,18.951832,29.522485,0.947583,15.993522,0.173165,0.847362,0.083790,0.005000,0.101278,199.496490,0.500000,-0.866025
2016,5,15.000000,130.000000,17.500000,132.500000,7031.820000,3.804705,0.857815,10.240023,14.902543,29.284814,0.949620,19.016974,0.170899,1.597307,0.080481,0.016111,0.095732,200.269791,0.500000,-0.866025
2016,5,15.000000,135.000000,17.500000,137.500000,7536.200000,4.010509,1.168095,13.265970,18.444574,28.899902,0.936432,18.041018,0.152387,0.480879,0.069159,0.000000,0.091933,200.971985,0.500000,-0.866025
2016,5,15.000000,140.000000,17.500000,142.500000,5695.310000,3.600506,0.543254,9.468317,13.612077,28.524230,0.949912,18.772106,0.175895,0.732249,0.056826,0.001389,0.090850,202.028015,0.500000,-0.866025
2016,5,15.000000,150.000000,17.500000,152.500000,10163.930000,5.079433,3.749927,19.655586,28.484946,27.689832,0.899117,22.158643,0.181862,0.837417,0.073349,0.005833,0.078665,204.589615,0.500000,-0.866025
2016,5,15.000000,155.000000,17.500000,157.500000,3999.960000,4.036290,0.824258,24.303493,29.164042,27.393626,0.869070,20.549978,0.193977,0.505471,0.073493,0.000000,0.073081,205.309525,0.500000,-0.866025
2016,5,15.000000,-155.000000,17.500000,-152.500000,5260.450000,1.049150,12.695492,0.190478,13.935120,,,,,,,,,,0.500000,-0.866025
2016,5,15.000000,-160.000000,17.500000,-157.500000,9508.460000,1.605202,15.017258,0.748807,17.371267,,,,,,,,,,0.500000,-0.866025
2016,5,15.000000,-165.000000,17.500000,-162.500000,9319.050000,2.381466,15.237497,5.548527,23.167490,,,,,,,,,,0.500000,-0.866025
2016,5,-15.000000,145.000000,-12.500000,147.500000,1546.650000,34.504898,2.543562,32.037630,69.086089,28.348425,0.705157,30.262298,0.180287,127.540789,0.038716,0.058608,0.095678,199.917572,0.500000,-0.866025
2016,5,-15.000000,-145.000000,-12.500000,-142.500000,4115.140000,10.141332,4.437030,30.632008,45.210370,,,,,,,,,,0.500000,-0.866025
2016,5,-15.000000,150.000000,-12.500000,152.500000,3431.540000,26.586023,4.838935,37.346497,68.771455,28.531425,0.662926,29.072328,0.167652,128.193622,0.037380,0.125635,0.088130,199.040848,0.500000,-0.866025
2016,5,-15.000000,-150.000000,-12.500000,-147.500000,11391.070000,7.062287,3.583245,35.563999,46.209531,,,,,,,,,,0.500000,-0.866025
2016,5,-15.000000,155.000000,-12.500000,157.500000,3309.610000,8.905279,2.916054,6.298325,18.119658,28.877218,0.575646,28.968340,0.208720,0.549669,0.064888,0.000000,0.093372,199.028900,0.500000,-0.866025
2016,5,-15.000000,-155.000000,-12.500000,-152.500000,4668.710000,7.857845,2.116002,38.794871,48.768718,,,,,,,,,,0.500000,-0.866025
2016,5,-15.000000,160.000000,-12.500000,162.500000,2543.200000,9.202973,2.181897,5.556779,16.941648,29.073633,0.607987,33.964992,0.200623,131.543614,0.062500,0.024178,0.112101,198.717789,0.500000,-0.866025
2016,5,-15.000000,-160.000000,-12.500000,-157.500000,14291.630000,8.970145,1.575118,27.832515,38.377778,,,,,,,,,,0.500000,-0.866025
2016,5,-15.000000,-165.000000,-12.500000,-162.500000,1266.670000,5.108671,1.988679,26.399931,33.497280,,,,,,,,,,0.500000,-0.866025
2016,5,-15.000000,170.000000,-12.500000,172.500000,7019.930000,8.545954,3.432798,11.748550,23.727302,28.988353,0.594202,30.894652,0.145918,0.833487,0.036555,0.005833,0.078151,197.443619,0.500000,-0.866025
2016,5,-15.000000,-170.000000,-12.500000,-167.500000,4589.260000,7.511451,0.898838,30.999769,39.410057,,,,,,,,,,0.500000,-0.866025
2016,5,-15.000000,175.000000,-12.500000,177.500000,9766.960000,7.654378,2.497809,12.331575,22.483762,28.827650,0.576209,29.466979,0.114878,1.255375,0.042769,0.034167,0.087683,198.207870,0.500000,-0.866025
2016,5,-15.000000,-175.000000,-12.500000,-172.500000,11818.580000,6.141093,1.551794,26.584581,34.277468,,,,,,,,,,0.500000,-0.866025
2016,5,-15.000000,-180.000000,-12.500000,-177.500000,1187.970000,8.335227,2.379690,14.262986,24.977903,,,,,,,,,,0.500000,-0.866025
2016,5,20.000000,115.000000,22.500000,117.500000,2380.110000,1.205406,0.073106,0.000000,1.278512,27.760112,0.608463,11.638486,0.255435,121.069937,0.108286,0.438082,0.277055,205.696121,0.500000,-0.866025
2016,5,20.000000,120.000000,22.500000,122.500000,4990.440000,14.152460,0.999511,0.206194,15.358165,28.275287,0.847254,11.711527,0.318693,128.175014,0.134519,0.360063,0.145181,203.015686,0.500000,-0.866025
2016,5,20.000000,125.000000,22.500000,127.500000,4847.320000,11.987861,0.009490,0.325541,12.322892,28.069705,1.041338,11.782792,0.233155,86.765410,0.110681,0.235409,0.111986,204.432724,0.500000,-0.866025
2016,5,20.000000,135.000000,22.500000,137.500000,8098.840000,2.973759,0.173111,6.784058,9.930928,28.113131,1.032937,13.898045,0.210587,3.995770,0.090436,0.191111,0.101003,204.472580,0.500000,-0.866025
2016,5,20.000000,140.000000,22.500000,142.500000,1937.860000,11.163861,0.426243,12.123167,23.713271,27.642600,1.027740,13.970847,0.186318,53.382594,0.073771,0.225618,0.094589,204.938812,0.500000,-0.866025
2016,5,20.000000,145.000000,22.500000,147.500000,4268.070000,1.451476,0.921259,3.819759,6.192494,27.348397,0.988826,14.720561,0.193075,1.736456,0.087597,0.257778,0.089461,206.075989,0.500000,-0.866025
2016,5,20.000000,150.000000,22.500000,152.500000,3989.910000,3.821640,0.268427,16.642481,20.732548,27.267274,0.992487,16.479233,0.219226,1.532008,0.118287,0.091111,0.083635,206.583939,0.500000,-0.866025
2016,5,20.000000,155.000000,22.500000,157.500000,1013.300000,0.447054,0.282246,0.000000,0.729300,26.815457,0.899313,16.251361,0.163367,1.510789,0.078057,0.100556,0.079042,207.681076,0.500000,-0.866025
2016,5,20.000000,160.000000,22.500000,162.500000,2699.470000,1.390643,0.107799,0.032229,1.530671,26.526531,0.829751,16.697101,0.173798,1.495876,0.065678,0.093056,0.076134,208.500366,0.500000,-0.866025
2016,5,-20.000000,-150.000000,-17.500000,-147.500000,2145.850000,4.443927,3.598108,13.926416,21.968451,,,,,,,,,,0.500000,-0.866025
2016,5,-20.000000,155.000000,-17.500000,157.500000,1191.900000,10.326370,1.465727,10.270157,22.062254,27.786041,0.742718,39.512910,0.129285,1.586072,0.043415,0.080278,0.066053,202.508026,0.500000,-0.866025
2016,5,-20.000000,165.000000,-17.500000,167.500000,1360.750000,16.184457,1.048686,14.467022,31.700165,27.690198,0.664141,33.679113,0.104515,127.360605,0.037248,0.179032,0.078652,202.613235,0.500000,-0.866025
2016,5,-20.000000,170.000000,-17.500000,172.500000,7707.130000,10.642613,1.650939,22.569491,34.863042,27.590665,0.672588,32.430368,0.114840,2.077129,0.032538,0.139722,0.072238,202.799515,0.500000,-0.866025
2016,5,-20.000000,175.000000,-17.500000,177.500000,14470.240000,8.095443,1.853597,10.835688,20.784728,27.424618,0.656494,30.824413,0.121191,123.721155,0.037163,0.113069,0.079186,203.840302,0.500000,-0.866025
2016,5,-20.000000,-180.000000,-17.500000,-177.500000,4803.640000,14.964485,3.051436,11.209000,29.224921,,,,,,,,,,0.500000,-0.866025
2016,5,25.000000,120.000000,27.500000,122.500000,2089.540000,20.694507,0.628847,0.021536,21.344889,23.641680,0.463857,12.814224,0.239628,120.400063,0.183557,0.845080,0.260724,218.053131,0.500000,-0.866025
2016,5,25.000000,125.000000,27.500000,127.500000,7473.140000,37.722296,0.059680,0.553315,38.335291,24.982178,0.826664,14.053084,0.307269,112.704218,0.226780,0.706824,0.147284,215.135605,0.500000,-0.866025
2016,5,25.000000,130.000000,27.500000,132.500000,4779.290000,18.207516,0.118218,0.526229,18.851963,25.044968,0.938723,13.174347,0.233736,50.078173,0.120377,0.475410,0.117911,216.061386,0.500000,-0.866025
2016,5,25.000000,135.000000,27.500000,137.500000,5963.370000,1.078920,0.854215,0.226214,2.159349,24.866154,1.044613,12.782339,0.182398,3.269280,0.086335,0.509167,0.122779,219.362579,0.500000,-0.866025
2016,5,25.000000,145.000000,27.500000,147.500000,4349.840000,0.817501,0.029886,0.077474,0.924862,25.108231,0.959963,13.300137,0.165382,5.393354,0.086976,0.397222,0.088463,218.253571,0.500000,-0.866025
2016,5,25.000000,150.000000,27.500000,152.500000,5490.720000,0.908806,0.081774,0.009106,0.999687,24.420331,0.868326,11.972624,0.177230,3.661626,0.088123,0.414722,0.082853,218.990814,0.500000,-0.866025
2016,5,25.000000,155.000000,27.500000,157.500000,3023.430000,1.004158,0.203411,0.057881,1.265450,24.340318,0.816493,13.962643,0.163598,4.536740,0.069331,0.430833,0.078021,219.664886,0.500000,-0.866025
2016,5,25.000000,160.000000,27.500000,162.500000,9660.430000,1.449521,0.248850,0.096683,1.795055,24.055732,0.820998,15.188809,0.139782,5.995710,0.053473,0.445278,0.074217,220.579803,0.500000,-0.866025
2016,5,25.000000,-160.000000,27.500000,-157.500000,2784.840000,1.093420,17.967280,0.733615,19.794315,,,,,,,,,,0.500000,-0.866025
2016,5,25.000000,165.000000,27.500000,167.500000,2806.360000,0.516684,0.660999,0.476418,1.654100,23.517841,0.750987,15.545790,0.130757,4.871692,0.078367,0.481667,0.069564,222.051010,0.500000,-0.866025
2016,5,25.000000,-165.000000,27.500000,-162.500000,1372.010000,1.644303,23.483065,0.000000,25.127368,,,,,,,,,,0.500000,-0.866025
2016,5,-25.000000,160.000000,-22.500000,162.500000,2605.730000,7.525722,2.910509,28.752787,39.189018,25.848120,0.696834,40.159157,0.115687,119.805775,0.051463,0.201238,0.067468,208.279709,0.500000,-0.866025
2016,5,-25.000000,-160.000000,-22.500000,-157.500000,1011.000000,4.729970,3.151335,6.865480,14.746785,,,,,,,,,,0.500000,-0.866025
2016,5,-25.000000,165.000000,-22.500000,167.500000,1364.000000,19.719941,3.686217,11.780792,35.186950,26.012870,0.659868,33.354558,0.159580,119.671165,0.065773,0.303882,0.071113,207.882706,0.500000,-0.866025
2016,5,-25.000000,175.000000,-22.500000,177.500000,4847.420000,8.710200,1.328954,17.922524,27.961679,25.736228,0.730750,41.579818,0.144936,2.240127,0.062543,0.197778,0.066365,209.270020,0.500000,-0.866025
2016,5,-25.000000,-175.000000,-22.500000,-172.500000,1950.830000,4.364809,3.043320,19.815668,27.223797,,,,,,,,,,0.500000,-0.866025
2016,5,-25.000000,-180.000000,-22.500000,-177.500000,2297.180000,18.660270,3.629232,8.987106,31.276609,,,,,,,,,,0.500000,-0.866025
2016,5,30.000000,130.000000,32.500000,132.500000,1640.980000,13.613816,0.075565,2.736170,16.425551,21.803887,0.659055,13.742209,0.353864,106.203963,0.293120,0.705973,0.281764,227.817154,0.500000,-0.866025
2016,5,30.000000,135.000000,32.500000,137.500000,4262.690000,2.332330,2.690085,13.869411,18.891827,21.580863,0.864845,14.482281,0.486093,99.946088,0.473392,0.621110,0.277098,225.380692,0.500000,-0.866025
2016,5,30.000000,140.000000,32.500000,142.500000,2013.900000,2.538855,7.067878,20.782561,30.389294,21.767465,0.980736,15.518239,0.302515,29.627447,0.224460,0.303889,0.413825,233.699890,0.500000,-0.866025
2016,5,30.000000,145.000000,32.500000,147.500000,11421.260000,1.349151,9.615226,28.809168,39.773545,21.118274,0.934648,14.475099,0.265780,3.079969,0.216757,0.371111,0.436500,237.695450,0.500000,-0.866025
2016,5,30.000000,150.000000,32.500000,152.500000,3722.420000,0.236137,1.742952,5.280704,7.259793,20.334900,0.732321,14.628200,0.369176,3.115018,0.220688,0.526667,0.466157,241.039688,0.500000,-0.866025
2016,5,30.000000,155.000000,32.500000,157.500000,2829.690000,0.320176,5.303761,1.928480,7.552417,20.278953,0.828169,16.885044,0.303353,4.114634,0.200252,0.479167,0.388469,243.560257,0.500000,-0.866025
2016,5,30.000000,170.000000,32.500000,172.500000,1300.920000,0.000000,0.089168,1.922486,2.011653,18.425320,0.582976,19.223610,0.244278,3.101003,0.217935,0.547222,0.279600,249.113541,0.500000,-0.866025
2016,5,30.000000,175.000000,32.500000,177.500000,1082.160000,0.070230,0.000000,1.247505,1.317735,17.883012,0.555820,17.810857,0.279077,3.895714,0.171597,0.477222,0.221263,251.004547,0.500000,-0.866025
2016,5,-30.000000,150.000000,-27.500000,152.500000,2289.700000,25.360964,12.122549,4.269555,41.753068,24.706839,0.647905,38.232968,0.294854,111.431609,0.105944,0.514286,0.229330,209.325668,0.500000,-0.866025
2016,5,-30.000000,155.000000,-27.500000,157.500000,2874.550000,17.150163,11.326295,17.119201,45.595658,24.308561,0.726018,53.133533,0.150301,1.815174,0.082342,0.131111,0.121061,213.887619,0.500000,-0.866025
2016,5,-30.000000,160.000000,-27.500000,162.500000,1052.010000,7.656771,2.561763,24.482657,34.701191,23.745569,0.624285,50.247372,0.186836,2.145942,0.111259,0.175000,0.058990,215.865631,0.500000,-0.866025
2016,5,-30.000000,-160.000000,-27.500000,-157.500000,2993.890000,8.793242,0.503693,40.516853,49.813787,,,,,,,,,,0.500000,-0.866025
2016,5,-30.000000,-165.000000,-27.500000,-162.500000,1376.400000,2.696164,1.074542,21.700087,25.470793,,,,,,,,,,0.500000,-0.866025
2016,5,-30.000000,-170.000000,-27.500000,-167.500000,1238.020000,2.727743,1.214035,22.765383,26.707161,,,,,,,,,,0.500000,-0.866025
2016,5,-30.000000,-175.000000,-27.500000,-172.500000,1443.470000,2.572967,2.061006,16.162442,20.796414,,,,,,,,,,0.500000,-0.866025
2016,5,-30.000000,-180.000000,-27.500000,-177.500000,1508.440000,2.114768,1.345098,14.033704,17.493570,,,,,,,,,,0.500000,-0.866025
2016,5,35.000000,140.000000,37.500000,142.500000,1815.790000,0.095275,0.018725,0.213681,0.327681,17.328230,0.176431,13.780382,0.346635,88.042154,0.202374,0.749556,0.754475,235.979111,0.500000,-0.866025
2016,5,35.000000,145.000000,37.500000,147.500000,10582.330000,1.284122,12.280660,28.831458,42.396240,17.268189,0.318823,18.591750,0.507060,11.707969,0.320196,0.825556,0.906852,244.074478,0.500000,-0.866025
2016,5,35.000000,150.000000,37.500000,152.500000,9246.310000,0.431199,5.867746,21.636415,27.935360,16.308351,0.296197,19.871365,0.319980,8.306185,0.311967,0.755278,1.057166,255.992905,0.500000,-0.866025
2016,5,35.000000,155.000000,37.500000,157.500000,6722.110000,0.131655,0.862378,2.708673,3.702706,15.500646,0.215288,19.863270,0.190109,5.979879,0.126325,0.696667,1.149085,265.432037,0.500000,-0.866025
2016,5,35.000000,165.000000,37.500000,167.500000,1308.030000,0.045871,0.000000,0.334090,0.379961,14.213856,0.263512,19.514977,0.184525,5.488022,0.091964,0.685556,1.106060,273.520203,0.500000,-0.866025
2016,5,-35.000000,-135.000000,-32.500000,-132.500000,2350.000000,1.393191,0.887234,52.752340,55.032766,,,,,,,,,,0.500000,-0.866025
2016,5,-35.000000,-140.000000,-32.500000,-137.500000,2763.880000,0.849169,0.832525,55.708280,57.389974,,,,,,,,,,0.500000,-0.866025
2016,5,-35.000000,-150.000000,-32.500000,-147.500000,2581.440000,0.104980,1.072270,44.707992,45.885242,,,,,,,,,,0.500000,-0.866025
2016,5,-35.000000,-155.000000,-32.500000,-152.500000,2187.730000,0.793059,1.057717,39.860952,41.711729,,,,,,,,,,0.500000,-0.866025
2016,5,-35.000000,160.000000,-32.500000,162.500000,1328.000000,4.673946,1.501506,21.878012,28.053464,22.126843,0.564879,54.566080,0.210610,2.794685,0.126825,0.434722,0.211341,218.412323,0.500000,-0.866025
2016,5,-35.000000,-160.000000,-32.500000,-157.500000,3422.390000,1.699982,1.077317,51.107267,53.884566,,,,,,,,,,0.500000,-0.866025
2016,5,-35.000000,-165.000000,-32.500000,-162.500000,4598.400000,1.936326,1.048191,38.293102,41.277618,,,,,,,,,,0.500000,-0.866025
2016,5,-35.000000,-170.000000,-32.500000,-167.500000,1389.060000,3.038746,1.093545,27.628756,31.761047,,,,,,,,,,0.500000,-0.866025
2016,5,-35.000000,-175.000000,-32.500000,-172.500000,1694.750000,1.867532,1.282785,56.903968,60.054285,,,,,,,,,,0.500000,-0.866025
2016,5,-40.000000,150.000000,-37.500000,152.500000,1414.470000,18.667770,4.299844,4.368421,27.336034,,,,,,,,,,0.500000,-0.866025
2016,5,-40.000000,155.000000,-37.500000,157.500000,4240.510000,3.371528,5.668894,22.164079,31.204501,,,,,,,,,,0.500000,-0.866025
2016,5,-40.000000,160.000000,-37.500000,162.500000,4106.320000,1.601190,3.478297,31.553069,36.632557,,,,,,,,,,0.500000,-0.866025
2016,5,-40.000000,175.000000,-37.500000,177.500000,1407.450000,0.655796,4.959324,31.412128,37.027248,,,,,,,,,,0.500000,-0.866025
2016,5,-40.000000,-175.000000,-37.500000,-172.500000,1357.000000,0.511422,0.000000,116.400147,116.911570,,,,,,,,,,0.500000,-0.866025
2016,5,-45.000000,150.000000,-42.500000,152.500000,4995.870000,0.134311,0.677159,6.485757,7.297228,,,,,,,,,,0.500000,-0.866025
2016,5,-45.000000,155.000000,-42.500000,157.500000,10510.510000,0.223300,0.331953,7.635976,8.191230,,,,,,,,,,0.500000,-0.866025
2016,6,0.000000,120.000000,2.500000,122.500000,20366.390000,8.997078,3.040549,0.000000,12.037627,30.025171,0.619595,12.150431,0.331472,138.273008,0.018188,0.067970,0.105604,200.140381,0.000000,-1.000000
2016,6,0.000000,125.000000,2.500000,127.500000,27155.190000,8.997065,3.040561,0.000000,12.037625,29.942344,0.640207,15.393432,0.310682,138.613916,0.037345,0.121597,0.100439,199.080185,0.000000,-1.000000
2016,6,0.000000,130.000000,2.500000,132.500000,6788.800000,8.997025,3.040596,0.000000,12.037621,30.269340,0.712547,19.310738,0.375295,119.474017,0.030082,0.008336,0.092757,198.349670,0.000000,-1.000000
2016,6,0.000000,140.000000,2.500000,142.500000,5334.370000,13.895362,5.563919,0.084546,19.543826,30.459545,0.696321,16.625086,0.222647,0.233083,0.019792,0.000000,0.078691,198.275253,0.000000,-1.000000
2016,6,0.000000,145.000000,2.500000,147.500000,7375.970000,14.884822,8.359985,0.268710,23.513518,30.350288,0.675979,13.889780,0.181077,0.346042,0.015650,0.000000,0.094739,199.261871,0.000000,-1.000000
2016,6,0.000000,155.000000,2.500000,157.500000,1917.780000,11.511227,24.997654,0.273233,36.782113,29.979766,0.639948,15.965081,0.203149,0.348893,0.015865,0.000000,0.155622,201.199860,0.000000,-1.000000
2016,6,0.000000,-155.000000,2.500000,-152.500000,2508.770000,12.513303,20.434715,0.223616,33.171634,,,,,,,,,,0.000000,-1.000000
2016,6,0.000000,160.000000,2.500000,162.500000,1062.140000,9.777430,17.206771,0.000000,26.984202,29.849457,0.617693,15.575673,0.220304,0.312695,0.016309,0.000000,0.165531,200.780060,0.000000,-1.000000
2016,6,0.000000,165.000000,2.500000,167.500000,3218.370000,3.678570,11.127683,0.011497,14.817749,29.715029,0.596351,15.150388,0.240096,93.859806,0.017865,0.002779,0.174752,201.118500,0.000000,-1.000000
2016,6,0.000000,170.000000,2.500000,172.500000,3760.670000,7.668049,15.966836,6.184802,29.819686,29.684700,0.574101,16.802472,0.256546,132.909446,0.012507,0.027072,0.213146,201.499130,0.000000,-1.000000
2016,6,0.000000,-170.000000,2.500000,-167.500000,1853.070000,3.291835,7.363456,0.897430,11.552721,,,,,,,,,,0.000000,-1.000000
2016,6,0.000000,175.000000,2.500000,177.500000,4601.440000,5.059720,9.842354,0.000000,14.902074,29.493509,0.547780,18.643674,0.174994,0.451358,0.009880,0.000000,0.155685,200.890198,0.000000,-1.000000
2016,6,0.000000,-175.000000,2.500000,-172.500000,4073.220000,5.425192,14.858024,0.543305,20.826521,,,,,,,,,,0.000000,-1.000000
2016,6,0.000000,-180.000000,2.500000,-177.500000,1017.410000,2.727514,10.387160,0.482598,13.597272,,,,,,,,,,0.000000,-1.000000
2016,6,5.000000,135.000000,7.500000,137.500000,1240.770000,20.977296,6.579785,0.000000,27.557081,30.361864,0.692772,16.142000,0.191521,133.614034,0.044724,0.006954,0.100327,198.379654,0.000000,-1.000000
2016,6,5.000000,165.000000,7.500000,167.500000,1314.100000,1.572940,6.457652,0.000000,8.030591,29.409471,0.642233,24.883350,0.155545,131.967716,0.018320,0.043343,0.157444,200.121750,0.000000,-1.000000
2016,6,5.000000,170.000000,7.500000,172.500000,2357.840000,1.904709,5.651783,0.000000,7.556492,29.310020,0.656059,27.344800,0.219163,131.707632,0.039791,0.028692,0.152803,200.561203,0.000000,-1.000000
2016,6,5.000000,175.000000,7.500000,177.500000,4364.070000,4.081969,18.892914,0.000000,22.974884,29.146070,0.642360,32.049904,0.241006,0.306384,0.053535,0.000000,0.113896,200.784027,0.000000,-1.000000
2016,6,5.000000,-180.000000,7.500000,-177.500000,1615.110000,3.909950,16.618063,0.319483,20.847496,,,,,,,,,,0.000000,-1.000000
2016,6,-5.000000,120.000000,-2.500000,122.500000,27155.190000,8.997065,3.040561,0.000000,12.037625,29.758157,0.607871,14.171375,0.146767,138.213370,0.023625,0.250201,0.096497,198.880219,0.000000,-1.000000
2016,6,-5.000000,125.000000,-2.500000,127.500000,40732.780000,8.997053,3.040549,0.000000,12.037602,29.315097,0.588135,14.794202,0.185184,134.669212,0.020603,0.175542,0.098913,199.690018,0.000000,-1.000000
2016,6,-5.000000,130.000000,-2.500000,132.500000,13577.590000,8.997031,3.040525,0.000000,12.037556,29.295889,0.614311,14.285365,0.182182,135.446822,0.046976,0.287960,0.126008,199.407227,0.000000,-1.000000
2016,6,-5.000000,160.000000,-2.500000,162.500000,1614.550000,12.329132,8.323682,0.609458,21.262271,30.277376,0.648534,18.955598,0.381028,0.445173,0.043307,0.000000,0.128986,200.385269,0.000000,-1.000000
2016,6,-5.000000,170.000000,-2.500000,172.500000,10267.630000,17.354735,8.551146,0.954651,26.860532,30.139730,0.624679,18.408242,0.506396,135.017640,0.056901,0.030100,0.124005,199.471283,0.000000,-1.000000
2016,6,-5.000000,175.000000,-2.500000,177.500000,12470.500000,19.472756,6.221162,2.177138,27.871056,30.079976,0.612506,20.509915,0.507018,95.544631,0.053431,0.001668,0.128850,199.953537,0.000000,-1.000000
2016,6,-5.000000,-180.000000,-2.500000,-177.500000,1604.540000,7.573510,8.322011,3.920127,19.815648,,,,,,,,,,0.000000,-1.000000
2016,6,10.000000,110.000000,12.500000,112.500000,25399.100000,13.470792,0.914560,0.000000,14.385352,30.081493,0.741506,20.647002,0.271342,1.879702,0.060289,0.070833,0.084268,197.049500,0.000000,-1.000000
2016,6,10.000000,115.000000,12.500000,117.500000,25399.100000,13.470792,0.914560,0.000000,14.385352,30.495445,0.716306,18.581781,0.114607,138.085912,0.029197,0.057037,0.085131,196.663345,0.000000,-1.000000
2016,6,10.000000,130.000000,12.500000,132.500000,11365.840000,4.214647,1.337253,0.210279,5.762179,30.260271,0.822222,17.311371,0.185515,0.402631,0.078601,0.000000,0.101848,197.842102,0.000000,-1.000000
2016,6,10.000000,135.000000,12.500000,137.500000,3094.090000,6.035377,7.836230,2.157985,16.029592,30.001188,0.792325,17.587724,0.173582,119.469371,0.056760,0.005004,0.103541,197.983185,0.000000,-1.000000
2016,6,10.000000,150.000000,12.500000,152.500000,1701.640000,3.285066,0.629980,2.494652,6.409699,29.298649,0.757190,19.039821,0.149745,0.781940,0.032881,0.008056,0.092719,198.856842,0.000000,-1.000000
2016,6,10.000000,155.000000,12.500000,157.500000,2794.520000,20.444656,9.425232,4.242947,34.112835,29.165831,0.742714,21.658309,0.136044,0.544080,0.028312,0.000000,0.088789,199.466660,0.000000,-1.000000
2016,6,10.000000,-160.000000,12.500000,-157.500000,5353.470000,1.486699,41.499999,0.032129,43.018827,,,,,,,,,,0.000000,-1.000000
2016,6,10.000000,165.000000,12.500000,167.500000,1707.250000,6.421438,6.349978,0.770245,13.541661,28.647070,0.724696,21.961059,0.137657,128.921420,0.023287,0.031487,0.087316,200.797150,0.000000,-1.000000
2016,6,10.000000,-165.000000,12.500000,-162.500000,4192.090000,1.562944,26.374195,0.327522,28.264660,,,,,,,,,,0.000000,-1.000000
2016,6,10.000000,170.000000,12.500000,172.500000,1479.700000,4.115023,9.087653,0.677840,13.880516,28.611900,0.722741,26.311934,0.165827,58.040584,0.032069,0.003056,0.079643,201.468491,0.000000,-1.000000
2016,6,10.000000,-170.000000,12.500000,-167.500000,1428.050000,0.688351,16.372676,0.214278,17.275305,,,,,,,,,,0.000000,-1.000000
2016,6,10.000000,-180.000000,12.500000,-177.500000,2868.930000,0.770671,18.713597,0.475787,19.960055,,,,,,,,,,0.000000,-1.000000
2016,6,-10.000000,-135.000000,-7.500000,-132.500000,12801.200000,16.449239,22.786067,4.796113,44.031419,,,,,,,,,,0.000000,-1.000000
2016,6,-10.000000,-140.000000,-7.500000,-137.500000,4142.710000,15.992671,25.346211,1.766477,43.105359,,,,,,,,,,0.000000,-1.000000
2016,6,-10.000000,-145.000000,-7.500000,-142.500000,2767.570000,19.085335,11.707744,15.310905,46.103983,,,,,,,,,,0.000000,-1.000000
2016,6,-10.000000,-150.000000,-7.500000,-147.500000,23027.430000,13.541633,8.186237,19.767599,41.495469,,,,,,,,,,0.000000,-1.000000
2016,6,-10.000000,155.000000,-7.500000,157.500000,2026.920000,22.508535,2.631579,2.798828,27.938942,29.401074,0.681333,26.612749,0.169810,134.043776,0.050858,0.159631,0.122538,198.696793,0.000000,-1.000000
2016,6,-10.000000,-155.000000,-7.500000,-152.500000,4452.790000,8.171955,7.699667,8.341512,24.213134,,,,,,,,,,0.000000,-1.000000
2016,6,-10.000000,160.000000,-7.500000,162.500000,1311.710000,11.909645,3.236996,1.296018,16.442659,29.451179,0.677411,25.069611,0.149691,129.471387,0.042583,0.043106,0.097438,198.790054,0.000000,-1.000000
2016,6,-10.000000,-160.000000,-7.500000,-157.500000,2626.980000,7.995874,4.963114,17.925527,30.884514,,,,,,,,,,0.000000,-1.000000
2016,6,-10.000000,165.000000,-7.500000,167.500000,3039.970000,10.318852,8.619822,4.544782,23.483455,29.610115,0.703755,26.093751,0.160080,0.664217,0.037268,0.000278,0.087292,198.584351,0.000000,-1.000000
2016,6,-10.000000,-165.000000,-7.500000,-162.500000,16785.430000,9.704249,5.036570,13.437011,28.177830,,,,,,,,,,0.000000,-1.000000
2016,6,-10.000000,170.000000,-7.500000,172.500000,10881.240000,16.668505,8.000191,7.946337,32.615033,29.722995,0.708349,26.397410,0.100512,0.500222,0.032211,0.000000,0.084269,197.807739,0.000000,-1.000000
2016,6,-10.000000,-170.000000,-7.500000,-167.500000,19015.110000,12.739027,4.215700,13.821061,30.775788,,,,,,,,,,0.000000,-1.000000
2016,6,-10.000000,175.000000,-7.500000,177.500000,12479.860000,22.732146,7.994961,7.890233,38.617340,29.697810,0.714870,26.048185,0.108918,0.594452,0.021672,0.000000,0.078387,196.984238,0.000000,-1.000000
2016,6,-10.000000,-175.000000,-7.500000,-172.500000,6975.500000,13.036198,2.625188,17.767902,33.429288,,,,,,,,,,0.000000,-1.000000
2016,6,-10.000000,-180.000000,-7.500000,-177.500000,10017.210000,13.995514,5.614338,16.658531,36.268382,,,,,,,,,,0.000000,-1.000000
2016,6,15.000000,110.000000,17.500000,112.500000,25399.100000,13.470792,0.914560,0.000000,14.385352,29.923349,0.612925,13.004741,0.241313,128.065206,0.067514,0.114220,0.100066,197.028412,0.000000,-1.000000
2016,6,15.000000,115.000000,17.500000,117.500000,25399.100000,13.470792,0.914560,0.000000,14.385352,30.240607,0.663255,14.430453,0.169609,139.000588,0.058991,0.056546,0.090208,196.987808,0.000000,-1.000000
2016,6,15.000000,125.000000,17.500000,127.500000,1999.880000,3.605716,0.955557,0.597036,5.158309,30.368989,1.005776,16.884705,0.199287,1.333332,0.097431,0.027500,0.102675,196.949310,0.000000,-1.000000
2016,6,15.000000,130.000000,17.500000,132.500000,2184.670000,4.740762,2.079033,14.006692,20.826486,30.079804,0.992426,17.360328,0.175530,0.643819,0.090338,0.000000,0.099043,197.687225,0.000000,-1.000000
2016,6,15.000000,135.000000,17.500000,137.500000,8017.570000,3.266326,0.843398,22.057431,26.167155,29.824082,1.008695,18.820003,0.170610,0.481991,0.072397,0.000000,0.100479,198.252151,0.000000,-1.000000
2016,6,15.000000,140.000000,17.500000,142.500000,1624.670000,2.871352,0.729994,36.039319,39.640665,29.563234,0.977469,16.580961,0.172022,0.575207,0.052817,0.000000,0.100758,199.101349,0.000000,-1.000000
2016,6,15.000000,145.000000,17.500000,147.500000,1609.000000,3.707893,0.389683,14.884400,18.981976,29.270244,0.948720,18.239179,0.177569,92.843818,0.078793,0.001946,0.098329,200.788773,0.000000,-1.000000
2016,6,15.000000,150.000000,17.500000,152.500000,10299.960000,6.079829,1.089616,19.185997,26.355442,28.980923,0.926518,16.958119,0.197436,0.734426,0.076915,0.004444,0.093543,201.220291,0.000000,-1.000000
2016,6,15.000000,155.000000,17.500000,157.500000,2681.880000,7.290781,0.510090,44.356571,52.157442,28.867652,0.874196,16.693286,0.194826,0.429555,0.070621,0.000000,0.090144,201.861176,0.000000,-1.000000
2016,6,15.000000,-160.000000,17.500000,-157.500000,4538.640000,3.134199,10.101704,1.324626,14.560529,,,,,,,,,,0.000000,-1.000000
2016,6,15.000000,-165.000000,17.500000,-162.500000,2288.770000,4.020500,19.059582,4.026617,27.106699,,,,,,,,,,0.000000,-1.000000
2016,6,-15.000000,-135.000000,-12.500000,-132.500000,4681.930000,14.566429,12.503391,11.520463,38.590282,,,,,,,,,,0.000000,-1.000000
2016,6,-15.000000,-140.000000,-12.500000,-137.500000,2497.770000,15.828119,9.310305,22.062480,47.200903,,,,,,,,,,0.000000,-1.000000
2016,6,-15.000000,145.000000,-12.500000,147.500000,2366.370000,17.204833,3.606368,38.302125,59.113325,27.696482,0.708828,42.389558,0.171948,124.014255,0.035613,0.072415,0.106607,201.977722,0.000000,-1.000000
2016,6,-15.000000,-145.000000,-12.500000,-142.500000,3560.220000,10.549067,5.422699,31.195263,47.167029,,,,,,,,,,0.000000,-1.000000
2016,6,-15.000000,150.000000,-12.500000,152.500000,7771.880000,29.094505,5.262433,39.730284,74.087222,27.632454,0.678122,38.318308,0.173866,124.216058,0.030841,0.083851,0.101803,202.027969,0.000000,-1.000000
2016,6,-15.000000,-150.000000,-12.500000,-147.500000,8525.560000,8.760598,4.143071,30.425802,43.329470,,,,,,,,,,0.000000,-1.000000
2016,6,-15.000000,155.000000,-12.500000,157.500000,9834.580000,24.769334,3.255147,14.916956,42.941437,28.285641,0.621043,38.045223,0.225041,0.720540,0.056020,0.001944,0.152649,200.994644,0.000000,-1.000000
2016,6,-15.000000,-155.000000,-12.500000,-152.500000,1751.680000,7.658362,3.690172,48.313619,59.662153,,,,,,,,,,0.000000,-1.000000
2016,6,-15.000000,160.000000,-12.500000,162.500000,12636.330000,24.454569,2.903849,21.258229,48.616647,28.241242,0.643286,42.389800,0.157395,127.980681,0.044866,0.024459,0.128450,200.221786,0.000000,-1.000000
2016,6,-15.000000,-160.000000,-12.500000,-157.500000,10102.500000,5.923088,1.527246,20.449988,27.900322,,,,,,,,,,0.000000,-1.000000
2016,6,-15.000000,165.000000,-12.500000,167.500000,5449.980000,15.184826,2.452486,25.230001,42.867313,28.215452,0.610671,37.303981,0.155894,123.824273,0.042227,0.021217,0.096583,199.858475,0.000000,-1.000000
2016,6,-15.000000,-165.000000,-12.500000,-162.500000,6147.910000,4.988037,1.754905,17.600453,24.343395,,,,,,,,,,0.000000,-1.000000
2016,6,-15.000000,170.000000,-12.500000,172.500000,2826.540000,8.919032,1.568702,20.271427,30.759161,28.249323,0.607690,35.713101,0.136555,1.082600,0.027919,0.030833,0.100931,199.702408,0.000000,-1.000000
2016,6,-15.000000,-170.000000,-12.500000,-167.500000,4446.860000,10.693838,2.070000,24.430047,37.193885,,,,,,,,,,0.000000,-1.000000
2016,6,-15.000000,175.000000,-12.500000,177.500000,2349.070000,18.554151,2.649559,18.945370,40.149080,28.449010,0.606039,34.115965,0.125159,0.848360,0.034446,0.030833,0.096397,199.392151,0.000000,-1.000000
2016,6,-15.000000,-175.000000,-12.500000,-172.500000,12729.910000,12.188146,1.936934,29.684892,43.809972,,,,,,,,,,0.000000,-1.000000
2016,6,-15.000000,-180.000000,-12.500000,-177.500000,1903.240000,17.424497,2.672285,18.278304,38.375087,,,,,,,,,,0.000000,-1.000000
2016,6,20.000000,115.000000,22.500000,117.500000,2242.400000,0.701481,0.000000,0.000000,0.701481,28.959965,0.566621,10.965255,0.277962,128.226662,0.105713,0.362921,0.436922,202.777634,0.000000,-1.000000
2016,6,20.000000,120.000000,22.500000,122.500000,4826.730000,14.926047,0.531416,0.164086,15.621549,29.554601,0.945289,12.795893,0.370013,133.209166,0.217836,0.198113,0.143354,198.643448,0.000000,-1.000000
2016,6,20.000000,125.000000,22.500000,127.500000,3057.590000,16.451846,0.781007,0.231228,17.464081,29.559885,1.048446,11.960406,0.283876,92.771659,0.147418,0.026959,0.107075,199.051941,0.000000,-1.000000
2016,6,20.000000,135.000000,22.500000,137.500000,3770.900000,2.463868,0.124108,14.253892,16.841868,29.584264,1.082764,13.215151,0.224931,2.593288,0.099717,0.157500,0.102922,199.428772,0.000000,-1.000000
2016,6,20.000000,140.000000,22.500000,142.500000,1840.010000,16.520019,0.841300,12.667866,30.029185,29.284571,1.054238,12.198501,0.237993,58.625834,0.103489,0.033065,0.100213,200.321899,0.000000,-1.000000
2016,6,20.000000,145.000000,22.500000,147.500000,6400.380000,5.026108,0.897603,28.705014,34.628725,29.233240,1.005936,12.731729,0.209426,1.450341,0.111926,0.057222,0.098675,201.388321,0.000000,-1.000000
2016,6,20.000000,150.000000,22.500000,152.500000,7867.380000,7.482796,0.655491,36.151171,44.289458,29.250386,1.010128,12.795310,0.229288,0.806723,0.131860,0.011111,0.098782,201.479706,0.000000,-1.000000
2016,6,-20.000000,-135.000000,-17.500000,-132.500000,1534.000000,5.915906,2.616037,45.258801,53.790743,,,,,,,,,,0.000000,-1.000000
2016,6,-20.000000,-150.000000,-17.500000,-147.500000,4033.580000,3.963477,3.673164,27.560381,35.197021,,,,,,,,,,0.000000,-1.000000
2016,6,-20.000000,-155.000000,-17.500000,-152.500000,1778.610000,3.917666,3.700080,22.676697,30.294443,,,,,,,,,,0.000000,-1.000000
2016,6,-20.000000,-165.000000,-17.500000,-162.500000,8840.410000,3.863509,1.189085,28.313506,33.366100,,,,,,,,,,0.000000,-1.000000
2016,6,-20.000000,170.000000,-17.500000,172.500000,10375.590000,10.945209,1.503433,21.172868,33.621510,26.781158,0.668336,41.329863,0.111037,1.429325,0.032440,0.137222,0.066321,205.591034,0.000000,-1.000000
2016,6,-20.000000,175.000000,-17.500000,177.500000,11373.770000,8.334879,1.654421,13.051345,23.040645,26.995373,0.678225,40.254230,0.138545,121.579756,0.038479,0.283407,0.073063,205.981979,0.000000,-1.000000
2016,6,-20.000000,-175.000000,-17.500000,-172.500000,4577.410000,7.152735,1.037705,37.017440,45.207880,,,,,,,,,,0.000000,-1.000000
2016,6,-20.000000,-180.000000,-17.500000,-177.500000,8410.460000,10.656373,2.325319,25.514419,38.496111,,,,,,,,,,0.000000,-1.000000
2016,6,25.000000,120.000000,27.500000,122.500000,1556.830000,24.291670,0.449632,0.000000,24.741301,26.614267,0.468271,10.675138,0.260514,128.367700,0.163254,0.704455,0.234368,206.856308,0.000000,-1.000000
2016,6,25.000000,125.000000,27.500000,127.500000,6310.780000,32.692472,0.054510,0.219307,32.966289,27.425847,0.865371,11.417145,0.314194,124.136249,0.238270,0.463915,0.130804,205.543213,0.000000,-1.000000
2016,6,25.000000,130.000000,27.500000,132.500000,6005.770000,38.301001,0.116555,0.323522,38.741077,27.483120,1.007295,11.633667,0.227354,54.847542,0.136826,0.312587,0.116242,207.629089,0.000000,-1.000000
2016,6,25.000000,135.000000,27.500000,137.500000,4915.510000,0.890650,0.000000,0.025430,0.916080,26.764373,1.062831,10.966869,0.190935,2.046429,0.104722,0.363333,0.110390,210.718460,0.000000,-1.000000
2016,6,25.000000,145.000000,27.500000,147.500000,6418.910000,0.901088,0.150804,0.596207,1.648099,26.911456,0.939696,11.260228,0.164325,4.968010,0.076089,0.408333,0.100632,211.404144,0.000000,-1.000000
2016,6,25.000000,150.000000,27.500000,152.500000,6968.360000,0.385744,0.110212,0.629990,1.125946,26.515454,0.844951,11.110052,0.164703,3.322476,0.063000,0.487778,0.096772,212.257416,0.000000,-1.000000
2016,6,25.000000,155.000000,27.500000,157.500000,2635.500000,1.202049,0.042876,0.061468,1.306393,26.432186,0.828107,12.104574,0.162217,4.588919,0.070837,0.391111,0.091352,212.522156,0.000000,-1.000000
2016,6,25.000000,-155.000000,27.500000,-152.500000,4732.100000,0.423491,18.969802,0.000000,19.393293,,,,,,,,,,0.000000,-1.000000
2016,6,25.000000,160.000000,27.500000,162.500000,6086.750000,1.946687,1.178954,0.270423,3.396065,26.182905,0.878825,12.479570,0.147477,3.697147,0.076866,0.410000,0.087219,212.920471,0.000000,-1.000000
2016,6,25.000000,-160.000000,27.500000,-157.500000,12753.770000,0.552621,20.297528,0.317318,21.167467,,,,,,,,,,0.000000,-1.000000
2016,6,25.000000,165.000000,27.500000,167.500000,4337.030000,2.107664,0.313118,0.485816,2.906597,25.720682,0.744022,11.064868,0.141187,3.811050,0.068214,0.415556,0.086396,213.184570,0.000000,-1.000000
2016,6,25.000000,-165.000000,27.500000,-162.500000,9496.630000,1.209587,19.483333,0.965922,21.658841,,,,,,,,,,0.000000,-1.000000
2016,6,-25.000000,160.000000,-22.500000,162.500000,3107.960000,4.178625,2.374870,38.419092,44.972587,24.195558,0.684728,56.148176,0.115338,113.640504,0.055357,0.269631,0.058103,212.731857,0.000000,-1.000000
2016,6,-25.000000,165.000000,-22.500000,167.500000,1043.300000,13.071983,2.562063,19.801591,35.435637,24.730973,0.705666,52.137012,0.168812,114.863241,0.092559,0.419757,0.061365,211.997574,0.000000,-1.000000
2016,6,-25.000000,170.000000,-22.500000,172.500000,5637.460000,4.676574,1.097125,21.318644,27.092343,24.889552,0.724457,53.500518,0.166047,3.377902,0.070821,0.290833,0.059269,211.775742,0.000000,-1.000000
2016,6,-25.000000,175.000000,-22.500000,177.500000,7062.850000,6.338376,1.346199,18.513206,26.197781,24.700900,0.721032,53.411633,0.141168,2.885305,0.064241,0.253889,0.060246,211.988403,0.000000,-1.000000
2016,6,-25.000000,-175.000000,-22.500000,-172.500000,1525.260000,2.674298,2.088824,28.503337,33.266459,,,,,,,,,,0.000000,-1.000000
2016,6,30.000000,130.000000,32.500000,132.500000,1287.600000,56.135446,0.048152,0.000000,56.183597,24.747986,0.703296,11.709171,0.371437,117.994378,0.325717,0.672062,0.284356,215.804688,0.000000,-1.000000
2016,6,30.000000,140.000000,32.500000,142.500000,1226.730000,0.519267,0.178523,0.476878,1.174668,23.920613,1.009743,13.698234,0.306394,33.345056,0.285552,0.426111,0.170187,222.502136,0.000000,-1.000000
2016,6,30.000000,145.000000,32.500000,147.500000,3138.260000,0.283597,2.272597,5.113662,7.669855,23.253934,1.026510,14.152366,0.288162,3.628235,0.175911,0.418611,0.143032,227.487640,0.000000,-1.000000
2016,6,30.000000,150.000000,32.500000,152.500000,2383.530000,0.687216,1.522112,0.918805,3.128133,22.326721,0.802304,13.915636,0.329022,3.772694,0.207127,0.460278,0.134732,229.696854,0.000000,-1.000000
2016,6,30.000000,155.000000,32.500000,157.500000,1627.250000,0.336150,3.816869,1.466892,5.619911,22.175194,0.815253,14.813770,0.232197,5.287045,0.200217,0.493056,0.160735,233.348587,0.000000,-1.000000
2016,6,-30.000000,-135.000000,-27.500000,-132.500000,2037.010000,1.238580,1.579766,53.655112,56.473459,,,,,,,,,,0.000000,-1.000000
2016,6,-30.000000,-140.000000,-27.500000,-137.500000,1271.470000,2.435763,1.432201,45.861090,49.729054,,,,,,,,,,0.000000,-1.000000
2016,6,-30.000000,150.000000,-27.500000,152.500000,1290.470000,21.140360,22.914132,21.537889,65.592381,22.454368,0.568654,61.927290,0.247719,100.546943,0.099664,0.364898,0.401667,211.948502,0.000000,-1.000000
2016,6,-30.000000,-150.000000,-27.500000,-147.500000,1227.940000,0.968288,0.134371,25.279737,26.382397,,,,,,,,,,0.000000,-1.000000
2016,6,-30.000000,155.000000,-27.500000,157.500000,2789.880000,9.834832,11.177900,25.493928,46.506660,22.728286,0.713283,89.862730,0.111246,2.575334,0.058557,0.226111,0.209855,218.519806,0.000000,-1.000000
2016,6,-30.000000,-155.000000,-27.500000,-152.500000,1944.690000,3.297184,2.269771,23.865500,29.432455,,,,,,,,,,0.000000,-1.000000
2016,6,-30.000000,160.000000,-27.500000,162.500000,1665.600000,2.859630,2.071926,34.495677,39.427233,22.085625,0.590835,81.756378,0.189358,3.293655,0.109644,0.243611,0.101982,221.736023,0.000000,-1.000000
2016,6,-30.000000,-160.000000,-27.500000,-157.500000,4891.900000,3.250066,1.352644,34.793230,39.395940,,,,,,,,,,0.000000,-1.000000
2016,6,-30.000000,-165.000000,-27.500000,-162.500000,2277.210000,4.508148,1.446507,30.227779,36.182434,,,,,,,,,,0.000000,-1.000000
2016,6,-30.000000,-170.000000,-27.500000,-167.500000,1693.200000,2.903969,1.414481,28.043350,32.361800,,,,,,,,,,0.000000,-1.000000
2016,6,-30.000000,-175.000000,-27.500000,-172.500000,4112.390000,4.620184,0.812666,38.379628,43.812479,,,,,,,,,,0.000000,-1.000000
2016,6,35.000000,140.000000,37.500000,142.500000,1174.450000,0.000000,0.000000,0.007663,0.007663,20.630959,0.288155,13.035795,0.466330,98.538029,0.232968,0.604973,0.378553,226.765594,0.000000,-1.000000
2016,6,35.000000,145.000000,37.500000,147.500000,2398.040000,0.123851,0.369885,0.151791,0.645527,19.573742,0.262954,15.256585,0.504774,13.704346,0.339633,0.745278,0.318464,234.244095,0.000000,-1.000000
2016,6,35.000000,150.000000,37.500000,152.500000,4845.290000,0.327328,0.359318,0.271604,0.958250,18.292217,0.282306,15.875729,0.329843,6.688406,0.349924,0.750833,0.435024,243.277527,0.000000,-1.000000
2016,6,35.000000,155.000000,37.500000,157.500000,5980.690000,0.023910,0.041300,0.753090,0.818300,17.935629,0.220408,18.518929,0.261832,6.636781,0.195379,0.682222,0.515270,253.239532,0.000000,-1.000000
2016,6,35.000000,160.000000,37.500000,162.500000,4550.160000,0.096700,0.000000,0.064393,0.161093,16.319618,0.227113,14.712805,0.197845,6.275375,0.148267,0.632500,0.577190,260.047974,0.000000,-1.000000
2016,6,35.000000,165.000000,37.500000,167.500000,3499.990000,0.090857,0.000000,0.657145,0.748002,16.455821,0.315828,14.934233,0.202542,4.823606,0.129014,0.670556,0.507420,260.268188,0.000000,-1.000000
2016,6,-35.000000,-155.000000,-32.500000,-152.500000,1154.160000,3.672801,0.410688,50.107437,54.190927,,,,,,,,,,0.000000,-1.000000
2016,6,-35.000000,160.000000,-32.500000,162.500000,3617.900000,2.681943,3.055087,43.700766,49.437795,20.374275,0.542955,91.365216,0.169431,2.743847,0.112681,0.484722,0.377482,222.016327,0.000000,-1.000000
2016,6,-35.000000,-160.000000,-32.500000,-157.500000,1112.640000,2.838295,0.584196,49.297167,52.719658,,,,,,,,,,0.000000,-1.000000
2016,6,-35.000000,165.000000,-32.500000,167.500000,1188.430000,2.278637,3.433101,31.582003,37.293740,19.327671,0.441228,86.309825,0.160895,2.809805,0.077321,0.423889,0.329877,226.725739,0.000000,-1.000000
2016,6,-35.000000,-165.000000,-32.500000,-162.500000,2883.530000,0.614178,0.755671,53.795868,55.165717,,,,,,,,,,0.000000,-1.000000
2016,6,-35.000000,-170.000000,-32.500000,-167.500000,1781.200000,1.601729,1.446777,52.299573,55.348080,,,,,,,,,,0.000000,-1.000000
2016,6,-35.000000,-175.000000,-32.500000,-172.500000,6905.170000,1.306123,2.413264,56.176314,59.895701,,,,,,,,,,0.000000,-1.000000
2016,6,-40.000000,150.000000,-37.500000,152.500000,2146.050000,6.714662,11.997391,13.864076,32.576128,,,,,,,,,,0.000000,-1.000000
2016,6,-40.000000,155.000000,-37.500000,157.500000,7435.320000,2.408773,7.620788,39.991285,50.020846,,,,,,,,,,0.000000,-1.000000
2016,6,-40.000000,160.000000,-37.500000,162.500000,3095.780000,2.341898,4.923476,43.212696,50.478070,,,,,,,,,,0.000000,-1.000000
2016,6,-40.000000,175.000000,-37.500000,177.500000,2099.680000,0.000000,1.522613,21.699021,23.221634,,,,,,,,,,0.000000,-1.000000
2016,6,-40.000000,-175.000000,-37.500000,-172.500000,2487.600000,0.015276,0.571233,82.970735,83.557244,,,,,,,,,,0.000000,-1.000000
2016,6,-45.000000,165.000000,-42.500000,167.500000,1033.000000,0.000000,0.000000,1.897386,1.897386,,,,,,,,,,0.000000,-1.000000
2016,7,0.000000,120.000000,2.500000,122.500000,13445.290000,13.628416,4.605702,0.000000,18.234118,29.915960,0.623575,13.145029,0.172747,136.316262,0.016424,0.098076,0.103306,199.871445,-0.500000,-0.866025
2016,7,0.000000,125.000000,2.500000,127.500000,17927.050000,13.628400,4.605722,0.000000,18.234121,29.683861,0.626159,17.763693,0.359351,136.191925,0.038637,0.130974,0.100375,199.120758,-0.500000,-0.866025
2016,7,0.000000,130.000000,2.500000,132.500000,5592.010000,18.996032,9.554525,0.000000,28.550557,29.940495,0.682505,22.334352,0.265908,119.059632,0.016926,0.008058,0.091353,198.314575,-0.500000,-0.866025
2016,7,0.000000,135.000000,2.500000,137.500000,1030.950000,16.765120,2.976866,0.000000,19.741986,30.123518,0.680857,23.841188,0.125747,0.301514,0.010635,0.000000,0.081601,197.602051,-0.500000,-0.866025
2016,7,0.000000,140.000000,2.500000,142.500000,3342.750000,6.965223,3.492035,0.000000,10.457258,30.186071,0.668445,22.548602,0.109661,0.314704,0.005613,0.000000,0.068793,197.120422,-0.500000,-0.866025
2016,7,0.000000,145.000000,2.500000,147.500000,7930.030000,16.136509,6.892282,0.160025,23.188815,30.272078,0.655086,19.266463,0.066447,0.284090,0.004424,0.000000,0.066278,197.238327,-0.500000,-0.866025
2016,7,0.000000,150.000000,2.500000,152.500000,1592.840000,29.093318,23.175586,0.494086,52.762989,30.308411,0.659497,18.820130,0.098202,0.278329,0.004090,0.000000,0.101527,200.711365,-0.500000,-0.866025
2016,7,0.000000,155.000000,2.500000,157.500000,6336.240000,13.185738,15.654868,0.869759,29.710365,30.405079,0.645795,19.447879,0.085853,0.465384,0.006313,0.000000,0.128760,202.100464,-0.500000,-0.866025
2016,7,0.000000,160.000000,2.500000,162.500000,1840.550000,21.643530,7.137540,0.808997,29.590068,30.228906,0.626686,20.531667,0.091056,0.302896,0.008555,0.000000,0.144662,202.236465,-0.500000,-0.866025
2016,7,0.000000,165.000000,2.500000,167.500000,5098.500000,17.427871,21.159753,0.756301,39.343925,29.992802,0.608432,18.645597,0.102385,94.894678,0.009686,0.002779,0.158146,202.083130,-0.500000,-0.866025
2016,7,0.000000,170.000000,2.500000,172.500000,7297.030000,19.153272,21.883424,0.127997,41.164693,29.779035,0.597799,19.974974,0.207664,133.819737,0.014351,0.020653,0.199727,202.374954,-0.500000,-0.866025
2016,7,0.000000,-170.000000,2.500000,-167.500000,1265.460000,8.596874,14.058919,0.000000,22.655793,,,,,,,,,,-0.500000,-0.866025
2016,7,0.000000,-175.000000,2.500000,-172.500000,1226.990000,5.392057,12.256009,0.026080,17.674146,,,,,,,,,,-0.500000,-0.866025
2016,7,5.000000,130.000000,7.500000,132.500000,3795.400000,21.157717,20.355430,0.005796,41.518944,29.983051,0.597744,19.057228,0.348885,133.800518,0.057793,0.010033,0.095241,198.511475,-0.500000,-0.866025
2016,7,5.000000,135.000000,7.500000,137.500000,1699.690000,10.076543,7.969689,0.000000,18.046232,30.138307,0.625371,17.654980,0.199619,134.035598,0.043338,0.006954,0.094864,198.183655,-0.500000,-0.866025
2016,7,5.000000,170.000000,7.500000,172.500000,1608.600000,10.114385,11.436031,0.624767,22.175183,29.529433,0.610466,20.478093,0.175595,132.600897,0.044951,0.027848,0.120628,200.560913,-0.500000,-0.866025
2016,7,-5.000000,120.000000,-2.500000,122.500000,17927.050000,13.628400,4.605722,0.000000,18.234121,28.809765,0.594972,15.984407,0.143963,136.000850,0.022672,0.316466,0.101986,200.350037,-0.500000,-0.866025
2016,7,-5.000000,125.000000,-2.500000,127.500000,26890.570000,13.628383,4.605704,0.000000,18.234087,28.536880,0.579130,19.149090,0.213556,132.005473,0.022802,0.297523,0.099707,199.622726,-0.500000,-0.866025
2016,7,-5.000000,130.000000,-2.500000,132.500000,8963.520000,13.628351,4.605668,0.000000,18.234020,28.540610,0.594231,18.594511,0.196197,133.491524,0.054096,0.306165,0.126887,200.393341,-0.500000,-0.866025
2016,7,-5.000000,145.000000,-2.500000,147.500000,1855.590000,57.796712,7.788358,1.007227,66.592297,29.786783,0.644740,21.137006,0.129085,129.164234,0.012449,0.055033,0.185181,199.581650,-0.500000,-0.866025
2016,7,-5.000000,150.000000,-2.500000,152.500000,4505.910000,45.937669,4.747987,1.006900,51.692555,30.074636,0.649751,20.495062,0.145670,134.640976,0.011795,0.083211,0.151239,199.985626,-0.500000,-0.866025
2016,7,-5.000000,155.000000,-2.500000,157.500000,4307.000000,77.141398,11.588809,0.475969,89.206176,30.269449,0.651471,22.147707,0.158484,0.978564,0.008345,0.006389,0.145395,201.637878,-0.500000,-0.866025
2016,7,-5.000000,160.000000,-2.500000,162.500000,3289.920000,45.334537,9.696284,0.779958,55.810780,30.290895,0.653690,21.286026,0.234653,0.359829,0.024571,0.000000,0.133811,201.075073,-0.500000,-0.866025
2016,7,-5.000000,165.000000,-2.500000,167.500000,3652.870000,42.810995,11.463863,1.455568,55.730426,30.087722,0.644974,22.916350,0.281901,0.465793,0.031420,0.000000,0.134858,200.720612,-0.500000,-0.866025
2016,7,-5.000000,-165.000000,-2.500000,-162.500000,2531.560000,13.483781,16.407670,2.871352,32.762802,,,,,,,,,,-0.500000,-0.866025
2016,7,-5.000000,170.000000,-2.500000,172.500000,11888.020000,43.273733,18.923252,1.787261,63.984246,29.909044,0.638468,21.586190,0.349222,133.865016,0.035016,0.018116,0.145950,200.983215,-0.500000,-0.866025
2016,7,-5.000000,-170.000000,-2.500000,-167.500000,8952.210000,29.686971,11.520060,1.569557,42.776588,,,,,,,,,,-0.500000,-0.866025
2016,7,-5.000000,175.000000,-2.500000,177.500000,8098.670000,42.670834,7.980076,5.027616,55.678525,29.885172,0.628005,24.187235,0.378206,94.676960,0.035063,0.001668,0.142064,200.576935,-0.500000,-0.866025
2016,7,-5.000000,-180.000000,-2.500000,-177.500000,4573.450000,28.732576,9.284020,5.413200,43.429796,,,,,,,,,,-0.500000,-0.866025
2016,7,10.000000,110.000000,12.500000,112.500000,18221.650000,18.776895,1.274802,0.000000,20.051697,29.712685,0.710063,15.524809,0.314573,2.051798,0.072406,0.038056,0.095404,199.068619,-0.500000,-0.866025
2016,7,10.000000,115.000000,12.500000,117.500000,18221.650000,18.776895,1.274802,0.000000,20.051697,30.001583,0.700962,17.758976,0.074955,136.040916,0.019852,0.032066,0.083692,197.475388,-0.500000,-0.866025
2016,7,10.000000,125.000000,12.500000,127.500000,1459.610000,8.796870,2.051233,0.000000,10.848103,30.365990,0.835801,19.310910,0.269451,135.374066,0.108436,0.055009,0.097940,197.204514,-0.500000,-0.866025
2016,7,10.000000,130.000000,12.500000,132.500000,6934.450000,6.880430,1.292388,0.144784,8.317603,30.306500,0.795794,18.391260,0.138818,0.415431,0.063523,0.000000,0.094472,197.406799,-0.500000,-0.866025
2016,7,10.000000,135.000000,12.500000,137.500000,1797.330000,11.018566,2.814731,1.101634,14.934931,30.136771,0.779367,16.023152,0.181368,119.979870,0.082939,0.001946,0.095516,197.472458,-0.500000,-0.866025
2016,7,10.000000,145.000000,12.500000,147.500000,1058.700000,6.341740,5.512421,0.391990,12.246151,29.877751,0.778968,17.848324,0.137894,94.398086,0.051497,0.004447,0.092484,198.009903,-0.500000,-0.866025
2016,7,10.000000,150.000000,12.500000,152.500000,4777.650000,10.124434,6.255377,1.454899,17.834710,29.756192,0.768377,17.511352,0.125822,0.348319,0.030364,0.000000,0.089357,197.963333,-0.500000,-0.866025
2016,7,10.000000,155.000000,12.500000,157.500000,7928.050000,14.198321,5.031502,2.503264,21.733087,29.624425,0.760019,21.190104,0.135911,0.307337,0.043129,0.000000,0.086696,198.250763,-0.500000,-0.866025
2016,7,10.000000,-160.000000,12.500000,-157.500000,1379.320000,2.918105,24.027782,0.784445,27.730331,,,,,,,,,,-0.500000,-0.866025
2016,7,10.000000,-165.000000,12.500000,-162.500000,1057.880000,4.382350,26.261958,0.262790,30.907097,,,,,,,,,,-0.500000,-0.866025
2016,7,10.000000,170.000000,12.500000,172.500000,6925.880000,12.905364,17.789220,1.648744,32.343327,29.036429,0.739997,26.362304,0.168975,58.587666,0.034454,0.003056,0.075747,199.816940,-0.500000,-0.866025
2016,7,10.000000,175.000000,12.500000,177.500000,1684.370000,2.426426,17.433818,0.243414,20.103659,28.719810,0.707588,26.687039,0.169844,0.848438,0.043641,0.001111,0.065324,200.496506,-0.500000,-0.866025
2016,7,10.000000,-180.000000,12.500000,-177.500000,1023.860000,7.339871,31.742621,0.361378,39.443869,,,,,,,,,,-0.500000,-0.866025
2016,7,-10.000000,-135.000000,-7.500000,-132.500000,10195.730000,6.640623,14.692327,0.986982,22.319932,,,,,,,,,,-0.500000,-0.866025
2016,7,-10.000000,-140.000000,-7.500000,-137.500000,3037.670000,9.193230,24.513196,2.001534,35.707960,,,,,,,,,,-0.500000,-0.866025
2016,7,-10.000000,-150.000000,-7.500000,-147.500000,7716.840000,10.110356,10.345038,8.962995,29.418389,,,,,,,,,,-0.500000,-0.866025
2016,7,-10.000000,155.000000,-7.500000,157.500000,5545.310000,30.095883,3.518288,1.763292,35.377463,29.110624,0.634714,30.671466,0.136412,131.977600,0.037456,0.140012,0.139530,199.515091,-0.500000,-0.866025
2016,7,-10.000000,-155.000000,-7.500000,-152.500000,8093.130000,11.447487,8.357212,13.681233,33.485932,,,,,,,,,,-0.500000,-0.866025
2016,7,-10.000000,160.000000,-7.500000,162.500000,7761.840000,32.657720,4.160998,2.826521,39.645239,29.235734,0.662530,31.022201,0.141036,129.445594,0.028203,0.062518,0.099589,199.154404,-0.500000,-0.866025
2016,7,-10.000000,-160.000000,-7.500000,-157.500000,1042.220000,8.693942,7.189461,13.363781,29.247184,,,,,,,,,,-0.500000,-0.866025
2016,7,-10.000000,165.000000,-7.500000,167.500000,2940.700000,19.262761,4.107185,2.881287,26.251233,29.257071,0.689690,33.187355,0.102892,0.919918,0.026470,0.011667,0.080168,198.651733,-0.500000,-0.866025
2016,7,-10.000000,-165.000000,-7.500000,-162.500000,10546.680000,11.822678,3.555147,23.191943,38.569768,,,,,,,,,,-0.500000,-0.866025
2016,7,-10.000000,170.000000,-7.500000,172.500000,12933.660000,18.628988,8.646199,12.277731,39.552919,29.346475,0.675247,29.971975,0.077902,0.506267,0.018577,0.000000,0.089958,198.615219,-0.500000,-0.866025
2016,7,-10.000000,-170.000000,-7.500000,-167.500000,23027.900000,13.975742,2.814195,22.040568,38.830506,,,,,,,,,,-0.500000,-0.866025
2016,7,-10.000000,175.000000,-7.500000,177.500000,7052.200000,22.683985,8.162134,11.679760,42.525878,29.476497,0.679364,31.365823,0.103184,0.662464,0.016140,0.002222,0.113060,198.516388,-0.500000,-0.866025
2016,7,-10.000000,-175.000000,-7.500000,-172.500000,7693.890000,16.772140,5.197241,27.508452,49.477832,,,,,,,,,,-0.500000,-0.866025
2016,7,-10.000000,-180.000000,-7.500000,-177.500000,20206.090000,21.374942,6.389905,13.063933,40.828780,,,,,,,,,,-0.500000,-0.866025
2016,7,15.000000,110.000000,17.500000,112.500000,18221.650000,18.776895,1.274802,0.000000,20.051697,30.047097,0.655915,14.088558,0.207721,130.537649,0.058303,0.094895,0.106767,197.495071,-0.500000,-0.866025
2016,7,15.000000,115.000000,17.500000,117.500000,18221.650000,18.776895,1.274802,0.000000,20.051697,30.425520,0.696711,16.090779,0.133510,137.615517,0.053423,0.015599,0.090810,196.460190,-0.500000,-0.866025
2016,7,15.000000,125.000000,17.500000,127.500000,1190.060000,6.153471,1.129355,0.084029,7.366855,30.449334,0.981713,18.325433,0.197231,0.549214,0.100393,0.000000,0.098684,196.435150,-0.500000,-0.866025
2016,7,15.000000,135.000000,17.500000,137.500000,2812.180000,3.812345,0.691634,21.721938,26.225917,30.162281,1.000097,19.313682,0.188584,0.647037,0.082422,0.001111,0.095136,197.062164,-0.500000,-0.866025
2016,7,15.000000,150.000000,17.500000,152.500000,2892.680000,3.545847,0.432471,24.043793,28.022111,29.796203,0.929328,17.311286,0.194936,0.448492,0.073177,0.000000,0.093026,198.728790,-0.500000,-0.866025
2016,7,15.000000,155.000000,17.500000,157.500000,3080.840000,5.554979,1.057179,25.899755,32.511912,29.634639,0.872567,17.612868,0.169935,0.383181,0.058875,0.000000,0.090313,199.015228,-0.500000,-0.866025
2016,7,15.000000,160.000000,17.500000,162.500000,1732.270000,7.166319,1.024667,23.387809,31.578795,29.230559,0.884604,19.689653,0.184243,0.875024,0.050876,0.005278,0.085529,199.666031,-0.500000,-0.866025
2016,7,15.000000,-160.000000,17.500000,-157.500000,1011.000000,10.721068,2.725025,1.982196,15.428289,,,,,,,,,,-0.500000,-0.866025
2016,7,-15.000000,-135.000000,-12.500000,-132.500000,18524.350000,4.788184,15.127926,3.989182,23.905292,,,,,,,,,,-0.500000,-0.866025
2016,7,-15.000000,-140.000000,-12.500000,-137.500000,2420.290000,5.196072,9.590586,10.337191,25.123849,,,,,,,,,,-0.500000,-0.866025
2016,7,-15.000000,150.000000,-12.500000,152.500000,1447.410000,16.997257,2.070595,16.486690,35.554542,27.082764,0.707754,41.651004,0.191417,122.823781,0.024812,0.180689,0.161350,203.930313,-0.500000,-0.866025
2016,7,-15.000000,-150.000000,-12.500000,-147.500000,6200.490000,11.991472,6.878811,25.672648,44.542931,,,,,,,,,,-0.500000,-0.866025
2016,7,-15.000000,155.000000,-12.500000,157.500000,2901.360000,21.356536,4.130132,12.095707,37.582375,27.597521,0.644219,45.239750,0.212394,0.959569,0.054120,0.033333,0.182475,202.378220,-0.500000,-0.866025
2016,7,-15.000000,-155.000000,-12.500000,-152.500000,10775.780000,15.698632,6.417354,38.775383,60.891369,,,,,,,,,,-0.500000,-0.866025
2016,7,-15.000000,160.000000,-12.500000,162.500000,3889.500000,12.759995,2.996786,18.818100,34.574881,27.516303,0.625608,41.312729,0.175129,126.808032,0.041858,0.046950,0.116033,202.182266,-0.500000,-0.866025
2016,7,-15.000000,-160.000000,-12.500000,-157.500000,8476.860000,9.847632,2.127793,32.754699,44.730124,,,,,,,,,,-0.500000,-0.866025
2016,7,-15.000000,165.000000,-12.500000,167.500000,7436.150000,13.510889,2.120990,25.182924,40.814803,27.596199,0.610554,34.986337,0.199899,121.716944,0.045683,0.124232,0.096768,201.816971,-0.500000,-0.866025
2016,7,-15.000000,-165.000000,-12.500000,-162.500000,5521.020000,5.648413,1.827742,22.716636,30.192790,,,,,,,,,,-0.500000,-0.866025
2016,7,-15.000000,170.000000,-12.500000,172.500000,7371.230000,9.662973,2.272348,25.023911,36.959232,27.858023,0.604275,36.766286,0.131475,1.051162,0.019910,0.052500,0.126266,201.302734,-0.500000,-0.866025
2016,7,-15.000000,-170.000000,-12.500000,-167.500000,7891.700000,8.363470,1.595220,31.222043,41.180734,,,,,,,,,,-0.500000,-0.866025
2016,7,-15.000000,175.000000,-12.500000,177.500000,5812.800000,20.836258,2.735859,19.711155,43.283271,28.169534,0.655681,43.939874,0.140979,1.413289,0.016323,0.014444,0.125845,200.659042,-0.500000,-0.866025
2016,7,-15.000000,-175.000000,-12.500000,-172.500000,11972.970000,5.914823,1.804398,23.609263,31.328484,,,,,,,,,,-0.500000,-0.866025
2016,7,-15.000000,-180.000000,-12.500000,-177.500000,2454.760000,32.099676,4.982972,10.777428,47.860076,,,,,,,,,,-0.500000,-0.866025
2016,7,20.000000,120.000000,22.500000,122.500000,2473.700000,10.213041,0.908356,1.796903,12.918301,29.940209,0.960083,13.350745,0.365249,136.338662,0.199447,0.144654,0.146179,197.210266,-0.500000,-0.866025
2016,7,20.000000,135.000000,22.500000,137.500000,5551.400000,3.625572,1.544655,17.635011,22.805238,30.299557,1.090991,16.636954,0.189536,1.341935,0.099857,0.025278,0.092057,196.708649,-0.500000,-0.866025
2016,7,20.000000,140.000000,22.500000,142.500000,2515.780000,23.432892,1.774002,9.635580,34.842474,30.180954,1.061536,14.180550,0.214836,60.522340,0.111143,0.032231,0.094537,197.121460,-0.500000,-0.866025
2016,7,20.000000,145.000000,22.500000,147.500000,4318.140000,4.589939,0.313561,12.820335,17.723835,30.196233,1.045215,14.190811,0.193651,0.809712,0.137725,0.012500,0.090350,197.879471,-0.500000,-0.866025
2016,7,20.000000,150.000000,22.500000,152.500000,5789.060000,5.098582,0.673339,28.245864,34.017785,30.212502,1.006961,14.525285,0.233548,0.955413,0.108541,0.004167,0.091908,197.946701,-0.500000,-0.866025
2016,7,20.000000,155.000000,22.500000,157.500000,1009.410000,4.392665,1.564280,24.851151,30.808096,29.710232,0.924611,14.710558,0.171222,0.720708,0.065678,0.002778,0.092127,198.485977,-0.500000,-0.866025
2016,7,20.000000,160.000000,22.500000,162.500000,1658.360000,4.157119,0.374466,9.092115,13.623701,29.085911,0.872374,14.885319,0.193213,0.711949,0.092824,0.008333,0.088911,199.378006,-0.500000,-0.866025
2016,7,-20.000000,-135.000000,-17.500000,-132.500000,10412.700000,4.437658,5.083888,26.885630,36.407176,,,,,,,,,,-0.500000,-0.866025
2016,7,-20.000000,-145.000000,-17.500000,-142.500000,1103.100000,2.056930,2.398695,34.884417,39.340042,,,,,,,,,,-0.500000,-0.866025
2016,7,-20.000000,-150.000000,-17.500000,-147.500000,5813.680000,2.593022,2.607643,31.636244,36.836909,,,,,,,,,,-0.500000,-0.866025
2016,7,-20.000000,-155.000000,-17.500000,-152.500000,5504.430000,4.183176,2.900573,26.668338,33.752087,,,,,,,,,,-0.500000,-0.866025
2016,7,-20.000000,-160.000000,-17.500000,-157.500000,3609.030000,4.066467,1.498741,33.256027,38.821235,,,,,,,,,,-0.500000,-0.866025
2016,7,-20.000000,-165.000000,-17.500000,-162.500000,11913.140000,2.283781,1.015098,25.925910,29.224789,,,,,,,,,,-0.500000,-0.866025
2016,7,-20.000000,170.000000,-17.500000,172.500000,9265.240000,7.604012,1.849170,22.187876,31.641058,26.072919,0.663138,47.406014,0.121530,1.782904,0.029790,0.179722,0.061493,207.914536,-0.500000,-0.866025
2016,7,-20.000000,-170.000000,-17.500000,-167.500000,2166.400000,3.456425,0.387740,34.717504,38.561669,,,,,,,,,,-0.500000,-0.866025
2016,7,-20.000000,175.000000,-17.500000,177.500000,17839.370000,8.208866,1.615640,15.139660,24.964166,26.426964,0.717426,46.862630,0.120182,118.720227,0.028557,0.214978,0.067862,207.094299,-0.500000,-0.866025
2016,7,-20.000000,-175.000000,-17.500000,-172.500000,3110.100000,5.045175,2.750394,51.634031,59.429600,,,,,,,,,,-0.500000,-0.866025
2016,7,-20.000000,-180.000000,-17.500000,-177.500000,5391.570000,10.781090,2.726108,17.473760,30.980957,,,,,,,,,,-0.500000,-0.866025
2016,7,25.000000,125.000000,27.500000,127.500000,2285.730000,23.013217,0.481247,0.199936,23.694400,29.768977,0.925914,13.602334,0.319603,134.560973,0.259926,0.220725,0.114419,198.386002,-0.500000,-0.866025
2016,7,25.000000,130.000000,27.500000,132.500000,3669.250000,17.605233,0.411801,0.445595,18.462629,29.485867,1.110564,13.322064,0.235790,59.243202,0.145826,0.155321,0.105154,199.477402,-0.500000,-0.866025
2016,7,25.000000,135.000000,27.500000,137.500000,3276.540000,0.840521,0.000000,0.061040,0.901561,29.101140,1.097343,12.628687,0.176701,1.512333,0.094742,0.123889,0.107409,201.033569,-0.500000,-0.866025
2016,7,25.000000,145.000000,27.500000,147.500000,10085.040000,0.737627,0.726720,0.575704,2.040051,28.687029,0.966996,12.025353,0.197006,1.952584,0.090177,0.219722,0.105756,203.670715,-0.500000,-0.866025
2016,7,25.000000,150.000000,27.500000,152.500000,3721.450000,0.291016,0.272474,0.000000,0.563490,28.631517,0.863274,11.336059,0.148513,4.923990,0.057230,0.315278,0.099751,203.788666,-0.500000,-0.866025
2016,7,25.000000,155.000000,27.500000,157.500000,4894.690000,0.917525,0.485628,0.043312,1.446465,28.742652,0.880627,12.000938,0.144370,4.525289,0.077761,0.175833,0.096457,204.752167,-0.500000,-0.866025
2016,7,25.000000,-155.000000,27.500000,-152.500000,5261.440000,0.769181,20.966884,0.000000,21.736065,,,,,,,,,,-0.500000,-0.866025
2016,7,25.000000,160.000000,27.500000,162.500000,1974.430000,1.103610,0.732870,0.120035,1.956514,27.824631,0.862961,11.590761,0.160989,3.096067,0.102106,0.330000,0.092794,204.877747,-0.500000,-0.866025
2016,7,25.000000,-160.000000,27.500000,-157.500000,3019.360000,1.416857,10.145528,0.676633,12.239018,,,,,,,,,,-0.500000,-0.866025
2016,7,25.000000,165.000000,27.500000,167.500000,2942.210000,0.938750,0.542449,0.012576,1.493775,27.526404,0.773598,11.961561,0.153384,2.173107,0.077723,0.310000,0.091632,205.907913,-0.500000,-0.866025
2016,7,25.000000,-165.000000,27.500000,-162.500000,6951.770000,1.752503,15.347171,1.591106,18.690779,,,,,,,,,,-0.500000,-0.866025
2016,7,25.000000,170.000000,27.500000,172.500000,1492.230000,0.489871,0.877881,0.050930,1.418682,27.462552,0.729730,12.978209,0.126817,1.436598,0.060097,0.119167,0.092627,206.539749,-0.500000,-0.866025
2016,7,-25.000000,-155.000000,-22.500000,-152.500000,1150.000000,4.411304,3.816522,35.295652,43.523478,,,,,,,,,,-0.500000,-0.866025
2016,7,-25.000000,160.000000,-22.500000,162.500000,1637.440000,5.104920,2.580858,25.669338,33.355115,23.313327,0.654615,61.793113,0.106965,111.231939,0.044487,0.314382,0.062431,215.952438,-0.500000,-0.866025
2016,7,-25.000000,165.000000,-22.500000,167.500000,1960.700000,4.863569,3.268221,21.795277,29.927067,23.789230,0.680994,54.730865,0.193019,111.201784,0.081433,0.349652,0.062034,215.025970,-0.500000,-0.866025
2016,7,-25.000000,170.000000,-22.500000,172.500000,5063.910000,7.223075,1.902088,28.642887,37.768049,24.170297,0.705182,58.956465,0.135729,2.511223,0.053810,0.350556,0.056838,215.199295,-0.500000,-0.866025
2016,7,-25.000000,175.000000,-22.500000,177.500000,4326.870000,5.111778,1.164121,25.111224,31.387123,23.911298,0.688881,59.236981,0.137763,2.623856,0.051369,0.304722,0.055886,215.010925,-0.500000,-0.866025
2016,7,-25.000000,-180.000000,-22.500000,-177.500000,1862.510000,10.107328,2.911125,15.488239,28.506693,,,,,,,,,,-0.500000,-0.866025
2016,7,30.000000,130.000000,32.500000,132.500000,3677.080000,30.542441,0.131626,0.099536,30.773603,27.472559,0.715651,11.100682,0.438994,126.452645,0.390808,0.608092,0.285191,206.875473,-0.500000,-0.866025
2016,7,30.000000,145.000000,32.500000,147.500000,1909.250000,0.250884,0.015189,0.200079,0.466152,26.076251,1.024512,11.319782,0.251136,2.728046,0.212825,0.334167,0.109565,215.448608,-0.500000,-0.866025
2016,7,30.000000,150.000000,32.500000,152.500000,2099.670000,0.167169,0.216224,0.000000,0.383394,25.379495,0.950967,11.234500,0.310683,3.818304,0.177327,0.371667,0.097676,217.905396,-0.500000,-0.866025
2016,7,30.000000,155.000000,32.500000,157.500000,2425.310000,0.457673,1.320656,0.143074,1.921404,24.469221,0.745143,10.949364,0.290398,5.048928,0.305859,0.503333,0.096212,220.952286,-0.500000,-0.866025
2016,7,30.000000,-155.000000,32.500000,-152.500000,3772.880000,0.852134,23.236361,0.541496,24.629991,,,,,,,,,,-0.500000,-0.866025
2016,7,-30.000000,150.000000,-27.500000,152.500000,1699.390000,21.604223,12.311476,11.990773,45.906472,22.322901,0.614976,51.948858,0.275458,97.543383,0.113503,0.608163,0.440198,214.186569,-0.500000,-0.866025
2016,7,-30.000000,155.000000,-27.500000,157.500000,1016.060000,7.454284,9.359683,27.237565,44.051532,21.508911,0.673081,89.441575,0.140693,3.172225,0.071442,0.321667,0.291686,222.644760,-0.500000,-0.866025
2016,7,-30.000000,-155.000000,-27.500000,-152.500000,4460.060000,3.345471,1.931813,53.851966,59.129249,,,,,,,,,,-0.500000,-0.866025
2016,7,-30.000000,160.000000,-27.500000,162.500000,3513.550000,2.508859,1.595822,43.506425,47.611106,21.429818,0.601373,79.838502,0.172175,2.631323,0.096295,0.395556,0.153847,224.857422,-0.500000,-0.866025
2016,7,-30.000000,-160.000000,-27.500000,-157.500000,2877.500000,5.357081,3.376890,31.782450,40.516421,,,,,,,,,,-0.500000,-0.866025
2016,7,-30.000000,-165.000000,-27.500000,-162.500000,3049.080000,4.408543,1.726422,35.189959,41.324924,,,,,,,,,,-0.500000,-0.866025
2016,7,-30.000000,170.000000,-27.500000,172.500000,3239.290000,4.579399,10.417715,33.531113,48.528227,21.194765,0.566672,68.901430,0.183398,3.787720,0.090488,0.435278,0.081807,226.253204,-0.500000,-0.866025
2016,7,-30.000000,-170.000000,-27.500000,-167.500000,3300.220000,4.624540,0.948422,43.929496,49.502457,,,,,,,,,,-0.500000,-0.866025
2016,7,-30.000000,175.000000,-27.500000,177.500000,1841.490000,3.744794,9.965843,14.873825,28.584461,21.261899,0.547730,67.515678,0.155628,4.348878,0.084427,0.410000,0.072097,226.546341,-0.500000,-0.866025
2016,7,-30.000000,-175.000000,-27.500000,-172.500000,8010.420000,3.822271,0.940775,34.625650,39.388696,,,,,,,,,,-0.500000,-0.866025
2016,7,35.000000,145.000000,37.500000,147.500000,4250.540000,0.000000,1.515807,0.000000,1.515807,22.724428,0.295861,12.482113,0.418042,11.285722,0.261206,0.758333,0.139061,222.705154,-0.500000,-0.866025
2016,7,35.000000,150.000000,37.500000,152.500000,7106.360000,0.240067,0.064309,0.128054,0.432430,21.091126,0.297429,11.605172,0.333165,5.943974,0.277190,0.736944,0.167609,231.911011,-0.500000,-0.866025
2016,7,35.000000,155.000000,37.500000,157.500000,5186.620000,0.197045,2.582607,0.458487,3.238140,20.445966,0.300019,11.844658,0.275625,5.766163,0.169779,0.653056,0.232877,237.961441,-0.500000,-0.866025
2016,7,35.000000,160.000000,37.500000,162.500000,5647.450000,0.413992,8.334912,0.163968,8.912872,19.447859,0.283746,11.756027,0.239544,4.586636,0.170750,0.673056,0.299361,244.002640,-0.500000,-0.866025
2016,7,35.000000,165.000000,37.500000,167.500000,6380.820000,0.866190,19.694804,1.355468,21.916462,19.916363,0.361982,11.717413,0.238456,7.980578,0.148749,0.606944,0.303276,243.513947,-0.500000,-0.866025
2016,7,-35.000000,150.000000,-32.500000,152.500000,2766.690000,20.622477,34.860429,26.843268,82.326173,20.686992,0.675874,100.545439,0.405025,91.292166,0.210659,0.599323,0.491497,220.774246,-0.500000,-0.866025
2016,7,-35.000000,-155.000000,-32.500000,-152.500000,1272.000000,1.705975,2.118711,68.974843,72.799528,,,,,,,,,,-0.500000,-0.866025
2016,7,-35.000000,160.000000,-32.500000,162.500000,5757.340000,3.942793,0.921954,34.137466,39.002213,19.282075,0.493929,110.016816,0.174790,3.842633,0.114199,0.456111,0.415697,225.301987,-0.500000,-0.866025
2016,7,-35.000000,-160.000000,-32.500000,-157.500000,2076.740000,0.666429,3.128942,81.777209,85.572580,,,,,,,,,,-0.500000,-0.866025
2016,7,-35.000000,165.000000,-32.500000,167.500000,2597.620000,4.569952,2.172373,33.963782,40.706108,18.402933,0.399531,101.074892,0.156544,3.955039,0.089209,0.471389,0.396755,229.764999,-0.500000,-0.866025
2016,7,-35.000000,170.000000,-32.500000,172.500000,4072.750000,3.774108,13.670125,24.522006,41.966239,18.636032,0.499245,111.752959,0.151168,72.403729,0.118109,0.427694,0.333345,233.927902,-0.500000,-0.866025
2016,7,-35.000000,-170.000000,-32.500000,-167.500000,2168.080000,1.512398,1.677521,41.424671,44.614590,,,,,,,,,,-0.500000,-0.866025
2016,7,-35.000000,175.000000,-32.500000,177.500000,4785.380000,1.353080,21.282322,9.322980,31.958382,18.300568,0.448245,96.059387,0.173304,3.387346,0.082712,0.490000,0.312059,232.523392,-0.500000,-0.866025
2016,7,-35.000000,-175.000000,-32.500000,-172.500000,4264.400000,1.609605,1.971438,45.299456,48.880499,,,,,,,,,,-0.500000,-0.866025
2016,7,40.000000,155.000000,42.500000,157.500000,1154.350000,0.051977,0.000000,0.000000,0.051977,13.762752,-0.032582,11.711775,0.116519,5.672764,0.096614,0.810833,0.451264,260.652740,-0.500000,-0.866025
2016,7,-40.000000,175.000000,-37.500000,177.500000,1229.430000,0.017894,4.816053,15.313601,20.147548,,,,,,,,,,-0.500000,-0.866025
2016,8,0.000000,120.000000,2.500000,122.500000,15388.260000,11.907649,4.024172,0.000000,15.931821,29.613629,0.602057,15.066881,0.259450,134.399751,0.017204,0.101800,0.100998,199.345825,-0.866025,-0.500000
2016,8,0.000000,125.000000,2.500000,127.500000,20517.670000,11.907639,4.024190,0.000000,15.931829,29.174506,0.612960,20.348074,0.371524,133.985188,0.034249,0.227465,0.099763,199.243484,-0.866025,-0.500000
2016,8,0.000000,130.000000,2.500000,132.500000,5129.420000,11.907584,4.024237,0.000000,15.931821,29.555250,0.648527,24.340569,0.404337,118.570966,0.041300,0.016116,0.090922,198.551056,-0.866025,-0.500000
2016,8,0.000000,135.000000,2.500000,137.500000,1913.580000,8.079620,0.196490,0.000000,8.276111,29.986772,0.677129,22.986415,0.112274,0.475333,0.007085,0.000000,0.084916,198.128998,-0.866025,-0.500000
2016,8,0.000000,140.000000,2.500000,142.500000,4585.340000,4.466190,2.444094,0.053867,6.964151,30.153867,0.670624,21.536447,0.101588,0.226305,0.008210,0.000000,0.077861,197.450256,-0.866025,-0.500000
2016,8,0.000000,145.000000,2.500000,147.500000,4292.400000,18.871960,10.343864,0.410260,29.626083,30.274521,0.683204,23.930963,0.110147,0.205429,0.007496,0.000000,0.061089,196.612534,-0.866025,-0.500000
2016,8,0.000000,150.000000,2.500000,152.500000,1197.590000,13.856161,20.134604,0.000000,33.990765,30.494503,0.688154,21.982568,0.136062,0.243846,0.007937,0.000000,0.065359,198.216248,-0.866025,-0.500000
2016,8,0.000000,155.000000,2.500000,157.500000,4487.130000,34.781252,5.470312,1.142378,41.393942,30.591601,0.688039,21.707774,0.177568,0.327325,0.007103,0.000000,0.102549,200.982971,-0.866025,-0.500000
2016,8,0.000000,160.000000,2.500000,162.500000,2837.290000,22.459107,8.994146,0.145561,31.598814,30.341733,0.679109,22.808560,0.210273,0.217579,0.009676,0.000000,0.131852,201.481110,-0.866025,-0.500000
2016,8,0.000000,-160.000000,2.500000,-157.500000,1934.510000,13.104610,17.724385,0.000000,30.828995,,,,,,,,,,-0.866025,-0.500000
2016,8,0.000000,165.000000,2.500000,167.500000,6868.230000,11.781638,12.242455,0.013832,24.037925,30.008993,0.667485,21.116808,0.308102,95.600190,0.017076,0.002779,0.148782,201.298737,-0.866025,-0.500000
2016,8,0.000000,-165.000000,2.500000,-162.500000,3790.120000,23.578409,14.178443,0.011345,37.768197,,,,,,,,,,-0.866025,-0.500000
2016,8,0.000000,170.000000,2.500000,172.500000,4053.950000,12.088950,12.199706,0.046375,24.335031,29.676389,0.650881,22.601244,0.352362,132.878985,0.016287,0.032654,0.213646,201.071213,-0.866025,-0.500000
2016,8,0.000000,-170.000000,2.500000,-167.500000,4454.680000,8.749899,10.787980,0.015265,19.553144,,,,,,,,,,-0.866025,-0.500000
2016,8,0.000000,175.000000,2.500000,177.500000,1077.520000,3.240775,5.606392,0.042691,8.889858,29.494605,0.644739,24.548370,0.344660,0.400771,0.026861,0.000000,0.171776,200.025757,-0.866025,-0.500000
2016,8,0.000000,-175.000000,2.500000,-172.500000,1514.260000,8.628637,14.115806,0.018491,22.762934,,,,,,,,,,-0.866025,-0.500000
2016,8,5.000000,130.000000,7.500000,132.500000,5491.500000,12.886461,19.640717,0.000000,32.527178,29.509992,0.620609,29.204505,0.183645,132.424011,0.033017,0.007804,0.086566,198.041168,-0.866025,-0.500000
2016,8,5.000000,165.000000,7.500000,167.500000,1542.450000,7.974327,7.997666,0.044086,16.016078,30.050182,0.629770,20.234421,0.128912,134.764415,0.018167,0.041643,0.110055,199.124603,-0.866025,-0.500000
2016,8,5.000000,170.000000,7.500000,172.500000,2039.680000,6.017611,12.153867,0.054420,18.225898,29.769773,0.627889,22.221811,0.130924,133.831860,0.011424,0.027848,0.102169,199.539108,-0.866025,-0.500000
2016,8,-5.000000,120.000000,-2.500000,122.500000,20517.670000,11.907639,4.024190,0.000000,15.931829,28.302142,0.571390,15.854673,0.152999,133.988781,0.020990,0.356627,0.102997,201.185471,-0.866025,-0.500000
2016,8,-5.000000,125.000000,-2.500000,127.500000,30776.510000,11.907620,4.024173,0.000000,15.931793,28.018308,0.553546,17.615700,0.193264,129.827601,0.023919,0.368731,0.099823,200.524826,-0.866025,-0.500000
2016,8,-5.000000,130.000000,-2.500000,132.500000,10258.840000,11.907584,4.024139,0.000000,15.931723,28.210256,0.576561,17.698590,0.177937,133.274374,0.064822,0.453455,0.121083,201.154694,-0.866025,-0.500000
2016,8,-5.000000,150.000000,-2.500000,152.500000,1592.100000,36.387162,5.200678,0.171472,41.759312,30.188505,0.670839,20.250950,0.164034,134.814582,0.011538,0.080867,0.112343,199.382828,-0.866025,-0.500000
2016,8,-5.000000,155.000000,-2.500000,157.500000,4529.730000,64.852430,7.041038,0.150340,72.043808,30.334277,0.693455,24.879411,0.210816,0.733751,0.014344,0.001111,0.146614,201.901505,-0.866025,-0.500000
2016,8,-5.000000,160.000000,-2.500000,162.500000,3437.490000,39.546588,9.826356,0.189091,49.562035,30.165162,0.694733,23.964618,0.290961,0.290855,0.024602,0.000000,0.145819,201.058990,-0.866025,-0.500000
2016,8,-5.000000,165.000000,-2.500000,167.500000,8004.030000,22.690070,11.013702,0.769237,34.473009,29.928997,0.684262,21.422681,0.389270,0.414998,0.030910,0.000000,0.151359,200.610825,-0.866025,-0.500000
2016,8,-5.000000,-165.000000,-2.500000,-162.500000,1917.500000,9.337158,3.688136,4.019296,17.044589,,,,,,,,,,-0.866025,-0.500000
2016,8,-5.000000,170.000000,-2.500000,172.500000,13781.900000,20.447834,9.482800,0.997903,30.928537,29.716264,0.667375,21.973370,0.410651,132.059773,0.033070,0.027313,0.160209,200.302673,-0.866025,-0.500000
2016,8,-5.000000,-170.000000,-2.500000,-167.500000,5775.830000,11.814233,8.773285,1.535017,22.122535,,,,,,,,,,-0.866025,-0.500000
2016,8,-5.000000,175.000000,-2.500000,177.500000,3025.380000,19.368145,10.384481,1.248769,31.001395,29.448525,0.648306,27.566791,0.394289,93.594853,0.035657,0.001668,0.154442,200.151550,-0.866025,-0.500000
2016,8,-5.000000,-180.000000,-2.500000,-177.500000,1822.630000,16.946939,12.615287,1.496738,31.058964,,,,,,,,,,-0.866025,-0.500000
2016,8,10.000000,110.000000,12.500000,112.500000,20101.800000,17.020665,1.155568,0.000000,18.176233,29.315677,0.668463,18.346627,0.310859,1.898205,0.070343,0.157500,0.126327,199.995834,-0.866025,-0.500000
2016,8,10.000000,115.000000,12.500000,117.500000,20101.800000,17.020665,1.155568,0.000000,18.176233,29.423135,0.737964,30.674005,0.139457,132.858674,0.016741,0.038876,0.082341,198.350464,-0.866025,-0.500000
2016,8,10.000000,130.000000,12.500000,132.500000,5141.730000,8.156204,3.777717,0.960961,12.894882,29.776123,0.760331,32.785358,0.099571,0.267766,0.064166,0.000000,0.084372,196.978455,-0.866025,-0.500000
2016,8,10.000000,135.000000,12.500000,137.500000,1656.110000,10.171426,9.143716,1.230595,20.545737,29.764313,0.766440,28.466041,0.102466,119.333111,0.043908,0.001946,0.086823,197.139435,-0.866025,-0.500000
2016,8,10.000000,150.000000,12.500000,152.500000,3735.530000,9.214221,4.431500,1.412116,15.057837,29.810172,0.784396,24.472540,0.068845,0.283330,0.041876,0.000000,0.081625,197.697556,-0.866025,-0.500000
2016,8,10.000000,155.000000,12.500000,157.500000,10193.520000,5.955156,5.622788,3.879622,15.457565,29.774481,0.770009,25.046796,0.087411,0.507419,0.041297,0.000000,0.081627,197.851929,-0.866025,-0.500000
2016,8,10.000000,170.000000,12.500000,172.500000,1875.880000,7.851782,10.521462,0.981406,19.354650,29.277012,0.730169,21.510038,0.156892,59.218757,0.041337,0.003056,0.070602,199.125336,-0.866025,-0.500000
2016,8,10.000000,175.000000,12.500000,177.500000,4733.370000,6.869736,7.787686,0.711966,15.369388,29.059597,0.711275,22.553137,0.153318,0.356310,0.039415,0.000000,0.065324,199.875015,-0.866025,-0.500000
2016,8,10.000000,-180.000000,12.500000,-177.500000,1001.800000,3.459772,11.991415,0.103813,15.555001,,,,,,,,,,-0.866025,-0.500000
2016,8,-10.000000,-135.000000,-7.500000,-132.500000,7231.830000,5.355767,12.322469,1.173424,18.851660,,,,,,,,,,-0.866025,-0.500000
2016,8,-10.000000,-145.000000,-7.500000,-142.500000,2454.950000,9.181042,13.560358,5.673435,28.414835,,,,,,,,,,-0.866025,-0.500000
2016,8,-10.000000,150.000000,-7.500000,152.500000,1227.260000,31.750403,9.145576,9.640174,50.536154,28.461744,0.626159,22.545630,0.307567,133.021485,0.048349,0.256672,0.216824,200.924103,-0.866025,-0.500000
2016,8,-10.000000,-150.000000,-7.500000,-147.500000,14238.130000,8.821734,13.890097,6.785723,29.497553,,,,,,,,,,-0.866025,-0.500000
2016,8,-10.000000,155.000000,-7.500000,157.500000,7851.530000,43.131339,2.256630,0.575175,45.963143,29.039301,0.649702,28.956660,0.139815,131.439365,0.052263,0.170036,0.182871,199.927841,-0.866025,-0.500000
2016,8,-10.000000,-155.000000,-7.500000,-152.500000,5796.260000,8.155776,13.057903,7.133220,28.346900,,,,,,,,,,-0.866025,-0.500000
2016,8,-10.000000,160.000000,-7.500000,162.500000,8884.200000,30.644515,3.327930,4.477950,38.450395,29.138355,0.675057,25.696839,0.157963,128.129451,0.029759,0.123037,0.097018,199.321823,-0.866025,-0.500000
2016,8,-10.000000,-160.000000,-7.500000,-157.500000,1823.730000,8.046696,4.436512,13.320502,25.803710,,,,,,,,,,-0.866025,-0.500000
2016,8,-10.000000,165.000000,-7.500000,167.500000,7807.230000,20.823775,6.160956,5.839587,32.824318,29.254393,0.691276,21.984221,0.085212,1.000705,0.020690,0.038611,0.084126,199.412231,-0.866025,-0.500000
2016,8,-10.000000,-165.000000,-7.500000,-162.500000,10870.010000,14.968891,3.967614,19.524729,38.461234,,,,,,,,,,-0.866025,-0.500000
2016,8,-10.000000,170.000000,-7.500000,172.500000,23570.060000,18.600122,6.667230,6.552253,31.819605,29.390506,0.699621,23.988567,0.081866,0.784242,0.018237,0.008333,0.099078,199.776413,-0.866025,-0.500000
2016,8,-10.000000,-170.000000,-7.500000,-167.500000,19479.090000,10.955183,4.374486,17.740818,33.070487,,,,,,,,,,-0.866025,-0.500000
2016,8,-10.000000,175.000000,-7.500000,177.500000,13199.720000,21.426515,7.285382,7.323261,36.035158,29.505878,0.710834,27.611835,0.085496,0.692789,0.010697,0.002778,0.122178,199.397873,-0.866025,-0.500000
2016,8,-10.000000,-175.000000,-7.500000,-172.500000,4662.940000,16.122446,2.321282,19.046353,37.490081,,,,,,,,,,-0.866025,-0.500000
2016,8,-10.000000,-180.000000,-7.500000,-177.500000,11463.920000,12.820135,6.110824,9.223285,28.154244,,,,,,,,,,-0.866025,-0.500000
2016,8,15.000000,110.000000,17.500000,112.500000,20101.800000,17.020665,1.155568,0.000000,18.176233,29.912148,0.680474,15.004773,0.167970,127.682344,0.048637,0.160369,0.101869,197.614838,-0.866025,-0.500000
2016,8,15.000000,115.000000,17.500000,117.500000,21234.060000,16.120233,1.103510,0.000000,17.223743,29.902089,0.709258,22.283444,0.131974,134.160526,0.046048,0.038719,0.086599,197.031403,-0.866025,-0.500000
2016,8,15.000000,120.000000,17.500000,122.500000,1270.320000,8.227061,0.205460,0.029127,8.461647,30.160745,0.882021,21.222857,0.191548,136.774007,0.126901,0.133994,0.117143,196.120834,-0.866025,-0.500000
2016,8,15.000000,125.000000,17.500000,127.500000,2137.150000,6.305594,0.216644,0.000000,6.522238,30.278782,0.998572,26.231042,0.143683,0.557376,0.120857,0.000000,0.093225,195.650742,-0.866025,-0.500000
2016,8,15.000000,130.000000,17.500000,132.500000,1007.570000,1.905575,0.241174,0.371190,2.517939,30.418742,0.958697,25.980281,0.119037,0.690696,0.086088,0.007778,0.091800,195.972153,-0.866025,-0.500000
2016,8,15.000000,150.000000,17.500000,152.500000,2966.250000,5.579772,1.250400,23.461273,30.291445,29.624278,0.928683,23.693343,0.143470,0.691130,0.066170,0.003889,0.081642,197.960922,-0.866025,-0.500000
2016,8,15.000000,155.000000,17.500000,157.500000,2415.930000,6.840844,6.609877,14.748772,28.199493,29.304939,0.871759,24.709609,0.124054,0.695836,0.045986,0.007222,0.076740,198.347595,-0.866025,-0.500000
2016,8,15.000000,160.000000,17.500000,162.500000,4369.140000,5.577986,1.344200,25.294909,32.217095,29.163781,0.883239,27.038934,0.162452,0.914232,0.064670,0.005833,0.074930,198.927521,-0.866025,-0.500000
2016,8,-15.000000,-135.000000,-12.500000,-132.500000,21022.750000,5.689884,16.502979,8.420259,30.613121,,,,,,,,,,-0.866025,-0.500000
2016,8,-15.000000,-140.000000,-12.500000,-137.500000,1452.460000,7.967173,7.703482,24.335266,40.005921,,,,,,,,,,-0.866025,-0.500000
2016,8,-15.000000,-145.000000,-12.500000,-142.500000,3215.390000,6.460803,6.832142,22.069796,35.362740,,,,,,,,,,-0.866025,-0.500000
2016,8,-15.000000,150.000000,-12.500000,152.500000,3006.550000,9.465999,1.736542,44.120670,55.323211,26.534292,0.724243,40.534174,0.199257,121.460953,0.034266,0.127612,0.166686,205.063004,-0.866025,-0.500000
2016,8,-15.000000,-150.000000,-12.500000,-147.500000,11669.560000,5.641258,4.226295,22.045047,31.912600,,,,,,,,,,-0.866025,-0.500000
2016,8,-15.000000,155.000000,-12.500000,157.500000,2800.100000,15.041963,2.174565,22.972394,40.188922,27.107685,0.641274,39.097561,0.220233,1.215295,0.050177,0.084167,0.118059,203.745789,-0.866025,-0.500000
2016,8,-15.000000,-155.000000,-12.500000,-152.500000,9191.250000,7.784034,3.105998,37.294601,48.184632,,,,,,,,,,-0.866025,-0.500000
2016,8,-15.000000,160.000000,-12.500000,162.500000,4092.090000,14.873084,2.658055,19.260573,36.791713,27.272835,0.626588,31.938561,0.173686,126.686163,0.032950,0.109643,0.094319,203.527832,-0.866025,-0.500000
2016,8,-15.000000,-160.000000,-12.500000,-157.500000,21446.890000,5.616852,1.992037,24.420464,32.029353,,,,,,,,,,-0.866025,-0.500000
2016,8,-15.000000,165.000000,-12.500000,167.500000,1722.960000,14.906324,3.655337,14.268468,32.830130,27.489229,0.628034,28.809236,0.162837,119.187430,0.030171,0.129816,0.105729,202.876724,-0.866025,-0.500000
2016,8,-15.000000,-165.000000,-12.500000,-162.500000,13357.740000,5.923906,2.319479,22.096702,30.340087,,,,,,,,,,-0.866025,-0.500000
2016,8,-15.000000,170.000000,-12.500000,172.500000,7959.330000,10.049464,2.512272,16.947281,29.509016,27.949031,0.666055,29.378687,0.127154,0.711017,0.020384,0.021944,0.143735,202.059555,-0.866025,-0.500000
2016,8,-15.000000,-170.000000,-12.500000,-167.500000,7337.940000,10.083211,1.725007,27.622466,39.430685,,,,,,,,,,-0.866025,-0.500000
2016,8,-15.000000,175.000000,-12.500000,177.500000,9836.200000,16.954312,2.562168,17.245278,36.761758,28.193102,0.698715,27.782272,0.114558,1.551976,0.018487,0.064722,0.130486,201.590286,-0.866025,-0.500000
2016,8,-15.000000,-175.000000,-12.500000,-172.500000,11368.440000,10.534779,1.436961,25.651453,37.623192,,,,,,,,,,-0.866025,-0.500000
2016,8,-15.000000,-180.000000,-12.500000,-177.500000,3909.380000,19.872461,4.702536,12.738337,37.313334,,,,,,,,,,-0.866025,-0.500000
2016,8,20.000000,120.000000,22.500000,122.500000,1628.550000,8.425286,0.258512,0.566148,9.249946,30.041406,0.941324,14.189572,0.324594,137.256485,0.160218,0.179245,0.136335,196.431580,-0.866025,-0.500000
2016,8,20.000000,125.000000,22.500000,127.500000,1414.860000,2.533820,6.795725,4.309967,13.639512,30.546719,1.111201,15.894478,0.246146,96.904228,0.125265,0.049194,0.088736,195.497437,-0.866025,-0.500000
2016,8,20.000000,130.000000,22.500000,132.500000,1844.350000,5.335213,2.039743,8.969013,16.343969,30.528797,1.148014,17.256650,0.179815,0.876761,0.084478,0.005833,0.085697,196.116394,-0.866025,-0.500000
2016,8,20.000000,135.000000,22.500000,137.500000,4960.590000,3.673757,1.281904,12.779327,17.734987,30.519738,1.122243,20.045279,0.158432,0.909010,0.090799,0.027500,0.087611,195.745865,-0.866025,-0.500000
2016,8,20.000000,140.000000,22.500000,142.500000,1554.610000,8.213636,1.179717,15.540232,24.933585,29.776350,0.972934,17.596945,0.190553,58.588399,0.102538,0.106418,0.085849,196.721771,-0.866025,-0.500000
2016,8,20.000000,145.000000,22.500000,147.500000,3755.380000,1.969175,0.975933,2.818090,5.763198,29.537984,0.993748,22.515625,0.197491,1.446604,0.126919,0.094444,0.081911,197.834732,-0.866025,-0.500000
2016,8,20.000000,160.000000,22.500000,162.500000,1283.980000,9.795324,1.781959,14.325768,25.903051,28.529907,0.853522,22.094173,0.208836,0.852666,0.106930,0.033889,0.074688,199.717346,-0.866025,-0.500000
2016,8,-20.000000,-135.000000,-17.500000,-132.500000,11045.030000,5.316690,5.153992,37.045259,47.515942,,,,,,,,,,-0.866025,-0.500000
2016,8,-20.000000,-150.000000,-17.500000,-147.500000,4855.780000,3.731841,2.933823,20.482188,27.147853,,,,,,,,,,-0.866025,-0.500000
2016,8,-20.000000,-155.000000,-17.500000,-152.500000,1464.070000,2.891255,1.383131,18.503897,22.778282,,,,,,,,,,-0.866025,-0.500000
2016,8,-20.000000,160.000000,-17.500000,162.500000,2696.940000,11.264248,1.934785,26.827441,40.026474,25.016089,0.656814,47.096151,0.132592,48.263244,0.038808,0.307585,0.072080,211.021576,-0.866025,-0.500000
2016,8,-20.000000,170.000000,-17.500000,172.500000,7182.480000,5.167992,1.197219,17.161064,23.526275,25.863620,0.715287,42.060061,0.118996,1.811811,0.044963,0.260556,0.069573,208.834244,-0.866025,-0.500000
2016,8,-20.000000,175.000000,-17.500000,177.500000,11017.140000,6.292649,2.269555,11.869505,20.431709,25.946844,0.732610,33.808281,0.112448,117.354369,0.023162,0.316300,0.076550,207.641479,-0.866025,-0.500000
2016,8,-20.000000,-175.000000,-17.500000,-172.500000,4868.210000,6.205566,0.707241,29.208682,36.121490,,,,,,,,,,-0.866025,-0.500000
2016,8,-20.000000,-180.000000,-17.500000,-177.500000,10664.050000,21.205452,1.839733,22.542561,45.587746,,,,,,,,,,-0.866025,-0.500000
2016,8,25.000000,125.000000,27.500000,127.500000,1526.910000,13.234572,0.620862,0.442069,14.297503,30.225060,0.954842,15.086866,0.317623,135.906850,0.272660,0.089020,0.107478,196.643539,-0.866025,-0.500000
2016,8,25.000000,135.000000,27.500000,137.500000,2281.370000,2.267497,0.235823,0.486550,2.989870,29.427563,1.132405,17.047047,0.178595,2.113487,0.088360,0.167778,0.088258,199.002136,-0.866025,-0.500000
2016,8,25.000000,145.000000,27.500000,147.500000,3745.580000,0.438116,0.160723,0.026698,0.625537,27.961775,0.943689,15.463560,0.148062,2.281857,0.082984,0.135833,0.088962,202.527420,-0.866025,-0.500000
2016,8,25.000000,150.000000,27.500000,152.500000,1022.530000,1.245929,0.340332,0.000000,1.586262,27.671575,0.852952,15.320335,0.135282,2.945378,0.070429,0.167500,0.083416,203.152267,-0.866025,-0.500000
2016,8,25.000000,155.000000,27.500000,157.500000,1251.690000,0.899584,1.195983,0.049533,2.145100,27.750202,0.925787,19.981232,0.147067,2.343232,0.054832,0.160278,0.078913,204.513626,-0.866025,-0.500000
2016,8,25.000000,-155.000000,27.500000,-152.500000,1388.500000,2.248470,8.456608,0.000000,10.705077,,,,,,,,,,-0.866025,-0.500000
2016,8,25.000000,160.000000,27.500000,162.500000,3472.630000,0.860155,1.426584,0.000000,2.286739,27.318858,0.835834,18.279867,0.117955,2.123569,0.053333,0.295000,0.080670,204.592987,-0.866025,-0.500000
2016,8,25.000000,175.000000,27.500000,177.500000,1264.950000,0.954978,0.960512,0.158109,2.073600,27.100845,0.758978,22.040892,0.149723,2.421077,0.078811,0.191111,0.082505,206.328598,-0.866025,-0.500000
2016,8,-25.000000,155.000000,-22.500000,157.500000,2045.260000,2.126869,2.795733,85.711841,90.634443,22.988494,0.697947,64.174645,0.158177,46.845465,0.055667,0.362045,0.286730,216.674957,-0.866025,-0.500000
2016,8,-25.000000,160.000000,-22.500000,162.500000,1347.900000,2.699755,1.618814,35.701462,40.020031,22.756277,0.641127,64.568812,0.120441,107.102318,0.051274,0.333240,0.101134,218.295074,-0.866025,-0.500000
2016,8,-25.000000,170.000000,-22.500000,172.500000,5409.510000,5.770024,1.253163,31.039965,38.063152,23.512524,0.729913,60.438266,0.129604,2.070134,0.040544,0.315833,0.059953,217.209412,-0.866025,-0.500000
2016,8,-25.000000,175.000000,-22.500000,177.500000,4307.080000,6.815987,1.734121,21.324656,29.874764,23.683082,0.720085,56.765999,0.163738,3.817427,0.063649,0.414722,0.057472,216.775452,-0.866025,-0.500000
2016,8,-25.000000,-180.000000,-22.500000,-177.500000,1090.300000,18.200495,1.143722,5.668165,25.012382,,,,,,,,,,-0.866025,-0.500000
2016,8,30.000000,130.000000,32.500000,132.500000,1554.150000,24.002188,0.062414,0.000000,24.064601,29.349643,0.815674,12.858642,0.439298,136.565670,0.411755,0.542197,0.227175,200.561417,-0.866025,-0.500000
2016,8,30.000000,-155.000000,32.500000,-152.500000,1375.250000,6.119615,9.862207,0.756953,16.738775,,,,,,,,,,-0.866025,-0.500000
2016,8,-30.000000,-135.000000,-27.500000,-132.500000,1478.500000,0.360501,0.167061,62.875888,63.403449,,,,,,,,,,-0.866025,-0.500000
2016,8,-30.000000,-140.000000,-27.500000,-137.500000,2062.770000,0.698575,3.196672,50.682820,54.578067,,,,,,,,,,-0.866025,-0.500000
2016,8,-30.000000,150.000000,-27.500000,152.500000,1677.420000,18.929666,7.317189,16.689321,42.936176,21.521819,0.583207,55.682456,0.241910,98.567535,0.086390,0.647347,0.465569,216.314468,-0.866025,-0.500000
2016,8,-30.000000,155.000000,-27.500000,157.500000,1460.520000,11.077561,8.864651,36.232986,56.175198,20.747958,0.610781,83.007891,0.173405,3.094504,0.080159,0.401944,0.328532,224.961639,-0.866025,-0.500000
2016,8,-30.000000,-155.000000,-27.500000,-152.500000,1665.800000,3.077800,0.364389,70.292352,73.734542,,,,,,,,,,-0.866025,-0.500000
2016,8,-30.000000,160.000000,-27.500000,162.500000,5562.500000,2.485034,2.006831,47.167820,51.659685,20.897068,0.611435,83.587616,0.178803,3.034161,0.086216,0.435556,0.186778,226.185455,-0.866025,-0.500000
2016,8,-30.000000,-165.000000,-27.500000,-162.500000,3091.260000,5.386477,0.896722,43.341550,49.624748,,,,,,,,,,-0.866025,-0.500000
2016,8,-30.000000,170.000000,-27.500000,172.500000,12750.890000,8.359730,3.158917,37.614316,49.132962,20.503796,0.566251,67.947133,0.172062,4.752754,0.080358,0.475000,0.113849,229.204300,-0.866025,-0.500000
2016,8,-30.000000,-170.000000,-27.500000,-167.500000,2390.510000,4.500295,2.773048,47.395744,54.669087,,,,,,,,,,-0.866025,-0.500000
2016,8,-30.000000,175.000000,-27.500000,177.500000,4269.070000,5.017486,4.068568,35.339313,44.425367,20.613064,0.546913,60.590392,0.165507,3.339144,0.084054,0.582222,0.091552,230.300919,-0.866025,-0.500000
2016,8,-30.000000,-175.000000,-27.500000,-172.500000,6397.670000,5.850099,2.268482,43.237616,51.356197,,,,,,,,,,-0.866025,-0.500000
2016,8,35.000000,155.000000,37.500000,157.500000,7567.080000,2.743066,16.943524,0.186598,19.873188,24.297088,0.362094,12.224995,0.271231,4.222064,0.147521,0.346667,0.093597,218.109818,-0.866025,-0.500000
2016,8,35.000000,160.000000,37.500000,162.500000,12080.200000,2.561630,13.106323,0.099088,15.767040,24.021663,0.368279,12.072445,0.250339,3.269967,0.172420,0.506389,0.122647,221.491913,-0.866025,-0.500000
2016,8,35.000000,165.000000,37.500000,167.500000,9423.020000,2.549607,18.113832,0.360712,21.024151,23.618056,0.413954,12.722362,0.279587,7.566228,0.162258,0.560556,0.132639,223.980560,-0.866025,-0.500000
2016,8,35.000000,170.000000,37.500000,172.500000,1838.520000,1.429411,9.511455,0.146313,11.087179,23.369400,0.379770,12.241695,0.216025,4.050445,0.170529,0.591944,0.190704,229.127808,-0.866025,-0.500000
2016,8,35.000000,175.000000,37.500000,177.500000,1516.820000,0.599939,8.416951,0.100210,9.117100,23.490481,0.401083,12.768479,0.232992,5.156576,0.140148,0.539722,0.217641,230.710022,-0.866025,-0.500000
2016,8,-35.000000,-140.000000,-32.500000,-137.500000,1198.400000,0.073431,1.611315,64.382510,66.067256,,,,,,,,,,-0.866025,-0.500000
2016,8,-35.000000,-155.000000,-32.500000,-152.500000,2379.600000,0.129434,0.501345,76.296857,76.927635,,,,,,,,,,-0.866025,-0.500000
2016,8,-35.000000,160.000000,-32.500000,162.500000,1231.990000,12.072338,0.785721,30.259174,43.117233,18.444499,0.444441,102.286435,0.155284,4.814231,0.085571,0.516111,0.418700,228.030807,-0.866025,-0.500000
2016,8,-35.000000,-160.000000,-32.500000,-157.500000,2429.200000,1.856167,2.993166,79.590812,84.440145,,,,,,,,,,-0.866025,-0.500000
2016,8,-35.000000,170.000000,-32.500000,172.500000,2861.990000,7.708972,10.594027,17.776792,36.079791,17.847107,0.480092,110.494263,0.150462,68.196562,0.115816,0.467058,0.371687,234.951569,-0.866025,-0.500000
2016,8,-35.000000,175.000000,-32.500000,177.500000,3648.080000,4.544582,18.564834,8.989934,32.099351,17.543275,0.421904,91.135988,0.154022,4.228281,0.083302,0.501389,0.348585,233.911682,-0.866025,-0.500000
2016,8,-35.000000,-175.000000,-32.500000,-172.500000,1162.800000,11.214310,3.678191,58.884589,73.777090,,,,,,,,,,-0.866025,-0.500000
2016,8,40.000000,155.000000,42.500000,157.500000,2534.300000,0.131003,0.091544,0.073788,0.296334,19.463753,0.027945,10.588567,0.137564,6.054295,0.101788,0.791667,0.271335,238.085358,-0.866025,-0.500000
2016,8,40.000000,160.000000,42.500000,162.500000,3832.720000,0.387975,0.281001,0.038876,0.707852,18.269724,0.020052,10.539568,0.108324,5.595866,0.064885,0.770556,0.296973,246.215897,-0.866025,-0.500000
2016,8,40.000000,165.000000,42.500000,167.500000,2962.700000,0.060755,0.000000,0.029365,0.090120,18.141826,0.051811,10.628241,0.148338,5.179584,0.127195,0.754722,0.329947,251.661804,-0.866025,-0.500000
2016,8,40.000000,170.000000,42.500000,172.500000,3257.430000,0.018419,0.000000,0.015350,0.033769,17.314592,0.062137,10.557413,0.112089,5.196726,0.084553,0.817500,0.316711,257.091644,-0.866025,-0.500000
2016,8,-40.000000,150.000000,-37.500000,152.500000,1827.520000,9.690181,6.903344,16.313912,32.907437,,,,,,,,,,-0.866025,-0.500000
2016,8,-40.000000,155.000000,-37.500000,157.500000,1066.800000,0.000000,1.453881,16.897263,18.351144,,,,,,,,,,-0.866025,-0.500000
2016,8,-40.000000,175.000000,-37.500000,177.500000,1898.570000,0.000000,6.765618,6.207830,12.973448,,,,,,,,,,-0.866025,-0.500000
2016,9,0.000000,120.000000,2.500000,122.500000,16108.980000,11.374898,3.844129,0.000000,15.219027,29.999529,0.615723,12.420759,0.204383,138.294115,0.016012,0.098386,0.107501,199.504166,-1.000000,-0.000000
2016,9,0.000000,125.000000,2.500000,127.500000,21478.640000,11.374882,3.844145,0.000000,15.219027,29.597244,0.640400,15.266502,0.292135,134.660939,0.041967,0.161222,0.102688,199.329376,-1.000000,-0.000000
2016,9,0.000000,130.000000,2.500000,132.500000,5369.660000,11.374836,3.844191,0.000000,15.219027,29.907906,0.680436,17.796176,0.381465,119.315728,0.026975,0.010836,0.096460,198.768127,-1.000000,-0.000000
2016,9,0.000000,140.000000,2.500000,142.500000,7239.090000,18.010965,7.156839,0.691662,25.859466,30.506257,0.710251,18.877098,0.250532,0.303543,0.014339,0.000000,0.081388,198.028305,-1.000000,-0.000000
2016,9,0.000000,145.000000,2.500000,147.500000,4128.150000,12.233083,4.932960,0.032218,17.198261,30.602070,0.722668,19.418886,0.303782,0.297733,0.016068,0.000000,0.063055,196.676666,-1.000000,-0.000000
2016,9,0.000000,165.000000,2.500000,167.500000,1941.640000,2.804845,4.671309,0.006695,7.482850,30.032519,0.694917,23.834126,0.465968,96.277443,0.039917,0.002779,0.176518,200.678146,-1.000000,-0.000000
2016,9,0.000000,170.000000,2.500000,172.500000,2712.670000,7.482665,9.606403,0.042762,17.131830,29.647679,0.674257,26.087705,0.476465,133.035234,0.041549,0.032654,0.202638,201.010605,-1.000000,-0.000000
2016,9,0.000000,-170.000000,2.500000,-167.500000,4245.320000,8.158631,13.312542,0.342966,21.814139,,,,,,,,,,-1.000000,-0.000000
2016,9,0.000000,175.000000,2.500000,177.500000,1093.450000,2.371393,10.648864,0.161873,13.182130,29.161878,0.658383,29.785643,0.489481,0.659169,0.050860,0.002778,0.163059,201.025131,-1.000000,-0.000000
2016,9,0.000000,-175.000000,2.500000,-172.500000,1756.460000,5.468955,19.033738,0.083122,24.585815,,,,,,,,,,-1.000000,-0.000000
2016,9,5.000000,130.000000,7.500000,132.500000,4607.680000,7.689336,36.740616,0.002821,44.432773,29.876054,0.647386,21.055306,0.135599,134.622932,0.035108,0.008361,0.096609,198.275330,-1.000000,-0.000000
2016,9,5.000000,165.000000,7.500000,167.500000,1604.950000,6.947880,5.240662,0.077884,12.266426,30.341162,0.692346,25.612768,0.110196,136.051392,0.022750,0.041643,0.084480,198.219269,-1.000000,-0.000000
2016,9,5.000000,170.000000,7.500000,172.500000,1863.630000,4.257819,5.564946,0.051512,9.874278,30.075166,0.712382,29.754861,0.157526,135.228244,0.040797,0.027848,0.097594,198.795944,-1.000000,-0.000000
2016,9,-5.000000,120.000000,-2.500000,122.500000,21478.640000,11.374882,3.844145,0.000000,15.219027,29.164837,0.586318,12.083614,0.121612,136.657644,0.015590,0.377108,0.108970,200.802917,-1.000000,-0.000000
2016,9,-5.000000,125.000000,-2.500000,127.500000,32217.960000,11.374867,3.844129,0.000000,15.218996,28.816146,0.574605,12.623042,0.235501,132.191772,0.026255,0.268421,0.103123,200.350235,-1.000000,-0.000000
2016,9,-5.000000,130.000000,-2.500000,132.500000,10739.320000,11.374836,3.844098,0.000000,15.218934,28.928655,0.606607,12.621241,0.227607,134.354313,0.055194,0.330575,0.118944,200.397797,-1.000000,-0.000000
2016,9,-5.000000,-155.000000,-2.500000,-152.500000,1452.830000,9.218560,33.579978,0.379260,43.177798,,,,,,,,,,-1.000000,-0.000000
2016,9,-5.000000,160.000000,-2.500000,162.500000,1273.790000,9.371246,8.882155,2.388149,20.641550,30.052038,0.704318,27.719158,0.438457,0.467922,0.032123,0.000000,0.150095,200.340424,-1.000000,-0.000000
2016,9,-5.000000,-160.000000,-2.500000,-157.500000,1663.620000,2.908116,19.357185,0.613722,22.879023,,,,,,,,,,-1.000000,-0.000000
2016,9,-5.000000,165.000000,-2.500000,167.500000,5787.800000,14.533847,11.126507,0.309098,25.969453,29.889170,0.689919,26.698187,0.476231,0.390718,0.038224,0.000000,0.160225,199.974197,-1.000000,-0.000000
2016,9,-5.000000,-165.000000,-2.500000,-162.500000,3627.340000,12.453754,11.090772,1.056973,24.601499,,,,,,,,,,-1.000000,-0.000000
2016,9,-5.000000,170.000000,-2.500000,172.500000,4376.210000,12.558584,11.791482,1.542888,25.892953,29.612726,0.665555,26.447632,0.462957,130.900251,0.037760,0.016165,0.163945,200.156738,-1.000000,-0.000000
2016,9,-5.000000,-170.000000,-2.500000,-167.500000,2577.260000,12.008878,11.846302,1.756517,25.611696,,,,,,,,,,-1.000000,-0.000000
2016,9,-5.000000,175.000000,-2.500000,177.500000,3848.530000,16.271408,7.838058,0.670906,24.780371,29.201348,0.642076,30.059800,0.435921,92.617862,0.035469,0.001668,0.158857,200.695587,-1.000000,-0.000000
2016,9,-5.000000,-180.000000,-2.500000,-177.500000,1860.820000,9.748390,21.861867,3.144850,34.755108,,,,,,,,,,-1.000000,-0.000000
2016,9,10.000000,110.000000,12.500000,112.500000,21268.240000,16.087180,1.092192,0.000000,17.179372,29.236502,0.654050,14.168600,0.371495,2.006401,0.099339,0.095000,0.131101,200.761047,-1.000000,-0.000000
2016,9,10.000000,115.000000,12.500000,117.500000,21268.240000,16.087180,1.092192,0.000000,17.179372,29.416153,0.747645,23.053384,0.107137,133.620257,0.017056,0.036039,0.083889,199.036926,-1.000000,-0.000000
2016,9,10.000000,130.000000,12.500000,132.500000,2342.920000,11.530483,1.576665,0.174142,13.281290,29.903982,0.744647,20.849568,0.082565,0.304240,0.042166,0.000000,0.096152,197.694031,-1.000000,-0.000000
2016,9,10.000000,150.000000,12.500000,152.500000,2298.980000,2.284491,1.642903,4.253626,8.181019,29.972865,0.769320,20.532218,0.116433,0.295378,0.039363,0.000000,0.086658,198.036743,-1.000000,-0.000000
2016,9,10.000000,-155.000000,12.500000,-152.500000,1430.160000,1.045338,0.341920,0.000000,1.387257,,,,,,,,,,-1.000000,-0.000000
2016,9,10.000000,170.000000,12.500000,172.500000,5479.480000,9.296868,9.664056,0.732734,19.693657,29.597586,0.728930,23.932440,0.152723,59.495923,0.033877,0.003056,0.070985,198.562958,-1.000000,-0.000000
2016,9,10.000000,175.000000,12.500000,177.500000,3724.960000,8.341835,10.354474,0.437857,19.134165,29.503471,0.697071,22.444500,0.152796,0.357026,0.054043,0.000000,0.066052,199.256042,-1.000000,-0.000000
2016,9,-10.000000,-135.000000,-7.500000,-132.500000,9052.130000,6.376289,12.810907,0.790864,19.978060,,,,,,,,,,-1.000000,-0.000000
2016,9,-10.000000,-145.000000,-7.500000,-142.500000,1119.810000,7.446799,12.182424,4.475759,24.104982,,,,,,,,,,-1.000000,-0.000000
2016,9,-10.000000,150.000000,-7.500000,152.500000,1624.200000,28.077207,3.514346,2.247260,33.838813,28.679339,0.633843,17.138958,0.335553,134.208234,0.054605,0.353823,0.200874,201.023743,-1.000000,-0.000000
2016,9,-10.000000,-150.000000,-7.500000,-147.500000,7364.730000,6.649938,16.935719,6.090515,29.676173,,,,,,,,,,-1.000000,-0.000000
2016,9,-10.000000,155.000000,-7.500000,157.500000,2650.670000,22.111768,3.315011,3.527410,28.954189,29.149351,0.651527,25.202901,0.184155,133.340044,0.054536,0.280024,0.197450,199.723709,-1.000000,-0.000000
2016,9,-10.000000,-155.000000,-7.500000,-152.500000,10784.400000,5.833704,18.182004,7.183710,31.199418,,,,,,,,,,-1.000000,-0.000000
2016,9,-10.000000,160.000000,-7.500000,162.500000,5434.280000,22.903310,5.702503,2.511832,31.117646,29.204101,0.663255,26.090060,0.163456,128.726868,0.034663,0.057379,0.121925,199.260330,-1.000000,-0.000000
2016,9,-10.000000,-160.000000,-7.500000,-157.500000,2004.590000,7.412987,8.196190,12.575140,28.184317,,,,,,,,,,-1.000000,-0.000000
2016,9,-10.000000,165.000000,-7.500000,167.500000,3382.360000,11.317837,6.479204,2.861611,20.658653,29.559261,0.706098,29.351008,0.120110,0.551142,0.034719,0.000000,0.091537,198.902435,-1.000000,-0.000000
2016,9,-10.000000,-165.000000,-7.500000,-162.500000,7295.950000,8.005400,5.445761,11.698682,25.149843,,,,,,,,,,-1.000000,-0.000000
2016,9,-10.000000,170.000000,-7.500000,172.500000,23292.700000,11.459642,7.332040,6.941746,25.733427,29.634013,0.721098,28.617250,0.100487,0.592095,0.012605,0.001111,0.106635,199.078033,-1.000000,-0.000000
2016,9,-10.000000,-170.000000,-7.500000,-167.500000,27159.230000,13.205124,6.724381,12.677937,32.607441,,,,,,,,,,-1.000000,-0.000000
2016,9,-10.000000,175.000000,-7.500000,177.500000,13828.420000,15.529540,6.459885,12.609611,34.599036,29.598358,0.736877,29.735584,0.138793,0.380651,0.017402,0.000000,0.135348,199.149826,-1.000000,-0.000000
2016,9,-10.000000,-175.000000,-7.500000,-172.500000,9146.070000,7.566529,3.256699,21.887871,32.711099,,,,,,,,,,-1.000000,-0.000000
2016,9,-10.000000,-180.000000,-7.500000,-177.500000,17419.600000,14.512618,8.805771,13.212990,36.531378,,,,,,,,,,-1.000000,-0.000000
2016,9,15.000000,110.000000,17.500000,112.500000,21268.240000,16.087180,1.092192,0.000000,17.179372,29.547967,0.653708,15.432666,0.130554,129.433064,0.040205,0.133833,0.092221,198.062241,-1.000000,-0.000000
2016,9,15.000000,115.000000,17.500000,117.500000,21268.240000,16.087180,1.092192,0.000000,17.179372,29.618888,0.715352,19.492062,0.141745,133.281302,0.045560,0.024234,0.084243,197.890503,-1.000000,-0.000000
2016,9,15.000000,130.000000,17.500000,132.500000,1535.600000,2.061084,0.259182,1.138968,3.459234,29.888321,0.927218,27.147487,0.155671,0.685751,0.077421,0.006944,0.089663,196.198196,-1.000000,-0.000000
2016,9,15.000000,135.000000,17.500000,137.500000,1970.720000,3.162803,0.945340,18.912885,23.021028,29.784653,0.938138,26.939453,0.158198,0.560523,0.092709,0.000000,0.087629,196.506470,-1.000000,-0.000000
2016,9,15.000000,140.000000,17.500000,142.500000,1307.480000,1.717043,0.367883,3.519748,5.604675,29.644219,0.916846,29.490800,0.147688,0.822548,0.046192,0.005556,0.085297,197.114624,-1.000000,-0.000000
2016,9,15.000000,150.000000,17.500000,152.500000,3753.290000,3.146306,1.970538,10.075427,15.192271,29.438172,0.889093,25.306204,0.155652,0.503585,0.047505,0.000000,0.082782,198.397339,-1.000000,-0.000000
2016,9,15.000000,155.000000,17.500000,157.500000,9405.140000,7.285591,4.063310,13.230212,24.579113,29.343036,0.872988,24.666375,0.155587,0.558318,0.074969,0.000000,0.081018,198.640564,-1.000000,-0.000000
2016,9,15.000000,160.000000,17.500000,162.500000,3942.060000,6.189404,2.571752,7.470460,16.231615,29.405127,0.901241,28.102759,0.192181,0.865908,0.080671,0.005278,0.078060,198.912109,-1.000000,-0.000000
2016,9,15.000000,-160.000000,17.500000,-157.500000,3074.560000,1.784320,4.094244,0.000000,5.878565,,,,,,,,,,-1.000000,-0.000000
2016,9,15.000000,-165.000000,17.500000,-162.500000,1100.210000,2.837640,5.554394,0.000000,8.392034,,,,,,,,,,-1.000000,-0.000000
2016,9,-15.000000,-135.000000,-12.500000,-132.500000,12799.340000,3.718942,13.168960,10.225449,27.113351,,,,,,,,,,-1.000000,-0.000000
2016,9,-15.000000,-140.000000,-12.500000,-137.500000,2706.380000,3.138510,6.078230,22.746251,31.962991,,,,,,,,,,-1.000000,-0.000000
2016,9,-15.000000,-145.000000,-12.500000,-142.500000,3999.640000,3.712334,6.789361,21.119401,31.621096,,,,,,,,,,-1.000000,-0.000000
2016,9,-15.000000,150.000000,-12.500000,152.500000,3985.600000,27.936070,4.104526,10.145524,42.186120,26.741829,0.706974,26.275602,0.205404,121.253476,0.035809,0.150480,0.113187,205.120941,-1.000000,-0.000000
2016,9,-15.000000,-150.000000,-12.500000,-147.500000,7947.360000,3.470586,6.079126,19.754233,29.303945,,,,,,,,,,-1.000000,-0.000000
2016,9,-15.000000,155.000000,-12.500000,157.500000,11160.810000,18.067147,2.865115,13.517030,34.449292,27.314682,0.631292,29.371947,0.221232,1.796325,0.058636,0.130833,0.091237,204.139114,-1.000000,-0.000000
2016,9,-15.000000,-155.000000,-12.500000,-152.500000,13356.190000,3.158311,2.340338,29.480413,34.979062,,,,,,,,,,-1.000000,-0.000000
2016,9,-15.000000,160.000000,-12.500000,162.500000,6588.410000,6.879809,2.587726,15.200177,24.667712,27.481208,0.635214,28.975983,0.180082,126.466360,0.037291,0.120607,0.085602,203.443665,-1.000000,-0.000000
2016,9,-15.000000,-160.000000,-12.500000,-157.500000,13393.240000,4.895529,2.002876,20.286055,27.184460,,,,,,,,,,-1.000000,-0.000000
2016,9,-15.000000,165.000000,-12.500000,167.500000,3453.570000,6.281037,2.553879,17.136760,25.971676,27.834477,0.659356,28.039201,0.154900,120.283438,0.033486,0.049135,0.090029,202.680359,-1.000000,-0.000000
2016,9,-15.000000,-165.000000,-12.500000,-162.500000,6421.330000,3.435114,2.070288,13.136842,18.642244,,,,,,,,,,-1.000000,-0.000000
2016,9,-15.000000,170.000000,-12.500000,172.500000,8293.790000,7.701907,3.179246,16.858276,27.739429,28.206154,0.698198,29.746265,0.147811,0.948579,0.025812,0.064722,0.118013,201.896072,-1.000000,-0.000000
2016,9,-15.000000,-170.000000,-12.500000,-167.500000,12715.700000,5.285199,2.035122,21.063488,28.383809,,,,,,,,,,-1.000000,-0.000000
2016,9,-15.000000,175.000000,-12.500000,177.500000,18639.890000,11.872549,2.896208,15.444136,30.212893,28.315877,0.708653,29.104402,0.126026,0.931296,0.016253,0.051111,0.118590,201.560913,-1.000000,-0.000000
2016,9,-15.000000,-175.000000,-12.500000,-172.500000,12286.050000,5.386760,1.198921,22.984442,29.570122,,,,,,,,,,-1.000000,-0.000000
2016,9,-15.000000,-180.000000,-12.500000,-177.500000,2772.960000,14.378137,4.030711,13.839724,32.248572,,,,,,,,,,-1.000000,-0.000000
2016,9,20.000000,125.000000,22.500000,127.500000,1923.180000,3.052236,8.065288,12.157468,23.274992,29.505928,1.087191,25.466289,0.210755,92.426845,0.117262,0.019733,0.086194,197.006058,-1.000000,-0.000000
2016,9,20.000000,130.000000,22.500000,132.500000,1097.700000,3.317846,4.800036,10.028241,18.146124,29.512473,1.075352,24.863007,0.200632,1.363543,0.090095,0.046389,0.087931,197.862946,-1.000000,-0.000000
2016,9,20.000000,135.000000,22.500000,137.500000,3429.320000,4.736508,2.091085,12.871940,19.699532,29.526008,1.113695,27.267654,0.162935,0.995547,0.133133,0.077778,0.083777,197.112701,-1.000000,-0.000000
2016,9,20.000000,145.000000,22.500000,147.500000,1776.830000,1.868496,1.251104,1.886506,5.006106,29.108989,0.967904,26.779103,0.211527,0.847860,0.098047,0.043611,0.078301,198.806000,-1.000000,-0.000000
2016,9,20.000000,155.000000,22.500000,157.500000,1087.770000,4.228835,8.728867,6.343253,19.300955,28.775849,0.928049,24.468555,0.170474,0.866759,0.082804,0.031111,0.076549,199.401978,-1.000000,-0.000000
2016,9,20.000000,-155.000000,22.500000,-152.500000,7895.910000,1.400852,6.121017,0.000000,7.521869,,,,,,,,,,-1.000000,-0.000000
2016,9,20.000000,160.000000,22.500000,162.500000,2019.660000,7.525029,3.265401,34.141390,44.931820,28.769064,0.849885,22.863282,0.170595,0.733151,0.074525,0.007778,0.077735,199.806213,-1.000000,-0.000000
2016,9,-20.000000,-135.000000,-17.500000,-132.500000,5544.600000,2.645096,5.042744,23.252895,30.940735,,,,,,,,,,-1.000000,-0.000000
2016,9,-20.000000,-150.000000,-17.500000,-147.500000,3973.700000,1.585676,2.554043,9.015779,13.155497,,,,,,,,,,-1.000000,-0.000000
2016,9,-20.000000,-155.000000,-17.500000,-152.500000,1136.220000,1.700375,2.006654,8.869761,12.576790,,,,,,,,,,-1.000000,-0.000000
2016,9,-20.000000,165.000000,-17.500000,167.500000,1084.460000,2.510005,0.760747,14.955831,18.226583,25.789640,0.699014,32.143309,0.133822,119.998405,0.044597,0.319106,0.069239,210.800613,-1.000000,-0.000000
2016,9,-20.000000,170.000000,-17.500000,172.500000,3859.650000,3.319731,1.692900,14.888656,19.901286,25.882490,0.734129,35.932283,0.105909,1.777639,0.045749,0.301111,0.078448,208.895981,-1.000000,-0.000000
2016,9,-20.000000,175.000000,-17.500000,177.500000,11096.580000,4.576996,1.332843,9.516175,15.426014,25.893245,0.758663,33.188500,0.121608,117.603930,0.028906,0.343906,0.072927,208.900345,-1.000000,-0.000000
2016,9,-20.000000,-175.000000,-17.500000,-172.500000,2068.140000,4.973551,1.732958,14.240815,20.947325,,,,,,,,,,-1.000000,-0.000000
2016,9,-20.000000,-180.000000,-17.500000,-177.500000,8567.650000,9.473893,1.328602,12.680257,23.482752,,,,,,,,,,-1.000000,-0.000000
2016,9,25.000000,130.000000,27.500000,132.500000,2288.400000,3.432092,10.742440,7.458486,21.633019,28.831543,1.093882,22.654589,0.218850,58.329899,0.099538,0.132537,0.097333,199.084839,-1.000000,-0.000000
2016,9,25.000000,145.000000,27.500000,147.500000,6956.870000,1.273705,1.238488,0.015380,2.527573,28.424756,0.964773,15.632259,0.136006,0.948092,0.063984,0.031667,0.084407,202.209381,-1.000000,-0.000000
2016,9,25.000000,150.000000,27.500000,152.500000,2006.490000,1.867440,2.884141,0.059806,4.811387,28.277128,0.919397,15.302490,0.151217,1.418132,0.067276,0.058889,0.080537,202.850723,-1.000000,-0.000000
2016,9,25.000000,155.000000,27.500000,157.500000,2838.800000,1.363252,3.109412,0.083486,4.556150,28.199831,0.959564,16.614532,0.115132,1.238932,0.050772,0.054722,0.079219,203.797485,-1.000000,-0.000000
2016,9,25.000000,-155.000000,27.500000,-152.500000,3052.960000,1.699662,4.838910,0.000000,6.538572,,,,,,,,,,-1.000000,-0.000000
2016,9,25.000000,160.000000,27.500000,162.500000,1500.430000,2.852516,2.853849,0.000000,5.706364,28.033027,0.878564,18.655966,0.131663,1.349922,0.067335,0.096111,0.081396,203.874435,-1.000000,-0.000000
2016,9,25.000000,-160.000000,27.500000,-157.500000,4202.270000,2.938650,5.150074,0.000000,8.088723,,,,,,,,,,-1.000000,-0.000000
2016,9,-25.000000,160.000000,-22.500000,162.500000,1312.530000,5.326354,1.128355,20.926760,27.381469,22.845066,0.646836,31.622563,0.149980,107.040063,0.057416,0.367295,0.097032,219.801697,-1.000000,-0.000000
2016,9,-25.000000,165.000000,-22.500000,167.500000,1636.260000,7.122951,0.679599,16.960019,24.762568,23.207940,0.669400,36.370294,0.151857,107.397272,0.076843,0.384705,0.081304,218.606583,-1.000000,-0.000000
2016,9,-25.000000,175.000000,-22.500000,177.500000,2168.720000,6.586835,1.855472,13.463241,21.905548,23.471287,0.726188,53.347459,0.171848,3.210605,0.077518,0.498611,0.058230,218.305313,-1.000000,-0.000000
2016,9,-25.000000,-180.000000,-22.500000,-177.500000,1458.290000,7.049352,1.349526,6.812774,15.211652,,,,,,,,,,-1.000000,-0.000000
2016,9,30.000000,145.000000,32.500000,147.500000,1035.800000,0.177640,0.799382,0.000000,0.977023,27.837639,1.096715,15.037827,0.235836,2.316869,0.124256,0.130000,0.105755,205.698685,-1.000000,-0.000000
2016,9,30.000000,-155.000000,32.500000,-152.500000,1435.320000,2.873227,5.010033,0.000000,7.883259,,,,,,,,,,-1.000000,-0.000000
2016,9,30.000000,170.000000,32.500000,172.500000,1114.490000,1.376414,2.927797,0.621809,4.926020,25.849236,0.693003,14.561568,0.284660,2.034109,0.180391,0.174722,0.083409,213.393555,-1.000000,-0.000000
2016,9,-30.000000,-135.000000,-27.500000,-132.500000,2372.330000,0.127723,1.348885,48.880636,50.357244,,,,,,,,,,-1.000000,-0.000000
2016,9,-30.000000,155.000000,-27.500000,157.500000,3583.100000,10.447936,5.174849,16.859423,32.482208,20.960426,0.613336,38.149283,0.203468,5.256352,0.099960,0.273333,0.262918,227.280823,-1.000000,-0.000000
2016,9,-30.000000,160.000000,-27.500000,162.500000,1890.030000,1.851822,0.546023,36.408417,38.806262,20.998034,0.608256,40.538331,0.192347,2.766458,0.086582,0.413333,0.190781,228.367096,-1.000000,-0.000000
2016,9,-30.000000,170.000000,-27.500000,172.500000,3937.770000,6.601706,1.366256,31.810644,39.778606,20.339649,0.554524,38.821962,0.176155,5.257406,0.083999,0.451389,0.126404,230.947449,-1.000000,-0.000000
2016,9,-30.000000,-170.000000,-27.500000,-167.500000,2740.770000,7.076479,1.755711,27.954553,36.786742,,,,,,,,,,-1.000000,-0.000000
2016,9,-30.000000,175.000000,-27.500000,177.500000,4856.430000,6.101807,1.447977,31.748836,39.298621,20.434425,0.519538,43.394016,0.159401,3.503062,0.066651,0.535833,0.092998,232.296524,-1.000000,-0.000000
2016,9,-30.000000,-175.000000,-27.500000,-172.500000,2788.590000,6.448062,1.783339,25.450138,33.681538,,,,,,,,,,-1.000000,-0.000000
2016,9,35.000000,145.000000,37.500000,147.500000,1607.150000,0.289954,1.958125,0.028000,2.276079,25.841471,0.439326,15.810327,0.553642,5.592379,0.334302,0.790000,0.109692,209.800354,-1.000000,-0.000000
2016,9,35.000000,150.000000,37.500000,152.500000,10166.380000,1.013537,14.869698,0.110954,15.994189,25.712274,0.383961,15.887852,0.337897,4.866967,0.276538,0.708333,0.093806,211.722031,-1.000000,-0.000000
2016,9,35.000000,155.000000,37.500000,157.500000,24435.960000,1.491900,16.160446,0.125184,17.777530,24.992102,0.348667,16.186043,0.264302,3.312732,0.159358,0.493889,0.085422,215.264847,-1.000000,-0.000000
2016,9,35.000000,160.000000,37.500000,162.500000,9135.280000,1.703506,10.893591,0.280232,12.877328,24.438809,0.415738,17.826625,0.218616,5.555341,0.169366,0.582500,0.083679,219.116440,-1.000000,-0.000000
2016,9,35.000000,165.000000,37.500000,167.500000,3708.220000,0.994817,6.986371,0.262660,8.243847,23.686383,0.422080,18.839585,0.266413,7.064756,0.159662,0.696111,0.107430,223.352341,-1.000000,-0.000000
2016,9,35.000000,170.000000,37.500000,172.500000,8198.500000,0.455449,8.773678,0.700982,9.930109,22.801902,0.398455,18.845138,0.254804,5.553969,0.198459,0.618889,0.149915,228.831467,-1.000000,-0.000000
2016,9,35.000000,175.000000,37.500000,177.500000,5463.650000,0.492894,1.272592,0.127570,1.893057,22.470289,0.389763,19.364504,0.230870,6.369562,0.135303,0.630556,0.172514,231.100235,-1.000000,-0.000000
2016,9,-35.000000,-135.000000,-32.500000,-132.500000,7780.650000,0.346244,1.062379,54.791438,56.200060,,,,,,,,,,-1.000000,-0.000000
2016,9,-35.000000,-140.000000,-32.500000,-137.500000,8076.980000,0.562710,0.920270,64.460479,65.943459,,,,,,,,,,-1.000000,-0.000000
2016,9,-35.000000,-145.000000,-32.500000,-142.500000,3497.840000,0.625529,0.917995,66.945315,68.488839,,,,,,,,,,-1.000000,-0.000000
2016,9,-35.000000,-150.000000,-32.500000,-147.500000,1037.760000,0.670675,2.323273,34.726719,37.720668,,,,,,,,,,-1.000000,-0.000000
2016,9,-35.000000,160.000000,-32.500000,162.500000,2397.850000,11.196280,8.809142,17.053611,37.059032,18.632811,0.417911,38.467651,0.160876,3.834352,0.073770,0.438889,0.468693,232.605209,-1.000000,-0.000000
2016,9,40.000000,150.000000,42.500000,152.500000,4808.900000,0.006862,0.202749,0.000000,0.209611,19.893793,-0.023104,14.907445,0.168301,8.588605,0.169481,0.859444,0.194617,229.948792,-1.000000,-0.000000
2016,9,40.000000,155.000000,42.500000,157.500000,2212.810000,0.000000,0.044288,0.000000,0.044288,20.622884,0.035018,16.584522,0.124725,6.561178,0.127500,0.753611,0.192531,231.741089,-1.000000,-0.000000
2016,10,0.000000,120.000000,2.500000,122.500000,17904.810000,10.234010,3.458568,0.000000,13.692578,29.904908,0.642700,12.593148,0.257045,137.711179,0.015203,0.075729,0.106731,199.166382,-0.866025,0.500000
2016,10,0.000000,125.000000,2.500000,127.500000,23873.080000,10.233996,3.458582,0.000000,13.692578,29.898625,0.673431,15.768636,0.345607,136.432364,0.051711,0.136721,0.101632,199.139709,-0.866025,0.500000
2016,10,0.000000,130.000000,2.500000,132.500000,5968.270000,10.233954,3.458624,0.000000,13.692578,30.129109,0.741013,21.536326,0.429475,120.317087,0.032744,0.011392,0.094260,198.827621,-0.866025,0.500000
2016,10,0.000000,135.000000,2.500000,137.500000,2539.080000,7.972179,1.094491,0.078769,9.145439,30.315233,0.772157,19.519767,0.329417,0.699297,0.018750,0.004722,0.089605,198.487595,-0.866025,0.500000
2016,10,0.000000,140.000000,2.500000,142.500000,3891.230000,10.723859,1.420887,0.296564,12.441310,30.493067,0.775212,20.086563,0.319788,0.298501,0.017859,0.000000,0.073160,197.334900,-0.866025,0.500000
2016,10,0.000000,145.000000,2.500000,147.500000,9057.120000,11.836765,5.412316,0.262887,17.511968,30.583466,0.777797,18.529695,0.401224,0.305402,0.027947,0.000000,0.063657,197.146057,-0.866025,0.500000
2016,10,0.000000,150.000000,2.500000,152.500000,2489.340000,30.502864,3.746375,0.089984,34.339222,30.579290,0.771628,18.803599,0.450540,0.705405,0.042987,0.003611,0.090804,198.645386,-0.866025,0.500000
2016,10,0.000000,155.000000,2.500000,157.500000,1787.900000,4.933721,9.079926,0.000000,14.013647,30.383426,0.756026,18.891340,0.536945,0.360410,0.049551,0.000000,0.135558,200.037323,-0.866025,0.500000
2016,10,0.000000,160.000000,2.500000,162.500000,1724.890000,3.535298,8.743166,0.028987,12.307451,30.105470,0.731791,20.789718,0.468710,0.454216,0.049778,0.000000,0.165852,200.590042,-0.866025,0.500000
2016,10,0.000000,170.000000,2.500000,172.500000,1606.610000,6.373669,8.130162,0.028632,14.532463,29.124848,0.681201,18.128319,0.569319,131.695534,0.054729,0.097404,0.199199,202.003464,-0.866025,0.500000
2016,10,0.000000,-170.000000,2.500000,-167.500000,2733.850000,3.763191,14.740019,0.113027,18.616237,,,,,,,,,,-0.866025,0.500000
2016,10,0.000000,175.000000,2.500000,177.500000,2593.040000,3.795545,12.002514,0.000000,15.798059,28.905947,0.660610,22.015545,0.555798,0.877030,0.051903,0.007222,0.173606,202.498459,-0.866025,0.500000
2016,10,0.000000,-175.000000,2.500000,-172.500000,2750.200000,8.807359,15.384699,0.134172,24.326231,,,,,,,,,,-0.866025,0.500000
2016,10,5.000000,130.000000,7.500000,132.500000,4006.230000,19.582500,44.208146,2.512087,66.302733,29.768147,0.677949,23.435971,0.172232,133.625165,0.025087,0.007804,0.089450,197.873474,-0.866025,0.500000
2016,10,5.000000,145.000000,7.500000,147.500000,2216.720000,29.666354,30.714750,0.341496,60.722599,30.438469,0.710918,19.956181,0.129141,0.419241,0.031040,0.000000,0.087906,197.682129,-0.866025,0.500000
2016,10,5.000000,155.000000,7.500000,157.500000,2129.540000,5.581487,10.269354,0.024418,15.875259,30.539663,0.730852,26.681850,0.152766,129.689775,0.049388,0.003336,0.076422,197.300034,-0.866025,0.500000
2016,10,5.000000,160.000000,7.500000,162.500000,2215.470000,6.122403,11.400290,0.042880,17.565573,30.420706,0.738983,28.330503,0.139131,0.589622,0.041385,0.000000,0.069094,196.876251,-0.866025,0.500000
2016,10,5.000000,165.000000,7.500000,167.500000,3724.250000,4.474189,5.696449,0.016648,10.187286,30.201971,0.744606,23.803920,0.148715,135.616722,0.051201,0.041643,0.077112,197.213837,-0.866025,0.500000
2016,10,5.000000,170.000000,7.500000,172.500000,4142.400000,6.354046,6.368530,0.021485,12.744061,29.928703,0.680521,24.371456,0.209495,135.322901,0.078044,0.039944,0.104938,198.600952,-0.866025,0.500000
2016,10,-5.000000,120.000000,-2.500000,122.500000,23873.080000,10.233996,3.458582,0.000000,13.692578,29.750251,0.625976,11.974532,0.109186,138.288405,0.012456,0.259438,0.108666,200.407471,-0.866025,0.500000
2016,10,-5.000000,125.000000,-2.500000,127.500000,35809.620000,10.233982,3.458568,0.000000,13.692550,29.560784,0.631353,12.679166,0.248847,134.320257,0.020376,0.175542,0.104776,200.082916,-0.866025,0.500000
2016,10,-5.000000,130.000000,-2.500000,132.500000,11936.540000,10.233954,3.458540,0.000000,13.692494,29.636985,0.675431,12.896123,0.217597,138.370950,0.051967,0.269756,0.119088,199.164139,-0.866025,0.500000
2016,10,-5.000000,155.000000,-2.500000,157.500000,1224.190000,13.345151,9.750120,0.171542,23.266813,30.234422,0.732270,21.059638,0.414773,0.545947,0.030972,0.000000,0.161250,200.248032,-0.866025,0.500000
2016,10,-5.000000,160.000000,-2.500000,162.500000,3803.540000,6.383527,7.172792,3.047687,16.604006,30.079453,0.717144,23.247221,0.439694,0.443057,0.038277,0.000000,0.160136,200.016251,-0.866025,0.500000
2016,10,-5.000000,-160.000000,-2.500000,-157.500000,3133.230000,8.726139,37.868270,0.421610,47.016019,,,,,,,,,,-0.866025,0.500000
2016,10,-5.000000,165.000000,-2.500000,167.500000,2333.510000,11.237578,7.630137,3.313035,22.180749,29.734157,0.691172,21.215112,0.456929,0.507436,0.042948,0.000000,0.156300,200.470276,-0.866025,0.500000
2016,10,-5.000000,-165.000000,-2.500000,-162.500000,5568.180000,6.351806,12.656559,2.610009,21.618374,,,,,,,,,,-0.866025,0.500000
2016,10,-5.000000,170.000000,-2.500000,172.500000,4787.640000,13.268750,8.424192,0.501917,22.194860,29.248528,0.664417,21.464388,0.458923,127.590367,0.043945,0.049889,0.164594,201.165115,-0.866025,0.500000
2016,10,-5.000000,-170.000000,-2.500000,-167.500000,19752.650000,9.797369,15.068105,1.916047,26.781520,,,,,,,,,,-0.866025,0.500000
2016,10,-5.000000,175.000000,-2.500000,177.500000,1107.550000,9.335019,11.040585,0.445127,20.820730,28.905660,0.635885,24.420746,0.408739,90.039161,0.036195,0.051417,0.164692,201.853882,-0.866025,0.500000
2016,10,-5.000000,-175.000000,-2.500000,-172.500000,1454.240000,18.468753,20.478738,0.341759,39.289251,,,,,,,,,,-0.866025,0.500000
2016,10,-5.000000,-180.000000,-2.500000,-177.500000,2174.630000,4.430639,18.971503,0.424440,23.826582,,,,,,,,,,-0.866025,0.500000
2016,10,10.000000,110.000000,12.500000,112.500000,24992.010000,13.690215,0.929457,0.000000,14.619672,28.918650,0.627015,14.632566,0.333989,0.948651,0.112382,0.090556,0.101932,201.347321,-0.866025,0.500000
2016,10,10.000000,115.000000,12.500000,117.500000,24992.010000,13.690215,0.929457,0.000000,14.619672,29.180195,0.745977,21.375818,0.130575,133.172177,0.035439,0.085414,0.087118,199.730789,-0.866025,0.500000
2016,10,10.000000,150.000000,12.500000,152.500000,1350.080000,4.380481,1.057715,13.409576,18.847772,29.871068,0.755852,28.058973,0.118923,0.490079,0.033449,0.000000,0.083099,197.865509,-0.866025,0.500000
2016,10,10.000000,155.000000,12.500000,157.500000,3331.110000,7.470483,3.474518,4.149968,15.094968,29.756352,0.729337,27.324749,0.136460,0.478381,0.043514,0.000000,0.085740,198.198654,-0.866025,0.500000
2016,10,10.000000,165.000000,12.500000,167.500000,1340.970000,6.387167,6.468452,0.144671,13.000291,29.412137,0.689374,27.964291,0.132323,132.109219,0.023558,0.036267,0.080164,198.669678,-0.866025,0.500000
2016,10,10.000000,170.000000,12.500000,172.500000,2996.360000,6.282957,7.528468,0.168204,13.979629,29.306596,0.683256,28.823627,0.171726,59.182437,0.053799,0.003056,0.063175,199.043488,-0.866025,0.500000
2016,10,10.000000,-170.000000,12.500000,-167.500000,1279.320000,1.669637,2.793672,0.000000,4.463309,,,,,,,,,,-0.866025,0.500000
2016,10,10.000000,175.000000,12.500000,177.500000,3430.360000,8.539337,7.690446,0.243123,16.472907,29.151189,0.647265,29.381484,0.211430,0.390223,0.086668,0.000000,0.060571,199.483139,-0.866025,0.500000
2016,10,-10.000000,-135.000000,-7.500000,-132.500000,4172.900000,5.058113,23.032903,0.315129,28.406144,,,,,,,,,,-0.866025,0.500000
2016,10,-10.000000,-140.000000,-7.500000,-137.500000,1671.920000,9.772597,16.186779,0.517967,26.477343,,,,,,,,,,-0.866025,0.500000
2016,10,-10.000000,145.000000,-7.500000,147.500000,1066.320000,41.951759,3.119139,1.530497,46.601395,28.402497,0.732182,15.715365,0.255336,135.112609,0.034998,0.436879,0.128104,201.373123,-0.866025,0.500000
2016,10,-10.000000,-145.000000,-7.500000,-142.500000,2298.300000,6.591394,12.743332,2.582343,21.917069,,,,,,,,,,-0.866025,0.500000
2016,10,-10.000000,150.000000,-7.500000,152.500000,2469.680000,19.024732,2.296249,0.648667,21.969648,29.119679,0.649558,15.294990,0.371451,135.084511,0.059278,0.278261,0.178829,200.355103,-0.866025,0.500000
2016,10,-10.000000,-150.000000,-7.500000,-147.500000,15231.260000,5.103123,16.648393,1.525284,23.276800,,,,,,,,,,-0.866025,0.500000
2016,10,-10.000000,155.000000,-7.500000,157.500000,3717.220000,14.296975,3.482710,0.978419,18.758104,29.701539,0.714338,21.339552,0.186341,134.621419,0.044779,0.247325,0.200621,198.906662,-0.866025,0.500000
2016,10,-10.000000,-155.000000,-7.500000,-152.500000,13220.660000,5.494279,19.762478,2.503506,27.760263,,,,,,,,,,-0.866025,0.500000
2016,10,-10.000000,160.000000,-7.500000,162.500000,6961.230000,10.699115,5.499603,1.784167,17.982885,29.743846,0.739183,21.560156,0.151563,131.837034,0.047545,0.066229,0.142294,198.108765,-0.866025,0.500000
2016,10,-10.000000,-160.000000,-7.500000,-157.500000,2878.860000,7.085096,15.971600,5.565050,28.621746,,,,,,,,,,-0.866025,0.500000
2016,10,-10.000000,165.000000,-7.500000,167.500000,5199.460000,9.260192,7.275179,2.725091,19.260462,29.951061,0.772676,24.045535,0.116247,0.614022,0.022299,0.001389,0.093297,198.120544,-0.866025,0.500000
2016,10,-10.000000,-165.000000,-7.500000,-162.500000,4446.270000,6.530643,9.860850,4.638945,21.030437,,,,,,,,,,-0.866025,0.500000
2016,10,-10.000000,170.000000,-7.500000,172.500000,16393.150000,11.121963,5.847564,2.701799,19.671326,29.988807,0.783901,23.652100,0.122405,0.495687,0.018265,0.000000,0.109293,198.801498,-0.866025,0.500000
2016,10,-10.000000,-170.000000,-7.500000,-167.500000,13948.640000,5.698763,7.254184,6.708109,19.661057,,,,,,,,,,-0.866025,0.500000
2016,10,-10.000000,175.000000,-7.500000,177.500000,3573.510000,6.443805,5.823686,4.501177,16.768667,29.810725,0.757887,25.598079,0.115572,0.431440,0.025009,0.000000,0.137094,199.081253,-0.866025,0.500000
2016,10,-10.000000,-175.000000,-7.500000,-172.500000,5451.520000,1.904790,4.372725,13.080205,19.357720,,,,,,,,,,-0.866025,0.500000
2016,10,-10.000000,-180.000000,-7.500000,-177.500000,6953.330000,4.734854,13.543439,4.933176,23.211468,,,,,,,,,,-0.866025,0.500000
2016,10,15.000000,110.000000,17.500000,112.500000,24992.010000,13.690215,0.929457,0.000000,14.619672,28.933920,0.661809,19.128689,0.158401,128.165108,0.046500,0.066917,0.102335,200.159012,-0.866025,0.500000
2016,10,15.000000,115.000000,17.500000,117.500000,24992.010000,13.690215,0.929457,0.000000,14.619672,29.329559,0.693536,20.260423,0.128892,132.158745,0.041378,0.045125,0.089073,198.966309,-0.866025,0.500000
2016,10,15.000000,135.000000,17.500000,137.500000,1370.430000,1.097466,0.323256,1.818407,3.239129,29.447129,0.946561,29.496438,0.175988,0.391443,0.080880,0.000000,0.085440,197.775757,-0.866025,0.500000
2016,10,15.000000,150.000000,17.500000,152.500000,5020.030000,5.153953,3.707747,7.366091,16.227791,29.252551,0.865566,30.944668,0.148481,0.380359,0.055606,0.000000,0.080588,198.887924,-0.866025,0.500000
2016,10,15.000000,155.000000,17.500000,157.500000,1418.570000,8.801117,2.324172,5.315917,16.441205,29.179013,0.887466,34.395803,0.189736,0.393285,0.096155,0.000000,0.077661,199.256363,-0.866025,0.500000
2016,10,15.000000,-155.000000,17.500000,-152.500000,10679.910000,1.190459,7.812425,0.024907,9.027791,,,,,,,,,,-0.866025,0.500000
2016,10,15.000000,-160.000000,17.500000,-157.500000,5396.590000,1.874146,4.529527,0.000000,6.403673,,,,,,,,,,-0.866025,0.500000
2016,10,15.000000,-165.000000,17.500000,-162.500000,2092.200000,3.105822,4.606634,0.000000,7.712456,,,,,,,,,,-0.866025,0.500000
2016,10,-15.000000,-135.000000,-12.500000,-132.500000,13382.230000,2.893539,11.984325,13.420260,28.298124,,,,,,,,,,-0.866025,0.500000
2016,10,-15.000000,-140.000000,-12.500000,-137.500000,3691.050000,2.726324,9.798838,18.188862,30.714024,,,,,,,,,,-0.866025,0.500000
2016,10,-15.000000,145.000000,-12.500000,147.500000,1917.540000,31.873651,1.884185,4.768088,38.525924,27.043824,0.766787,29.291708,0.179281,122.729381,0.038985,0.087630,0.111176,204.694199,-0.866025,0.500000
2016,10,-15.000000,-145.000000,-12.500000,-142.500000,6030.500000,4.182406,9.606998,13.200398,26.989802,,,,,,,,,,-0.866025,0.500000
2016,10,-15.000000,150.000000,-12.500000,152.500000,5811.090000,25.775887,4.163935,11.968495,41.908317,27.629578,0.728113,21.133380,0.208617,125.935513,0.030081,0.195652,0.099482,203.702301,-0.866025,0.500000
2016,10,-15.000000,-150.000000,-12.500000,-147.500000,8391.300000,3.191281,9.012430,3.715515,15.919226,,,,,,,,,,-0.866025,0.500000
2016,10,-15.000000,155.000000,-12.500000,157.500000,6473.750000,18.241359,2.881328,10.507820,31.630508,28.197253,0.678663,23.566055,0.183414,1.767582,0.037488,0.184722,0.100350,202.453201,-0.866025,0.500000
2016,10,-15.000000,-155.000000,-12.500000,-152.500000,3957.530000,3.174202,7.109485,10.939399,21.223086,,,,,,,,,,-0.866025,0.500000
2016,10,-15.000000,160.000000,-12.500000,162.500000,4308.860000,6.943600,2.141402,7.878650,16.963652,28.171902,0.680590,22.564436,0.153734,129.118966,0.032247,0.072252,0.083867,202.126511,-0.866025,0.500000
2016,10,-15.000000,-160.000000,-12.500000,-157.500000,2606.180000,1.967247,1.576637,17.175329,20.719214,,,,,,,,,,-0.866025,0.500000
2016,10,-15.000000,165.000000,-12.500000,167.500000,1599.610000,6.192134,2.518114,16.534030,25.244278,28.556045,0.724428,23.913664,0.141878,123.861423,0.032001,0.048018,0.072045,201.286087,-0.866025,0.500000
2016,10,-15.000000,-165.000000,-12.500000,-162.500000,2736.540000,0.825495,1.130990,9.978294,11.934779,,,,,,,,,,-0.866025,0.500000
2016,10,-15.000000,170.000000,-12.500000,172.500000,7383.430000,3.076619,4.635786,13.665058,21.377463,28.735449,0.741939,24.509501,0.112244,1.400130,0.022451,0.063056,0.079707,200.542358,-0.866025,0.500000
2016,10,-15.000000,-170.000000,-12.500000,-167.500000,3980.910000,0.956816,1.809134,13.676521,16.442472,,,,,,,,,,-0.866025,0.500000
2016,10,-15.000000,175.000000,-12.500000,177.500000,5332.070000,7.381936,3.198195,7.958260,18.538391,28.913787,0.736270,25.680267,0.102253,1.266987,0.017712,0.059722,0.094797,199.941879,-0.866025,0.500000
2016,10,-15.000000,-175.000000,-12.500000,-172.500000,16398.400000,2.614036,2.460240,16.329093,21.403369,,,,,,,,,,-0.866025,0.500000
2016,10,-15.000000,-180.000000,-12.500000,-177.500000,1262.850000,12.699846,2.438136,8.784099,23.922081,,,,,,,,,,-0.866025,0.500000
2016,10,20.000000,130.000000,22.500000,132.500000,1996.730000,4.584996,7.307948,13.123958,25.016903,29.287244,1.178074,33.174978,0.201933,0.776591,0.118553,0.008333,0.081196,198.744827,-0.866025,0.500000
2016,10,20.000000,135.000000,22.500000,137.500000,3499.110000,4.852377,7.040076,13.420841,25.313294,29.217725,1.054188,27.161305,0.130681,0.825081,0.094188,0.023333,0.080883,198.262329,-0.866025,0.500000
2016,10,20.000000,145.000000,22.500000,147.500000,3075.150000,4.090857,1.710486,10.987432,16.788775,29.054207,1.028403,28.661248,0.188167,0.853454,0.098875,0.019722,0.079742,199.503281,-0.866025,0.500000
2016,10,20.000000,150.000000,22.500000,152.500000,1710.160000,6.599383,1.815035,18.060883,26.475301,28.906463,0.980814,32.274088,0.152080,0.760138,0.071437,0.007778,0.078475,199.630951,-0.866025,0.500000
2016,10,20.000000,-155.000000,22.500000,-152.500000,24751.790000,1.132726,5.963892,0.119991,7.216609,,,,,,,,,,-0.866025,0.500000
2016,10,20.000000,-160.000000,22.500000,-157.500000,10730.440000,1.172459,6.362833,0.096082,7.631374,,,,,,,,,,-0.866025,0.500000
2016,10,-20.000000,-135.000000,-17.500000,-132.500000,7818.230000,1.990604,3.515118,21.727296,27.233018,,,,,,,,,,-0.866025,0.500000
2016,10,-20.000000,-145.000000,-17.500000,-142.500000,1843.350000,1.750075,3.718773,15.410530,20.879377,,,,,,,,,,-0.866025,0.500000
2016,10,-20.000000,-150.000000,-17.500000,-147.500000,3346.180000,2.349545,5.066374,16.084012,23.499931,,,,,,,,,,-0.866025,0.500000
2016,10,-20.000000,155.000000,-17.500000,157.500000,2535.150000,4.619056,0.866221,42.512672,47.997949,26.015775,0.700965,21.823024,0.155140,1.600683,0.049459,0.195278,0.078607,210.365738,-0.866025,0.500000
2016,10,-20.000000,-155.000000,-17.500000,-152.500000,2514.520000,2.305410,3.435248,15.294370,21.035029,,,,,,,,,,-0.866025,0.500000
2016,10,-20.000000,160.000000,-17.500000,162.500000,1786.840000,7.405811,0.735376,15.405408,23.546596,26.233124,0.695972,22.322820,0.152786,50.670033,0.042272,0.272854,0.079082,210.244690,-0.866025,0.500000
2016,10,-20.000000,165.000000,-17.500000,167.500000,4191.010000,1.869239,1.615840,24.038836,27.523914,26.537839,0.735321,21.665739,0.142270,122.840943,0.051343,0.430249,0.081599,208.715454,-0.866025,0.500000
2016,10,-20.000000,-165.000000,-17.500000,-162.500000,1024.070000,0.825139,0.761667,11.413282,13.000088,,,,,,,,,,-0.866025,0.500000
2016,10,-20.000000,170.000000,-17.500000,172.500000,17357.320000,2.304330,1.394973,21.054863,24.754167,26.735314,0.759022,19.612212,0.128585,1.871007,0.044613,0.243611,0.069713,207.315170,-0.866025,0.500000
2016,10,-20.000000,175.000000,-17.500000,177.500000,16957.990000,4.712233,1.609507,10.958846,17.280586,26.885512,0.770990,16.380150,0.127527,125.008799,0.027831,0.295448,0.079438,207.258606,-0.866025,0.500000
2016,10,-20.000000,-175.000000,-17.500000,-172.500000,1894.480000,3.861746,2.110342,14.912271,20.884359,,,,,,,,,,-0.866025,0.500000
2016,10,-20.000000,-180.000000,-17.500000,-177.500000,8143.300000,7.383862,1.801972,8.447681,17.633515,,,,,,,,,,-0.866025,0.500000
2016,10,25.000000,130.000000,27.500000,132.500000,2545.110000,2.195583,16.569814,14.812326,33.577724,28.505417,1.166491,32.612535,0.203074,56.742053,0.117586,0.159489,0.092387,200.582703,-0.866025,0.500000
2016,10,25.000000,135.000000,27.500000,137.500000,3059.930000,3.431124,10.065263,7.619129,21.115516,28.200863,1.102697,26.512744,0.146187,1.069078,0.073956,0.035833,0.082338,201.142166,-0.866025,0.500000
2016,10,25.000000,145.000000,27.500000,147.500000,6593.690000,1.160503,1.709058,0.441634,3.311196,27.948308,1.002282,25.425650,0.132242,1.811311,0.072313,0.123333,0.076946,202.577591,-0.866025,0.500000
2016,10,25.000000,150.000000,27.500000,152.500000,1293.320000,1.249497,1.448211,0.624749,3.322457,28.052799,0.995010,28.992585,0.137405,1.630962,0.066428,0.096667,0.075645,203.043747,-0.866025,0.500000
2016,10,25.000000,155.000000,27.500000,157.500000,2390.590000,1.446087,2.416558,0.291560,4.154205,27.866493,0.952885,27.546135,0.121908,1.180064,0.070827,0.083056,0.076067,203.672104,-0.866025,0.500000
2016,10,25.000000,-155.000000,27.500000,-152.500000,1428.110000,1.430562,4.238469,0.000000,5.669031,,,,,,,,,,-0.866025,0.500000
2016,10,25.000000,160.000000,27.500000,162.500000,1982.820000,0.857365,2.545365,0.130622,3.533351,28.055533,0.906785,26.295809,0.101791,1.506801,0.068659,0.161389,0.077438,203.678146,-0.866025,0.500000
2016,10,25.000000,-160.000000,27.500000,-157.500000,4338.370000,0.954736,3.778839,0.000000,4.733575,,,,,,,,,,-0.866025,0.500000
2016,10,25.000000,165.000000,27.500000,167.500000,2588.450000,0.895903,1.115339,0.051768,2.063011,27.896059,0.844887,23.117942,0.105229,1.288011,0.066157,0.073056,0.078199,204.509201,-0.866025,0.500000
2016,10,25.000000,-165.000000,27.500000,-162.500000,1145.660000,0.874605,5.237156,0.000000,6.111761,,,,,,,,,,-0.866025,0.500000
2016,10,25.000000,170.000000,27.500000,172.500000,1602.330000,1.399212,2.649267,0.054296,4.102775,27.827562,0.828424,23.318431,0.136451,3.180808,0.062006,0.142778,0.078612,204.859528,-0.866025,0.500000
2016,10,-25.000000,-150.000000,-22.500000,-147.500000,1368.840000,8.206218,3.261886,23.357734,34.825838,,,,,,,,,,-0.866025,0.500000
2016,10,-25.000000,-160.000000,-22.500000,-157.500000,1119.000000,1.280608,1.283289,6.745308,9.309205,,,,,,,,,,-0.866025,0.500000
2016,10,-25.000000,165.000000,-22.500000,167.500000,1179.520000,7.701438,0.687568,10.692485,19.081491,24.073952,0.702005,21.283037,0.145261,111.308895,0.048201,0.328505,0.069030,217.710068,-0.866025,0.500000
2016,10,-25.000000,170.000000,-22.500000,172.500000,1011.580000,3.599320,0.404318,29.839459,33.843097,23.916286,0.693985,22.153260,0.195974,2.572026,0.082496,0.442500,0.063823,217.970551,-0.866025,0.500000
2016,10,-25.000000,175.000000,-22.500000,177.500000,2175.080000,2.994832,1.506611,19.637439,24.138882,23.935822,0.699468,20.872669,0.169552,2.476337,0.081887,0.406389,0.062568,217.819199,-0.866025,0.500000
2016,10,-25.000000,-180.000000,-22.500000,-177.500000,1447.820000,6.612010,1.793041,5.792156,14.197207,,,,,,,,,,-0.866025,0.500000
2016,10,30.000000,130.000000,32.500000,132.500000,1004.170000,14.222691,0.036846,0.093610,14.353147,26.345712,0.851939,30.198331,0.341982,123.033635,0.337720,0.515992,0.247168,205.710770,-0.866025,0.500000
2016,10,30.000000,145.000000,32.500000,147.500000,1260.600000,0.514834,12.083135,0.973346,13.571315,26.631020,1.143154,40.456059,0.249000,2.562247,0.131846,0.111944,0.086396,208.513031,-0.866025,0.500000
2016,10,30.000000,150.000000,32.500000,152.500000,3072.070000,0.800763,9.249138,3.623941,13.673842,26.519707,1.168977,41.848127,0.211497,2.689273,0.153347,0.116389,0.082594,209.965454,-0.866025,0.500000
2016,10,30.000000,155.000000,32.500000,157.500000,8838.690000,0.654961,22.427192,4.098345,27.180498,25.907843,0.870949,34.727480,0.323334,2.658513,0.257728,0.412778,0.078276,211.034622,-0.866025,0.500000
2016,10,30.000000,165.000000,32.500000,167.500000,2257.180000,0.258730,9.701929,2.162876,12.123535,25.669561,0.824419,30.556490,0.247420,3.798001,0.190700,0.369722,0.075735,213.031616,-0.866025,0.500000
2016,10,30.000000,170.000000,32.500000,172.500000,6960.070000,2.803564,11.779910,7.024786,21.608260,25.341607,0.721670,25.217869,0.264940,4.513879,0.184493,0.439444,0.075079,214.082367,-0.866025,0.500000
2016,10,-30.000000,155.000000,-27.500000,157.500000,2629.910000,5.583461,3.650695,5.503991,14.738147,21.472298,0.613854,26.345740,0.276074,3.989586,0.125680,0.345278,0.210472,227.128677,-0.866025,0.500000
2016,10,-30.000000,160.000000,-27.500000,162.500000,1630.500000,1.796995,1.652867,10.310948,13.760810,21.368630,0.585583,27.799439,0.205088,2.745114,0.088359,0.418889,0.128932,227.969223,-0.866025,0.500000
2016,10,35.000000,145.000000,37.500000,147.500000,7894.950000,0.448388,16.014668,0.253073,16.716129,22.626542,0.435753,41.185239,0.517369,9.640648,0.326333,0.752778,0.179204,217.022202,-0.866025,0.500000
2016,10,35.000000,150.000000,37.500000,152.500000,21784.280000,0.725707,19.294969,0.443301,20.463977,22.535279,0.395255,39.935379,0.286845,4.515552,0.276951,0.708889,0.161874,220.586472,-0.866025,0.500000
2016,10,35.000000,155.000000,37.500000,157.500000,5102.590000,0.728454,17.026059,0.939327,18.693840,22.148326,0.423435,36.908494,0.276051,6.483344,0.199137,0.597778,0.164703,224.865906,-0.866025,0.500000
2016,10,35.000000,165.000000,37.500000,167.500000,2879.400000,0.372300,19.572133,2.540460,22.484893,21.951031,0.487419,37.124624,0.248137,5.931141,0.151598,0.618611,0.169466,232.073517,-0.866025,0.500000
2016,10,35.000000,170.000000,37.500000,172.500000,4987.970000,0.526667,11.288761,6.687089,18.502517,21.035855,0.451888,31.410499,0.254137,5.134306,0.226344,0.648889,0.176292,234.981186,-0.866025,0.500000
2016,10,35.000000,175.000000,37.500000,177.500000,1756.950000,0.552662,2.392214,1.573181,4.518057,20.671232,0.409469,28.778405,0.218536,5.684716,0.130011,0.656389,0.189425,236.718063,-0.866025,0.500000
2016,10,-35.000000,-135.000000,-32.500000,-132.500000,3106.980000,0.489865,1.463479,48.797224,50.750568,,,,,,,,,,-0.866025,0.500000
2016,10,-35.000000,-140.000000,-32.500000,-137.500000,1671.560000,0.354160,1.212640,36.524564,38.091364,,,,,,,,,,-0.866025,0.500000
2016,10,-35.000000,-145.000000,-32.500000,-142.500000,3649.540000,0.508283,1.781320,38.488138,40.777742,,,,,,,,,,-0.866025,0.500000
2016,10,-35.000000,160.000000,-32.500000,162.500000,3837.420000,1.163803,1.898672,20.656587,23.719061,18.970933,0.421010,39.951444,0.179836,4.329630,0.085282,0.451389,0.457109,234.695511,-0.866025,0.500000
2016,10,-35.000000,165.000000,-32.500000,167.500000,1247.600000,1.494069,2.610612,17.441488,21.546169,18.549819,0.412452,35.167158,0.154699,4.095100,0.108277,0.519444,0.390562,240.378464,-0.866025,0.500000
2016,10,40.000000,150.000000,42.500000,152.500000,7216.900000,0.000000,0.108218,0.000000,0.108218,15.379139,-0.030749,33.847445,0.164912,9.364322,0.155306,0.872222,0.353660,242.999985,-0.866025,0.500000
2016,11,0.000000,120.000000,2.500000,122.500000,11742.050000,15.605282,5.273781,0.000000,20.879063,29.783644,0.633295,12.499613,0.300279,136.393036,0.022955,0.079454,0.106181,199.540131,-0.500000,0.866025
2016,11,0.000000,125.000000,2.500000,127.500000,15656.060000,15.605267,5.273805,0.000000,20.879072,29.891705,0.678378,16.376652,0.314419,137.340664,0.041270,0.121295,0.097991,198.527740,-0.500000,0.866025
2016,11,0.000000,130.000000,2.500000,132.500000,5008.090000,32.783157,11.846832,0.416526,45.046515,29.897331,0.748521,20.989596,0.291175,120.519320,0.026100,0.006669,0.093409,198.132660,-0.500000,0.866025
2016,11,0.000000,135.000000,2.500000,137.500000,3295.480000,8.904317,0.255805,0.000000,9.160122,30.148330,0.772826,20.349192,0.358959,0.892203,0.026999,0.013611,0.082301,197.400208,-0.500000,0.866025
2016,11,0.000000,140.000000,2.500000,142.500000,5924.580000,8.395363,3.189424,0.122372,11.707159,30.566790,0.803413,17.896775,0.365222,0.885894,0.022255,0.005556,0.066218,196.316742,-0.500000,0.866025
2016,11,0.000000,145.000000,2.500000,147.500000,9750.570000,23.802301,4.300569,0.236499,28.339369,30.575282,0.798206,16.845201,0.337160,0.424557,0.024900,0.000000,0.064599,196.533875,-0.500000,0.866025
2016,11,0.000000,150.000000,2.500000,152.500000,3611.750000,24.041808,6.013705,0.148681,30.204195,30.556962,0.788077,17.157253,0.309847,0.243244,0.028145,0.000000,0.098063,198.860931,-0.500000,0.866025
2016,11,0.000000,155.000000,2.500000,157.500000,6828.430000,27.840660,8.009747,1.835707,37.686115,30.439244,0.768420,22.090739,0.293397,0.351617,0.029645,0.000000,0.152087,201.392731,-0.500000,0.866025
2016,11,0.000000,160.000000,2.500000,162.500000,1983.140000,16.358401,12.042014,1.625200,30.025616,29.916974,0.740836,20.991183,0.288613,0.479379,0.035259,0.000000,0.153296,201.121796,-0.500000,0.866025
2016,11,0.000000,-160.000000,2.500000,-157.500000,1173.990000,4.450634,16.448181,0.011073,20.909888,,,,,,,,,,-0.500000,0.866025
2016,11,0.000000,165.000000,2.500000,167.500000,2416.710000,2.988360,9.499692,0.081930,12.569982,29.296884,0.719896,19.340194,0.372776,94.445177,0.033262,0.013341,0.183880,201.587753,-0.500000,0.866025
2016,11,0.000000,-165.000000,2.500000,-162.500000,1846.440000,10.796993,23.358463,0.000000,34.155456,,,,,,,,,,-0.500000,0.866025
2016,11,0.000000,170.000000,2.500000,172.500000,4859.830000,10.540698,9.318227,1.678248,21.537173,29.270313,0.695185,21.825931,0.341742,132.171799,0.027090,0.032654,0.199246,203.050995,-0.500000,0.866025
2016,11,0.000000,-170.000000,2.500000,-167.500000,2515.370000,1.664566,14.463876,0.079511,16.207954,,,,,,,,,,-0.500000,0.866025
2016,11,0.000000,-175.000000,2.500000,-172.500000,3160.700000,3.474547,20.201538,0.208498,23.884583,,,,,,,,,,-0.500000,0.866025
2016,11,5.000000,130.000000,7.500000,132.500000,2140.080000,11.498636,33.073997,0.040185,44.612818,29.576993,0.600085,22.427448,0.295656,132.812863,0.047572,0.007804,0.090125,197.969437,-0.500000,0.866025
2016,11,5.000000,145.000000,7.500000,147.500000,1517.670000,31.545066,28.782278,0.086317,60.413660,30.163784,0.728418,27.595643,0.127519,0.489292,0.037371,0.000000,0.081777,197.122635,-0.500000,0.866025
2016,11,5.000000,150.000000,7.500000,152.500000,2837.160000,19.328131,23.259880,0.059567,42.647577,30.306252,0.732730,31.541161,0.159289,121.625663,0.053207,0.004454,0.086503,197.110291,-0.500000,0.866025
2016,11,5.000000,155.000000,7.500000,157.500000,3922.930000,9.781209,11.880661,0.047668,21.709539,30.227397,0.748719,35.880928,0.131527,128.728482,0.050960,0.003336,0.076414,196.959381,-0.500000,0.866025
2016,11,5.000000,160.000000,7.500000,162.500000,4330.120000,19.576132,16.935789,0.135331,36.647252,30.023199,0.702904,34.092017,0.166940,0.692861,0.069375,0.001944,0.073428,197.124725,-0.500000,0.866025
2016,11,5.000000,165.000000,7.500000,167.500000,4132.480000,7.889209,6.372687,0.019117,14.281013,29.889006,0.661138,29.545377,0.195888,135.074283,0.065505,0.051841,0.080224,197.324768,-0.500000,0.866025
2016,11,5.000000,170.000000,7.500000,172.500000,1705.090000,5.097092,5.932825,0.020527,11.050443,29.640009,0.592069,26.763575,0.255389,134.491566,0.086123,0.046976,0.105231,198.649338,-0.500000,0.866025
2016,11,5.000000,175.000000,7.500000,177.500000,1832.020000,3.650615,11.504787,1.466141,16.621543,29.442917,0.584752,30.874009,0.308473,0.624418,0.113882,0.000000,0.111916,199.135315,-0.500000,0.866025
2016,11,-5.000000,120.000000,-2.500000,122.500000,15656.060000,15.605267,5.273805,0.000000,20.879072,30.085295,0.658342,11.445238,0.111864,141.170747,0.008643,0.234538,0.109969,200.086914,-0.500000,0.866025
2016,11,-5.000000,125.000000,-2.500000,127.500000,23484.090000,15.605246,5.273783,0.000000,20.879029,30.079909,0.665036,12.083393,0.214445,135.859115,0.017578,0.142724,0.105704,199.395554,-0.500000,0.866025
2016,11,-5.000000,130.000000,-2.500000,132.500000,7828.030000,15.605203,5.273741,0.000000,20.878944,30.080857,0.706679,11.875703,0.166055,140.842927,0.038599,0.254448,0.125545,198.427109,-0.500000,0.866025
2016,11,-5.000000,155.000000,-2.500000,157.500000,2840.360000,41.893985,8.630948,4.320931,54.845865,30.401997,0.757700,18.584629,0.229503,0.508277,0.022332,0.000000,0.168312,200.538773,-0.500000,0.866025
2016,11,-5.000000,-155.000000,-2.500000,-152.500000,8728.020000,3.929414,28.807335,0.408569,33.145318,,,,,,,,,,-0.500000,0.866025
2016,11,-5.000000,160.000000,-2.500000,162.500000,1387.550000,13.446723,8.599330,0.519621,22.565673,30.113046,0.733947,23.014306,0.249402,0.562587,0.029055,0.000000,0.148176,201.183121,-0.500000,0.866025
2016,11,-5.000000,-160.000000,-2.500000,-157.500000,17970.780000,4.476322,25.837498,0.303048,30.616868,,,,,,,,,,-0.500000,0.866025
2016,11,-5.000000,-165.000000,-2.500000,-162.500000,9450.610000,6.574814,25.274771,0.618055,32.467640,,,,,,,,,,-0.500000,0.866025
2016,11,-5.000000,170.000000,-2.500000,172.500000,1431.840000,3.527629,10.659711,0.545452,14.732791,29.374721,0.681357,25.859547,0.276384,129.560172,0.022744,0.014771,0.161297,202.376602,-0.500000,0.866025
2016,11,-5.000000,-170.000000,-2.500000,-167.500000,12850.470000,9.016869,14.424764,2.204511,25.646144,,,,,,,,,,-0.500000,0.866025
2016,11,-5.000000,175.000000,-2.500000,177.500000,1474.800000,10.069840,15.867236,0.159344,26.096420,28.943244,0.659303,29.321096,0.255017,91.601054,0.023764,0.002779,0.165188,201.874283,-0.500000,0.866025
2016,11,-5.000000,-180.000000,-2.500000,-177.500000,7916.750000,7.422238,18.103262,0.968200,26.493700,,,,,,,,,,-0.500000,0.866025
2016,11,10.000000,110.000000,12.500000,112.500000,15558.560000,21.990853,1.493004,0.000000,23.483857,28.373407,0.688407,17.089222,0.271167,1.363802,0.117893,0.059444,0.092282,202.762146,-0.500000,0.866025
2016,11,10.000000,115.000000,12.500000,117.500000,15558.560000,21.990853,1.493004,0.000000,23.483857,29.022707,0.750019,21.734437,0.145549,131.756455,0.037245,0.041714,0.084591,200.354706,-0.500000,0.866025
2016,11,10.000000,130.000000,12.500000,132.500000,1559.780000,8.119094,5.421277,0.007052,13.547423,29.155583,0.647319,31.539186,0.160510,0.477631,0.042570,0.000000,0.082086,198.573380,-0.500000,0.866025
2016,11,10.000000,150.000000,12.500000,152.500000,1901.450000,7.986537,2.389755,7.869258,18.245549,29.602323,0.716819,34.754692,0.125407,0.631537,0.038912,0.000000,0.080273,198.109711,-0.500000,0.866025
2016,11,10.000000,155.000000,12.500000,157.500000,1674.220000,15.863507,7.395683,2.306149,25.565338,29.275962,0.701926,36.172998,0.153387,0.724095,0.051991,0.004444,0.082118,198.568283,-0.500000,0.866025
2016,11,10.000000,160.000000,12.500000,162.500000,1435.500000,19.129920,19.614768,1.126437,39.871125,29.048192,0.654442,36.986258,0.172320,129.635168,0.042880,0.009755,0.081496,199.216492,-0.500000,0.866025
2016,11,10.000000,-165.000000,12.500000,-162.500000,1802.800000,5.686710,8.320391,0.000000,14.007100,,,,,,,,,,-0.500000,0.866025
2016,11,10.000000,170.000000,12.500000,172.500000,1765.260000,19.633368,7.747301,0.766459,28.147128,28.616879,0.633921,38.146019,0.259503,57.792234,0.098145,0.003056,0.060304,200.797150,-0.500000,0.866025
2016,11,10.000000,-170.000000,12.500000,-167.500000,4023.630000,11.736666,9.561515,0.000000,21.298181,,,,,,,,,,-0.500000,0.866025
2016,11,10.000000,175.000000,12.500000,177.500000,3592.760000,24.355649,5.072423,0.046204,29.474276,28.458864,0.608874,38.370712,0.276785,0.593539,0.116773,0.000000,0.056621,201.764297,-0.500000,0.866025
2016,11,10.000000,-175.000000,12.500000,-172.500000,3211.680000,15.417476,8.022593,0.000000,23.440069,,,,,,,,,,-0.500000,0.866025
2016,11,-10.000000,-135.000000,-7.500000,-132.500000,10492.890000,3.672296,19.447931,0.103880,23.224107,,,,,,,,,,-0.500000,0.866025
2016,11,-10.000000,-140.000000,-7.500000,-137.500000,1811.040000,4.318513,20.337486,0.110986,24.766985,,,,,,,,,,-0.500000,0.866025
2016,11,-10.000000,-150.000000,-7.500000,-147.500000,7170.870000,5.032583,18.972593,1.361341,25.366518,,,,,,,,,,-0.500000,0.866025
2016,11,-10.000000,155.000000,-7.500000,157.500000,5083.890000,24.136832,1.929428,0.772243,26.838504,30.176142,0.749713,14.842892,0.205425,135.732787,0.056384,0.129608,0.173621,198.817322,-0.500000,0.866025
2016,11,-10.000000,-155.000000,-7.500000,-152.500000,7821.540000,4.536830,20.034162,0.827842,25.398835,,,,,,,,,,-0.500000,0.866025
2016,11,-10.000000,160.000000,-7.500000,162.500000,7513.220000,15.174053,4.232273,0.077996,19.484322,30.121773,0.772336,18.776420,0.180254,132.887179,0.043474,0.076506,0.127709,197.734497,-0.500000,0.866025
2016,11,-10.000000,-160.000000,-7.500000,-157.500000,2482.730000,3.654848,27.613957,0.396741,31.665546,,,,,,,,,,-0.500000,0.866025
2016,11,-10.000000,165.000000,-7.500000,167.500000,1002.180000,9.104153,9.179988,0.440041,18.724181,30.075725,0.759130,19.217252,0.123112,0.651203,0.025110,0.000000,0.088974,197.924026,-0.500000,0.866025
2016,11,-10.000000,-165.000000,-7.500000,-162.500000,3774.290000,5.283908,21.173254,0.784253,27.241415,,,,,,,,,,-0.500000,0.866025
2016,11,-10.000000,170.000000,-7.500000,172.500000,1868.490000,6.184138,5.786491,1.976997,13.947626,30.218928,0.753540,24.290488,0.102548,0.380941,0.017629,0.000000,0.099801,198.692322,-0.500000,0.866025
2016,11,-10.000000,-170.000000,-7.500000,-167.500000,8854.420000,5.540171,6.947717,2.480230,14.968118,,,,,,,,,,-0.500000,0.866025
2016,11,-10.000000,175.000000,-7.500000,177.500000,2094.310000,12.472843,7.709460,3.401120,23.583424,30.036381,0.744835,24.551125,0.091843,0.601690,0.021912,0.000000,0.133071,199.226898,-0.500000,0.866025
2016,11,-10.000000,-175.000000,-7.500000,-172.500000,3681.330000,1.718672,5.239411,7.582314,14.540397,,,,,,,,,,-0.500000,0.866025
2016,11,-10.000000,-180.000000,-7.500000,-177.500000,20039.230000,7.249131,20.652740,2.336667,30.238537,,,,,,,,,,-0.500000,0.866025
2016,11,15.000000,110.000000,17.500000,112.500000,15558.560000,21.990853,1.493004,0.000000,23.483857,27.737710,0.656967,30.165704,0.244506,120.302414,0.086420,0.147390,0.113718,203.104324,-0.500000,0.866025
2016,11,15.000000,115.000000,17.500000,117.500000,15558.560000,21.990853,1.493004,0.000000,23.483857,28.330933,0.645527,26.371181,0.171149,130.028916,0.042385,0.100000,0.092685,201.125610,-0.500000,0.866025
2016,11,15.000000,140.000000,17.500000,142.500000,4956.080000,4.395611,0.580701,7.803546,12.779858,29.214711,0.909599,38.530934,0.128500,0.384139,0.046606,0.000000,0.078437,198.819672,-0.500000,0.866025
2016,11,15.000000,150.000000,17.500000,152.500000,3783.070000,7.720185,2.185791,6.344583,16.250558,29.116808,0.925609,44.810330,0.182308,0.845870,0.082245,0.003333,0.074131,199.640686,-0.500000,0.866025
2016,11,15.000000,155.000000,17.500000,157.500000,2284.870000,14.632342,1.977793,4.096075,20.706211,28.868065,0.916702,50.038490,0.191115,0.362124,0.091371,0.000000,0.073325,199.989273,-0.500000,0.866025
2016,11,15.000000,-155.000000,17.500000,-152.500000,4577.420000,1.540169,5.919055,0.000000,7.459224,,,,,,,,,,-0.500000,0.866025
2016,11,15.000000,-160.000000,17.500000,-157.500000,7975.680000,2.458348,6.251881,0.000000,8.710229,,,,,,,,,,-0.500000,0.866025
2016,11,15.000000,-165.000000,17.500000,-162.500000,17322.540000,3.494407,7.419755,0.000000,10.914162,,,,,,,,,,-0.500000,0.866025
2016,11,-15.000000,-135.000000,-12.500000,-132.500000,7064.490000,1.978770,21.154110,1.561472,24.694352,,,,,,,,,,-0.500000,0.866025
2016,11,-15.000000,-140.000000,-12.500000,-137.500000,1113.330000,3.993425,11.978479,14.502439,30.474343,,,,,,,,,,-0.500000,0.866025
2016,11,-15.000000,145.000000,-12.500000,147.500000,4585.140000,30.681070,1.340853,2.358489,34.380412,28.135658,0.742762,17.642391,0.160087,128.271157,0.023569,0.084813,0.100294,202.722366,-0.500000,0.866025
2016,11,-15.000000,-145.000000,-12.500000,-142.500000,2959.850000,4.469145,12.800311,12.877342,30.146798,,,,,,,,,,-0.500000,0.866025
2016,11,-15.000000,150.000000,-12.500000,152.500000,7479.020000,19.633187,4.649673,4.574129,28.856989,28.534754,0.709365,14.636564,0.140530,129.663767,0.029046,0.097685,0.103096,201.455383,-0.500000,0.866025
2016,11,-15.000000,-150.000000,-12.500000,-147.500000,1986.610000,4.370762,35.389432,3.201937,42.962131,,,,,,,,,,-0.500000,0.866025
2016,11,-15.000000,155.000000,-12.500000,157.500000,7435.410000,13.341833,3.674579,4.629469,21.645881,28.848704,0.676149,15.256161,0.169029,1.399333,0.046787,0.123889,0.094805,200.569061,-0.500000,0.866025
2016,11,-15.000000,-155.000000,-12.500000,-152.500000,1979.180000,3.092190,7.343951,11.723037,22.159177,,,,,,,,,,-0.500000,0.866025
2016,11,-15.000000,160.000000,-12.500000,162.500000,4195.630000,12.407672,4.393619,2.435629,19.236920,28.795134,0.709473,16.493809,0.162516,131.257910,0.049400,0.041046,0.082154,200.441193,-0.500000,0.866025
2016,11,-15.000000,170.000000,-12.500000,172.500000,2925.940000,3.246478,5.772846,9.697396,18.716720,29.129723,0.709287,18.000030,0.125798,0.923996,0.028692,0.030556,0.063613,199.494766,-0.500000,0.866025
2016,11,-15.000000,-170.000000,-12.500000,-167.500000,5248.220000,0.821802,1.324640,13.613949,15.760391,,,,,,,,,,-0.500000,0.866025
2016,11,-15.000000,-175.000000,-12.500000,-172.500000,13775.920000,2.176116,2.498563,10.007535,14.682214,,,,,,,,,,-0.500000,0.866025
2016,11,20.000000,130.000000,22.500000,132.500000,4449.620000,4.324189,9.603292,30.074254,44.001735,28.238680,1.176427,66.212368,0.206429,2.132701,0.108266,0.158333,0.076588,200.867889,-0.500000,0.866025
2016,11,20.000000,135.000000,22.500000,137.500000,2995.460000,7.058014,8.597010,26.616947,42.271972,28.061259,0.995100,46.145981,0.144798,1.908752,0.048083,0.162222,0.076540,200.576309,-0.500000,0.866025
2016,11,20.000000,145.000000,22.500000,147.500000,1827.770000,4.482511,1.089306,1.641344,7.213161,28.441333,0.996080,40.937615,0.153760,1.579566,0.089818,0.063056,0.074450,200.686371,-0.500000,0.866025
2016,11,20.000000,-155.000000,22.500000,-152.500000,15109.970000,1.004569,6.301667,0.000000,7.306236,,,,,,,,,,-0.500000,0.866025
2016,11,20.000000,-160.000000,22.500000,-157.500000,13428.500000,0.679153,5.814499,0.000000,6.493652,,,,,,,,,,-0.500000,0.866025
2016,11,20.000000,-165.000000,22.500000,-162.500000,4167.420000,2.163929,9.838221,0.000000,12.002150,,,,,,,,,,-0.500000,0.866025
2016,11,-20.000000,-135.000000,-17.500000,-132.500000,8750.960000,2.522923,2.573432,24.834418,29.930773,,,,,,,,,,-0.500000,0.866025
2016,11,-20.000000,-150.000000,-17.500000,-147.500000,3570.980000,2.241121,2.059379,17.247086,21.547586,,,,,,,,,,-0.500000,0.866025
2016,11,-20.000000,-155.000000,-17.500000,-152.500000,3433.070000,2.637290,1.967044,17.551929,22.156262,,,,,,,,,,-0.500000,0.866025
2016,11,-20.000000,165.000000,-17.500000,167.500000,1352.810000,3.916293,0.799817,26.689631,31.405741,27.424957,0.739898,14.498172,0.159599,126.163727,0.056501,0.202234,0.088045,205.428284,-0.500000,0.866025
2016,11,-20.000000,-165.000000,-17.500000,-162.500000,2482.580000,0.493438,0.654561,15.640986,16.788986,,,,,,,,,,-0.500000,0.866025
2016,11,-20.000000,170.000000,-17.500000,172.500000,17864.440000,1.590590,1.039999,29.456955,32.087544,27.589151,0.773226,15.616619,0.157484,1.531978,0.041852,0.167778,0.068587,205.138794,-0.500000,0.866025
2016,11,-20.000000,-170.000000,-17.500000,-167.500000,3059.020000,1.597244,0.888847,17.017215,19.503305,,,,,,,,,,-0.500000,0.866025
2016,11,-20.000000,175.000000,-17.500000,177.500000,9004.340000,5.178614,1.239069,8.834184,15.251867,27.655001,0.772645,14.502656,0.106854,127.361304,0.022622,0.219090,0.084268,204.991043,-0.500000,0.866025
2016,11,-20.000000,-175.000000,-17.500000,-172.500000,4722.830000,3.182626,1.044713,16.467457,20.694795,,,,,,,,,,-0.500000,0.866025
2016,11,-20.000000,-180.000000,-17.500000,-177.500000,3900.490000,8.566616,2.101018,12.657640,23.325275,,,,,,,,,,-0.500000,0.866025
2016,11,25.000000,130.000000,27.500000,132.500000,4159.200000,1.702250,11.435613,18.410992,31.548856,26.405863,1.112568,59.894083,0.179903,53.121714,0.108429,0.339817,0.108602,206.406677,-0.500000,0.866025
2016,11,25.000000,135.000000,27.500000,137.500000,3389.590000,0.937282,4.435050,11.854236,17.226567,26.224452,1.061924,52.056950,0.138735,2.061131,0.057687,0.243056,0.080262,207.562714,-0.500000,0.866025
2016,11,25.000000,145.000000,27.500000,147.500000,9415.050000,0.580347,1.620066,1.763984,3.964397,26.119262,0.942167,38.524618,0.134226,3.119525,0.073532,0.382500,0.065599,208.937439,-0.500000,0.866025
2016,11,25.000000,150.000000,27.500000,152.500000,2680.360000,0.835709,1.897879,0.306302,3.039890,26.804176,1.004699,40.042830,0.134814,2.410065,0.057903,0.346389,0.063949,207.333786,-0.500000,0.866025
2016,11,25.000000,155.000000,27.500000,157.500000,1283.510000,1.091538,3.728058,0.599138,5.418735,26.588342,0.936859,37.917385,0.120381,3.476675,0.079838,0.321389,0.063973,207.233444,-0.500000,0.866025
2016,11,25.000000,-155.000000,27.500000,-152.500000,2800.330000,1.836926,5.066903,0.000000,6.903829,,,,,,,,,,-0.500000,0.866025
2016,11,25.000000,-160.000000,27.500000,-157.500000,6785.780000,1.039379,6.190887,0.000000,7.230267,,,,,,,,,,-0.500000,0.866025
2016,11,25.000000,-165.000000,27.500000,-162.500000,1617.290000,0.619555,11.748048,0.000000,12.367603,,,,,,,,,,-0.500000,0.866025
2016,11,25.000000,170.000000,27.500000,172.500000,2368.680000,0.544185,4.279177,0.000000,4.823362,26.787188,0.862363,41.276710,0.123317,3.946674,0.058498,0.215000,0.066813,207.000275,-0.500000,0.866025
2016,11,-25.000000,-145.000000,-22.500000,-142.500000,1000.130000,2.206713,1.829762,33.811604,37.848080,,,,,,,,,,-0.500000,0.866025
2016,11,-25.000000,-150.000000,-22.500000,-147.500000,3515.200000,8.472064,1.638598,24.203459,34.314122,,,,,,,,,,-0.500000,0.866025
2016,11,-25.000000,155.000000,-22.500000,157.500000,1686.720000,4.429307,0.602352,53.729131,58.760790,24.923304,0.664465,17.340772,0.189367,51.050909,0.059970,0.279800,0.086424,213.126617,-0.500000,0.866025
2016,11,-25.000000,160.000000,-22.500000,162.500000,1542.990000,3.214538,0.339600,61.300462,64.854600,24.587817,0.643183,15.743789,0.194238,119.561207,0.080074,0.459049,0.073156,214.675476,-0.500000,0.866025
2016,11,-25.000000,170.000000,-22.500000,172.500000,7248.960000,3.592653,0.984969,44.202755,48.780377,24.833145,0.725241,18.365277,0.200967,2.787843,0.097136,0.341944,0.073884,214.916870,-0.500000,0.866025
2016,11,-25.000000,175.000000,-22.500000,177.500000,13363.160000,5.681890,1.467467,22.491237,29.640594,24.763913,0.667599,16.568203,0.182565,3.409143,0.078022,0.271944,0.074650,215.115158,-0.500000,0.866025
2016,11,-25.000000,-180.000000,-22.500000,-177.500000,4248.350000,8.882743,1.432085,17.668977,27.983805,,,,,,,,,,-0.500000,0.866025
2016,11,30.000000,130.000000,32.500000,132.500000,1227.360000,7.091644,9.975883,3.356798,20.424325,23.773542,0.809287,51.572873,0.327180,114.720174,0.335132,0.618882,0.380655,212.691650,-0.500000,0.866025
2016,11,30.000000,135.000000,32.500000,137.500000,1154.520000,0.594186,7.242837,23.938087,31.775110,23.910533,0.991071,56.084421,0.385035,108.168257,0.428098,0.472544,0.293362,211.290588,-0.500000,0.866025
2016,11,30.000000,140.000000,32.500000,142.500000,4750.440000,0.388175,13.597267,4.682935,18.668376,24.403909,1.053841,64.431910,0.235466,36.025061,0.208772,0.233056,0.179261,214.285904,-0.500000,0.866025
2016,11,30.000000,145.000000,32.500000,147.500000,7435.870000,0.301108,7.471083,8.387452,16.159642,23.915137,1.088332,65.566859,0.256491,2.083481,0.158390,0.132778,0.136023,219.105270,-0.500000,0.866025
2016,11,30.000000,150.000000,32.500000,152.500000,7423.970000,0.421069,11.006510,16.219085,27.646663,24.220582,1.178578,61.407016,0.207312,2.220040,0.133809,0.343611,0.130351,220.755814,-0.500000,0.866025
2016,11,30.000000,155.000000,32.500000,157.500000,9187.670000,0.437108,15.968902,11.800816,28.206825,23.435230,0.867248,50.224907,0.338161,3.470155,0.228572,0.499167,0.094119,220.497864,-0.500000,0.866025
2016,11,30.000000,-155.000000,32.500000,-152.500000,1840.680000,10.550992,5.289893,74.190517,90.031401,,,,,,,,,,-0.500000,0.866025
2016,11,30.000000,160.000000,32.500000,162.500000,2703.540000,0.542622,19.135652,10.009839,29.688113,23.553377,0.824294,42.938570,0.260475,3.748263,0.251729,0.440833,0.069510,219.189392,-0.500000,0.866025
2016,11,30.000000,-160.000000,32.500000,-157.500000,1479.040000,13.980014,2.976255,65.694640,82.650909,,,,,,,,,,-0.500000,0.866025
2016,11,30.000000,-165.000000,32.500000,-162.500000,4150.840000,9.606248,0.114194,35.966455,45.686897,,,,,,,,,,-0.500000,0.866025
2016,11,30.000000,170.000000,32.500000,172.500000,3647.850000,3.842812,12.050934,7.433694,23.327439,23.667814,0.754983,43.931269,0.254280,6.475611,0.166783,0.351389,0.071395,219.587524,-0.500000,0.866025
2016,11,30.000000,-170.000000,32.500000,-167.500000,3220.770000,9.891734,0.493360,68.892842,79.277937,,,,,,,,,,-0.500000,0.866025
2016,11,30.000000,-175.000000,32.500000,-172.500000,2422.670000,6.339287,6.158907,44.178118,56.676312,,,,,,,,,,-0.500000,0.866025
2016,11,-30.000000,155.000000,-27.500000,157.500000,1856.370000,2.073940,1.467919,2.168749,5.710607,22.932261,0.623154,17.238974,0.280214,4.540213,0.154291,0.452500,0.105570,221.890366,-0.500000,0.866025
2016,11,-30.000000,160.000000,-27.500000,162.500000,2020.240000,1.262721,1.072150,8.769255,11.104126,22.268095,0.567524,20.929086,0.216819,2.513208,0.076740,0.281111,0.071291,224.334778,-0.500000,0.866025
2016,11,35.000000,140.000000,37.500000,142.500000,3621.100000,0.109083,11.783988,2.722929,14.616001,19.488752,0.406498,54.755846,0.367917,97.495890,0.363006,0.746004,0.392419,216.772675,-0.500000,0.866025
2016,11,35.000000,145.000000,37.500000,147.500000,4559.650000,0.131589,21.164344,8.079348,29.375281,19.501755,0.398289,62.135222,0.518966,14.369048,0.311435,0.840833,0.365279,224.648087,-0.500000,0.866025
2016,11,35.000000,150.000000,37.500000,152.500000,6021.560000,0.275842,12.458399,2.854078,15.588319,19.647419,0.361796,59.210362,0.317317,6.788432,0.265152,0.690000,0.361390,230.173187,-0.500000,0.866025
2016,11,35.000000,155.000000,37.500000,157.500000,6246.900000,0.306712,12.255839,2.910724,15.473275,19.388631,0.469461,57.361364,0.286745,10.986859,0.216957,0.809444,0.351237,235.992401,-0.500000,0.866025
2016,11,35.000000,160.000000,37.500000,162.500000,2824.570000,0.639035,25.606730,6.636762,32.882527,18.929544,0.368066,49.887762,0.208544,6.166574,0.132547,0.671944,0.303571,238.479126,-0.500000,0.866025
2016,11,35.000000,175.000000,37.500000,177.500000,4619.130000,2.434658,9.982616,20.993564,33.410837,18.499240,0.400796,45.859615,0.208161,6.379696,0.143039,0.651944,0.205269,244.898773,-0.500000,0.866025
2016,11,35.000000,-180.000000,37.500000,-177.500000,1162.680000,3.706093,0.000000,27.063336,30.769429,,,,,,,,,,-0.500000,0.866025
2016,11,-35.000000,160.000000,-32.500000,162.500000,2338.570000,0.472939,0.971961,16.161158,17.606058,20.010824,0.436007,21.199005,0.176548,3.651055,0.092171,0.480000,0.294342,234.099518,-0.500000,0.866025
2016,11,-35.000000,165.000000,-32.500000,167.500000,1114.900000,0.360570,1.209974,17.734326,19.304870,19.204573,0.409105,23.164143,0.183407,3.745672,0.109910,0.411111,0.281527,238.810974,-0.500000,0.866025
2016,11,40.000000,150.000000,42.500000,152.500000,1193.200000,0.000000,0.000000,0.000000,0.000000,10.883800,-0.007606,50.950103,0.160351,12.161136,0.152100,0.833611,0.410956,251.737213,-0.500000,0.866025
2016,11,40.000000,155.000000,42.500000,157.500000,1227.200000,0.000000,0.000000,0.000000,0.000000,11.485671,0.033407,58.223088,0.149279,10.037129,0.147217,0.830556,0.413034,259.039795,-0.500000,0.866025
2016,12,0.000000,120.000000,2.500000,122.500000,11060.510000,16.566867,5.598747,0.000000,22.165614,29.639905,0.657264,12.749198,0.357875,135.056930,0.033827,0.072936,0.101936,200.156723,-0.000000,1.000000
2016,12,0.000000,125.000000,2.500000,127.500000,14747.340000,16.566852,5.598772,0.000000,22.165624,29.712337,0.637808,15.175943,0.300378,137.661345,0.041068,0.124319,0.097117,198.547958,-0.000000,1.000000
2016,12,0.000000,130.000000,2.500000,132.500000,5519.460000,37.619441,15.916593,0.174474,53.710508,29.860668,0.682993,18.322893,0.175899,119.983537,0.015729,0.005279,0.090916,197.993454,-0.000000,1.000000
2016,12,0.000000,140.000000,2.500000,142.500000,6215.190000,14.133598,5.841495,0.040224,20.015317,30.197055,0.728022,21.138986,0.174403,0.361048,0.015485,0.000000,0.063941,196.141312,-0.000000,1.000000
2016,12,0.000000,145.000000,2.500000,147.500000,10767.710000,17.036677,16.878148,0.239698,34.154523,30.313974,0.735409,19.171050,0.114670,0.429271,0.005940,0.000000,0.068400,196.415802,-0.000000,1.000000
2016,12,0.000000,150.000000,2.500000,152.500000,1312.980000,5.626895,9.291840,0.669469,15.588204,30.367437,0.738041,21.041708,0.174335,0.385292,0.006525,0.000000,0.103370,198.171753,-0.000000,1.000000
2016,12,0.000000,155.000000,2.500000,157.500000,4314.170000,11.653226,7.632754,0.838632,20.124613,30.284477,0.750237,27.791216,0.173847,0.359309,0.010081,0.000000,0.122215,199.745041,-0.000000,1.000000
2016,12,0.000000,160.000000,2.500000,162.500000,5482.030000,20.144910,7.856579,2.702101,30.703590,29.820614,0.732832,21.645296,0.201981,0.641181,0.010675,0.000000,0.153266,200.792480,-0.000000,1.000000
2016,12,0.000000,-160.000000,2.500000,-157.500000,1286.140000,2.488065,24.324724,0.024103,26.836892,,,,,,,,,,-0.000000,1.000000
2016,12,0.000000,165.000000,2.500000,167.500000,2490.650000,6.490274,9.976512,1.553008,18.019794,29.568644,0.709708,19.437187,0.204842,93.643933,0.012761,0.002779,0.172581,202.004547,-0.000000,1.000000
2016,12,0.000000,-165.000000,2.500000,-162.500000,1537.490000,15.849209,17.137672,0.012358,32.999239,,,,,,,,,,-0.000000,1.000000
2016,12,0.000000,170.000000,2.500000,172.500000,6370.300000,6.186051,18.464750,4.872141,29.522942,29.076222,0.698129,18.667355,0.287482,129.642747,0.017783,0.020095,0.215251,203.728043,-0.000000,1.000000
2016,12,0.000000,-170.000000,2.500000,-167.500000,5812.940000,8.512732,18.175656,0.273700,26.962088,,,,,,,,,,-0.000000,1.000000
2016,12,0.000000,175.000000,2.500000,177.500000,12686.180000,9.320773,23.323885,0.132191,32.776849,28.594167,0.677371,19.013032,0.262731,0.796141,0.019677,0.007778,0.159255,203.861130,-0.000000,1.000000
2016,12,0.000000,-175.000000,2.500000,-172.500000,7524.730000,4.375838,27.776943,0.101266,32.254048,,,,,,,,,,-0.000000,1.000000
2016,12,0.000000,-180.000000,2.500000,-177.500000,1573.520000,4.428288,18.986730,0.575144,23.990162,,,,,,,,,,-0.000000,1.000000
2016,12,5.000000,130.000000,7.500000,132.500000,1180.920000,15.984995,21.543373,0.011855,37.540223,29.552553,0.596333,22.131789,0.289479,132.013675,0.040717,0.007804,0.091305,198.270004,-0.000000,1.000000
2016,12,5.000000,145.000000,7.500000,147.500000,2650.200000,30.701834,36.362916,0.057731,67.122481,29.552459,0.676049,37.899116,0.141015,0.587338,0.023433,0.000000,0.077783,196.855164,-0.000000,1.000000
2016,12,5.000000,150.000000,7.500000,152.500000,3084.430000,15.050431,15.857711,0.066463,30.974605,29.672077,0.691672,45.723433,0.144187,118.627054,0.041893,0.004733,0.093562,197.333023,-0.000000,1.000000
2016,12,5.000000,155.000000,7.500000,157.500000,4205.280000,9.156584,12.950624,0.044943,22.152152,29.559865,0.658086,47.336060,0.129210,125.813647,0.056071,0.003336,0.093865,197.554504,-0.000000,1.000000
2016,12,5.000000,160.000000,7.500000,162.500000,3771.970000,17.000665,19.088434,0.083246,36.172345,29.372352,0.626552,47.546908,0.142921,0.656481,0.050340,0.000000,0.088702,197.859772,-0.000000,1.000000
2016,12,5.000000,165.000000,7.500000,167.500000,4987.570000,13.239313,7.910064,0.016842,21.166219,29.236246,0.582511,44.354160,0.171358,131.960542,0.057573,0.075921,0.111144,198.462952,-0.000000,1.000000
2016,12,5.000000,175.000000,7.500000,177.500000,6014.000000,23.112072,6.195377,0.000000,29.307449,28.847017,0.526727,39.635916,0.242108,0.800709,0.090978,0.015833,0.134680,199.780090,-0.000000,1.000000
2016,12,-5.000000,120.000000,-2.500000,122.500000,14747.340000,16.566852,5.598772,0.000000,22.165624,30.155344,0.667287,12.777267,0.123879,139.692865,0.022664,0.217671,0.108015,199.858978,-0.000000,1.000000
2016,12,-5.000000,125.000000,-2.500000,127.500000,22121.020000,16.566822,5.598747,0.000000,22.165569,30.026258,0.661360,15.918663,0.187599,135.649805,0.011476,0.135604,0.099989,198.596664,-0.000000,1.000000
2016,12,-5.000000,130.000000,-2.500000,132.500000,7373.670000,16.566784,5.598705,0.000000,22.165489,30.094866,0.686714,16.793325,0.150083,138.219177,0.012987,0.225900,0.125274,197.919128,-0.000000,1.000000
2016,12,-5.000000,150.000000,-2.500000,152.500000,1797.820000,30.599838,4.106084,2.861799,37.567721,30.419017,0.731298,17.176387,0.151406,136.275115,0.010640,0.079109,0.166165,199.547089,-0.000000,1.000000
2016,12,-5.000000,155.000000,-2.500000,157.500000,3906.800000,21.333316,5.564145,3.689720,30.587181,30.559861,0.747271,18.245153,0.103439,0.339579,0.007211,0.000000,0.156778,199.842545,-0.000000,1.000000
2016,12,-5.000000,-155.000000,-2.500000,-152.500000,12834.310000,2.743116,18.497449,0.072384,21.312949,,,,,,,,,,-0.000000,1.000000
2016,12,-5.000000,160.000000,-2.500000,162.500000,7494.010000,24.793402,7.261666,1.390044,33.445111,30.479178,0.739287,19.500905,0.117750,0.507720,0.011238,0.000000,0.142378,200.877228,-0.000000,1.000000
2016,12,-5.000000,-160.000000,-2.500000,-157.500000,14614.380000,6.736584,30.661102,0.038592,37.436279,,,,,,,,,,-0.000000,1.000000
2016,12,-5.000000,-165.000000,-2.500000,-162.500000,10406.640000,7.136790,29.124578,0.172390,36.433758,,,,,,,,,,-0.000000,1.000000
2016,12,-5.000000,170.000000,-2.500000,172.500000,1828.230000,4.323307,17.355037,10.155177,31.833522,29.902010,0.696224,17.955865,0.134050,131.975575,0.017771,0.010312,0.151377,203.224274,-0.000000,1.000000
2016,12,-5.000000,-170.000000,-2.500000,-167.500000,24935.860000,8.085504,24.586720,0.121792,32.794016,,,,,,,,,,-0.000000,1.000000
2016,12,-5.000000,175.000000,-2.500000,177.500000,4951.260000,7.376102,17.855657,0.122999,25.354758,29.385448,0.667087,21.567715,0.110152,93.508259,0.011777,0.001668,0.155519,203.077301,-0.000000,1.000000
2016,12,-5.000000,-180.000000,-2.500000,-177.500000,3356.650000,6.134688,30.953480,0.436745,37.524913,,,,,,,,,,-0.000000,1.000000
2016,12,10.000000,110.000000,12.500000,112.500000,14843.580000,23.050100,1.564919,0.000000,24.615019,27.800441,0.691225,23.958176,0.210008,1.805779,0.081561,0.078333,0.087209,203.943542,-0.000000,1.000000
2016,12,10.000000,115.000000,12.500000,117.500000,14843.580000,23.050100,1.564919,0.000000,24.615019,28.719407,0.777659,25.245624,0.175216,129.803532,0.039574,0.036606,0.085465,200.878525,-0.000000,1.000000
2016,12,10.000000,130.000000,12.500000,132.500000,1514.370000,7.562221,9.376837,0.516386,17.455444,28.955853,0.685756,37.971343,0.193063,0.354279,0.053512,0.000000,0.081659,199.028961,-0.000000,1.000000
2016,12,10.000000,140.000000,12.500000,142.500000,2114.980000,10.991120,2.071414,19.255501,32.318036,29.092272,0.760158,47.897079,0.182856,91.463566,0.043117,0.004174,0.077975,198.292267,-0.000000,1.000000
2016,12,10.000000,150.000000,12.500000,152.500000,1115.790000,8.642307,3.246131,2.454763,14.343201,28.791663,0.729204,54.403527,0.201734,0.565720,0.055220,0.000000,0.077714,199.357864,-0.000000,1.000000
2016,12,10.000000,155.000000,12.500000,157.500000,1970.390000,14.321530,12.056496,12.331061,38.709088,28.475560,0.680580,51.407796,0.202311,0.592344,0.050549,0.000000,0.079404,200.215775,-0.000000,1.000000
2016,12,10.000000,160.000000,12.500000,162.500000,1921.490000,13.532207,15.193938,0.784808,29.510952,28.283763,0.671044,52.313644,0.228154,126.476529,0.066335,0.005574,0.075105,201.297516,-0.000000,1.000000
2016,12,10.000000,-165.000000,12.500000,-162.500000,1918.040000,8.465934,10.226064,0.005214,18.697212,,,,,,,,,,-0.000000,1.000000
2016,12,10.000000,-170.000000,12.500000,-167.500000,6194.960000,9.670442,10.351964,0.015496,20.037902,,,,,,,,,,-0.000000,1.000000
2016,12,10.000000,175.000000,12.500000,177.500000,1763.880000,17.834547,6.904098,0.374742,25.113386,27.754183,0.587612,51.871932,0.280117,0.751631,0.104056,0.005000,0.058925,203.851013,-0.000000,1.000000
2016,12,10.000000,-175.000000,12.500000,-172.500000,2515.200000,27.222487,5.781250,0.086275,33.090013,,,,,,,,,,-0.000000,1.000000
2016,12,-10.000000,-135.000000,-7.500000,-132.500000,3960.000000,3.876768,32.149747,0.033333,36.059848,,,,,,,,,,-0.000000,1.000000
2016,12,-10.000000,-140.000000,-7.500000,-137.500000,2741.200000,4.262367,33.907413,0.016051,38.185831,,,,,,,,,,-0.000000,1.000000
2016,12,-10.000000,150.000000,-7.500000,152.500000,1318.930000,27.049957,3.837960,0.238830,31.126747,29.861325,0.658679,12.775268,0.268860,136.575096,0.048299,0.147526,0.130456,198.947693,-0.000000,1.000000
2016,12,-10.000000,155.000000,-7.500000,157.500000,8004.090000,28.644980,1.883162,0.151672,30.679815,30.129513,0.731570,14.210204,0.158293,137.171093,0.029767,0.121879,0.140154,198.132904,-0.000000,1.000000
2016,12,-10.000000,-155.000000,-7.500000,-152.500000,1946.620000,3.674574,15.755515,0.756696,20.186785,,,,,,,,,,-0.000000,1.000000
2016,12,-10.000000,160.000000,-7.500000,162.500000,4030.970000,25.006140,2.856633,0.383531,28.246303,30.126948,0.761516,15.782679,0.181575,133.885900,0.039625,0.031973,0.110492,197.223877,-0.000000,1.000000
2016,12,-10.000000,-165.000000,-7.500000,-162.500000,3769.250000,9.342177,4.956424,1.214035,15.512635,,,,,,,,,,-0.000000,1.000000
2016,12,-10.000000,170.000000,-7.500000,172.500000,1428.290000,4.677621,5.932269,2.997290,13.607181,30.273239,0.777425,18.080353,0.091117,0.262166,0.028304,0.000000,0.097062,198.248901,-0.000000,1.000000
2016,12,-10.000000,-170.000000,-7.500000,-167.500000,10519.530000,6.395723,10.814837,2.016630,19.227190,,,,,,,,,,-0.000000,1.000000
2016,12,-10.000000,-175.000000,-7.500000,-172.500000,2794.200000,1.016033,3.068141,6.228259,10.312433,,,,,,,,,,-0.000000,1.000000
2016,12,-10.000000,-180.000000,-7.500000,-177.500000,4442.830000,3.216643,12.368918,1.483064,17.068625,,,,,,,,,,-0.000000,1.000000
2016,12,15.000000,110.000000,17.500000,112.500000,14843.580000,23.050100,1.564919,0.000000,24.615019,26.402523,0.667008,46.535624,0.293791,109.854137,0.124869,0.212576,0.158119,207.103302,-0.000000,1.000000
2016,12,15.000000,115.000000,17.500000,117.500000,14843.580000,23.050100,1.564919,0.000000,24.615019,27.032522,0.586040,30.539678,0.261759,127.109379,0.081963,0.214763,0.096121,204.262543,-0.000000,1.000000
2016,12,15.000000,130.000000,17.500000,132.500000,5067.800000,3.856506,1.467501,16.273334,21.597340,28.173895,0.923681,55.569292,0.211739,1.526598,0.066720,0.021389,0.081040,200.759552,-0.000000,1.000000
2016,12,15.000000,135.000000,17.500000,137.500000,4081.330000,5.440138,1.756780,11.874070,19.070989,28.454229,0.927196,51.936699,0.160652,1.759590,0.052627,0.017500,0.076546,200.286957,-0.000000,1.000000
2016,12,15.000000,140.000000,17.500000,142.500000,5969.930000,7.637778,3.809592,15.457300,26.904671,28.604072,0.920824,53.150488,0.169884,1.322062,0.051758,0.017500,0.075251,200.397644,-0.000000,1.000000
2016,12,15.000000,150.000000,17.500000,152.500000,1900.580000,4.622273,2.411369,2.343495,9.377138,28.302736,0.925172,62.140775,0.169589,0.671891,0.070458,0.000000,0.070343,201.739197,-0.000000,1.000000
2016,12,15.000000,155.000000,17.500000,157.500000,1722.880000,9.452777,2.984538,4.234770,16.672084,27.957916,0.904760,63.877956,0.190574,0.640277,0.069656,0.000000,0.071953,202.335861,-0.000000,1.000000
2016,12,15.000000,-155.000000,17.500000,-152.500000,1139.540000,3.517209,5.265282,0.000000,8.782491,,,,,,,,,,-0.000000,1.000000
2016,12,15.000000,160.000000,17.500000,162.500000,1235.130000,9.847546,1.007181,2.175480,13.030207,27.616037,0.868131,60.530669,0.168230,0.695738,0.042547,0.000556,0.066009,202.866226,-0.000000,1.000000
2016,12,15.000000,-160.000000,17.500000,-157.500000,16089.000000,4.456834,6.429797,0.000746,10.887376,,,,,,,,,,-0.000000,1.000000
2016,12,15.000000,-165.000000,17.500000,-162.500000,20743.880000,6.650974,7.866224,0.004146,14.521343,,,,,,,,,,-0.000000,1.000000
2016,12,15.000000,-170.000000,17.500000,-167.500000,1167.390000,10.933792,9.436435,0.431732,20.801960,,,,,,,,,,-0.000000,1.000000
2016,12,15.000000,175.000000,17.500000,177.500000,1015.900000,43.260163,11.888965,3.936411,59.085540,27.268548,0.829470,64.138762,0.157438,1.029301,0.045035,0.020833,0.054272,204.215134,-0.000000,1.000000
2016,12,15.000000,-180.000000,17.500000,-177.500000,1496.700000,18.917619,7.191154,56.688047,82.796820,,,,,,,,,,-0.000000,1.000000
2016,12,-15.000000,-135.000000,-12.500000,-132.500000,8666.030000,1.878484,34.651507,12.914333,49.444325,,,,,,,,,,-0.000000,1.000000
2016,12,-15.000000,145.000000,-12.500000,147.500000,2535.850000,25.557111,0.858884,1.285171,27.701165,28.601276,0.709421,17.905440,0.127570,129.867122,0.031103,0.068752,0.100521,200.790878,-0.000000,1.000000
2016,12,-15.000000,-145.000000,-12.500000,-142.500000,2144.470000,7.325819,3.272603,10.957952,21.556375,,,,,,,,,,-0.000000,1.000000
2016,12,-15.000000,150.000000,-12.500000,152.500000,5466.830000,31.246079,2.245360,1.057834,34.549273,28.848723,0.686347,15.524591,0.117720,130.400976,0.019827,0.064935,0.100794,200.078705,-0.000000,1.000000
2016,12,-15.000000,155.000000,-12.500000,157.500000,3077.260000,30.312031,2.448932,0.737669,33.498632,29.144275,0.676394,17.187644,0.190568,0.875180,0.042414,0.020556,0.093150,199.413422,-0.000000,1.000000
2016,12,-15.000000,170.000000,-12.500000,172.500000,3203.390000,3.495672,2.662804,6.151608,12.310084,29.689170,0.724722,16.983594,0.127154,0.912627,0.042723,0.011111,0.061002,198.194412,-0.000000,1.000000
2016,12,-15.000000,-170.000000,-12.500000,-167.500000,1647.240000,1.421165,0.777664,12.119667,14.318496,,,,,,,,,,-0.000000,1.000000
2016,12,-15.000000,-175.000000,-12.500000,-172.500000,6574.950000,1.260694,1.931726,9.401440,12.593860,,,,,,,,,,-0.000000,1.000000
2016,12,20.000000,125.000000,22.500000,127.500000,1496.550000,3.897631,11.171027,30.001002,45.069660,26.673954,1.160747,83.869330,0.210841,81.877244,0.106111,0.095053,0.093778,206.811691,-0.000000,1.000000
2016,12,20.000000,130.000000,22.500000,132.500000,3021.510000,5.388034,6.766815,32.839210,44.994059,26.298539,1.043225,72.475487,0.149728,2.216485,0.085173,0.215556,0.092764,205.583359,-0.000000,1.000000
2016,12,20.000000,135.000000,22.500000,137.500000,4516.640000,6.361366,5.384091,24.890405,36.635862,26.643536,0.987197,57.759461,0.137383,2.516114,0.046045,0.311111,0.081785,204.881500,-0.000000,1.000000
2016,12,20.000000,140.000000,22.500000,142.500000,2753.710000,8.881473,2.180694,9.229730,20.291897,27.171723,1.010568,57.107562,0.166800,50.556689,0.100886,0.270353,0.071942,204.302109,-0.000000,1.000000
2016,12,20.000000,145.000000,22.500000,147.500000,2766.320000,15.473987,4.433688,20.245308,40.152983,27.477163,0.977078,53.299816,0.151444,1.871685,0.058183,0.176111,0.072727,203.032867,-0.000000,1.000000
2016,12,20.000000,150.000000,22.500000,152.500000,1960.710000,9.044683,7.514115,20.941904,37.500701,27.413601,0.945847,50.632668,0.142968,2.196298,0.053149,0.193889,0.067115,203.510696,-0.000000,1.000000
2016,12,20.000000,-155.000000,22.500000,-152.500000,4772.560000,1.793377,8.267261,0.000000,10.060638,,,,,,,,,,-0.000000,1.000000
2016,12,20.000000,-160.000000,22.500000,-157.500000,5420.950000,1.484980,6.002269,0.000000,7.487249,,,,,,,,,,-0.000000,1.000000
2016,12,20.000000,-165.000000,22.500000,-162.500000,4591.370000,4.222487,9.947576,0.000000,14.170063,,,,,,,,,,-0.000000,1.000000
2016,12,20.000000,-180.000000,22.500000,-177.500000,1086.100000,16.873216,10.126139,40.036829,67.036185,,,,,,,,,,-0.000000,1.000000
2016,12,-20.000000,-135.000000,-17.500000,-132.500000,10933.570000,2.363638,2.920638,32.272167,37.556443,,,,,,,,,,-0.000000,1.000000
2016,12,-20.000000,-150.000000,-17.500000,-147.500000,3006.540000,2.422053,1.087962,12.172131,15.682146,,,,,,,,,,-0.000000,1.000000
2016,12,-20.000000,-155.000000,-17.500000,-152.500000,4625.780000,1.853093,0.995292,15.129989,17.978373,,,,,,,,,,-0.000000,1.000000
2016,12,-20.000000,165.000000,-17.500000,167.500000,1303.860000,4.120841,3.498842,20.123326,27.743009,27.738512,0.735964,19.053569,0.136617,128.096309,0.038033,0.154683,0.084764,202.784622,-0.000000,1.000000
2016,12,-20.000000,170.000000,-17.500000,172.500000,22440.540000,2.587371,0.843785,32.057606,35.488763,28.044606,0.733442,18.552923,0.149219,1.403657,0.037778,0.066111,0.073631,202.733475,-0.000000,1.000000
2016,12,-20.000000,-170.000000,-17.500000,-167.500000,4701.580000,2.460662,0.692746,20.886808,24.040216,,,,,,,,,,-0.000000,1.000000
2016,12,-20.000000,175.000000,-17.500000,177.500000,9145.920000,9.754185,1.755756,14.708635,26.218576,28.397217,0.731930,14.834864,0.122093,131.917981,0.028886,0.207048,0.090051,202.188461,-0.000000,1.000000
2016,12,-20.000000,-175.000000,-17.500000,-172.500000,3359.760000,5.633140,0.790830,36.773162,43.197133,,,,,,,,,,-0.000000,1.000000
2016,12,-20.000000,-180.000000,-17.500000,-177.500000,4522.320000,11.433954,2.479480,18.605937,32.519371,,,,,,,,,,-0.000000,1.000000
2016,12,25.000000,130.000000,27.500000,132.500000,7451.250000,0.725650,5.405939,28.859319,34.990908,24.227471,1.043834,82.579962,0.181968,50.817029,0.087315,0.379828,0.143654,213.900299,-0.000000,1.000000
2016,12,25.000000,135.000000,27.500000,137.500000,7541.170000,0.931553,6.185778,20.416461,27.533791,23.998921,1.029767,74.105303,0.119988,3.069336,0.054916,0.269167,0.154965,214.869202,-0.000000,1.000000
2016,12,25.000000,140.000000,27.500000,142.500000,1686.400000,1.525735,5.875237,28.676471,36.077443,23.964545,0.955840,62.811446,0.101717,48.178338,0.066004,0.272020,0.069386,215.475143,-0.000000,1.000000
2016,12,25.000000,145.000000,27.500000,147.500000,4880.910000,1.308363,1.629614,2.997597,5.935573,24.687932,0.983905,59.749607,0.126466,7.517052,0.061004,0.443056,0.062031,214.021973,-0.000000,1.000000
2016,12,25.000000,-155.000000,27.500000,-152.500000,1443.830000,0.836664,8.676922,0.016622,9.530208,,,,,,,,,,-0.000000,1.000000
2016,12,25.000000,-160.000000,27.500000,-157.500000,18374.170000,1.569105,9.632490,0.011973,11.213568,,,,,,,,,,-0.000000,1.000000
2016,12,25.000000,-165.000000,27.500000,-162.500000,9853.290000,2.597102,15.622904,0.333290,18.553295,,,,,,,,,,-0.000000,1.000000
2016,12,-25.000000,-145.000000,-22.500000,-142.500000,2382.750000,2.390095,1.324100,29.911237,33.625433,,,,,,,,,,-0.000000,1.000000
2016,12,-25.000000,-150.000000,-22.500000,-147.500000,2617.560000,5.944467,1.504072,21.622427,29.070967,,,,,,,,,,-0.000000,1.000000
2016,12,-25.000000,160.000000,-22.500000,162.500000,3119.700000,1.963650,0.133987,54.456839,56.554476,25.368494,0.662696,18.583351,0.171786,120.156144,0.062762,0.307909,0.077273,211.001755,-0.000000,1.000000
2016,12,-25.000000,165.000000,-22.500000,167.500000,1101.510000,7.920945,0.776207,27.755536,36.452688,25.510586,0.721786,22.324839,0.189624,120.142846,0.068463,0.314021,0.080508,210.884018,-0.000000,1.000000
2016,12,-25.000000,170.000000,-22.500000,172.500000,6118.360000,2.609523,0.662596,44.802856,48.074974,25.424455,0.728247,22.907661,0.208941,2.292719,0.080457,0.314167,0.081384,211.050415,-0.000000,1.000000
2016,12,-25.000000,175.000000,-22.500000,177.500000,9967.710000,6.537309,1.180311,26.242337,33.959957,25.588603,0.678513,20.159257,0.155705,1.857525,0.065841,0.230000,0.082051,211.015884,-0.000000,1.000000
2016,12,-25.000000,-175.000000,-22.500000,-172.500000,1776.100000,8.462361,0.630595,18.270368,27.363324,,,,,,,,,,-0.000000,1.000000
2016,12,-25.000000,-180.000000,-22.500000,-177.500000,6489.780000,5.518215,1.058588,26.421697,32.998499,,,,,,,,,,-0.000000,1.000000
2016,12,30.000000,130.000000,32.500000,132.500000,4854.450000,1.269763,5.347053,23.700934,30.317750,21.333483,0.765265,62.875365,0.420227,103.666148,0.403427,0.778420,0.552184,218.617218,-0.000000,1.000000
2016,12,30.000000,135.000000,32.500000,137.500000,8651.940000,1.190484,6.831185,22.272461,30.294131,22.053156,0.945684,77.015296,0.387199,94.056975,0.411147,0.589384,0.493756,216.589478,-0.000000,1.000000
2016,12,30.000000,140.000000,32.500000,142.500000,9819.570000,0.193797,4.340109,8.017663,12.551568,22.500877,1.097875,93.036740,0.215476,33.586135,0.222209,0.337222,0.352800,219.767532,-0.000000,1.000000
2016,12,30.000000,145.000000,32.500000,147.500000,7576.640000,0.202992,9.859648,16.337321,26.399961,22.163992,1.040390,86.916677,0.240120,5.264285,0.146766,0.309167,0.249689,226.425446,-0.000000,1.000000
2016,12,30.000000,150.000000,32.500000,152.500000,2209.790000,0.378769,7.746437,28.235262,36.360469,22.025957,1.125581,96.253179,0.172213,3.321276,0.109133,0.239722,0.275208,228.141602,-0.000000,1.000000
2016,12,30.000000,155.000000,32.500000,157.500000,5556.170000,0.506644,9.077836,22.807977,32.392457,21.114748,0.786860,83.263060,0.275798,3.134488,0.242389,0.496389,0.222818,229.088196,-0.000000,1.000000
2016,12,30.000000,-155.000000,32.500000,-152.500000,4142.780000,5.223787,5.763038,26.311318,37.298143,,,,,,,,,,-0.000000,1.000000
2016,12,30.000000,160.000000,32.500000,162.500000,3098.870000,0.805778,12.818866,22.109350,35.733993,21.578013,0.819258,72.596459,0.267346,2.741401,0.200669,0.370556,0.163260,229.266098,-0.000000,1.000000
2016,12,30.000000,-160.000000,32.500000,-157.500000,7714.710000,4.348316,6.681262,16.721821,27.751400,,,,,,,,,,-0.000000,1.000000
2016,12,30.000000,165.000000,32.500000,167.500000,1014.300000,0.299714,11.847580,41.443360,53.590654,21.282170,0.761570,70.774249,0.257995,2.900999,0.170485,0.331389,0.105044,229.221878,-0.000000,1.000000
2016,12,30.000000,-165.000000,32.500000,-162.500000,5166.650000,4.264078,8.868996,17.560315,30.693389,,,,,,,,,,-0.000000,1.000000
2016,12,30.000000,170.000000,32.500000,172.500000,6604.440000,3.498253,13.536348,24.621164,41.655765,21.338731,0.741126,68.955431,0.241196,4.489357,0.134287,0.446944,0.093346,229.237595,-0.000000,1.000000
2016,12,30.000000,-170.000000,32.500000,-167.500000,2159.590000,6.586435,4.199408,27.043096,37.828940,,,,,,,,,,-0.000000,1.000000
2016,12,30.000000,175.000000,32.500000,177.500000,1282.850000,6.912733,12.985150,25.545465,45.443349,21.322838,0.729268,62.027220,0.205973,3.664010,0.128367,0.395556,0.098961,230.101562,-0.000000,1.000000
2016,12,30.000000,-175.000000,32.500000,-172.500000,3526.540000,3.894469,2.601984,29.673845,36.170297,,,,,,,,,,-0.000000,1.000000
2016,12,30.000000,-180.000000,32.500000,-177.500000,1451.000000,3.363198,10.773949,68.077877,82.215024,,,,,,,,,,-0.000000,1.000000
2016,12,35.000000,140.000000,37.500000,142.500000,3592.990000,0.390204,13.143093,7.816610,21.349906,17.713495,0.370900,73.699656,0.313182,84.589504,0.316647,0.845115,0.459321,220.849594,-0.000000,1.000000
2016,12,35.000000,145.000000,37.500000,147.500000,1966.160000,0.228873,9.213391,19.640314,29.082577,16.831828,0.294559,72.003086,0.466309,15.331337,0.310225,0.864444,0.407982,227.999222,-0.000000,1.000000
2016,12,35.000000,150.000000,37.500000,152.500000,1377.350000,0.000000,0.809526,0.507496,1.317022,17.260828,0.354888,85.886211,0.282460,9.889379,0.235794,0.640278,0.391884,232.411072,-0.000000,1.000000
2016,12,35.000000,165.000000,37.500000,167.500000,1141.890000,1.355647,16.853637,39.532705,57.741989,17.367619,0.475737,84.343415,0.242359,5.431183,0.168853,0.577778,0.381116,248.300476,-0.000000,1.000000
2016,12,35.000000,175.000000,37.500000,177.500000,1000.900000,8.122690,3.333999,42.680587,54.137276,16.369421,0.383898,71.140684,0.194687,5.912717,0.132242,0.683056,0.215420,252.774414,-0.000000,1.000000
2016,12,-35.000000,160.000000,-32.500000,162.500000,3141.270000,0.611536,0.967761,11.388069,12.967367,21.983491,0.474409,15.147566,0.194142,2.846841,0.118743,0.395556,0.114640,225.597397,-0.000000,1.000000
