year,month,lat,lon,lat5c,lon5c,hhooks,cpue_yft,cpue_bet,cpue_alb,cpue_total,sst,ssh,mld,current_speed,sst_gradient_max,ssh_variance,front_strength,chl,do_surface,season_sin,season_cos
2018,1,0.000000,120.000000,2.500000,122.500000,11014.790000,19.379670,7.011028,0.000000,26.390698,29.183826,0.703763,13.940954,0.274544,133.244464,0.020721,0.064867,0.102979,200.153305,0.500000,0.866025
2018,1,0.000000,125.000000,2.500000,127.500000,14686.380000,19.379657,7.011054,0.000000,26.390710,29.183105,0.655684,15.412494,0.339442,136.333421,0.055844,0.120992,0.100928,199.204163,0.500000,0.866025
2018,1,0.000000,130.000000,2.500000,132.500000,4764.900000,25.031585,7.927763,0.972318,33.931667,29.384306,0.701058,18.512754,0.274633,119.070162,0.018706,0.005279,0.098764,199.200989,0.500000,0.866025
2018,1,0.000000,135.000000,2.500000,137.500000,4255.490000,17.580584,10.610294,0.000000,28.190878,29.551851,0.730904,17.908559,0.338351,0.486859,0.018739,0.000000,0.104531,199.085892,0.500000,0.866025
2018,1,0.000000,140.000000,2.500000,142.500000,6264.740000,17.044762,9.605028,0.270083,26.919872,29.688213,0.750822,22.950090,0.408506,0.561178,0.020512,0.000000,0.102001,199.075470,0.500000,0.866025
2018,1,0.000000,145.000000,2.500000,147.500000,9431.850000,18.177770,8.663518,0.604123,27.445411,29.732546,0.770264,24.358053,0.407415,0.447135,0.024464,0.000000,0.101799,198.851913,0.500000,0.866025
2018,1,0.000000,150.000000,2.500000,152.500000,7610.210000,15.468561,15.108913,2.015582,32.593056,29.813159,0.770197,27.817156,0.385010,0.406068,0.022258,0.000000,0.150517,199.256897,0.500000,0.866025
2018,1,0.000000,155.000000,2.500000,157.500000,4303.070000,13.974209,11.639829,0.484305,26.098344,29.825372,0.768206,30.136351,0.410486,0.299721,0.026372,0.000000,0.210299,199.749161,0.500000,0.866025
2018,1,0.000000,165.000000,2.500000,167.500000,1915.870000,11.507044,21.168973,0.043322,32.719339,29.225420,0.724512,30.934005,0.438858,91.434287,0.029594,0.002779,0.203357,200.003723,0.500000,0.866025
2018,1,0.000000,170.000000,2.500000,172.500000,2878.460000,12.467778,13.754230,1.926377,28.148385,28.693938,0.691691,36.366898,0.425856,128.416651,0.028184,0.019537,0.216566,201.586609,0.500000,0.866025
2018,1,0.000000,-170.000000,2.500000,-167.500000,7151.230000,5.082902,16.829413,0.053138,21.965452,,,,,,,,,,0.500000,0.866025
2018,1,0.000000,175.000000,2.500000,177.500000,2916.060000,4.348333,17.903267,0.016461,22.268060,28.070150,0.669499,43.885831,0.423176,0.410234,0.032920,0.000000,0.184011,203.110504,0.500000,0.866025
2018,1,0.000000,-175.000000,2.500000,-172.500000,12740.440000,7.644241,22.779041,0.042699,30.465981,,,,,,,,,,0.500000,0.866025
2018,1,0.000000,-180.000000,2.500000,-177.500000,2281.780000,5.647784,14.506219,0.000000,20.154003,,,,,,,,,,0.500000,0.866025
2018,1,5.000000,130.000000,7.500000,132.500000,4974.630000,15.554725,26.399953,0.104128,42.058806,29.082876,0.545353,23.438140,0.384470,130.293904,0.052763,0.007804,0.086604,199.087982,0.500000,0.866025
2018,1,5.000000,145.000000,7.500000,147.500000,2020.180000,18.787930,46.092922,0.181667,65.062519,29.361527,0.716384,44.111752,0.163873,0.772504,0.029680,0.002778,0.073848,198.706985,0.500000,0.866025
2018,1,5.000000,150.000000,7.500000,152.500000,3621.730000,16.769886,20.740364,0.416099,37.926350,29.239601,0.692519,43.487561,0.164279,117.362889,0.044848,0.004454,0.084116,198.528580,0.500000,0.866025
2018,1,5.000000,155.000000,7.500000,157.500000,7536.180000,20.220855,20.163531,1.193841,41.578227,29.142182,0.738539,46.145948,0.138315,123.906787,0.031367,0.003614,0.097301,198.572357,0.500000,0.866025
2018,1,5.000000,-155.000000,7.500000,-152.500000,1697.550000,6.238402,3.980442,0.042414,10.261259,,,,,,,,,,0.500000,0.866025
2018,1,5.000000,160.000000,7.500000,162.500000,2194.960000,21.883315,14.751977,0.319824,36.955115,29.041166,0.719855,49.104242,0.127952,0.706812,0.048041,0.001944,0.117554,199.301483,0.500000,0.866025
2018,1,5.000000,165.000000,7.500000,167.500000,4861.550000,17.966286,14.822845,0.035174,32.824305,28.871672,0.708234,45.288822,0.137603,129.221811,0.045717,0.052691,0.154423,199.960052,0.500000,0.866025
2018,1,5.000000,170.000000,7.500000,172.500000,1776.100000,13.669275,9.342379,0.008445,23.020100,28.524565,0.673325,41.123758,0.186386,128.886046,0.061569,0.052321,0.207329,200.382294,0.500000,0.866025
2018,1,5.000000,-170.000000,7.500000,-167.500000,2574.800000,6.839366,12.737688,0.156517,19.733572,,,,,,,,,,0.500000,0.866025
2018,1,5.000000,175.000000,7.500000,177.500000,9853.620000,7.413316,19.258100,0.038666,26.710082,28.283248,0.667524,46.201253,0.171912,0.495779,0.061034,0.000000,0.182400,200.889145,0.500000,0.866025
2018,1,5.000000,-175.000000,7.500000,-172.500000,9431.100000,6.360234,20.489657,0.132222,26.982112,,,,,,,,,,0.500000,0.866025
2018,1,5.000000,-180.000000,7.500000,-177.500000,9477.670000,5.566769,18.373187,0.035874,23.975830,,,,,,,,,,0.500000,0.866025
2018,1,-5.000000,120.000000,-2.500000,122.500000,14686.380000,19.379657,7.011054,0.000000,26.390710,29.718744,0.704047,14.272061,0.118387,135.887338,0.013394,0.214056,0.113109,199.345062,0.500000,0.866025
2018,1,-5.000000,125.000000,-2.500000,127.500000,22029.580000,19.379625,7.011028,0.000000,26.390653,29.610867,0.704633,17.731160,0.136896,133.746687,0.007382,0.154799,0.096604,198.919571,0.500000,0.866025
2018,1,-5.000000,130.000000,-2.500000,132.500000,7343.190000,19.379588,7.010986,0.000000,26.390574,29.830192,0.720320,17.196430,0.111170,135.900387,0.011090,0.217211,0.133357,198.187485,0.500000,0.866025
2018,1,-5.000000,155.000000,-2.500000,157.500000,1031.270000,10.392041,15.055223,0.068847,25.516111,30.162110,0.782260,18.649438,0.370600,0.550800,0.035436,0.000000,0.208095,200.199707,0.500000,0.866025
2018,1,-5.000000,-155.000000,-2.500000,-152.500000,6390.720000,4.628743,22.177470,0.043814,26.850026,,,,,,,,,,0.500000,0.866025
2018,1,-5.000000,-165.000000,-2.500000,-162.500000,1604.940000,8.181614,17.787581,1.066707,27.035902,,,,,,,,,,0.500000,0.866025
2018,1,-5.000000,-170.000000,-2.500000,-167.500000,6045.310000,9.477760,15.239582,1.518036,26.235379,,,,,,,,,,0.500000,0.866025
2018,1,-5.000000,-180.000000,-2.500000,-177.500000,4456.360000,10.881975,12.694666,0.861914,24.438555,,,,,,,,,,0.500000,0.866025
2018,1,10.000000,110.000000,12.500000,112.500000,12901.970000,26.643218,1.456522,0.000000,28.099740,26.461499,0.638375,24.019085,0.204891,1.586129,0.031481,0.061111,0.102090,207.834076,0.500000,0.866025
2018,1,10.000000,115.000000,12.500000,117.500000,12901.970000,26.643218,1.456522,0.000000,28.099740,27.532529,0.716837,22.536370,0.177282,123.811176,0.032738,0.107264,0.095532,204.296799,0.500000,0.866025
2018,1,10.000000,130.000000,12.500000,132.500000,2029.920000,10.022562,4.171593,2.421278,16.615433,28.723975,0.831771,49.365556,0.273269,0.304869,0.073440,0.000000,0.085771,199.972473,0.500000,0.866025
2018,1,10.000000,150.000000,12.500000,152.500000,1944.580000,12.732312,4.095486,4.401979,21.229777,28.445346,0.800031,55.193405,0.259835,0.399660,0.075496,0.000000,0.079022,201.411209,0.500000,0.866025
2018,1,10.000000,155.000000,12.500000,157.500000,7937.520000,10.834240,3.595581,3.007488,17.437310,28.165380,0.784572,53.785824,0.212727,0.500679,0.069811,0.000000,0.082746,201.745834,0.500000,0.866025
2018,1,10.000000,165.000000,12.500000,167.500000,1031.050000,13.173949,12.352456,1.129916,26.656321,27.632024,0.734557,55.819232,0.241914,124.651080,0.085449,0.045544,0.064577,203.952789,0.500000,0.866025
2018,1,10.000000,-165.000000,12.500000,-162.500000,3157.600000,6.339942,19.251647,0.365784,25.957373,,,,,,,,,,0.500000,0.866025
2018,1,10.000000,170.000000,12.500000,172.500000,1628.600000,13.028982,9.647550,0.220435,22.896967,27.206437,0.695148,55.977300,0.234636,55.859708,0.078085,0.003334,0.072538,204.809235,0.500000,0.866025
2018,1,10.000000,-170.000000,12.500000,-167.500000,2948.420000,19.440921,7.430760,0.433113,27.304794,,,,,,,,,,0.500000,0.866025
2018,1,10.000000,175.000000,12.500000,177.500000,6285.680000,10.820309,9.452756,0.191865,20.464930,27.129549,0.646922,57.082204,0.221865,1.004247,0.065459,0.028889,0.071194,205.774857,0.500000,0.866025
2018,1,10.000000,-175.000000,12.500000,-172.500000,4277.810000,15.984581,16.820289,0.773760,33.578630,,,,,,,,,,0.500000,0.866025
2018,1,10.000000,-180.000000,12.500000,-177.500000,6979.510000,14.870098,16.606753,0.573536,32.050387,,,,,,,,,,0.500000,0.866025
2018,1,-10.000000,-135.000000,-7.500000,-132.500000,3187.020000,4.299000,27.740648,0.375900,32.415548,,,,,,,,,,0.500000,0.866025
2018,1,-10.000000,-140.000000,-7.500000,-137.500000,2514.010000,7.453829,21.324498,0.048130,28.826457,,,,,,,,,,0.500000,0.866025
2018,1,-10.000000,145.000000,-7.500000,147.500000,1005.690000,31.135837,0.023864,0.000000,31.159701,29.980724,0.741805,11.925123,0.189126,136.024368,0.032902,0.184394,0.152062,199.411606,0.500000,0.866025
2018,1,-10.000000,-150.000000,-7.500000,-147.500000,13338.370000,4.059716,19.171308,0.429138,23.660162,,,,,,,,,,0.500000,0.866025
2018,1,-10.000000,165.000000,-7.500000,167.500000,1900.400000,10.706167,7.347401,3.757104,21.810671,30.237312,0.829413,21.228549,0.102635,0.476654,0.012811,0.000000,0.098826,197.500504,0.500000,0.866025
2018,1,-10.000000,170.000000,-7.500000,172.500000,8642.830000,7.721082,4.052608,9.026210,20.799900,30.048262,0.824750,22.507699,0.099524,0.458267,0.012399,0.000000,0.100328,197.682953,0.500000,0.866025
2018,1,-10.000000,-180.000000,-7.500000,-177.500000,2627.020000,8.059703,6.897169,2.618556,17.575428,,,,,,,,,,0.500000,0.866025
2018,1,15.000000,110.000000,17.500000,112.500000,12901.970000,26.643218,1.456522,0.000000,28.099740,24.450790,0.654919,40.042408,0.165759,100.311636,0.048832,0.287280,0.144224,214.564529,0.500000,0.866025
2018,1,15.000000,115.000000,17.500000,117.500000,12901.970000,26.643218,1.456522,0.000000,28.099740,25.301300,0.526016,24.347056,0.216819,121.668620,0.075123,0.291365,0.095866,209.822693,0.500000,0.866025
2018,1,15.000000,125.000000,17.500000,127.500000,6964.710000,12.290964,5.351694,16.540674,34.183333,26.844649,0.942357,52.630189,0.195988,2.234958,0.059468,0.231111,0.105518,204.843033,0.500000,0.866025
2018,1,15.000000,130.000000,17.500000,132.500000,6799.490000,8.629030,5.588507,29.328817,43.546354,27.279403,0.974765,59.439844,0.181433,2.294877,0.067963,0.204722,0.099261,203.574905,0.500000,0.866025
2018,1,15.000000,135.000000,17.500000,137.500000,4732.340000,19.056957,4.860598,31.075958,54.993513,27.740471,1.000286,66.072831,0.144746,1.473034,0.045618,0.062500,0.091965,202.491486,0.500000,0.866025
2018,1,15.000000,140.000000,17.500000,142.500000,1136.920000,17.557084,2.017732,24.706224,44.281040,28.056798,1.003550,60.704624,0.143885,1.905960,0.046047,0.074167,0.100585,201.758011,0.500000,0.866025
2018,1,15.000000,-160.000000,17.500000,-157.500000,4881.620000,6.382103,16.305038,0.000000,22.687141,,,,,,,,,,0.500000,0.866025
2018,1,15.000000,-165.000000,17.500000,-162.500000,6867.670000,6.347276,17.031104,0.799980,24.178360,,,,,,,,,,0.500000,0.866025
2018,1,-15.000000,-135.000000,-12.500000,-132.500000,9593.850000,3.804833,14.683469,13.515012,32.003315,,,,,,,,,,0.500000,0.866025
2018,1,-15.000000,145.000000,-12.500000,147.500000,3334.200000,38.185772,1.426729,4.050147,43.662648,29.515180,0.742585,13.617370,0.119651,134.097927,0.029727,0.036348,0.104007,199.210800,0.500000,0.866025
2018,1,-15.000000,-145.000000,-12.500000,-142.500000,6159.090000,4.711410,8.201699,15.694039,28.607148,,,,,,,,,,0.500000,0.866025
2018,1,-15.000000,150.000000,-12.500000,152.500000,3420.300000,20.956349,4.142034,14.984358,40.082741,29.688689,0.726768,13.313162,0.128180,133.328740,0.024150,0.081592,0.097526,198.385773,0.500000,0.866025
2018,1,-15.000000,-150.000000,-12.500000,-147.500000,1065.930000,4.633513,3.280703,8.690064,16.604280,,,,,,,,,,0.500000,0.866025
2018,1,-15.000000,155.000000,-12.500000,157.500000,2898.610000,14.247174,2.546393,14.422085,31.215652,30.062882,0.743633,15.358483,0.152830,0.718176,0.053027,0.001111,0.092953,197.845215,0.500000,0.866025
2018,1,-15.000000,160.000000,-12.500000,162.500000,3250.930000,8.731040,1.116911,24.716312,34.564263,29.761530,0.751467,18.762106,0.092347,135.261491,0.022252,0.021647,0.078597,197.777115,0.500000,0.866025
2018,1,-15.000000,-160.000000,-12.500000,-157.500000,3454.900000,0.940693,0.639092,17.761151,19.340936,,,,,,,,,,0.500000,0.866025
2018,1,-15.000000,165.000000,-12.500000,167.500000,5693.050000,6.283275,1.545217,28.881355,36.709848,29.661234,0.750774,17.589636,0.110700,130.778704,0.026171,0.024009,0.075246,197.716278,0.500000,0.866025
2018,1,-15.000000,170.000000,-12.500000,172.500000,13675.530000,5.187294,1.185694,24.123891,30.496880,29.810845,0.769403,19.983309,0.109487,1.103940,0.035326,0.011667,0.067299,197.651550,0.500000,0.866025
2018,1,-15.000000,-170.000000,-12.500000,-167.500000,1082.940000,12.047759,0.988051,26.191663,39.227473,,,,,,,,,,0.500000,0.866025
2018,1,-15.000000,175.000000,-12.500000,177.500000,2036.630000,7.506518,2.975504,11.006417,21.488439,29.856845,0.795956,23.992424,0.122626,0.558666,0.039274,0.000000,0.063442,197.336929,0.500000,0.866025
2018,1,-15.000000,-175.000000,-12.500000,-172.500000,9663.400000,2.624232,0.501790,14.024877,17.150899,,,,,,,,,,0.500000,0.866025
2018,1,20.000000,125.000000,22.500000,127.500000,1494.360000,5.336064,4.116813,14.213443,23.666319,24.399335,1.060469,61.214976,0.234424,74.682616,0.092625,0.325459,0.137333,213.343628,0.500000,0.866025
2018,1,20.000000,135.000000,22.500000,137.500000,2038.180000,4.189522,4.306293,21.772856,30.268671,24.887797,0.987217,67.128008,0.186415,4.517492,0.075529,0.412222,0.087893,212.835983,0.500000,0.866025
2018,1,20.000000,140.000000,22.500000,142.500000,1889.910000,10.729611,4.764777,34.727580,50.221968,24.874026,0.875694,54.366026,0.166100,45.392683,0.110554,0.530425,0.078806,209.790970,0.500000,0.866025
2018,1,20.000000,145.000000,22.500000,147.500000,2823.270000,10.049340,4.063019,28.549873,42.662232,26.311542,0.969824,59.983752,0.183207,2.536513,0.100087,0.295833,0.078266,207.588928,0.500000,0.866025
2018,1,20.000000,150.000000,22.500000,152.500000,3632.590000,17.675268,2.991805,43.981016,64.648089,26.410847,0.986930,64.679788,0.120465,3.921070,0.045348,0.196944,0.079061,207.601776,0.500000,0.866025
2018,1,20.000000,155.000000,22.500000,157.500000,1800.780000,10.146714,3.562345,41.870190,55.579249,26.442637,0.993482,68.966070,0.137310,2.108777,0.057578,0.216111,0.085082,207.457794,0.500000,0.866025
2018,1,20.000000,-155.000000,22.500000,-152.500000,3470.220000,3.542139,11.368732,0.000000,14.910870,,,,,,,,,,0.500000,0.866025
2018,1,20.000000,160.000000,22.500000,162.500000,2107.850000,10.069977,7.279930,24.100861,41.450767,26.120200,0.933059,60.256469,0.167330,2.237132,0.061586,0.236667,0.090511,208.477097,0.500000,0.866025
2018,1,20.000000,-160.000000,22.500000,-157.500000,6228.370000,4.501980,10.198174,0.000000,14.700154,,,,,,,,,,0.500000,0.866025
2018,1,20.000000,-165.000000,22.500000,-162.500000,1909.030000,8.905046,15.714787,0.000000,24.619833,,,,,,,,,,0.500000,0.866025
2018,1,-20.000000,-135.000000,-17.500000,-132.500000,9857.220000,2.495125,1.706972,24.052015,28.254112,,,,,,,,,,0.500000,0.866025
2018,1,-20.000000,-145.000000,-17.500000,-142.500000,2298.740000,6.025475,4.077886,17.905461,28.008822,,,,,,,,,,0.500000,0.866025
2018,1,-20.000000,-150.000000,-17.500000,-147.500000,2015.320000,4.724808,2.104877,10.057460,16.887144,,,,,,,,,,0.500000,0.866025
2018,1,-20.000000,160.000000,-17.500000,162.500000,1099.620000,5.450065,0.844837,33.772576,40.067478,28.476916,0.766352,14.788928,0.116409,56.279320,0.029471,0.045013,0.091621,201.602173,0.500000,0.866025
2018,1,-20.000000,165.000000,-17.500000,167.500000,8473.470000,5.994357,0.761553,26.022279,32.778189,28.472982,0.782658,14.641979,0.131425,130.508488,0.042950,0.136064,0.098632,202.268265,0.500000,0.866025
2018,1,-20.000000,170.000000,-17.500000,172.500000,16372.200000,4.932446,0.569563,30.580557,36.082567,28.663920,0.753201,13.367362,0.145979,1.692206,0.050535,0.096111,0.093089,201.893143,0.500000,0.866025
2018,1,-20.000000,-170.000000,-17.500000,-167.500000,2031.770000,4.766288,0.692992,19.212805,24.672084,,,,,,,,,,0.500000,0.866025
2018,1,-20.000000,175.000000,-17.500000,177.500000,16153.730000,5.897833,1.084394,11.693832,18.676058,28.923128,0.770244,14.773603,0.099996,132.924039,0.036555,0.146843,0.097661,201.192352,0.500000,0.866025
2018,1,-20.000000,-175.000000,-17.500000,-172.500000,3450.080000,7.830833,1.228667,24.191613,33.251113,,,,,,,,,,0.500000,0.866025
2018,1,-20.000000,-180.000000,-17.500000,-177.500000,4200.200000,9.035760,1.831818,5.940431,16.808009,,,,,,,,,,0.500000,0.866025
2018,1,25.000000,130.000000,27.500000,132.500000,5663.220000,4.295789,5.607587,29.260209,39.163585,21.999183,0.986446,97.473275,0.200088,44.157880,0.143430,0.362045,0.286551,222.100540,0.500000,0.866025
2018,1,25.000000,135.000000,27.500000,137.500000,9605.100000,3.120946,6.175678,24.527386,33.824010,21.802243,1.001757,112.231146,0.203330,4.115485,0.133230,0.316667,0.320241,222.195938,0.500000,0.866025
2018,1,25.000000,140.000000,27.500000,142.500000,7341.240000,1.988901,4.089636,56.054291,62.132828,21.994815,0.936559,92.434413,0.143187,45.740635,0.080515,0.408447,0.252972,222.275208,0.500000,0.866025
2018,1,25.000000,145.000000,27.500000,147.500000,2188.060000,0.614700,1.799311,53.957387,56.371397,22.320709,0.915255,75.637120,0.137252,6.773014,0.078204,0.486944,0.227556,223.695404,0.500000,0.866025
2018,1,25.000000,-155.000000,27.500000,-152.500000,2518.310000,5.284099,13.763993,1.792075,20.840167,,,,,,,,,,0.500000,0.866025
2018,1,25.000000,-160.000000,27.500000,-157.500000,11751.330000,8.742755,10.929316,1.215097,20.887168,,,,,,,,,,0.500000,0.866025
2018,1,25.000000,-165.000000,27.500000,-162.500000,9707.460000,14.931918,12.827248,1.104408,28.863575,,,,,,,,,,0.500000,0.866025
2018,1,-25.000000,150.000000,-22.500000,152.500000,1425.140000,26.857712,2.427832,5.441571,34.727115,28.070596,0.671129,21.379396,0.230442,128.496310,0.128738,0.287164,0.127705,202.827606,0.500000,0.866025
2018,1,-25.000000,155.000000,-22.500000,157.500000,1238.170000,10.755389,0.353748,47.968373,59.077510,26.903630,0.718619,18.877213,0.233610,54.071183,0.085896,0.116421,0.090461,206.958908,0.500000,0.866025
2018,1,-25.000000,160.000000,-22.500000,162.500000,1666.490000,2.213035,0.247226,36.643484,39.103745,26.804800,0.745626,14.636473,0.148782,127.016280,0.068459,0.168590,0.093776,207.352478,0.500000,0.866025
2018,1,-25.000000,165.000000,-22.500000,167.500000,1617.470000,8.522569,0.543441,30.676921,39.742932,26.987824,0.706061,13.620786,0.168930,125.873632,0.079863,0.285921,0.100835,206.909149,0.500000,0.866025
2018,1,-25.000000,170.000000,-22.500000,172.500000,1877.890000,3.026269,0.252943,33.021103,36.300316,26.946934,0.714949,13.370923,0.237721,1.981893,0.090822,0.129167,0.097629,207.363617,0.500000,0.866025
2018,1,-25.000000,175.000000,-22.500000,177.500000,5581.000000,3.437735,0.471421,22.371260,26.280416,26.831340,0.651785,13.036660,0.191941,2.087384,0.090161,0.187222,0.090683,207.447128,0.500000,0.866025
2018,1,-25.000000,-175.000000,-22.500000,-172.500000,1295.310000,29.978924,1.448302,1.387313,32.814539,,,,,,,,,,0.500000,0.866025
2018,1,-25.000000,-180.000000,-22.500000,-177.500000,4408.500000,5.091074,0.637405,24.601792,30.330271,,,,,,,,,,0.500000,0.866025
2018,1,30.000000,130.000000,32.500000,132.500000,7070.530000,6.048203,8.767801,16.324660,31.140664,18.364160,0.643194,92.876473,0.404700,94.314976,0.398839,0.598844,0.531924,228.432205,0.500000,0.866025
2018,1,30.000000,135.000000,32.500000,137.500000,1287.500000,9.153398,8.934369,18.137476,36.225243,18.894617,0.541109,100.100297,0.535349,76.370911,0.469162,0.525320,0.554138,226.599396,0.500000,0.866025
2018,1,30.000000,140.000000,32.500000,142.500000,12951.990000,0.534126,7.752708,4.403184,12.690019,19.523918,0.918740,137.026037,0.205258,29.238755,0.170118,0.358333,0.433941,225.229630,0.500000,0.866025
2018,1,30.000000,-160.000000,32.500000,-157.500000,1630.470000,5.540120,5.681797,22.302772,33.524689,,,,,,,,,,0.500000,0.866025
2018,1,30.000000,-165.000000,32.500000,-162.500000,2217.890000,7.939077,9.135710,16.858365,33.933153,,,,,,,,,,0.500000,0.866025
2018,1,30.000000,170.000000,32.500000,172.500000,2706.650000,4.644117,12.657344,30.140210,47.441671,19.129589,0.694052,85.659780,0.217725,3.100538,0.158977,0.463056,0.180663,240.746872,0.500000,0.866025
2018,1,30.000000,-170.000000,32.500000,-167.500000,2834.320000,5.165966,12.483418,19.442406,37.091789,,,,,,,,,,0.500000,0.866025
2018,1,30.000000,175.000000,32.500000,177.500000,6524.750000,6.369593,9.353922,23.947278,39.670792,18.537218,0.582852,84.413693,0.197561,4.043774,0.170755,0.484167,0.146556,240.082855,0.500000,0.866025
2018,1,30.000000,-175.000000,32.500000,-172.500000,5308.870000,9.192352,10.450812,18.763127,38.406290,,,,,,,,,,0.500000,0.866025
2018,1,30.000000,-180.000000,32.500000,-177.500000,3451.360000,10.382864,12.736718,29.538791,52.658372,,,,,,,,,,0.500000,0.866025
2018,1,-30.000000,150.000000,-27.500000,152.500000,1178.430000,15.100600,0.803612,0.161231,16.065443,26.860392,0.591381,17.368271,0.483312,125.512527,0.174240,0.543673,0.170163,206.935455,0.500000,0.866025
2018,1,-30.000000,155.000000,-27.500000,157.500000,1048.600000,5.475873,3.787908,1.565897,10.829678,26.095432,0.789112,19.579575,0.239430,2.578360,0.129237,0.221389,0.088230,211.121933,0.500000,0.866025
2018,1,35.000000,140.000000,37.500000,142.500000,10819.970000,0.686970,15.605958,5.651032,21.943961,13.872357,0.181454,106.240140,0.370091,77.180755,0.269023,0.803908,0.485553,227.515594,0.500000,0.866025
2018,1,-40.000000,175.000000,-37.500000,177.500000,1227.750000,1.519039,10.003665,2.300143,13.822847,,,,,,,,,,0.500000,0.866025
2018,2,0.000000,120.000000,2.500000,122.500000,12140.130000,17.583255,6.361135,0.000000,23.944389,29.180358,0.692547,15.321628,0.206878,132.587639,0.022377,0.065487,0.100643,200.644165,0.866025,0.500000
2018,2,0.000000,125.000000,2.500000,127.500000,16186.840000,17.583234,6.361155,0.000000,23.944389,29.101973,0.661934,14.833049,0.327257,136.107082,0.050702,0.121597,0.102393,199.890121,0.866025,0.500000
2018,2,0.000000,130.000000,2.500000,132.500000,7990.470000,35.612048,5.303693,0.834619,41.750360,29.067770,0.702396,17.180336,0.232700,117.302044,0.015260,0.005279,0.115079,200.077682,0.866025,0.500000
2018,2,0.000000,135.000000,2.500000,137.500000,1071.350000,25.598544,15.256452,0.000000,40.854996,29.445383,0.722084,20.215546,0.225371,0.370911,0.016149,0.000000,0.097362,199.327759,0.866025,0.500000
2018,2,0.000000,140.000000,2.500000,142.500000,2497.570000,17.252770,5.227481,1.737289,24.217539,29.701620,0.752299,26.765328,0.275430,0.573242,0.018241,0.000000,0.117153,199.448059,0.866025,0.500000
2018,2,0.000000,145.000000,2.500000,147.500000,6839.170000,20.921106,11.917382,1.015474,33.853962,29.891536,0.778136,25.233722,0.214466,0.332276,0.010305,0.000000,0.122690,199.580505,0.866025,0.500000
2018,2,0.000000,150.000000,2.500000,152.500000,11534.420000,9.883462,10.813894,0.899048,21.596405,30.000202,0.792825,25.801324,0.174220,0.510792,0.007130,0.000000,0.158376,199.720169,0.866025,0.500000
2018,2,0.000000,155.000000,2.500000,157.500000,6370.680000,9.939127,11.614773,0.558339,22.112239,29.801808,0.798528,25.822348,0.208165,0.324143,0.011537,0.000000,0.191571,199.731384,0.866025,0.500000
2018,2,0.000000,-155.000000,2.500000,-152.500000,4177.270000,2.693865,18.698336,0.028727,21.420928,,,,,,,,,,0.866025,0.500000
2018,2,0.000000,160.000000,2.500000,162.500000,1733.660000,7.453595,13.169826,0.546820,21.170241,29.483884,0.790503,22.459674,0.275481,0.868152,0.019829,0.001667,0.181326,200.276932,0.866025,0.500000
2018,2,0.000000,165.000000,2.500000,167.500000,6046.030000,17.058797,19.901489,2.165388,39.125674,28.857584,0.765004,27.254184,0.307593,91.015989,0.020552,0.010006,0.196033,201.506897,0.866025,0.500000
2018,2,0.000000,-170.000000,2.500000,-167.500000,5009.160000,4.973489,10.237645,0.280287,15.491420,,,,,,,,,,0.866025,0.500000
2018,2,0.000000,-175.000000,2.500000,-172.500000,4353.100000,4.211022,15.307023,0.160346,19.678390,,,,,,,,,,0.866025,0.500000
2018,2,5.000000,130.000000,7.500000,132.500000,3945.210000,13.541484,25.245551,0.074267,38.861303,28.929513,0.508787,16.644114,0.554521,130.000265,0.087602,0.007804,0.092128,200.048630,0.866025,0.500000
2018,2,5.000000,135.000000,7.500000,137.500000,3136.180000,11.426002,17.578710,0.000000,29.004713,29.027379,0.622838,21.702312,0.382503,128.469066,0.065798,0.006954,0.083985,199.317520,0.866025,0.500000
2018,2,5.000000,140.000000,7.500000,142.500000,2276.900000,6.440775,50.655716,0.026352,57.122842,29.056266,0.684527,31.479844,0.236458,0.634298,0.046593,0.000000,0.075771,199.088715,0.866025,0.500000
2018,2,5.000000,145.000000,7.500000,147.500000,1722.200000,18.511207,34.499477,0.217745,53.228429,29.045227,0.678189,40.840210,0.217351,0.587743,0.042123,0.000000,0.073715,198.983612,0.866025,0.500000
2018,2,5.000000,150.000000,7.500000,152.500000,2564.530000,11.693371,11.037500,0.370438,23.101309,29.085951,0.705921,45.697264,0.195431,116.579856,0.046781,0.011136,0.079701,198.782440,0.866025,0.500000
2018,2,5.000000,155.000000,7.500000,157.500000,2861.270000,9.297270,21.412170,0.466227,31.175667,28.860751,0.711427,46.308001,0.138799,123.380553,0.044570,0.029747,0.100551,198.934021,0.866025,0.500000
2018,2,5.000000,-155.000000,7.500000,-152.500000,3379.670000,3.714564,23.280971,0.039057,27.034592,,,,,,,,,,0.866025,0.500000
2018,2,5.000000,-160.000000,7.500000,-157.500000,1278.880000,1.771863,18.922807,0.051608,20.746278,,,,,,,,,,0.866025,0.500000
2018,2,5.000000,165.000000,7.500000,167.500000,4534.430000,11.679528,17.239212,0.070130,28.988870,28.674515,0.705796,53.464930,0.112483,128.764842,0.051825,0.060623,0.143801,200.292603,0.866025,0.500000
2018,2,5.000000,170.000000,7.500000,172.500000,1049.450000,11.910048,7.113250,0.000000,19.023298,28.430108,0.652663,41.981023,0.128072,128.718341,0.062814,0.048101,0.211574,201.221771,0.866025,0.500000
2018,2,5.000000,-170.000000,7.500000,-167.500000,4169.060000,4.256835,6.931299,0.324773,11.512907,,,,,,,,,,0.866025,0.500000
2018,2,5.000000,175.000000,7.500000,177.500000,4328.750000,2.704245,12.734623,0.072538,15.511406,28.184246,0.599380,40.608524,0.150129,0.528081,0.066545,0.000000,0.200197,201.679138,0.866025,0.500000
2018,2,5.000000,-175.000000,7.500000,-172.500000,2555.100000,2.286016,14.342296,0.558099,17.186411,,,,,,,,,,0.866025,0.500000
2018,2,5.000000,-180.000000,7.500000,-177.500000,3667.760000,2.433911,16.019314,0.161406,18.614631,,,,,,,,,,0.866025,0.500000
2018,2,-5.000000,120.000000,-2.500000,122.500000,16186.840000,17.583234,6.361155,0.000000,23.944389,29.518663,0.704991,14.519028,0.118184,134.935794,0.010181,0.248996,0.113135,199.173904,0.866025,0.500000
2018,2,-5.000000,125.000000,-2.500000,127.500000,24280.260000,17.583214,6.361135,0.000000,23.944348,29.294778,0.710074,19.729225,0.144869,132.692274,0.007529,0.164396,0.095234,198.741486,0.866025,0.500000
2018,2,-5.000000,130.000000,-2.500000,132.500000,8093.420000,17.583173,6.361093,0.000000,23.944266,29.497074,0.721733,20.306679,0.163545,134.178410,0.017824,0.222176,0.141424,198.351105,0.866025,0.500000
2018,2,-5.000000,155.000000,-2.500000,157.500000,3936.110000,42.109596,12.164040,0.054622,54.328258,29.784408,0.800350,30.219938,0.107795,0.523944,0.011858,0.000000,0.243467,197.964844,0.866025,0.500000
2018,2,-5.000000,-155.000000,-2.500000,-152.500000,7594.040000,3.869877,14.459497,0.230444,18.559818,,,,,,,,,,0.866025,0.500000
2018,2,-5.000000,160.000000,-2.500000,162.500000,2265.570000,13.712223,5.640965,3.906302,23.259489,29.627819,0.808672,25.937852,0.186752,0.861207,0.024577,0.001944,0.168598,198.334198,0.866025,0.500000
2018,2,-5.000000,165.000000,-2.500000,167.500000,1160.710000,8.793756,9.003110,4.711771,22.508637,29.410118,0.796534,22.646091,0.264996,0.616703,0.037692,0.000000,0.150714,199.718597,0.866025,0.500000
2018,2,-5.000000,-165.000000,-2.500000,-162.500000,6212.530000,6.051641,9.865546,1.548966,17.466153,,,,,,,,,,0.866025,0.500000
2018,2,-5.000000,-170.000000,-2.500000,-167.500000,7230.860000,6.765170,8.517106,1.219219,16.501495,,,,,,,,,,0.866025,0.500000
2018,2,-5.000000,-180.000000,-2.500000,-177.500000,3409.580000,6.029482,10.398641,1.489920,17.918043,,,,,,,,,,0.866025,0.500000
2018,2,10.000000,110.000000,12.500000,112.500000,15230.780000,22.569428,1.233817,0.000000,23.803246,25.945214,0.625821,25.739736,0.185656,3.027767,0.028549,0.106111,0.097691,208.891754,0.866025,0.500000
2018,2,10.000000,115.000000,12.500000,117.500000,15230.780000,22.569428,1.233817,0.000000,23.803246,27.097780,0.661549,20.030241,0.134965,124.192552,0.032284,0.053632,0.095145,205.798782,0.866025,0.500000
2018,2,10.000000,130.000000,12.500000,132.500000,3978.910000,6.984828,2.891747,2.331040,12.207615,28.543931,0.839102,34.424160,0.273594,0.469392,0.087717,0.000000,0.083722,200.788483,0.866025,0.500000
2018,2,10.000000,135.000000,12.500000,137.500000,2275.410000,3.072853,0.503645,0.870612,4.447111,28.552952,0.863607,31.037080,0.239983,114.897453,0.081764,0.001946,0.085566,200.890213,0.866025,0.500000
2018,2,10.000000,150.000000,12.500000,152.500000,1092.490000,9.300772,3.050829,7.716318,20.067918,28.022028,0.806328,50.382162,0.240951,0.591107,0.065023,0.000000,0.085196,202.483521,0.866025,0.500000
2018,2,10.000000,155.000000,12.500000,157.500000,9119.030000,3.468351,0.285995,1.016446,4.770793,27.706477,0.796557,55.487866,0.251018,0.790565,0.082394,0.002500,0.081438,203.062698,0.866025,0.500000
2018,2,10.000000,-160.000000,12.500000,-157.500000,2096.880000,1.192724,1.582828,0.039106,2.814658,,,,,,,,,,0.866025,0.500000
2018,2,10.000000,-165.000000,12.500000,-162.500000,1326.480000,3.823654,12.885984,0.317381,17.027019,,,,,,,,,,0.866025,0.500000
2018,2,10.000000,170.000000,12.500000,172.500000,3299.670000,27.690648,20.914213,1.712899,50.317759,26.950033,0.685075,60.055367,0.251298,54.913195,0.073049,0.013615,0.081346,205.824600,0.866025,0.500000
2018,2,10.000000,-170.000000,12.500000,-167.500000,7617.500000,14.579061,14.310207,1.057827,29.947096,,,,,,,,,,0.866025,0.500000
2018,2,10.000000,175.000000,12.500000,177.500000,19026.230000,13.673124,16.388796,2.315015,32.376934,26.695300,0.647031,60.395879,0.257042,2.121291,0.092973,0.071111,0.092876,206.138901,0.866025,0.500000
2018,2,10.000000,-175.000000,12.500000,-172.500000,20423.960000,6.926620,16.362694,1.542453,24.831766,,,,,,,,,,0.866025,0.500000
2018,2,10.000000,-180.000000,12.500000,-177.500000,19431.980000,8.508140,13.161757,1.638896,23.308793,,,,,,,,,,0.866025,0.500000
2018,2,-10.000000,-135.000000,-7.500000,-132.500000,2019.540000,5.493330,18.231875,0.599146,24.324351,,,,,,,,,,0.866025,0.500000
2018,2,-10.000000,-140.000000,-7.500000,-137.500000,1318.060000,18.146367,8.730255,0.818627,27.695249,,,,,,,,,,0.866025,0.500000
2018,2,-10.000000,-145.000000,-7.500000,-142.500000,1571.040000,30.079438,6.829871,3.619895,40.529204,,,,,,,,,,0.866025,0.500000
2018,2,-10.000000,150.000000,-7.500000,152.500000,2360.610000,41.952292,5.760799,0.187663,47.900754,29.670647,0.741588,15.943794,0.173707,133.254702,0.031487,0.084858,0.136888,198.420868,0.866025,0.500000
2018,2,-10.000000,-150.000000,-7.500000,-147.500000,7126.570000,2.897046,8.970795,4.126950,15.994791,,,,,,,,,,0.866025,0.500000
2018,2,-10.000000,155.000000,-7.500000,157.500000,3195.430000,14.951352,3.499685,0.890960,19.341998,29.723342,0.790503,19.124147,0.194470,133.413277,0.022782,0.100773,0.149527,198.080994,0.866025,0.500000
2018,2,-10.000000,160.000000,-7.500000,162.500000,2920.900000,12.272245,4.530111,1.866548,18.668903,29.722028,0.799015,21.757703,0.169464,132.801686,0.034014,0.031973,0.133492,197.590775,0.866025,0.500000
2018,2,-10.000000,165.000000,-7.500000,167.500000,4053.030000,11.113907,6.093466,11.321160,28.528533,29.717836,0.864421,25.291707,0.132383,0.291218,0.018135,0.000000,0.111625,196.931656,0.866025,0.500000
2018,2,-10.000000,-165.000000,-7.500000,-162.500000,1514.790000,6.551403,3.555608,4.408532,14.515543,,,,,,,,,,0.866025,0.500000
2018,2,-10.000000,170.000000,-7.500000,172.500000,7209.380000,6.433979,3.711137,7.759752,17.904868,29.573600,0.872733,28.973172,0.139064,0.515933,0.017629,0.000000,0.099369,196.976746,0.866025,0.500000
2018,2,-10.000000,-170.000000,-7.500000,-167.500000,1327.510000,5.596945,4.193565,2.863255,12.653765,,,,,,,,,,0.866025,0.500000
2018,2,-10.000000,175.000000,-7.500000,177.500000,1183.820000,16.380024,2.511362,18.048352,36.939737,29.520263,0.843480,31.089038,0.102519,0.445544,0.038548,0.000000,0.095138,197.170624,0.866025,0.500000
2018,2,-10.000000,-180.000000,-7.500000,-177.500000,2848.700000,8.804016,6.739916,7.101485,22.645417,,,,,,,,,,0.866025,0.500000
2018,2,15.000000,110.000000,17.500000,112.500000,15230.780000,22.569428,1.233817,0.000000,23.803246,23.962407,0.613499,33.325871,0.171088,94.157352,0.063022,0.360831,0.156357,216.544189,0.866025,0.500000
2018,2,15.000000,115.000000,17.500000,117.500000,15230.780000,22.569428,1.233817,0.000000,23.803246,24.903633,0.512467,23.059073,0.182811,118.936914,0.079242,0.429248,0.109873,212.636322,0.866025,0.500000
2018,2,15.000000,125.000000,17.500000,127.500000,6697.780000,12.470699,3.115211,11.709552,27.295462,26.672329,0.937378,42.037469,0.186806,2.077178,0.065860,0.232500,0.121622,206.208710,0.866025,0.500000
2018,2,15.000000,130.000000,17.500000,132.500000,4529.540000,5.704774,4.423186,18.037372,28.165332,26.863971,0.974297,47.206287,0.181145,2.805346,0.058855,0.116111,0.112940,205.344727,0.866025,0.500000
2018,2,15.000000,135.000000,17.500000,137.500000,3719.120000,16.625438,6.762084,19.103982,42.491503,27.358368,0.999246,45.848637,0.169875,4.139841,0.050549,0.092500,0.102008,204.139252,0.866025,0.500000
2018,2,15.000000,150.000000,17.500000,152.500000,2238.480000,16.157839,1.991977,19.365820,37.515636,27.592897,1.012738,63.962730,0.195752,1.971851,0.063732,0.051667,0.077027,204.102493,0.866025,0.500000
2018,2,15.000000,-155.000000,17.500000,-152.500000,3687.920000,3.665752,12.100859,0.000000,15.766611,,,,,,,,,,0.866025,0.500000
2018,2,15.000000,-160.000000,17.500000,-157.500000,7886.850000,5.350045,11.988056,0.000000,17.338101,,,,,,,,,,0.866025,0.500000
2018,2,15.000000,-165.000000,17.500000,-162.500000,7685.010000,7.049308,12.422625,0.189460,19.661393,,,,,,,,,,0.866025,0.500000
2018,2,15.000000,175.000000,17.500000,177.500000,1432.180000,4.060244,5.083160,23.127679,32.271083,26.108264,0.810065,76.793305,0.124920,1.506786,0.050231,0.064722,0.064165,208.440155,0.866025,0.500000
2018,2,15.000000,-180.000000,17.500000,-177.500000,3413.470000,5.558274,7.495598,17.306729,30.360601,,,,,,,,,,0.866025,0.500000
2018,2,-15.000000,-135.000000,-12.500000,-132.500000,11469.950000,5.427574,7.388175,13.316449,26.132198,,,,,,,,,,0.866025,0.500000
2018,2,-15.000000,145.000000,-12.500000,147.500000,2090.660000,24.012991,0.871017,5.178269,30.062277,29.207225,0.666044,12.362190,0.187068,135.118200,0.048922,0.058890,0.099758,199.829819,0.866025,0.500000
2018,2,-15.000000,-145.000000,-12.500000,-142.500000,7595.800000,5.906685,4.462993,14.712736,25.082414,,,,,,,,,,0.866025,0.500000
2018,2,-15.000000,150.000000,-12.500000,152.500000,3082.970000,27.274025,3.030844,8.031217,38.336085,29.251172,0.688717,14.972552,0.239481,131.271663,0.055274,0.051948,0.088761,198.924805,0.866025,0.500000
2018,2,-15.000000,-150.000000,-12.500000,-147.500000,2276.850000,5.823836,5.109691,11.441246,22.374772,,,,,,,,,,0.866025,0.500000
2018,2,-15.000000,155.000000,-12.500000,157.500000,4577.440000,7.526041,2.612596,13.365549,23.504186,29.318273,0.665414,18.254859,0.200378,0.537122,0.049767,0.000000,0.076989,198.230728,0.866025,0.500000
2018,2,-15.000000,160.000000,-12.500000,162.500000,9269.030000,6.085103,1.349440,15.407330,22.841872,29.435012,0.703349,17.537977,0.126472,132.939974,0.031653,0.018274,0.079414,198.586578,0.866025,0.500000
2018,2,-15.000000,165.000000,-12.500000,167.500000,7874.810000,8.068385,1.014120,20.718722,29.801227,29.473076,0.722082,16.550243,0.144809,130.182209,0.046112,0.016192,0.075484,197.999268,0.866025,0.500000
2018,2,-15.000000,170.000000,-12.500000,172.500000,13809.010000,5.516036,1.030269,24.797433,31.343739,29.681543,0.765723,23.064831,0.136228,0.341952,0.040167,0.000000,0.066546,197.448578,0.866025,0.500000
2018,2,-15.000000,-170.000000,-12.500000,-167.500000,1071.630000,1.043271,1.033939,12.091860,14.169070,,,,,,,,,,0.866025,0.500000
2018,2,-15.000000,175.000000,-12.500000,177.500000,3094.760000,9.746798,1.650855,12.815856,24.213509,29.596022,0.808357,28.516158,0.144538,0.450468,0.050589,0.000000,0.062677,197.546310,0.866025,0.500000
2018,2,-15.000000,-175.000000,-12.500000,-172.500000,9049.830000,3.016300,0.388626,9.934220,13.339146,,,,,,,,,,0.866025,0.500000
2018,2,20.000000,125.000000,22.500000,127.500000,1754.270000,7.163093,8.994055,13.095476,29.252624,23.476842,1.035713,56.188625,0.221190,73.279234,0.106517,0.264036,0.217413,217.426422,0.866025,0.500000
2018,2,20.000000,135.000000,22.500000,137.500000,3603.610000,6.845080,4.965021,25.618200,37.428301,24.002288,0.969001,49.171382,0.162164,2.792738,0.099450,0.488333,0.106590,217.333282,0.866025,0.500000
2018,2,20.000000,140.000000,22.500000,142.500000,2291.890000,6.609392,2.603528,43.409588,52.622508,24.655157,0.907783,37.801106,0.200916,44.733554,0.122860,0.544596,0.099960,213.082748,0.866025,0.500000
2018,2,20.000000,145.000000,22.500000,147.500000,2769.230000,13.151670,2.691723,39.467289,55.310682,25.410122,0.904575,39.609891,0.183586,2.886333,0.083213,0.294722,0.090457,210.956345,0.866025,0.500000
2018,2,20.000000,150.000000,22.500000,152.500000,3364.790000,18.891224,2.997215,33.863629,55.752068,25.808856,0.972771,39.036015,0.130545,4.295769,0.049995,0.255000,0.087208,210.552322,0.866025,0.500000
2018,2,20.000000,155.000000,22.500000,157.500000,1003.970000,12.895804,3.113639,36.420411,52.429853,25.848165,0.958835,47.169538,0.150828,2.954195,0.064509,0.270278,0.096990,209.973068,0.866025,0.500000
2018,2,20.000000,-155.000000,22.500000,-152.500000,2712.760000,4.792167,18.319350,0.000000,23.111517,,,,,,,,,,0.866025,0.500000
2018,2,20.000000,-160.000000,22.500000,-157.500000,2863.170000,3.841896,12.224213,0.000000,16.066109,,,,,,,,,,0.866025,0.500000
2018,2,20.000000,-165.000000,22.500000,-162.500000,1991.840000,4.016387,14.075930,0.000000,18.092317,,,,,,,,,,0.866025,0.500000
2018,2,-20.000000,-135.000000,-17.500000,-132.500000,7508.990000,3.354512,2.185913,17.892420,23.432845,,,,,,,,,,0.866025,0.500000
2018,2,-20.000000,-145.000000,-17.500000,-142.500000,1163.230000,5.863845,3.330382,10.683184,19.877410,,,,,,,,,,0.866025,0.500000
2018,2,-20.000000,155.000000,-17.500000,157.500000,1217.060000,4.147700,0.865200,34.163476,39.176376,28.326218,0.735322,17.893384,0.157814,1.747152,0.053252,0.078056,0.091443,202.122025,0.866025,0.500000
2018,2,-20.000000,160.000000,-17.500000,162.500000,2133.340000,10.136218,0.946403,23.027272,34.109893,28.416725,0.747308,18.149737,0.111887,55.872549,0.027711,0.048902,0.086695,201.660492,0.866025,0.500000
2018,2,-20.000000,165.000000,-17.500000,167.500000,8136.300000,6.052628,0.458808,27.574082,34.085518,28.722060,0.739755,15.180271,0.161775,129.840297,0.056718,0.092810,0.093326,201.253784,0.866025,0.500000
2018,2,-20.000000,170.000000,-17.500000,172.500000,20008.020000,4.640289,0.477409,28.107829,33.225527,29.258338,0.746163,14.448692,0.134997,1.056497,0.061506,0.040556,0.094355,199.835114,0.866025,0.500000
2018,2,-20.000000,175.000000,-17.500000,177.500000,11674.630000,8.273239,1.725108,9.476360,19.474707,29.200101,0.739725,15.520926,0.075704,132.718162,0.030446,0.082232,0.100991,199.458771,0.866025,0.500000
2018,2,-20.000000,-175.000000,-17.500000,-172.500000,1118.430000,6.011999,1.127473,12.895756,20.035228,,,,,,,,,,0.866025,0.500000
2018,2,-20.000000,-180.000000,-17.500000,-177.500000,3373.100000,13.535917,0.987815,5.655332,20.179064,,,,,,,,,,0.866025,0.500000
2018,2,25.000000,130.000000,27.500000,132.500000,9715.820000,6.505678,4.864746,26.278585,37.649010,20.875708,0.965782,103.691411,0.226474,42.350435,0.165718,0.292859,0.363587,225.655075,0.866025,0.500000
2018,2,25.000000,135.000000,27.500000,137.500000,7330.130000,4.954755,6.582284,33.513730,45.050770,20.728468,0.960814,105.584299,0.198523,4.150134,0.125061,0.324722,0.368279,225.615768,0.866025,0.500000
2018,2,25.000000,140.000000,27.500000,142.500000,3906.720000,3.724608,3.083917,54.253440,61.061965,20.567212,0.918084,79.911733,0.153182,41.095434,0.099042,0.399555,0.348372,226.654358,0.866025,0.500000
2018,2,25.000000,150.000000,27.500000,152.500000,1404.460000,5.765917,6.364012,42.910442,55.040371,21.162519,0.837615,60.632185,0.127169,5.878694,0.057705,0.610000,0.107738,227.984451,0.866025,0.500000
2018,2,25.000000,160.000000,27.500000,162.500000,1881.860000,0.557427,8.486285,34.136439,43.180152,21.446871,0.778226,48.973690,0.117224,9.068208,0.064110,0.603056,0.062240,227.195923,0.866025,0.500000
2018,2,25.000000,-160.000000,27.500000,-157.500000,3568.480000,5.161301,10.053300,6.330146,21.544747,,,,,,,,,,0.866025,0.500000
2018,2,25.000000,165.000000,27.500000,167.500000,2077.040000,2.842507,7.062454,40.339136,50.244097,21.711381,0.765287,60.639137,0.106404,4.931660,0.053111,0.516944,0.057851,226.946030,0.866025,0.500000
2018,2,25.000000,-165.000000,27.500000,-162.500000,3254.750000,5.540210,6.318150,1.957754,13.816115,,,,,,,,,,0.866025,0.500000
2018,2,-25.000000,150.000000,-22.500000,152.500000,2166.780000,17.063107,2.577096,3.326595,22.966799,28.091016,0.675171,20.512257,0.195518,126.920185,0.101971,0.261952,0.133657,202.881638,0.866025,0.500000
2018,2,-25.000000,160.000000,-22.500000,162.500000,1013.430000,4.830131,0.280236,29.386341,34.496709,26.632587,0.686799,20.130278,0.141795,125.625441,0.057833,0.112299,0.086501,206.320312,0.866025,0.500000
2018,2,-25.000000,165.000000,-22.500000,167.500000,1930.680000,8.122009,0.549547,20.908695,29.580252,26.899127,0.678803,17.166662,0.150300,124.949797,0.071337,0.200174,0.091255,205.239563,0.866025,0.500000
2018,2,-25.000000,170.000000,-22.500000,172.500000,1394.820000,3.088571,0.221534,28.426607,31.736712,27.285313,0.695358,15.687362,0.209518,1.956618,0.088207,0.090000,0.092660,204.244324,0.866025,0.500000
2018,2,-25.000000,175.000000,-22.500000,177.500000,1771.700000,5.732912,0.682960,16.977479,23.393351,27.692465,0.630196,13.688993,0.182672,2.153064,0.087903,0.110000,0.092671,203.230530,0.866025,0.500000
2018,2,30.000000,130.000000,32.500000,132.500000,6845.860000,7.978545,5.666052,19.018356,32.662952,17.291576,0.570601,93.375765,0.387927,89.722841,0.400484,0.574566,0.567162,231.453125,0.866025,0.500000
2018,2,30.000000,135.000000,32.500000,137.500000,3156.990000,6.777658,6.799831,45.311198,58.888688,17.822178,0.534239,110.553352,0.460669,73.035122,0.452779,0.545760,0.668539,229.232208,0.866025,0.500000
2018,2,30.000000,140.000000,32.500000,142.500000,13182.920000,1.097632,7.213121,3.568784,11.879538,18.533105,0.874284,168.117152,0.226908,25.581220,0.162594,0.315556,0.421192,226.318573,0.866025,0.500000
2018,2,30.000000,145.000000,32.500000,147.500000,4912.360000,0.109316,4.769398,1.031480,5.910194,18.270099,0.914072,177.092222,0.186895,2.628430,0.090473,0.179167,0.404830,232.968765,0.866025,0.500000
2018,2,30.000000,160.000000,32.500000,162.500000,4658.400000,8.611111,6.101666,32.549588,47.262365,17.715331,0.695696,113.815353,0.237661,3.385190,0.227812,0.538333,0.351296,243.812302,0.866025,0.500000
2018,2,30.000000,165.000000,32.500000,167.500000,2225.860000,20.866092,3.314225,33.198853,57.379170,17.837023,0.680399,97.061496,0.242671,3.706556,0.200030,0.381111,0.293802,246.076920,0.866025,0.500000
2018,2,-30.000000,155.000000,-27.500000,157.500000,2237.900000,5.497118,3.157871,5.924751,14.579740,25.831552,0.730693,23.176096,0.258293,4.140150,0.132237,0.241111,0.084191,209.755325,0.866025,0.500000
2018,2,35.000000,140.000000,37.500000,142.500000,3433.980000,0.429531,16.341097,3.493323,20.263950,12.340236,0.071491,100.657963,0.338293,70.252713,0.208014,0.854707,0.554132,231.420639,0.866025,0.500000
2018,2,-35.000000,150.000000,-32.500000,152.500000,1019.260000,40.449934,1.365697,0.202107,42.017738,25.445169,0.554171,20.248051,0.441206,114.016853,0.267605,0.562591,0.169842,212.578873,0.866025,0.500000
2018,2,-40.000000,175.000000,-37.500000,177.500000,1468.230000,1.362865,8.495263,3.541679,13.399808,,,,,,,,,,0.866025,0.500000
2018,3,0.000000,120.000000,2.500000,122.500000,15041.240000,14.191849,5.134218,0.000000,19.326066,29.341684,0.666568,12.718509,0.174816,134.575735,0.011688,0.072936,0.101853,200.688080,1.000000,0.000000
2018,3,0.000000,125.000000,2.500000,127.500000,20054.990000,14.191830,5.134233,0.000000,19.326063,29.196874,0.651299,14.657609,0.258838,136.364552,0.032772,0.123109,0.100150,199.957642,1.000000,0.000000
2018,3,0.000000,130.000000,2.500000,132.500000,7387.150000,19.020326,5.126605,0.014485,24.161415,29.324139,0.693070,15.108062,0.287689,117.475697,0.024216,0.005279,0.108742,200.074661,1.000000,0.000000
2018,3,0.000000,135.000000,2.500000,137.500000,1917.300000,19.643770,12.056538,0.000000,31.700308,29.397358,0.714249,21.415814,0.283725,0.549880,0.024438,0.000000,0.124342,199.800735,1.000000,0.000000
2018,3,0.000000,140.000000,2.500000,142.500000,2392.400000,20.321853,7.328206,1.386056,29.036114,29.640533,0.727760,26.437508,0.301151,0.599590,0.018626,0.000000,0.143476,199.823746,1.000000,0.000000
2018,3,0.000000,145.000000,2.500000,147.500000,8344.410000,18.918174,9.292329,2.776949,30.987451,29.790002,0.749288,24.212751,0.211853,0.763599,0.012911,0.000556,0.117348,199.562698,1.000000,0.000000
2018,3,0.000000,150.000000,2.500000,152.500000,5200.600000,8.366342,7.272238,2.502019,18.140599,29.845838,0.767023,21.698025,0.170415,0.425505,0.009773,0.000000,0.122284,199.221252,1.000000,0.000000
2018,3,0.000000,155.000000,2.500000,157.500000,5666.640000,5.815439,8.368628,2.745542,16.929609,29.755866,0.772927,19.260783,0.149011,0.278431,0.006439,0.000000,0.153413,199.443054,1.000000,0.000000
2018,3,0.000000,-155.000000,2.500000,-152.500000,9437.790000,4.002420,29.506908,0.012503,33.521831,,,,,,,,,,1.000000,0.000000
2018,3,0.000000,160.000000,2.500000,162.500000,4951.390000,5.880369,8.000986,1.152404,15.033758,29.650246,0.769352,19.843517,0.197229,0.387442,0.008922,0.000000,0.170465,199.896637,1.000000,0.000000
2018,3,0.000000,165.000000,2.500000,167.500000,2102.580000,6.522938,13.164303,0.104158,19.791399,29.335137,0.746294,20.390106,0.296267,92.782789,0.018268,0.002779,0.165999,200.640701,1.000000,0.000000
2018,3,0.000000,170.000000,2.500000,172.500000,1380.760000,10.517396,12.317854,1.276109,24.111359,28.665851,0.714213,22.302234,0.359614,128.442196,0.017228,0.019537,0.222179,203.455490,1.000000,0.000000
2018,3,0.000000,-170.000000,2.500000,-167.500000,5710.170000,3.967833,11.213852,0.164268,15.345953,,,,,,,,,,1.000000,0.000000
2018,3,0.000000,175.000000,2.500000,177.500000,4981.980000,11.035974,15.782882,0.185268,27.004123,28.365212,0.697721,21.237832,0.381486,0.916806,0.017685,0.003611,0.180794,204.702789,1.000000,0.000000
2018,3,0.000000,-175.000000,2.500000,-172.500000,3256.470000,3.559376,10.167451,0.538006,14.264833,,,,,,,,,,1.000000,0.000000
2018,3,5.000000,130.000000,7.500000,132.500000,2768.860000,14.869296,33.751074,0.000000,48.620371,28.921345,0.583841,22.943277,0.461033,129.403322,0.085215,0.007804,0.090666,200.088959,1.000000,0.000000
2018,3,5.000000,135.000000,7.500000,137.500000,3735.520000,22.851705,30.721292,0.000000,53.572997,28.925735,0.640274,25.207866,0.314045,128.782206,0.066601,0.006954,0.082075,199.420853,1.000000,0.000000
2018,3,5.000000,140.000000,7.500000,142.500000,3533.130000,13.515212,39.363114,0.045003,52.923329,28.900901,0.670984,30.813227,0.205690,0.506305,0.035512,0.000000,0.073710,199.219696,1.000000,0.000000
2018,3,5.000000,145.000000,7.500000,147.500000,2930.240000,9.635388,13.160697,0.265507,23.061592,29.004129,0.695683,32.974573,0.176481,0.704635,0.031367,0.000000,0.073265,199.012283,1.000000,0.000000
2018,3,5.000000,150.000000,7.500000,152.500000,4117.510000,5.675517,10.284128,1.399875,17.359521,29.049063,0.707343,34.508262,0.155194,116.684621,0.028298,0.004454,0.078676,199.023300,1.000000,0.000000
2018,3,5.000000,155.000000,7.500000,157.500000,10855.790000,6.875870,14.021826,1.228285,22.125981,28.915929,0.699803,36.149163,0.134821,122.897780,0.029158,0.003336,0.096561,199.303299,1.000000,0.000000
2018,3,5.000000,-155.000000,7.500000,-152.500000,1790.300000,5.430933,17.700944,0.034631,23.166508,,,,,,,,,,1.000000,0.000000
2018,3,5.000000,160.000000,7.500000,162.500000,8601.740000,7.806328,19.596965,0.581045,27.984338,28.907100,0.693812,39.195517,0.102473,0.563768,0.026249,0.000000,0.104574,199.637070,1.000000,0.000000
2018,3,5.000000,-160.000000,7.500000,-157.500000,1368.150000,4.117239,12.522750,0.112561,16.752549,,,,,,,,,,1.000000,0.000000
2018,3,5.000000,165.000000,7.500000,167.500000,7203.100000,5.605364,11.330677,0.143827,17.079868,28.761925,0.654155,31.533230,0.152108,130.200862,0.047800,0.067989,0.136776,200.321548,1.000000,0.000000
2018,3,5.000000,170.000000,7.500000,172.500000,1404.380000,8.237799,10.305615,0.138851,18.682265,28.579181,0.616869,26.428558,0.142620,129.552299,0.049618,0.043038,0.178160,201.797928,1.000000,0.000000
2018,3,5.000000,-170.000000,7.500000,-167.500000,4231.190000,3.836509,11.536944,0.063812,15.437265,,,,,,,,,,1.000000,0.000000
2018,3,5.000000,175.000000,7.500000,177.500000,13674.200000,3.667052,17.078732,0.227728,20.973512,28.427938,0.587528,24.656456,0.173259,0.819823,0.062208,0.006944,0.175355,202.264145,1.000000,0.000000
2018,3,5.000000,-175.000000,7.500000,-172.500000,7818.350000,4.143841,10.084609,0.454188,14.682638,,,,,,,,,,1.000000,0.000000
2018,3,5.000000,-180.000000,7.500000,-177.500000,10304.380000,3.430871,15.094358,0.338012,18.863241,,,,,,,,,,1.000000,0.000000
2018,3,-5.000000,120.000000,-2.500000,122.500000,20054.990000,14.191830,5.134233,0.000000,19.326063,29.803942,0.684608,13.171434,0.099111,136.823684,0.005962,0.239357,0.105005,199.920547,1.000000,0.000000
2018,3,-5.000000,125.000000,-2.500000,127.500000,30082.480000,14.191815,5.134218,0.000000,19.326033,29.260621,0.691683,18.344932,0.159053,132.717775,0.010099,0.152322,0.095682,199.390167,1.000000,0.000000
2018,3,-5.000000,130.000000,-2.500000,132.500000,10027.490000,14.191787,5.134186,0.000000,19.325973,29.240281,0.701653,20.659024,0.229526,132.929427,0.022805,0.242863,0.162218,198.494888,1.000000,0.000000
2018,3,-5.000000,-155.000000,-2.500000,-152.500000,2846.230000,3.319830,15.638933,0.122970,19.081733,,,,,,,,,,1.000000,0.000000
2018,3,-5.000000,160.000000,-2.500000,162.500000,6086.230000,16.653823,8.614200,1.511116,26.779139,29.737271,0.798257,18.020206,0.243050,0.320260,0.031497,0.000000,0.149924,198.672165,1.000000,0.000000
2018,3,-5.000000,-165.000000,-2.500000,-162.500000,6277.150000,5.557618,8.896872,1.191624,15.646113,,,,,,,,,,1.000000,0.000000
2018,3,-5.000000,-170.000000,-2.500000,-167.500000,3515.140000,6.101606,7.233567,1.864222,15.199395,,,,,,,,,,1.000000,0.000000
2018,3,-5.000000,-180.000000,-2.500000,-177.500000,6386.920000,9.876905,14.118229,1.811984,25.807118,,,,,,,,,,1.000000,0.000000
2018,3,10.000000,110.000000,12.500000,112.500000,19687.960000,17.459910,0.954492,0.000000,18.414401,27.057354,0.654426,18.834245,0.132880,1.550841,0.017634,0.071667,0.093238,206.658249,1.000000,0.000000
2018,3,10.000000,115.000000,12.500000,117.500000,19687.960000,17.459910,0.954492,0.000000,18.414401,27.955860,0.657185,16.422839,0.138309,127.736760,0.022365,0.122588,0.093876,204.297363,1.000000,0.000000
2018,3,10.000000,125.000000,12.500000,127.500000,1188.550000,8.524673,1.888856,4.625805,15.039334,28.622154,0.877778,39.295499,0.277318,127.665239,0.080206,0.040533,0.087106,201.406845,1.000000,0.000000
2018,3,10.000000,130.000000,12.500000,132.500000,6048.350000,19.895509,10.117305,14.330851,44.343664,28.552866,0.867376,34.026063,0.258393,0.654007,0.088031,0.000000,0.088575,200.880737,1.000000,0.000000
2018,3,10.000000,135.000000,12.500000,137.500000,6360.160000,4.335897,0.357853,3.863268,8.557017,28.499565,0.859234,33.287533,0.258228,115.057142,0.101899,0.001946,0.091506,201.490875,1.000000,0.000000
2018,3,10.000000,140.000000,12.500000,142.500000,1383.680000,5.327099,1.183077,1.188859,7.699034,28.391454,0.864652,35.840399,0.238422,88.737776,0.083072,0.004174,0.086448,202.307602,1.000000,0.000000
2018,3,10.000000,150.000000,12.500000,152.500000,2724.670000,4.636158,1.525689,0.545020,6.706867,27.961358,0.843553,40.094711,0.245445,0.419783,0.082304,0.000000,0.082698,202.955719,1.000000,0.000000
2018,3,10.000000,155.000000,12.500000,157.500000,12486.230000,2.169990,0.345501,0.468276,2.983767,27.634916,0.806206,39.260284,0.240573,0.655310,0.080868,0.000000,0.071830,203.955795,1.000000,0.000000
2018,3,10.000000,-160.000000,12.500000,-157.500000,2283.660000,2.924691,1.608821,0.022770,4.556282,,,,,,,,,,1.000000,0.000000
2018,3,10.000000,-165.000000,12.500000,-162.500000,3019.360000,4.190954,17.716337,0.119893,22.027185,,,,,,,,,,1.000000,0.000000
2018,3,10.000000,170.000000,12.500000,172.500000,2757.810000,4.296163,15.488377,0.853576,20.638115,26.851280,0.670832,35.192660,0.240211,55.376171,0.091056,0.038344,0.079641,206.340836,1.000000,0.000000
2018,3,10.000000,-170.000000,12.500000,-167.500000,9142.310000,5.614445,16.098776,0.425604,22.138825,,,,,,,,,,1.000000,0.000000
2018,3,10.000000,175.000000,12.500000,177.500000,14915.860000,3.889484,6.404592,1.154275,11.448351,27.137873,0.609492,30.979129,0.200853,0.922681,0.064486,0.022222,0.085493,206.959518,1.000000,0.000000
2018,3,10.000000,-175.000000,12.500000,-172.500000,15495.030000,4.894989,14.124658,0.628137,19.647784,,,,,,,,,,1.000000,0.000000
2018,3,10.000000,-180.000000,12.500000,-177.500000,20763.750000,3.421251,10.301656,0.660430,14.383336,,,,,,,,,,1.000000,0.000000
2018,3,-10.000000,-135.000000,-7.500000,-132.500000,2953.800000,4.162773,17.750017,3.304557,25.217347,,,,,,,,,,1.000000,0.000000
2018,3,-10.000000,-145.000000,-7.500000,-142.500000,6154.220000,14.104793,6.246608,10.654315,31.005716,,,,,,,,,,1.000000,0.000000
2018,3,-10.000000,150.000000,-7.500000,152.500000,1497.120000,47.565325,2.634391,0.038741,50.238458,29.797189,0.728993,12.953758,0.178437,133.966829,0.035451,0.085757,0.115942,198.391815,1.000000,0.000000
2018,3,-10.000000,-150.000000,-7.500000,-147.500000,14012.870000,6.418671,5.184805,16.415267,28.018743,,,,,,,,,,1.000000,0.000000
2018,3,-10.000000,155.000000,-7.500000,157.500000,2561.100000,16.214127,4.464488,1.207294,21.885908,29.759442,0.766662,14.302966,0.205670,134.637977,0.038747,0.101070,0.112687,198.054306,1.000000,0.000000
2018,3,-10.000000,160.000000,-7.500000,162.500000,6202.450000,10.500044,5.099275,1.703359,17.302679,29.789166,0.858646,21.710614,0.208154,134.574756,0.038622,0.031973,0.108867,197.720566,1.000000,0.000000
2018,3,-10.000000,165.000000,-7.500000,167.500000,6493.030000,8.327545,5.002595,9.722887,23.053028,29.715360,0.877342,20.905265,0.111138,0.286656,0.016548,0.000000,0.092325,197.593628,1.000000,0.000000
2018,3,-10.000000,-165.000000,-7.500000,-162.500000,4433.670000,7.811813,5.257044,5.332377,18.401234,,,,,,,,,,1.000000,0.000000
2018,3,-10.000000,170.000000,-7.500000,172.500000,3664.170000,5.860536,4.243799,6.739043,16.843378,29.655834,0.862700,21.607996,0.092167,0.416530,0.023104,0.000000,0.092213,197.772934,1.000000,0.000000
2018,3,-10.000000,-170.000000,-7.500000,-167.500000,4293.700000,6.718215,3.868458,8.592589,19.179263,,,,,,,,,,1.000000,0.000000
2018,3,-10.000000,175.000000,-7.500000,177.500000,1726.170000,9.781192,3.931826,8.076841,21.789858,29.599106,0.867059,21.270215,0.149618,0.529058,0.039034,0.000000,0.097424,198.058411,1.000000,0.000000
2018,3,-10.000000,-175.000000,-7.500000,-172.500000,1220.840000,3.483667,0.836309,10.998165,15.318142,,,,,,,,,,1.000000,0.000000
2018,3,-10.000000,-180.000000,-7.500000,-177.500000,3258.080000,6.468227,4.655196,4.560661,15.684084,,,,,,,,,,1.000000,0.000000
2018,3,15.000000,110.000000,17.500000,112.500000,19687.960000,17.459910,0.954492,0.000000,18.414401,25.096418,0.608696,18.164236,0.131935,106.265815,0.057047,0.294491,0.125327,213.715561,1.000000,0.000000
2018,3,15.000000,115.000000,17.500000,117.500000,19687.960000,17.459910,0.954492,0.000000,18.414401,26.140366,0.549886,17.139417,0.184006,124.532176,0.082335,0.347354,0.103261,210.759201,1.000000,0.000000
2018,3,15.000000,125.000000,17.500000,127.500000,6154.740000,5.417451,1.504369,7.333697,14.255517,27.070795,0.975700,32.838977,0.197472,3.342257,0.068186,0.288056,0.105311,206.160522,1.000000,0.000000
2018,3,15.000000,130.000000,17.500000,132.500000,3715.920000,5.464326,0.440806,3.104749,9.009882,27.378976,1.006942,39.782023,0.170716,1.492555,0.046499,0.071944,0.100674,205.104614,1.000000,0.000000
2018,3,15.000000,135.000000,17.500000,137.500000,6548.050000,5.958568,2.422095,18.695184,27.075847,27.652235,1.014889,33.338167,0.149592,1.853849,0.035570,0.208611,0.092930,203.922409,1.000000,0.000000
2018,3,15.000000,140.000000,17.500000,142.500000,2511.490000,6.141772,1.498314,16.664609,24.304696,27.642162,0.987268,39.108666,0.136574,2.872005,0.043013,0.176944,0.101215,203.937759,1.000000,0.000000
2018,3,15.000000,150.000000,17.500000,152.500000,5732.780000,10.909192,0.909158,24.991540,36.809890,27.431994,0.991257,52.322292,0.171150,2.346787,0.069201,0.070278,0.079471,204.685730,1.000000,0.000000
2018,3,15.000000,155.000000,17.500000,157.500000,1772.330000,7.366010,1.218735,20.729210,29.313954,27.226093,0.975485,66.373607,0.151227,1.278770,0.040879,0.074444,0.062521,205.473145,1.000000,0.000000
2018,3,15.000000,-155.000000,17.500000,-152.500000,1715.870000,1.847459,12.455489,0.000000,14.302948,,,,,,,,,,1.000000,0.000000
2018,3,15.000000,160.000000,17.500000,162.500000,1118.230000,3.151409,1.106212,13.323735,17.581356,26.607099,0.894976,59.854642,0.158135,1.153635,0.061407,0.027500,0.061227,206.529205,1.000000,0.000000
2018,3,15.000000,-160.000000,17.500000,-157.500000,3677.050000,2.879482,11.747189,0.000000,14.626671,,,,,,,,,,1.000000,0.000000
2018,3,15.000000,-165.000000,17.500000,-162.500000,3182.110000,4.148191,12.447087,0.000000,16.595278,,,,,,,,,,1.000000,0.000000
2018,3,15.000000,175.000000,17.500000,177.500000,1498.060000,21.304888,1.653472,7.434949,30.393309,25.925663,0.725555,37.778144,0.104346,1.262646,0.022439,0.014722,0.057364,209.898285,1.000000,0.000000
2018,3,15.000000,-180.000000,17.500000,-177.500000,1770.870000,1.071790,2.077510,12.396732,15.546031,,,,,,,,,,1.000000,0.000000
2018,3,-15.000000,-135.000000,-12.500000,-132.500000,6089.900000,3.130429,9.510008,15.922593,28.563031,,,,,,,,,,1.000000,0.000000
2018,3,-15.000000,-140.000000,-12.500000,-137.500000,1265.480000,8.334387,4.110693,13.210007,25.655087,,,,,,,,,,1.000000,0.000000
2018,3,-15.000000,145.000000,-12.500000,147.500000,2577.590000,16.930156,0.765832,6.512673,24.208660,29.264515,0.682840,15.527464,0.208639,134.401918,0.051367,0.028740,0.110244,199.077179,1.000000,0.000000
2018,3,-15.000000,-145.000000,-12.500000,-142.500000,6542.440000,5.621603,4.235423,16.440655,26.297681,,,,,,,,,,1.000000,0.000000
2018,3,-15.000000,150.000000,-12.500000,152.500000,3424.800000,25.145994,4.066223,21.831056,51.043273,29.509771,0.700853,16.201564,0.188201,133.638921,0.040290,0.029927,0.089717,198.278656,1.000000,0.000000
2018,3,-15.000000,-150.000000,-12.500000,-147.500000,11490.260000,8.864638,4.392503,21.139295,34.396437,,,,,,,,,,1.000000,0.000000
2018,3,-15.000000,155.000000,-12.500000,157.500000,8178.780000,16.665689,3.297069,16.544644,36.507401,29.702940,0.687971,16.224488,0.209299,0.692352,0.054297,0.000000,0.086966,198.110794,1.000000,0.000000
2018,3,-15.000000,160.000000,-12.500000,162.500000,7630.890000,7.971154,1.340866,21.934139,31.246159,29.601098,0.697708,18.891362,0.171787,134.141128,0.040349,0.020804,0.087541,198.208115,1.000000,0.000000
2018,3,-15.000000,-160.000000,-12.500000,-157.500000,2897.490000,4.479049,0.331666,16.668910,21.479625,,,,,,,,,,1.000000,0.000000
2018,3,-15.000000,165.000000,-12.500000,167.500000,8074.140000,7.558080,1.099684,23.641899,32.299663,29.592813,0.765211,19.798053,0.153069,131.378117,0.041409,0.015355,0.077246,197.332306,1.000000,0.000000
2018,3,-15.000000,170.000000,-12.500000,172.500000,16402.590000,4.961716,1.683941,16.923608,23.569266,29.737983,0.801596,22.858831,0.125152,0.284816,0.046685,0.000000,0.071076,197.300247,1.000000,0.000000
2018,3,-15.000000,175.000000,-12.500000,177.500000,5173.630000,9.979647,1.934039,8.224979,20.138665,29.630547,0.833094,24.015822,0.127227,0.589934,0.058601,0.000000,0.064436,197.711273,1.000000,0.000000
2018,3,-15.000000,-175.000000,-12.500000,-172.500000,10874.480000,2.058121,0.439745,13.570488,16.068355,,,,,,,,,,1.000000,0.000000
2018,3,20.000000,125.000000,22.500000,127.500000,1738.230000,7.600835,3.832634,13.946946,25.380416,23.615632,0.991957,28.432090,0.193681,70.701097,0.098045,0.437743,0.170322,218.605942,1.000000,0.000000
2018,3,20.000000,130.000000,22.500000,132.500000,1115.410000,3.685640,4.560655,16.677276,24.923571,24.726031,0.998111,28.851225,0.204947,3.860426,0.073408,0.475833,0.108044,218.271667,1.000000,0.000000
2018,3,20.000000,145.000000,22.500000,147.500000,2711.350000,7.304479,1.704686,24.556771,33.565936,25.848736,0.950769,36.530488,0.194488,6.155332,0.079417,0.356667,0.090073,211.892670,1.000000,0.000000
2018,3,20.000000,155.000000,22.500000,157.500000,1262.320000,5.203118,5.927182,29.185943,40.316243,25.610629,0.909199,43.516811,0.175140,2.523343,0.078432,0.292778,0.112097,210.616287,1.000000,0.000000
2018,3,20.000000,-155.000000,22.500000,-152.500000,12563.780000,3.713293,18.329118,0.001512,22.043923,,,,,,,,,,1.000000,0.000000
2018,3,20.000000,-160.000000,22.500000,-157.500000,5358.560000,3.585665,14.296938,0.000000,17.882603,,,,,,,,,,1.000000,0.000000
2018,3,-20.000000,-135.000000,-17.500000,-132.500000,1337.520000,2.460524,1.831748,14.191190,18.483462,,,,,,,,,,1.000000,0.000000
2018,3,-20.000000,-150.000000,-17.500000,-147.500000,1290.690000,4.757145,2.372374,8.781350,15.910869,,,,,,,,,,1.000000,0.000000
2018,3,-20.000000,-155.000000,-17.500000,-152.500000,1094.330000,5.072510,2.639058,9.124304,16.835872,,,,,,,,,,1.000000,0.000000
2018,3,-20.000000,160.000000,-17.500000,162.500000,1940.330000,7.815165,0.915308,18.302557,27.033030,28.611487,0.730600,18.361095,0.115170,56.666492,0.042287,0.012226,0.085893,200.673248,1.000000,0.000000
2018,3,-20.000000,165.000000,-17.500000,167.500000,5912.860000,5.228773,0.897028,21.168098,27.293898,28.819613,0.729244,16.849741,0.130443,131.104601,0.040184,0.056431,0.094885,200.060989,1.000000,0.000000
2018,3,-20.000000,170.000000,-17.500000,172.500000,12303.030000,3.919197,0.661057,19.918996,24.499249,29.107357,0.722886,16.879280,0.135738,0.826098,0.054587,0.014167,0.091780,199.539764,1.000000,0.000000
2018,3,-20.000000,-170.000000,-17.500000,-167.500000,1480.410000,9.392668,1.444870,31.789842,42.627380,,,,,,,,,,1.000000,0.000000
2018,3,-20.000000,175.000000,-17.500000,177.500000,17151.360000,4.323389,1.054552,9.486303,14.864244,29.180662,0.758096,17.651306,0.075398,132.024547,0.013783,0.073421,0.098692,199.659210,1.000000,0.000000
2018,3,-20.000000,-175.000000,-17.500000,-172.500000,1547.380000,8.509868,1.159379,23.645129,33.314377,,,,,,,,,,1.000000,0.000000
2018,3,-20.000000,-180.000000,-17.500000,-177.500000,6296.590000,8.247321,1.544169,6.767790,16.559280,,,,,,,,,,1.000000,0.000000
2018,3,25.000000,130.000000,27.500000,132.500000,12096.320000,3.709227,2.225884,15.370377,21.305488,21.187353,0.939792,43.673058,0.261540,45.055118,0.133995,0.438177,0.386675,230.716446,1.000000,0.000000
2018,3,25.000000,135.000000,27.500000,137.500000,8900.040000,6.363792,5.420425,26.370893,38.155109,21.197991,0.984893,41.780265,0.163862,3.625851,0.086758,0.437778,0.376796,229.866272,1.000000,0.000000
2018,3,25.000000,140.000000,27.500000,142.500000,6789.080000,3.688718,4.076252,31.208058,38.973027,20.824866,0.916688,33.213027,0.158829,41.174773,0.092521,0.454849,0.302918,229.759979,1.000000,0.000000
2018,3,25.000000,-155.000000,27.500000,-152.500000,3345.850000,6.617750,17.516326,0.000000,24.134077,,,,,,,,,,1.000000,0.000000
2018,3,25.000000,-160.000000,27.500000,-157.500000,1678.350000,10.908333,14.884857,0.611315,26.404504,,,,,,,,,,1.000000,0.000000
2018,3,25.000000,-165.000000,27.500000,-162.500000,1933.330000,12.356918,18.620722,0.057414,31.035054,,,,,,,,,,1.000000,0.000000
2018,3,-25.000000,160.000000,-22.500000,162.500000,1502.070000,3.601696,0.685720,12.679169,16.966586,26.763527,0.720529,21.875150,0.138672,127.004881,0.042079,0.172530,0.083720,205.255661,1.000000,0.000000
2018,3,-25.000000,165.000000,-22.500000,167.500000,1693.690000,9.221876,1.368609,13.225561,23.816047,26.917512,0.674985,18.004684,0.171795,126.789406,0.077388,0.281286,0.089476,204.710663,1.000000,0.000000
2018,3,-25.000000,175.000000,-22.500000,177.500000,1006.110000,2.105138,0.686804,10.356720,13.148662,27.843071,0.671341,17.390253,0.169633,1.386455,0.076491,0.060278,0.092076,202.512054,1.000000,0.000000
2018,3,-25.000000,-180.000000,-22.500000,-177.500000,1761.360000,10.293750,0.859563,3.467775,14.621088,,,,,,,,,,1.000000,0.000000
2018,3,30.000000,130.000000,32.500000,132.500000,4195.500000,5.687522,2.696699,17.663449,26.047670,18.173959,0.602272,36.544359,0.425037,91.971032,0.434492,0.749904,0.702731,236.025955,1.000000,0.000000
2018,3,30.000000,135.000000,32.500000,137.500000,2174.850000,8.480125,5.911672,24.077523,38.469320,18.673353,0.550739,47.311140,0.527676,71.606328,0.439461,0.619280,0.861139,235.922043,1.000000,0.000000
2018,3,30.000000,140.000000,32.500000,142.500000,12719.860000,1.544357,14.642064,16.016214,32.202634,18.651779,0.921238,86.510187,0.266484,24.635845,0.185251,0.306389,0.672727,233.875839,1.000000,0.000000
2018,3,30.000000,145.000000,32.500000,147.500000,9682.310000,0.139430,6.044838,6.427289,12.611557,18.084203,0.916900,107.953214,0.172250,3.118231,0.094796,0.186667,0.696141,240.172363,1.000000,0.000000
2018,3,30.000000,150.000000,32.500000,152.500000,2412.250000,0.027360,1.211732,0.168722,1.407814,17.731481,0.753418,88.805857,0.247472,2.761396,0.175378,0.460833,0.585148,245.371811,1.000000,0.000000
2018,3,30.000000,165.000000,32.500000,167.500000,1191.990000,8.179599,3.458922,17.268601,28.907122,17.827386,0.672585,57.572493,0.243377,3.122414,0.190450,0.425556,0.279850,248.742935,1.000000,0.000000
2018,3,-30.000000,155.000000,-27.500000,157.500000,1428.040000,3.116159,2.718411,2.753424,8.587995,25.408336,0.764671,32.347926,0.277072,3.463493,0.130316,0.273611,0.078434,210.421860,1.000000,0.000000
2018,3,35.000000,140.000000,37.500000,142.500000,1671.910000,0.695013,10.373166,11.370229,22.438409,14.228978,0.165632,49.881341,0.358093,69.222082,0.230858,0.856128,0.960050,238.371964,1.000000,0.000000
2018,3,-35.000000,150.000000,-32.500000,152.500000,1468.200000,33.374881,2.417246,0.327612,36.119738,25.109138,0.633790,26.847071,0.528394,115.147202,0.321224,0.461092,0.195627,212.235428,1.000000,0.000000
2018,3,-40.000000,150.000000,-37.500000,152.500000,1217.740000,45.646854,4.193834,0.690624,50.531312,,,,,,,,,,1.000000,0.000000
2018,3,-40.000000,175.000000,-37.500000,177.500000,1286.050000,1.359201,10.672213,4.583803,16.615217,,,,,,,,,,1.000000,0.000000
2018,3,-45.000000,155.000000,-42.500000,157.500000,3513.250000,0.016224,0.032449,9.656586,9.705259,,,,,,,,,,1.000000,0.000000
2018,4,0.000000,120.000000,2.500000,122.500000,13109.170000,16.283487,5.890915,0.000000,22.174402,29.548738,0.650443,11.594003,0.315389,137.142723,0.026244,0.067970,0.102452,200.428146,0.866025,-0.500000
2018,4,0.000000,125.000000,2.500000,127.500000,17478.890000,16.283471,5.890935,0.000000,22.174406,29.583089,0.643242,11.742149,0.265092,137.197876,0.029098,0.119480,0.100918,199.902954,0.866025,-0.500000
2018,4,0.000000,130.000000,2.500000,132.500000,4369.720000,16.283423,5.890995,0.000000,22.174418,29.481488,0.677512,12.593274,0.216900,118.167132,0.018044,0.006669,0.120771,199.925827,0.866025,-0.500000
2018,4,0.000000,140.000000,2.500000,142.500000,5666.250000,28.914185,5.928083,4.488683,39.330951,29.797307,0.757224,18.441361,0.356307,0.492971,0.020819,0.000000,0.142940,199.801682,0.866025,-0.500000
2018,4,0.000000,145.000000,2.500000,147.500000,11876.720000,19.976391,7.494325,1.385989,28.856705,29.955531,0.773466,17.181964,0.318350,0.443396,0.015007,0.000000,0.117026,199.609390,0.866025,-0.500000
2018,4,0.000000,150.000000,2.500000,152.500000,3687.230000,8.847563,8.260673,0.602620,17.710856,30.123159,0.771928,18.989423,0.284041,0.385888,0.011676,0.000000,0.096871,199.251907,0.866025,-0.500000
2018,4,0.000000,155.000000,2.500000,157.500000,4212.200000,7.023646,9.043018,0.246902,16.313565,29.975755,0.769924,20.837573,0.239119,0.270565,0.008735,0.000000,0.124257,199.172699,0.866025,-0.500000
2018,4,0.000000,-155.000000,2.500000,-152.500000,8313.080000,4.432773,17.396079,0.043065,21.871918,,,,,,,,,,0.866025,-0.500000
2018,4,0.000000,160.000000,2.500000,162.500000,1050.420000,9.007825,9.018297,0.116144,18.142267,29.921230,0.760421,21.462694,0.273707,0.468421,0.013633,0.000000,0.123775,198.996384,0.866025,-0.500000
2018,4,0.000000,165.000000,2.500000,167.500000,1805.690000,6.110130,17.567246,0.014399,23.691774,29.615240,0.733198,20.855729,0.307126,93.723147,0.018905,0.002779,0.152016,200.200043,0.866025,-0.500000
2018,4,0.000000,-170.000000,2.500000,-167.500000,1946.750000,5.945807,18.254013,0.235778,24.435598,,,,,,,,,,0.866025,-0.500000
2018,4,0.000000,175.000000,2.500000,177.500000,2642.110000,14.794615,20.331856,0.036713,35.163184,28.795521,0.687482,19.423930,0.282861,0.881830,0.015230,0.008889,0.172510,204.602356,0.866025,-0.500000
2018,4,0.000000,-175.000000,2.500000,-172.500000,1513.660000,5.190069,16.704544,0.434708,22.329321,,,,,,,,,,0.866025,-0.500000
2018,4,5.000000,130.000000,7.500000,132.500000,3514.240000,26.966570,49.489221,1.886325,78.342117,29.295607,0.547964,15.728431,0.437636,131.985312,0.071331,0.007804,0.092334,199.882492,0.866025,-0.500000
2018,4,5.000000,135.000000,7.500000,137.500000,8342.220000,25.916123,16.616200,0.000000,42.532324,29.278244,0.603753,18.329061,0.356884,129.972944,0.071765,0.006954,0.082216,199.190201,0.866025,-0.500000
2018,4,5.000000,140.000000,7.500000,142.500000,4351.600000,12.056485,30.012409,0.263811,42.332705,29.292010,0.688052,19.709490,0.220124,0.522136,0.036804,0.000000,0.075525,198.915604,0.866025,-0.500000
2018,4,5.000000,145.000000,7.500000,147.500000,5734.560000,10.911212,10.719916,0.678692,22.309820,29.388530,0.709398,20.713931,0.134799,0.492519,0.022709,0.000000,0.075381,198.608978,0.866025,-0.500000
2018,4,5.000000,150.000000,7.500000,152.500000,5842.650000,13.522973,9.384269,0.485225,23.392467,29.457616,0.665345,22.280297,0.166958,118.728199,0.035677,0.006125,0.074793,198.304504,0.866025,-0.500000
2018,4,5.000000,155.000000,7.500000,157.500000,9924.840000,6.277381,11.749912,0.393155,18.420448,29.415495,0.678924,26.260046,0.148900,125.465616,0.031604,0.003336,0.082696,198.751724,0.866025,-0.500000
2018,4,5.000000,-155.000000,7.500000,-152.500000,1027.330000,1.690791,12.731060,0.277418,14.699269,,,,,,,,,,0.866025,-0.500000
2018,4,5.000000,160.000000,7.500000,162.500000,3456.540000,8.727514,28.926904,0.651519,38.305936,29.268941,0.632039,25.745755,0.167191,0.544034,0.038075,0.000000,0.098775,199.243851,0.866025,-0.500000
2018,4,5.000000,165.000000,7.500000,167.500000,7373.810000,7.657236,17.344087,0.181724,25.183046,29.183383,0.617013,25.447683,0.149268,131.685032,0.044381,0.051841,0.107099,199.624115,0.866025,-0.500000
2018,4,5.000000,170.000000,7.500000,172.500000,1682.880000,4.908847,12.871981,0.148555,17.929383,29.085880,0.603241,24.611140,0.150589,131.648671,0.049556,0.027848,0.156366,200.846649,0.866025,-0.500000
2018,4,5.000000,-170.000000,7.500000,-167.500000,1050.430000,3.547119,10.825091,1.080510,15.452719,,,,,,,,,,0.866025,-0.500000
2018,4,5.000000,175.000000,7.500000,177.500000,5023.520000,3.309233,16.536413,0.031253,19.876899,28.894163,0.585759,22.347943,0.153891,0.620036,0.048195,0.000000,0.163382,201.854996,0.866025,-0.500000
2018,4,5.000000,-175.000000,7.500000,-172.500000,2438.300000,5.570274,12.914326,0.908010,19.392610,,,,,,,,,,0.866025,-0.500000
2018,4,5.000000,-180.000000,7.500000,-177.500000,4416.030000,4.016730,9.854779,0.554797,14.426306,,,,,,,,,,0.866025,-0.500000
2018,4,-5.000000,120.000000,-2.500000,122.500000,17478.890000,16.283471,5.890935,0.000000,22.174406,30.144309,0.671701,12.409452,0.112522,139.019406,0.008826,0.218876,0.098847,200.008499,0.866025,-0.500000
2018,4,-5.000000,125.000000,-2.500000,127.500000,26218.340000,16.283449,5.890915,0.000000,22.174363,29.954305,0.669146,12.561580,0.110474,135.355010,0.004767,0.138390,0.091286,199.941956,0.866025,-0.500000
2018,4,-5.000000,130.000000,-2.500000,132.500000,8739.450000,16.283405,5.890874,0.000000,22.174279,29.756114,0.671667,12.550217,0.094251,137.277121,0.009422,0.243691,0.165654,199.199509,0.866025,-0.500000
2018,4,-5.000000,155.000000,-2.500000,157.500000,1404.540000,14.321415,4.069660,8.476085,26.867159,30.116238,0.801403,15.277567,0.276002,0.395978,0.031423,0.000000,0.121072,198.880325,0.866025,-0.500000
2018,4,-5.000000,-155.000000,-2.500000,-152.500000,7682.260000,5.093683,22.851609,0.048423,27.993715,,,,,,,,,,0.866025,-0.500000
2018,4,-5.000000,160.000000,-2.500000,162.500000,5621.780000,10.518199,10.038280,3.530199,24.086677,30.132949,0.780893,14.973950,0.242506,0.486243,0.030840,0.000000,0.113782,198.797318,0.866025,-0.500000
2018,4,-5.000000,-165.000000,-2.500000,-162.500000,1601.740000,8.843508,14.175209,3.252713,26.271430,,,,,,,,,,0.866025,-0.500000
2018,4,-5.000000,-170.000000,-2.500000,-167.500000,1725.680000,15.852881,8.082611,5.574614,29.510106,,,,,,,,,,0.866025,-0.500000
2018,4,-5.000000,175.000000,-2.500000,177.500000,2482.400000,29.471882,15.562359,15.221157,60.255398,28.979992,0.701972,21.644181,0.338098,91.368519,0.029893,0.015842,0.164526,204.260300,0.866025,-0.500000
2018,4,-5.000000,-180.000000,-2.500000,-177.500000,3690.400000,12.121179,13.925862,4.611695,30.658736,,,,,,,,,,0.866025,-0.500000
2018,4,10.000000,110.000000,12.500000,112.500000,17323.300000,19.843217,1.084782,0.000000,20.927999,27.967558,0.664591,16.324267,0.133734,1.349331,0.022008,0.023056,0.087802,204.447174,0.866025,-0.500000
2018,4,10.000000,115.000000,12.500000,117.500000,17323.300000,19.843217,1.084782,0.000000,20.927999,28.726100,0.657505,14.353226,0.135005,131.091587,0.024002,0.066686,0.093852,202.270554,0.866025,-0.500000
2018,4,10.000000,125.000000,12.500000,127.500000,2102.300000,7.826666,1.964039,0.981306,10.772012,28.927409,0.841718,22.143901,0.252676,129.938127,0.093854,0.036190,0.093661,201.100708,0.866025,-0.500000
2018,4,10.000000,130.000000,12.500000,132.500000,5510.200000,11.095605,11.138979,11.113753,33.348336,28.888420,0.824919,22.184202,0.293784,0.287725,0.104846,0.000000,0.097445,200.932846,0.866025,-0.500000
2018,4,10.000000,135.000000,12.500000,137.500000,8261.560000,4.177540,4.197028,6.721854,15.096422,28.851992,0.867548,24.036191,0.276284,116.035653,0.099102,0.003892,0.091413,201.300827,0.866025,-0.500000
2018,4,10.000000,140.000000,12.500000,142.500000,2504.110000,6.291657,2.172828,1.877713,10.342197,28.698896,0.865717,24.752177,0.240596,89.932005,0.075991,0.004174,0.089386,201.699707,0.866025,-0.500000
2018,4,10.000000,150.000000,12.500000,152.500000,5378.290000,6.910375,4.324795,4.764897,16.000067,28.259806,0.803655,23.396974,0.260770,0.449634,0.095112,0.000000,0.080389,202.309875,0.866025,-0.500000
2018,4,10.000000,155.000000,12.500000,157.500000,8116.260000,3.581576,0.308393,4.799501,8.689470,28.083826,0.763564,25.047474,0.210813,0.523644,0.073103,0.000000,0.078872,202.999146,0.866025,-0.500000
2018,4,10.000000,-165.000000,12.500000,-162.500000,5216.380000,9.567171,46.487603,0.638757,56.693531,,,,,,,,,,0.866025,-0.500000
2018,4,10.000000,170.000000,12.500000,172.500000,4259.090000,8.700685,24.130272,1.354984,34.185941,27.960225,0.635982,23.945414,0.229538,56.246996,0.082597,0.006113,0.070869,204.543091,0.866025,-0.500000
2018,4,10.000000,-170.000000,12.500000,-167.500000,6018.570000,4.540946,26.402119,0.783243,31.726307,,,,,,,,,,0.866025,-0.500000
2018,4,10.000000,175.000000,12.500000,177.500000,13791.980000,10.529090,17.098270,1.594405,29.221765,27.945178,0.609359,25.345623,0.202371,1.006966,0.060661,0.016111,0.066208,204.350494,0.866025,-0.500000
2018,4,10.000000,-175.000000,12.500000,-172.500000,10712.110000,4.092844,17.482457,0.796949,22.372250,,,,,,,,,,0.866025,-0.500000
2018,4,10.000000,-180.000000,12.500000,-177.500000,21293.080000,5.148011,17.824899,0.929973,23.902883,,,,,,,,,,0.866025,-0.500000
2018,4,-10.000000,-135.000000,-7.500000,-132.500000,3717.130000,3.779260,23.738207,0.837743,28.355210,,,,,,,,,,0.866025,-0.500000
2018,4,-10.000000,145.000000,-7.500000,147.500000,1005.520000,41.134935,4.574747,10.062455,55.772138,29.406298,0.756723,13.905717,0.222952,134.081502,0.032710,0.187873,0.159358,199.925781,0.866025,-0.500000
2018,4,-10.000000,-150.000000,-7.500000,-147.500000,4996.660000,7.894273,2.922953,17.527508,28.344734,,,,,,,,,,0.866025,-0.500000
2018,4,-10.000000,155.000000,-7.500000,157.500000,7077.640000,14.068107,6.838438,2.356859,23.263404,29.830380,0.833480,14.823795,0.137438,134.477855,0.023883,0.102259,0.100338,198.350296,0.866025,-0.500000
2018,4,-10.000000,160.000000,-7.500000,162.500000,3204.030000,10.242726,2.903531,6.869162,20.015418,29.711752,0.844538,16.076756,0.150383,132.678529,0.025867,0.031973,0.091852,197.980515,0.866025,-0.500000
2018,4,-10.000000,165.000000,-7.500000,167.500000,4147.850000,9.438384,4.986439,9.879576,24.304399,29.831443,0.875371,23.713010,0.137214,0.424268,0.037710,0.000000,0.091044,198.346191,0.866025,-0.500000
2018,4,-10.000000,-165.000000,-7.500000,-162.500000,4504.530000,12.461677,2.091450,10.121367,24.674494,,,,,,,,,,0.866025,-0.500000
2018,4,-10.000000,170.000000,-7.500000,172.500000,12121.390000,6.790228,3.774320,8.340463,18.905010,29.883636,0.888544,23.364548,0.154730,0.466141,0.044934,0.000000,0.099194,198.592209,0.866025,-0.500000
2018,4,-10.000000,-170.000000,-7.500000,-167.500000,6568.620000,9.612065,2.958003,4.873474,17.443542,,,,,,,,,,0.866025,-0.500000
2018,4,-10.000000,175.000000,-7.500000,177.500000,4446.110000,20.259058,9.035764,10.923481,40.218303,29.855778,0.853391,20.788277,0.170809,0.477883,0.055053,0.000000,0.104541,198.778656,0.866025,-0.500000
2018,4,-10.000000,-180.000000,-7.500000,-177.500000,2487.990000,7.860562,4.334423,2.474688,14.669673,,,,,,,,,,0.866025,-0.500000
2018,4,15.000000,110.000000,17.500000,112.500000,17323.300000,19.843217,1.084782,0.000000,20.927999,26.356927,0.621532,13.998815,0.151248,114.281831,0.045305,0.190366,0.112612,210.371140,0.866025,-0.500000
2018,4,15.000000,115.000000,17.500000,117.500000,17323.300000,19.843217,1.084782,0.000000,20.927999,27.273505,0.570107,13.104215,0.171024,129.583874,0.075956,0.252925,0.100289,207.777786,0.866025,-0.500000
2018,4,15.000000,125.000000,17.500000,127.500000,4151.550000,8.962917,1.469090,4.048608,14.480616,27.694383,0.960332,20.099958,0.206039,2.372601,0.069045,0.138889,0.100117,205.155487,0.866025,-0.500000
2018,4,15.000000,130.000000,17.500000,132.500000,6448.150000,2.190396,0.307840,2.447834,4.946070,27.878005,1.019139,26.506980,0.157734,2.010267,0.040423,0.123333,0.100563,204.406250,0.866025,-0.500000
2018,4,15.000000,135.000000,17.500000,137.500000,9860.750000,3.258170,1.006921,11.152803,15.417894,27.653805,0.936942,21.115037,0.207547,2.242001,0.056569,0.184444,0.096849,203.388580,0.866025,-0.500000
2018,4,15.000000,140.000000,17.500000,142.500000,13585.540000,3.496585,0.265503,5.426505,9.188593,27.962373,1.007251,30.963361,0.148070,1.924980,0.052704,0.065278,0.092849,203.521423,0.866025,-0.500000
2018,4,15.000000,150.000000,17.500000,152.500000,6752.480000,7.452669,0.736174,27.134031,35.322874,27.513868,0.976099,33.478340,0.158315,1.505380,0.064967,0.100833,0.070497,204.506210,0.866025,-0.500000
2018,4,15.000000,155.000000,17.500000,157.500000,8015.610000,5.283815,0.794949,17.949726,24.028489,27.237137,0.965925,39.919399,0.164546,1.111266,0.058743,0.033889,0.061341,205.537811,0.866025,-0.500000
2018,4,15.000000,160.000000,17.500000,162.500000,4225.320000,2.814698,0.287552,3.036693,6.138943,26.837651,0.867011,28.801209,0.145215,1.093924,0.044486,0.028056,0.061956,206.625504,0.866025,-0.500000
2018,4,15.000000,175.000000,17.500000,177.500000,1106.360000,1.444376,0.189812,0.182581,1.816769,26.521897,0.739910,29.787805,0.139134,1.631355,0.027611,0.019167,0.058689,208.498413,0.866025,-0.500000
2018,4,-15.000000,-135.000000,-12.500000,-132.500000,7092.390000,1.735099,4.245536,19.620043,25.600679,,,,,,,,,,0.866025,-0.500000
2018,4,-15.000000,145.000000,-12.500000,147.500000,2946.180000,34.587500,1.125525,15.973226,51.686251,28.701004,0.636914,20.913736,0.243681,132.045018,0.070610,0.028740,0.105296,199.960251,0.866025,-0.500000
2018,4,-15.000000,-145.000000,-12.500000,-142.500000,5370.450000,7.166066,5.950339,15.259988,28.376393,,,,,,,,,,0.866025,-0.500000
2018,4,-15.000000,150.000000,-12.500000,152.500000,3442.020000,26.517568,3.578131,19.618131,49.713831,28.979276,0.688095,20.105340,0.169272,131.446579,0.050932,0.037267,0.081534,198.692978,0.866025,-0.500000
2018,4,-15.000000,-150.000000,-12.500000,-147.500000,5528.930000,8.101929,4.462527,13.310894,25.875350,,,,,,,,,,0.866025,-0.500000
2018,4,-15.000000,155.000000,-12.500000,157.500000,5214.230000,10.866417,4.121030,8.629079,23.616526,29.063037,0.664578,22.373290,0.181606,0.804367,0.065182,0.002222,0.081550,198.682877,0.866025,-0.500000
2018,4,-15.000000,160.000000,-12.500000,162.500000,6533.390000,8.821301,2.004779,18.090761,28.916841,29.156814,0.715869,25.208230,0.178695,132.329667,0.048328,0.023334,0.077861,198.578995,0.866025,-0.500000
2018,4,-15.000000,-160.000000,-12.500000,-157.500000,11985.340000,12.821580,0.677828,27.841847,41.341255,,,,,,,,,,0.866025,-0.500000
2018,4,-15.000000,165.000000,-12.500000,167.500000,11328.570000,7.188551,1.398676,20.084000,28.671227,28.934750,0.763219,26.966410,0.163463,127.685209,0.084017,0.015355,0.072835,198.286301,0.866025,-0.500000
2018,4,-15.000000,-165.000000,-12.500000,-162.500000,1398.550000,10.184834,1.347825,19.083336,30.615995,,,,,,,,,,0.866025,-0.500000
2018,4,-15.000000,170.000000,-12.500000,172.500000,17242.960000,5.737878,1.860121,18.425143,26.023142,29.080756,0.820376,32.750898,0.127404,0.549966,0.065855,0.000000,0.066754,198.160736,0.866025,-0.500000
2018,4,-15.000000,175.000000,-12.500000,177.500000,13558.940000,7.549705,2.029878,23.705319,33.284903,29.147435,0.824382,33.451891,0.130413,0.667586,0.056414,0.000000,0.067020,198.132462,0.866025,-0.500000
2018,4,-15.000000,-175.000000,-12.500000,-172.500000,9994.360000,8.325696,0.435446,10.487215,19.248356,,,,,,,,,,0.866025,-0.500000
2018,4,20.000000,120.000000,22.500000,122.500000,1924.500000,7.450766,0.155885,0.478046,8.084697,25.432558,0.864326,19.146527,0.297209,119.999066,0.157700,0.463836,0.170558,211.210602,0.866025,-0.500000
2018,4,20.000000,125.000000,22.500000,127.500000,4351.290000,8.229973,0.240388,1.008666,9.479028,25.098849,0.992676,17.253137,0.266976,75.046779,0.103611,0.356031,0.113975,215.926071,0.866025,-0.500000
2018,4,20.000000,135.000000,22.500000,137.500000,2992.010000,1.661091,0.058155,0.546790,2.266035,25.492720,0.886212,18.800123,0.195331,2.769986,0.106283,0.384444,0.099510,214.301987,0.866025,-0.500000
2018,4,20.000000,140.000000,22.500000,142.500000,1920.960000,24.737111,1.120273,4.319715,30.177099,26.003856,0.949856,22.772711,0.221054,51.974103,0.080427,0.287858,0.127465,211.282349,0.866025,-0.500000
2018,4,20.000000,150.000000,22.500000,152.500000,2171.000000,11.469830,2.715799,20.862275,35.047904,25.900102,0.970445,31.951355,0.189789,2.166405,0.087380,0.212500,0.106942,210.632385,0.866025,-0.500000
2018,4,20.000000,-155.000000,22.500000,-152.500000,8999.620000,3.119021,11.139137,0.000000,14.258158,,,,,,,,,,0.866025,-0.500000
2018,4,20.000000,160.000000,22.500000,162.500000,2193.560000,3.348894,0.171411,0.367895,3.888200,25.232800,0.848325,29.342616,0.181593,2.945059,0.072417,0.235556,0.142184,211.221588,0.866025,-0.500000
2018,4,20.000000,-160.000000,22.500000,-157.500000,3252.560000,4.695686,9.345869,0.000000,14.041555,,,,,,,,,,0.866025,-0.500000
2018,4,-20.000000,-135.000000,-17.500000,-132.500000,3028.970000,1.128106,2.331816,22.767145,26.227067,,,,,,,,,,0.866025,-0.500000
2018,4,-20.000000,-150.000000,-17.500000,-147.500000,2568.090000,5.242807,3.293498,12.320830,20.857135,,,,,,,,,,0.866025,-0.500000
2018,4,-20.000000,155.000000,-17.500000,157.500000,1653.180000,7.671881,1.464450,20.670465,29.806797,28.007771,0.703009,25.548232,0.126806,2.303555,0.038637,0.088889,0.078685,201.869766,0.866025,-0.500000
2018,4,-20.000000,-155.000000,-17.500000,-152.500000,2139.020000,12.896560,5.242120,16.763752,34.902432,,,,,,,,,,0.866025,-0.500000
2018,4,-20.000000,160.000000,-17.500000,162.500000,1746.370000,5.349954,0.798227,19.833712,25.981894,27.905785,0.688851,26.663885,0.126634,54.401748,0.045221,0.055293,0.078215,201.849472,0.866025,-0.500000
2018,4,-20.000000,165.000000,-17.500000,167.500000,4731.610000,5.287841,0.841785,21.633862,27.763489,27.778469,0.646110,23.237210,0.129558,127.330499,0.048805,0.109711,0.083885,201.968933,0.866025,-0.500000
2018,4,-20.000000,170.000000,-17.500000,172.500000,6338.150000,3.566971,0.673856,18.641875,22.882702,28.054454,0.659633,23.986999,0.124269,1.872255,0.046854,0.070000,0.081636,201.848541,0.866025,-0.500000
2018,4,-20.000000,175.000000,-17.500000,177.500000,10080.220000,5.057032,1.211382,11.283782,17.552196,28.055040,0.689401,23.758728,0.091949,126.885964,0.035507,0.087225,0.088663,201.637390,0.866025,-0.500000
2018,4,-20.000000,-175.000000,-17.500000,-172.500000,2730.500000,11.250320,1.457975,21.901849,34.610145,,,,,,,,,,0.866025,-0.500000
2018,4,-20.000000,-180.000000,-17.500000,-177.500000,3770.310000,9.627590,1.526400,9.380661,20.534651,,,,,,,,,,0.866025,-0.500000
2018,4,25.000000,125.000000,27.500000,127.500000,3290.750000,18.303730,0.216668,1.907468,20.427866,22.530468,0.829299,20.950431,0.305472,101.591056,0.286174,0.654872,0.277797,222.333115,0.866025,-0.500000
2018,4,25.000000,130.000000,27.500000,132.500000,2742.600000,13.366514,0.251221,2.195362,15.813097,22.721267,1.005812,21.933855,0.291419,47.310289,0.153912,0.500139,0.213272,229.479965,0.866025,-0.500000
2018,4,25.000000,135.000000,27.500000,137.500000,3471.290000,2.174408,2.078190,5.873609,10.126207,22.170138,1.026611,19.419564,0.198766,3.652053,0.123261,0.474722,0.229187,227.921021,0.866025,-0.500000
2018,4,25.000000,-155.000000,27.500000,-152.500000,5483.400000,7.753401,11.592807,0.000000,19.346209,,,,,,,,,,0.866025,-0.500000
2018,4,25.000000,160.000000,27.500000,162.500000,3225.900000,0.052388,0.523575,0.024179,0.600143,22.493442,0.817963,28.734492,0.140682,3.880978,0.050129,0.455000,0.061428,225.872269,0.866025,-0.500000
2018,4,25.000000,-160.000000,27.500000,-157.500000,7142.960000,8.846193,10.183173,0.000000,19.029366,,,,,,,,,,0.866025,-0.500000
2018,4,25.000000,-165.000000,27.500000,-162.500000,3593.460000,10.977164,10.368002,0.000000,21.345166,,,,,,,,,,0.866025,-0.500000
2018,4,-25.000000,160.000000,-22.500000,162.500000,1008.390000,4.460576,0.979780,18.058489,23.498845,25.987565,0.653715,27.322313,0.111540,121.144871,0.063042,0.179285,0.071164,207.126266,0.866025,-0.500000
2018,4,-25.000000,165.000000,-22.500000,167.500000,1470.700000,7.606582,1.391174,17.166655,26.164412,26.077508,0.645616,27.584950,0.155339,120.895973,0.060414,0.267961,0.078287,207.183777,0.866025,-0.500000
2018,4,30.000000,130.000000,32.500000,132.500000,5976.330000,5.269957,1.347984,8.361319,14.979260,19.994930,0.629145,19.990389,0.409504,102.463988,0.394521,0.763391,0.506185,233.251053,0.866025,-0.500000
2018,4,30.000000,135.000000,32.500000,137.500000,3739.370000,3.360192,2.192883,6.022940,11.576014,20.212397,0.540343,20.314408,0.538392,80.404372,0.439021,0.773337,0.670584,232.446075,0.866025,-0.500000
2018,4,30.000000,140.000000,32.500000,142.500000,4279.850000,0.700258,6.798369,3.878407,11.377034,19.920570,0.983194,30.911945,0.278522,26.966154,0.183218,0.360000,0.753507,239.648376,0.866025,-0.500000
2018,4,30.000000,145.000000,32.500000,147.500000,16202.970000,0.378511,12.455433,7.528558,20.362501,19.057915,0.953228,36.441094,0.204520,4.146473,0.128584,0.406111,0.810032,247.516830,0.866025,-0.500000
2018,4,30.000000,150.000000,32.500000,152.500000,3033.930000,0.104155,5.425966,3.077197,8.607318,18.784280,0.826352,36.829781,0.236188,3.501114,0.167904,0.455278,0.620984,249.275162,0.866025,-0.500000
2018,4,35.000000,145.000000,37.500000,147.500000,3455.360000,0.122708,13.683958,15.461197,29.267862,14.914488,0.162136,26.922710,0.432250,12.055621,0.271362,0.732500,1.294591,251.662643,0.866025,-0.500000
2018,4,35.000000,150.000000,37.500000,152.500000,3137.990000,0.087954,8.415578,8.376700,16.880232,15.092198,0.255521,37.743641,0.280218,6.380239,0.313170,0.676944,1.191022,259.126770,0.866025,-0.500000
2018,4,-35.000000,150.000000,-32.500000,152.500000,1452.150000,19.471129,1.825569,1.751197,23.047895,24.462704,0.712635,37.790295,0.528613,110.485292,0.339630,0.558241,0.246705,213.525711,0.866025,-0.500000
2018,4,-35.000000,155.000000,-32.500000,157.500000,2203.700000,9.915596,8.069610,16.785406,34.770613,23.954498,0.527358,33.314882,0.413657,74.672954,0.206048,0.492774,0.194803,213.107819,0.866025,-0.500000
2018,4,-35.000000,-175.000000,-32.500000,-172.500000,1238.130000,2.738808,3.170911,29.000993,34.910712,,,,,,,,,,0.866025,-0.500000
2018,4,-40.000000,155.000000,-37.500000,157.500000,1250.370000,0.634212,0.594224,48.137751,49.366188,,,,,,,,,,0.866025,-0.500000
2018,4,-40.000000,160.000000,-37.500000,162.500000,1463.590000,1.151962,1.076121,36.676938,38.905021,,,,,,,,,,0.866025,-0.500000
2018,4,-40.000000,175.000000,-37.500000,177.500000,1159.060000,1.375252,7.236899,30.126137,38.738288,,,,,,,,,,0.866025,-0.500000
2018,4,-45.000000,150.000000,-42.500000,152.500000,3854.290000,0.014789,0.088473,4.456074,4.559335,,,,,,,,,,0.866025,-0.500000
2018,4,-45.000000,155.000000,-42.500000,157.500000,16226.070000,0.000000,0.048995,3.326191,3.375186,,,,,,,,,,0.866025,-0.500000
2018,5,0.000000,120.000000,2.500000,122.500000,14992.230000,14.238242,5.151002,0.000000,19.389244,29.908079,0.640988,11.898004,0.228837,137.862044,0.025462,0.112663,0.101620,200.321732,0.500000,-0.866025
2018,5,0.000000,125.000000,2.500000,127.500000,19989.640000,14.238225,5.151018,0.000000,19.389244,29.839049,0.657641,11.494337,0.378185,137.711182,0.035649,0.143376,0.132360,200.210815,0.500000,-0.866025
2018,5,0.000000,130.000000,2.500000,132.500000,4997.410000,14.238175,5.151068,0.000000,19.389244,29.657721,0.738753,13.355050,0.505649,116.988299,0.027671,0.018894,0.159512,200.846405,0.500000,-0.866025
2018,5,0.000000,140.000000,2.500000,142.500000,5765.720000,16.130162,3.977300,0.971084,21.078547,29.836272,0.762621,20.316088,0.328558,0.350782,0.017081,0.000000,0.111208,199.568176,0.500000,-0.866025
2018,5,0.000000,145.000000,2.500000,147.500000,5942.520000,18.877682,5.697246,3.173401,27.748329,29.875292,0.760051,20.009165,0.291463,0.254174,0.017520,0.000000,0.092807,199.094391,0.500000,-0.866025
2018,5,0.000000,150.000000,2.500000,152.500000,4248.750000,12.542983,9.244131,0.367402,22.154516,29.954583,0.761182,17.972775,0.255174,0.361393,0.016217,0.000000,0.083970,198.479340,0.500000,-0.866025
2018,5,0.000000,155.000000,2.500000,157.500000,7960.710000,11.222491,7.507747,0.132400,18.862639,30.095104,0.755871,18.791264,0.306041,0.386111,0.020949,0.000000,0.085333,198.219101,0.500000,-0.866025
2018,5,0.000000,-155.000000,2.500000,-152.500000,4457.610000,4.239267,12.065883,0.063487,16.368637,,,,,,,,,,0.500000,-0.866025
2018,5,0.000000,160.000000,2.500000,162.500000,4269.770000,12.742373,10.549514,0.181509,23.473396,30.116205,0.757211,23.187922,0.278856,0.300527,0.017133,0.000000,0.086976,198.299408,0.500000,-0.866025
2018,5,0.000000,165.000000,2.500000,167.500000,4259.600000,9.232557,24.260963,0.013147,33.506667,29.926108,0.729967,22.952668,0.377893,94.528277,0.022699,0.002779,0.128985,199.634232,0.500000,-0.866025
2018,5,0.000000,-170.000000,2.500000,-167.500000,1476.960000,4.616916,23.836123,0.044009,28.497048,,,,,,,,,,0.500000,-0.866025
2018,5,0.000000,175.000000,2.500000,177.500000,1492.750000,13.351867,14.248870,0.451516,28.052253,29.192480,0.668765,22.701025,0.227315,0.684456,0.017927,0.001111,0.166007,203.970901,0.500000,-0.866025
2018,5,0.000000,-175.000000,2.500000,-172.500000,3546.620000,12.594809,20.474424,0.064569,33.133801,,,,,,,,,,0.500000,-0.866025
2018,5,5.000000,130.000000,7.500000,132.500000,3426.720000,10.776194,22.339438,0.000000,33.115632,30.239462,0.543259,12.380538,0.506259,137.238042,0.087786,0.009476,0.102480,199.754318,0.500000,-0.866025
2018,5,5.000000,135.000000,7.500000,137.500000,3308.290000,14.548906,17.505418,0.010882,32.065206,30.286616,0.629087,13.366514,0.402839,133.967798,0.076625,0.006954,0.102432,199.162033,0.500000,-0.866025
2018,5,5.000000,140.000000,7.500000,142.500000,1477.610000,4.589168,36.217947,0.038576,40.845690,29.866652,0.657176,14.149611,0.246814,0.455932,0.038670,0.000000,0.091546,198.585434,0.500000,-0.866025
2018,5,5.000000,145.000000,7.500000,147.500000,1307.700000,3.944330,16.059494,0.129999,20.133823,29.705815,0.646499,14.724249,0.121704,0.628395,0.023513,0.000000,0.085100,198.389709,0.500000,-0.866025
2018,5,5.000000,150.000000,7.500000,152.500000,3799.240000,8.869932,9.748002,0.252156,18.870090,29.648600,0.636585,16.916278,0.155937,119.125100,0.028395,0.004454,0.083490,197.903458,0.500000,-0.866025
2018,5,5.000000,155.000000,7.500000,157.500000,8170.920000,5.647467,9.468824,0.269003,15.385293,29.556046,0.596338,17.592136,0.186262,126.498507,0.039857,0.006672,0.080387,198.025711,0.500000,-0.866025
2018,5,5.000000,160.000000,7.500000,162.500000,6729.390000,8.142343,15.999073,0.366006,24.507422,29.465357,0.594018,24.004674,0.205571,0.806198,0.051471,0.008333,0.075219,198.236588,0.500000,-0.866025
2018,5,5.000000,165.000000,7.500000,167.500000,4859.030000,4.896451,14.540762,0.052685,19.489898,29.273832,0.578162,26.211943,0.154672,132.379785,0.034277,0.058357,0.073577,198.571487,0.500000,-0.866025
2018,5,5.000000,170.000000,7.500000,172.500000,1669.980000,4.902454,10.732464,0.093414,15.728332,29.194704,0.553960,26.367049,0.186605,132.145579,0.054304,0.042757,0.105779,199.417084,0.500000,-0.866025
2018,5,5.000000,175.000000,7.500000,177.500000,7048.310000,6.035773,25.636074,0.029936,31.701784,29.050383,0.532884,27.008416,0.136793,0.450962,0.047814,0.000000,0.146921,200.830490,0.500000,-0.866025
2018,5,5.000000,-175.000000,7.500000,-172.500000,1257.350000,3.019048,10.652563,0.487533,14.159144,,,,,,,,,,0.500000,-0.866025
2018,5,5.000000,-180.000000,7.500000,-177.500000,2257.550000,2.228522,9.569666,0.099666,11.897854,,,,,,,,,,0.500000,-0.866025
2018,5,-5.000000,120.000000,-2.500000,122.500000,19989.640000,14.238225,5.151018,0.000000,19.389244,29.502907,0.629687,17.621682,0.132544,136.240995,0.012316,0.260643,0.092906,199.324661,0.500000,-0.866025
2018,5,-5.000000,125.000000,-2.500000,127.500000,29984.460000,14.238209,5.151002,0.000000,19.389210,29.359113,0.627657,14.757873,0.205234,135.370531,0.014916,0.208978,0.101578,199.374695,0.500000,-0.866025
2018,5,-5.000000,130.000000,-2.500000,132.500000,9994.820000,14.238175,5.150968,0.000000,19.389144,29.262052,0.652541,13.607821,0.238757,136.312129,0.048936,0.316508,0.166748,199.395569,0.500000,-0.866025
2018,5,-5.000000,145.000000,-2.500000,147.500000,1111.060000,65.491513,4.610012,9.664645,79.766169,29.907130,0.777568,17.338160,0.353252,131.800367,0.013842,0.025663,0.116989,200.012451,0.500000,-0.866025
2018,5,-5.000000,155.000000,-2.500000,157.500000,2146.710000,37.497380,5.309054,5.168840,47.975274,30.247200,0.788241,17.948826,0.278777,0.585355,0.022107,0.000000,0.095994,198.501343,0.500000,-0.866025
2018,5,-5.000000,-155.000000,-2.500000,-152.500000,8414.030000,3.807688,13.077919,0.370809,17.256416,,,,,,,,,,0.500000,-0.866025
2018,5,-5.000000,160.000000,-2.500000,162.500000,8502.010000,24.876118,10.331910,1.224299,36.432326,30.274244,0.775313,20.562610,0.246427,0.401866,0.020565,0.000000,0.111811,198.889343,0.500000,-0.866025
2018,5,-5.000000,165.000000,-2.500000,167.500000,1066.950000,18.090820,10.145743,3.881157,32.117719,30.115113,0.752231,20.715923,0.298251,0.341003,0.028818,0.000000,0.136461,199.615417,0.500000,-0.866025
2018,5,-5.000000,-165.000000,-2.500000,-162.500000,1594.060000,13.015821,7.019184,7.399972,27.434977,,,,,,,,,,0.500000,-0.866025
2018,5,-5.000000,170.000000,-2.500000,172.500000,2161.980000,10.993164,18.347533,3.920943,33.261640,29.718001,0.713643,20.577540,0.260056,130.502707,0.024327,0.013935,0.153691,201.702377,0.500000,-0.866025
2018,5,-5.000000,-170.000000,-2.500000,-167.500000,5285.590000,23.273845,10.354946,3.096721,36.725512,,,,,,,,,,0.500000,-0.866025
2018,5,-5.000000,175.000000,-2.500000,177.500000,1031.170000,15.123597,12.963915,3.804416,31.891929,29.354921,0.686676,21.603764,0.256578,92.553966,0.021251,0.022790,0.161101,204.472290,0.500000,-0.866025
2018,5,-5.000000,-180.000000,-2.500000,-177.500000,4510.900000,14.502649,15.411559,5.649649,35.563856,,,,,,,,,,0.500000,-0.866025
2018,5,10.000000,110.000000,12.500000,112.500000,17698.690000,19.422341,1.061773,0.000000,20.484115,30.056224,0.716615,12.928489,0.127908,0.929512,0.021967,0.000556,0.085381,200.285873,0.500000,-0.866025
2018,5,10.000000,115.000000,12.500000,117.500000,17698.690000,19.422341,1.061773,0.000000,20.484115,30.224694,0.702965,12.484747,0.127122,136.905339,0.024053,0.054200,0.091271,198.937256,0.500000,-0.866025
2018,5,10.000000,130.000000,12.500000,132.500000,5706.950000,15.555069,21.526034,1.079736,38.160839,29.843267,0.874684,15.596570,0.294295,0.487802,0.111265,0.000000,0.105020,199.819702,0.500000,-0.866025
2018,5,10.000000,135.000000,12.500000,137.500000,1512.160000,9.711274,5.420061,5.488837,20.620172,29.734145,0.875658,14.916781,0.249516,119.782843,0.093398,0.001946,0.107111,200.006790,0.500000,-0.866025
2018,5,10.000000,140.000000,12.500000,142.500000,1414.300000,10.264442,5.191968,2.447147,17.903557,29.563155,0.834359,14.761398,0.217032,92.845362,0.090080,0.004174,0.103827,200.040756,0.500000,-0.866025
2018,5,10.000000,150.000000,12.500000,152.500000,2460.560000,7.042299,0.343011,16.928260,24.313571,28.517066,0.767484,18.373712,0.226824,0.658131,0.097347,0.000000,0.084175,200.804703,0.500000,-0.866025
2018,5,10.000000,155.000000,12.500000,157.500000,2202.270000,12.009427,0.310589,10.327072,22.647087,28.239832,0.745805,22.387574,0.247126,0.550036,0.101132,0.000000,0.080599,201.403412,0.500000,-0.866025
2018,5,10.000000,-160.000000,12.500000,-157.500000,10920.910000,6.540481,41.059490,0.030675,47.630646,,,,,,,,,,0.500000,-0.866025
2018,5,10.000000,-165.000000,12.500000,-162.500000,11255.590000,6.450306,38.456891,0.287946,45.195143,,,,,,,,,,0.500000,-0.866025
2018,5,10.000000,170.000000,12.500000,172.500000,6286.740000,8.197253,24.061437,0.374757,32.633448,27.799921,0.616001,29.079460,0.252320,56.582969,0.089553,0.003334,0.066622,203.370483,0.500000,-0.866025
2018,5,10.000000,-170.000000,12.500000,-167.500000,9514.030000,5.056427,32.638114,0.515975,38.210516,,,,,,,,,,0.500000,-0.866025
2018,5,10.000000,175.000000,12.500000,177.500000,17753.580000,6.184330,16.824212,0.443741,23.452284,27.757048,0.572598,30.627869,0.234971,0.845933,0.071938,0.025833,0.062160,203.970779,0.500000,-0.866025
2018,5,10.000000,-175.000000,12.500000,-172.500000,8922.060000,2.596710,18.420858,0.440930,21.458497,,,,,,,,,,0.500000,-0.866025
2018,5,10.000000,-180.000000,12.500000,-177.500000,14245.480000,2.844271,15.705824,0.326841,18.876935,,,,,,,,,,0.500000,-0.866025
2018,5,-10.000000,-135.000000,-7.500000,-132.500000,1584.940000,4.073971,8.684871,0.706651,13.465494,,,,,,,,,,0.500000,-0.866025
2018,5,-10.000000,145.000000,-7.500000,147.500000,1164.390000,58.302631,2.104106,8.762528,69.169265,28.875906,0.776528,20.346154,0.286998,133.449591,0.039861,0.298708,0.126680,200.481812,0.500000,-0.866025
2018,5,-10.000000,150.000000,-7.500000,152.500000,2210.960000,46.608713,4.809675,6.458281,57.876669,29.312179,0.765855,19.759981,0.230808,133.487919,0.047429,0.110345,0.123284,199.656570,0.500000,-0.866025
2018,5,-10.000000,-150.000000,-7.500000,-147.500000,1631.470000,6.523565,18.595500,0.837282,25.956346,,,,,,,,,,0.500000,-0.866025
2018,5,-10.000000,155.000000,-7.500000,157.500000,7816.850000,24.020417,3.794879,1.996840,29.812137,29.648082,0.825549,21.090976,0.160267,133.858713,0.031637,0.108502,0.099764,198.900894,0.500000,-0.866025
2018,5,-10.000000,160.000000,-7.500000,162.500000,6530.060000,17.542258,6.075136,4.770247,28.387641,29.796981,0.863687,24.252676,0.176521,132.727008,0.032136,0.039109,0.086571,198.273758,0.500000,-0.866025
2018,5,-10.000000,165.000000,-7.500000,167.500000,8833.610000,10.824001,4.373410,7.872772,23.070183,29.772594,0.856950,26.790081,0.144319,0.470026,0.034383,0.000000,0.101114,198.813263,0.500000,-0.866025
2018,5,-10.000000,-165.000000,-7.500000,-162.500000,8076.840000,23.283735,2.698456,18.746193,44.728384,,,,,,,,,,0.500000,-0.866025
2018,5,-10.000000,170.000000,-7.500000,172.500000,14435.040000,9.018818,5.049518,6.324749,20.393085,29.903233,0.845439,24.908319,0.183656,0.559097,0.040896,0.000000,0.111459,199.413040,0.500000,-0.866025
2018,5,-10.000000,-170.000000,-7.500000,-167.500000,13108.500000,27.498570,3.546477,20.505550,51.550597,,,,,,,,,,0.500000,-0.866025
2018,5,-10.000000,175.000000,-7.500000,177.500000,4098.560000,13.798261,7.634145,7.993295,29.425701,29.834772,0.821711,19.329450,0.211485,0.594102,0.042689,0.000000,0.108355,199.138123,0.500000,-0.866025
2018,5,-10.000000,-180.000000,-7.500000,-177.500000,4492.810000,13.654706,3.179079,14.326669,31.160454,,,,,,,,,,0.500000,-0.866025
2018,5,15.000000,110.000000,17.500000,112.500000,17698.690000,19.422341,1.061773,0.000000,20.484115,29.544956,0.665855,10.926322,0.203135,129.939511,0.070923,0.085953,0.090211,202.235870,0.500000,-0.866025
2018,5,15.000000,115.000000,17.500000,117.500000,17698.690000,19.422341,1.061773,0.000000,20.484115,30.020879,0.640746,10.727894,0.149597,138.661921,0.076231,0.078273,0.089119,201.091583,0.500000,-0.866025
2018,5,15.000000,125.000000,17.500000,127.500000,2753.790000,6.773574,0.381656,1.187454,8.342684,29.595105,1.013668,14.060302,0.198534,1.265848,0.072207,0.048889,0.108418,201.075882,0.500000,-0.866025
2018,5,15.000000,130.000000,17.500000,132.500000,2700.170000,4.708963,0.083328,1.279179,6.071470,29.415819,1.004374,13.493632,0.186504,1.179679,0.065236,0.054722,0.106811,201.385788,0.500000,-0.866025
2018,5,15.000000,135.000000,17.500000,137.500000,6741.230000,6.100519,1.464718,24.281029,31.846265,29.367863,1.029052,14.081326,0.216897,1.488129,0.078467,0.037222,0.101776,201.049271,0.500000,-0.866025
2018,5,15.000000,140.000000,17.500000,142.500000,10605.930000,5.656553,0.658688,28.542806,34.858046,29.054236,1.042420,15.235519,0.168775,0.688495,0.037922,0.000833,0.099021,201.513275,0.500000,-0.866025
2018,5,15.000000,145.000000,17.500000,147.500000,1037.960000,7.731512,0.819877,30.698678,39.250067,28.526181,1.049504,19.127422,0.166650,91.541908,0.056063,0.017232,0.082655,202.116364,0.500000,-0.866025
2018,5,15.000000,150.000000,17.500000,152.500000,11483.180000,10.308643,0.849416,30.425631,41.583690,27.986052,1.019350,27.637352,0.191153,1.012239,0.068352,0.010278,0.069745,203.205566,0.500000,-0.866025
2018,5,15.000000,155.000000,17.500000,157.500000,2631.610000,15.194121,0.943909,22.201618,38.339648,27.537034,0.951877,29.528779,0.143818,1.486599,0.053903,0.024722,0.064807,204.489624,0.500000,-0.866025
2018,5,15.000000,-155.000000,17.500000,-152.500000,7384.020000,4.739965,24.274582,0.000000,29.014548,,,,,,,,,,0.500000,-0.866025
2018,5,15.000000,-160.000000,17.500000,-157.500000,2556.550000,7.123272,19.489155,0.391152,27.003579,,,,,,,,,,0.500000,-0.866025
2018,5,15.000000,-165.000000,17.500000,-162.500000,1713.170000,8.501783,12.943841,0.583713,22.029337,,,,,,,,,,0.500000,-0.866025
2018,5,-15.000000,-135.000000,-12.500000,-132.500000,3131.100000,1.669062,3.651752,26.592891,31.913704,,,,,,,,,,0.500000,-0.866025
2018,5,-15.000000,145.000000,-12.500000,147.500000,1695.670000,23.210884,1.295653,12.253563,36.760101,27.535918,0.658181,32.268789,0.240097,124.750948,0.065155,0.093829,0.097162,202.711761,0.500000,-0.866025
2018,5,-15.000000,-145.000000,-12.500000,-142.500000,4176.560000,14.602927,6.354272,25.419723,46.376923,,,,,,,,,,0.500000,-0.866025
2018,5,-15.000000,150.000000,-12.500000,152.500000,4914.280000,32.554108,3.054161,22.601480,58.209748,27.993166,0.670322,31.387022,0.151907,128.475655,0.046211,0.056748,0.081314,201.418762,0.500000,-0.866025
2018,5,-15.000000,-150.000000,-12.500000,-147.500000,4986.030000,8.745034,4.988739,23.367689,37.101461,,,,,,,,,,0.500000,-0.866025
2018,5,-15.000000,155.000000,-12.500000,157.500000,5781.180000,30.603095,4.692814,27.726865,63.022774,28.548962,0.718182,35.204289,0.192842,1.190249,0.058651,0.060000,0.079092,200.301544,0.500000,-0.866025
2018,5,-15.000000,160.000000,-12.500000,162.500000,10550.830000,15.071421,2.830867,20.093301,37.995589,28.628076,0.788717,36.675666,0.187381,131.638189,0.064783,0.087996,0.078625,200.214661,0.500000,-0.866025
2018,5,-15.000000,-160.000000,-12.500000,-157.500000,7141.130000,13.323102,0.621330,25.237602,39.182034,,,,,,,,,,0.500000,-0.866025
2018,5,-15.000000,165.000000,-12.500000,167.500000,9861.810000,8.681064,1.663386,22.415763,32.760213,28.621327,0.792375,37.369797,0.149124,125.325815,0.070133,0.076494,0.078430,200.056534,0.500000,-0.866025
2018,5,-15.000000,-165.000000,-12.500000,-162.500000,1834.580000,17.755017,0.607223,29.534825,47.897066,,,,,,,,,,0.500000,-0.866025
2018,5,-15.000000,170.000000,-12.500000,172.500000,11119.640000,7.172444,2.281369,19.656302,29.110115,28.660597,0.812473,40.285452,0.065982,0.721179,0.029843,0.001944,0.069316,199.637299,0.500000,-0.866025
2018,5,-15.000000,175.000000,-12.500000,177.500000,2374.300000,4.360022,2.102093,13.531567,19.993682,28.756768,0.804497,33.062483,0.092244,0.899533,0.014789,0.014722,0.067831,199.416519,0.500000,-0.866025
2018,5,-15.000000,-175.000000,-12.500000,-172.500000,15235.720000,11.782508,0.401294,24.015865,36.199668,,,,,,,,,,0.500000,-0.866025
2018,5,20.000000,120.000000,22.500000,122.500000,1183.100000,18.802299,0.722678,0.239202,19.764179,28.321796,0.922953,11.863303,0.356427,128.321907,0.189097,0.333962,0.141493,205.285675,0.500000,-0.866025
2018,5,20.000000,125.000000,22.500000,127.500000,3937.970000,16.068431,0.123414,0.816664,17.008509,27.775935,1.033076,11.521628,0.265046,81.883943,0.104720,0.285714,0.120250,208.256500,0.500000,-0.866025
2018,5,20.000000,135.000000,22.500000,137.500000,7356.780000,2.931310,0.148027,0.880276,3.959613,28.287581,0.979694,11.396248,0.242920,2.935433,0.102825,0.243889,0.104272,205.940155,0.500000,-0.866025
2018,5,20.000000,140.000000,22.500000,142.500000,2261.570000,35.507192,0.755670,11.508819,47.771681,28.293819,1.027415,12.337822,0.224758,55.405928,0.103982,0.089747,0.098847,205.616425,0.500000,-0.866025
2018,5,20.000000,145.000000,22.500000,147.500000,4498.710000,5.732755,0.935824,25.644685,32.313263,27.782594,1.025548,14.224636,0.171248,1.167429,0.064718,0.054167,0.092152,205.839233,0.500000,-0.866025
2018,5,20.000000,150.000000,22.500000,152.500000,4019.770000,12.219853,1.633178,24.821818,38.674850,27.266313,1.003908,16.619830,0.223186,1.401356,0.113317,0.098056,0.087045,206.439651,0.500000,-0.866025
2018,5,20.000000,-155.000000,22.500000,-152.500000,3730.600000,2.144427,9.138476,0.000000,11.282904,,,,,,,,,,0.500000,-0.866025
2018,5,20.000000,-160.000000,22.500000,-157.500000,1857.580000,5.533005,5.684816,0.000000,11.217821,,,,,,,,,,0.500000,-0.866025
2018,5,20.000000,165.000000,22.500000,167.500000,1060.200000,1.284663,0.117902,0.033013,1.435578,25.645092,0.835873,26.133128,0.165779,1.439515,0.069089,0.088611,0.086600,210.443283,0.500000,-0.866025
2018,5,20.000000,170.000000,22.500000,172.500000,1453.880000,2.167992,0.182959,0.558506,2.909456,25.233077,0.838689,27.952879,0.179734,1.803130,0.060294,0.123889,0.074958,211.548874,0.500000,-0.866025
2018,5,-20.000000,-135.000000,-17.500000,-132.500000,1379.900000,1.600841,3.013262,24.607580,29.221683,,,,,,,,,,0.500000,-0.866025
2018,5,-20.000000,-150.000000,-17.500000,-147.500000,1918.210000,7.787990,4.056386,10.692781,22.537157,,,,,,,,,,0.500000,-0.866025
2018,5,-20.000000,155.000000,-17.500000,157.500000,2042.510000,18.992318,2.205620,37.777538,58.975476,26.923850,0.726382,40.564145,0.133572,1.711892,0.033211,0.146667,0.070605,205.212051,0.500000,-0.866025
2018,5,-20.000000,-155.000000,-17.500000,-152.500000,2287.730000,6.985964,7.173049,8.284631,22.443645,,,,,,,,,,0.500000,-0.866025
2018,5,-20.000000,160.000000,-17.500000,162.500000,1740.030000,12.631391,1.395953,26.322535,40.349879,26.905479,0.696885,37.416212,0.120328,52.443936,0.039412,0.169492,0.074167,205.340546,0.500000,-0.866025
2018,5,-20.000000,165.000000,-17.500000,167.500000,4088.050000,5.678257,1.131102,22.894534,29.703893,26.987937,0.652051,32.691567,0.151354,124.916361,0.039687,0.215125,0.078652,205.270248,0.500000,-0.866025
2018,5,-20.000000,170.000000,-17.500000,172.500000,8181.480000,4.406049,1.194283,20.444467,26.044799,27.189966,0.696825,35.118074,0.099455,1.626246,0.050355,0.154444,0.074238,204.575256,0.500000,-0.866025
2018,5,-20.000000,175.000000,-17.500000,177.500000,11479.400000,5.004965,1.456174,17.318327,23.779466,27.383867,0.745339,34.139593,0.090901,123.449580,0.033437,0.140675,0.083459,204.566788,0.500000,-0.866025
2018,5,-20.000000,-175.000000,-17.500000,-172.500000,5021.450000,9.254896,1.512710,31.703193,42.470800,,,,,,,,,,0.500000,-0.866025
2018,5,-20.000000,-180.000000,-17.500000,-177.500000,6489.120000,6.974906,1.972532,19.399549,28.346987,,,,,,,,,,0.500000,-0.866025
2018,5,25.000000,125.000000,27.500000,127.500000,11723.680000,25.978191,0.045037,0.670097,26.693325,25.212273,0.852342,13.666997,0.270576,112.526434,0.258427,0.640270,0.163255,214.010330,0.500000,-0.866025
2018,5,25.000000,130.000000,27.500000,132.500000,3421.960000,14.091924,0.224433,2.741411,17.057768,24.546477,1.066111,12.775164,0.289049,50.457874,0.153710,0.513198,0.125484,219.224945,0.500000,-0.866025
2018,5,25.000000,135.000000,27.500000,137.500000,9282.990000,0.881397,0.162771,2.943771,3.987939,24.584249,1.018829,11.999879,0.195104,3.185190,0.106043,0.305556,0.125905,218.420059,0.500000,-0.866025
2018,5,25.000000,145.000000,27.500000,147.500000,3560.160000,1.319042,0.289313,0.714294,2.322648,25.001031,0.887935,10.842294,0.154720,3.320445,0.063076,0.476389,0.097699,217.136383,0.500000,-0.866025
2018,5,25.000000,150.000000,27.500000,152.500000,2916.870000,0.914679,0.431284,0.109021,1.454984,25.281942,0.861056,11.427911,0.188815,4.150685,0.088379,0.418611,0.090351,215.961075,0.500000,-0.866025
2018,5,25.000000,155.000000,27.500000,157.500000,1893.560000,0.269334,0.322145,0.120936,0.712415,24.812855,0.821466,11.605639,0.157688,3.884044,0.064129,0.385000,0.084050,216.427582,0.500000,-0.866025
2018,5,25.000000,-155.000000,27.500000,-152.500000,8231.260000,5.434769,9.746624,0.245406,15.426800,,,,,,,,,,0.500000,-0.866025
2018,5,25.000000,160.000000,27.500000,162.500000,4554.540000,0.640679,0.397625,0.102974,1.141279,24.692940,0.865300,14.809998,0.136700,2.373922,0.056354,0.270556,0.077089,217.405319,0.500000,-0.866025
2018,5,25.000000,-160.000000,27.500000,-157.500000,5333.980000,7.100514,8.096768,0.000000,15.197282,,,,,,,,,,0.500000,-0.866025
2018,5,25.000000,165.000000,27.500000,167.500000,4512.320000,0.283003,0.261950,0.000000,0.544952,24.122972,0.814780,15.763023,0.156333,3.744312,0.084458,0.351111,0.072376,218.700012,0.500000,-0.866025
2018,5,25.000000,-165.000000,27.500000,-162.500000,2986.800000,10.200884,7.841168,0.000000,18.042052,,,,,,,,,,0.500000,-0.866025
2018,5,-25.000000,160.000000,-22.500000,162.500000,2198.400000,3.657205,1.064410,49.391830,54.113446,24.976756,0.655122,41.902912,0.124124,115.579625,0.052622,0.266535,0.063442,211.006668,0.500000,-0.866025
2018,5,-25.000000,165.000000,-22.500000,167.500000,1733.870000,32.422269,1.195015,20.442709,54.059993,25.265832,0.679663,39.636181,0.137364,116.281612,0.052866,0.237833,0.071356,210.542709,0.500000,-0.866025
2018,5,-25.000000,-165.000000,-22.500000,-162.500000,1632.290000,5.534556,2.636786,28.214962,36.386304,,,,,,,,,,0.500000,-0.866025
2018,5,-25.000000,170.000000,-22.500000,172.500000,3294.890000,4.564341,0.775747,30.125133,35.465220,25.125494,0.669360,42.817513,0.142835,2.136891,0.061048,0.197778,0.069849,210.855820,0.500000,-0.866025
2018,5,-25.000000,-170.000000,-22.500000,-167.500000,1296.810000,2.053501,1.894649,33.185278,37.133427,,,,,,,,,,0.500000,-0.866025
2018,5,-25.000000,175.000000,-22.500000,177.500000,6203.450000,3.900410,1.704535,22.331928,27.936874,25.192284,0.668055,39.902402,0.128307,1.953794,0.052732,0.182500,0.068439,211.058960,0.500000,-0.866025
2018,5,-25.000000,-175.000000,-22.500000,-172.500000,2790.100000,3.332855,2.616035,29.533350,35.482241,,,,,,,,,,0.500000,-0.866025
2018,5,-25.000000,-180.000000,-22.500000,-177.500000,3279.130000,4.842443,1.847746,22.906991,29.597180,,,,,,,,,,0.500000,-0.866025
2018,5,30.000000,145.000000,32.500000,147.500000,1635.640000,0.031792,1.275953,2.790345,4.098090,21.369931,0.977072,15.483863,0.187280,3.781887,0.111914,0.341389,0.260398,235.094604,0.500000,-0.866025
2018,5,30.000000,150.000000,32.500000,152.500000,2333.150000,0.128582,4.029745,3.501275,7.659602,21.296043,0.848571,13.912414,0.283743,4.161332,0.178088,0.393889,0.216559,236.036713,0.500000,-0.866025
2018,5,30.000000,155.000000,32.500000,157.500000,2055.470000,0.230604,6.913261,0.224280,7.368145,20.990638,0.702219,11.772939,0.308710,3.349268,0.283024,0.490278,0.216807,235.773743,0.500000,-0.866025
2018,5,30.000000,160.000000,32.500000,162.500000,1343.030000,0.132536,5.072113,0.000000,5.204649,21.104627,0.713413,11.297486,0.288130,4.125884,0.248025,0.528056,0.217769,235.620422,0.500000,-0.866025
2018,5,-30.000000,-135.000000,-27.500000,-132.500000,2645.520000,0.539780,1.789062,17.633206,19.962049,,,,,,,,,,0.500000,-0.866025
2018,5,-30.000000,150.000000,-27.500000,152.500000,1718.450000,24.010009,4.847973,1.714918,30.572900,24.302958,0.662830,53.371644,0.227270,108.367356,0.096080,0.526531,0.273433,212.424042,0.500000,-0.866025
2018,5,-30.000000,160.000000,-27.500000,162.500000,1224.790000,1.125907,0.545400,41.469150,43.140457,23.445329,0.680745,66.584058,0.203979,1.503912,0.113703,0.128889,0.075954,217.944321,0.500000,-0.866025
2018,5,-30.000000,-160.000000,-27.500000,-157.500000,1742.910000,2.123460,1.545117,49.244654,52.913231,,,,,,,,,,0.500000,-0.866025
2018,5,-30.000000,-165.000000,-27.500000,-162.500000,3903.620000,1.264980,1.945886,38.085674,41.296540,,,,,,,,,,0.500000,-0.866025
2018,5,-30.000000,-170.000000,-27.500000,-167.500000,10377.500000,1.800530,2.180968,38.487112,42.468610,,,,,,,,,,0.500000,-0.866025
2018,5,-30.000000,175.000000,-27.500000,177.500000,4003.770000,1.720878,1.452381,21.413817,24.587077,23.345775,0.588745,59.081845,0.147375,2.469182,0.066534,0.275556,0.055002,217.902435,0.500000,-0.866025
2018,5,-30.000000,-175.000000,-27.500000,-172.500000,7273.850000,1.916454,4.176193,28.779670,34.872317,,,,,,,,,,0.500000,-0.866025
2018,5,-30.000000,-180.000000,-27.500000,-177.500000,1059.630000,5.723696,1.936525,23.367591,31.027812,,,,,,,,,,0.500000,-0.866025
2018,5,35.000000,140.000000,37.500000,142.500000,1235.650000,0.000000,0.027516,0.016186,0.043702,17.513618,0.274628,15.494839,0.492839,85.225679,0.365138,0.799290,0.698865,234.168793,0.500000,-0.866025
2018,5,35.000000,145.000000,37.500000,147.500000,2036.820000,0.077572,2.009996,9.800081,11.887648,16.577863,0.137865,14.632058,0.416205,11.239724,0.297341,0.811389,0.934480,247.079056,0.500000,-0.866025
2018,5,35.000000,150.000000,37.500000,152.500000,2440.960000,0.458017,1.951691,3.069284,5.478992,17.377482,0.266296,14.971364,0.339544,7.976044,0.329186,0.665000,0.835403,255.701797,0.500000,-0.866025
2018,5,35.000000,155.000000,37.500000,157.500000,1205.010000,0.016597,0.203318,0.616592,0.836508,16.810876,0.248013,14.862981,0.302521,6.396425,0.194199,0.738611,0.978110,261.508575,0.500000,-0.866025
2018,5,35.000000,175.000000,37.500000,177.500000,1153.520000,1.226680,0.042479,0.000000,1.269159,15.530929,0.344912,19.232554,0.183618,7.156661,0.144865,0.560278,0.329925,265.186920,0.500000,-0.866025
2018,5,-35.000000,-135.000000,-32.500000,-132.500000,6139.100000,0.359662,1.649265,25.718754,27.727680,,,,,,,,,,0.500000,-0.866025
2018,5,-35.000000,-140.000000,-32.500000,-137.500000,3563.450000,0.334788,1.769633,27.288442,29.392864,,,,,,,,,,0.500000,-0.866025
2018,5,-35.000000,-145.000000,-32.500000,-142.500000,1251.140000,0.338092,1.908659,27.897757,30.144508,,,,,,,,,,0.500000,-0.866025
2018,5,-35.000000,150.000000,-32.500000,152.500000,1606.910000,15.501179,6.758313,18.048304,40.307796,22.648219,0.657244,61.536912,0.546625,104.917476,0.245280,0.582890,0.458360,218.734253,0.500000,-0.866025
2018,5,-35.000000,155.000000,-32.500000,157.500000,2352.410000,5.698411,7.166693,23.703776,36.568880,22.018079,0.506823,62.903884,0.357918,69.034076,0.188987,0.615620,0.372729,216.778229,0.500000,-0.866025
2018,5,-35.000000,160.000000,-32.500000,162.500000,2579.500000,0.971894,0.644699,41.498740,43.115332,21.578738,0.536988,71.042516,0.193150,4.558996,0.070330,0.305278,0.288786,219.647202,0.500000,-0.866025
2018,5,-35.000000,-160.000000,-32.500000,-157.500000,1643.180000,1.150817,1.450237,51.341910,53.942964,,,,,,,,,,0.500000,-0.866025
2018,5,-35.000000,-165.000000,-32.500000,-162.500000,5441.330000,1.466186,0.715266,38.741264,40.922716,,,,,,,,,,0.500000,-0.866025
2018,5,-35.000000,-170.000000,-32.500000,-167.500000,4330.060000,1.527462,2.187730,42.056230,45.771421,,,,,,,,,,0.500000,-0.866025
2018,5,-35.000000,-175.000000,-32.500000,-172.500000,4568.620000,2.111141,4.219655,28.070183,34.400979,,,,,,,,,,0.500000,-0.866025
2018,5,-40.000000,150.000000,-37.500000,152.500000,1814.880000,11.457507,2.254144,7.469915,21.181566,,,,,,,,,,0.500000,-0.866025
2018,5,-40.000000,155.000000,-37.500000,157.500000,12430.820000,0.500450,1.780333,31.890977,34.171760,,,,,,,,,,0.500000,-0.866025
2018,5,-40.000000,160.000000,-37.500000,162.500000,2351.380000,1.765772,1.060654,28.332724,31.159149,,,,,,,,,,0.500000,-0.866025
2018,5,-40.000000,165.000000,-37.500000,167.500000,1209.410000,0.715225,4.202876,25.123821,30.041921,,,,,,,,,,0.500000,-0.866025
2018,5,-40.000000,175.000000,-37.500000,177.500000,2046.000000,0.285924,2.754154,19.356305,22.396383,,,,,,,,,,0.500000,-0.866025
2018,5,-40.000000,-175.000000,-37.500000,-172.500000,3854.180000,0.040735,1.992382,58.625181,60.658298,,,,,,,,,,0.500000,-0.866025
2018,5,-40.000000,-180.000000,-37.500000,-177.500000,2530.260000,0.131212,2.202936,64.519061,66.853209,,,,,,,,,,0.500000,-0.866025
2018,5,-45.000000,150.000000,-42.500000,152.500000,3968.400000,0.022427,0.034523,6.740248,6.797198,,,,,,,,,,0.500000,-0.866025
2018,5,-45.000000,155.000000,-42.500000,157.500000,17262.080000,0.005156,0.035627,3.543026,3.583809,,,,,,,,,,0.500000,-0.866025
2018,6,0.000000,120.000000,2.500000,122.500000,14165.610000,15.069100,5.451583,0.000000,20.520684,29.756743,0.645466,14.721677,0.276695,136.079234,0.024681,0.086903,0.106430,199.883789,0.000000,-1.000000
2018,6,0.000000,125.000000,2.500000,127.500000,18887.480000,15.069083,5.451601,0.000000,20.520684,29.397753,0.676255,16.946497,0.505056,136.238128,0.046261,0.146703,0.176090,200.666153,0.000000,-1.000000
2018,6,0.000000,130.000000,2.500000,132.500000,4721.870000,15.069030,5.451654,0.000000,20.520684,29.629690,0.788070,19.859758,0.654426,116.600472,0.041229,0.013337,0.140504,200.262909,0.000000,-1.000000
2018,6,0.000000,140.000000,2.500000,142.500000,3313.000000,21.758829,5.041956,0.250528,27.051313,29.990788,0.763759,20.016795,0.365393,0.284735,0.027956,0.000000,0.087856,199.373123,0.000000,-1.000000
2018,6,0.000000,145.000000,2.500000,147.500000,3073.660000,17.513974,10.187529,0.730400,28.431902,30.107910,0.744787,18.036143,0.334360,0.274956,0.031252,0.000000,0.085529,199.076233,0.000000,-1.000000
2018,6,0.000000,150.000000,2.500000,152.500000,1318.880000,16.989415,8.633841,0.432185,26.055441,30.272454,0.747441,18.888627,0.343405,0.252873,0.021943,0.000000,0.081392,198.698776,0.000000,-1.000000
2018,6,0.000000,155.000000,2.500000,157.500000,4956.660000,13.479036,6.974455,0.084734,20.538225,30.304801,0.743088,18.516683,0.379867,0.293711,0.021704,0.000000,0.090767,199.014587,0.000000,-1.000000
2018,6,0.000000,-155.000000,2.500000,-152.500000,4205.760000,8.292199,15.628091,0.159305,24.079596,,,,,,,,,,0.000000,-1.000000
2018,6,0.000000,160.000000,2.500000,162.500000,8561.220000,23.545476,9.283724,0.077676,32.906875,30.139150,0.725029,21.929034,0.317666,0.307641,0.022245,0.000000,0.121012,199.761353,0.000000,-1.000000
2018,6,0.000000,165.000000,2.500000,167.500000,11010.800000,7.000763,15.674701,0.003542,22.679006,30.035518,0.705511,19.985044,0.391704,94.809014,0.027908,0.002779,0.134288,200.096390,0.000000,-1.000000
2018,6,0.000000,170.000000,2.500000,172.500000,3511.780000,5.798484,15.310469,0.123584,21.232537,29.711677,0.666813,21.004623,0.280830,133.658249,0.029168,0.019537,0.199261,201.427460,0.000000,-1.000000
2018,6,0.000000,-170.000000,2.500000,-167.500000,8318.980000,7.254856,16.085265,0.040149,23.380270,,,,,,,,,,0.000000,-1.000000
2018,6,0.000000,-175.000000,2.500000,-172.500000,3768.220000,6.874599,13.212074,0.054402,20.141075,,,,,,,,,,0.000000,-1.000000
2018,6,5.000000,130.000000,7.500000,132.500000,3182.460000,12.073679,11.695984,0.000000,23.769662,29.902195,0.567477,16.826349,0.626696,134.252122,0.113015,0.007804,0.101134,198.845032,0.000000,-1.000000
2018,6,5.000000,135.000000,7.500000,137.500000,1016.030000,16.661910,7.581469,0.000000,24.243379,29.884612,0.592271,15.374453,0.400091,133.729983,0.060380,0.006954,0.091919,198.272888,0.000000,-1.000000
2018,6,5.000000,140.000000,7.500000,142.500000,3066.850000,7.051209,20.848101,0.027064,27.926374,29.924351,0.620076,16.240680,0.227372,0.792505,0.041254,0.005833,0.084451,198.050476,0.000000,-1.000000
2018,6,5.000000,145.000000,7.500000,147.500000,5477.950000,13.173359,14.633576,0.165025,27.971960,29.942448,0.615164,16.129838,0.134529,0.542231,0.017274,0.000000,0.083588,197.959045,0.000000,-1.000000
2018,6,5.000000,150.000000,7.500000,152.500000,2348.350000,7.001086,10.518875,1.504886,19.024847,29.805629,0.596675,16.254378,0.171422,120.297027,0.030132,0.004733,0.084421,198.029572,0.000000,-1.000000
2018,6,5.000000,155.000000,7.500000,157.500000,2875.210000,5.264311,9.014994,0.846895,15.126199,29.687052,0.568265,17.445270,0.230644,126.889937,0.043894,0.006950,0.080995,197.891312,0.000000,-1.000000
2018,6,5.000000,160.000000,7.500000,162.500000,1905.410000,9.367538,15.127453,0.015220,24.510210,29.503467,0.559751,20.838166,0.191312,0.604926,0.038115,0.000000,0.072232,197.915787,0.000000,-1.000000
2018,6,5.000000,165.000000,7.500000,167.500000,2339.340000,5.132217,8.338677,0.000000,13.470893,29.317549,0.535248,20.689259,0.172467,132.497376,0.035589,0.048442,0.069775,198.035507,0.000000,-1.000000
2018,6,5.000000,170.000000,7.500000,172.500000,4033.000000,5.590875,24.905033,0.025539,30.521448,29.241164,0.498971,21.708061,0.180434,132.362752,0.036642,0.047539,0.078493,198.478455,0.000000,-1.000000
2018,6,5.000000,-170.000000,7.500000,-167.500000,2404.010000,3.801149,7.472931,0.106905,11.380984,,,,,,,,,,0.000000,-1.000000
2018,6,5.000000,175.000000,7.500000,177.500000,1804.450000,4.349248,11.218377,0.105849,15.673474,29.129086,0.493188,27.990179,0.184015,0.418968,0.028803,0.000000,0.110569,199.448471,0.000000,-1.000000
2018,6,5.000000,-175.000000,7.500000,-172.500000,2592.300000,3.345678,7.987887,0.127300,11.460865,,,,,,,,,,0.000000,-1.000000
2018,6,5.000000,-180.000000,7.500000,-177.500000,1205.060000,3.044662,6.663569,0.336913,10.045143,,,,,,,,,,0.000000,-1.000000
2018,6,-5.000000,120.000000,-2.500000,122.500000,18887.480000,15.069083,5.451601,0.000000,20.520684,28.704081,0.630992,18.620152,0.144942,134.526207,0.015147,0.336145,0.104626,200.076492,0.000000,-1.000000
2018,6,-5.000000,125.000000,-2.500000,127.500000,28331.230000,15.069060,5.451581,0.000000,20.520641,28.295897,0.619113,17.393803,0.247517,132.044885,0.021970,0.264087,0.221985,201.345383,0.000000,-1.000000
2018,6,-5.000000,130.000000,-2.500000,132.500000,9443.740000,15.069030,5.451548,0.000000,20.520578,28.270614,0.646469,17.320928,0.271885,131.486204,0.069165,0.382706,0.203951,201.641876,0.000000,-1.000000
2018,6,-5.000000,145.000000,-2.500000,147.500000,4438.660000,63.174472,3.499254,3.800021,70.473747,29.731385,0.765213,22.635737,0.316423,129.116420,0.010549,0.027374,0.113824,199.242966,0.000000,-1.000000
2018,6,-5.000000,150.000000,-2.500000,152.500000,1107.690000,58.849498,8.437379,14.079752,81.366628,30.115706,0.759834,20.325570,0.312346,134.255386,0.012732,0.075593,0.097601,199.280029,0.000000,-1.000000
2018,6,-5.000000,155.000000,-2.500000,157.500000,2613.470000,21.573234,7.491190,6.321863,35.386287,30.301251,0.762671,20.035148,0.320500,0.462360,0.017833,0.000000,0.102173,199.120041,0.000000,-1.000000
2018,6,-5.000000,-155.000000,-2.500000,-152.500000,8042.050000,9.518344,12.352696,1.219216,23.090257,,,,,,,,,,0.000000,-1.000000
2018,6,-5.000000,160.000000,-2.500000,162.500000,9805.950000,19.904038,7.848092,1.638495,29.390625,30.230749,0.750894,23.135829,0.318112,0.193143,0.023187,0.000000,0.135967,199.748672,0.000000,-1.000000
2018,6,-5.000000,165.000000,-2.500000,167.500000,2088.780000,14.859392,6.160055,3.876425,24.895872,30.001682,0.726498,21.431158,0.321240,0.202359,0.023877,0.000000,0.144279,200.730957,0.000000,-1.000000
2018,6,-5.000000,-165.000000,-2.500000,-162.500000,13096.230000,14.162855,12.339811,3.366160,29.868825,,,,,,,,,,0.000000,-1.000000
2018,6,-5.000000,170.000000,-2.500000,172.500000,3022.090000,15.752344,17.483596,4.329454,37.565393,29.717042,0.692835,24.112983,0.281133,131.644840,0.019768,0.009476,0.160598,202.827988,0.000000,-1.000000
2018,6,-5.000000,-170.000000,-2.500000,-167.500000,10353.710000,14.183322,16.513984,2.365143,33.062448,,,,,,,,,,0.000000,-1.000000
2018,6,-5.000000,175.000000,-2.500000,177.500000,2025.350000,20.697657,20.738638,4.246180,45.682475,29.288727,0.661872,24.688949,0.273810,93.058154,0.018673,0.001668,0.154688,203.614044,0.000000,-1.000000
2018,6,-5.000000,-180.000000,-2.500000,-177.500000,3090.140000,12.624024,14.249193,2.470438,29.343654,,,,,,,,,,0.000000,-1.000000
2018,6,10.000000,110.000000,12.500000,112.500000,16114.470000,21.331760,1.166157,0.000000,22.497916,29.410386,0.679135,19.411935,0.192021,1.223941,0.044495,0.027500,0.081473,199.205353,0.000000,-1.000000
2018,6,10.000000,115.000000,12.500000,117.500000,16114.470000,21.331760,1.166157,0.000000,22.497916,29.753465,0.740694,21.032874,0.119057,135.324371,0.021005,0.029796,0.083708,198.389816,0.000000,-1.000000
2018,6,10.000000,125.000000,12.500000,127.500000,1030.170000,8.381141,5.639846,0.111632,14.132619,29.975663,0.902761,19.818654,0.194068,135.162198,0.097068,0.050955,0.099428,198.222122,0.000000,-1.000000
2018,6,10.000000,130.000000,12.500000,132.500000,10484.740000,10.504219,14.827263,0.148883,25.480365,29.942164,0.882313,19.787821,0.220635,0.221108,0.108531,0.000000,0.097443,198.308533,0.000000,-1.000000
2018,6,10.000000,150.000000,12.500000,152.500000,4503.350000,16.450420,7.102712,4.996725,28.549857,28.862734,0.771136,18.453187,0.249549,0.381032,0.110473,0.000000,0.089262,200.178940,0.000000,-1.000000
2018,6,10.000000,155.000000,12.500000,157.500000,2740.710000,13.127255,2.448271,11.649901,27.225427,28.735205,0.747455,20.691338,0.250768,0.367594,0.111931,0.000000,0.086426,200.681168,0.000000,-1.000000
2018,6,10.000000,-160.000000,12.500000,-157.500000,10715.730000,5.533641,25.685138,0.068031,31.286809,,,,,,,,,,0.000000,-1.000000
2018,6,10.000000,-165.000000,12.500000,-162.500000,8318.980000,4.810325,24.533657,0.128862,29.472844,,,,,,,,,,0.000000,-1.000000
2018,6,10.000000,170.000000,12.500000,172.500000,4224.460000,4.669946,19.735777,0.516279,24.922002,28.451523,0.624433,24.429903,0.225043,57.268671,0.083485,0.003056,0.073185,202.249451,0.000000,-1.000000
2018,6,10.000000,-170.000000,12.500000,-167.500000,3148.460000,3.919376,21.696957,0.243611,25.859944,,,,,,,,,,0.000000,-1.000000
2018,6,10.000000,175.000000,12.500000,177.500000,12716.760000,2.793322,15.679072,0.511766,18.984159,28.329565,0.613841,27.674652,0.185727,0.590052,0.053161,0.000000,0.069784,202.413284,0.000000,-1.000000
2018,6,10.000000,-175.000000,12.500000,-172.500000,3272.890000,3.024239,16.466792,0.175075,19.666105,,,,,,,,,,0.000000,-1.000000
2018,6,10.000000,-180.000000,12.500000,-177.500000,9379.430000,2.310162,12.981919,0.315584,15.607665,,,,,,,,,,0.000000,-1.000000
2018,6,-10.000000,-135.000000,-7.500000,-132.500000,3289.660000,7.076111,21.057191,3.675760,31.809062,,,,,,,,,,0.000000,-1.000000
2018,6,-10.000000,-140.000000,-7.500000,-137.500000,1992.570000,5.132567,18.482161,1.630056,25.244784,,,,,,,,,,0.000000,-1.000000
2018,6,-10.000000,145.000000,-7.500000,147.500000,1065.890000,53.227819,3.323983,17.321675,73.873477,27.851039,0.752242,33.512571,0.278540,131.575148,0.038495,0.336481,0.184611,202.731430,0.000000,-1.000000
2018,6,-10.000000,-145.000000,-7.500000,-142.500000,1594.960000,6.327431,10.210287,1.803180,18.340899,,,,,,,,,,0.000000,-1.000000
2018,6,-10.000000,150.000000,-7.500000,152.500000,1180.150000,27.052493,5.154430,14.147354,46.354277,28.864864,0.743307,29.096037,0.229933,132.147986,0.036798,0.255472,0.218525,200.102066,0.000000,-1.000000
2018,6,-10.000000,-150.000000,-7.500000,-147.500000,7184.580000,8.503211,12.953158,3.101921,24.558290,,,,,,,,,,0.000000,-1.000000
2018,6,-10.000000,155.000000,-7.500000,157.500000,12191.720000,41.268254,5.975695,1.559009,48.802958,29.450309,0.773387,28.791639,0.130075,133.655820,0.031848,0.171819,0.160337,198.563980,0.000000,-1.000000
2018,6,-10.000000,-155.000000,-7.500000,-152.500000,2467.730000,9.664347,15.650821,1.938624,27.253792,,,,,,,,,,0.000000,-1.000000
2018,6,-10.000000,160.000000,-7.500000,162.500000,15223.150000,21.884433,5.647123,3.308448,30.840004,29.802611,0.833579,30.619876,0.174337,133.218998,0.021384,0.049386,0.109542,198.831696,0.000000,-1.000000
2018,6,-10.000000,-160.000000,-7.500000,-157.500000,2949.480000,17.614630,2.432971,28.887126,48.934727,,,,,,,,,,0.000000,-1.000000
2018,6,-10.000000,165.000000,-7.500000,167.500000,6556.390000,19.458421,7.994338,12.170875,39.623634,29.739539,0.833954,32.738012,0.161786,0.707956,0.031040,0.000833,0.111173,199.160797,0.000000,-1.000000
2018,6,-10.000000,-165.000000,-7.500000,-162.500000,13349.780000,13.600374,3.358258,23.185850,40.144482,,,,,,,,,,0.000000,-1.000000
2018,6,-10.000000,170.000000,-7.500000,172.500000,17536.580000,12.930628,7.123225,8.842317,28.896170,29.679563,0.822755,31.670161,0.200908,0.699034,0.041216,0.000833,0.129187,199.311081,0.000000,-1.000000
2018,6,-10.000000,-170.000000,-7.500000,-167.500000,6543.340000,10.469424,3.106823,14.859231,28.435478,,,,,,,,,,0.000000,-1.000000
2018,6,-10.000000,175.000000,-7.500000,177.500000,4697.280000,19.555573,8.277343,15.155367,42.988283,29.617156,0.809444,29.024587,0.210613,0.554843,0.042144,0.000000,0.128310,199.114807,0.000000,-1.000000
2018,6,-10.000000,-175.000000,-7.500000,-172.500000,1660.550000,4.707476,1.012917,20.572702,26.293096,,,,,,,,,,0.000000,-1.000000
2018,6,-10.000000,-180.000000,-7.500000,-177.500000,3828.320000,11.560423,3.638933,19.168199,34.367555,,,,,,,,,,0.000000,-1.000000
2018,6,15.000000,110.000000,17.500000,112.500000,16114.470000,21.331760,1.166157,0.000000,22.497916,29.559639,0.650988,13.521980,0.157133,128.548096,0.049203,0.055668,0.092082,199.302460,0.000000,-1.000000
2018,6,15.000000,115.000000,17.500000,117.500000,16114.470000,21.331760,1.166157,0.000000,22.497916,29.659373,0.681911,15.823890,0.177353,135.913167,0.076401,0.025627,0.090194,199.131958,0.000000,-1.000000
2018,6,15.000000,125.000000,17.500000,127.500000,1114.560000,4.606302,1.704709,3.771892,10.082903,29.891070,1.043766,18.672412,0.191849,0.815031,0.073835,0.008611,0.098981,198.548401,0.000000,-1.000000
2018,6,15.000000,135.000000,17.500000,137.500000,1020.510000,1.483572,1.235657,14.211522,16.930750,29.754004,1.087249,20.696722,0.172042,0.797471,0.068996,0.001667,0.095191,198.467270,0.000000,-1.000000
2018,6,15.000000,150.000000,17.500000,152.500000,5246.430000,4.331707,1.465568,20.672343,26.469618,28.768616,1.020403,21.021701,0.164354,1.103004,0.066739,0.010278,0.083391,201.404175,0.000000,-1.000000
2018,6,15.000000,155.000000,17.500000,157.500000,2572.330000,3.089028,0.910847,17.757442,21.757317,28.401739,0.947937,19.909174,0.161102,1.107399,0.055040,0.007778,0.075180,202.508041,0.000000,-1.000000
2018,6,15.000000,-155.000000,17.500000,-152.500000,4284.800000,1.643717,13.345314,0.000000,14.989031,,,,,,,,,,0.000000,-1.000000
2018,6,15.000000,-160.000000,17.500000,-157.500000,14920.030000,7.557961,9.989323,0.161997,17.709281,,,,,,,,,,0.000000,-1.000000
2018,6,15.000000,-165.000000,17.500000,-162.500000,6893.600000,7.113555,8.989788,0.437797,16.541140,,,,,,,,,,0.000000,-1.000000
2018,6,-15.000000,-135.000000,-12.500000,-132.500000,4636.070000,3.757061,5.910394,22.555742,32.223198,,,,,,,,,,0.000000,-1.000000
2018,6,-15.000000,-140.000000,-12.500000,-137.500000,1397.970000,7.376410,3.111655,9.169725,19.657790,,,,,,,,,,0.000000,-1.000000
2018,6,-15.000000,145.000000,-12.500000,147.500000,2772.330000,46.161171,2.078035,29.247600,77.486807,26.135020,0.646610,48.217699,0.201010,116.532806,0.051022,0.100310,0.107773,206.283066,0.000000,-1.000000
2018,6,-15.000000,-145.000000,-12.500000,-142.500000,3768.720000,15.977839,9.512779,20.497941,45.988558,,,,,,,,,,0.000000,-1.000000
2018,6,-15.000000,150.000000,-12.500000,152.500000,6073.060000,29.613078,2.245326,19.708516,51.566920,27.041467,0.693822,46.145505,0.161837,123.104511,0.033850,0.167420,0.100136,204.043793,0.000000,-1.000000
2018,6,-15.000000,-150.000000,-12.500000,-147.500000,3085.710000,8.639179,7.357788,18.335813,34.332779,,,,,,,,,,0.000000,-1.000000
2018,6,-15.000000,155.000000,-12.500000,157.500000,4990.220000,23.949846,2.689861,19.054671,45.694378,27.887337,0.752157,48.070385,0.182178,1.788251,0.036308,0.097778,0.127660,202.118530,0.000000,-1.000000
2018,6,-15.000000,160.000000,-12.500000,162.500000,5463.700000,11.061369,2.004502,21.014331,34.080202,28.091649,0.765681,39.107752,0.169188,130.666328,0.055411,0.182738,0.081263,201.788254,0.000000,-1.000000
2018,6,-15.000000,-160.000000,-12.500000,-157.500000,7160.110000,7.377680,1.594529,31.254129,40.226337,,,,,,,,,,0.000000,-1.000000
2018,6,-15.000000,165.000000,-12.500000,167.500000,10987.590000,10.943346,1.989699,24.226696,37.159741,28.433712,0.787712,36.798491,0.122115,123.492690,0.035370,0.082356,0.078920,201.000702,0.000000,-1.000000
2018,6,-15.000000,-165.000000,-12.500000,-162.500000,2058.870000,5.085799,0.989378,32.979741,39.054918,,,,,,,,,,0.000000,-1.000000
2018,6,-15.000000,170.000000,-12.500000,172.500000,13146.320000,8.633823,1.982456,28.289666,38.905945,28.654070,0.811198,39.735864,0.092149,0.721643,0.014038,0.002500,0.068844,200.367584,0.000000,-1.000000
2018,6,-15.000000,-170.000000,-12.500000,-167.500000,1147.930000,4.677986,0.294443,9.328966,14.301395,,,,,,,,,,0.000000,-1.000000
2018,6,-15.000000,-175.000000,-12.500000,-172.500000,11344.760000,4.583967,0.748892,15.214161,20.547019,,,,,,,,,,0.000000,-1.000000
2018,6,20.000000,125.000000,22.500000,127.500000,1399.180000,13.097671,0.147944,1.197844,14.443460,29.184934,1.123845,12.892374,0.262297,90.176770,0.125902,0.168427,0.112155,202.494171,0.000000,-1.000000
2018,6,20.000000,135.000000,22.500000,137.500000,2953.010000,3.436494,0.577038,14.680953,18.694485,29.276413,1.023549,14.462468,0.225213,1.662090,0.114405,0.099444,0.097944,201.243362,0.000000,-1.000000
2018,6,20.000000,140.000000,22.500000,142.500000,7299.890000,12.974990,2.157978,24.425300,39.558267,29.401521,1.092788,16.609142,0.248988,58.232578,0.102648,0.023340,0.096973,200.652222,0.000000,-1.000000
2018,6,20.000000,145.000000,22.500000,147.500000,1119.650000,3.498415,0.491225,12.339570,16.329210,29.055189,1.063313,15.112682,0.227870,1.185139,0.102461,0.026667,0.095708,200.732285,0.000000,-1.000000
2018,6,20.000000,150.000000,22.500000,152.500000,3904.360000,5.015419,0.625967,26.952945,32.594330,28.792981,0.989608,16.015606,0.185226,1.234174,0.062251,0.031111,0.093422,202.064316,0.000000,-1.000000
2018,6,20.000000,155.000000,22.500000,157.500000,3976.740000,7.964564,1.347586,33.542298,42.854449,28.311880,0.958534,15.027272,0.176622,1.058240,0.089490,0.013611,0.087185,203.462006,0.000000,-1.000000
2018,6,20.000000,-160.000000,22.500000,-157.500000,1106.860000,9.938023,2.710370,0.000000,12.648393,,,,,,,,,,0.000000,-1.000000
2018,6,-20.000000,-135.000000,-17.500000,-132.500000,1364.490000,2.595842,2.174439,17.373524,22.143805,,,,,,,,,,0.000000,-1.000000
2018,6,-20.000000,-150.000000,-17.500000,-147.500000,2731.430000,9.351878,5.317361,18.157522,32.826761,,,,,,,,,,0.000000,-1.000000
2018,6,-20.000000,-155.000000,-17.500000,-152.500000,2777.870000,5.199307,4.630886,20.246808,30.077001,,,,,,,,,,0.000000,-1.000000
2018,6,-20.000000,160.000000,-17.500000,162.500000,1024.900000,9.652649,1.758220,25.600546,37.011416,25.797555,0.683025,49.923501,0.112280,50.073391,0.040731,0.190886,0.070949,208.683044,0.000000,-1.000000
2018,6,-20.000000,165.000000,-17.500000,167.500000,3637.360000,7.119174,1.268228,25.430532,33.817934,26.433041,0.694075,38.433086,0.110328,122.979688,0.032784,0.287310,0.077496,207.691666,0.000000,-1.000000
2018,6,-20.000000,170.000000,-17.500000,172.500000,13448.580000,7.630545,1.045761,26.770336,35.446642,26.763550,0.730315,39.921815,0.105889,2.249299,0.066217,0.203889,0.068375,205.879211,0.000000,-1.000000
2018,6,-20.000000,-170.000000,-17.500000,-167.500000,2892.150000,6.176374,2.360182,29.824871,38.361427,,,,,,,,,,0.000000,-1.000000
2018,6,-20.000000,175.000000,-17.500000,177.500000,8512.110000,5.621873,1.807425,21.615675,29.044972,27.063599,0.758176,34.005150,0.079190,122.898695,0.030204,0.233774,0.080070,205.539337,0.000000,-1.000000
2018,6,-20.000000,-175.000000,-17.500000,-172.500000,3145.590000,8.333254,1.849256,19.237726,29.420236,,,,,,,,,,0.000000,-1.000000
2018,6,-20.000000,-180.000000,-17.500000,-177.500000,6393.690000,4.523835,1.545743,14.961783,21.031361,,,,,,,,,,0.000000,-1.000000
2018,6,25.000000,125.000000,27.500000,127.500000,7242.640000,34.996631,0.077458,0.476484,35.550573,27.262482,0.873056,12.624859,0.262435,121.322076,0.230788,0.548722,0.134118,205.898682,0.000000,-1.000000
2018,6,25.000000,130.000000,27.500000,132.500000,5916.960000,35.326418,0.020957,0.593548,35.940922,26.713054,1.068403,11.447918,0.236348,55.043823,0.146493,0.331203,0.117255,209.159241,0.000000,-1.000000
2018,6,25.000000,135.000000,27.500000,137.500000,1688.370000,3.072786,0.381433,0.308582,3.762801,26.530842,1.066435,10.891251,0.228503,2.728966,0.140720,0.260833,0.114295,210.364258,0.000000,-1.000000
2018,6,25.000000,145.000000,27.500000,147.500000,4899.080000,1.633164,0.327613,1.283710,3.244487,27.139898,0.902202,11.067835,0.182899,3.032540,0.082446,0.469444,0.102180,208.564957,0.000000,-1.000000
2018,6,25.000000,150.000000,27.500000,152.500000,1402.100000,1.579773,0.539191,0.368019,2.486984,27.535275,0.884844,11.646245,0.170964,2.936895,0.070363,0.337222,0.103722,207.808548,0.000000,-1.000000
2018,6,25.000000,-155.000000,27.500000,-152.500000,1637.520000,4.437808,6.468929,0.000000,10.906737,,,,,,,,,,0.000000,-1.000000
2018,6,25.000000,160.000000,27.500000,162.500000,1185.800000,0.164446,0.196492,0.025299,0.386237,27.211403,0.878242,12.128353,0.139154,1.882316,0.084212,0.080278,0.097562,208.899017,0.000000,-1.000000
2018,6,25.000000,-160.000000,27.500000,-157.500000,2347.450000,4.774969,4.046945,0.425994,9.247907,,,,,,,,,,0.000000,-1.000000
2018,6,25.000000,-165.000000,27.500000,-162.500000,1644.050000,7.426173,5.035127,0.000000,12.461300,,,,,,,,,,0.000000,-1.000000
2018,6,25.000000,170.000000,27.500000,172.500000,1236.200000,1.151917,0.422262,0.136709,1.710888,26.357123,0.761320,11.359498,0.185629,1.935557,0.094642,0.155556,0.090187,211.101715,0.000000,-1.000000
2018,6,-25.000000,160.000000,-22.500000,162.500000,2575.680000,2.026261,0.655749,41.969111,44.651121,23.787215,0.650701,62.192053,0.107448,110.328522,0.041042,0.205179,0.059746,215.598099,0.000000,-1.000000
2018,6,-25.000000,-160.000000,-22.500000,-157.500000,1028.000000,2.640078,2.999027,11.242218,16.881323,,,,,,,,,,0.000000,-1.000000
2018,6,-25.000000,165.000000,-22.500000,167.500000,2075.760000,13.692334,0.976992,24.605927,39.275253,24.046511,0.657435,50.448018,0.144523,110.393519,0.061496,0.400058,0.067406,214.286102,0.000000,-1.000000
2018,6,-25.000000,170.000000,-22.500000,172.500000,5561.010000,3.418624,0.976801,27.112881,31.508305,24.079410,0.655858,48.297578,0.146895,2.503741,0.065602,0.244722,0.070835,214.129242,0.000000,-1.000000
2018,6,-25.000000,-170.000000,-22.500000,-167.500000,5564.690000,1.826517,3.711977,41.101301,46.639795,,,,,,,,,,0.000000,-1.000000
2018,6,-25.000000,175.000000,-22.500000,177.500000,6178.520000,4.191942,1.786998,22.474314,28.453254,24.317937,0.656547,42.068157,0.124211,2.279337,0.061363,0.313056,0.070946,213.761353,0.000000,-1.000000
2018,6,-25.000000,-175.000000,-22.500000,-172.500000,3233.050000,4.082213,3.591346,29.210189,36.883748,,,,,,,,,,0.000000,-1.000000
2018,6,-25.000000,-180.000000,-22.500000,-177.500000,1698.580000,5.560527,2.120595,13.067386,20.748508,,,,,,,,,,0.000000,-1.000000
2018,6,30.000000,130.000000,32.500000,132.500000,1016.940000,23.268826,0.213385,0.306803,23.789014,24.423109,0.755559,12.005182,0.456365,117.918996,0.433027,0.630829,0.271253,214.063477,0.000000,-1.000000
2018,6,-30.000000,-135.000000,-27.500000,-132.500000,1888.880000,0.858710,1.516242,16.288488,18.663441,,,,,,,,,,0.000000,-1.000000
2018,6,-30.000000,-140.000000,-27.500000,-137.500000,1191.610000,0.406173,1.384681,19.519809,21.310664,,,,,,,,,,0.000000,-1.000000
2018,6,-30.000000,150.000000,-27.500000,152.500000,1357.970000,11.231471,6.372748,6.477315,24.081533,22.761185,0.644979,67.203505,0.264855,98.602747,0.116456,0.708571,0.454766,215.486267,0.000000,-1.000000
2018,6,-30.000000,-150.000000,-27.500000,-147.500000,1309.340000,0.736249,1.556509,24.510822,26.803580,,,,,,,,,,0.000000,-1.000000
2018,6,-30.000000,-155.000000,-27.500000,-152.500000,3589.730000,1.268898,1.008990,45.002270,47.280158,,,,,,,,,,0.000000,-1.000000
2018,6,-30.000000,160.000000,-27.500000,162.500000,4941.120000,0.905665,0.571935,46.636390,48.113990,22.025884,0.650804,92.836632,0.187560,1.899673,0.119218,0.226944,0.151702,222.841370,0.000000,-1.000000
2018,6,-30.000000,-160.000000,-27.500000,-157.500000,4894.930000,1.321776,1.287659,43.938320,46.547755,,,,,,,,,,0.000000,-1.000000
2018,6,-30.000000,-165.000000,-27.500000,-162.500000,7452.420000,1.091055,1.869057,35.826617,38.786730,,,,,,,,,,0.000000,-1.000000
2018,6,-30.000000,170.000000,-27.500000,172.500000,3882.320000,0.969523,0.408261,40.064961,41.442746,21.777856,0.562906,77.223023,0.145689,2.549514,0.075942,0.341389,0.077636,224.493774,0.000000,-1.000000
2018,6,-30.000000,-170.000000,-27.500000,-167.500000,5144.740000,1.131641,1.222219,28.886202,31.240063,,,,,,,,,,0.000000,-1.000000
2018,6,-30.000000,175.000000,-27.500000,177.500000,2180.670000,1.581165,1.016660,25.980089,28.577914,22.055747,0.566122,71.657845,0.127301,2.627025,0.070462,0.354167,0.054419,223.244141,0.000000,-1.000000
2018,6,-30.000000,-175.000000,-27.500000,-172.500000,9430.970000,1.425410,2.400177,29.624524,33.450112,,,,,,,,,,0.000000,-1.000000
2018,6,-30.000000,-180.000000,-27.500000,-177.500000,1319.910000,1.875128,2.437287,32.312809,36.625224,,,,,,,,,,0.000000,-1.000000
2018,6,35.000000,140.000000,37.500000,142.500000,2751.260000,0.000000,0.037801,0.000000,0.037801,19.942053,0.265103,12.083162,0.451268,97.084190,0.336869,0.812789,0.335302,228.274658,0.000000,-1.000000
2018,6,35.000000,145.000000,37.500000,147.500000,1153.690000,0.117016,0.000000,0.030337,0.147353,19.285932,0.192311,12.817775,0.397586,11.314294,0.314481,0.734722,0.348575,233.591431,0.000000,-1.000000
2018,6,35.000000,150.000000,37.500000,152.500000,1024.410000,0.713581,0.277233,0.977148,1.967962,19.699720,0.323212,15.495901,0.406235,9.126606,0.325321,0.726944,0.357731,243.181091,0.000000,-1.000000
2018,6,35.000000,160.000000,37.500000,162.500000,1909.480000,0.964137,0.000000,0.000000,0.964137,17.823083,0.261374,13.794876,0.232029,7.900580,0.124145,0.750000,0.405099,252.554245,0.000000,-1.000000
2018,6,35.000000,175.000000,37.500000,177.500000,1841.400000,0.082546,0.000000,0.021723,0.104268,17.651755,0.346887,13.591165,0.181067,5.081390,0.154137,0.653056,0.299637,252.804474,0.000000,-1.000000
2018,6,-35.000000,-135.000000,-32.500000,-132.500000,1811.670000,0.511683,1.662554,17.246518,19.420755,,,,,,,,,,0.000000,-1.000000
2018,6,-35.000000,-140.000000,-32.500000,-137.500000,1155.860000,0.322703,1.366948,18.583565,20.273216,,,,,,,,,,0.000000,-1.000000
2018,6,-35.000000,155.000000,-32.500000,157.500000,2140.950000,12.701371,7.385506,29.697097,49.783974,20.579483,0.511189,90.275248,0.303299,65.145067,0.163335,0.476932,0.446980,220.258789,0.000000,-1.000000
2018,6,-35.000000,160.000000,-32.500000,162.500000,3858.310000,0.746959,1.753877,31.524942,34.025778,19.939278,0.465148,88.254702,0.190141,3.571095,0.089636,0.500000,0.379827,224.129333,0.000000,-1.000000
2018,6,-35.000000,-160.000000,-32.500000,-157.500000,1605.880000,1.018133,1.438464,45.316587,47.773184,,,,,,,,,,0.000000,-1.000000
2018,6,-35.000000,165.000000,-32.500000,167.500000,4650.870000,0.575806,2.647247,36.753554,39.976607,19.136220,0.424015,87.312358,0.143321,3.883340,0.097259,0.432500,0.390720,226.292297,0.000000,-1.000000
2018,6,-35.000000,-170.000000,-32.500000,-167.500000,4006.140000,0.608566,1.853155,30.987434,33.449156,,,,,,,,,,0.000000,-1.000000
2018,6,-35.000000,-175.000000,-32.500000,-172.500000,8551.500000,0.505759,4.121265,38.734725,43.361749,,,,,,,,,,0.000000,-1.000000
2018,6,-35.000000,-180.000000,-32.500000,-177.500000,1169.240000,0.742363,7.341521,46.947590,55.031473,,,,,,,,,,0.000000,-1.000000
2018,6,-40.000000,150.000000,-37.500000,152.500000,1521.690000,1.387931,0.667022,11.268392,13.323344,,,,,,,,,,0.000000,-1.000000
2018,6,-40.000000,155.000000,-37.500000,157.500000,8239.650000,0.476234,0.819938,11.798559,13.094731,,,,,,,,,,0.000000,-1.000000
2018,6,-40.000000,160.000000,-37.500000,162.500000,3737.970000,0.818894,3.119608,18.808872,22.747374,,,,,,,,,,0.000000,-1.000000
2018,6,-40.000000,175.000000,-37.500000,177.500000,2551.960000,0.000000,0.606984,11.243515,11.850499,,,,,,,,,,0.000000,-1.000000
2018,6,-40.000000,-175.000000,-37.500000,-172.500000,9080.190000,0.097245,3.684064,47.723781,51.505090,,,,,,,,,,0.000000,-1.000000
2018,6,-40.000000,-180.000000,-37.500000,-177.500000,2180.860000,0.326935,2.004714,46.917730,49.249379,,,,,,,,,,0.000000,-1.000000
2018,6,-45.000000,155.000000,-42.500000,157.500000,2821.730000,0.000000,0.000000,5.035209,5.035209,,,,,,,,,,0.000000,-1.000000
2018,7,0.000000,120.000000,2.500000,122.500000,16762.650000,12.734442,4.606968,0.000000,17.341411,29.617337,0.644587,16.822548,0.198149,134.677643,0.026499,0.128802,0.106959,200.379898,-0.500000,-0.866025
2018,7,0.000000,125.000000,2.500000,127.500000,22350.200000,12.734427,4.606983,0.000000,17.341411,29.140750,0.652985,19.702717,0.478906,134.657301,0.040913,0.225953,0.151408,200.518173,-0.500000,-0.866025
2018,7,0.000000,130.000000,2.500000,132.500000,8207.360000,21.609019,10.975637,0.056169,32.640825,29.528339,0.749864,23.303075,0.634639,116.960551,0.040047,0.013893,0.128993,200.067047,-0.500000,-0.866025
2018,7,0.000000,140.000000,2.500000,142.500000,3654.910000,15.365905,3.953312,0.044050,19.363267,29.744818,0.731189,21.371732,0.424418,0.305500,0.047890,0.000000,0.089066,199.329575,-0.500000,-0.866025
2018,7,0.000000,145.000000,2.500000,147.500000,12978.950000,24.409525,5.511309,0.094846,30.015679,29.841159,0.733710,21.920260,0.352887,0.262906,0.035517,0.000000,0.088443,199.065430,-0.500000,-0.866025
2018,7,0.000000,150.000000,2.500000,152.500000,5658.150000,14.525773,7.660985,0.117530,22.304287,29.942919,0.730673,19.697240,0.326734,0.608142,0.035752,0.000000,0.085519,198.821899,-0.500000,-0.866025
2018,7,0.000000,155.000000,2.500000,157.500000,10588.750000,12.866675,6.304994,0.040798,19.212466,30.185641,0.728635,18.205521,0.341086,0.327775,0.028820,0.000000,0.100253,199.620377,-0.500000,-0.866025
2018,7,0.000000,-155.000000,2.500000,-152.500000,8784.880000,16.193961,16.805580,0.040638,33.040178,,,,,,,,,,-0.500000,-0.866025
2018,7,0.000000,160.000000,2.500000,162.500000,6328.940000,13.995867,10.308361,0.077580,24.381808,30.199874,0.711379,19.430034,0.329018,0.243791,0.034932,0.000000,0.112554,199.445740,-0.500000,-0.866025
2018,7,0.000000,165.000000,2.500000,167.500000,10262.670000,6.027574,11.630209,0.009841,17.667625,29.990702,0.690939,19.868034,0.321438,94.962316,0.031858,0.002779,0.115610,199.376755,-0.500000,-0.866025
2018,7,0.000000,-165.000000,2.500000,-162.500000,1433.200000,9.475300,12.283701,0.326542,22.085543,,,,,,,,,,-0.500000,-0.866025
2018,7,0.000000,170.000000,2.500000,172.500000,7030.770000,6.674091,10.713763,1.944026,19.331880,29.716587,0.678142,23.618031,0.328826,133.768319,0.027938,0.019537,0.186421,200.290283,-0.500000,-0.866025
2018,7,0.000000,-170.000000,2.500000,-167.500000,7263.560000,11.766269,14.565310,0.455149,26.786727,,,,,,,,,,-0.500000,-0.866025
2018,7,0.000000,-175.000000,2.500000,-172.500000,1414.450000,9.021174,12.090919,0.265828,21.377921,,,,,,,,,,-0.500000,-0.866025
2018,7,5.000000,130.000000,7.500000,132.500000,1981.900000,11.985973,20.905192,0.000000,32.891165,29.434403,0.529542,22.212381,0.538456,131.663744,0.083913,0.007804,0.096873,199.028641,-0.500000,-0.866025
2018,7,5.000000,135.000000,7.500000,137.500000,2605.500000,13.741700,9.176742,0.000000,22.918442,29.557693,0.497826,20.630004,0.305588,132.578940,0.054349,0.006954,0.091325,198.725601,-0.500000,-0.866025
2018,7,5.000000,140.000000,7.500000,142.500000,1002.740000,3.624070,24.066059,0.000000,27.690129,29.592568,0.555540,19.811388,0.199148,0.276210,0.025940,0.000000,0.087507,198.382874,-0.500000,-0.866025
2018,7,5.000000,145.000000,7.500000,147.500000,2898.550000,5.859136,13.793793,0.029325,19.682255,29.680095,0.562590,17.884314,0.175179,0.653429,0.023222,0.000556,0.083169,198.081696,-0.500000,-0.866025
2018,7,5.000000,150.000000,7.500000,152.500000,1942.300000,4.484889,8.702054,0.044792,13.231736,29.766124,0.539034,16.270733,0.213500,119.809937,0.033732,0.004454,0.086858,198.217758,-0.500000,-0.866025
2018,7,5.000000,155.000000,7.500000,157.500000,5711.510000,4.162822,9.688681,0.011381,13.862884,29.933598,0.559197,17.372389,0.189761,127.963118,0.032660,0.003336,0.088815,198.468460,-0.500000,-0.866025
2018,7,5.000000,-155.000000,7.500000,-152.500000,1293.510000,4.508662,13.768738,0.332429,18.609829,,,,,,,,,,-0.500000,-0.866025
2018,7,5.000000,160.000000,7.500000,162.500000,3937.560000,5.286523,13.300623,0.006857,18.594002,29.854398,0.527910,17.947767,0.173590,0.601323,0.030745,0.000000,0.084275,198.208099,-0.500000,-0.866025
2018,7,5.000000,165.000000,7.500000,167.500000,5224.660000,2.681706,8.504668,0.003828,11.190202,29.678337,0.502048,17.176778,0.185773,133.570467,0.036549,0.043059,0.080528,197.928833,-0.500000,-0.866025
2018,7,5.000000,170.000000,7.500000,172.500000,1441.200000,7.174577,8.133500,0.015959,15.324036,29.428935,0.492472,21.366778,0.226488,132.730273,0.038082,0.046976,0.077807,198.048431,-0.500000,-0.866025
2018,7,5.000000,-170.000000,7.500000,-167.500000,1061.700000,4.368466,7.974946,0.681925,13.025337,,,,,,,,,,-0.500000,-0.866025
2018,7,5.000000,-175.000000,7.500000,-172.500000,1245.210000,3.411473,8.385734,0.562154,12.359361,,,,,,,,,,-0.500000,-0.866025
2018,7,-5.000000,120.000000,-2.500000,122.500000,22350.200000,12.734427,4.606983,0.000000,17.341411,28.026378,0.601740,18.837275,0.177878,131.989669,0.016415,0.388755,0.118052,201.813309,-0.500000,-0.866025
2018,7,-5.000000,125.000000,-2.500000,127.500000,33525.300000,12.734413,4.606968,0.000000,17.341381,27.883347,0.591335,17.661478,0.231505,129.122569,0.025363,0.391022,0.245384,201.920685,-0.500000,-0.866025
2018,7,-5.000000,130.000000,-2.500000,132.500000,11175.100000,12.734383,4.606939,0.000000,17.341321,27.854521,0.616859,17.543598,0.255872,131.249454,0.077216,0.482416,0.285169,202.238907,-0.500000,-0.866025
2018,7,-5.000000,145.000000,-2.500000,147.500000,4497.080000,48.316018,9.755219,2.168518,60.239756,29.462395,0.739741,28.704370,0.254716,127.549736,0.007379,0.147419,0.187799,200.282700,-0.500000,-0.866025
2018,7,-5.000000,150.000000,-2.500000,152.500000,6626.480000,56.315872,10.011047,1.469257,67.796175,29.927761,0.746524,23.082564,0.201285,133.985150,0.007814,0.082332,0.117237,200.021744,-0.500000,-0.866025
2018,7,-5.000000,155.000000,-2.500000,157.500000,6705.020000,32.561573,10.050828,1.365097,43.977497,30.009238,0.744367,21.933908,0.218513,1.185298,0.009172,0.003333,0.134040,199.746033,-0.500000,-0.866025
2018,7,-5.000000,160.000000,-2.500000,162.500000,15324.870000,25.596302,13.666478,0.772666,40.035446,30.003522,0.739055,25.246396,0.226097,0.419707,0.012309,0.000000,0.154275,200.302795,-0.500000,-0.866025
2018,7,-5.000000,165.000000,-2.500000,167.500000,4721.490000,47.547914,16.039852,0.568041,64.155807,29.858103,0.720599,27.222724,0.282262,0.179853,0.015568,0.000000,0.151494,201.167419,-0.500000,-0.866025
2018,7,-5.000000,-165.000000,-2.500000,-162.500000,13229.070000,8.991184,10.194594,1.651363,20.837141,,,,,,,,,,-0.500000,-0.866025
2018,7,-5.000000,170.000000,-2.500000,172.500000,1139.990000,14.647497,8.778147,1.477206,24.902850,29.548387,0.701693,31.380693,0.302201,131.119668,0.015960,0.009476,0.164715,202.179321,-0.500000,-0.866025
2018,7,-5.000000,-170.000000,-2.500000,-167.500000,20107.030000,19.205422,16.365222,1.371361,36.942005,,,,,,,,,,-0.500000,-0.866025
2018,7,-5.000000,175.000000,-2.500000,177.500000,1687.530000,18.537745,15.379875,5.889080,39.806700,29.210753,0.686608,37.850587,0.311122,92.573481,0.018649,0.001668,0.160523,202.783981,-0.500000,-0.866025
2018,7,-5.000000,-180.000000,-2.500000,-177.500000,6814.390000,17.661889,21.673840,2.723061,42.058790,,,,,,,,,,-0.500000,-0.866025
2018,7,10.000000,110.000000,12.500000,112.500000,18246.120000,18.839622,1.029918,0.000000,19.869539,28.457555,0.664311,18.058354,0.342712,2.421220,0.099832,0.305000,0.117530,201.509842,-0.500000,-0.866025
2018,7,10.000000,115.000000,12.500000,117.500000,18246.120000,18.839622,1.029918,0.000000,19.869539,29.030354,0.760309,29.985909,0.124736,132.474120,0.022269,0.042281,0.079521,199.797272,-0.500000,-0.866025
2018,7,10.000000,130.000000,12.500000,132.500000,5837.450000,10.158717,7.523662,4.844581,22.526960,29.606603,0.796899,22.289745,0.195657,0.226592,0.113043,0.000000,0.092187,198.453827,-0.500000,-0.866025
2018,7,10.000000,145.000000,12.500000,147.500000,1146.440000,5.117581,16.093298,0.504169,21.715048,29.416998,0.747924,15.250646,0.197467,92.725334,0.122219,0.004447,0.094280,199.277252,-0.500000,-0.866025
2018,7,10.000000,150.000000,12.500000,152.500000,1446.940000,8.869062,2.547445,2.478334,13.894840,29.306367,0.758495,16.668829,0.223851,0.364644,0.116225,0.000000,0.093653,199.513046,-0.500000,-0.866025
2018,7,10.000000,155.000000,12.500000,157.500000,2528.860000,8.738720,1.433848,16.326329,26.498897,29.185257,0.702196,16.102245,0.172298,0.547298,0.089081,0.000000,0.091546,200.165314,-0.500000,-0.866025
2018,7,10.000000,-165.000000,12.500000,-162.500000,2272.280000,2.341701,13.061771,0.168993,15.572465,,,,,,,,,,-0.500000,-0.866025
2018,7,10.000000,170.000000,12.500000,172.500000,1493.230000,1.654802,14.465287,0.481507,16.601595,28.812728,0.633498,22.679053,0.198693,58.270509,0.078460,0.003056,0.080319,200.925522,-0.500000,-0.866025
2018,7,10.000000,-170.000000,12.500000,-167.500000,1165.060000,3.059928,10.128234,0.389680,13.577841,,,,,,,,,,-0.500000,-0.866025
2018,7,10.000000,175.000000,12.500000,177.500000,5673.460000,4.628040,10.962799,0.531598,16.122437,28.666284,0.617874,27.499552,0.187093,0.400798,0.055852,0.000000,0.071415,201.406937,-0.500000,-0.866025
2018,7,10.000000,-180.000000,12.500000,-177.500000,3548.940000,1.219237,11.513015,0.371942,13.104194,,,,,,,,,,-0.500000,-0.866025
2018,7,-10.000000,-135.000000,-7.500000,-132.500000,8385.780000,6.059544,17.335537,2.484444,25.879525,,,,,,,,,,-0.500000,-0.866025
2018,7,-10.000000,-140.000000,-7.500000,-137.500000,3315.770000,5.024474,19.527892,2.354204,26.906571,,,,,,,,,,-0.500000,-0.866025
2018,7,-10.000000,-145.000000,-7.500000,-142.500000,3236.330000,10.896911,16.862001,5.968180,33.727092,,,,,,,,,,-0.500000,-0.866025
2018,7,-10.000000,150.000000,-7.500000,152.500000,2314.630000,44.041596,5.457892,4.789966,54.289454,28.412551,0.707277,28.247970,0.233219,131.137981,0.028365,0.252774,0.319223,199.457260,-0.500000,-0.866025
2018,7,-10.000000,-150.000000,-7.500000,-147.500000,15552.990000,10.220221,15.734145,5.721987,31.676353,,,,,,,,,,-0.500000,-0.866025
2018,7,-10.000000,155.000000,-7.500000,157.500000,5254.460000,44.928118,5.785942,3.760995,54.475055,28.988371,0.730672,36.161941,0.153761,131.549099,0.029586,0.179845,0.344178,198.496704,-0.500000,-0.866025
2018,7,-10.000000,160.000000,-7.500000,162.500000,11285.030000,20.599857,5.869014,5.110221,31.579092,29.289172,0.778778,44.711840,0.167935,129.642711,0.023100,0.038253,0.240233,198.392899,-0.500000,-0.866025
2018,7,-10.000000,165.000000,-7.500000,167.500000,5890.130000,22.160462,7.546523,8.723407,38.430391,29.387350,0.802631,47.862435,0.170328,0.825714,0.026699,0.015278,0.160496,197.969772,-0.500000,-0.866025
2018,7,-10.000000,-165.000000,-7.500000,-162.500000,12224.520000,12.532435,3.714174,25.019469,41.266078,,,,,,,,,,-0.500000,-0.866025
2018,7,-10.000000,170.000000,-7.500000,172.500000,7333.760000,11.447198,4.923804,7.140266,23.511268,29.255431,0.759483,46.411153,0.124985,0.698033,0.011506,0.005556,0.156033,198.253372,-0.500000,-0.866025
2018,7,-10.000000,-170.000000,-7.500000,-167.500000,19547.700000,25.606388,4.642643,24.156448,54.405480,,,,,,,,,,-0.500000,-0.866025
2018,7,-10.000000,175.000000,-7.500000,177.500000,2663.260000,17.491721,7.810728,10.082380,35.384829,29.331610,0.760717,40.739711,0.169757,0.479765,0.022273,0.000000,0.153161,198.853287,-0.500000,-0.866025
2018,7,-10.000000,-175.000000,-7.500000,-172.500000,1527.970000,3.814211,1.354084,18.918565,24.086860,,,,,,,,,,-0.500000,-0.866025
2018,7,-10.000000,-180.000000,-7.500000,-177.500000,4095.520000,22.369076,9.588526,15.194163,47.151766,,,,,,,,,,-0.500000,-0.866025
2018,7,15.000000,110.000000,17.500000,112.500000,18246.120000,18.839622,1.029918,0.000000,19.869539,29.495438,0.661254,13.877648,0.155980,125.062483,0.055156,0.104990,0.091676,199.105667,-0.500000,-0.866025
2018,7,15.000000,115.000000,17.500000,117.500000,18246.120000,18.839622,1.029918,0.000000,19.869539,29.302974,0.707352,18.000821,0.161758,131.333887,0.068726,0.008635,0.080541,199.365585,-0.500000,-0.866025
2018,7,15.000000,125.000000,17.500000,127.500000,1546.360000,1.612820,4.141985,1.610880,7.365685,29.640377,1.043325,19.669858,0.171543,0.928793,0.068829,0.023333,0.096410,198.345551,-0.500000,-0.866025
2018,7,15.000000,135.000000,17.500000,137.500000,4517.290000,1.737989,2.551751,27.258157,31.547897,29.470253,1.048353,21.001059,0.162453,0.749623,0.072428,0.007778,0.087954,198.263763,-0.500000,-0.866025
2018,7,15.000000,150.000000,17.500000,152.500000,3942.880000,3.963093,1.583868,27.017814,32.564775,29.226172,0.993341,17.189382,0.159426,0.635492,0.054773,0.000556,0.083842,199.598618,-0.500000,-0.866025
2018,7,15.000000,155.000000,17.500000,157.500000,2563.030000,4.993309,1.248912,31.390191,37.632412,28.812200,0.933344,18.999892,0.194116,0.807345,0.087956,0.009722,0.077455,200.377487,-0.500000,-0.866025
2018,7,15.000000,-155.000000,17.500000,-152.500000,1952.530000,3.072936,10.898168,0.000000,13.971104,,,,,,,,,,-0.500000,-0.866025
2018,7,15.000000,-160.000000,17.500000,-157.500000,9310.960000,8.512334,5.092386,0.109548,13.714268,,,,,,,,,,-0.500000,-0.866025
2018,7,15.000000,-165.000000,17.500000,-162.500000,7625.820000,5.468264,11.122214,0.528074,17.118552,,,,,,,,,,-0.500000,-0.866025
2018,7,-15.000000,-135.000000,-12.500000,-132.500000,8332.870000,8.869933,7.389771,18.742402,35.002106,,,,,,,,,,-0.500000,-0.866025
2018,7,-15.000000,-140.000000,-12.500000,-137.500000,2179.890000,10.756047,5.890664,16.065490,32.712201,,,,,,,,,,-0.500000,-0.866025
2018,7,-15.000000,145.000000,-12.500000,147.500000,1413.610000,31.460587,1.885244,19.469302,52.815133,25.568736,0.661296,46.528088,0.194465,114.938589,0.045863,0.132713,0.144127,208.179123,-0.500000,-0.866025
2018,7,-15.000000,-145.000000,-12.500000,-142.500000,5438.400000,11.216534,11.004523,14.797551,37.018608,,,,,,,,,,-0.500000,-0.866025
2018,7,-15.000000,150.000000,-12.500000,152.500000,3595.920000,36.091737,2.065396,14.895771,53.052904,26.624127,0.723233,42.925983,0.203084,121.954168,0.041192,0.285150,0.164960,205.232956,-0.500000,-0.866025
2018,7,-15.000000,-150.000000,-12.500000,-147.500000,3809.020000,7.829835,9.928013,19.410505,37.168353,,,,,,,,,,-0.500000,-0.866025
2018,7,-15.000000,155.000000,-12.500000,157.500000,5844.640000,17.909914,2.492198,16.670146,37.072258,27.349152,0.731655,50.313156,0.170533,1.732636,0.035788,0.196389,0.207858,203.609741,-0.500000,-0.866025
2018,7,-15.000000,160.000000,-12.500000,162.500000,8774.650000,14.671468,1.833122,24.617278,41.121868,27.736777,0.783114,53.212031,0.164130,127.483103,0.033716,0.178240,0.120227,203.001205,-0.500000,-0.866025
2018,7,-15.000000,-160.000000,-12.500000,-157.500000,5594.690000,5.874141,1.044919,28.296831,35.215892,,,,,,,,,,-0.500000,-0.866025
2018,7,-15.000000,165.000000,-12.500000,167.500000,9432.010000,12.638239,0.885495,27.834152,41.357887,27.765452,0.790945,53.584013,0.124235,120.911026,0.022175,0.112228,0.088364,202.206818,-0.500000,-0.866025
2018,7,-15.000000,-165.000000,-12.500000,-162.500000,8642.540000,5.659447,1.039162,29.330266,36.028876,,,,,,,,,,-0.500000,-0.866025
2018,7,-15.000000,170.000000,-12.500000,172.500000,14642.910000,10.837532,1.713526,26.803415,39.354473,28.000871,0.807870,54.054514,0.136741,1.083587,0.027665,0.012500,0.090810,201.464798,-0.500000,-0.866025
2018,7,-15.000000,-170.000000,-12.500000,-167.500000,5925.390000,7.599162,0.768051,32.716328,41.083540,,,,,,,,,,-0.500000,-0.866025
2018,7,-15.000000,175.000000,-12.500000,177.500000,2202.670000,9.543872,1.460954,24.191549,35.196375,28.264100,0.816138,54.532976,0.134226,1.125456,0.020784,0.033056,0.090911,201.144516,-0.500000,-0.866025
2018,7,-15.000000,-175.000000,-12.500000,-172.500000,6849.650000,6.436533,0.613024,29.248356,36.297913,,,,,,,,,,-0.500000,-0.866025
2018,7,20.000000,135.000000,22.500000,137.500000,2440.170000,1.709717,0.980669,22.573837,25.264223,29.045205,1.077336,21.528817,0.242676,0.699724,0.105999,0.006667,0.086028,200.125183,-0.500000,-0.866025
2018,7,20.000000,140.000000,22.500000,142.500000,2069.060000,15.412796,3.974269,12.586392,31.973457,29.418834,1.094823,20.643877,0.213569,58.343764,0.107542,0.018338,0.086047,199.271057,-0.500000,-0.866025
2018,7,20.000000,145.000000,22.500000,147.500000,1272.740000,3.369895,0.749564,7.777708,11.897167,29.555174,1.038536,17.414201,0.145677,0.912204,0.073424,0.032778,0.089133,198.871140,-0.500000,-0.866025
2018,7,20.000000,150.000000,22.500000,152.500000,4164.240000,4.647667,0.719939,27.042870,32.410476,29.356996,1.024292,17.941112,0.179996,0.746508,0.072841,0.000556,0.089561,199.163773,-0.500000,-0.866025
2018,7,20.000000,155.000000,22.500000,157.500000,1570.700000,3.182657,1.647036,28.064557,32.894251,28.668265,0.923618,19.438342,0.153929,1.036287,0.073193,0.038333,0.083244,200.106354,-0.500000,-0.866025
2018,7,20.000000,-160.000000,22.500000,-157.500000,1317.270000,12.146333,1.518292,0.000000,13.664625,,,,,,,,,,-0.500000,-0.866025
2018,7,20.000000,-165.000000,22.500000,-162.500000,1731.480000,22.000254,2.310162,0.000000,24.310417,,,,,,,,,,-0.500000,-0.866025
2018,7,-20.000000,-135.000000,-17.500000,-132.500000,2152.270000,8.109113,4.517091,17.385365,30.011569,,,,,,,,,,-0.500000,-0.866025
2018,7,-20.000000,150.000000,-17.500000,152.500000,1240.040000,26.937841,6.246573,15.499500,48.683913,24.672538,0.719811,53.648957,0.132683,2.544369,0.035733,0.174167,0.078738,212.109360,-0.500000,-0.866025
2018,7,-20.000000,-150.000000,-17.500000,-147.500000,3049.530000,2.852243,4.769260,16.427449,24.048952,,,,,,,,,,-0.500000,-0.866025
2018,7,-20.000000,155.000000,-17.500000,157.500000,1549.180000,11.803018,0.569979,27.178249,39.551246,25.255616,0.721144,54.593165,0.118209,3.582993,0.029557,0.177500,0.064425,212.337799,-0.500000,-0.866025
2018,7,-20.000000,-155.000000,-17.500000,-152.500000,4110.280000,4.156408,4.492638,18.654447,27.303493,,,,,,,,,,-0.500000,-0.866025
2018,7,-20.000000,165.000000,-17.500000,167.500000,2596.260000,11.392156,1.038417,31.125157,43.555730,25.557487,0.720772,43.575337,0.108989,120.039767,0.052901,0.392151,0.076536,210.265701,-0.500000,-0.866025
2018,7,-20.000000,-165.000000,-17.500000,-162.500000,3108.730000,4.019970,0.607000,26.854375,31.481344,,,,,,,,,,-0.500000,-0.866025
2018,7,-20.000000,170.000000,-17.500000,172.500000,18958.240000,12.022951,1.252806,28.915923,42.191680,25.897331,0.752395,47.450605,0.102704,1.901474,0.054115,0.287222,0.061673,208.055389,-0.500000,-0.866025
2018,7,-20.000000,175.000000,-17.500000,177.500000,12788.900000,7.822487,1.545012,16.589777,25.957275,26.157898,0.787016,47.133398,0.088980,117.622147,0.037607,0.280764,0.080252,207.865494,-0.500000,-0.866025
2018,7,-20.000000,-175.000000,-17.500000,-172.500000,5055.590000,4.625177,1.208563,38.863911,44.697652,,,,,,,,,,-0.500000,-0.866025
2018,7,-20.000000,-180.000000,-17.500000,-177.500000,3064.990000,4.373261,0.824799,15.109022,20.307081,,,,,,,,,,-0.500000,-0.866025
2018,7,25.000000,125.000000,27.500000,127.500000,2532.730000,23.507441,0.111737,0.019742,23.638919,28.374444,0.885809,14.818404,0.268304,127.286258,0.205418,0.258354,0.116013,202.823975,-0.500000,-0.866025
2018,7,25.000000,130.000000,27.500000,132.500000,1879.920000,12.870760,0.000000,0.059577,12.930337,28.212064,1.105940,15.154785,0.244744,57.007094,0.141108,0.168658,0.106495,203.452103,-0.500000,-0.866025
2018,7,25.000000,135.000000,27.500000,137.500000,2137.080000,5.395212,0.198402,1.276040,6.869654,28.430062,1.112033,13.600617,0.220830,2.113320,0.134961,0.094444,0.108545,203.312012,-0.500000,-0.866025
2018,7,25.000000,145.000000,27.500000,147.500000,3455.060000,2.941483,0.490006,0.239649,3.671137,28.415293,0.928771,12.242967,0.151978,2.311112,0.086475,0.236111,0.104728,202.727127,-0.500000,-0.866025
2018,7,25.000000,150.000000,27.500000,152.500000,1388.700000,3.366458,0.915965,0.753943,5.036365,28.597190,0.897411,14.015796,0.181134,1.868994,0.069179,0.190278,0.100169,202.452164,-0.500000,-0.866025
2018,7,25.000000,-160.000000,27.500000,-157.500000,2298.710000,4.845761,3.647698,0.000000,8.493459,,,,,,,,,,-0.500000,-0.866025
2018,7,-25.000000,155.000000,-22.500000,157.500000,1215.050000,4.896918,1.141517,74.303938,80.342373,23.095108,0.668795,62.105127,0.122411,47.996291,0.051459,0.354821,0.108845,218.403244,-0.500000,-0.866025
2018,7,-25.000000,160.000000,-22.500000,162.500000,2305.270000,3.623437,0.401688,60.842765,64.867890,22.868562,0.649001,67.234865,0.118752,106.318385,0.044967,0.298902,0.063978,218.774643,-0.500000,-0.866025
2018,7,-25.000000,165.000000,-22.500000,167.500000,1546.530000,19.371108,1.440645,27.872075,48.683828,22.822976,0.616922,48.751509,0.144856,104.448166,0.052309,0.377462,0.074349,217.784271,-0.500000,-0.866025
2018,7,-25.000000,-165.000000,-22.500000,-162.500000,1677.020000,2.477013,2.018461,37.348392,41.843866,,,,,,,,,,-0.500000,-0.866025
2018,7,-25.000000,170.000000,-22.500000,172.500000,5043.900000,8.555681,0.793037,33.116438,42.465156,23.250123,0.676844,52.733571,0.145463,2.186746,0.063311,0.287222,0.064276,217.696701,-0.500000,-0.866025
2018,7,-25.000000,-170.000000,-22.500000,-167.500000,10422.430000,1.645681,1.884877,33.935368,37.465927,,,,,,,,,,-0.500000,-0.866025
2018,7,-25.000000,175.000000,-22.500000,177.500000,4482.670000,7.025054,1.518515,30.972166,39.515735,23.362722,0.670817,53.089408,0.116045,2.167156,0.057180,0.286389,0.064310,216.878983,-0.500000,-0.866025
2018,7,-25.000000,-175.000000,-22.500000,-172.500000,2844.460000,2.854320,1.074018,24.363148,28.291486,,,,,,,,,,-0.500000,-0.866025
2018,7,-25.000000,-180.000000,-22.500000,-177.500000,1099.040000,7.329124,2.381169,21.423242,31.133535,,,,,,,,,,-0.500000,-0.866025
2018,7,30.000000,130.000000,32.500000,132.500000,3665.840000,21.013192,0.025915,0.046647,21.085754,27.365050,0.829499,11.898926,0.519789,125.619305,0.483285,0.511368,0.294313,206.381378,-0.500000,-0.866025
2018,7,-30.000000,-140.000000,-27.500000,-137.500000,3083.150000,4.945591,2.127694,29.960917,37.034202,,,,,,,,,,-0.500000,-0.866025
2018,7,-30.000000,150.000000,-27.500000,152.500000,1447.900000,18.220181,7.829270,12.632088,38.681539,21.770972,0.589408,51.643175,0.270393,95.810133,0.106905,0.767347,0.483743,217.645996,-0.500000,-0.866025
2018,7,-30.000000,-155.000000,-27.500000,-152.500000,1658.300000,2.231201,2.044262,43.973346,48.248809,,,,,,,,,,-0.500000,-0.866025
2018,7,-30.000000,160.000000,-27.500000,162.500000,1635.340000,1.820417,1.257842,32.570597,35.648856,21.020717,0.616593,100.304808,0.188713,3.878367,0.113655,0.372500,0.247782,226.182190,-0.500000,-0.866025
2018,7,-30.000000,-160.000000,-27.500000,-157.500000,5417.810000,3.922249,1.031413,41.617923,46.571585,,,,,,,,,,-0.500000,-0.866025
2018,7,-30.000000,-165.000000,-27.500000,-162.500000,8451.890000,1.913418,1.137734,38.376150,41.427302,,,,,,,,,,-0.500000,-0.866025
2018,7,-30.000000,170.000000,-27.500000,172.500000,7599.030000,0.651136,4.550844,33.911039,39.113018,20.954775,0.561761,79.246527,0.156298,3.237673,0.078423,0.394444,0.137184,228.484650,-0.500000,-0.866025
2018,7,-30.000000,-170.000000,-27.500000,-167.500000,5456.800000,1.369301,1.602771,38.312747,41.284819,,,,,,,,,,-0.500000,-0.866025
2018,7,-30.000000,175.000000,-27.500000,177.500000,4525.950000,0.951844,1.564975,51.088059,53.604879,21.040128,0.572020,81.480609,0.125431,2.634088,0.064748,0.412778,0.079191,227.530762,-0.500000,-0.866025
2018,7,-30.000000,-175.000000,-27.500000,-172.500000,15596.150000,1.702087,2.725929,38.347477,42.775493,,,,,,,,,,-0.500000,-0.866025
2018,7,35.000000,145.000000,37.500000,147.500000,2029.400000,0.752439,0.094116,0.274958,1.121514,22.778916,0.203427,10.652656,0.368960,6.429500,0.252484,0.725000,0.155179,220.748459,-0.500000,-0.866025
2018,7,35.000000,150.000000,37.500000,152.500000,1239.500000,1.458653,1.337636,1.318273,4.114562,23.080955,0.347250,10.703562,0.424799,5.316545,0.273350,0.596389,0.152852,226.233887,-0.500000,-0.866025
2018,7,35.000000,155.000000,37.500000,157.500000,5511.430000,1.177371,18.552354,0.234422,19.964147,23.024370,0.402168,11.426597,0.320356,7.765596,0.234199,0.636389,0.186648,230.385803,-0.500000,-0.866025
2018,7,35.000000,160.000000,37.500000,162.500000,2524.780000,0.016239,4.622185,0.000000,4.638424,21.653562,0.331244,11.580970,0.227381,3.687337,0.116453,0.638611,0.184372,234.453339,-0.500000,-0.866025
2018,7,35.000000,165.000000,37.500000,167.500000,2405.180000,0.061534,15.918143,0.027025,16.006702,21.758079,0.504981,12.224486,0.268602,5.182547,0.183084,0.576111,0.180045,233.030838,-0.500000,-0.866025
2018,7,35.000000,175.000000,37.500000,177.500000,1471.400000,0.000000,0.077477,0.000000,0.077477,21.101994,0.376467,10.827671,0.188931,3.883724,0.147742,0.450833,0.215239,236.875366,-0.500000,-0.866025
2018,7,-35.000000,-135.000000,-32.500000,-132.500000,1523.460000,3.129718,1.337088,29.647644,34.114450,,,,,,,,,,-0.500000,-0.866025
2018,7,-35.000000,-140.000000,-32.500000,-137.500000,3559.010000,3.435506,1.314972,30.133661,34.884139,,,,,,,,,,-0.500000,-0.866025
2018,7,-35.000000,-145.000000,-32.500000,-142.500000,1255.050000,6.116091,2.062866,25.068324,33.247281,,,,,,,,,,-0.500000,-0.866025
2018,7,-35.000000,150.000000,-32.500000,152.500000,1355.720000,28.489659,2.887764,15.821851,47.199274,19.885848,0.446382,62.141529,0.387258,89.272363,0.187387,0.792170,0.572635,224.805466,-0.500000,-0.866025
2018,7,-35.000000,155.000000,-32.500000,157.500000,1016.610000,17.356705,7.297784,19.335832,43.990321,19.660501,0.505761,81.474415,0.330097,59.314747,0.187638,0.552807,0.459248,224.072739,-0.500000,-0.866025
2018,7,-35.000000,-155.000000,-32.500000,-152.500000,1771.430000,0.684758,2.944514,55.413423,59.042694,,,,,,,,,,-0.500000,-0.866025
2018,7,-35.000000,160.000000,-32.500000,162.500000,2084.990000,0.967870,2.071473,20.299378,23.338721,18.988149,0.474935,105.875539,0.203390,4.980314,0.114950,0.563056,0.422598,227.168518,-0.500000,-0.866025
2018,7,-35.000000,-160.000000,-32.500000,-157.500000,4427.590000,0.638496,2.561890,49.760253,52.960640,,,,,,,,,,-0.500000,-0.866025
2018,7,-35.000000,-165.000000,-32.500000,-162.500000,4964.650000,0.464484,2.579034,50.790690,53.834208,,,,,,,,,,-0.500000,-0.866025
2018,7,-35.000000,170.000000,-32.500000,172.500000,3052.340000,0.465544,6.817065,30.907763,38.190372,18.206792,0.403593,104.329131,0.141605,71.797195,0.094111,0.426857,0.393417,230.928696,-0.500000,-0.866025
2018,7,-35.000000,-170.000000,-32.500000,-167.500000,4389.240000,0.671870,2.811648,53.993402,57.476921,,,,,,,,,,-0.500000,-0.866025
2018,7,-35.000000,175.000000,-32.500000,177.500000,4880.910000,0.944906,12.565485,28.920632,42.431022,18.184819,0.432222,110.934363,0.127502,3.472943,0.060971,0.380833,0.370322,232.591385,-0.500000,-0.866025
2018,7,-35.000000,-175.000000,-32.500000,-172.500000,7775.210000,1.068524,4.520650,46.672952,52.262125,,,,,,,,,,-0.500000,-0.866025
2018,7,-40.000000,-155.000000,-37.500000,-152.500000,3665.630000,0.000000,0.260255,79.608144,79.868399,,,,,,,,,,-0.500000,-0.866025
2018,7,-40.000000,-160.000000,-37.500000,-157.500000,2252.130000,0.037298,0.717987,71.486104,72.241389,,,,,,,,,,-0.500000,-0.866025
2018,7,-40.000000,-165.000000,-37.500000,-162.500000,2757.870000,0.071069,1.717267,79.113954,80.902291,,,,,,,,,,-0.500000,-0.866025
2018,7,-40.000000,175.000000,-37.500000,177.500000,2923.570000,0.000000,0.570193,14.943032,15.513225,,,,,,,,,,-0.500000,-0.866025
2018,8,0.000000,120.000000,2.500000,122.500000,16660.580000,12.812459,4.635193,0.000000,17.447652,29.403163,0.622679,15.719164,0.235967,134.954812,0.018687,0.146493,0.104589,200.153580,-0.866025,-0.500000
2018,8,0.000000,125.000000,2.500000,127.500000,22214.110000,12.812442,4.635207,0.000000,17.447649,29.042789,0.633014,22.497063,0.459453,133.820398,0.040183,0.224440,0.138669,200.396652,-0.866025,-0.500000
2018,8,0.000000,130.000000,2.500000,132.500000,5553.530000,12.812391,4.635250,0.000000,17.447641,29.403434,0.710005,28.819811,0.583281,117.146159,0.051025,0.016671,0.107209,199.818375,-0.866025,-0.500000
2018,8,0.000000,140.000000,2.500000,142.500000,5097.260000,14.184876,8.268560,0.033547,22.486983,29.452320,0.691820,21.489482,0.490651,0.408776,0.061270,0.000000,0.083066,199.341354,-0.866025,-0.500000
2018,8,0.000000,145.000000,2.500000,147.500000,16161.350000,18.470549,6.890947,0.046655,25.408150,29.611218,0.696211,20.341223,0.421639,0.247709,0.048758,0.000000,0.079970,198.817673,-0.866025,-0.500000
2018,8,0.000000,150.000000,2.500000,152.500000,6303.910000,11.582335,7.729806,0.083599,19.395740,29.644074,0.702012,19.504423,0.404387,0.347307,0.056216,0.000000,0.075455,198.350571,-0.866025,-0.500000
2018,8,0.000000,155.000000,2.500000,157.500000,8846.310000,8.562892,6.187665,0.119033,14.869590,29.871150,0.720323,16.586684,0.328154,0.334227,0.042011,0.000000,0.078251,198.866089,-0.866025,-0.500000
2018,8,0.000000,-155.000000,2.500000,-152.500000,5072.160000,6.747027,19.635224,0.028785,26.411036,,,,,,,,,,-0.866025,-0.500000
2018,8,0.000000,160.000000,2.500000,162.500000,4034.880000,14.136232,8.585633,0.053038,22.774903,30.138008,0.725060,14.768967,0.346789,0.515185,0.037187,0.000000,0.108737,200.107681,-0.866025,-0.500000
2018,8,0.000000,165.000000,2.500000,167.500000,8319.460000,3.570785,7.707712,0.014785,11.293281,30.242275,0.729204,14.675137,0.321232,95.068422,0.025936,0.002779,0.117190,200.268570,-0.866025,-0.500000
2018,8,0.000000,-165.000000,2.500000,-162.500000,1046.000000,12.114723,11.856597,0.082218,24.053537,,,,,,,,,,-0.866025,-0.500000
2018,8,0.000000,170.000000,2.500000,172.500000,6057.150000,6.321125,8.401476,1.390588,16.113189,30.176325,0.724359,16.385195,0.326283,136.102163,0.020750,0.019537,0.169283,201.051758,-0.866025,-0.500000
2018,8,0.000000,-170.000000,2.500000,-167.500000,3802.620000,6.750083,16.004755,0.125177,22.880014,,,,,,,,,,-0.866025,-0.500000
2018,8,0.000000,175.000000,2.500000,177.500000,7525.170000,24.709874,14.976140,0.133818,39.819831,29.879568,0.729406,17.052176,0.369902,0.310529,0.015883,0.000000,0.137107,200.380920,-0.866025,-0.500000
2018,8,0.000000,-175.000000,2.500000,-172.500000,2348.840000,7.376407,9.782276,0.149010,17.307692,,,,,,,,,,-0.866025,-0.500000
2018,8,5.000000,130.000000,7.500000,132.500000,6382.650000,12.121924,21.643831,0.032118,33.797874,28.969793,0.536540,26.491309,0.370282,129.426844,0.056712,0.008082,0.092463,199.730988,-0.866025,-0.500000
2018,8,5.000000,135.000000,7.500000,137.500000,8010.430000,18.351574,14.178764,0.000000,32.530339,29.133432,0.508062,25.926260,0.158329,130.140917,0.029236,0.006954,0.090701,199.163116,-0.866025,-0.500000
2018,8,5.000000,140.000000,7.500000,142.500000,2313.660000,4.836925,36.349766,0.009509,41.196200,29.299844,0.535038,22.821361,0.150375,0.413074,0.017740,0.000000,0.086468,199.148422,-0.866025,-0.500000
2018,8,5.000000,145.000000,7.500000,147.500000,4612.490000,7.760667,13.317969,0.009539,21.088176,29.410066,0.524945,18.616249,0.183782,0.405852,0.026792,0.000000,0.084957,198.800171,-0.866025,-0.500000
2018,8,5.000000,150.000000,7.500000,152.500000,3479.590000,3.169626,9.243330,0.043396,12.456353,29.605339,0.505437,16.511474,0.164260,118.591963,0.025356,0.004454,0.086280,198.421890,-0.866025,-0.500000
2018,8,5.000000,155.000000,7.500000,157.500000,8208.850000,2.717555,13.588140,0.008406,16.314100,29.767127,0.520429,16.091748,0.177854,126.952222,0.029597,0.003336,0.089162,198.663223,-0.866025,-0.500000
2018,8,5.000000,-155.000000,7.500000,-152.500000,2874.340000,5.651732,27.713145,0.053578,33.418454,,,,,,,,,,-0.866025,-0.500000
2018,8,5.000000,160.000000,7.500000,162.500000,4718.480000,1.816475,19.342458,0.018650,21.177583,29.925062,0.519553,15.108443,0.193215,0.487279,0.039550,0.000000,0.089468,198.847183,-0.866025,-0.500000
2018,8,5.000000,165.000000,7.500000,167.500000,4039.750000,2.299895,7.541556,0.004951,9.846401,30.034141,0.526900,15.597769,0.230442,135.142419,0.054708,0.041643,0.088449,198.331116,-0.866025,-0.500000
2018,8,5.000000,170.000000,7.500000,172.500000,1714.420000,3.367903,4.156508,0.000000,7.524411,29.980517,0.521347,16.648856,0.249058,135.123745,0.056558,0.027848,0.091971,198.300934,-0.866025,-0.500000
2018,8,5.000000,-170.000000,7.500000,-167.500000,1202.890000,3.568905,6.937459,0.352484,10.858848,,,,,,,,,,-0.866025,-0.500000
2018,8,5.000000,175.000000,7.500000,177.500000,1406.240000,28.244823,12.155109,0.110223,40.510155,29.845128,0.552616,17.831415,0.261072,0.453948,0.068603,0.000000,0.081218,198.466370,-0.866025,-0.500000
2018,8,5.000000,-175.000000,7.500000,-172.500000,1513.500000,3.601586,6.744632,0.377271,10.723489,,,,,,,,,,-0.866025,-0.500000
2018,8,5.000000,-180.000000,7.500000,-177.500000,2562.390000,3.939681,6.700385,0.282158,10.922225,,,,,,,,,,-0.866025,-0.500000
2018,8,-5.000000,120.000000,-2.500000,122.500000,22214.110000,12.812442,4.635207,0.000000,17.447649,28.197117,0.574450,17.080009,0.172483,132.261042,0.018035,0.368273,0.121650,202.269196,-0.866025,-0.500000
2018,8,-5.000000,125.000000,-2.500000,127.500000,33321.160000,12.812429,4.635193,0.000000,17.447622,28.072649,0.571070,18.874754,0.233573,129.527420,0.024291,0.362848,0.189424,201.868439,-0.866025,-0.500000
2018,8,-5.000000,130.000000,-2.500000,132.500000,11107.050000,12.812403,4.635164,0.000000,17.447567,27.871370,0.601310,18.164575,0.228166,131.221549,0.073444,0.509723,0.253243,202.144424,-0.866025,-0.500000
2018,8,-5.000000,145.000000,-2.500000,147.500000,3385.530000,22.738242,8.629668,0.282969,31.650879,29.423453,0.719530,23.752226,0.253866,126.318098,0.008800,0.130596,0.191826,200.493393,-0.866025,-0.500000
2018,8,-5.000000,150.000000,-2.500000,152.500000,6477.970000,28.960616,10.202888,0.058815,39.222318,29.650006,0.729246,20.390845,0.218698,132.608101,0.014110,0.095810,0.147009,200.094742,-0.866025,-0.500000
2018,8,-5.000000,155.000000,-2.500000,157.500000,3968.550000,15.697925,7.494929,0.627433,23.820287,30.023462,0.755600,21.957094,0.200214,0.996000,0.010334,0.009167,0.129496,199.831039,-0.866025,-0.500000
2018,8,-5.000000,-155.000000,-2.500000,-152.500000,3872.580000,3.401092,20.126376,0.641175,24.168642,,,,,,,,,,-0.866025,-0.500000
2018,8,-5.000000,160.000000,-2.500000,162.500000,8981.990000,15.603224,11.407383,1.425185,28.435792,30.216900,0.759930,20.834055,0.182519,0.433765,0.014251,0.000000,0.150410,201.746628,-0.866025,-0.500000
2018,8,-5.000000,165.000000,-2.500000,167.500000,3615.750000,9.326696,15.041693,1.722741,26.091129,30.087839,0.753038,19.632812,0.246437,0.296016,0.021445,0.000000,0.157004,202.623962,-0.866025,-0.500000
2018,8,-5.000000,-165.000000,-2.500000,-162.500000,12163.880000,12.265330,13.099274,3.710658,29.075262,,,,,,,,,,-0.866025,-0.500000
2018,8,-5.000000,170.000000,-2.500000,172.500000,2590.750000,5.984367,17.701438,1.432018,25.117823,29.879997,0.738705,21.577217,0.303068,133.174452,0.020884,0.009476,0.163843,203.283188,-0.866025,-0.500000
2018,8,-5.000000,-170.000000,-2.500000,-167.500000,12867.970000,8.540353,14.447656,1.152085,24.140094,,,,,,,,,,-0.866025,-0.500000
2018,8,-5.000000,175.000000,-2.500000,177.500000,1152.740000,5.244027,24.638687,2.487985,32.370699,29.551372,0.725892,24.094526,0.276807,94.051585,0.015825,0.001668,0.158933,203.680466,-0.866025,-0.500000
2018,8,-5.000000,-180.000000,-2.500000,-177.500000,4982.680000,6.158132,18.514334,1.854624,26.527090,,,,,,,,,,-0.866025,-0.500000
2018,8,10.000000,110.000000,12.500000,112.500000,18926.580000,18.162288,0.992889,0.000000,19.155178,28.205007,0.614665,15.632726,0.405461,2.815079,0.104969,0.377778,0.159724,203.223297,-0.866025,-0.500000
2018,8,10.000000,115.000000,12.500000,117.500000,18926.580000,18.162288,0.992889,0.000000,19.155178,28.404436,0.763717,29.180468,0.166285,129.141207,0.042925,0.140465,0.088847,201.923401,-0.866025,-0.500000
2018,8,10.000000,125.000000,12.500000,127.500000,1023.170000,0.788725,2.259644,0.314708,3.363077,29.083637,0.778871,23.057866,0.170888,131.784643,0.080738,0.036479,0.099292,199.162033,-0.866025,-0.500000
2018,8,10.000000,130.000000,12.500000,132.500000,7501.270000,5.115001,9.400142,1.357237,15.872379,28.797384,0.707943,24.348050,0.140853,0.240394,0.091804,0.000000,0.084084,199.555756,-0.866025,-0.500000
2018,8,10.000000,155.000000,12.500000,157.500000,1905.800000,5.115962,0.634379,3.794732,9.545073,29.535084,0.657707,15.785615,0.156558,0.201815,0.085736,0.000000,0.090712,199.455994,-0.866025,-0.500000
2018,8,10.000000,-165.000000,12.500000,-162.500000,1596.330000,1.034874,7.373162,0.047609,8.455645,,,,,,,,,,-0.866025,-0.500000
2018,8,10.000000,170.000000,12.500000,172.500000,1233.960000,5.996143,8.743395,0.136957,14.876495,29.449602,0.628334,18.185734,0.188687,59.591152,0.076279,0.003056,0.085052,200.011322,-0.866025,-0.500000
2018,8,10.000000,-170.000000,12.500000,-167.500000,1645.760000,1.306995,7.795183,0.078991,9.181169,,,,,,,,,,-0.866025,-0.500000
2018,8,10.000000,175.000000,12.500000,177.500000,3737.270000,5.651719,7.715525,0.185697,13.552941,29.128770,0.607824,19.903495,0.193726,0.339352,0.073866,0.000000,0.077447,200.460739,-0.866025,-0.500000
2018,8,10.000000,-180.000000,12.500000,-177.500000,1093.170000,2.884272,6.674168,0.636680,10.195121,,,,,,,,,,-0.866025,-0.500000
2018,8,-10.000000,-135.000000,-7.500000,-132.500000,4374.900000,4.832568,13.965576,1.661524,20.459668,,,,,,,,,,-0.866025,-0.500000
2018,8,-10.000000,-140.000000,-7.500000,-137.500000,2031.940000,4.586257,22.458340,0.693426,27.738024,,,,,,,,,,-0.866025,-0.500000
2018,8,-10.000000,-145.000000,-7.500000,-142.500000,4076.090000,7.314853,16.691732,3.173630,27.180214,,,,,,,,,,-0.866025,-0.500000
2018,8,-10.000000,150.000000,-7.500000,152.500000,4525.320000,50.095021,6.315354,0.221421,56.631796,28.069513,0.678756,27.586172,0.239564,129.827372,0.035521,0.201199,0.316725,200.706406,-0.866025,-0.500000
2018,8,-10.000000,-150.000000,-7.500000,-147.500000,17851.260000,8.247765,16.307140,3.632853,28.187758,,,,,,,,,,-0.866025,-0.500000
2018,8,-10.000000,155.000000,-7.500000,157.500000,3405.840000,13.936944,3.439680,0.455981,17.832605,28.730401,0.727460,30.381613,0.135950,129.457964,0.029968,0.166468,0.354895,199.421341,-0.866025,-0.500000
2018,8,-10.000000,-155.000000,-7.500000,-152.500000,2786.970000,9.522887,10.451135,16.216895,36.190917,,,,,,,,,,-0.866025,-0.500000
2018,8,-10.000000,160.000000,-7.500000,162.500000,10748.870000,11.011111,4.210954,3.550327,18.772392,29.231705,0.762993,34.869119,0.108455,129.762919,0.015043,0.070511,0.207255,198.424500,-0.866025,-0.500000
2018,8,-10.000000,165.000000,-7.500000,167.500000,6040.130000,8.918351,7.349842,6.545058,22.813251,29.175266,0.752436,36.252854,0.082815,0.829376,0.024720,0.040556,0.152903,198.918335,-0.866025,-0.500000
2018,8,-10.000000,-165.000000,-7.500000,-162.500000,14338.810000,8.060711,5.004739,15.802288,28.867737,,,,,,,,,,-0.866025,-0.500000
2018,8,-10.000000,170.000000,-7.500000,172.500000,8301.990000,7.806442,6.117810,8.738869,22.663121,29.390970,0.778776,32.180795,0.111572,0.601777,0.017406,0.001667,0.149590,199.383041,-0.866025,-0.500000
2018,8,-10.000000,-170.000000,-7.500000,-167.500000,12525.750000,8.136439,4.890725,11.796340,24.823504,,,,,,,,,,-0.866025,-0.500000
2018,8,-10.000000,175.000000,-7.500000,177.500000,5488.790000,7.198672,9.291483,12.521339,29.011494,29.392349,0.793532,31.147235,0.135019,0.929512,0.023623,0.008611,0.151431,199.535461,-0.866025,-0.500000
2018,8,-10.000000,-175.000000,-7.500000,-172.500000,2010.340000,3.686441,1.317190,19.334043,24.337674,,,,,,,,,,-0.866025,-0.500000
2018,8,-10.000000,-180.000000,-7.500000,-177.500000,9217.340000,13.045195,11.820113,16.929939,41.795247,,,,,,,,,,-0.866025,-0.500000
2018,8,15.000000,110.000000,17.500000,112.500000,18926.580000,18.162288,0.992889,0.000000,19.155178,29.294343,0.641465,14.498097,0.148475,126.625645,0.046750,0.164984,0.098347,200.128372,-0.866025,-0.500000
2018,8,15.000000,115.000000,17.500000,117.500000,18926.580000,18.162288,0.992889,0.000000,19.155178,29.103794,0.716924,20.882057,0.169875,128.028179,0.062224,0.016992,0.082923,199.689758,-0.866025,-0.500000
2018,8,15.000000,125.000000,17.500000,127.500000,1869.790000,1.350954,3.433006,2.525952,7.309912,29.550487,1.050434,21.434252,0.229426,1.432995,0.106281,0.070833,0.095119,198.249863,-0.866025,-0.500000
2018,8,15.000000,130.000000,17.500000,132.500000,1195.930000,0.605387,3.189150,11.670415,15.464952,29.134289,0.994224,19.497938,0.180849,0.651495,0.076610,0.003611,0.091533,198.642181,-0.866025,-0.500000
2018,8,15.000000,155.000000,17.500000,157.500000,1493.970000,2.603801,1.105109,4.758462,8.467372,29.144722,0.890528,21.510803,0.154988,0.478412,0.075901,0.000000,0.076495,199.205750,-0.866025,-0.500000
2018,8,15.000000,-155.000000,17.500000,-152.500000,1265.030000,1.698774,9.757081,0.000000,11.455855,,,,,,,,,,-0.866025,-0.500000
2018,8,15.000000,-160.000000,17.500000,-157.500000,3816.840000,2.208895,8.598212,0.000000,10.807107,,,,,,,,,,-0.866025,-0.500000
2018,8,15.000000,-165.000000,17.500000,-162.500000,3397.420000,1.479064,8.676290,0.000000,10.155353,,,,,,,,,,-0.866025,-0.500000
2018,8,-15.000000,-135.000000,-12.500000,-132.500000,10150.360000,4.700227,13.604838,4.839434,23.144499,,,,,,,,,,-0.866025,-0.500000
2018,8,-15.000000,-145.000000,-12.500000,-142.500000,4192.780000,7.180916,15.055405,10.959316,33.195636,,,,,,,,,,-0.866025,-0.500000
2018,8,-15.000000,150.000000,-12.500000,152.500000,2304.970000,29.569582,1.139277,9.454353,40.163213,26.473454,0.721948,39.234165,0.223431,120.760034,0.047036,0.318182,0.172555,205.705841,-0.866025,-0.500000
2018,8,-15.000000,-150.000000,-12.500000,-147.500000,9005.820000,7.781746,11.419282,15.111006,34.312034,,,,,,,,,,-0.866025,-0.500000
2018,8,-15.000000,155.000000,-12.500000,157.500000,6549.350000,11.083543,2.742410,13.891913,27.717865,27.244931,0.742130,45.673707,0.168944,1.618033,0.035758,0.269722,0.188724,204.004700,-0.866025,-0.500000
2018,8,-15.000000,160.000000,-12.500000,162.500000,9941.570000,7.971276,1.133221,19.295041,28.399539,27.456611,0.782572,45.511362,0.167320,127.059613,0.041856,0.152938,0.156664,203.651337,-0.866025,-0.500000
2018,8,-15.000000,-160.000000,-12.500000,-157.500000,9911.520000,3.934613,2.332236,20.549825,26.816674,,,,,,,,,,-0.866025,-0.500000
2018,8,-15.000000,165.000000,-12.500000,167.500000,11080.990000,9.368477,0.975093,25.385006,35.728577,27.674798,0.799174,48.701903,0.146457,119.295863,0.036490,0.085427,0.099402,202.926361,-0.866025,-0.500000
2018,8,-15.000000,-165.000000,-12.500000,-162.500000,6670.760000,1.416480,0.899897,19.744827,22.061204,,,,,,,,,,-0.866025,-0.500000
2018,8,-15.000000,170.000000,-12.500000,172.500000,15478.270000,9.488916,1.613488,25.450842,36.553245,27.859033,0.811076,45.485425,0.146482,1.104765,0.034110,0.048889,0.094552,202.275116,-0.866025,-0.500000
2018,8,-15.000000,-170.000000,-12.500000,-167.500000,8763.200000,2.383718,0.923978,29.610074,32.917770,,,,,,,,,,-0.866025,-0.500000
2018,8,-15.000000,175.000000,-12.500000,177.500000,2355.940000,4.756063,1.803102,18.079408,24.638573,27.996330,0.777469,40.821645,0.102604,1.391667,0.024647,0.109167,0.094898,202.188919,-0.866025,-0.500000
2018,8,-15.000000,-175.000000,-12.500000,-172.500000,9062.490000,3.011314,0.595090,22.703363,26.309767,,,,,,,,,,-0.866025,-0.500000
2018,8,20.000000,135.000000,22.500000,137.500000,1628.480000,5.233101,1.271124,10.974037,17.478262,29.111906,1.073933,20.982239,0.204904,0.956798,0.067870,0.010278,0.082961,199.441315,-0.866025,-0.500000
2018,8,20.000000,140.000000,22.500000,142.500000,2677.050000,10.491773,3.054482,12.705030,26.251284,29.015145,1.051117,23.280519,0.234905,57.032800,0.108829,0.073909,0.080432,199.216125,-0.866025,-0.500000
2018,8,20.000000,150.000000,22.500000,152.500000,7484.440000,6.182426,2.282736,18.732597,27.197760,29.255039,1.046617,24.911794,0.166828,1.451652,0.096301,0.027778,0.081083,198.512711,-0.866025,-0.500000
2018,8,20.000000,155.000000,22.500000,157.500000,1164.690000,2.399780,1.560930,11.899304,15.860014,28.824139,0.936405,20.432609,0.147640,1.136544,0.053025,0.032778,0.080349,199.330963,-0.866025,-0.500000
2018,8,20.000000,-155.000000,22.500000,-152.500000,2304.900000,4.854874,5.928674,0.000000,10.783548,,,,,,,,,,-0.866025,-0.500000
2018,8,20.000000,-160.000000,22.500000,-157.500000,1777.600000,5.063006,2.812781,0.000000,7.875788,,,,,,,,,,-0.866025,-0.500000
2018,8,-20.000000,-135.000000,-17.500000,-132.500000,3224.450000,4.758331,5.476593,19.931461,30.166385,,,,,,,,,,-0.866025,-0.500000
2018,8,-20.000000,-150.000000,-17.500000,-147.500000,2070.780000,3.263987,5.365611,14.425482,23.055081,,,,,,,,,,-0.866025,-0.500000
2018,8,-20.000000,-155.000000,-17.500000,-152.500000,1452.010000,4.769940,3.524080,16.619720,24.913740,,,,,,,,,,-0.866025,-0.500000
2018,8,-20.000000,160.000000,-17.500000,162.500000,1184.620000,10.340869,1.100775,27.185089,38.626733,24.988745,0.696343,38.288817,0.130588,47.380535,0.043209,0.520422,0.084490,213.248138,-0.866025,-0.500000
2018,8,-20.000000,165.000000,-17.500000,167.500000,5675.720000,7.361004,0.627233,21.991923,29.980161,25.347723,0.738221,36.460791,0.123406,118.906374,0.061582,0.445431,0.078119,211.207382,-0.866025,-0.500000
2018,8,-20.000000,170.000000,-17.500000,172.500000,12345.000000,7.162414,1.087971,23.110166,31.360551,25.682421,0.771361,40.792483,0.113568,1.568878,0.048828,0.371111,0.061691,209.563690,-0.866025,-0.500000
2018,8,-20.000000,-170.000000,-17.500000,-167.500000,2782.030000,1.345061,0.764550,23.765739,25.875350,,,,,,,,,,-0.866025,-0.500000
2018,8,-20.000000,175.000000,-17.500000,177.500000,13584.570000,5.001631,1.262167,15.462175,21.725973,25.820805,0.776061,42.877567,0.073656,117.163156,0.020546,0.322173,0.086330,209.428665,-0.866025,-0.500000
2018,8,-20.000000,-175.000000,-17.500000,-172.500000,3683.590000,3.032096,0.665383,27.632554,31.330034,,,,,,,,,,-0.866025,-0.500000
2018,8,-20.000000,-180.000000,-17.500000,-177.500000,7459.050000,5.126524,1.630905,19.256742,26.014171,,,,,,,,,,-0.866025,-0.500000
2018,8,25.000000,125.000000,27.500000,127.500000,2908.020000,15.293224,0.683971,0.141333,16.118527,29.274276,0.935324,16.142758,0.283377,130.060928,0.231181,0.199663,0.102991,199.221542,-0.866025,-0.500000
2018,8,25.000000,145.000000,27.500000,147.500000,2915.040000,3.335803,0.419548,0.147854,3.903205,28.424411,0.934006,14.196787,0.138927,1.561570,0.069958,0.091944,0.098428,201.839371,-0.866025,-0.500000
2018,8,25.000000,150.000000,27.500000,152.500000,1952.660000,3.058904,1.029365,1.549681,5.637950,28.834693,0.944652,14.506042,0.151674,1.410343,0.061863,0.078611,0.088435,200.841125,-0.866025,-0.500000
2018,8,25.000000,-155.000000,27.500000,-152.500000,2927.090000,1.366545,5.818748,0.000000,7.185293,,,,,,,,,,-0.866025,-0.500000
2018,8,-25.000000,-150.000000,-22.500000,-147.500000,1593.760000,5.183340,4.489384,26.954498,36.627221,,,,,,,,,,-0.866025,-0.500000
2018,8,-25.000000,160.000000,-22.500000,162.500000,2855.980000,1.540977,0.702736,39.086058,41.329771,22.456194,0.611717,39.064038,0.126200,101.725856,0.047657,0.322826,0.073411,220.103851,-0.866025,-0.500000
2018,8,-25.000000,165.000000,-22.500000,167.500000,1188.100000,12.509048,1.057992,21.921555,35.488595,22.590880,0.618952,35.337509,0.162327,105.502942,0.071260,0.467265,0.088487,219.660294,-0.866025,-0.500000
2018,8,-25.000000,-165.000000,-22.500000,-162.500000,2037.580000,4.408661,2.678177,26.045603,33.132441,,,,,,,,,,-0.866025,-0.500000
2018,8,-25.000000,170.000000,-22.500000,172.500000,4785.900000,5.529576,0.678451,38.084791,44.292818,22.763538,0.690090,48.219756,0.136506,3.259105,0.067705,0.359444,0.064340,219.531784,-0.866025,-0.500000
2018,8,-25.000000,-170.000000,-22.500000,-167.500000,1807.190000,4.496483,2.174093,29.646025,36.316602,,,,,,,,,,-0.866025,-0.500000
2018,8,-25.000000,175.000000,-22.500000,177.500000,7522.410000,4.373200,0.735137,24.633861,29.742197,22.779069,0.655743,56.585473,0.112518,2.645153,0.063738,0.327500,0.065128,219.059433,-0.866025,-0.500000
2018,8,-25.000000,-175.000000,-22.500000,-172.500000,1193.930000,6.621829,0.556147,31.577228,38.755203,,,,,,,,,,-0.866025,-0.500000
2018,8,-25.000000,-180.000000,-22.500000,-177.500000,2230.660000,6.824438,1.933508,15.859432,24.617378,,,,,,,,,,-0.866025,-0.500000
2018,8,30.000000,-155.000000,32.500000,-152.500000,2035.740000,1.964887,13.049800,0.491222,15.505909,,,,,,,,,,-0.866025,-0.500000
2018,8,-30.000000,-135.000000,-27.500000,-132.500000,1153.120000,1.391876,0.471764,38.982933,40.846573,,,,,,,,,,-0.866025,-0.500000
2018,8,-30.000000,-140.000000,-27.500000,-137.500000,1282.350000,0.222248,0.320505,45.198269,45.741022,,,,,,,,,,-0.866025,-0.500000
2018,8,-30.000000,150.000000,-27.500000,152.500000,1272.750000,17.045767,6.642310,10.430171,34.118248,21.666567,0.547856,40.956465,0.296205,95.347193,0.112754,0.742857,0.476405,219.008850,-0.866025,-0.500000
2018,8,-30.000000,155.000000,-27.500000,157.500000,2553.370000,12.932321,4.633484,32.531517,50.097322,21.144682,0.673231,74.795402,0.217673,3.178489,0.103041,0.375000,0.356851,224.819626,-0.866025,-0.500000
2018,8,-30.000000,-155.000000,-27.500000,-152.500000,3766.200000,5.448463,0.674420,40.032924,46.155807,,,,,,,,,,-0.866025,-0.500000
2018,8,-30.000000,160.000000,-27.500000,162.500000,3314.810000,3.294910,1.488471,48.783188,53.566569,20.420249,0.554354,70.645266,0.191601,4.472992,0.103251,0.407778,0.290547,228.184067,-0.866025,-0.500000
2018,8,-30.000000,-160.000000,-27.500000,-157.500000,3499.990000,4.441727,1.953720,45.414987,51.810434,,,,,,,,,,-0.866025,-0.500000
2018,8,-30.000000,-165.000000,-27.500000,-162.500000,6322.110000,3.195452,1.764443,40.485060,45.444954,,,,,,,,,,-0.866025,-0.500000
2018,8,-30.000000,170.000000,-27.500000,172.500000,9056.650000,1.719952,3.314139,36.743277,41.777368,20.382490,0.534629,76.452176,0.147882,4.088422,0.077705,0.460278,0.183634,230.587738,-0.866025,-0.500000
2018,8,-30.000000,-170.000000,-27.500000,-167.500000,8119.020000,3.146069,1.884957,40.014066,45.045092,,,,,,,,,,-0.866025,-0.500000
2018,8,-30.000000,175.000000,-27.500000,177.500000,15175.430000,1.611684,2.984627,43.245364,47.841676,20.374090,0.543720,81.345650,0.145881,3.195241,0.064026,0.373333,0.117499,230.412659,-0.866025,-0.500000
2018,8,-30.000000,-175.000000,-27.500000,-172.500000,11315.600000,2.888402,1.875199,41.450122,46.213723,,,,,,,,,,-0.866025,-0.500000
2018,8,35.000000,150.000000,37.500000,152.500000,2357.800000,0.015268,5.654848,1.620154,7.290271,25.441865,0.404663,12.534927,0.354234,5.880765,0.330448,0.639167,0.105104,215.241653,-0.866025,-0.500000
2018,8,35.000000,155.000000,37.500000,157.500000,7840.990000,0.090932,9.619321,0.062620,9.772873,25.454464,0.426141,12.469482,0.319803,6.058071,0.192940,0.506667,0.104427,217.358093,-0.866025,-0.500000
2018,8,35.000000,160.000000,37.500000,162.500000,7728.000000,0.043090,11.349379,0.006729,11.399198,24.741140,0.407436,11.980508,0.221243,4.520995,0.179370,0.571111,0.120678,218.399155,-0.866025,-0.500000
2018,8,35.000000,165.000000,37.500000,167.500000,1829.800000,0.057383,7.587715,0.000000,7.645098,24.724158,0.514197,12.449899,0.251796,4.831683,0.235309,0.555556,0.105842,218.015137,-0.866025,-0.500000
2018,8,-35.000000,-135.000000,-32.500000,-132.500000,4149.030000,0.659190,0.523014,40.889557,42.071761,,,,,,,,,,-0.866025,-0.500000
2018,8,-35.000000,-140.000000,-32.500000,-137.500000,2292.500000,0.249073,0.458451,41.045583,41.753108,,,,,,,,,,-0.866025,-0.500000
2018,8,-35.000000,-150.000000,-32.500000,-147.500000,3323.530000,0.602071,1.908212,49.504894,52.015177,,,,,,,,,,-0.866025,-0.500000
2018,8,-35.000000,-155.000000,-32.500000,-152.500000,6531.990000,2.554046,2.194431,54.277487,59.025963,,,,,,,,,,-0.866025,-0.500000
2018,8,-35.000000,160.000000,-32.500000,162.500000,1619.600000,2.314152,3.252655,12.304273,17.871079,18.400740,0.448485,92.971931,0.207592,3.053835,0.116118,0.559444,0.438546,230.448059,-0.866025,-0.500000
2018,8,-35.000000,-160.000000,-32.500000,-157.500000,6288.000000,1.844784,1.617207,50.470420,53.932411,,,,,,,,,,-0.866025,-0.500000
2018,8,-35.000000,-165.000000,-32.500000,-162.500000,4321.360000,1.682572,3.273275,46.383083,51.338930,,,,,,,,,,-0.866025,-0.500000
2018,8,-35.000000,170.000000,-32.500000,172.500000,2045.170000,0.527096,8.974804,10.511596,20.013495,17.725640,0.389659,108.961649,0.148582,69.950242,0.091785,0.447236,0.407014,233.160736,-0.866025,-0.500000
2018,8,-35.000000,-170.000000,-32.500000,-167.500000,5016.270000,4.433573,3.251420,39.220975,46.905968,,,,,,,,,,-0.866025,-0.500000
2018,8,-35.000000,175.000000,-32.500000,177.500000,4019.510000,0.867021,16.745325,12.536354,30.148700,17.537753,0.416178,98.529182,0.127877,3.907486,0.068458,0.472500,0.396273,234.853210,-0.866025,-0.500000
2018,8,-35.000000,-175.000000,-32.500000,-172.500000,2453.160000,1.786675,2.459277,44.878035,49.123987,,,,,,,,,,-0.866025,-0.500000
2018,8,40.000000,150.000000,42.500000,152.500000,1395.050000,0.433676,0.200710,4.885130,5.519515,16.590175,-0.005092,10.735268,0.171791,9.193248,0.118405,0.844167,0.203471,244.491562,-0.866025,-0.500000
2018,8,40.000000,155.000000,42.500000,157.500000,3005.470000,1.185505,0.334723,0.799209,2.319438,17.415474,0.017884,11.180753,0.139272,7.605931,0.106075,0.850833,0.218566,243.348541,-0.866025,-0.500000
2018,8,40.000000,160.000000,42.500000,162.500000,1790.400000,0.094392,0.102212,0.295465,0.492069,17.104406,0.062090,11.411168,0.153086,10.041077,0.114973,0.705833,0.274687,250.448608,-0.866025,-0.500000
2018,8,40.000000,165.000000,42.500000,167.500000,1518.800000,0.068475,0.000000,0.000000,0.068475,17.238194,0.089696,11.294138,0.158251,7.829721,0.148576,0.769444,0.307771,253.632507,-0.866025,-0.500000
2018,8,-40.000000,175.000000,-37.500000,177.500000,1413.610000,0.000000,1.950326,3.853255,5.803581,,,,,,,,,,-0.866025,-0.500000
2018,9,0.000000,120.000000,2.500000,122.500000,15556.790000,13.721533,4.964070,0.000000,18.685603,29.383145,0.582336,13.986704,0.206413,135.240030,0.016970,0.149286,0.107744,200.576996,-1.000000,-0.000000
2018,9,0.000000,125.000000,2.500000,127.500000,20742.390000,13.721514,4.964086,0.000000,18.685600,28.919341,0.583722,20.641351,0.478681,133.377543,0.037685,0.230188,0.120976,200.378601,-1.000000,-0.000000
2018,9,0.000000,130.000000,2.500000,132.500000,8084.910000,30.230640,12.271874,0.052691,42.555205,29.270414,0.663717,30.427227,0.601354,116.221365,0.044535,0.015282,0.116037,199.972290,-1.000000,-0.000000
2018,9,0.000000,135.000000,2.500000,137.500000,2438.400000,15.395341,9.167077,0.008612,24.571030,29.263074,0.649625,20.228051,0.527903,0.597740,0.075201,0.000278,0.106151,200.018692,-1.000000,-0.000000
2018,9,0.000000,140.000000,2.500000,142.500000,6208.840000,14.753319,7.856057,0.168792,22.778168,29.253795,0.678571,17.984940,0.456664,0.424617,0.055107,0.000000,0.090994,199.520630,-1.000000,-0.000000
2018,9,0.000000,145.000000,2.500000,147.500000,16718.990000,13.158630,6.064601,0.291226,19.514456,29.449871,0.696434,18.727896,0.431892,0.512309,0.054094,0.000000,0.086480,199.301712,-1.000000,-0.000000
2018,9,0.000000,150.000000,2.500000,152.500000,6774.930000,10.825056,5.396366,0.342144,16.563566,29.626463,0.716479,20.945999,0.389025,0.387895,0.056489,0.000000,0.081904,198.707016,-1.000000,-0.000000
2018,9,0.000000,155.000000,2.500000,157.500000,8647.610000,13.793522,6.530706,0.497710,20.821938,29.939137,0.748112,19.188429,0.374645,0.387144,0.045898,0.000000,0.078117,198.400192,-1.000000,-0.000000
2018,9,0.000000,-155.000000,2.500000,-152.500000,4701.400000,7.217850,28.021866,0.079976,35.319692,,,,,,,,,,-1.000000,-0.000000
2018,9,0.000000,160.000000,2.500000,162.500000,8005.090000,15.380964,7.308100,0.267580,22.956644,30.109067,0.773845,19.311351,0.325768,0.381109,0.033480,0.000000,0.076904,198.868286,-1.000000,-0.000000
2018,9,0.000000,165.000000,2.500000,167.500000,8507.790000,7.394870,16.525091,0.267755,24.187715,30.085800,0.779237,19.043576,0.316813,94.027037,0.020702,0.002779,0.102832,199.992798,-1.000000,-0.000000
2018,9,0.000000,170.000000,2.500000,172.500000,5213.660000,6.643893,6.778731,1.361999,14.784623,30.108974,0.778001,17.375066,0.411616,135.159127,0.028876,0.021769,0.177951,201.720535,-1.000000,-0.000000
2018,9,0.000000,-170.000000,2.500000,-167.500000,2418.850000,4.017198,17.073816,0.472125,21.563140,,,,,,,,,,-1.000000,-0.000000
2018,9,0.000000,175.000000,2.500000,177.500000,8634.190000,15.149887,12.976550,0.026175,28.152612,29.752484,0.771291,19.345811,0.426258,0.723715,0.041347,0.002500,0.151009,201.310669,-1.000000,-0.000000
2018,9,0.000000,-175.000000,2.500000,-172.500000,1551.620000,9.021539,11.161882,0.405383,20.588804,,,,,,,,,,-1.000000,-0.000000
2018,9,0.000000,-180.000000,2.500000,-177.500000,1583.280000,9.686221,12.882750,0.000000,22.568971,,,,,,,,,,-1.000000,-0.000000
2018,9,5.000000,130.000000,7.500000,132.500000,4851.870000,14.520381,8.445816,0.034214,23.000410,28.872117,0.480580,22.200771,0.313362,129.489732,0.040187,0.008640,0.090554,200.134842,-1.000000,-0.000000
2018,9,5.000000,135.000000,7.500000,137.500000,7556.400000,9.054973,18.443439,0.051215,27.549627,29.021061,0.492772,24.256826,0.110543,130.458325,0.017886,0.006954,0.090573,199.947861,-1.000000,-0.000000
2018,9,5.000000,140.000000,7.500000,142.500000,2076.810000,3.213582,32.261016,0.096302,35.570900,29.195630,0.485407,20.806843,0.203246,0.302330,0.030085,0.000000,0.088401,199.646133,-1.000000,-0.000000
2018,9,5.000000,145.000000,7.500000,147.500000,2844.850000,5.792924,15.406788,0.706891,21.906603,29.470252,0.500665,17.454554,0.190845,0.466702,0.032714,0.000000,0.092344,199.588989,-1.000000,-0.000000
2018,9,5.000000,150.000000,7.500000,152.500000,2824.770000,5.374597,14.873777,0.710854,20.959229,29.769728,0.499521,16.426470,0.179042,119.430526,0.029430,0.004454,0.096470,199.372086,-1.000000,-0.000000
2018,9,5.000000,155.000000,7.500000,157.500000,3144.400000,2.576644,8.752703,0.112581,11.441929,29.959175,0.514114,15.137843,0.198940,127.115783,0.039931,0.003336,0.097762,199.243683,-1.000000,-0.000000
2018,9,5.000000,-155.000000,7.500000,-152.500000,1454.200000,3.282217,20.604456,0.133407,24.020080,,,,,,,,,,-1.000000,-0.000000
2018,9,5.000000,160.000000,7.500000,162.500000,1682.960000,1.605505,8.752436,0.102201,10.460142,29.909543,0.529172,16.815318,0.268873,0.638560,0.062282,0.000278,0.092081,199.286804,-1.000000,-0.000000
2018,9,5.000000,165.000000,7.500000,167.500000,1921.340000,5.535720,8.333247,0.149375,14.018341,29.901567,0.578634,17.064776,0.263782,134.334985,0.066679,0.041643,0.087945,198.807205,-1.000000,-0.000000
2018,9,5.000000,170.000000,7.500000,172.500000,1165.000000,6.048927,5.008584,0.057511,11.115021,29.957442,0.593472,18.310334,0.334221,134.277005,0.098066,0.032911,0.087333,198.581650,-1.000000,-0.000000
2018,9,5.000000,175.000000,7.500000,177.500000,12058.890000,12.590628,13.692637,0.279296,26.562561,29.935362,0.610148,21.762114,0.394402,0.429852,0.124487,0.000000,0.082943,198.605377,-1.000000,-0.000000
2018,9,5.000000,-180.000000,7.500000,-177.500000,1294.320000,6.062643,11.946814,0.089622,18.099079,,,,,,,,,,-1.000000,-0.000000
2018,9,-5.000000,120.000000,-2.500000,122.500000,20742.390000,13.721514,4.964086,0.000000,18.685600,28.292196,0.550530,17.153732,0.180970,132.222296,0.013472,0.376707,0.113288,202.088242,-1.000000,-0.000000
2018,9,-5.000000,125.000000,-2.500000,127.500000,31113.580000,13.721500,4.964070,0.000000,18.685571,28.145848,0.542516,17.952065,0.209178,129.315654,0.019772,0.249226,0.131107,201.421295,-1.000000,-0.000000
2018,9,-5.000000,130.000000,-2.500000,132.500000,10371.190000,13.721473,4.964040,0.000000,18.685512,28.179329,0.580378,17.040428,0.206238,131.637518,0.069821,0.406703,0.160688,201.491974,-1.000000,-0.000000
2018,9,-5.000000,150.000000,-2.500000,152.500000,1678.950000,20.040502,9.832931,5.634474,35.507907,29.757333,0.751582,23.442741,0.190631,132.186197,0.019336,0.096689,0.117736,199.758087,-1.000000,-0.000000
2018,9,-5.000000,155.000000,-2.500000,157.500000,2834.190000,20.235764,6.331615,4.883935,31.451314,30.133854,0.784934,22.803898,0.122887,0.849462,0.012884,0.011389,0.119316,199.694427,-1.000000,-0.000000
2018,9,-5.000000,-155.000000,-2.500000,-152.500000,3246.260000,4.242729,21.333781,1.303962,26.880472,,,,,,,,,,-1.000000,-0.000000
2018,9,-5.000000,160.000000,-2.500000,162.500000,9403.480000,14.426468,7.524023,1.469669,23.420159,30.211527,0.788694,17.816198,0.124856,0.443416,0.010675,0.000000,0.124296,200.806412,-1.000000,-0.000000
2018,9,-5.000000,165.000000,-2.500000,167.500000,1085.940000,18.959611,14.500801,2.900713,36.361125,30.272925,0.783607,18.934362,0.181107,0.267632,0.012745,0.000000,0.149096,202.483627,-1.000000,-0.000000
2018,9,-5.000000,-165.000000,-2.500000,-162.500000,7849.790000,4.418207,12.086948,2.011774,18.516928,,,,,,,,,,-1.000000,-0.000000
2018,9,-5.000000,170.000000,-2.500000,172.500000,2258.240000,5.506501,19.486857,0.830735,25.824093,29.958496,0.765722,23.072309,0.330467,133.320214,0.025056,0.009755,0.163101,202.728928,-1.000000,-0.000000
2018,9,-5.000000,-170.000000,-2.500000,-167.500000,10275.950000,4.369426,12.032951,2.020154,18.422530,,,,,,,,,,-1.000000,-0.000000
2018,9,-5.000000,175.000000,-2.500000,177.500000,1820.610000,4.041503,22.050302,0.420189,26.511993,29.586062,0.748784,25.993069,0.354781,93.932550,0.026208,0.002779,0.157466,202.855545,-1.000000,-0.000000
2018,9,-5.000000,-180.000000,-2.500000,-177.500000,7554.300000,11.159075,19.313239,1.344532,31.816846,,,,,,,,,,-1.000000,-0.000000
2018,9,10.000000,110.000000,12.500000,112.500000,17909.610000,19.193606,1.049269,0.000000,20.242875,28.941872,0.670156,12.590157,0.441740,1.896562,0.143035,0.081667,0.133952,202.792038,-1.000000,-0.000000
2018,9,10.000000,115.000000,12.500000,117.500000,17909.610000,19.193606,1.049269,0.000000,20.242875,28.933285,0.765160,14.203492,0.144529,131.671928,0.036753,0.045403,0.097609,201.912094,-1.000000,-0.000000
2018,9,10.000000,130.000000,12.500000,132.500000,2217.160000,9.414296,13.664327,1.565967,24.644590,29.006902,0.658731,18.215058,0.168784,0.286274,0.095933,0.000000,0.088674,200.316635,-1.000000,-0.000000
2018,9,10.000000,170.000000,12.500000,172.500000,5484.860000,7.742768,9.404616,0.321977,17.469361,29.687810,0.602494,18.755953,0.177136,59.813807,0.084998,0.003056,0.085997,199.634979,-1.000000,-0.000000
2018,9,10.000000,175.000000,12.500000,177.500000,4156.960000,9.317145,9.339758,1.140978,19.797881,29.493160,0.577996,18.727939,0.189904,0.302997,0.093525,0.000000,0.066129,199.448669,-1.000000,-0.000000
2018,9,10.000000,-180.000000,12.500000,-177.500000,1140.270000,4.336692,3.990283,0.871723,9.198699,,,,,,,,,,-1.000000,-0.000000
2018,9,-10.000000,-135.000000,-7.500000,-132.500000,12628.530000,5.124508,25.161202,1.288036,31.573746,,,,,,,,,,-1.000000,-0.000000
2018,9,-10.000000,-140.000000,-7.500000,-137.500000,5767.110000,4.575602,25.962050,0.633420,31.171072,,,,,,,,,,-1.000000,-0.000000
2018,9,-10.000000,145.000000,-7.500000,147.500000,2901.320000,37.487420,2.400976,3.475659,43.364055,27.255160,0.711633,25.143415,0.262788,129.427175,0.024765,0.390159,0.248639,204.010422,-1.000000,-0.000000
2018,9,-10.000000,-145.000000,-7.500000,-142.500000,2323.920000,4.187321,10.158267,2.513426,16.859014,,,,,,,,,,-1.000000,-0.000000
2018,9,-10.000000,150.000000,-7.500000,152.500000,2439.900000,35.109226,2.912824,4.039100,42.061150,28.305073,0.668309,20.529807,0.280404,130.042979,0.041336,0.341529,0.254361,200.929688,-1.000000,-0.000000
2018,9,-10.000000,-150.000000,-7.500000,-147.500000,24168.860000,2.741834,11.903747,1.503174,16.148755,,,,,,,,,,-1.000000,-0.000000
2018,9,-10.000000,155.000000,-7.500000,157.500000,2483.230000,15.475409,3.976273,5.353914,24.805596,29.073298,0.730291,20.973266,0.134087,131.394496,0.043103,0.142687,0.271177,199.950165,-1.000000,-0.000000
2018,9,-10.000000,-155.000000,-7.500000,-152.500000,1261.290000,6.244401,9.601281,5.012329,20.858010,,,,,,,,,,-1.000000,-0.000000
2018,9,-10.000000,160.000000,-7.500000,162.500000,9768.350000,13.779809,5.641383,2.509226,21.930418,29.537044,0.778666,24.166862,0.121861,130.547101,0.032315,0.095061,0.183765,199.079941,-1.000000,-0.000000
2018,9,-10.000000,165.000000,-7.500000,167.500000,3858.680000,8.375662,5.469487,4.504649,18.349798,29.630782,0.793267,27.575043,0.094350,0.901320,0.012814,0.027500,0.144976,199.766968,-1.000000,-0.000000
2018,9,-10.000000,-165.000000,-7.500000,-162.500000,8591.930000,5.454188,5.446390,11.234612,22.135190,,,,,,,,,,-1.000000,-0.000000
2018,9,-10.000000,170.000000,-7.500000,172.500000,6409.660000,7.432844,4.898700,9.230755,21.562298,29.629415,0.798155,31.111248,0.089866,0.993316,0.009532,0.044167,0.144702,199.487732,-1.000000,-0.000000
2018,9,-10.000000,-170.000000,-7.500000,-167.500000,12207.250000,7.728932,3.528067,10.088103,21.345102,,,,,,,,,,-1.000000,-0.000000
2018,9,-10.000000,175.000000,-7.500000,177.500000,2465.990000,3.560436,17.669577,3.853219,25.083232,29.552432,0.795242,29.533992,0.124811,0.579631,0.021722,0.000556,0.150768,199.616882,-1.000000,-0.000000
2018,9,-10.000000,-175.000000,-7.500000,-172.500000,1503.880000,3.480331,1.546001,25.826529,30.852861,,,,,,,,,,-1.000000,-0.000000
2018,9,-10.000000,-180.000000,-7.500000,-177.500000,7650.200000,9.137147,14.438185,9.880787,33.456119,,,,,,,,,,-1.000000,-0.000000
2018,9,15.000000,110.000000,17.500000,112.500000,17909.610000,19.193606,1.049269,0.000000,20.242875,29.225610,0.642401,13.361861,0.130235,129.693567,0.048249,0.081915,0.097721,200.833572,-1.000000,-0.000000
2018,9,15.000000,115.000000,17.500000,117.500000,17909.610000,19.193606,1.049269,0.000000,20.242875,29.066209,0.717402,14.666737,0.141336,130.733864,0.058399,0.027019,0.090982,200.947983,-1.000000,-0.000000
2018,9,15.000000,125.000000,17.500000,127.500000,1165.850000,1.348372,5.301711,7.053223,13.703307,29.104836,0.994254,23.490479,0.228506,0.803038,0.125004,0.008056,0.087271,199.379822,-1.000000,-0.000000
2018,9,15.000000,135.000000,17.500000,137.500000,2453.860000,0.965418,1.434882,14.037068,16.437368,29.145033,1.011535,29.178324,0.253095,0.757530,0.119236,0.005000,0.084285,199.304871,-1.000000,-0.000000
2018,9,15.000000,150.000000,17.500000,152.500000,1117.810000,1.723907,0.546605,2.772385,5.042896,29.145501,0.907636,24.361995,0.212751,0.335034,0.086371,0.000000,0.072462,199.312164,-1.000000,-0.000000
2018,9,15.000000,-155.000000,17.500000,-152.500000,5363.390000,1.930495,7.742118,0.000000,9.672614,,,,,,,,,,-1.000000,-0.000000
2018,9,15.000000,-160.000000,17.500000,-157.500000,1087.810000,1.894632,5.657238,0.000000,7.551870,,,,,,,,,,-1.000000,-0.000000
2018,9,15.000000,-165.000000,17.500000,-162.500000,4103.240000,3.055147,8.748452,0.395785,12.199384,,,,,,,,,,-1.000000,-0.000000
2018,9,-15.000000,-135.000000,-12.500000,-132.500000,6884.720000,2.824661,12.619104,5.430577,20.874342,,,,,,,,,,-1.000000,-0.000000
2018,9,-15.000000,145.000000,-12.500000,147.500000,3287.410000,35.911249,2.177094,11.213691,49.302034,25.580872,0.692103,41.050063,0.205472,115.432264,0.037513,0.083404,0.128997,208.244003,-1.000000,-0.000000
2018,9,-15.000000,-145.000000,-12.500000,-142.500000,6781.550000,6.725749,11.754098,16.270469,34.750315,,,,,,,,,,-1.000000,-0.000000
2018,9,-15.000000,150.000000,-12.500000,152.500000,5349.600000,26.354868,2.570473,9.660162,38.585502,26.612686,0.737701,39.832860,0.230843,121.092785,0.042647,0.310559,0.145673,205.352814,-1.000000,-0.000000
2018,9,-15.000000,-150.000000,-12.500000,-147.500000,6920.760000,2.527757,10.679029,8.634745,21.841532,,,,,,,,,,-1.000000,-0.000000
2018,9,-15.000000,155.000000,-12.500000,157.500000,8209.900000,11.211464,3.627328,14.072644,28.911436,27.371530,0.747649,42.736003,0.208850,1.919103,0.046939,0.135833,0.210859,203.720840,-1.000000,-0.000000
2018,9,-15.000000,160.000000,-12.500000,162.500000,14833.330000,5.033057,1.983371,18.107262,25.123691,27.738891,0.784271,33.873359,0.176005,128.735461,0.043780,0.168119,0.151713,203.127884,-1.000000,-0.000000
2018,9,-15.000000,-160.000000,-12.500000,-157.500000,6299.230000,1.432080,1.505422,23.812275,26.749777,,,,,,,,,,-1.000000,-0.000000
2018,9,-15.000000,165.000000,-12.500000,167.500000,5668.310000,10.283136,1.127849,26.864621,38.275606,27.941448,0.807883,30.359401,0.128915,121.267566,0.027202,0.127303,0.088405,202.539017,-1.000000,-0.000000
2018,9,-15.000000,-165.000000,-12.500000,-162.500000,7089.600000,1.937486,1.667372,22.598172,26.203030,,,,,,,,,,-1.000000,-0.000000
2018,9,-15.000000,170.000000,-12.500000,172.500000,16558.480000,9.270295,1.812908,28.002087,39.085290,28.100820,0.793170,30.780292,0.130059,1.519526,0.037282,0.076389,0.082993,202.043686,-1.000000,-0.000000
2018,9,-15.000000,-170.000000,-12.500000,-167.500000,13131.830000,1.148888,0.701806,29.740942,31.591637,,,,,,,,,,-1.000000,-0.000000
2018,9,-15.000000,175.000000,-12.500000,177.500000,2569.010000,4.395857,1.782788,17.898334,24.076979,28.412766,0.787209,32.250733,0.138930,0.858005,0.034775,0.050000,0.106063,201.358002,-1.000000,-0.000000
2018,9,-15.000000,-175.000000,-12.500000,-172.500000,14027.640000,1.283181,0.689353,22.915686,24.888221,,,,,,,,,,-1.000000,-0.000000
2018,9,20.000000,125.000000,22.500000,127.500000,1057.490000,1.754154,8.388732,5.887526,16.030412,28.964471,0.993061,21.266008,0.238309,93.086300,0.103065,0.056420,0.082605,199.837036,-1.000000,-0.000000
2018,9,20.000000,130.000000,22.500000,132.500000,1018.610000,4.052581,4.880180,8.442878,17.375639,28.891773,1.084262,25.808869,0.215943,0.777745,0.081471,0.002222,0.082523,199.961090,-1.000000,-0.000000
2018,9,20.000000,135.000000,22.500000,137.500000,1130.400000,2.454883,0.981953,4.465676,7.902512,28.699872,1.053194,23.760483,0.204925,1.331816,0.103174,0.045278,0.083280,199.917053,-1.000000,-0.000000
2018,9,20.000000,140.000000,22.500000,142.500000,1745.350000,8.876730,7.862033,7.467270,24.206033,28.960835,1.061441,24.951829,0.182434,57.932169,0.099355,0.009169,0.081604,199.920746,-1.000000,-0.000000
2018,9,20.000000,145.000000,22.500000,147.500000,2544.060000,3.760918,1.890679,11.159721,16.811317,29.158140,1.102913,26.327472,0.189438,1.615791,0.084222,0.048333,0.081452,199.485352,-1.000000,-0.000000
2018,9,20.000000,150.000000,22.500000,152.500000,5195.640000,5.521168,4.007399,15.237969,24.766535,29.269550,0.998113,25.894957,0.169819,0.720025,0.087081,0.008333,0.080520,198.830627,-1.000000,-0.000000
2018,9,20.000000,155.000000,22.500000,157.500000,1710.770000,2.736195,1.370728,23.752462,27.859385,29.121537,0.947958,26.496934,0.165340,0.578979,0.067981,0.000278,0.078904,199.241882,-1.000000,-0.000000
2018,9,20.000000,-155.000000,22.500000,-152.500000,2512.140000,1.990335,9.345817,0.000000,11.336152,,,,,,,,,,-1.000000,-0.000000
2018,9,20.000000,-160.000000,22.500000,-157.500000,2341.050000,1.452340,10.070695,0.000000,11.523035,,,,,,,,,,-1.000000,-0.000000
2018,9,-20.000000,-135.000000,-17.500000,-132.500000,2617.940000,2.056579,8.778276,12.057954,22.892809,,,,,,,,,,-1.000000,-0.000000
2018,9,-20.000000,150.000000,-17.500000,152.500000,1288.610000,15.453085,4.144000,9.517232,29.114317,24.786331,0.743872,44.948807,0.142627,1.878468,0.039139,0.278056,0.094531,213.946777,-1.000000,-0.000000
2018,9,-20.000000,-150.000000,-17.500000,-147.500000,2512.170000,1.396800,4.182838,15.665739,21.245378,,,,,,,,,,-1.000000,-0.000000
2018,9,-20.000000,155.000000,-17.500000,157.500000,1894.570000,6.718675,0.628639,29.932914,37.280227,24.869246,0.733126,45.867923,0.124616,2.317119,0.036319,0.429167,0.071220,214.512619,-1.000000,-0.000000
2018,9,-20.000000,-155.000000,-17.500000,-152.500000,2312.480000,1.452553,5.260154,18.351726,25.064433,,,,,,,,,,-1.000000,-0.000000
2018,9,-20.000000,160.000000,-17.500000,162.500000,3662.440000,7.042300,1.128483,28.891122,37.061904,25.046195,0.701118,32.114649,0.154337,47.410570,0.051325,0.477633,0.080659,213.052887,-1.000000,-0.000000
2018,9,-20.000000,165.000000,-17.500000,167.500000,4446.290000,5.889629,1.213371,22.348070,29.451070,25.489390,0.752408,30.296332,0.138013,120.017129,0.041921,0.446004,0.081567,210.961868,-1.000000,-0.000000
2018,9,-20.000000,170.000000,-17.500000,172.500000,12327.250000,5.056278,0.875297,22.321361,28.252936,25.989521,0.780431,27.115231,0.145470,3.123945,0.052419,0.465278,0.065663,209.502365,-1.000000,-0.000000
2018,9,-20.000000,175.000000,-17.500000,177.500000,13409.470000,5.533999,1.249043,16.336887,23.119929,26.279976,0.790740,25.604179,0.103122,121.838279,0.034569,0.409692,0.089257,209.114517,-1.000000,-0.000000
2018,9,-20.000000,-175.000000,-17.500000,-172.500000,3090.590000,2.291795,0.536144,17.694356,20.522295,,,,,,,,,,-1.000000,-0.000000
2018,9,-20.000000,-180.000000,-17.500000,-177.500000,4306.950000,3.158848,0.741592,10.785359,14.685799,,,,,,,,,,-1.000000,-0.000000
2018,9,25.000000,125.000000,27.500000,127.500000,1260.260000,4.783140,3.878565,2.482028,11.143732,29.048647,0.960689,20.789696,0.282613,130.740680,0.233376,0.119629,0.105123,200.132034,-1.000000,-0.000000
2018,9,25.000000,130.000000,27.500000,132.500000,1091.760000,3.062028,7.737048,1.752217,12.551293,28.604799,1.118212,21.244878,0.216844,58.439711,0.132971,0.122812,0.090397,200.768890,-1.000000,-0.000000
2018,9,25.000000,135.000000,27.500000,137.500000,2721.020000,1.671065,0.856664,0.753761,3.281490,28.764717,1.231982,21.739988,0.163025,1.366665,0.110210,0.211667,0.089499,201.268280,-1.000000,-0.000000
2018,9,25.000000,140.000000,27.500000,142.500000,2631.210000,13.974179,7.268139,3.842339,25.084657,29.038856,1.039453,17.710191,0.168186,58.211921,0.075656,0.051125,0.088875,200.888672,-1.000000,-0.000000
2018,9,25.000000,145.000000,27.500000,147.500000,3689.780000,3.753069,2.331304,1.038273,7.122647,29.132527,0.985164,16.624789,0.144835,1.420755,0.065291,0.046111,0.087272,200.371521,-1.000000,-0.000000
2018,9,25.000000,150.000000,27.500000,152.500000,1366.340000,3.341774,2.602573,2.703573,8.647921,29.274081,0.980223,19.149942,0.130627,1.272669,0.063320,0.070000,0.082467,199.688324,-1.000000,-0.000000
2018,9,25.000000,-155.000000,27.500000,-152.500000,1699.780000,1.234277,6.811470,0.000000,8.045747,,,,,,,,,,-1.000000,-0.000000
2018,9,25.000000,-160.000000,27.500000,-157.500000,3525.620000,2.028863,8.612953,0.000000,10.641816,,,,,,,,,,-1.000000,-0.000000
2018,9,25.000000,-165.000000,27.500000,-162.500000,2520.710000,5.157277,9.387038,0.396714,14.941029,,,,,,,,,,-1.000000,-0.000000
2018,9,-25.000000,165.000000,-22.500000,167.500000,1341.390000,5.965454,0.697038,22.138975,28.801467,22.672720,0.654339,31.349636,0.156960,106.371643,0.076577,0.487254,0.097279,220.787323,-1.000000,-0.000000
2018,9,-25.000000,170.000000,-22.500000,172.500000,3597.500000,3.636414,0.605142,28.207644,32.449201,22.599996,0.654259,33.383012,0.167650,3.389146,0.073155,0.496944,0.068529,220.502045,-1.000000,-0.000000
2018,9,-25.000000,-170.000000,-22.500000,-167.500000,1924.110000,4.713348,1.451580,21.124052,27.288980,,,,,,,,,,-1.000000,-0.000000
2018,9,-25.000000,175.000000,-22.500000,177.500000,6457.070000,2.878860,0.848527,21.544292,25.271679,22.874914,0.631651,31.384855,0.144716,2.649578,0.073391,0.490000,0.065661,219.966080,-1.000000,-0.000000
2018,9,-25.000000,-180.000000,-22.500000,-177.500000,1100.270000,3.126505,1.795014,12.365147,17.286666,,,,,,,,,,-1.000000,-0.000000
2018,9,30.000000,150.000000,32.500000,152.500000,1111.100000,0.993610,22.562326,0.101701,23.657637,28.392454,1.055307,21.359821,0.239665,1.500447,0.133943,0.116389,0.099791,204.044006,-1.000000,-0.000000
2018,9,30.000000,155.000000,32.500000,157.500000,1610.280000,0.357702,12.138883,0.014283,12.510868,27.959978,0.978860,17.996300,0.280375,4.011330,0.264134,0.181944,0.097635,205.191956,-1.000000,-0.000000
2018,9,30.000000,-155.000000,32.500000,-152.500000,3039.110000,1.645219,9.963443,0.329044,11.937705,,,,,,,,,,-1.000000,-0.000000
2018,9,30.000000,-160.000000,32.500000,-157.500000,6854.110000,2.988864,13.111257,0.447906,16.548027,,,,,,,,,,-1.000000,-0.000000
2018,9,30.000000,-165.000000,32.500000,-162.500000,2399.100000,2.917761,11.210454,0.416823,14.545038,,,,,,,,,,-1.000000,-0.000000
2018,9,30.000000,170.000000,32.500000,172.500000,1500.220000,0.338617,0.329285,0.023330,0.691232,26.404155,0.764202,20.858809,0.209214,1.928793,0.152994,0.236667,0.084368,210.323853,-1.000000,-0.000000
2018,9,-30.000000,-140.000000,-27.500000,-137.500000,1110.320000,1.115895,0.290907,23.161791,24.568593,,,,,,,,,,-1.000000,-0.000000
2018,9,-30.000000,155.000000,-27.500000,157.500000,2034.100000,11.930584,3.242712,7.068482,22.241778,20.981110,0.661371,47.493288,0.240666,4.325930,0.142512,0.415278,0.378431,227.861511,-1.000000,-0.000000
2018,9,-30.000000,-155.000000,-27.500000,-152.500000,2628.490000,2.157512,0.989922,28.944755,32.092190,,,,,,,,,,-1.000000,-0.000000
2018,9,-30.000000,160.000000,-27.500000,162.500000,2213.600000,4.330051,1.172750,35.354626,40.857427,20.397824,0.543250,61.943718,0.194978,2.801777,0.119134,0.395833,0.338529,230.238083,-1.000000,-0.000000
2018,9,-30.000000,-160.000000,-27.500000,-157.500000,5127.400000,2.842961,1.588134,32.045481,36.476577,,,,,,,,,,-1.000000,-0.000000
2018,9,-30.000000,-165.000000,-27.500000,-162.500000,2945.400000,2.293746,1.951857,26.315950,30.561554,,,,,,,,,,-1.000000,-0.000000
2018,9,-30.000000,170.000000,-27.500000,172.500000,4458.100000,1.408448,1.225859,34.685628,37.319935,20.063876,0.512735,49.787348,0.162160,4.382615,0.078181,0.490000,0.202602,232.753647,-1.000000,-0.000000
2018,9,-30.000000,-170.000000,-27.500000,-167.500000,1401.000000,3.623840,4.225553,32.483226,40.332620,,,,,,,,,,-1.000000,-0.000000
2018,9,-30.000000,175.000000,-27.500000,177.500000,11767.500000,1.957255,1.805396,32.186106,35.948757,20.210512,0.511984,55.787499,0.144554,3.158082,0.060477,0.329444,0.141320,232.595779,-1.000000,-0.000000
2018,9,-30.000000,-175.000000,-27.500000,-172.500000,4041.440000,3.520032,2.740855,30.420098,36.680985,,,,,,,,,,-1.000000,-0.000000
2018,9,-30.000000,-180.000000,-27.500000,-177.500000,1119.810000,2.638841,1.229673,39.869264,43.737777,,,,,,,,,,-1.000000,-0.000000
2018,9,35.000000,145.000000,37.500000,147.500000,4025.740000,0.231262,9.921903,1.666526,11.819690,24.790568,0.264277,16.334609,0.390130,5.915333,0.279418,0.657222,0.110370,208.996078,-1.000000,-0.000000
2018,9,35.000000,150.000000,37.500000,152.500000,9446.600000,0.461436,15.825694,0.009845,16.296975,25.194273,0.388117,17.853498,0.390642,4.777548,0.295869,0.610833,0.100031,213.801620,-1.000000,-0.000000
2018,9,35.000000,155.000000,37.500000,157.500000,12130.490000,0.197766,14.508895,0.010387,14.717048,24.942031,0.390977,18.293643,0.276460,5.918753,0.156497,0.568889,0.093611,217.457474,-1.000000,-0.000000
2018,9,35.000000,160.000000,37.500000,162.500000,4682.310000,0.047412,9.683682,0.002563,9.733657,24.595003,0.528290,20.721136,0.220844,3.707668,0.213066,0.622778,0.098580,219.222641,-1.000000,-0.000000
2018,9,35.000000,165.000000,37.500000,167.500000,1185.040000,0.138392,13.424019,0.039661,13.602073,23.764795,0.476479,22.575178,0.207761,6.225603,0.205047,0.629167,0.097665,222.714844,-1.000000,-0.000000
2018,9,-35.000000,-135.000000,-32.500000,-132.500000,1677.170000,0.022657,0.517538,21.835592,22.375788,,,,,,,,,,-1.000000,-0.000000
2018,9,-35.000000,-140.000000,-32.500000,-137.500000,1381.740000,0.027502,4.708556,21.318772,26.054829,,,,,,,,,,-1.000000,-0.000000
2018,9,-35.000000,-145.000000,-32.500000,-142.500000,3282.660000,0.600732,3.800272,24.385407,28.786411,,,,,,,,,,-1.000000,-0.000000
2018,9,-35.000000,150.000000,-32.500000,152.500000,1355.770000,33.366279,3.167204,5.051742,41.585225,19.309429,0.424957,49.672232,0.448903,90.310434,0.222724,0.658289,0.650381,230.576904,-1.000000,-0.000000
2018,9,-35.000000,-150.000000,-32.500000,-147.500000,4263.500000,0.012900,2.838982,28.280755,31.132638,,,,,,,,,,-1.000000,-0.000000
2018,9,-35.000000,-155.000000,-32.500000,-152.500000,2154.700000,1.678656,2.218870,35.850002,39.747529,,,,,,,,,,-1.000000,-0.000000
2018,9,40.000000,150.000000,42.500000,152.500000,2958.260000,0.000000,0.000000,0.554042,0.554042,17.454381,-0.002569,12.486267,0.167948,8.280331,0.130414,0.773056,0.181091,241.187363,-1.000000,-0.000000
2018,9,40.000000,155.000000,42.500000,157.500000,2429.760000,0.428026,0.285625,0.542440,1.256091,18.122469,0.036854,14.568689,0.146668,8.266636,0.140324,0.811667,0.173374,240.248886,-1.000000,-0.000000
2018,9,40.000000,160.000000,42.500000,162.500000,4183.350000,0.011235,0.045418,0.005498,0.062151,17.100424,0.078069,15.728774,0.136533,7.694879,0.117886,0.675556,0.226769,247.447449,-1.000000,-0.000000
2018,9,40.000000,165.000000,42.500000,167.500000,2528.650000,0.000000,0.073557,0.000000,0.073557,16.976019,0.101927,17.203624,0.159603,9.010427,0.147785,0.682500,0.260660,252.907440,-1.000000,-0.000000
2018,10,0.000000,120.000000,2.500000,122.500000,16262.030000,13.126467,4.748792,0.000000,17.875259,29.545201,0.579871,12.393433,0.309933,137.389564,0.020478,0.117008,0.110349,200.511795,-0.866025,0.500000
2018,10,0.000000,125.000000,2.500000,127.500000,21682.700000,13.126456,4.748809,0.000000,17.875265,29.255786,0.589608,14.170937,0.477668,134.217746,0.043998,0.162734,0.116292,200.332184,-0.866025,0.500000
2018,10,0.000000,130.000000,2.500000,132.500000,9056.830000,31.631266,10.642686,0.327929,42.601882,29.536595,0.681399,19.114687,0.598214,116.981376,0.041732,0.026118,0.111414,200.149979,-0.866025,0.500000
2018,10,0.000000,135.000000,2.500000,137.500000,1426.720000,8.394079,7.787793,0.014018,16.195890,29.561684,0.681879,17.363422,0.599341,0.952687,0.067263,0.000278,0.114270,200.135345,-0.866025,0.500000
2018,10,0.000000,140.000000,2.500000,142.500000,5259.200000,5.173220,6.765858,0.045634,11.984713,29.756482,0.722250,16.259415,0.495250,0.256293,0.042976,0.000000,0.103994,199.906998,-0.866025,0.500000
2018,10,0.000000,145.000000,2.500000,147.500000,7949.860000,13.980624,10.126719,0.497870,24.605213,29.897650,0.742994,17.940137,0.405003,0.332249,0.036938,0.000000,0.093797,199.445099,-0.866025,0.500000
2018,10,0.000000,150.000000,2.500000,152.500000,2992.470000,19.211889,8.975194,0.378617,28.565700,30.124596,0.772530,16.356142,0.431031,0.428239,0.027514,0.000000,0.091386,199.315628,-0.866025,0.500000
2018,10,0.000000,155.000000,2.500000,157.500000,8640.820000,16.794587,3.790844,1.131258,21.716689,30.348798,0.798145,14.300805,0.431484,0.472533,0.022673,0.000000,0.084631,198.835922,-0.866025,0.500000
2018,10,0.000000,-155.000000,2.500000,-152.500000,3850.150000,5.234861,31.073335,0.053764,36.361960,,,,,,,,,,-0.866025,0.500000
2018,10,0.000000,160.000000,2.500000,162.500000,3924.420000,11.408055,6.669266,0.322341,18.399662,30.457800,0.803050,13.601380,0.376928,0.772164,0.021429,0.008889,0.076047,198.183899,-0.866025,0.500000
2018,10,0.000000,165.000000,2.500000,167.500000,5004.790000,6.806879,9.148636,0.150056,16.105571,30.605818,0.808912,14.739516,0.363742,96.257552,0.026972,0.009728,0.093766,199.526108,-0.866025,0.500000
2018,10,0.000000,170.000000,2.500000,172.500000,4204.630000,2.274873,7.011081,0.788892,10.074846,30.284945,0.797593,17.125586,0.432402,135.638995,0.035570,0.022607,0.170919,202.095566,-0.866025,0.500000
2018,10,0.000000,-170.000000,2.500000,-167.500000,6571.170000,6.851444,21.767965,0.117331,28.736739,,,,,,,,,,-0.866025,0.500000
2018,10,0.000000,175.000000,2.500000,177.500000,2430.910000,5.951681,27.464201,0.010696,33.426577,30.005717,0.785181,17.843538,0.441232,0.395254,0.034874,0.000000,0.140573,202.552582,-0.866025,0.500000
2018,10,0.000000,-175.000000,2.500000,-172.500000,2546.710000,12.669680,15.263615,0.374994,28.308288,,,,,,,,,,-0.866025,0.500000
2018,10,5.000000,130.000000,7.500000,132.500000,4440.300000,6.563746,13.053172,0.010810,19.627728,29.485952,0.491030,14.284713,0.329747,133.179058,0.050220,0.008361,0.099348,200.076462,-0.866025,0.500000
2018,10,5.000000,135.000000,7.500000,137.500000,4022.510000,4.402724,6.508374,0.000000,10.911098,29.669792,0.471681,13.785878,0.156381,133.493162,0.021046,0.006954,0.101119,199.953476,-0.866025,0.500000
2018,10,5.000000,140.000000,7.500000,142.500000,1735.600000,1.945149,12.633095,0.111777,14.690021,29.759837,0.495017,14.002995,0.236832,0.475790,0.040485,0.000000,0.100291,199.939560,-0.866025,0.500000
2018,10,5.000000,145.000000,7.500000,147.500000,5052.990000,4.977647,12.486864,0.166040,17.630551,29.843801,0.529715,13.900207,0.210903,1.123588,0.049716,0.004167,0.100522,199.727890,-0.866025,0.500000
2018,10,5.000000,150.000000,7.500000,152.500000,4353.820000,5.482082,16.704641,0.282051,22.468775,29.980527,0.521591,13.079416,0.289978,120.330753,0.065620,0.006960,0.101596,199.543442,-0.866025,0.500000
2018,10,5.000000,155.000000,7.500000,157.500000,3405.050000,5.320333,18.928650,0.082524,24.331508,30.105836,0.561999,12.811581,0.307262,127.431636,0.077643,0.003892,0.101277,199.779877,-0.866025,0.500000
2018,10,5.000000,-155.000000,7.500000,-152.500000,1367.810000,8.008422,1.715882,0.244186,9.968490,,,,,,,,,,-0.866025,0.500000
2018,10,5.000000,160.000000,7.500000,162.500000,1067.620000,2.845582,39.973961,0.044960,42.864502,30.225192,0.591456,14.719247,0.275224,1.023755,0.070786,0.001667,0.096386,199.825012,-0.866025,0.500000
2018,10,5.000000,165.000000,7.500000,167.500000,6417.000000,2.955275,12.399875,0.048309,15.403460,30.175245,0.647101,17.803704,0.305215,135.320941,0.075497,0.041643,0.090206,199.208572,-0.866025,0.500000
2018,10,5.000000,175.000000,7.500000,177.500000,1539.600000,3.643154,9.140686,0.124058,12.907898,30.031169,0.604432,20.630174,0.379615,0.367947,0.117687,0.000000,0.085241,198.723831,-0.866025,0.500000
2018,10,-5.000000,120.000000,-2.500000,122.500000,21682.700000,13.126456,4.748809,0.000000,17.875265,28.947088,0.570192,12.863491,0.168290,134.875374,0.013508,0.357430,0.112613,201.549927,-0.866025,0.500000
2018,10,-5.000000,125.000000,-2.500000,127.500000,32524.050000,13.126440,4.748794,0.000000,17.875234,28.692379,0.563678,12.910606,0.198893,130.768221,0.019687,0.195046,0.114536,201.304688,-0.866025,0.500000
2018,10,-5.000000,130.000000,-2.500000,132.500000,10841.350000,13.126410,4.748763,0.000000,17.875172,28.813678,0.604927,13.093477,0.198662,136.361484,0.060513,0.343815,0.128558,200.877457,-0.866025,0.500000
2018,10,-5.000000,145.000000,-2.500000,147.500000,2384.280000,29.576224,10.229923,3.745785,43.551932,29.876962,0.758688,17.873561,0.314220,128.810718,0.009783,0.052466,0.100444,199.367111,-0.866025,0.500000
2018,10,-5.000000,150.000000,-2.500000,152.500000,1550.050000,21.421890,14.845328,4.356634,40.623851,30.134951,0.771976,15.471803,0.294914,134.720526,0.017610,0.081160,0.120557,199.751450,-0.866025,0.500000
2018,10,-5.000000,155.000000,-2.500000,157.500000,2814.570000,25.213798,6.781142,2.223786,34.218726,30.407297,0.796068,14.711406,0.202983,0.523169,0.013302,0.000000,0.121842,200.064087,-0.866025,0.500000
2018,10,-5.000000,-155.000000,-2.500000,-152.500000,8853.320000,3.589501,24.580158,0.147854,28.317513,,,,,,,,,,-0.866025,0.500000
2018,10,-5.000000,160.000000,-2.500000,162.500000,9134.870000,10.666271,5.523888,0.709479,16.899638,30.609842,0.801183,13.937550,0.165302,0.238052,0.011582,0.000000,0.106469,199.731262,-0.866025,0.500000
2018,10,-5.000000,165.000000,-2.500000,167.500000,1153.590000,10.865212,10.429182,3.485640,24.780035,30.756681,0.797722,15.698213,0.187298,0.237350,0.018040,0.000000,0.116288,200.652359,-0.866025,0.500000
2018,10,-5.000000,-165.000000,-2.500000,-162.500000,11170.010000,3.009487,22.487178,1.347537,26.844202,,,,,,,,,,-0.866025,0.500000
2018,10,-5.000000,170.000000,-2.500000,172.500000,5470.420000,4.925764,15.850520,1.345418,22.121702,30.496725,0.775206,19.550730,0.282151,135.151125,0.018748,0.010312,0.163098,202.772034,-0.866025,0.500000
2018,10,-5.000000,-170.000000,-2.500000,-167.500000,14878.370000,4.245290,23.580674,1.248994,29.074959,,,,,,,,,,-0.866025,0.500000
2018,10,-5.000000,-180.000000,-2.500000,-177.500000,5272.660000,6.121388,17.954695,1.041410,25.117493,,,,,,,,,,-0.866025,0.500000
2018,10,10.000000,110.000000,12.500000,112.500000,18943.480000,18.146085,0.992004,0.000000,19.138089,28.885502,0.696727,16.083213,0.340889,1.320726,0.117705,0.026389,0.100207,201.935623,-0.866025,0.500000
2018,10,10.000000,115.000000,12.500000,117.500000,18943.480000,18.146085,0.992004,0.000000,19.138089,29.534824,0.757825,15.647319,0.144298,135.229897,0.029036,0.035471,0.089358,200.420807,-0.866025,0.500000
2018,10,10.000000,130.000000,12.500000,132.500000,3806.800000,3.367921,6.971209,0.969581,11.308711,29.267194,0.653086,18.503373,0.202699,0.294003,0.080080,0.000000,0.094606,199.673523,-0.866025,0.500000
2018,10,10.000000,150.000000,12.500000,152.500000,1316.130000,3.521689,5.650658,3.705561,12.877907,29.595583,0.607758,18.510367,0.201310,0.395413,0.084811,0.000000,0.085642,199.054642,-0.866025,0.500000
2018,10,10.000000,155.000000,12.500000,157.500000,1866.150000,7.224500,13.064330,7.890577,28.179407,29.715751,0.575907,19.399176,0.181954,0.313202,0.072204,0.000000,0.089695,198.881332,-0.866025,0.500000
2018,10,10.000000,165.000000,12.500000,167.500000,1207.840000,9.738045,12.605146,1.600378,23.943569,29.748723,0.604478,23.637089,0.181450,133.802046,0.074028,0.031487,0.087057,199.256439,-0.866025,0.500000
2018,10,10.000000,170.000000,12.500000,172.500000,2896.000000,13.996202,10.953039,1.452693,26.401934,29.583701,0.579241,23.365104,0.192455,60.174873,0.084787,0.003056,0.074528,198.942947,-0.866025,0.500000
2018,10,10.000000,175.000000,12.500000,177.500000,3834.150000,6.659103,9.141009,0.271247,16.071359,29.540113,0.534694,21.736004,0.186663,0.398754,0.084870,0.000000,0.064125,199.034256,-0.866025,0.500000
2018,10,10.000000,-180.000000,12.500000,-177.500000,1030.750000,2.779529,8.420082,0.945913,12.145525,,,,,,,,,,-0.866025,0.500000
2018,10,-10.000000,-135.000000,-7.500000,-132.500000,5951.280000,4.883991,20.222540,1.427928,26.534460,,,,,,,,,,-0.866025,0.500000
2018,10,-10.000000,-140.000000,-7.500000,-137.500000,1666.080000,9.179631,18.840032,1.103789,29.123451,,,,,,,,,,-0.866025,0.500000
2018,10,-10.000000,145.000000,-7.500000,147.500000,1402.540000,55.099320,2.090493,0.359348,57.549161,27.973908,0.720476,17.146185,0.202413,131.518032,0.021060,0.400099,0.163992,203.819626,-0.866025,0.500000
2018,10,-10.000000,-145.000000,-7.500000,-142.500000,1527.370000,13.633239,15.340094,1.267538,30.240872,,,,,,,,,,-0.866025,0.500000
2018,10,-10.000000,150.000000,-7.500000,152.500000,1986.460000,38.977377,1.787099,0.173676,40.938151,28.757612,0.695792,16.961246,0.277483,132.542477,0.050934,0.280960,0.212495,201.531677,-0.866025,0.500000
2018,10,-10.000000,-150.000000,-7.500000,-147.500000,15760.770000,2.836727,14.004392,0.849705,17.690823,,,,,,,,,,-0.866025,0.500000
2018,10,-10.000000,155.000000,-7.500000,157.500000,5626.160000,18.044990,3.325003,0.336464,21.706457,29.402239,0.751311,16.394764,0.151216,132.928518,0.052948,0.121581,0.228050,200.187653,-0.866025,0.500000
2018,10,-10.000000,160.000000,-7.500000,162.500000,17095.760000,12.036552,5.210122,0.998844,18.245518,29.929812,0.797147,19.597711,0.095202,132.868510,0.023096,0.076220,0.139997,198.321945,-0.866025,0.500000
2018,10,-10.000000,165.000000,-7.500000,167.500000,4588.640000,7.736497,6.578202,3.937986,18.252685,30.141191,0.812886,21.500630,0.081262,1.050803,0.017378,0.013056,0.124535,199.401093,-0.866025,0.500000
2018,10,-10.000000,-165.000000,-7.500000,-162.500000,1934.810000,5.069232,9.308924,7.226549,21.604705,,,,,,,,,,-0.866025,0.500000
2018,10,-10.000000,170.000000,-7.500000,172.500000,10519.670000,5.226495,11.031145,2.905034,19.162673,30.191659,0.813207,22.287669,0.089119,0.483249,0.014956,0.000000,0.140252,200.200607,-0.866025,0.500000
2018,10,-10.000000,-170.000000,-7.500000,-167.500000,3323.050000,3.673433,6.309866,7.319782,17.303080,,,,,,,,,,-0.866025,0.500000
2018,10,-10.000000,175.000000,-7.500000,177.500000,3256.830000,3.557754,12.134806,6.682572,22.375132,30.124240,0.791333,21.429802,0.121856,0.507875,0.017807,0.000000,0.146295,200.175842,-0.866025,0.500000
2018,10,-10.000000,-175.000000,-7.500000,-172.500000,2066.420000,2.720163,1.718431,11.039866,15.478460,,,,,,,,,,-0.866025,0.500000
2018,10,-10.000000,-180.000000,-7.500000,-177.500000,7072.980000,5.973154,13.360564,3.164013,22.497731,,,,,,,,,,-0.866025,0.500000
2018,10,15.000000,110.000000,17.500000,112.500000,18943.480000,18.146085,0.992004,0.000000,19.138089,28.148658,0.690356,24.047610,0.201141,126.743571,0.060795,0.067494,0.100324,202.325073,-0.866025,0.500000
2018,10,15.000000,115.000000,17.500000,117.500000,18943.480000,18.146085,0.992004,0.000000,19.138089,28.557727,0.684272,23.243416,0.125728,132.171173,0.044214,0.065738,0.090383,201.515015,-0.866025,0.500000
2018,10,15.000000,125.000000,17.500000,127.500000,1808.680000,1.463498,1.402680,7.208019,10.074198,28.411640,0.912382,26.416654,0.263755,1.140896,0.093663,0.093611,0.085663,200.484375,-0.866025,0.500000
2018,10,15.000000,135.000000,17.500000,137.500000,1225.600000,1.124347,0.378590,11.787696,13.290633,29.128920,0.969990,30.717263,0.190998,0.519060,0.095219,0.000000,0.084338,199.681091,-0.866025,0.500000
2018,10,15.000000,150.000000,17.500000,152.500000,2248.560000,3.807770,0.744476,4.429057,8.981304,29.228524,0.908616,32.959526,0.195417,0.375842,0.096387,0.000000,0.070427,199.286407,-0.866025,0.500000
2018,10,15.000000,155.000000,17.500000,157.500000,2059.080000,6.276104,2.523457,5.430581,14.230142,29.062264,0.837579,33.685146,0.176277,0.410179,0.071768,0.000000,0.073857,199.561249,-0.866025,0.500000
2018,10,15.000000,-155.000000,17.500000,-152.500000,1377.520000,1.472937,7.653609,0.020326,9.146873,,,,,,,,,,-0.866025,0.500000
2018,10,15.000000,160.000000,17.500000,162.500000,2629.050000,10.816455,1.404310,19.893498,32.114262,28.998025,0.822788,33.313752,0.162811,0.699306,0.062778,0.001944,0.075100,199.771713,-0.866025,0.500000
2018,10,-15.000000,-135.000000,-12.500000,-132.500000,8615.740000,5.499121,16.702222,12.103778,34.305121,,,,,,,,,,-0.866025,0.500000
2018,10,-15.000000,145.000000,-12.500000,147.500000,1768.210000,27.462236,1.219878,4.721159,33.403272,26.305851,0.710073,22.489881,0.193354,120.634878,0.034455,0.106227,0.105688,207.249023,-0.866025,0.500000
2018,10,-15.000000,-145.000000,-12.500000,-142.500000,4280.110000,7.943721,18.847179,11.004624,37.795524,,,,,,,,,,-0.866025,0.500000
2018,10,-15.000000,150.000000,-12.500000,152.500000,2828.980000,24.959173,1.856146,7.834979,34.650298,27.145178,0.723549,21.269515,0.216090,122.994339,0.038085,0.156126,0.124759,204.559875,-0.866025,0.500000
2018,10,-15.000000,-150.000000,-12.500000,-147.500000,3987.150000,5.656672,10.809475,13.629033,30.095181,,,,,,,,,,-0.866025,0.500000
2018,10,-15.000000,155.000000,-12.500000,157.500000,5985.680000,9.132129,2.908441,9.812252,21.852822,27.922308,0.725464,21.877703,0.214788,1.454039,0.059222,0.103333,0.164127,202.813354,-0.866025,0.500000
2018,10,-15.000000,160.000000,-12.500000,162.500000,9211.240000,6.799085,1.961191,16.773637,25.533913,28.331167,0.784899,19.900051,0.147045,130.525509,0.036342,0.182176,0.114585,202.270508,-0.866025,0.500000
2018,10,-15.000000,-160.000000,-12.500000,-157.500000,1921.530000,1.192799,1.187075,22.155782,24.535656,,,,,,,,,,-0.866025,0.500000
2018,10,-15.000000,165.000000,-12.500000,167.500000,7761.600000,6.321119,1.106859,23.865182,31.293161,28.547040,0.787154,17.751941,0.121130,124.582570,0.030325,0.047460,0.074696,201.009476,-0.866025,0.500000
2018,10,-15.000000,-165.000000,-12.500000,-162.500000,6421.560000,2.456880,1.775114,23.453024,27.685017,,,,,,,,,,-0.866025,0.500000
2018,10,-15.000000,170.000000,-12.500000,172.500000,13544.960000,6.785107,1.109490,26.894948,34.789545,28.817972,0.778851,19.702072,0.127646,1.145232,0.027031,0.045000,0.083805,200.916580,-0.866025,0.500000
2018,10,-15.000000,-170.000000,-12.500000,-167.500000,9917.260000,0.987067,0.854772,23.152867,24.994706,,,,,,,,,,-0.866025,0.500000
2018,10,-15.000000,175.000000,-12.500000,177.500000,3962.610000,4.859676,2.467818,14.814226,22.141720,29.046345,0.807143,25.926196,0.127374,0.873895,0.034145,0.037222,0.108969,200.085785,-0.866025,0.500000
2018,10,-15.000000,-175.000000,-12.500000,-172.500000,11541.470000,0.900665,0.648271,14.517735,16.066671,,,,,,,,,,-0.866025,0.500000
2018,10,20.000000,130.000000,22.500000,132.500000,3765.730000,4.240081,10.142788,19.264791,33.647659,28.346254,1.141261,33.056210,0.171459,1.359390,0.091335,0.075833,0.077211,202.236557,-0.866025,0.500000
2018,10,20.000000,135.000000,22.500000,137.500000,2683.180000,3.198444,3.998614,12.510901,19.707958,28.963670,1.104073,25.690949,0.220443,0.799422,0.108736,0.005000,0.079692,200.191772,-0.866025,0.500000
2018,10,20.000000,140.000000,22.500000,142.500000,4174.130000,7.378064,9.315714,23.916361,40.610139,29.244175,1.109263,27.668053,0.149391,58.264833,0.069529,0.008891,0.080954,199.508179,-0.866025,0.500000
2018,10,20.000000,145.000000,22.500000,147.500000,4277.370000,7.388419,4.700318,13.518821,25.607558,29.342891,1.116012,33.957650,0.149839,0.564606,0.081287,0.000000,0.081146,199.333191,-0.866025,0.500000
2018,10,20.000000,150.000000,22.500000,152.500000,4217.840000,4.663050,2.787209,17.519394,24.969653,29.092480,1.010516,36.932188,0.177322,0.553162,0.065946,0.000000,0.076446,199.345169,-0.866025,0.500000
2018,10,20.000000,155.000000,22.500000,157.500000,1313.320000,6.319861,1.688850,15.902446,23.911156,28.771869,1.013248,40.581015,0.177559,0.573986,0.099087,0.000000,0.071567,200.117905,-0.866025,0.500000
2018,10,20.000000,-155.000000,22.500000,-152.500000,22506.550000,1.364492,9.398553,0.005598,10.768643,,,,,,,,,,-0.866025,0.500000
2018,10,20.000000,-160.000000,22.500000,-157.500000,8396.340000,0.851204,7.850683,0.000000,8.701887,,,,,,,,,,-0.866025,0.500000
2018,10,-20.000000,-135.000000,-17.500000,-132.500000,5546.330000,1.566441,2.463972,26.493375,30.523788,,,,,,,,,,-0.866025,0.500000
2018,10,-20.000000,-150.000000,-17.500000,-147.500000,2002.480000,1.241960,3.570572,23.724082,28.536615,,,,,,,,,,-0.866025,0.500000
2018,10,-20.000000,-155.000000,-17.500000,-152.500000,3402.240000,0.752152,5.459932,20.555869,26.767953,,,,,,,,,,-0.866025,0.500000
2018,10,-20.000000,160.000000,-17.500000,162.500000,2147.490000,5.711319,0.868921,33.822742,40.402982,26.237458,0.754759,17.745255,0.168461,50.462497,0.047910,0.344262,0.082102,210.583588,-0.866025,0.500000
2018,10,-20.000000,165.000000,-17.500000,167.500000,4410.010000,5.450328,0.930157,26.891549,33.272033,26.368908,0.774873,16.680932,0.145121,123.579357,0.042122,0.384704,0.084912,209.235031,-0.866025,0.500000
2018,10,-20.000000,170.000000,-17.500000,172.500000,17151.350000,3.498617,1.006685,25.720191,30.225492,26.629933,0.793420,20.374412,0.139553,2.276530,0.035296,0.303889,0.072307,208.030319,-0.866025,0.500000
2018,10,-20.000000,-170.000000,-17.500000,-167.500000,3035.270000,0.531748,0.332425,20.122427,20.986601,,,,,,,,,,-0.866025,0.500000
2018,10,-20.000000,175.000000,-17.500000,177.500000,21184.670000,3.728404,1.385200,12.373853,17.487457,26.970474,0.815638,21.276645,0.114358,124.075841,0.038076,0.352423,0.091382,206.834305,-0.866025,0.500000
2018,10,-20.000000,-175.000000,-17.500000,-172.500000,2017.870000,0.415785,0.577837,18.268273,19.261895,,,,,,,,,,-0.866025,0.500000
2018,10,-20.000000,-180.000000,-17.500000,-177.500000,2458.860000,3.477221,1.557226,11.683056,16.717503,,,,,,,,,,-0.866025,0.500000
2018,10,25.000000,130.000000,27.500000,132.500000,2734.910000,5.487932,7.542113,5.830905,18.860950,27.385098,1.184883,47.254934,0.179986,54.271141,0.127248,0.237288,0.082364,203.535553,-0.866025,0.500000
2018,10,25.000000,135.000000,27.500000,137.500000,2836.060000,0.898077,0.935805,2.189305,4.023187,28.239551,1.217537,34.716247,0.158994,1.809850,0.106000,0.274167,0.081327,201.628510,-0.866025,0.500000
2018,10,25.000000,140.000000,27.500000,142.500000,2461.630000,6.720750,12.418601,7.700182,26.839533,28.776802,1.030615,25.017081,0.132427,57.892690,0.058809,0.104196,0.079905,200.591949,-0.866025,0.500000
2018,10,25.000000,145.000000,27.500000,147.500000,3983.960000,1.460858,1.380285,1.316780,4.157923,28.837113,1.043194,25.430778,0.138629,1.838440,0.070000,0.044167,0.079253,200.482056,-0.866025,0.500000
2018,10,25.000000,150.000000,27.500000,152.500000,2747.860000,2.607120,1.548478,4.587570,8.743167,28.632330,1.021083,28.451263,0.143309,1.943224,0.079920,0.059444,0.079115,200.973648,-0.866025,0.500000
2018,10,25.000000,155.000000,27.500000,157.500000,2019.940000,1.321326,2.095607,1.614404,5.031338,28.122766,1.004881,33.060915,0.131215,1.460918,0.086571,0.100278,0.077604,201.895157,-0.866025,0.500000
2018,10,25.000000,-155.000000,27.500000,-152.500000,2359.150000,1.074963,9.133798,0.089015,10.297777,,,,,,,,,,-0.866025,0.500000
2018,10,25.000000,-160.000000,27.500000,-157.500000,7248.550000,1.574384,8.388574,0.026074,9.989032,,,,,,,,,,-0.866025,0.500000
2018,10,25.000000,-165.000000,27.500000,-162.500000,1219.080000,1.727532,5.498409,0.085310,7.311251,,,,,,,,,,-0.866025,0.500000
2018,10,-25.000000,165.000000,-22.500000,167.500000,1889.370000,12.947173,0.634603,18.848082,32.429858,23.693237,0.675818,15.531553,0.150055,113.125630,0.055582,0.414542,0.083531,218.822495,-0.866025,0.500000
2018,10,-25.000000,170.000000,-22.500000,172.500000,1023.990000,2.399437,0.520513,27.275657,30.195607,23.616136,0.675119,20.294428,0.207320,3.686198,0.077066,0.460000,0.073426,219.357681,-0.866025,0.500000
2018,10,30.000000,150.000000,32.500000,152.500000,2833.630000,0.312673,14.261213,2.867347,17.441233,27.041976,1.095457,33.537216,0.224273,2.640132,0.121212,0.153611,0.084003,207.950897,-0.866025,0.500000
2018,10,30.000000,155.000000,32.500000,157.500000,2071.330000,0.192630,9.789845,5.354048,15.336523,26.311583,0.975840,30.511644,0.305591,3.234016,0.268851,0.321389,0.080246,209.021347,-0.866025,0.500000
2018,10,30.000000,-155.000000,32.500000,-152.500000,2561.560000,5.895236,18.667531,3.248411,27.811178,,,,,,,,,,-0.866025,0.500000
2018,10,30.000000,160.000000,32.500000,162.500000,1053.040000,0.172833,16.630897,5.419547,22.223277,25.997646,0.882253,34.054716,0.265026,3.112033,0.160147,0.302778,0.077082,210.394470,-0.866025,0.500000
2018,10,30.000000,-160.000000,32.500000,-157.500000,1047.650000,1.268553,10.183745,0.200449,11.652747,,,,,,,,,,-0.866025,0.500000
2018,10,30.000000,170.000000,32.500000,172.500000,3290.460000,2.003975,21.803334,3.264589,27.071899,24.836459,0.754121,34.357909,0.232871,3.277508,0.176710,0.274722,0.070241,215.582214,-0.866025,0.500000
2018,10,30.000000,-170.000000,32.500000,-167.500000,1320.530000,1.514543,15.707330,0.395296,17.617169,,,,,,,,,,-0.866025,0.500000
2018,10,-30.000000,155.000000,-27.500000,157.500000,3935.760000,4.176068,1.157083,3.950698,9.283849,21.974071,0.605778,19.817280,0.243595,3.338657,0.129893,0.387778,0.252225,228.931107,-0.866025,0.500000
2018,10,-30.000000,160.000000,-27.500000,162.500000,2483.730000,0.503275,0.332967,35.029170,35.865412,21.185145,0.565818,25.072144,0.189127,3.456678,0.094917,0.365833,0.227873,231.356567,-0.866025,0.500000
2018,10,-30.000000,175.000000,-27.500000,177.500000,1003.460000,1.065314,0.837104,11.014888,12.917306,20.735445,0.520848,31.777611,0.170400,3.331911,0.074238,0.351111,0.111748,232.374039,-0.866025,0.500000
2018,10,35.000000,145.000000,37.500000,147.500000,4498.080000,0.209867,21.411580,0.855476,22.476923,22.463482,0.262944,29.215413,0.391394,8.649134,0.307714,0.720556,0.154378,214.032349,-0.866025,0.500000
2018,10,35.000000,150.000000,37.500000,152.500000,18206.970000,0.410667,19.828890,0.381777,20.621333,23.243144,0.468954,33.427222,0.423564,6.884733,0.314374,0.589167,0.159961,219.728653,-0.866025,0.500000
2018,10,35.000000,155.000000,37.500000,157.500000,11844.230000,0.437090,20.544856,0.385420,21.367366,22.922936,0.304874,28.782898,0.241448,8.964196,0.125686,0.499167,0.111577,222.926422,-0.866025,0.500000
2018,10,35.000000,160.000000,37.500000,162.500000,4452.700000,0.072989,22.470860,0.727199,23.271049,22.788691,0.520946,32.570542,0.267262,5.246509,0.213618,0.684167,0.125539,225.139023,-0.866025,0.500000
2018,10,35.000000,175.000000,37.500000,177.500000,1074.120000,0.603285,5.642759,9.606934,15.852977,20.512546,0.416364,35.229255,0.183744,4.602235,0.135556,0.573056,0.152927,236.127426,-0.866025,0.500000
2018,10,35.000000,-180.000000,37.500000,-177.500000,2076.430000,5.553763,6.612311,14.709863,26.875936,,,,,,,,,,-0.866025,0.500000
2018,10,40.000000,150.000000,42.500000,152.500000,1664.700000,0.000000,0.000000,0.000000,0.000000,15.624785,-0.008102,22.407369,0.169089,9.338928,0.120523,0.786667,0.277143,245.427200,-0.866025,0.500000
2018,10,40.000000,155.000000,42.500000,157.500000,5871.900000,0.000000,0.017030,0.000000,0.017030,16.577949,0.046643,30.931147,0.162470,13.425440,0.126777,0.816944,0.281128,242.996536,-0.866025,0.500000
2018,11,0.000000,120.000000,2.500000,122.500000,17417.160000,12.255902,4.433846,0.000000,16.689747,29.512057,0.588761,11.951473,0.295865,137.299233,0.023959,0.080385,0.109829,200.347641,-0.500000,0.866025
2018,11,0.000000,125.000000,2.500000,127.500000,23222.870000,12.255893,4.433862,0.000000,16.689755,29.552159,0.592591,13.132283,0.397503,136.758931,0.039293,0.148820,0.110562,200.032120,-0.500000,0.866025
2018,11,0.000000,130.000000,2.500000,132.500000,8928.400000,32.321357,5.185364,0.320886,37.827606,29.600594,0.671717,16.331007,0.555060,118.496216,0.034113,0.021117,0.120935,200.271439,-0.500000,0.866025
2018,11,0.000000,140.000000,2.500000,142.500000,3624.890000,8.071693,11.830980,0.546223,20.448896,29.868156,0.736578,19.510060,0.410903,0.256119,0.024794,0.000000,0.111239,200.077271,-0.500000,0.866025
2018,11,0.000000,145.000000,2.500000,147.500000,6567.590000,5.738635,10.796198,0.131555,16.666388,29.981277,0.753467,18.922494,0.337703,0.450482,0.023831,0.000000,0.092538,199.288284,-0.500000,0.866025
2018,11,0.000000,150.000000,2.500000,152.500000,1982.430000,10.378172,5.505869,0.016142,15.900183,29.996365,0.771349,22.306149,0.270523,0.365032,0.020461,0.000000,0.087082,198.783386,-0.500000,0.866025
2018,11,0.000000,155.000000,2.500000,157.500000,6231.410000,13.604786,2.687835,1.396634,17.689255,30.061895,0.781812,23.738018,0.255770,0.518067,0.026067,0.000000,0.077268,198.076920,-0.500000,0.866025
2018,11,0.000000,-155.000000,2.500000,-152.500000,2542.390000,4.619669,20.347783,0.057033,25.024485,,,,,,,,,,-0.500000,0.866025
2018,11,0.000000,160.000000,2.500000,162.500000,4424.160000,10.414858,3.263896,2.151369,15.830124,30.318480,0.801334,20.203042,0.190839,0.592997,0.013866,0.000000,0.072892,198.045212,-0.500000,0.866025
2018,11,0.000000,165.000000,2.500000,167.500000,5024.210000,3.183983,9.692469,0.045181,12.921633,30.506712,0.796126,16.960081,0.197209,95.992236,0.013999,0.002779,0.070939,197.838470,-0.500000,0.866025
2018,11,0.000000,-165.000000,2.500000,-162.500000,1084.060000,4.099404,17.754552,0.083944,21.937900,,,,,,,,,,-0.500000,0.866025
2018,11,0.000000,170.000000,2.500000,172.500000,2227.820000,1.310698,4.134535,0.636497,6.081730,30.209954,0.788819,16.878832,0.385998,134.858755,0.024076,0.019537,0.150898,200.822647,-0.500000,0.866025
2018,11,0.000000,-170.000000,2.500000,-167.500000,9205.390000,3.991575,19.665218,0.084950,23.741743,,,,,,,,,,-0.500000,0.866025
2018,11,0.000000,175.000000,2.500000,177.500000,3122.300000,7.775998,22.384460,0.021779,30.182237,30.108403,0.775200,18.954157,0.406939,0.245070,0.029068,0.000000,0.145494,202.346893,-0.500000,0.866025
2018,11,0.000000,-175.000000,2.500000,-172.500000,1061.890000,5.652186,13.484448,0.059328,19.195962,,,,,,,,,,-0.500000,0.866025
2018,11,5.000000,130.000000,7.500000,132.500000,1341.050000,13.146415,24.083368,0.035793,37.265575,29.432696,0.419167,16.814228,0.371507,132.445298,0.060288,0.007804,0.093118,199.738159,-0.500000,0.866025
2018,11,5.000000,140.000000,7.500000,142.500000,4711.380000,4.029393,9.531814,0.023772,13.584979,29.504206,0.467616,17.415727,0.326124,0.283648,0.056855,0.000000,0.095545,199.508484,-0.500000,0.866025
2018,11,5.000000,145.000000,7.500000,147.500000,6349.230000,1.772341,16.118805,0.000000,17.891146,29.591663,0.508121,16.681884,0.282364,0.623489,0.063143,0.000000,0.094657,199.362122,-0.500000,0.866025
2018,11,5.000000,150.000000,7.500000,152.500000,1394.880000,2.119179,8.298205,0.050184,10.467567,29.641918,0.498164,15.968310,0.331953,119.250366,0.081571,0.009465,0.093487,199.315918,-0.500000,0.866025
2018,11,5.000000,155.000000,7.500000,157.500000,4769.370000,2.334900,7.296771,0.106303,9.737974,29.684806,0.552522,18.199027,0.231654,126.019795,0.066879,0.003336,0.093151,199.378769,-0.500000,0.866025
2018,11,5.000000,-155.000000,7.500000,-152.500000,1592.330000,4.887806,1.252881,0.073477,6.214164,,,,,,,,,,-0.500000,0.866025
2018,11,5.000000,160.000000,7.500000,162.500000,3099.960000,3.902308,29.560381,0.123227,33.585917,29.810460,0.603765,21.913944,0.261267,0.832233,0.063913,0.000556,0.090761,199.310959,-0.500000,0.866025
2018,11,5.000000,165.000000,7.500000,167.500000,5972.750000,3.760244,10.271985,0.030639,14.062869,29.795049,0.585921,22.451768,0.261197,133.827921,0.075587,0.041643,0.085178,199.002579,-0.500000,0.866025
2018,11,5.000000,170.000000,7.500000,172.500000,1526.550000,4.460385,8.015460,0.053061,12.528905,29.731643,0.552657,22.108751,0.398569,134.046077,0.122716,0.030380,0.084585,198.827454,-0.500000,0.866025
2018,11,5.000000,175.000000,7.500000,177.500000,1069.800000,7.748177,10.670219,0.000000,18.418396,29.661907,0.555859,24.454398,0.395153,0.808748,0.123191,0.004444,0.077278,198.602753,-0.500000,0.866025
2018,11,-5.000000,120.000000,-2.500000,122.500000,23222.870000,12.255893,4.433862,0.000000,16.689755,30.057373,0.600012,11.188466,0.081930,140.591088,0.011298,0.236145,0.121509,201.130676,-0.500000,0.866025
2018,11,-5.000000,125.000000,-2.500000,127.500000,34834.310000,12.255876,4.433847,0.000000,16.689723,29.772316,0.593905,11.996090,0.173153,134.774580,0.015047,0.139319,0.112138,200.903046,-0.500000,0.866025
2018,11,-5.000000,130.000000,-2.500000,132.500000,11611.440000,12.255844,4.433817,0.000000,16.689661,29.809019,0.631139,12.568778,0.181880,139.601477,0.037107,0.271411,0.128329,199.798965,-0.500000,0.866025
2018,11,-5.000000,150.000000,-2.500000,152.500000,1375.460000,21.975194,8.391375,0.228287,30.594856,30.108227,0.764671,20.718072,0.096190,134.975043,0.007741,0.073542,0.125964,199.717834,-0.500000,0.866025
2018,11,-5.000000,155.000000,-2.500000,157.500000,1831.550000,11.569436,5.889001,1.125276,18.583713,30.186418,0.785305,25.818999,0.056821,0.317454,0.009522,0.000000,0.142140,199.692398,-0.500000,0.866025
2018,11,-5.000000,-155.000000,-2.500000,-152.500000,8992.980000,3.837994,21.487427,0.228067,25.553487,,,,,,,,,,-0.500000,0.866025
2018,11,-5.000000,160.000000,-2.500000,162.500000,6934.600000,6.811208,6.864275,0.741499,14.416982,30.365311,0.800085,24.549429,0.073458,0.330340,0.004483,0.000000,0.119933,199.368515,-0.500000,0.866025
2018,11,-5.000000,165.000000,-2.500000,167.500000,2848.040000,8.158593,8.912094,1.551593,18.622281,30.628454,0.797300,21.608038,0.128666,0.257308,0.010576,0.000000,0.112072,199.520325,-0.500000,0.866025
2018,11,-5.000000,-165.000000,-2.500000,-162.500000,11278.050000,5.394727,25.134398,1.594602,32.123727,,,,,,,,,,-0.500000,0.866025
2018,11,-5.000000,170.000000,-2.500000,172.500000,3199.230000,3.417385,10.969515,1.421905,15.808804,30.463131,0.778844,21.402212,0.178213,134.595081,0.016993,0.009476,0.141344,201.567535,-0.500000,0.866025
2018,11,-5.000000,-170.000000,-2.500000,-167.500000,21964.190000,6.885162,30.511391,0.643821,38.040374,,,,,,,,,,-0.500000,0.866025
2018,11,-5.000000,-180.000000,-2.500000,-177.500000,5833.940000,6.524407,24.691546,0.820715,32.036668,,,,,,,,,,-0.500000,0.866025
2018,11,10.000000,110.000000,12.500000,112.500000,20113.910000,17.090163,0.934279,0.000000,18.024442,28.267449,0.689664,22.242230,0.257296,1.159563,0.076052,0.061111,0.084795,202.301422,-0.500000,0.866025
2018,11,10.000000,115.000000,12.500000,117.500000,20113.910000,17.090163,0.934279,0.000000,18.024442,29.100586,0.758541,23.627208,0.149500,132.406797,0.023915,0.037457,0.086371,200.498611,-0.500000,0.866025
2018,11,10.000000,130.000000,12.500000,132.500000,1634.800000,5.587228,9.042085,1.115733,15.745045,29.045447,0.643402,30.092439,0.289345,0.283992,0.107409,0.000000,0.087680,199.580093,-0.500000,0.866025
2018,11,10.000000,165.000000,12.500000,167.500000,1303.380000,6.039681,12.611825,0.349860,19.001366,29.162187,0.583441,31.581811,0.227899,131.235299,0.082743,0.031487,0.075838,199.653687,-0.500000,0.866025
2018,11,10.000000,170.000000,12.500000,172.500000,4977.470000,20.760949,10.534669,1.794486,33.090104,28.853653,0.561967,32.649804,0.244930,58.568734,0.091346,0.003056,0.067568,199.867691,-0.500000,0.866025
2018,11,10.000000,175.000000,12.500000,177.500000,4439.340000,13.529714,7.185978,0.508409,21.224101,28.658322,0.512858,35.284146,0.248765,0.323435,0.089436,0.000000,0.061377,201.102036,-0.500000,0.866025
2018,11,10.000000,-175.000000,12.500000,-172.500000,1068.940000,10.223212,21.555934,0.138455,31.917601,,,,,,,,,,-0.500000,0.866025
2018,11,-10.000000,-135.000000,-7.500000,-132.500000,4979.310000,8.014966,18.069773,0.849314,26.934053,,,,,,,,,,-0.500000,0.866025
2018,11,-10.000000,-140.000000,-7.500000,-137.500000,4588.040000,14.121499,27.744091,0.340668,42.206258,,,,,,,,,,-0.500000,0.866025
2018,11,-10.000000,145.000000,-7.500000,147.500000,3060.860000,52.207223,0.777886,0.071549,53.056657,28.866287,0.720070,15.832008,0.160384,134.273797,0.023509,0.349901,0.120783,201.717957,-0.500000,0.866025
2018,11,-10.000000,150.000000,-7.500000,152.500000,2068.130000,34.620164,2.743058,0.016924,37.380145,29.307721,0.710180,14.690431,0.248918,135.139360,0.046681,0.186807,0.148478,200.412811,-0.500000,0.866025
2018,11,-10.000000,-150.000000,-7.500000,-147.500000,16970.310000,5.583104,15.736896,0.359687,21.679686,,,,,,,,,,-0.500000,0.866025
2018,11,-10.000000,155.000000,-7.500000,157.500000,14151.190000,20.861214,4.306634,0.158785,25.326633,29.685188,0.758992,17.114543,0.091622,133.946516,0.020753,0.109096,0.153775,199.630219,-0.500000,0.866025
2018,11,-10.000000,-155.000000,-7.500000,-152.500000,1424.840000,7.921591,20.961652,0.562168,29.445411,,,,,,,,,,-0.500000,0.866025
2018,11,-10.000000,160.000000,-7.500000,162.500000,10733.130000,13.925388,5.757966,0.446934,20.130288,29.893818,0.783419,22.556342,0.122434,132.470871,0.024864,0.052812,0.125356,197.792770,-0.500000,0.866025
2018,11,-10.000000,165.000000,-7.500000,167.500000,9926.560000,16.046647,6.196809,4.680675,26.924131,30.032435,0.808649,27.173894,0.099300,0.812776,0.014811,0.009444,0.120304,198.629974,-0.500000,0.866025
2018,11,-10.000000,-165.000000,-7.500000,-162.500000,5214.390000,6.556280,27.550682,2.745096,36.852057,,,,,,,,,,-0.500000,0.866025
2018,11,-10.000000,170.000000,-7.500000,172.500000,4655.860000,4.552972,5.135034,2.220857,11.908863,30.285977,0.799230,27.859713,0.070425,0.678490,0.010340,0.000556,0.132625,199.317673,-0.500000,0.866025
2018,11,-10.000000,-170.000000,-7.500000,-167.500000,7936.230000,10.989853,27.967309,3.533416,42.490578,,,,,,,,,,-0.500000,0.866025
2018,11,-10.000000,-180.000000,-7.500000,-177.500000,3118.600000,6.423716,18.926762,2.594754,27.945232,,,,,,,,,,-0.500000,0.866025
2018,11,15.000000,110.000000,17.500000,112.500000,20113.910000,17.090163,0.934279,0.000000,18.024442,27.179545,0.687648,30.580745,0.199637,118.642292,0.064466,0.149409,0.118805,205.571198,-0.500000,0.866025
2018,11,15.000000,115.000000,17.500000,117.500000,20113.910000,17.090163,0.934279,0.000000,18.024442,27.695987,0.598402,18.869153,0.161136,129.146819,0.073452,0.243454,0.093738,203.298004,-0.500000,0.866025
2018,11,15.000000,125.000000,17.500000,127.500000,1554.470000,3.322033,3.278931,9.663744,16.264708,27.985988,0.872608,38.269238,0.292666,1.419935,0.082063,0.099444,0.077106,201.826050,-0.500000,0.866025
2018,11,15.000000,130.000000,17.500000,132.500000,1556.610000,1.960671,5.519045,12.757210,20.236925,28.284784,0.921503,38.301621,0.238136,1.391265,0.088895,0.071111,0.078885,200.690430,-0.500000,0.866025
2018,11,15.000000,135.000000,17.500000,137.500000,2095.690000,1.116100,1.285495,11.550372,13.951968,28.744154,0.951036,47.782070,0.256294,1.135303,0.144154,0.049444,0.078806,200.208084,-0.500000,0.866025
2018,11,15.000000,-155.000000,17.500000,-152.500000,4005.390000,1.169424,4.744607,0.365757,6.279788,,,,,,,,,,-0.500000,0.866025
2018,11,15.000000,160.000000,17.500000,162.500000,3170.300000,7.693594,2.691859,18.025739,28.411191,28.543634,0.804452,32.022734,0.169550,0.509668,0.045153,0.000000,0.068664,200.739044,-0.500000,0.866025
2018,11,15.000000,-160.000000,17.500000,-157.500000,1551.600000,4.511472,5.800464,0.000000,10.311936,,,,,,,,,,-0.500000,0.866025
2018,11,15.000000,-165.000000,17.500000,-162.500000,1965.220000,4.841697,5.000458,0.000000,9.842155,,,,,,,,,,-0.500000,0.866025
2018,11,15.000000,-180.000000,17.500000,-177.500000,1618.440000,23.392897,8.360520,10.985270,42.738687,,,,,,,,,,-0.500000,0.866025
2018,11,-15.000000,-135.000000,-12.500000,-132.500000,4284.200000,3.293497,20.208674,21.293357,44.795528,,,,,,,,,,-0.500000,0.866025
2018,11,-15.000000,145.000000,-12.500000,147.500000,1603.810000,29.270924,3.106353,0.947743,33.325020,27.876987,0.727171,17.632588,0.160208,127.224383,0.040510,0.108199,0.098079,203.389801,-0.500000,0.866025
2018,11,-15.000000,-145.000000,-12.500000,-142.500000,2539.520000,10.291709,26.772776,9.436429,46.500914,,,,,,,,,,-0.500000,0.866025
2018,11,-15.000000,150.000000,-12.500000,152.500000,2761.140000,34.600201,3.773079,4.371745,42.745026,28.413793,0.739754,18.634601,0.187762,127.684200,0.042050,0.095426,0.096949,202.051437,-0.500000,0.866025
2018,11,-15.000000,-150.000000,-12.500000,-147.500000,2524.360000,10.187533,24.235846,2.816952,37.240330,,,,,,,,,,-0.500000,0.866025
2018,11,-15.000000,155.000000,-12.500000,157.500000,1615.030000,16.181124,4.975759,1.804920,22.961803,28.845866,0.765040,23.936728,0.162780,1.818558,0.039296,0.043056,0.110518,201.000153,-0.500000,0.866025
2018,11,-15.000000,160.000000,-12.500000,162.500000,4857.200000,7.168327,1.781479,13.785308,22.735115,28.702175,0.756966,22.399660,0.140328,131.027640,0.031259,0.059601,0.092179,200.677933,-0.500000,0.866025
2018,11,-15.000000,165.000000,-12.500000,167.500000,5975.130000,5.725901,1.114955,22.331230,29.172085,28.804560,0.754769,23.118880,0.115971,124.934062,0.020815,0.059185,0.072500,200.438568,-0.500000,0.866025
2018,11,-15.000000,-165.000000,-12.500000,-162.500000,4522.310000,3.289912,1.243833,28.742612,33.276357,,,,,,,,,,-0.500000,0.866025
2018,11,-15.000000,170.000000,-12.500000,172.500000,9928.920000,4.442981,0.678523,23.527433,28.648937,29.135868,0.789378,27.391508,0.124626,1.233903,0.035634,0.022500,0.089585,199.859818,-0.500000,0.866025
2018,11,-15.000000,-170.000000,-12.500000,-167.500000,5224.530000,2.915095,0.603882,25.258157,28.777134,,,,,,,,,,-0.500000,0.866025
2018,11,-15.000000,-175.000000,-12.500000,-172.500000,9752.410000,2.294305,0.519769,13.748089,16.562163,,,,,,,,,,-0.500000,0.866025
2018,11,20.000000,125.000000,22.500000,127.500000,1534.100000,2.341438,11.915781,11.449710,25.706929,27.175361,1.127195,47.074337,0.274528,80.835329,0.130961,0.229294,0.077419,205.759628,-0.500000,0.866025
2018,11,20.000000,130.000000,22.500000,132.500000,5415.530000,2.643878,8.661387,16.909887,28.215152,27.822098,1.096853,46.935902,0.194383,2.845947,0.099541,0.164167,0.072848,203.723648,-0.500000,0.866025
2018,11,20.000000,135.000000,22.500000,137.500000,3312.790000,3.170741,5.354097,14.479336,23.004175,28.325250,1.102244,46.538525,0.186886,1.359090,0.083035,0.131111,0.073948,202.319519,-0.500000,0.866025
2018,11,20.000000,140.000000,22.500000,142.500000,2674.420000,9.431952,8.727874,14.715714,32.875539,28.748006,1.135259,44.698764,0.132792,55.994945,0.050822,0.086413,0.074544,200.821365,-0.500000,0.866025
2018,11,20.000000,145.000000,22.500000,147.500000,2697.120000,12.203758,4.543736,13.967120,30.714614,28.810808,1.041010,44.307622,0.158091,0.887469,0.088798,0.036667,0.073387,200.676620,-0.500000,0.866025
2018,11,20.000000,-155.000000,22.500000,-152.500000,14240.920000,1.476379,5.418049,0.125554,7.019982,,,,,,,,,,-0.500000,0.866025
2018,11,20.000000,-160.000000,22.500000,-157.500000,6201.670000,0.506476,5.330500,0.000000,5.836976,,,,,,,,,,-0.500000,0.866025
2018,11,20.000000,-175.000000,22.500000,-172.500000,1474.650000,8.275184,11.866545,4.721120,24.862849,,,,,,,,,,-0.500000,0.866025
2018,11,20.000000,-180.000000,22.500000,-177.500000,1242.630000,23.361741,8.867483,11.923099,44.152322,,,,,,,,,,-0.500000,0.866025
2018,11,-20.000000,-135.000000,-17.500000,-132.500000,9537.560000,1.582061,0.968801,44.849102,47.399964,,,,,,,,,,-0.500000,0.866025
2018,11,-20.000000,-150.000000,-17.500000,-147.500000,5096.960000,1.560146,2.098310,23.688630,27.347085,,,,,,,,,,-0.500000,0.866025
2018,11,-20.000000,-155.000000,-17.500000,-152.500000,4240.790000,1.507031,2.231188,30.857930,34.596148,,,,,,,,,,-0.500000,0.866025
2018,11,-20.000000,160.000000,-17.500000,162.500000,1223.640000,4.719525,1.369684,25.794351,31.883561,27.168162,0.764892,19.172519,0.141550,53.453615,0.036939,0.220339,0.090771,207.587219,-0.500000,0.866025
2018,11,-20.000000,165.000000,-17.500000,167.500000,7201.080000,3.559883,0.817100,26.846112,31.223094,26.892484,0.763579,20.246947,0.123995,124.260026,0.033718,0.226583,0.086719,207.522705,-0.500000,0.866025
2018,11,-20.000000,170.000000,-17.500000,172.500000,18412.320000,2.986098,0.528613,25.578200,29.092912,27.153969,0.792350,21.570738,0.134122,1.784311,0.044482,0.239722,0.076815,206.859680,-0.500000,0.866025
2018,11,-20.000000,-170.000000,-17.500000,-167.500000,4338.330000,1.486978,0.442797,24.734633,26.664408,,,,,,,,,,-0.500000,0.866025
2018,11,-20.000000,175.000000,-17.500000,177.500000,14536.610000,3.883643,1.165471,11.627264,16.676378,27.548448,0.817734,21.452497,0.074963,127.329813,0.029445,0.246109,0.088906,205.874481,-0.500000,0.866025
2018,11,-20.000000,-175.000000,-17.500000,-172.500000,5920.920000,1.577120,0.369875,18.697770,20.644765,,,,,,,,,,-0.500000,0.866025
2018,11,-20.000000,-180.000000,-17.500000,-177.500000,6110.670000,4.782618,0.960615,15.317797,21.061029,,,,,,,,,,-0.500000,0.866025
2018,11,25.000000,130.000000,27.500000,132.500000,5505.040000,1.915881,12.462398,12.335060,26.713339,25.707634,1.162595,71.813728,0.226421,50.740559,0.148511,0.308419,0.079388,208.862564,-0.500000,0.866025
2018,11,25.000000,135.000000,27.500000,137.500000,4199.840000,3.251552,5.548068,14.821993,23.621614,26.057093,1.084159,54.393566,0.173106,2.699868,0.116570,0.386944,0.083994,206.894409,-0.500000,0.866025
2018,11,25.000000,145.000000,27.500000,147.500000,1468.160000,5.812037,6.399166,10.400774,22.611977,27.096878,1.010887,44.437622,0.126508,3.302068,0.069206,0.232222,0.071068,204.899200,-0.500000,0.866025
2018,11,25.000000,150.000000,27.500000,152.500000,2795.020000,2.831822,4.167412,7.798155,14.797390,27.144277,1.022865,41.024508,0.131893,3.153950,0.075948,0.244722,0.068865,205.265045,-0.500000,0.866025
2018,11,25.000000,155.000000,27.500000,157.500000,1193.710000,1.202135,3.705255,8.837992,13.745382,26.822799,0.963834,40.821306,0.162154,4.597029,0.081488,0.302778,0.066255,205.436447,-0.500000,0.866025
2018,11,25.000000,-155.000000,27.500000,-152.500000,4181.780000,1.249229,7.107500,0.740833,9.097561,,,,,,,,,,-0.500000,0.866025
2018,11,25.000000,-160.000000,27.500000,-157.500000,14592.130000,1.345040,6.738701,0.104371,8.188112,,,,,,,,,,-0.500000,0.866025
2018,11,25.000000,-165.000000,27.500000,-162.500000,17413.660000,1.873701,9.206680,0.109110,11.189491,,,,,,,,,,-0.500000,0.866025
2018,11,25.000000,-170.000000,27.500000,-167.500000,11015.190000,1.197710,11.698573,0.090784,12.987066,,,,,,,,,,-0.500000,0.866025
2018,11,-25.000000,150.000000,-22.500000,152.500000,1128.800000,10.606839,3.816442,2.032247,16.455528,25.963408,0.580548,17.272238,0.228142,118.922816,0.115853,0.428946,0.125364,209.677551,-0.500000,0.866025
2018,11,-25.000000,-150.000000,-22.500000,-147.500000,1208.860000,3.336201,2.784442,31.054051,37.174694,,,,,,,,,,-0.500000,0.866025
2018,11,-25.000000,155.000000,-22.500000,157.500000,1242.690000,3.101337,0.243826,36.795983,40.141145,25.216045,0.682815,16.196858,0.152139,50.962195,0.068289,0.202556,0.083896,214.154221,-0.500000,0.866025
2018,11,-25.000000,165.000000,-22.500000,167.500000,1024.370000,4.340229,0.485176,25.101282,29.926687,24.676320,0.681228,17.147964,0.174519,118.262558,0.069952,0.358922,0.082081,215.199265,-0.500000,0.866025
2018,11,-25.000000,170.000000,-22.500000,172.500000,4069.850000,0.728774,0.306645,25.212723,26.248142,24.584343,0.694460,19.489757,0.168591,2.995790,0.071872,0.249444,0.072409,216.606369,-0.500000,0.866025
2018,11,-25.000000,175.000000,-22.500000,177.500000,8242.040000,1.177500,0.484225,23.315830,24.977554,24.504238,0.654862,20.153916,0.188495,3.076129,0.098003,0.352778,0.069977,216.898483,-0.500000,0.866025
2018,11,-25.000000,-175.000000,-22.500000,-172.500000,1806.100000,13.720171,2.276729,6.970267,22.967167,,,,,,,,,,-0.500000,0.866025
2018,11,30.000000,130.000000,32.500000,132.500000,1249.430000,5.212777,6.190823,2.978958,14.382558,22.724390,0.805888,50.557706,0.433271,109.540796,0.440354,0.677071,0.415233,216.105820,-0.500000,0.866025
2018,11,30.000000,145.000000,32.500000,147.500000,7755.840000,0.418394,12.818212,4.929834,18.166440,24.453016,1.144050,62.215715,0.204397,2.819023,0.117537,0.225833,0.122765,215.425659,-0.500000,0.866025
2018,11,30.000000,150.000000,32.500000,152.500000,4734.670000,0.572796,15.562859,9.433181,25.568836,24.563757,1.028251,54.394583,0.209848,5.026243,0.145115,0.389167,0.079800,216.784439,-0.500000,0.866025
2018,11,30.000000,155.000000,32.500000,157.500000,2887.360000,0.237587,14.958301,12.520434,27.716322,24.020431,0.880106,55.727691,0.319381,4.044254,0.291866,0.345556,0.064717,216.958435,-0.500000,0.866025
2018,11,30.000000,-155.000000,32.500000,-152.500000,1265.950000,3.498558,10.734231,11.744540,25.977329,,,,,,,,,,-0.500000,0.866025
2018,11,30.000000,160.000000,32.500000,162.500000,1408.910000,0.124209,12.753831,16.648331,29.526371,23.711873,0.912632,59.614859,0.249598,3.503944,0.145097,0.280556,0.060774,217.670212,-0.500000,0.866025
2018,11,30.000000,-160.000000,32.500000,-157.500000,3460.330000,4.442640,13.864574,9.133811,27.441024,,,,,,,,,,-0.500000,0.866025
2018,11,30.000000,165.000000,32.500000,167.500000,1841.530000,0.234045,28.633799,7.171211,36.039054,23.430832,0.818664,57.589829,0.195125,3.239521,0.189023,0.341389,0.063971,220.614838,-0.500000,0.866025
2018,11,30.000000,-165.000000,32.500000,-162.500000,11673.420000,3.485354,10.953945,6.665998,21.105297,,,,,,,,,,-0.500000,0.866025
2018,11,30.000000,170.000000,32.500000,172.500000,2693.210000,1.363057,29.117299,10.574370,41.054727,22.956664,0.757836,56.172880,0.218442,2.649274,0.142682,0.279722,0.068371,222.918106,-0.500000,0.866025
2018,11,30.000000,-170.000000,32.500000,-167.500000,6648.440000,1.731534,11.736287,3.157432,16.625253,,,,,,,,,,-0.500000,0.866025
2018,11,30.000000,175.000000,32.500000,177.500000,2550.380000,1.601722,27.112822,12.986692,41.701237,22.385685,0.706584,53.969147,0.182275,3.774594,0.110241,0.221667,0.070792,223.726028,-0.500000,0.866025
2018,11,30.000000,-175.000000,32.500000,-172.500000,1881.430000,5.246541,6.149046,16.594293,27.989880,,,,,,,,,,-0.500000,0.866025
2018,11,-30.000000,155.000000,-27.500000,157.500000,1945.190000,1.520674,1.477491,9.206299,12.204463,23.328174,0.599292,18.634942,0.278164,4.814721,0.182265,0.386111,0.117782,223.426010,-0.500000,0.866025
2018,11,-30.000000,160.000000,-27.500000,162.500000,1678.990000,3.251359,0.609295,7.858891,11.719546,22.591357,0.559545,17.139323,0.200370,2.745315,0.095624,0.347778,0.093256,225.679047,-0.500000,0.866025
2018,11,35.000000,140.000000,37.500000,142.500000,2970.650000,0.286806,16.838739,1.059027,18.184572,20.275472,0.461360,47.560741,0.456043,97.458185,0.374261,0.828419,0.349016,217.704971,-0.500000,0.866025
2018,11,35.000000,145.000000,37.500000,147.500000,8827.090000,0.136285,14.038602,1.877742,16.052629,20.597066,0.276155,49.081522,0.382928,9.263782,0.342150,0.598889,0.325705,220.501907,-0.500000,0.866025
2018,11,35.000000,150.000000,37.500000,152.500000,8083.300000,0.118269,9.153687,1.737904,11.009860,21.131180,0.490522,55.672715,0.355597,7.902766,0.267887,0.742500,0.303953,226.317108,-0.500000,0.866025
2018,11,35.000000,155.000000,37.500000,157.500000,1085.620000,0.086586,14.244395,4.299847,18.630828,20.672073,0.340308,49.344999,0.278239,6.064207,0.196806,0.575556,0.244159,232.088821,-0.500000,0.866025
2018,11,35.000000,-155.000000,37.500000,-152.500000,4690.920000,6.492969,4.280823,36.661039,47.434832,,,,,,,,,,-0.500000,0.866025
2018,11,35.000000,160.000000,37.500000,162.500000,2262.400000,0.224982,23.662040,11.674328,35.561351,21.134041,0.589158,53.842749,0.348935,5.898974,0.253360,0.730556,0.223105,233.455566,-0.500000,0.866025
2018,11,35.000000,-160.000000,37.500000,-157.500000,4011.170000,3.748283,2.008392,33.735294,39.491969,,,,,,,,,,-0.500000,0.866025
2018,11,35.000000,165.000000,37.500000,167.500000,4180.510000,0.277239,30.627842,8.270522,39.175603,19.928671,0.464284,55.076333,0.215209,5.864481,0.161812,0.472500,0.226324,238.828796,-0.500000,0.866025
2018,11,35.000000,-165.000000,37.500000,-162.500000,3593.730000,3.596542,0.762161,37.999238,42.357940,,,,,,,,,,-0.500000,0.866025
2018,11,35.000000,-170.000000,37.500000,-167.500000,2244.790000,2.754823,1.086961,25.394358,29.236142,,,,,,,,,,-0.500000,0.866025
2018,11,35.000000,175.000000,37.500000,177.500000,1695.200000,5.774540,2.005073,28.460949,36.240562,18.391191,0.429194,50.737194,0.195457,4.558458,0.150775,0.625556,0.182515,245.874603,-0.500000,0.866025
2018,11,35.000000,-175.000000,37.500000,-172.500000,3527.840000,5.380346,3.527654,22.592861,31.500862,,,,,,,,,,-0.500000,0.866025
2018,11,35.000000,-180.000000,37.500000,-177.500000,2630.670000,5.575386,3.357320,18.442830,27.375536,,,,,,,,,,-0.500000,0.866025
2018,11,40.000000,150.000000,42.500000,152.500000,3640.780000,0.000000,0.000000,0.000000,0.000000,12.903430,-0.046147,36.863352,0.174680,9.830204,0.136597,0.866667,0.399507,250.151382,-0.500000,0.866025
2018,12,0.000000,120.000000,2.500000,122.500000,11351.560000,18.804728,6.803030,0.000000,25.607758,29.299976,0.602009,14.187745,0.246489,135.040160,0.016675,0.086282,0.106493,200.624329,-0.000000,1.000000
2018,12,0.000000,125.000000,2.500000,127.500000,15135.410000,18.804710,6.803053,0.000000,25.607764,29.124324,0.576023,15.260040,0.324193,136.914186,0.045239,0.156080,0.103524,200.094727,-0.000000,1.000000
2018,12,0.000000,130.000000,2.500000,132.500000,14139.280000,41.731262,7.767015,0.792332,50.290609,29.431576,0.632179,16.992807,0.249332,118.032306,0.023683,0.005279,0.163190,200.748550,-0.000000,1.000000
2018,12,0.000000,135.000000,2.500000,137.500000,1278.740000,67.379608,7.444046,0.026589,74.850243,29.670392,0.684155,22.080778,0.304519,0.354034,0.021880,0.000000,0.150412,200.854141,-0.000000,1.000000
2018,12,0.000000,140.000000,2.500000,142.500000,10464.550000,24.499477,11.125562,0.212623,35.837661,29.828725,0.715165,20.611906,0.296646,0.219684,0.016073,0.000000,0.106787,199.832932,-0.000000,1.000000
2018,12,0.000000,145.000000,2.500000,147.500000,11458.590000,12.417845,10.503387,0.664916,23.586148,30.010476,0.732741,19.109505,0.282000,0.322071,0.013821,0.000000,0.092171,199.297455,-0.000000,1.000000
2018,12,0.000000,150.000000,2.500000,152.500000,3941.450000,10.133073,9.690596,0.525949,20.349618,30.060729,0.743348,17.450315,0.304600,0.356761,0.014546,0.000000,0.088305,198.984909,-0.000000,1.000000
2018,12,0.000000,155.000000,2.500000,157.500000,3668.400000,15.614164,9.926126,3.412387,28.952677,30.094714,0.744317,19.201103,0.244110,0.401696,0.015545,0.000000,0.079650,198.320267,-0.000000,1.000000
2018,12,0.000000,-155.000000,2.500000,-152.500000,1053.240000,1.951122,16.403669,0.000000,18.354791,,,,,,,,,,-0.000000,1.000000
2018,12,0.000000,160.000000,2.500000,162.500000,3803.470000,17.679908,8.572698,5.047233,31.299839,30.091972,0.746485,18.270966,0.216964,0.532346,0.016198,0.000000,0.071463,197.950897,-0.000000,1.000000
2018,12,0.000000,165.000000,2.500000,167.500000,4839.050000,10.066645,12.585528,0.979324,23.631498,30.185128,0.751293,18.782031,0.269807,94.077065,0.014125,0.002779,0.081191,197.375427,-0.000000,1.000000
2018,12,0.000000,-165.000000,2.500000,-162.500000,1113.580000,3.079258,22.057688,0.041308,25.178254,,,,,,,,,,-0.000000,1.000000
2018,12,0.000000,170.000000,2.500000,172.500000,3143.660000,8.774168,12.646406,11.382592,32.803166,30.286304,0.756931,22.431446,0.289947,134.600307,0.008932,0.019537,0.143772,198.605835,-0.000000,1.000000
2018,12,0.000000,-170.000000,2.500000,-167.500000,13980.090000,4.640385,18.563543,0.109084,23.313012,,,,,,,,,,-0.000000,1.000000
2018,12,0.000000,175.000000,2.500000,177.500000,1275.980000,2.836251,10.591859,1.014906,14.443016,30.052369,0.746598,26.384440,0.320640,0.348720,0.014628,0.000000,0.167731,200.261078,-0.000000,1.000000
2018,12,0.000000,-175.000000,2.500000,-172.500000,2923.500000,7.020010,18.650590,0.410125,26.080725,,,,,,,,,,-0.000000,1.000000
2018,12,5.000000,130.000000,7.500000,132.500000,3858.700000,16.290461,7.756498,0.000000,24.046959,29.044313,0.385153,20.450677,0.399521,130.367465,0.061443,0.007804,0.091616,200.060669,-0.000000,1.000000
2018,12,5.000000,135.000000,7.500000,137.500000,2352.710000,13.530354,4.466764,0.045479,18.042598,29.152112,0.436412,21.182266,0.425607,129.593898,0.086847,0.006954,0.096524,199.943741,-0.000000,1.000000
2018,12,5.000000,140.000000,7.500000,142.500000,2363.830000,8.193060,13.898208,0.049496,22.140763,29.278545,0.491993,22.220528,0.384128,0.294091,0.081759,0.000000,0.099066,199.939499,-0.000000,1.000000
2018,12,5.000000,145.000000,7.500000,147.500000,5419.860000,5.361947,14.703147,0.045758,20.110852,29.370542,0.519725,21.831925,0.346632,0.792612,0.084125,0.002500,0.092782,199.432297,-0.000000,1.000000
2018,12,5.000000,150.000000,7.500000,152.500000,1297.920000,5.884800,7.158376,0.158715,13.201892,29.310807,0.505149,22.533315,0.351032,117.725422,0.081819,0.008352,0.090035,199.323502,-0.000000,1.000000
2018,12,5.000000,155.000000,7.500000,157.500000,2091.610000,8.523578,19.601168,0.208930,28.333676,29.292460,0.539605,27.675928,0.255879,124.368666,0.071908,0.003336,0.086734,199.380127,-0.000000,1.000000
2018,12,5.000000,-155.000000,7.500000,-152.500000,3452.340000,1.591674,1.030026,0.000000,2.621700,,,,,,,,,,-0.000000,1.000000
2018,12,5.000000,160.000000,7.500000,162.500000,2886.760000,9.415400,33.172138,0.147917,42.735454,29.220237,0.542687,31.258797,0.230405,0.848040,0.058036,0.001111,0.083269,199.321335,-0.000000,1.000000
2018,12,5.000000,165.000000,7.500000,167.500000,10043.810000,8.696401,13.285894,0.180609,22.162904,29.123869,0.545105,33.458749,0.259916,130.952973,0.068178,0.041643,0.079424,199.145126,-0.000000,1.000000
2018,12,5.000000,-170.000000,7.500000,-167.500000,1254.630000,4.276958,18.096172,0.459099,22.832229,,,,,,,,,,-0.000000,1.000000
2018,12,5.000000,175.000000,7.500000,177.500000,2106.250000,6.491157,13.141840,0.663264,20.296261,29.127216,0.537510,43.643675,0.296587,0.749074,0.104493,0.005278,0.091394,199.517288,-0.000000,1.000000
2018,12,5.000000,-175.000000,7.500000,-172.500000,1243.860000,7.356133,6.364864,1.305613,15.026611,,,,,,,,,,-0.000000,1.000000
2018,12,5.000000,-180.000000,7.500000,-177.500000,1672.300000,9.301561,11.957185,0.971118,22.229863,,,,,,,,,,-0.000000,1.000000
2018,12,-5.000000,120.000000,-2.500000,122.500000,15135.410000,18.804710,6.803053,0.000000,25.607764,30.083054,0.618142,13.584292,0.105044,139.084592,0.016407,0.230120,0.119975,200.371155,-0.000000,1.000000
2018,12,-5.000000,125.000000,-2.500000,127.500000,22703.110000,18.804692,6.803033,0.000000,25.607725,29.655324,0.615022,17.966947,0.169287,134.175790,0.011828,0.148297,0.102234,199.620575,-0.000000,1.000000
2018,12,-5.000000,130.000000,-2.500000,132.500000,7567.700000,18.804657,6.802992,0.000000,25.607648,29.684954,0.642625,20.141775,0.155361,136.151320,0.014522,0.250310,0.134502,198.943863,-0.000000,1.000000
2018,12,-5.000000,145.000000,-2.500000,147.500000,1785.600000,21.188396,7.846662,25.861895,54.896953,29.954236,0.724471,19.394396,0.190837,131.315222,0.009316,0.031366,0.117067,199.848877,-0.000000,1.000000
2018,12,-5.000000,155.000000,-2.500000,157.500000,2750.450000,16.055555,7.686015,2.759548,26.501118,30.273184,0.751800,16.873176,0.070450,0.427819,0.008304,0.000000,0.147194,199.632629,-0.000000,1.000000
2018,12,-5.000000,-155.000000,-2.500000,-152.500000,3725.550000,2.017152,18.153830,0.086967,20.257948,,,,,,,,,,-0.000000,1.000000
2018,12,-5.000000,160.000000,-2.500000,162.500000,3302.930000,15.207104,5.687375,2.539866,23.434345,30.438572,0.763398,19.101917,0.073565,0.347707,0.013486,0.000000,0.121800,199.625641,-0.000000,1.000000
2018,12,-5.000000,165.000000,-2.500000,167.500000,1126.190000,10.577256,7.092942,5.839157,23.509355,30.571001,0.770418,19.775826,0.074489,0.307295,0.013767,0.000000,0.105541,199.070221,-0.000000,1.000000
2018,12,-5.000000,-165.000000,-2.500000,-162.500000,15534.620000,4.994715,21.335765,2.547278,28.877758,,,,,,,,,,-0.000000,1.000000
2018,12,-5.000000,170.000000,-2.500000,172.500000,5235.410000,5.412375,13.751932,2.928519,22.092826,30.621718,0.767195,18.933427,0.118785,136.461501,0.014045,0.009476,0.111361,199.077408,-0.000000,1.000000
2018,12,-5.000000,-170.000000,-2.500000,-167.500000,25494.120000,7.692205,21.228150,1.143244,30.063599,,,,,,,,,,-0.000000,1.000000
2018,12,-5.000000,-180.000000,-2.500000,-177.500000,3791.410000,4.773950,22.461301,1.902722,29.137972,,,,,,,,,,-0.000000,1.000000
2018,12,10.000000,110.000000,12.500000,112.500000,12904.470000,26.638056,1.456240,0.000000,28.094296,27.880731,0.715635,26.146649,0.262406,1.053867,0.074164,0.017500,0.080815,203.834106,-0.000000,1.000000
2018,12,10.000000,115.000000,12.500000,117.500000,12904.470000,26.638056,1.456240,0.000000,28.094296,28.424806,0.759414,29.071999,0.183854,127.665993,0.050909,0.061862,0.084854,201.991119,-0.000000,1.000000
2018,12,10.000000,150.000000,12.500000,152.500000,2876.390000,14.256759,7.059196,1.096861,22.412816,28.772847,0.590073,36.993522,0.253846,0.202229,0.082014,0.000000,0.081563,200.455338,-0.000000,1.000000
2018,12,10.000000,155.000000,12.500000,157.500000,2418.100000,12.928332,13.086721,1.819610,27.834664,28.699239,0.617208,40.724410,0.255980,0.275526,0.082469,0.000000,0.081089,200.611603,-0.000000,1.000000
2018,12,10.000000,170.000000,12.500000,172.500000,1350.690000,10.675284,4.951543,4.887132,20.513960,28.045373,0.551572,48.464269,0.276574,57.341202,0.088247,0.006391,0.067563,202.844315,-0.000000,1.000000
2018,12,10.000000,-170.000000,12.500000,-167.500000,1718.280000,15.435203,5.311125,0.361990,21.108318,,,,,,,,,,-0.000000,1.000000
2018,12,10.000000,175.000000,12.500000,177.500000,1688.110000,9.911676,4.741990,2.056738,16.710404,27.713420,0.544868,49.509714,0.283952,0.787781,0.078286,0.016111,0.065279,203.650925,-0.000000,1.000000
2018,12,10.000000,-175.000000,12.500000,-172.500000,1832.740000,15.172911,15.047961,1.767845,31.988716,,,,,,,,,,-0.000000,1.000000
2018,12,10.000000,-180.000000,12.500000,-177.500000,3109.440000,15.484460,11.966463,2.471506,29.922430,,,,,,,,,,-0.000000,1.000000
2018,12,-10.000000,-135.000000,-7.500000,-132.500000,5947.980000,8.122085,14.250384,0.676532,23.049002,,,,,,,,,,-0.000000,1.000000
2018,12,-10.000000,-140.000000,-7.500000,-137.500000,2748.220000,11.381185,31.216933,0.526886,43.125005,,,,,,,,,,-0.000000,1.000000
2018,12,-10.000000,-150.000000,-7.500000,-147.500000,11277.150000,6.488430,21.442829,0.242792,28.174051,,,,,,,,,,-0.000000,1.000000
2018,12,-10.000000,155.000000,-7.500000,157.500000,11415.090000,15.297295,5.578143,0.018922,20.894360,30.184929,0.761425,13.848545,0.101837,137.528121,0.016338,0.112069,0.132414,198.111649,-0.000000,1.000000
2018,12,-10.000000,-155.000000,-7.500000,-152.500000,1698.360000,10.615535,11.542311,1.096352,23.254198,,,,,,,,,,-0.000000,1.000000
2018,12,-10.000000,160.000000,-7.500000,162.500000,5369.630000,10.670195,3.551828,0.572106,14.794129,30.222778,0.794089,17.855768,0.091542,134.824363,0.017025,0.031973,0.114903,197.197372,-0.000000,1.000000
2018,12,-10.000000,165.000000,-7.500000,167.500000,8601.280000,9.757850,5.613583,2.993275,18.364709,30.332668,0.806390,20.131027,0.060254,0.546955,0.011054,0.000000,0.099792,197.462662,-0.000000,1.000000
2018,12,-10.000000,-165.000000,-7.500000,-162.500000,5173.190000,4.926554,15.193913,1.932850,22.053317,,,,,,,,,,-0.000000,1.000000
2018,12,-10.000000,170.000000,-7.500000,172.500000,4771.180000,7.017970,5.442050,1.575082,14.035102,30.420527,0.803966,23.750141,0.075803,0.431564,0.013913,0.000000,0.108386,197.873123,-0.000000,1.000000
2018,12,-10.000000,-170.000000,-7.500000,-167.500000,14980.700000,11.475632,18.813540,2.989713,33.278885,,,,,,,,,,-0.000000,1.000000
2018,12,-10.000000,-180.000000,-7.500000,-177.500000,4225.020000,6.898666,15.591405,0.923546,23.413617,,,,,,,,,,-0.000000,1.000000
2018,12,15.000000,110.000000,17.500000,112.500000,12904.470000,26.638056,1.456240,0.000000,28.094296,26.146496,0.682901,40.490591,0.230221,110.534221,0.104861,0.361984,0.140729,208.325256,-0.000000,1.000000
2018,12,15.000000,115.000000,17.500000,117.500000,12904.470000,26.638056,1.456240,0.000000,28.094296,26.886217,0.574864,22.682564,0.195271,126.969185,0.059763,0.277159,0.088902,205.000488,-0.000000,1.000000
2018,12,15.000000,125.000000,17.500000,127.500000,1344.300000,16.744774,4.073495,10.999777,31.818047,27.637983,0.941862,53.863561,0.239306,1.634175,0.078107,0.053889,0.073803,202.596893,-0.000000,1.000000
2018,12,15.000000,130.000000,17.500000,132.500000,6705.030000,7.165069,2.715275,23.859699,33.740043,27.967755,0.933141,58.779415,0.245573,1.026971,0.104606,0.029167,0.072754,202.080444,-0.000000,1.000000
2018,12,15.000000,135.000000,17.500000,137.500000,2158.110000,7.288322,5.479331,19.037955,31.805608,28.195912,0.986617,63.286109,0.255578,1.101808,0.122119,0.016667,0.069427,201.370941,-0.000000,1.000000
2018,12,15.000000,155.000000,17.500000,157.500000,2030.300000,15.470128,2.631138,10.512732,28.613998,28.109073,0.864766,51.661820,0.168978,0.535617,0.063790,0.000000,0.067399,202.354980,-0.000000,1.000000
2018,12,15.000000,160.000000,17.500000,162.500000,1817.090000,10.362723,1.830949,12.384087,24.577759,27.941828,0.867644,50.083420,0.190965,0.584067,0.061844,0.000000,0.059409,202.679047,-0.000000,1.000000
2018,12,15.000000,-160.000000,17.500000,-157.500000,5019.180000,4.230970,6.182484,0.000000,10.413454,,,,,,,,,,-0.000000,1.000000
2018,12,15.000000,-165.000000,17.500000,-162.500000,20147.330000,3.614176,7.610289,0.060504,11.284969,,,,,,,,,,-0.000000,1.000000
2018,12,15.000000,-170.000000,17.500000,-167.500000,4419.270000,4.402311,7.450552,0.437629,12.290491,,,,,,,,,,-0.000000,1.000000
2018,12,15.000000,175.000000,17.500000,177.500000,1775.240000,7.557851,6.906108,14.994592,29.458552,27.148583,0.802463,65.432366,0.198460,0.642687,0.067900,0.000000,0.053068,204.482635,-0.000000,1.000000
2018,12,15.000000,-180.000000,17.500000,-177.500000,2800.140000,9.071332,6.059697,15.820280,30.951310,,,,,,,,,,-0.000000,1.000000
2018,12,-15.000000,-135.000000,-12.500000,-132.500000,8977.650000,3.702305,10.894276,29.263003,43.859585,,,,,,,,,,-0.000000,1.000000
2018,12,-15.000000,-145.000000,-12.500000,-142.500000,2954.190000,6.551711,15.037963,7.982899,29.572573,,,,,,,,,,-0.000000,1.000000
2018,12,-15.000000,150.000000,-12.500000,152.500000,1729.730000,21.606262,3.781515,2.938031,28.325808,29.853905,0.775652,11.981617,0.110405,134.843041,0.048630,0.101637,0.108059,198.742752,-0.000000,1.000000
2018,12,-15.000000,-150.000000,-12.500000,-147.500000,1130.250000,11.075426,15.396594,6.355231,32.827251,,,,,,,,,,-0.000000,1.000000
2018,12,-15.000000,155.000000,-12.500000,157.500000,4733.790000,22.145258,5.949144,7.112272,35.206674,29.699420,0.769876,14.678598,0.122749,1.212645,0.033910,0.021944,0.100229,198.684662,-0.000000,1.000000
2018,12,-15.000000,160.000000,-12.500000,162.500000,4591.840000,6.945146,1.599794,15.580029,24.124970,29.442622,0.756085,15.181436,0.139286,133.831200,0.032487,0.021085,0.083629,198.489410,-0.000000,1.000000
2018,12,-15.000000,165.000000,-12.500000,167.500000,4503.320000,5.420667,1.382536,20.784443,27.587646,29.607800,0.791199,18.374836,0.119086,130.602896,0.028996,0.020101,0.073954,198.364685,-0.000000,1.000000
2018,12,-15.000000,-165.000000,-12.500000,-162.500000,4323.740000,2.335016,1.053717,20.504008,23.892741,,,,,,,,,,-0.000000,1.000000
2018,12,-15.000000,170.000000,-12.500000,172.500000,6040.850000,5.273430,1.833682,19.031593,26.138706,29.625059,0.788252,19.617850,0.127489,0.712227,0.038604,0.000833,0.083034,197.943970,-0.000000,1.000000
2018,12,-15.000000,-170.000000,-12.500000,-167.500000,7903.820000,2.001311,0.780762,22.176871,24.958944,,,,,,,,,,-0.000000,1.000000
2018,12,-15.000000,-175.000000,-12.500000,-172.500000,11002.090000,2.571511,0.996629,14.096594,17.664735,,,,,,,,,,-0.000000,1.000000
2018,12,20.000000,125.000000,22.500000,127.500000,1924.550000,8.244005,11.243667,27.855343,47.343015,26.262498,1.098512,64.047989,0.190240,82.278177,0.080446,0.196220,0.071072,207.281677,-0.000000,1.000000
2018,12,20.000000,130.000000,22.500000,132.500000,3576.130000,5.509587,8.229567,28.714281,42.453434,26.911121,1.150028,66.151628,0.189034,3.598141,0.074962,0.162778,0.067594,207.103561,-0.000000,1.000000
2018,12,20.000000,135.000000,22.500000,137.500000,3574.780000,7.512910,5.335713,24.466680,37.315303,27.126120,1.085396,63.628722,0.161010,2.522337,0.068098,0.191389,0.066842,205.828217,-0.000000,1.000000
2018,12,20.000000,140.000000,22.500000,142.500000,4662.680000,19.461769,5.217600,19.014387,43.693756,27.451892,1.082778,64.887578,0.148681,52.337624,0.083414,0.113643,0.068320,203.839355,-0.000000,1.000000
2018,12,20.000000,145.000000,22.500000,147.500000,4377.840000,19.444292,3.242010,14.901641,37.587943,27.488867,1.019505,60.732261,0.143276,1.831619,0.071483,0.100000,0.068373,203.404297,-0.000000,1.000000
2018,12,20.000000,150.000000,22.500000,152.500000,4430.150000,23.561053,5.657371,29.706895,58.925319,27.743586,1.070508,65.591401,0.140844,2.180263,0.058639,0.067500,0.065026,203.300110,-0.000000,1.000000
2018,12,20.000000,-155.000000,22.500000,-152.500000,6267.590000,1.181954,8.776579,0.023773,9.982306,,,,,,,,,,-0.000000,1.000000
2018,12,20.000000,160.000000,22.500000,162.500000,1229.150000,20.078103,8.291909,41.579140,69.949152,26.966730,0.967330,54.986600,0.128483,1.641324,0.057882,0.123056,0.057412,205.193893,-0.000000,1.000000
2018,12,20.000000,-160.000000,22.500000,-157.500000,10208.340000,0.787591,6.211098,0.000000,6.998689,,,,,,,,,,-0.000000,1.000000
2018,12,20.000000,-165.000000,22.500000,-162.500000,1455.340000,2.748499,5.927137,0.000000,8.675636,,,,,,,,,,-0.000000,1.000000
2018,12,20.000000,-170.000000,22.500000,-167.500000,3039.190000,3.682560,7.518780,1.385567,12.586906,,,,,,,,,,-0.000000,1.000000
2018,12,20.000000,-175.000000,22.500000,-172.500000,3391.170000,5.348302,7.137949,2.665452,15.151703,,,,,,,,,,-0.000000,1.000000
2018,12,20.000000,-180.000000,22.500000,-177.500000,1108.260000,8.466425,5.843394,14.615704,28.925523,,,,,,,,,,-0.000000,1.000000
2018,12,-20.000000,-135.000000,-17.500000,-132.500000,13546.450000,1.521063,2.148238,39.016864,42.686165,,,,,,,,,,-0.000000,1.000000
2018,12,-20.000000,-150.000000,-17.500000,-147.500000,3861.540000,3.537967,1.780637,23.744413,29.063016,,,,,,,,,,-0.000000,1.000000
2018,12,-20.000000,-155.000000,-17.500000,-152.500000,5585.760000,3.233043,3.131534,23.997272,30.361849,,,,,,,,,,-0.000000,1.000000
2018,12,-20.000000,160.000000,-17.500000,162.500000,1414.120000,5.144542,0.924957,31.016463,37.085962,28.144607,0.778516,17.973275,0.178749,54.810341,0.042374,0.138927,0.096226,203.724487,-0.000000,1.000000
2018,12,-20.000000,165.000000,-17.500000,167.500000,9341.080000,6.139226,1.067650,25.053634,32.260509,27.922499,0.793613,18.828636,0.153757,129.029132,0.029840,0.211687,0.094572,204.242493,-0.000000,1.000000
2018,12,-20.000000,170.000000,-17.500000,172.500000,16042.780000,3.181369,0.712221,27.440506,31.334095,28.147249,0.815790,19.526506,0.125238,1.791689,0.050223,0.156944,0.085780,203.577927,-0.000000,1.000000
2018,12,-20.000000,-170.000000,-17.500000,-167.500000,2081.500000,0.953639,0.271919,22.186404,23.411963,,,,,,,,,,-0.000000,1.000000
2018,12,-20.000000,175.000000,-17.500000,177.500000,11191.380000,7.448679,1.255431,10.890257,19.594366,28.480746,0.816845,18.432060,0.117190,131.584384,0.029544,0.205286,0.090733,202.594193,-0.000000,1.000000
2018,12,-20.000000,-175.000000,-17.500000,-172.500000,5420.420000,3.251593,0.487601,26.412529,30.151723,,,,,,,,,,-0.000000,1.000000
2018,12,-20.000000,-180.000000,-17.500000,-177.500000,5638.660000,6.292098,1.460276,15.527448,23.279822,,,,,,,,,,-0.000000,1.000000
2018,12,25.000000,130.000000,27.500000,132.500000,6034.380000,2.015120,8.443287,17.906894,28.365300,24.254755,1.114586,78.272730,0.222637,48.454368,0.125054,0.267296,0.097494,214.130096,-0.000000,1.000000
2018,12,25.000000,135.000000,27.500000,137.500000,6993.270000,1.566077,5.709346,15.996093,23.271517,23.987655,1.015822,66.585457,0.180767,3.021377,0.117924,0.311944,0.137358,214.076523,-0.000000,1.000000
2018,12,25.000000,140.000000,27.500000,142.500000,1168.480000,6.133609,3.962413,18.122689,28.218711,24.675710,0.997708,62.596146,0.126976,49.774938,0.072187,0.523757,0.071655,213.129395,-0.000000,1.000000
2018,12,25.000000,145.000000,27.500000,147.500000,3372.380000,2.198744,1.706213,2.184807,6.089764,25.030567,0.988474,61.500691,0.136849,3.884213,0.078983,0.501111,0.061522,211.994354,-0.000000,1.000000
2018,12,25.000000,-155.000000,27.500000,-152.500000,4402.080000,3.492667,9.201786,0.059517,12.753971,,,,,,,,,,-0.000000,1.000000
2018,12,25.000000,160.000000,27.500000,162.500000,1149.790000,2.341297,10.474956,29.114882,41.931135,24.564674,0.906731,57.498401,0.116715,4.934727,0.089753,0.340278,0.053435,213.220139,-0.000000,1.000000
2018,12,25.000000,-160.000000,27.500000,-157.500000,15608.770000,1.169279,7.769158,0.178682,9.117118,,,,,,,,,,-0.000000,1.000000
2018,12,25.000000,-165.000000,27.500000,-162.500000,14305.000000,1.687382,8.393778,0.246278,10.327438,,,,,,,,,,-0.000000,1.000000
2018,12,-25.000000,-155.000000,-22.500000,-152.500000,1266.190000,6.679882,1.924672,20.312117,28.916671,,,,,,,,,,-0.000000,1.000000
2018,12,-25.000000,160.000000,-22.500000,162.500000,2765.070000,4.292839,0.121154,52.726694,57.140687,25.773775,0.693585,18.224997,0.160568,123.434320,0.060055,0.274135,0.087297,209.896423,-0.000000,1.000000
2018,12,-25.000000,170.000000,-22.500000,172.500000,4734.230000,1.230823,0.380843,32.744712,34.356379,25.589254,0.706085,19.895017,0.179646,2.004362,0.084966,0.233889,0.085196,212.314743,-0.000000,1.000000
2018,12,-25.000000,175.000000,-22.500000,177.500000,11207.290000,1.436476,0.415176,28.854433,30.706085,25.529049,0.657834,18.324077,0.175920,2.164842,0.102928,0.338611,0.082932,212.260803,-0.000000,1.000000
2018,12,-25.000000,-175.000000,-22.500000,-172.500000,1694.110000,21.254818,1.363548,30.208192,52.826558,,,,,,,,,,-0.000000,1.000000
2018,12,-25.000000,-180.000000,-22.500000,-177.500000,1952.290000,4.271394,0.406190,21.526515,26.204099,,,,,,,,,,-0.000000,1.000000
2018,12,30.000000,130.000000,32.500000,132.500000,2262.250000,2.563819,7.103989,10.579733,20.247541,21.048043,0.848279,62.726242,0.427731,105.857887,0.424594,0.720231,0.525782,221.826355,-0.000000,1.000000
2018,12,30.000000,135.000000,32.500000,137.500000,3917.160000,1.518958,14.647857,11.587477,27.754291,21.783722,0.736059,68.116330,0.526933,89.764359,0.417110,0.694631,0.434463,218.794647,-0.000000,1.000000
2018,12,30.000000,140.000000,32.500000,142.500000,11988.360000,0.396551,11.405230,12.791825,24.593606,22.232332,1.126357,84.861594,0.188470,29.776717,0.173679,0.228889,0.278730,220.728333,-0.000000,1.000000
2018,12,30.000000,145.000000,32.500000,147.500000,8130.410000,0.594189,7.735157,8.250383,16.579730,21.991327,1.092160,90.832880,0.265379,2.201953,0.142777,0.265556,0.255561,223.698990,-0.000000,1.000000
2018,12,30.000000,-155.000000,32.500000,-152.500000,5468.160000,9.409564,2.690850,14.312858,26.413272,,,,,,,,,,-0.000000,1.000000
2018,12,30.000000,-160.000000,32.500000,-157.500000,7780.410000,1.689628,6.778177,10.098182,18.565988,,,,,,,,,,-0.000000,1.000000
2018,12,30.000000,-165.000000,32.500000,-162.500000,6932.840000,1.197633,8.896643,5.835415,15.929691,,,,,,,,,,-0.000000,1.000000
2018,12,30.000000,170.000000,32.500000,172.500000,1613.450000,0.877003,22.056463,18.799467,41.732933,21.128644,0.758582,74.212880,0.237735,3.084024,0.113300,0.373333,0.106186,232.048386,-0.000000,1.000000
2018,12,30.000000,-170.000000,32.500000,-167.500000,4092.930000,1.933089,15.455432,3.226784,20.615305,,,,,,,,,,-0.000000,1.000000
2018,12,30.000000,175.000000,32.500000,177.500000,2856.140000,2.174963,26.563824,15.164523,43.903310,20.525438,0.678241,70.916288,0.193129,2.679111,0.119619,0.392778,0.098515,231.823883,-0.000000,1.000000
2018,12,30.000000,-175.000000,32.500000,-172.500000,7903.280000,4.124743,5.001974,3.656077,12.782794,,,,,,,,,,-0.000000,1.000000
2018,12,30.000000,-180.000000,32.500000,-177.500000,1222.390000,5.078576,2.345405,8.910413,16.334394,,,,,,,,,,-0.000000,1.000000
2018,12,-30.000000,155.000000,-27.500000,157.500000,2260.380000,2.321291,1.392686,0.391527,4.105504,23.951583,0.604104,20.805783,0.273863,3.085190,0.179960,0.360000,0.096349,217.810547,-0.000000,1.000000
2018,12,35.000000,140.000000,37.500000,142.500000,8749.260000,0.203446,14.482139,13.029673,27.715258,17.277331,0.371369,72.278567,0.453865,85.001916,0.341224,0.815631,0.458169,221.456436,-0.000000,1.000000
2018,12,35.000000,145.000000,37.500000,147.500000,5017.400000,0.325866,9.903934,2.976442,13.206242,17.645727,0.252588,78.414135,0.358436,12.689587,0.312308,0.590556,0.394554,225.302292,-0.000000,1.000000
2018,12,35.000000,150.000000,37.500000,152.500000,1866.040000,0.516602,6.276393,2.680007,9.473002,18.404593,0.435296,86.344031,0.378032,8.433779,0.253489,0.716111,0.405236,231.073792,-0.000000,1.000000
