year,month,lat,lon,lat5c,lon5c,hhooks,cpue_yft,cpue_bet,cpue_alb,cpue_total,sst,ssh,mld,current_speed,sst_gradient_max,ssh_variance,front_strength,chl,do_surface,season_sin,season_cos
2012,1,0.000000,120.000000,2.500000,122.500000,17363.870000,13.667057,4.223598,0.000000,17.890655,29.386869,0.726047,13.331484,0.295594,134.314017,0.023980,0.078833,0.108015,201.391174,0.500000,0.866025
2012,1,0.000000,125.000000,2.500000,127.500000,23007.890000,13.730420,4.160182,0.000000,17.890602,29.129356,0.702058,15.493406,0.295191,134.751318,0.025858,0.125832,0.107211,200.065445,0.500000,0.866025
2012,1,0.000000,130.000000,2.500000,132.500000,10807.750000,13.205246,7.315306,0.000000,20.520552,29.516195,0.732331,19.183246,0.379550,118.107004,0.022079,0.005279,0.191714,201.432266,0.500000,0.866025
2012,1,0.000000,135.000000,2.500000,137.500000,7649.300000,10.553907,6.010877,0.007844,16.572628,29.783513,0.773106,22.405122,0.376568,0.380342,0.015211,0.000000,0.108098,200.764450,0.500000,0.866025
2012,1,0.000000,140.000000,2.500000,142.500000,2174.980000,2.911751,18.764770,0.000000,21.676521,29.849999,0.791775,24.964735,0.353412,0.341118,0.016366,0.000000,0.099472,199.860153,0.500000,0.866025
2012,1,0.000000,145.000000,2.500000,147.500000,4430.010000,8.431358,19.363839,0.017381,27.812578,29.700510,0.787836,28.801251,0.331170,0.431485,0.017573,0.000000,0.165373,199.835922,0.500000,0.866025
2012,1,0.000000,150.000000,2.500000,152.500000,5499.210000,9.899058,17.605802,0.007092,27.511952,29.321884,0.778334,24.189777,0.387698,0.422357,0.022269,0.000000,0.191138,199.251511,0.500000,0.866025
2012,1,0.000000,155.000000,2.500000,157.500000,6566.370000,6.554611,9.096655,0.020864,15.672129,29.105567,0.758465,22.850481,0.423270,0.357376,0.024432,0.000000,0.202210,199.412582,0.500000,0.866025
2012,1,0.000000,-155.000000,2.500000,-152.500000,1331.690000,2.984178,12.848336,0.013517,15.846030,,,,,,,,,,0.500000,0.866025
2012,1,0.000000,160.000000,2.500000,162.500000,4771.500000,3.005973,5.999371,0.681966,9.687310,28.659270,0.729890,20.394800,0.372347,0.772757,0.026116,0.001389,0.199235,200.144974,0.500000,0.866025
2012,1,0.000000,-160.000000,2.500000,-157.500000,1468.700000,15.566828,15.100429,0.000000,30.667257,,,,,,,,,,0.500000,0.866025
2012,1,0.000000,165.000000,2.500000,167.500000,9070.000000,7.390187,15.346196,0.607718,23.344101,28.166599,0.698578,21.317579,0.362152,89.832410,0.023649,0.002779,0.202386,200.699799,0.500000,0.866025
2012,1,0.000000,-165.000000,2.500000,-162.500000,2593.730000,5.460476,13.681069,0.026988,19.168533,,,,,,,,,,0.500000,0.866025
2012,1,0.000000,170.000000,2.500000,172.500000,9362.210000,4.490927,19.879174,0.401508,24.771608,27.827933,0.676214,24.586523,0.379390,125.138764,0.024533,0.019537,0.234376,201.194717,0.500000,0.866025
2012,1,0.000000,-170.000000,2.500000,-167.500000,4881.790000,2.836050,16.349126,0.048138,19.233314,,,,,,,,,,0.500000,0.866025
2012,1,0.000000,175.000000,2.500000,177.500000,7072.320000,3.720420,17.588853,0.240091,21.549364,27.430272,0.651174,27.825719,0.408232,0.653177,0.023720,0.000000,0.204629,202.621658,0.500000,0.866025
2012,1,0.000000,-175.000000,2.500000,-172.500000,6201.420000,3.165565,20.325184,0.046118,23.536867,,,,,,,,,,0.500000,0.866025
2012,1,0.000000,-180.000000,2.500000,-177.500000,1598.970000,2.993802,21.857821,0.127582,24.979205,,,,,,,,,,0.500000,0.866025
2012,1,5.000000,130.000000,7.500000,132.500000,3566.060000,3.386651,14.482931,0.000000,17.869582,28.977912,0.635938,33.584396,0.329186,129.783552,0.048776,0.007804,0.101300,200.494858,0.500000,0.866025
2012,1,5.000000,135.000000,7.500000,137.500000,3547.960000,2.885038,12.059606,0.000000,14.944644,28.951006,0.650113,34.872429,0.327234,128.748136,0.051679,0.006954,0.087076,199.545654,0.500000,0.866025
2012,1,5.000000,145.000000,7.500000,147.500000,1806.290000,5.061756,41.449601,0.000000,46.511358,29.009215,0.699231,49.782007,0.280126,1.292690,0.043797,0.003889,0.073886,199.300629,0.500000,0.866025
2012,1,5.000000,150.000000,7.500000,152.500000,1428.040000,8.031988,16.640290,0.000000,24.672278,28.835984,0.701139,46.792345,0.210566,114.956802,0.038361,0.008073,0.077770,199.672531,0.500000,0.866025
2012,1,5.000000,155.000000,7.500000,157.500000,7090.800000,5.310825,13.539375,0.005923,18.856123,28.878307,0.701003,51.349070,0.168842,123.552460,0.039374,0.023909,0.105262,200.273300,0.500000,0.866025
2012,1,5.000000,160.000000,7.500000,162.500000,1470.610000,1.881532,10.586763,0.046919,12.515215,28.710473,0.683053,47.779950,0.178254,1.394120,0.040725,0.036111,0.118205,200.553711,0.500000,0.866025
2012,1,5.000000,165.000000,7.500000,167.500000,7189.780000,4.557163,11.106181,0.430611,16.093956,28.452856,0.656377,36.554951,0.163751,128.139211,0.036612,0.054674,0.157418,201.322006,0.500000,0.866025
2012,1,5.000000,170.000000,7.500000,172.500000,4571.650000,24.917481,19.966970,0.423479,45.307930,28.200698,0.604820,40.866175,0.178299,127.363552,0.043214,0.053446,0.160942,202.152710,0.500000,0.866025
2012,1,5.000000,-170.000000,7.500000,-167.500000,2060.010000,1.845622,14.996044,0.055340,16.897005,,,,,,,,,,0.500000,0.866025
2012,1,5.000000,175.000000,7.500000,177.500000,5991.180000,3.075187,19.766390,0.207972,23.049550,27.879274,0.606199,42.489439,0.174812,0.583033,0.049544,0.000000,0.196501,201.855240,0.500000,0.866025
2012,1,5.000000,-175.000000,7.500000,-172.500000,3250.910000,1.968372,19.915654,0.307914,22.191940,,,,,,,,,,0.500000,0.866025
2012,1,5.000000,-180.000000,7.500000,-177.500000,4670.210000,2.542284,19.333392,0.098068,21.973744,,,,,,,,,,0.500000,0.866025
2012,1,-5.000000,120.000000,-2.500000,122.500000,22576.100000,13.925479,3.965122,0.000000,17.890601,29.794932,0.727913,15.950273,0.117906,136.103799,0.016964,0.214056,0.111285,199.996201,0.500000,0.866025
2012,1,-5.000000,125.000000,-2.500000,127.500000,33864.150000,13.925493,3.965108,0.000000,17.890601,29.568877,0.721608,18.310776,0.168484,133.273364,0.006851,0.134985,0.097821,199.226456,0.500000,0.866025
2012,1,-5.000000,130.000000,-2.500000,132.500000,11288.050000,13.925523,3.965078,0.000000,17.890601,29.716688,0.740960,19.834381,0.109302,134.572135,0.011306,0.193628,0.138586,198.810318,0.500000,0.866025
2012,1,-5.000000,140.000000,-2.500000,142.500000,1747.540000,12.415166,0.337617,0.022889,12.775673,29.865526,0.782459,24.518045,0.286413,132.467897,0.008698,0.053982,0.224369,201.221344,0.500000,0.866025
2012,1,-5.000000,145.000000,-2.500000,147.500000,1808.400000,9.098098,1.528423,0.000000,10.626521,29.809641,0.792280,19.684309,0.350290,130.831520,0.018121,0.034788,0.176237,200.785172,0.500000,0.866025
2012,1,-5.000000,150.000000,-2.500000,152.500000,1402.680000,7.219038,0.000000,0.000000,7.219038,29.697766,0.792434,15.323503,0.346745,134.815202,0.031363,0.075007,0.192518,201.049805,0.500000,0.866025
2012,1,-5.000000,-155.000000,-2.500000,-152.500000,8079.220000,1.126223,15.577865,0.012254,16.716341,,,,,,,,,,0.500000,0.866025
2012,1,-5.000000,160.000000,-2.500000,162.500000,16753.740000,1.363099,8.099982,0.358069,9.821150,29.067195,0.758692,17.616259,0.411638,0.466240,0.052450,0.000000,0.164775,203.054398,0.500000,0.866025
2012,1,-5.000000,-160.000000,-2.500000,-157.500000,2817.400000,2.105132,14.926528,0.000000,17.031660,,,,,,,,,,0.500000,0.866025
2012,1,-5.000000,165.000000,-2.500000,167.500000,2322.290000,3.198998,11.065801,0.283772,14.548571,28.501339,0.727650,19.476235,0.445016,0.742010,0.051683,0.001111,0.174320,203.162659,0.500000,0.866025
2012,1,-5.000000,-165.000000,-2.500000,-162.500000,2772.370000,1.844631,19.112528,0.000000,20.957159,,,,,,,,,,0.500000,0.866025
2012,1,-5.000000,170.000000,-2.500000,172.500000,2385.200000,8.470569,6.298424,0.580664,15.349656,28.062076,0.700114,25.744295,0.492570,122.638875,0.051769,0.013378,0.186365,203.792419,0.500000,0.866025
2012,1,-5.000000,-170.000000,-2.500000,-167.500000,3475.870000,2.051573,14.445592,0.218363,16.715527,,,,,,,,,,0.500000,0.866025
2012,1,-5.000000,175.000000,-2.500000,177.500000,3523.200000,6.395039,15.355359,0.078622,21.829019,27.758099,0.678094,33.265855,0.472015,87.339259,0.045919,0.001668,0.198012,204.944748,0.500000,0.866025
2012,1,-5.000000,-175.000000,-2.500000,-172.500000,2002.320000,2.049123,14.844281,0.120860,17.014263,,,,,,,,,,0.500000,0.866025
2012,1,-5.000000,-180.000000,-2.500000,-177.500000,1555.630000,2.431169,17.158322,0.000000,19.589491,,,,,,,,,,0.500000,0.866025
2012,1,10.000000,110.000000,12.500000,112.500000,22906.940000,11.328445,3.420535,0.000000,14.748980,26.094984,0.623086,22.525162,0.201826,2.322351,0.048970,0.213889,0.107108,209.039597,0.500000,0.866025
2012,1,10.000000,115.000000,12.500000,117.500000,22906.940000,11.328445,3.420535,0.000000,14.748980,27.729814,0.734988,20.143040,0.198687,126.007135,0.048197,0.072361,0.092948,204.776276,0.500000,0.866025
2012,1,10.000000,150.000000,12.500000,152.500000,1890.250000,5.489221,3.214919,0.276154,8.980294,28.143393,0.857145,50.164633,0.224916,0.551998,0.077873,0.000000,0.074793,202.104050,0.500000,0.866025
2012,1,10.000000,155.000000,12.500000,157.500000,13400.080000,2.938565,0.828279,0.371117,4.137960,28.015282,0.831735,55.111853,0.229891,0.845423,0.082330,0.003889,0.099204,202.596863,0.500000,0.866025
2012,1,10.000000,-165.000000,12.500000,-162.500000,1005.040000,3.392900,13.085051,0.530327,17.008278,,,,,,,,,,0.500000,0.866025
2012,1,10.000000,170.000000,12.500000,172.500000,3872.960000,3.110799,21.196191,6.173056,30.480046,27.226625,0.732900,52.675425,0.231086,55.861881,0.073775,0.003056,0.092641,205.325790,0.500000,0.866025
2012,1,10.000000,175.000000,12.500000,177.500000,9711.420000,2.903386,15.139804,7.714423,25.757613,26.915762,0.689426,55.095704,0.249572,0.634147,0.087441,0.000000,0.105155,206.123306,0.500000,0.866025
2012,1,10.000000,-175.000000,12.500000,-172.500000,2289.230000,4.262132,29.779445,1.936022,35.977599,,,,,,,,,,0.500000,0.866025
2012,1,10.000000,-180.000000,12.500000,-177.500000,6420.430000,3.138886,27.201916,8.431990,38.772792,,,,,,,,,,0.500000,0.866025
2012,1,-10.000000,-135.000000,-7.500000,-132.500000,8869.420000,2.348970,15.259171,0.265406,17.873548,,,,,,,,,,0.500000,0.866025
2012,1,-10.000000,-140.000000,-7.500000,-137.500000,3992.940000,2.750855,11.616503,0.061609,14.428967,,,,,,,,,,0.500000,0.866025
2012,1,-10.000000,-145.000000,-7.500000,-142.500000,5755.240000,4.122330,31.209472,0.031276,35.363078,,,,,,,,,,0.500000,0.866025
2012,1,-10.000000,-150.000000,-7.500000,-147.500000,11883.830000,3.217565,18.759272,1.810359,23.787197,,,,,,,,,,0.500000,0.866025
2012,1,-10.000000,155.000000,-7.500000,157.500000,14290.050000,2.670809,9.162669,0.514834,12.348312,30.080633,0.895401,15.071463,0.120343,135.905375,0.013968,0.108205,0.169909,198.315964,0.500000,0.866025
2012,1,-10.000000,-155.000000,-7.500000,-152.500000,6224.520000,2.592650,13.656957,0.123865,16.373471,,,,,,,,,,0.500000,0.866025
2012,1,-10.000000,160.000000,-7.500000,162.500000,3118.970000,2.881079,4.645444,0.452393,7.978916,29.878364,0.897738,17.970855,0.145938,134.809616,0.020330,0.031973,0.135290,198.731308,0.500000,0.866025
2012,1,-10.000000,-160.000000,-7.500000,-157.500000,4011.690000,9.208339,14.500871,0.041379,23.750589,,,,,,,,,,0.500000,0.866025
2012,1,-10.000000,165.000000,-7.500000,167.500000,7931.990000,1.522064,4.121034,0.532023,6.175121,29.566602,0.874075,20.073720,0.113375,0.455288,0.019441,0.000000,0.115331,198.939331,0.500000,0.866025
2012,1,-10.000000,-165.000000,-7.500000,-162.500000,6554.800000,2.776134,16.528498,0.550894,19.855526,,,,,,,,,,0.500000,0.866025
2012,1,-10.000000,170.000000,-7.500000,172.500000,7205.400000,2.370722,6.459877,1.172593,10.003192,29.306599,0.844485,24.470463,0.077477,0.455480,0.024827,0.000000,0.124815,199.397278,0.500000,0.866025
2012,1,-10.000000,-170.000000,-7.500000,-167.500000,1265.350000,5.040503,12.267752,4.153791,21.462046,,,,,,,,,,0.500000,0.866025
2012,1,-10.000000,-175.000000,-7.500000,-172.500000,1179.640000,1.382625,10.882981,0.016107,12.281713,,,,,,,,,,0.500000,0.866025
2012,1,-10.000000,-180.000000,-7.500000,-177.500000,1809.060000,4.877671,8.684068,2.767736,16.329475,,,,,,,,,,0.500000,0.866025
2012,1,15.000000,110.000000,17.500000,112.500000,22906.940000,11.328445,3.420535,0.000000,14.748980,24.185053,0.675890,40.782440,0.211817,97.376251,0.079253,0.265359,0.164432,215.579926,0.500000,0.866025
2012,1,15.000000,115.000000,17.500000,117.500000,25228.750000,11.151801,3.191795,0.089620,14.433216,25.340710,0.548319,23.681599,0.223070,122.358001,0.069648,0.365460,0.129069,210.850800,0.500000,0.866025
2012,1,15.000000,125.000000,17.500000,127.500000,5873.130000,4.213767,2.879044,12.080100,19.172911,27.072216,0.972872,52.407192,0.186008,3.943327,0.079396,0.235833,0.086010,205.361282,0.500000,0.866025
2012,1,15.000000,130.000000,17.500000,132.500000,6637.260000,4.218910,4.831210,21.352034,30.402154,27.423180,1.042351,67.285602,0.160208,1.355924,0.040873,0.096944,0.081736,204.737030,0.500000,0.866025
2012,1,15.000000,155.000000,17.500000,157.500000,1176.750000,2.352241,0.869344,0.580412,3.801997,27.623845,0.920231,59.483672,0.106427,0.741454,0.039134,0.000833,0.064929,203.700241,0.500000,0.866025
2012,1,15.000000,160.000000,17.500000,162.500000,1900.400000,3.523469,1.176068,0.886129,5.585666,27.573679,0.910642,62.291206,0.140836,0.932229,0.046715,0.010278,0.060473,203.900314,0.500000,0.866025
2012,1,15.000000,-160.000000,17.500000,-157.500000,1178.270000,5.936670,7.318357,0.905565,14.160591,,,,,,,,,,0.500000,0.866025
2012,1,15.000000,-165.000000,17.500000,-162.500000,9262.240000,6.267490,14.929866,3.324898,24.522254,,,,,,,,,,0.500000,0.866025
2012,1,15.000000,-170.000000,17.500000,-167.500000,1031.610000,5.764775,16.756332,4.915617,27.436725,,,,,,,,,,0.500000,0.866025
2012,1,-15.000000,-135.000000,-12.500000,-132.500000,14333.460000,0.883527,20.800630,1.663032,23.347189,,,,,,,,,,0.500000,0.866025
2012,1,-15.000000,-140.000000,-12.500000,-137.500000,2271.290000,1.047863,26.509605,3.404673,30.962140,,,,,,,,,,0.500000,0.866025
2012,1,-15.000000,145.000000,-12.500000,147.500000,2423.360000,24.000561,1.310577,0.273174,25.584313,29.575393,0.758876,14.955317,0.171056,135.351880,0.062847,0.043111,0.108392,198.718765,0.500000,0.866025
2012,1,-15.000000,-145.000000,-12.500000,-142.500000,3308.990000,3.125727,11.778216,9.807524,24.711468,,,,,,,,,,0.500000,0.866025
2012,1,-15.000000,150.000000,-12.500000,152.500000,4242.500000,24.069063,0.557454,8.027814,32.654331,29.825212,0.812031,14.924431,0.121291,133.811546,0.035130,0.059006,0.101699,198.514572,0.500000,0.866025
2012,1,-15.000000,-150.000000,-12.500000,-147.500000,2368.480000,2.444606,11.878927,1.797777,16.121310,,,,,,,,,,0.500000,0.866025
2012,1,-15.000000,155.000000,-12.500000,157.500000,3088.100000,7.915223,1.877206,10.645704,20.438133,29.883698,0.835584,16.860121,0.139570,1.123536,0.036707,0.019444,0.087209,198.150894,0.500000,0.866025
2012,1,-15.000000,-155.000000,-12.500000,-152.500000,3363.820000,2.623208,12.742953,0.452462,15.818623,,,,,,,,,,0.500000,0.866025
2012,1,-15.000000,160.000000,-12.500000,162.500000,5214.440000,4.113385,1.257086,6.573669,11.944140,29.797600,0.821754,16.218439,0.127612,134.444390,0.029799,0.021929,0.091664,198.204956,0.500000,0.866025
2012,1,-15.000000,165.000000,-12.500000,167.500000,8280.660000,2.048871,0.814307,14.559347,17.422524,29.633451,0.849117,17.744401,0.107817,130.576243,0.027359,0.016471,0.083286,198.003067,0.500000,0.866025
2012,1,-15.000000,-165.000000,-12.500000,-162.500000,1577.590000,3.422309,2.901895,13.482591,19.806794,,,,,,,,,,0.500000,0.866025
2012,1,-15.000000,170.000000,-12.500000,172.500000,6944.360000,2.335996,2.130794,12.939853,17.406644,29.754333,0.845770,21.086850,0.097427,1.600305,0.021851,0.046389,0.068428,197.815933,0.500000,0.866025
2012,1,-15.000000,-170.000000,-12.500000,-167.500000,6274.710000,2.187511,1.254241,21.612473,25.054226,,,,,,,,,,0.500000,0.866025
2012,1,-15.000000,175.000000,-12.500000,177.500000,4117.130000,6.657793,2.405316,9.631224,18.694333,29.385305,0.829745,20.087665,0.088491,0.442247,0.020410,0.000000,0.067063,197.749924,0.500000,0.866025
2012,1,-15.000000,-175.000000,-12.500000,-172.500000,5320.760000,3.313436,0.461776,21.117096,24.892309,,,,,,,,,,0.500000,0.866025
2012,1,20.000000,125.000000,22.500000,127.500000,4511.630000,1.367798,1.835479,9.920805,13.124082,23.827113,0.966876,67.944019,0.209806,74.129090,0.109354,0.351028,0.093656,215.894760,0.500000,0.866025
2012,1,20.000000,130.000000,22.500000,132.500000,3187.040000,1.982404,3.690258,21.858841,27.531503,24.575860,0.937494,58.700957,0.132747,3.310470,0.094667,0.430000,0.091104,213.652161,0.500000,0.866025
2012,1,20.000000,135.000000,22.500000,137.500000,3525.710000,1.186144,1.413049,9.621892,12.221085,24.608553,0.909776,63.081974,0.152398,5.692072,0.080280,0.240000,0.075153,212.919159,0.500000,0.866025
2012,1,20.000000,140.000000,22.500000,142.500000,1236.910000,3.064896,3.630822,18.756417,25.452135,25.195670,0.873958,64.725361,0.141476,49.479916,0.073379,0.204501,0.068120,210.386917,0.500000,0.866025
2012,1,20.000000,145.000000,22.500000,147.500000,6367.840000,0.865286,1.237939,7.277507,9.380732,25.441016,0.923791,63.444509,0.167357,5.197300,0.080714,0.197778,0.067002,210.041214,0.500000,0.866025
2012,1,20.000000,150.000000,22.500000,152.500000,7531.590000,4.728484,5.377085,15.991842,26.097411,25.686762,0.866550,60.047332,0.129978,2.734170,0.055758,0.213333,0.068502,208.406693,0.500000,0.866025
2012,1,20.000000,155.000000,22.500000,157.500000,1851.950000,2.230082,6.921353,14.228246,23.379681,26.226488,0.903104,61.617425,0.160150,2.481998,0.071771,0.216389,0.065551,208.767502,0.500000,0.866025
2012,1,20.000000,-155.000000,22.500000,-152.500000,1590.240000,1.631200,11.280058,0.082378,12.993636,,,,,,,,,,0.500000,0.866025
2012,1,20.000000,160.000000,22.500000,162.500000,1127.860000,1.040909,3.383399,3.804550,8.228858,26.181126,0.893463,61.064277,0.134934,2.477154,0.067949,0.253889,0.061212,208.524155,0.500000,0.866025
2012,1,20.000000,-160.000000,22.500000,-157.500000,5636.140000,1.624693,11.338966,0.287431,13.251090,,,,,,,,,,0.500000,0.866025
2012,1,20.000000,165.000000,22.500000,167.500000,1330.870000,1.868702,12.970463,16.934787,31.773952,26.035415,0.813181,54.003734,0.152571,1.984599,0.096632,0.172222,0.059195,208.258118,0.500000,0.866025
2012,1,20.000000,-165.000000,22.500000,-162.500000,2879.580000,2.061759,12.764014,1.320679,16.146452,,,,,,,,,,0.500000,0.866025
2012,1,20.000000,170.000000,22.500000,172.500000,1180.700000,9.737444,9.337681,15.950707,35.025832,26.121285,0.787497,57.413796,0.135404,1.929892,0.049835,0.092222,0.059160,207.955994,0.500000,0.866025
2012,1,20.000000,-170.000000,22.500000,-167.500000,1006.730000,2.888560,15.805628,1.889285,20.583473,,,,,,,,,,0.500000,0.866025
2012,1,-20.000000,-135.000000,-17.500000,-132.500000,3490.940000,0.310518,9.187497,29.568254,39.066269,,,,,,,,,,0.500000,0.866025
2012,1,-20.000000,-145.000000,-17.500000,-142.500000,3821.110000,2.524397,3.308986,14.189332,20.022716,,,,,,,,,,0.500000,0.866025
2012,1,-20.000000,-150.000000,-17.500000,-147.500000,2300.670000,2.642708,2.384957,12.305546,17.333212,,,,,,,,,,0.500000,0.866025
2012,1,-20.000000,-155.000000,-17.500000,-152.500000,2333.590000,3.157367,1.466839,11.841412,16.465617,,,,,,,,,,0.500000,0.866025
2012,1,-20.000000,160.000000,-17.500000,162.500000,3305.850000,4.046161,0.734456,25.725608,30.506224,28.376602,0.761427,15.209692,0.131753,55.892338,0.030351,0.086969,0.092714,202.111420,0.500000,0.866025
2012,1,-20.000000,-160.000000,-17.500000,-157.500000,8883.200000,0.407849,0.736784,19.301941,20.446573,,,,,,,,,,0.500000,0.866025
2012,1,-20.000000,165.000000,-17.500000,167.500000,29780.210000,2.526040,0.803050,13.702019,17.031109,28.533966,0.797234,14.846237,0.115925,130.186462,0.036454,0.076769,0.098133,201.840454,0.500000,0.866025
2012,1,-20.000000,-165.000000,-17.500000,-162.500000,8048.120000,1.376346,0.743155,18.363295,20.482796,,,,,,,,,,0.500000,0.866025
2012,1,-20.000000,170.000000,-17.500000,172.500000,25246.020000,1.574545,0.356215,14.351807,16.282567,28.916254,0.791659,15.307110,0.152986,1.680391,0.065574,0.020278,0.091262,201.354980,0.500000,0.866025
2012,1,-20.000000,-170.000000,-17.500000,-167.500000,3728.770000,0.829764,0.652762,25.051424,26.533951,,,,,,,,,,0.500000,0.866025
2012,1,-20.000000,175.000000,-17.500000,177.500000,11221.030000,4.560187,0.775419,10.533347,15.868953,28.958861,0.800354,14.874211,0.082766,132.430062,0.023475,0.135095,0.097151,200.841248,0.500000,0.866025
2012,1,-20.000000,-175.000000,-17.500000,-172.500000,3994.380000,2.891312,0.602096,20.524837,24.018246,,,,,,,,,,0.500000,0.866025
2012,1,-20.000000,-180.000000,-17.500000,-177.500000,5966.980000,5.952425,1.303172,6.836457,14.092053,,,,,,,,,,0.500000,0.866025
2012,1,25.000000,130.000000,27.500000,132.500000,8320.160000,2.056090,5.747125,43.125012,50.928227,21.896350,1.048842,107.839223,0.193770,44.944387,0.117851,0.224229,0.331942,222.499100,0.500000,0.866025
2012,1,25.000000,135.000000,27.500000,137.500000,5737.350000,1.414242,2.852885,35.805032,40.072159,21.348035,1.028010,107.180375,0.120960,5.775016,0.066683,0.233333,0.252217,219.929810,0.500000,0.866025
2012,1,25.000000,140.000000,27.500000,142.500000,9153.680000,1.646551,3.444298,51.630383,56.721231,21.706645,0.939749,91.607471,0.140385,45.161119,0.072468,0.461239,0.217254,221.830795,0.500000,0.866025
2012,1,25.000000,145.000000,27.500000,147.500000,6289.910000,1.285074,2.615777,33.397139,37.297990,21.909309,0.952534,88.678782,0.117069,5.022868,0.050100,0.453333,0.133472,222.340866,0.500000,0.866025
2012,1,25.000000,150.000000,27.500000,152.500000,3510.920000,0.762193,3.662858,43.286945,47.711996,21.940419,0.879438,89.375875,0.112902,4.042943,0.060874,0.432778,0.068558,222.746674,0.500000,0.866025
2012,1,25.000000,155.000000,27.500000,157.500000,2012.720000,0.653842,4.554036,48.436444,53.644322,22.438639,0.878486,84.077735,0.089941,3.139759,0.040299,0.511111,0.056389,221.871597,0.500000,0.866025
2012,1,25.000000,-155.000000,27.500000,-152.500000,6053.530000,2.503168,15.012233,1.128763,18.644163,,,,,,,,,,0.500000,0.866025
2012,1,25.000000,160.000000,27.500000,162.500000,3900.440000,0.331245,2.958641,34.476367,37.766252,22.416867,0.836487,80.396185,0.101231,5.436275,0.045856,0.485556,0.053491,221.335876,0.500000,0.866025
2012,1,25.000000,-160.000000,27.500000,-157.500000,6366.470000,2.849460,14.992767,0.908039,18.750265,,,,,,,,,,0.500000,0.866025
2012,1,25.000000,165.000000,27.500000,167.500000,1081.430000,2.524435,3.949400,37.533636,44.007472,22.583058,0.765515,70.203469,0.128021,7.233632,0.064025,0.404722,0.055893,221.305649,0.500000,0.866025
2012,1,25.000000,-165.000000,27.500000,-162.500000,1419.740000,4.362066,16.027583,4.724104,25.113753,,,,,,,,,,0.500000,0.866025
2012,1,25.000000,-170.000000,27.500000,-167.500000,1015.150000,2.924691,13.500468,7.618579,24.043737,,,,,,,,,,0.500000,0.866025
2012,1,-25.000000,160.000000,-22.500000,162.500000,2652.670000,1.129051,0.173410,34.400057,35.702519,26.419893,0.697838,17.218135,0.157577,125.945054,0.062535,0.224036,0.083152,208.196304,0.500000,0.866025
2012,1,-25.000000,-160.000000,-22.500000,-157.500000,3136.280000,1.045187,0.340850,20.303991,21.690028,,,,,,,,,,0.500000,0.866025
2012,1,-25.000000,165.000000,-22.500000,167.500000,4298.410000,3.456162,0.489251,16.528437,20.473850,26.713924,0.760921,19.497545,0.182469,124.345876,0.074766,0.233198,0.087114,207.696686,0.500000,0.866025
2012,1,-25.000000,-165.000000,-22.500000,-162.500000,3165.070000,0.270136,0.407574,19.494672,20.172382,,,,,,,,,,0.500000,0.866025
2012,1,-25.000000,170.000000,-22.500000,172.500000,3655.180000,1.865845,0.361952,13.321916,15.549713,26.887247,0.749933,19.026087,0.188628,3.012895,0.089990,0.252222,0.091218,207.320160,0.500000,0.866025
2012,1,-25.000000,175.000000,-22.500000,177.500000,4483.820000,1.903288,0.512286,13.959749,16.375323,26.905244,0.753234,18.976580,0.149064,2.927385,0.081961,0.213333,0.091863,207.026489,0.500000,0.866025
2012,1,-25.000000,-175.000000,-22.500000,-172.500000,1623.270000,27.736606,0.511314,16.559784,44.807703,,,,,,,,,,0.500000,0.866025
2012,1,-25.000000,-180.000000,-22.500000,-177.500000,3592.410000,3.555830,1.758986,9.593003,14.907820,,,,,,,,,,0.500000,0.866025
2012,1,30.000000,130.000000,32.500000,132.500000,15670.810000,2.550921,4.628733,38.107411,45.287066,18.818046,0.663172,93.422278,0.345115,92.642299,0.357954,0.739114,0.605487,230.253082,0.500000,0.866025
2012,1,30.000000,135.000000,32.500000,137.500000,11536.330000,1.508279,5.944178,48.741064,56.193521,19.935051,0.928036,122.995930,0.343625,84.466203,0.344271,0.423429,0.490092,222.997833,0.500000,0.866025
2012,1,30.000000,140.000000,32.500000,142.500000,12995.930000,0.176978,3.587431,17.455927,21.220336,19.664385,0.905860,135.550594,0.260051,26.531470,0.182572,0.368889,0.394104,226.811295,0.500000,0.866025
2012,1,30.000000,155.000000,32.500000,157.500000,1234.290000,0.380786,5.500328,39.866644,45.747758,19.030661,0.747901,130.448281,0.292625,3.106069,0.171824,0.407222,0.403621,236.599060,0.500000,0.866025
2012,1,30.000000,-155.000000,32.500000,-152.500000,7341.470000,0.854052,4.028757,22.544940,27.427749,,,,,,,,,,0.500000,0.866025
2012,1,30.000000,160.000000,32.500000,162.500000,2985.010000,0.620433,12.737311,29.446133,42.803877,18.584302,0.756593,115.835848,0.343619,7.198487,0.222652,0.562222,0.270564,239.700424,0.500000,0.866025
2012,1,30.000000,-160.000000,32.500000,-157.500000,6997.760000,1.209387,4.442422,33.408405,39.060214,,,,,,,,,,0.500000,0.866025
2012,1,30.000000,165.000000,32.500000,167.500000,6488.430000,9.584907,2.805918,6.137232,18.528057,18.982765,0.715527,107.572368,0.228809,3.186628,0.211386,0.382778,0.206989,240.058243,0.500000,0.866025
2012,1,30.000000,-165.000000,32.500000,-162.500000,5350.710000,1.227688,4.137956,13.070789,18.436432,,,,,,,,,,0.500000,0.866025
2012,1,30.000000,170.000000,32.500000,172.500000,3090.360000,2.258313,4.993269,30.342096,37.593678,18.829979,0.687479,104.545483,0.190891,5.620600,0.102052,0.326944,0.167958,240.189224,0.500000,0.866025
2012,1,30.000000,-170.000000,32.500000,-167.500000,2091.430000,0.573770,0.814754,0.075068,1.463592,,,,,,,,,,0.500000,0.866025
2012,1,-30.000000,155.000000,-27.500000,157.500000,1717.870000,6.448684,6.935333,2.581103,15.965120,24.054118,0.615722,17.459343,0.239927,3.542150,0.101602,0.296944,0.078300,216.922134,0.500000,0.866025
2012,1,-30.000000,175.000000,-27.500000,177.500000,4538.400000,2.264895,0.579720,17.013265,19.857879,24.240812,0.563239,21.774830,0.144850,2.667675,0.058389,0.214167,0.070094,215.817123,0.500000,0.866025
2012,1,-40.000000,155.000000,-37.500000,157.500000,1168.500000,4.307231,5.393239,3.880188,13.580659,,,,,,,,,,0.500000,0.866025
2012,1,-40.000000,175.000000,-37.500000,177.500000,1524.330000,0.000000,5.477160,2.494211,7.971371,,,,,,,,,,0.500000,0.866025
2012,2,0.000000,120.000000,2.500000,122.500000,20561.680000,11.541518,3.566732,0.000000,15.108250,29.242533,0.711928,14.343842,0.272371,133.533512,0.023501,0.064556,0.108028,201.834671,0.866025,0.500000
2012,2,0.000000,125.000000,2.500000,127.500000,27245.140000,11.595022,3.513177,0.000000,15.108199,29.001843,0.705933,16.555877,0.233199,134.304538,0.020339,0.124319,0.123471,200.517197,0.866025,0.500000
2012,2,0.000000,130.000000,2.500000,132.500000,15108.160000,17.152850,6.579358,0.019393,23.751602,29.468037,0.736558,21.226561,0.438010,117.120417,0.022122,0.010281,0.198244,201.457535,0.866025,0.500000
2012,2,0.000000,135.000000,2.500000,137.500000,10814.670000,11.329518,8.055447,0.177906,19.562872,29.678536,0.773592,24.374075,0.432255,0.868684,0.021113,0.011389,0.125704,200.317719,0.866025,0.500000
2012,2,0.000000,140.000000,2.500000,142.500000,3598.510000,6.885350,10.952033,0.000000,17.837383,29.665103,0.776535,30.740279,0.386461,0.689380,0.015983,0.000000,0.162075,200.450333,0.866025,0.500000
2012,2,0.000000,145.000000,2.500000,147.500000,3938.500000,6.014726,12.569506,0.560873,19.145106,29.546103,0.783543,27.913714,0.322190,0.435358,0.014778,0.000000,0.200483,199.874695,0.866025,0.500000
2012,2,0.000000,150.000000,2.500000,152.500000,3584.630000,4.477450,9.419940,0.695190,14.592580,29.295648,0.772987,33.683704,0.258847,0.348810,0.012069,0.000000,0.190686,199.555359,0.866025,0.500000
2012,2,0.000000,155.000000,2.500000,157.500000,11800.800000,6.465918,8.129195,0.471748,15.066860,28.863230,0.750113,31.291053,0.297580,0.472123,0.012483,0.000000,0.200221,199.122910,0.866025,0.500000
2012,2,0.000000,-155.000000,2.500000,-152.500000,10105.690000,1.476594,22.682766,0.008906,24.168266,,,,,,,,,,0.866025,0.500000
2012,2,0.000000,160.000000,2.500000,162.500000,5437.920000,4.235075,9.025694,0.351973,13.612742,28.553069,0.719846,27.402444,0.315845,0.460213,0.016204,0.000000,0.205829,199.944977,0.866025,0.500000
2012,2,0.000000,-160.000000,2.500000,-157.500000,9230.200000,4.438257,21.904292,0.015276,26.357825,,,,,,,,,,0.866025,0.500000
2012,2,0.000000,165.000000,2.500000,167.500000,9437.330000,3.081910,15.417072,0.142625,18.641607,28.075320,0.685234,31.179477,0.292157,88.299561,0.019994,0.002779,0.222045,199.368530,0.866025,0.500000
2012,2,0.000000,-165.000000,2.500000,-162.500000,2524.560000,5.835076,15.786513,0.054267,21.675856,,,,,,,,,,0.866025,0.500000
2012,2,0.000000,170.000000,2.500000,172.500000,8205.120000,3.000078,13.410895,3.402632,19.813604,27.676858,0.659403,27.689522,0.370066,124.142002,0.018856,0.019537,0.229180,201.369064,0.866025,0.500000
2012,2,0.000000,-170.000000,2.500000,-167.500000,5290.540000,2.230207,19.904584,0.027218,22.162010,,,,,,,,,,0.866025,0.500000
2012,2,0.000000,175.000000,2.500000,177.500000,5815.330000,1.007338,13.628289,0.403932,15.039559,27.676704,0.626354,34.833998,0.353304,0.616342,0.019236,0.000000,0.205901,202.809265,0.866025,0.500000
2012,2,0.000000,-175.000000,2.500000,-172.500000,5964.860000,1.161637,20.250433,0.023135,21.435206,,,,,,,,,,0.866025,0.500000
2012,2,0.000000,-180.000000,2.500000,-177.500000,3725.560000,0.753712,19.362995,0.005100,20.121807,,,,,,,,,,0.866025,0.500000
2012,2,5.000000,130.000000,7.500000,132.500000,3202.860000,2.530239,13.246598,0.112712,15.889549,28.637365,0.625928,28.904126,0.335355,127.785442,0.048374,0.014493,0.114460,200.980011,0.866025,0.500000
2012,2,5.000000,135.000000,7.500000,137.500000,2102.840000,3.783930,7.913108,0.000000,11.697038,28.770590,0.662521,31.891250,0.351350,128.685931,0.060478,0.015021,0.084886,199.863052,0.866025,0.500000
2012,2,5.000000,140.000000,7.500000,142.500000,1891.200000,13.225465,37.113473,0.000000,50.338938,28.775067,0.701400,48.733272,0.217130,0.743044,0.034853,0.000833,0.074784,199.719650,0.866025,0.500000
2012,2,5.000000,145.000000,7.500000,147.500000,2408.520000,9.501686,19.392822,0.007473,28.901981,28.838002,0.711053,47.157924,0.217577,0.761257,0.035034,0.001667,0.074287,199.727020,0.866025,0.500000
2012,2,5.000000,150.000000,7.500000,152.500000,3594.680000,8.716770,15.788610,0.023090,24.528470,28.703987,0.721532,46.730365,0.164173,115.064431,0.028286,0.006403,0.077632,199.970734,0.866025,0.500000
2012,2,5.000000,155.000000,7.500000,157.500000,5676.170000,7.235689,12.584894,0.224447,20.045030,28.658922,0.706445,54.830997,0.139603,122.070152,0.025584,0.003336,0.127600,200.473755,0.866025,0.500000
2012,2,5.000000,160.000000,7.500000,162.500000,1871.270000,4.659402,19.022910,0.262923,23.945235,28.518163,0.697765,51.311663,0.159233,1.707869,0.017161,0.074722,0.156166,200.941254,0.866025,0.500000
2012,2,5.000000,165.000000,7.500000,167.500000,5908.250000,3.732747,12.298904,0.130834,16.162485,28.218120,0.669487,40.232735,0.164512,126.662246,0.024249,0.077904,0.140562,201.986954,0.866025,0.500000
2012,2,5.000000,-165.000000,7.500000,-162.500000,1621.930000,7.941773,20.913973,0.065354,28.921100,,,,,,,,,,0.866025,0.500000
2012,2,5.000000,-170.000000,7.500000,-167.500000,1007.950000,4.862344,10.316980,0.059527,15.238851,,,,,,,,,,0.866025,0.500000
2012,2,5.000000,175.000000,7.500000,177.500000,7965.660000,0.614387,19.419107,0.016446,20.049939,27.762774,0.605505,54.620293,0.134741,0.750368,0.032790,0.001667,0.202552,202.530151,0.866025,0.500000
2012,2,5.000000,-175.000000,7.500000,-172.500000,5688.350000,1.361203,16.998427,0.095107,18.454736,,,,,,,,,,0.866025,0.500000
2012,2,5.000000,-180.000000,7.500000,-177.500000,11958.190000,1.160544,20.796124,0.026258,21.982926,,,,,,,,,,0.866025,0.500000
2012,2,-5.000000,120.000000,-2.500000,122.500000,26733.830000,11.759744,3.348454,0.000000,15.108198,29.628090,0.724624,14.400202,0.067870,135.672250,0.006036,0.216064,0.111342,199.828568,0.866025,0.500000
2012,2,-5.000000,125.000000,-2.500000,127.500000,40100.740000,11.759758,3.348442,0.000000,15.108200,29.480129,0.729279,16.952088,0.092804,133.265831,0.011801,0.135604,0.100083,199.330902,0.866025,0.500000
2012,2,-5.000000,130.000000,-2.500000,132.500000,13366.910000,11.759786,3.348418,0.000000,15.108204,29.585037,0.738475,17.842659,0.096804,134.687140,0.009968,0.207695,0.154851,199.189758,0.866025,0.500000
2012,2,-5.000000,140.000000,-2.500000,142.500000,1622.720000,12.262744,0.358041,0.027731,12.648516,29.396118,0.767774,25.466617,0.257124,131.193052,0.005818,0.043363,0.364667,201.370590,0.866025,0.500000
2012,2,-5.000000,145.000000,-2.500000,147.500000,1498.880000,14.410093,0.287548,0.000000,14.697641,29.468979,0.779185,23.711325,0.307154,128.621372,0.013672,0.028800,0.333692,201.334000,0.866025,0.500000
2012,2,-5.000000,-155.000000,-2.500000,-152.500000,9559.720000,1.486236,14.252091,0.098015,15.836342,,,,,,,,,,0.866025,0.500000
2012,2,-5.000000,160.000000,-2.500000,162.500000,5155.390000,1.244717,4.509843,0.736511,6.491071,28.750615,0.760580,30.453744,0.524159,0.626213,0.053793,0.000000,0.170000,202.516418,0.866025,0.500000
2012,2,-5.000000,-160.000000,-2.500000,-157.500000,2499.820000,2.238561,12.871327,0.083206,15.193094,,,,,,,,,,0.866025,0.500000
2012,2,-5.000000,165.000000,-2.500000,167.500000,1154.130000,1.248560,4.383388,0.713091,6.345039,28.319359,0.726232,30.609600,0.538817,0.886446,0.053285,0.001667,0.182151,203.256531,0.866025,0.500000
2012,2,-5.000000,-165.000000,-2.500000,-162.500000,2405.090000,1.844837,11.390426,0.191261,13.426525,,,,,,,,,,0.866025,0.500000
2012,2,-5.000000,170.000000,-2.500000,172.500000,2717.260000,1.585053,2.144072,3.900988,7.630113,27.971568,0.692267,33.779518,0.530208,123.112447,0.051987,0.011427,0.192456,204.268951,0.866025,0.500000
2012,2,-5.000000,-170.000000,-2.500000,-167.500000,1569.380000,2.301546,14.986810,0.216009,17.504365,,,,,,,,,,0.866025,0.500000
2012,2,-5.000000,175.000000,-2.500000,177.500000,1556.330000,3.043699,4.228538,0.776185,8.048422,27.730965,0.658318,32.011229,0.504645,87.161384,0.049852,0.013063,0.197743,204.940521,0.866025,0.500000
2012,2,-5.000000,-175.000000,-2.500000,-172.500000,1004.230000,1.825279,14.388138,0.291766,16.505183,,,,,,,,,,0.866025,0.500000
2012,2,10.000000,110.000000,12.500000,112.500000,28321.080000,9.162786,2.766632,0.000000,11.929418,26.443053,0.627231,17.092655,0.200744,2.286156,0.036374,0.110833,0.098464,208.219940,0.866025,0.500000
2012,2,10.000000,115.000000,12.500000,117.500000,28321.080000,9.162786,2.766632,0.000000,11.929418,27.683040,0.718475,17.141028,0.206173,125.789317,0.036836,0.070375,0.099449,205.169266,0.866025,0.500000
2012,2,10.000000,130.000000,12.500000,132.500000,6519.820000,2.424300,0.196171,0.626858,3.247329,28.141900,0.820547,46.521825,0.244303,0.378253,0.071929,0.000000,0.077054,202.083130,0.866025,0.500000
2012,2,10.000000,135.000000,12.500000,137.500000,5162.920000,1.312436,0.066242,0.060818,1.439495,28.265561,0.853490,44.819407,0.232945,114.714402,0.062730,0.001946,0.074887,201.919922,0.866025,0.500000
2012,2,10.000000,140.000000,12.500000,142.500000,1145.200000,0.613867,0.647049,0.000000,1.260915,28.217752,0.886607,47.392046,0.200333,88.814701,0.050597,0.004174,0.074592,202.233276,0.866025,0.500000
2012,2,10.000000,150.000000,12.500000,152.500000,4510.630000,2.516278,1.045530,0.421671,3.983479,27.842743,0.884471,47.613285,0.239595,0.649853,0.075010,0.000000,0.099954,203.083511,0.866025,0.500000
2012,2,10.000000,155.000000,12.500000,157.500000,26090.860000,2.051906,0.197272,0.311297,2.560475,27.661873,0.833043,50.515087,0.221905,0.658350,0.071972,0.000000,0.119175,203.447540,0.866025,0.500000
2012,2,10.000000,-165.000000,12.500000,-162.500000,1334.780000,2.679093,17.172867,2.773491,22.625451,,,,,,,,,,0.866025,0.500000
2012,2,10.000000,-170.000000,12.500000,-167.500000,3283.580000,4.341907,18.556880,3.931075,26.829863,,,,,,,,,,0.866025,0.500000
2012,2,10.000000,175.000000,12.500000,177.500000,2134.820000,1.580930,32.131515,2.416597,36.129041,26.538962,0.681333,55.981927,0.226998,0.783484,0.065959,0.009444,0.100231,206.743851,0.866025,0.500000
2012,2,10.000000,-175.000000,12.500000,-172.500000,7941.640000,5.245894,26.628379,2.186828,34.061101,,,,,,,,,,0.866025,0.500000
2012,2,10.000000,-180.000000,12.500000,-177.500000,3328.760000,2.678174,21.684651,11.519905,35.882731,,,,,,,,,,0.866025,0.500000
2012,2,-10.000000,-135.000000,-7.500000,-132.500000,8421.810000,2.785268,13.360548,2.018093,18.163910,,,,,,,,,,0.866025,0.500000
2012,2,-10.000000,-140.000000,-7.500000,-137.500000,3807.340000,2.672995,11.263507,0.060935,13.997437,,,,,,,,,,0.866025,0.500000
2012,2,-10.000000,145.000000,-7.500000,147.500000,1476.140000,13.958026,0.260138,0.170038,14.388202,29.367240,0.766490,14.554842,0.193277,132.380396,0.025133,0.187376,0.267653,199.213089,0.866025,0.500000
2012,2,-10.000000,-145.000000,-7.500000,-142.500000,3197.290000,2.173090,14.238308,0.066306,16.477705,,,,,,,,,,0.866025,0.500000
2012,2,-10.000000,150.000000,-7.500000,152.500000,1441.390000,12.905598,0.253228,0.282366,13.441192,29.611127,0.850827,18.911548,0.243563,133.106657,0.040637,0.061169,0.188182,199.314758,0.866025,0.500000
2012,2,-10.000000,-150.000000,-7.500000,-147.500000,7324.800000,2.078828,13.837374,0.298302,16.214504,,,,,,,,,,0.866025,0.500000
2012,2,-10.000000,155.000000,-7.500000,157.500000,4453.610000,21.838239,5.253716,4.860327,31.952281,29.542532,0.892242,22.631236,0.169479,132.939589,0.024964,0.100773,0.191819,198.123245,0.866025,0.500000
2012,2,-10.000000,-155.000000,-7.500000,-152.500000,9485.330000,1.921915,13.954074,0.357710,16.233700,,,,,,,,,,0.866025,0.500000
2012,2,-10.000000,160.000000,-7.500000,162.500000,2497.930000,8.721622,4.416457,2.070114,15.208192,29.456646,0.907482,26.120465,0.170269,132.451525,0.018117,0.031973,0.156274,198.364029,0.866025,0.500000
2012,2,-10.000000,-160.000000,-7.500000,-157.500000,3157.910000,3.365834,8.343810,0.505081,12.214724,,,,,,,,,,0.866025,0.500000
2012,2,-10.000000,165.000000,-7.500000,167.500000,4387.130000,2.965036,2.658230,3.955889,9.579155,29.366305,0.898688,30.341037,0.134459,0.876396,0.032146,0.001944,0.118747,198.649994,0.866025,0.500000
2012,2,-10.000000,-165.000000,-7.500000,-162.500000,4989.360000,4.386334,6.495823,3.793272,14.675429,,,,,,,,,,0.866025,0.500000
2012,2,-10.000000,170.000000,-7.500000,172.500000,6674.380000,2.868431,2.893902,2.024608,7.786941,29.216180,0.871184,37.406242,0.148152,0.611987,0.034025,0.000000,0.117415,199.265488,0.866025,0.500000
2012,2,-10.000000,-170.000000,-7.500000,-167.500000,5584.170000,3.774419,7.222380,1.692284,12.689084,,,,,,,,,,0.866025,0.500000
2012,2,-10.000000,175.000000,-7.500000,177.500000,2274.330000,19.488816,6.365391,1.474280,27.328488,29.015902,0.829667,35.520919,0.151980,0.625926,0.039086,0.000000,0.134985,200.171112,0.866025,0.500000
2012,2,15.000000,110.000000,17.500000,112.500000,28321.080000,9.162786,2.766632,0.000000,11.929418,24.067703,0.618641,22.183929,0.179961,93.124679,0.070521,0.299106,0.167290,216.491882,0.866025,0.500000
2012,2,15.000000,115.000000,17.500000,117.500000,29481.550000,9.114819,2.697416,0.000000,11.812235,25.676458,0.582842,17.912156,0.222543,122.330276,0.070324,0.330362,0.127925,210.920700,0.866025,0.500000
2012,2,15.000000,125.000000,17.500000,127.500000,5481.420000,4.911683,5.988412,22.534124,33.434220,26.724065,1.019683,51.300049,0.169584,1.887560,0.046469,0.121111,0.098052,206.722305,0.866025,0.500000
2012,2,15.000000,130.000000,17.500000,132.500000,5540.050000,3.211523,3.437153,10.322831,16.971507,26.647887,0.998340,50.728717,0.162875,2.329248,0.057675,0.098889,0.090055,206.630005,0.866025,0.500000
2012,2,15.000000,135.000000,17.500000,137.500000,1145.120000,0.885497,0.346689,0.771971,2.004157,26.616507,0.940679,44.154351,0.178143,2.516954,0.071374,0.212500,0.083710,205.921875,0.866025,0.500000
2012,2,15.000000,150.000000,17.500000,152.500000,2204.130000,13.829493,0.948220,18.013003,32.790716,27.249228,0.926698,41.005095,0.121240,1.708263,0.053474,0.108056,0.073909,204.653503,0.866025,0.500000
2012,2,15.000000,155.000000,17.500000,157.500000,2721.720000,9.820996,1.403157,16.933042,28.157195,27.244834,0.908237,50.936582,0.134384,1.149422,0.056547,0.033056,0.067406,204.835052,0.866025,0.500000
2012,2,15.000000,160.000000,17.500000,162.500000,3114.460000,9.077978,1.496889,16.728101,27.302967,27.245289,0.911859,60.557669,0.151749,1.241289,0.037819,0.058611,0.060890,204.706070,0.866025,0.500000
2012,2,15.000000,-165.000000,17.500000,-162.500000,6836.870000,4.175449,11.250762,4.127620,19.553831,,,,,,,,,,0.866025,0.500000
2012,2,15.000000,-170.000000,17.500000,-167.500000,2523.320000,5.659211,13.276556,11.473376,30.409144,,,,,,,,,,0.866025,0.500000
2012,2,15.000000,-175.000000,17.500000,-172.500000,1665.010000,2.993375,3.804782,27.190227,33.988384,,,,,,,,,,0.866025,0.500000
2012,2,15.000000,-180.000000,17.500000,-177.500000,3415.060000,2.585313,4.462293,28.501403,35.549009,,,,,,,,,,0.866025,0.500000
2012,2,-15.000000,-135.000000,-12.500000,-132.500000,4782.070000,0.976146,25.669428,5.369850,32.015424,,,,,,,,,,0.866025,0.500000
2012,2,-15.000000,145.000000,-12.500000,147.500000,1576.990000,14.755325,1.164243,2.600524,18.520092,29.032308,0.735902,19.098448,0.103343,132.997239,0.022882,0.040857,0.092855,198.892822,0.866025,0.500000
2012,2,-15.000000,-145.000000,-12.500000,-142.500000,2675.180000,1.397663,15.444194,7.226803,24.068661,,,,,,,,,,0.866025,0.500000
2012,2,-15.000000,150.000000,-12.500000,152.500000,5257.720000,15.896244,0.958971,4.674079,21.529294,29.298359,0.776470,18.252732,0.167945,131.562196,0.057884,0.026821,0.094554,198.678864,0.866025,0.500000
2012,2,-15.000000,155.000000,-12.500000,157.500000,7180.890000,13.694960,1.085938,14.495418,29.276315,29.303044,0.768536,20.054688,0.164249,0.448316,0.054675,0.000000,0.082369,198.683090,0.866025,0.500000
2012,2,-15.000000,-155.000000,-12.500000,-152.500000,1055.030000,3.844440,14.322815,1.542136,19.709392,,,,,,,,,,0.866025,0.500000
2012,2,-15.000000,160.000000,-12.500000,162.500000,5886.730000,5.621457,1.832257,11.498064,18.951778,29.262802,0.809268,22.078989,0.159371,131.832128,0.055598,0.018274,0.079958,198.749741,0.866025,0.500000
2012,2,-15.000000,165.000000,-12.500000,167.500000,15905.990000,2.882373,1.266253,10.792601,14.941227,29.034076,0.853635,25.772678,0.173172,128.938776,0.071916,0.018146,0.082500,198.810791,0.866025,0.500000
2012,2,-15.000000,-165.000000,-12.500000,-162.500000,5172.460000,6.321557,3.393550,15.053766,24.768872,,,,,,,,,,0.866025,0.500000
2012,2,-15.000000,170.000000,-12.500000,172.500000,15557.590000,5.078036,1.338832,12.965954,19.382822,29.131610,0.866187,31.181398,0.082955,0.898647,0.026008,0.009444,0.063004,198.504318,0.866025,0.500000
2012,2,-15.000000,-170.000000,-12.500000,-167.500000,6698.390000,2.450141,1.111013,17.120831,20.681985,,,,,,,,,,0.866025,0.500000
2012,2,-15.000000,175.000000,-12.500000,177.500000,7855.300000,4.579201,0.723843,10.127303,15.430346,29.088395,0.845032,29.846553,0.091089,0.590400,0.017370,0.000000,0.062301,198.244003,0.866025,0.500000
2012,2,-15.000000,-175.000000,-12.500000,-172.500000,4907.380000,4.983311,0.354160,16.858079,22.195550,,,,,,,,,,0.866025,0.500000
2012,2,-15.000000,-180.000000,-12.500000,-177.500000,1106.400000,18.831345,1.725416,6.816703,27.373463,,,,,,,,,,0.866025,0.500000
2012,2,20.000000,125.000000,22.500000,127.500000,1489.270000,2.582473,4.192658,17.536780,24.311911,23.540876,0.926804,49.381631,0.203075,72.411010,0.109061,0.410784,0.136711,218.396164,0.866025,0.500000
2012,2,20.000000,130.000000,22.500000,132.500000,1707.320000,1.994939,3.922522,23.774688,29.692149,24.006528,0.953904,42.929584,0.174241,3.364226,0.075046,0.442222,0.119760,217.465210,0.866025,0.500000
2012,2,20.000000,135.000000,22.500000,137.500000,2698.190000,1.580689,2.522061,25.639781,29.742531,23.736700,0.879197,47.010121,0.142194,6.144785,0.064424,0.321667,0.117611,216.345627,0.866025,0.500000
2012,2,20.000000,140.000000,22.500000,142.500000,1335.760000,3.749925,3.334431,34.792178,41.876535,24.467053,0.879329,51.937562,0.152443,45.824096,0.089086,0.196721,0.074293,214.403580,0.866025,0.500000
2012,2,20.000000,145.000000,22.500000,147.500000,1366.510000,3.645052,4.372452,31.862921,39.880425,24.622739,0.895299,46.525979,0.150437,4.407285,0.067145,0.330833,0.073926,212.983139,0.866025,0.500000
2012,2,20.000000,150.000000,22.500000,152.500000,5104.420000,3.095552,8.067714,33.169292,44.332559,24.951537,0.864966,44.684695,0.144742,3.956824,0.064560,0.302778,0.069688,211.909653,0.866025,0.500000
2012,2,20.000000,155.000000,22.500000,157.500000,2835.090000,10.122783,4.165653,45.971733,60.260168,25.487369,0.890096,47.713615,0.171899,5.858862,0.061962,0.393333,0.067768,211.940475,0.866025,0.500000
2012,2,20.000000,-155.000000,22.500000,-152.500000,1044.350000,2.727055,12.554220,1.479389,16.760665,,,,,,,,,,0.866025,0.500000
2012,2,20.000000,-160.000000,22.500000,-157.500000,3561.810000,4.294446,17.051162,0.593238,21.938846,,,,,,,,,,0.866025,0.500000
2012,2,20.000000,-165.000000,22.500000,-162.500000,6578.540000,3.697629,16.178514,11.003809,30.879952,,,,,,,,,,0.866025,0.500000
2012,2,20.000000,-170.000000,22.500000,-167.500000,1292.260000,4.338136,7.805705,24.143748,36.287589,,,,,,,,,,0.866025,0.500000
2012,2,20.000000,-180.000000,22.500000,-177.500000,1097.030000,0.909729,3.216867,16.862802,20.989399,,,,,,,,,,0.866025,0.500000
2012,2,-20.000000,-135.000000,-17.500000,-132.500000,4956.880000,1.585877,2.937130,27.460620,31.983627,,,,,,,,,,0.866025,0.500000
2012,2,-20.000000,-145.000000,-17.500000,-142.500000,3466.860000,4.597821,2.268335,17.279036,24.145192,,,,,,,,,,0.866025,0.500000
2012,2,-20.000000,-150.000000,-17.500000,-147.500000,4597.470000,4.154894,1.255473,14.799227,20.209594,,,,,,,,,,0.866025,0.500000
2012,2,-20.000000,155.000000,-17.500000,157.500000,1255.340000,5.350742,1.018847,36.574952,42.944541,28.985067,0.714259,14.484636,0.150802,1.462872,0.056443,0.028889,0.097071,200.646500,0.866025,0.500000
2012,2,-20.000000,-155.000000,-17.500000,-152.500000,1286.340000,12.112661,1.246949,11.828910,25.188519,,,,,,,,,,0.866025,0.500000
2012,2,-20.000000,160.000000,-17.500000,162.500000,1990.470000,2.290414,0.929931,29.682939,32.903284,28.774916,0.728619,15.684174,0.115546,57.463121,0.042732,0.012781,0.095642,201.459076,0.866025,0.500000
2012,2,-20.000000,-160.000000,-17.500000,-157.500000,5702.030000,0.843208,1.019111,15.521490,17.383809,,,,,,,,,,0.866025,0.500000
2012,2,-20.000000,165.000000,-17.500000,167.500000,12957.110000,2.614086,0.509990,7.785841,10.909917,28.366842,0.688536,14.401267,0.129552,128.767474,0.049395,0.054139,0.092002,202.179016,0.866025,0.500000
2012,2,-20.000000,-165.000000,-17.500000,-162.500000,5048.860000,2.073735,1.189774,28.629235,31.892744,,,,,,,,,,0.866025,0.500000
2012,2,-20.000000,170.000000,-17.500000,172.500000,15586.340000,0.807951,0.213071,10.134130,11.155153,28.370515,0.738924,17.398518,0.165706,0.738356,0.080125,0.002500,0.083605,202.612152,0.866025,0.500000
2012,2,-20.000000,-170.000000,-17.500000,-167.500000,1623.620000,1.390720,0.541999,19.393085,21.325803,,,,,,,,,,0.866025,0.500000
2012,2,-20.000000,175.000000,-17.500000,177.500000,5792.290000,4.609748,1.027055,7.973358,13.610161,28.385493,0.784558,17.757740,0.082070,128.627407,0.022290,0.092805,0.090715,202.214905,0.866025,0.500000
2012,2,-20.000000,-175.000000,-17.500000,-172.500000,2336.950000,5.871756,0.581527,14.565566,21.018849,,,,,,,,,,0.866025,0.500000
2012,2,-20.000000,-180.000000,-17.500000,-177.500000,12158.130000,7.634809,1.348398,9.865909,18.849116,,,,,,,,,,0.866025,0.500000
2012,2,25.000000,130.000000,27.500000,132.500000,14706.490000,2.406761,4.237857,52.432497,59.077115,20.902521,1.010264,93.730878,0.194026,43.552834,0.104067,0.448458,0.420722,222.764908,0.866025,0.500000
2012,2,25.000000,135.000000,27.500000,137.500000,10479.050000,2.667608,3.314232,52.562685,58.544525,20.345033,1.000788,104.702780,0.127266,3.420183,0.075341,0.378611,0.371961,223.948227,0.866025,0.500000
2012,2,25.000000,140.000000,27.500000,142.500000,10088.220000,2.029397,4.106770,52.432838,58.569004,20.728220,0.927276,88.303264,0.124597,43.858861,0.067337,0.365379,0.334315,225.803574,0.866025,0.500000
2012,2,25.000000,145.000000,27.500000,147.500000,1566.420000,0.632014,1.393624,16.757958,18.783596,20.968822,0.963423,85.649608,0.124525,6.396413,0.051042,0.520278,0.228952,228.518280,0.866025,0.500000
2012,2,25.000000,160.000000,27.500000,162.500000,1559.210000,0.451511,1.810532,28.822288,31.084331,20.814921,0.803128,70.806040,0.123622,5.102360,0.061857,0.527222,0.073484,228.592682,0.866025,0.500000
2012,2,25.000000,-160.000000,27.500000,-157.500000,2828.950000,4.294173,12.093179,2.363775,18.751127,,,,,,,,,,0.866025,0.500000
2012,2,25.000000,165.000000,27.500000,167.500000,1067.040000,2.361673,4.078572,52.636265,59.076511,21.261855,0.753218,61.549521,0.097789,4.017580,0.045591,0.570556,0.069700,228.194275,0.866025,0.500000
2012,2,25.000000,-165.000000,27.500000,-162.500000,6378.600000,3.166996,11.525256,22.699652,37.391904,,,,,,,,,,0.866025,0.500000
2012,2,25.000000,-170.000000,27.500000,-167.500000,2659.110000,4.777538,8.197480,35.178688,48.153706,,,,,,,,,,0.866025,0.500000
2012,2,-25.000000,-135.000000,-22.500000,-132.500000,1028.370000,0.601923,3.865340,42.005309,46.472573,,,,,,,,,,0.866025,0.500000
2012,2,-25.000000,155.000000,-22.500000,157.500000,1353.210000,3.170240,1.409242,31.151854,35.731335,27.968282,0.741915,18.341464,0.175673,55.979262,0.079198,0.205891,0.096195,203.679016,0.866025,0.500000
2012,2,-25.000000,165.000000,-22.500000,167.500000,1167.840000,1.467667,0.287711,9.441362,11.196739,27.383926,0.725560,16.181088,0.161227,128.702548,0.071063,0.311124,0.096389,204.612885,0.866025,0.500000
2012,2,-25.000000,170.000000,-22.500000,172.500000,4521.020000,1.745624,0.541913,20.833794,23.121331,27.152758,0.731538,17.001778,0.151047,2.097526,0.087494,0.167778,0.090237,205.306992,0.866025,0.500000
2012,2,-25.000000,-180.000000,-22.500000,-177.500000,1904.870000,2.823815,1.231580,16.065663,20.121058,,,,,,,,,,0.866025,0.500000
2012,2,30.000000,130.000000,32.500000,132.500000,14025.130000,4.162600,3.636829,56.346073,64.145502,17.824760,0.631641,89.750413,0.359404,90.391777,0.319896,0.706744,0.603308,236.683868,0.866025,0.500000
2012,2,30.000000,135.000000,32.500000,137.500000,7752.260000,3.956782,4.444768,56.589175,64.990725,18.808315,0.841634,136.390000,0.362853,81.166298,0.373887,0.415802,0.505580,227.026642,0.866025,0.500000
2012,2,30.000000,140.000000,32.500000,142.500000,6440.930000,2.029055,3.572465,18.050499,23.652019,18.671874,0.915056,172.501432,0.206954,25.272839,0.170985,0.261667,0.429332,228.889359,0.866025,0.500000
2012,2,30.000000,145.000000,32.500000,147.500000,4063.740000,0.000000,0.164873,0.062750,0.227623,18.187658,0.894400,169.248498,0.273494,7.473462,0.190637,0.298056,0.418028,231.908463,0.866025,0.500000
2012,2,30.000000,150.000000,32.500000,152.500000,1349.300000,0.000000,0.271252,0.091158,0.362410,17.755263,0.780464,178.838474,0.292672,2.884181,0.173547,0.225556,0.437614,235.110916,0.866025,0.500000
2012,2,30.000000,-155.000000,32.500000,-152.500000,1174.490000,2.968948,6.695672,6.579026,16.243646,,,,,,,,,,0.866025,0.500000
2012,2,30.000000,-160.000000,32.500000,-157.500000,2845.160000,0.793980,1.548243,5.079855,7.422078,,,,,,,,,,0.866025,0.500000
2012,2,30.000000,165.000000,32.500000,167.500000,4633.110000,6.189363,2.519690,13.158548,21.867601,17.429288,0.679444,123.782868,0.215224,2.982352,0.190474,0.456389,0.321900,245.931442,0.866025,0.500000
2012,2,30.000000,-165.000000,32.500000,-162.500000,13353.780000,0.628661,1.436297,3.611637,5.676595,,,,,,,,,,0.866025,0.500000
2012,2,30.000000,170.000000,32.500000,172.500000,2233.730000,4.086438,0.744495,4.583813,9.414746,17.329959,0.650574,114.836876,0.200588,2.494754,0.128042,0.363889,0.259600,248.045074,0.866025,0.500000
2012,2,30.000000,-170.000000,32.500000,-167.500000,6443.180000,2.366999,3.467232,15.761782,21.596013,,,,,,,,,,0.866025,0.500000
2012,2,30.000000,-175.000000,32.500000,-172.500000,2069.700000,4.588105,6.267092,10.343045,21.198241,,,,,,,,,,0.866025,0.500000
2012,2,-30.000000,155.000000,-27.500000,157.500000,1635.500000,4.715989,4.121675,0.934882,9.772547,25.665339,0.635374,15.571434,0.262310,2.710852,0.114618,0.343889,0.080922,211.449234,0.866025,0.500000
2012,2,-35.000000,150.000000,-32.500000,152.500000,1293.920000,15.521825,3.381198,2.316990,21.220014,24.173574,0.562154,16.689304,0.575459,111.446756,0.280340,0.420010,0.231361,213.219238,0.866025,0.500000
2012,2,-40.000000,155.000000,-37.500000,157.500000,2481.600000,5.130561,5.078981,6.852031,17.061573,,,,,,,,,,0.866025,0.500000
2012,2,-40.000000,175.000000,-37.500000,177.500000,1922.870000,0.066567,10.580018,3.283633,13.930219,,,,,,,,,,0.866025,0.500000
2012,3,0.000000,120.000000,2.500000,122.500000,23690.960000,10.017028,3.095611,0.000000,13.112639,29.009559,0.723695,14.481327,0.245378,133.006142,0.022682,0.060832,0.106644,200.907181,1.000000,0.000000
2012,3,0.000000,125.000000,2.500000,127.500000,31391.560000,10.063469,3.049132,0.000000,13.112601,28.896987,0.720596,14.924115,0.356204,133.294004,0.035095,0.134906,0.181094,200.337509,1.000000,0.000000
2012,3,0.000000,130.000000,2.500000,132.500000,14426.200000,10.296682,4.276525,0.002149,14.575356,29.303216,0.780542,19.308025,0.532154,117.087442,0.028905,0.005835,0.232860,200.642868,1.000000,0.000000
2012,3,0.000000,135.000000,2.500000,137.500000,15844.910000,16.503218,11.578292,0.548378,28.629888,29.422655,0.779552,25.156239,0.365201,0.432499,0.020818,0.000000,0.222366,199.281540,1.000000,0.000000
2012,3,0.000000,140.000000,2.500000,142.500000,4873.520000,6.384913,11.981484,0.316609,18.683005,29.399410,0.767276,33.116993,0.304958,0.442302,0.014133,0.000000,0.218033,198.736862,1.000000,0.000000
2012,3,0.000000,150.000000,2.500000,152.500000,3052.960000,4.411129,11.600873,0.110385,16.122386,29.064038,0.749760,27.691691,0.283910,0.534940,0.011715,0.000000,0.197425,199.034058,1.000000,0.000000
2012,3,0.000000,155.000000,2.500000,157.500000,7766.100000,3.753235,9.243765,0.457244,13.454243,28.801760,0.731723,23.804269,0.244482,0.775662,0.012535,0.001111,0.208867,199.719116,1.000000,0.000000
2012,3,0.000000,-155.000000,2.500000,-152.500000,5320.930000,2.901185,24.734586,0.017102,27.652873,,,,,,,,,,1.000000,0.000000
2012,3,0.000000,160.000000,2.500000,162.500000,5051.650000,3.443627,10.462720,0.478062,14.384409,28.589361,0.694511,21.587226,0.290638,0.335106,0.014001,0.000000,0.210160,200.221527,1.000000,0.000000
2012,3,0.000000,-160.000000,2.500000,-157.500000,11736.660000,8.993444,23.110664,0.121500,32.225608,,,,,,,,,,1.000000,0.000000
2012,3,0.000000,165.000000,2.500000,167.500000,3056.420000,3.069277,13.367927,0.584344,17.021548,28.093593,0.658360,19.077801,0.294453,89.242706,0.014056,0.002779,0.222107,200.820740,1.000000,0.000000
2012,3,0.000000,-165.000000,2.500000,-162.500000,3750.990000,15.419663,22.739863,0.155426,38.314952,,,,,,,,,,1.000000,0.000000
2012,3,0.000000,170.000000,2.500000,172.500000,8189.160000,2.498791,22.044263,1.696389,26.239443,27.839703,0.627073,21.617463,0.281623,124.808258,0.013722,0.020374,0.237759,202.371460,1.000000,0.000000
2012,3,0.000000,-170.000000,2.500000,-167.500000,1391.710000,3.558931,23.370530,0.301068,27.230529,,,,,,,,,,1.000000,0.000000
2012,3,0.000000,175.000000,2.500000,177.500000,8984.830000,0.690720,25.644225,0.173960,26.508904,27.791062,0.585914,27.438345,0.229923,0.456332,0.013528,0.000000,0.208947,204.019043,1.000000,0.000000
2012,3,0.000000,-175.000000,2.500000,-172.500000,2069.670000,2.442902,21.831983,0.988563,25.263448,,,,,,,,,,1.000000,0.000000
2012,3,0.000000,-180.000000,2.500000,-177.500000,2793.780000,1.996936,23.706233,0.272391,25.975560,,,,,,,,,,1.000000,0.000000
2012,3,5.000000,130.000000,7.500000,132.500000,4579.740000,3.737767,12.448523,0.000000,16.186290,28.651228,0.634293,27.266520,0.419813,127.475035,0.066066,0.009476,0.127143,200.570190,1.000000,0.000000
2012,3,5.000000,135.000000,7.500000,137.500000,5711.290000,5.246450,11.729049,0.000000,16.975499,28.636676,0.673113,31.049677,0.349254,126.722514,0.053394,0.006954,0.101960,199.922791,1.000000,0.000000
2012,3,5.000000,140.000000,7.500000,142.500000,2189.850000,7.532023,35.226614,0.015983,42.774619,28.637509,0.682419,39.660882,0.220789,0.581278,0.031557,0.000000,0.078544,199.649551,1.000000,0.000000
2012,3,5.000000,150.000000,7.500000,152.500000,3000.020000,8.947274,16.047893,0.465664,25.460830,28.884263,0.732988,41.644896,0.161860,116.380714,0.014883,0.008073,0.089308,199.711182,1.000000,0.000000
2012,3,5.000000,155.000000,7.500000,157.500000,7604.080000,3.915004,12.016444,0.264595,16.196042,28.757378,0.743686,39.154817,0.156652,121.603031,0.020982,0.003614,0.135561,201.000427,1.000000,0.000000
2012,3,5.000000,-155.000000,7.500000,-152.500000,4179.730000,3.196857,31.813060,0.006699,35.016616,,,,,,,,,,1.000000,0.000000
2012,3,5.000000,160.000000,7.500000,162.500000,3021.710000,3.330234,12.042850,0.313399,15.686482,28.558303,0.724465,33.122715,0.161314,0.794820,0.013922,0.002222,0.145990,201.568054,1.000000,0.000000
2012,3,5.000000,-160.000000,7.500000,-157.500000,3226.170000,3.989250,19.463017,0.015808,23.468075,,,,,,,,,,1.000000,0.000000
2012,3,5.000000,165.000000,7.500000,167.500000,2360.830000,1.586307,10.123558,1.168233,12.878098,28.242171,0.670695,30.591306,0.180151,126.436554,0.026526,0.042776,0.161054,202.145447,1.000000,0.000000
2012,3,5.000000,-165.000000,7.500000,-162.500000,2224.100000,21.120004,16.433164,0.079583,37.632750,,,,,,,,,,1.000000,0.000000
2012,3,5.000000,170.000000,7.500000,172.500000,9056.500000,3.179595,21.833269,1.971843,26.984707,27.968217,0.655865,35.967675,0.170194,125.397931,0.017700,0.030098,0.234169,202.879517,1.000000,0.000000
2012,3,5.000000,175.000000,7.500000,177.500000,7666.760000,1.592459,27.120061,0.486646,29.199166,27.880166,0.607561,42.087697,0.195559,0.400601,0.022252,0.000000,0.168522,203.367813,1.000000,0.000000
2012,3,5.000000,-175.000000,7.500000,-172.500000,1374.390000,0.980799,12.382948,0.154978,13.518725,,,,,,,,,,1.000000,0.000000
2012,3,5.000000,-180.000000,7.500000,-177.500000,2937.830000,0.908153,27.756541,0.780168,29.444862,,,,,,,,,,1.000000,0.000000
2012,3,-5.000000,120.000000,-2.500000,122.500000,30802.430000,10.206435,2.906167,0.000000,13.112602,29.633213,0.741803,14.090176,0.085508,135.364945,0.018339,0.208032,0.114447,199.843002,1.000000,0.000000
2012,3,-5.000000,125.000000,-2.500000,127.500000,46203.650000,10.206445,2.906156,0.000000,13.112600,29.341167,0.737397,16.617991,0.140190,132.837394,0.015795,0.135604,0.096982,199.576721,1.000000,0.000000
2012,3,-5.000000,130.000000,-2.500000,132.500000,15401.220000,10.206464,2.906133,0.000000,13.112598,29.509828,0.760359,15.796391,0.145715,134.416570,0.013002,0.215556,0.171347,199.540024,1.000000,0.000000
2012,3,-5.000000,140.000000,-2.500000,142.500000,9874.200000,22.823115,0.352130,1.557696,24.732940,29.481731,0.779061,26.525650,0.275597,131.510981,0.014735,0.039381,0.317616,200.826385,1.000000,0.000000
2012,3,-5.000000,145.000000,-2.500000,147.500000,2593.550000,13.063947,3.003991,0.024291,16.092229,29.447464,0.782329,21.895008,0.350974,131.472132,0.023139,0.026233,0.327816,201.902710,1.000000,0.000000
2012,3,-5.000000,150.000000,-2.500000,152.500000,1629.020000,12.646867,0.413132,0.000000,13.059999,29.181848,0.774703,20.115213,0.373625,134.205040,0.032478,0.073542,0.233765,201.248108,1.000000,0.000000
2012,3,-5.000000,-155.000000,-2.500000,-152.500000,19773.810000,2.167412,16.779215,0.146608,19.093235,,,,,,,,,,1.000000,0.000000
2012,3,-5.000000,160.000000,-2.500000,162.500000,2235.100000,1.617377,1.839739,0.106930,3.564046,28.831798,0.734527,20.028451,0.423282,0.637455,0.049962,0.000000,0.175904,202.588043,1.000000,0.000000
2012,3,-5.000000,-160.000000,-2.500000,-157.500000,3863.560000,2.595016,16.531903,0.321983,19.448902,,,,,,,,,,1.000000,0.000000
2012,3,-5.000000,165.000000,-2.500000,167.500000,1357.580000,2.975884,5.557684,0.162053,8.695620,28.455579,0.696135,18.708144,0.405645,0.663142,0.045678,0.000000,0.185552,203.315079,1.000000,0.000000
2012,3,-5.000000,170.000000,-2.500000,172.500000,1306.310000,1.898477,2.391469,0.294723,4.584670,28.191998,0.662157,17.856646,0.415954,124.407650,0.040185,0.015050,0.189338,204.492249,1.000000,0.000000
2012,3,-5.000000,175.000000,-2.500000,177.500000,3189.770000,3.156654,22.285933,0.788145,26.230731,28.029324,0.630617,18.458652,0.398987,87.945881,0.033235,0.006392,0.191813,205.132462,1.000000,0.000000
2012,3,-5.000000,-180.000000,-2.500000,-177.500000,2265.330000,4.102272,21.721339,0.648912,26.472523,,,,,,,,,,1.000000,0.000000
2012,3,10.000000,110.000000,12.500000,112.500000,38197.750000,6.793594,2.051273,0.000000,8.844867,27.726001,0.705556,16.208169,0.200258,2.730883,0.046945,0.062500,0.085843,205.784164,1.000000,0.000000
2012,3,10.000000,115.000000,12.500000,117.500000,38197.750000,6.793594,2.051273,0.000000,8.844867,28.294579,0.747551,18.613217,0.157854,128.378325,0.033390,0.068104,0.094902,203.814926,1.000000,0.000000
2012,3,10.000000,130.000000,12.500000,132.500000,9038.580000,2.516214,0.871486,0.709625,4.097325,28.266644,0.882374,48.687240,0.277760,0.669533,0.086024,0.000000,0.077611,201.817535,1.000000,0.000000
2012,3,10.000000,135.000000,12.500000,137.500000,11607.380000,0.841792,0.055310,0.201682,1.098784,28.165688,0.902978,53.186205,0.238610,113.204093,0.068497,0.001946,0.077195,202.078400,1.000000,0.000000
2012,3,10.000000,140.000000,12.500000,142.500000,7011.420000,0.716403,0.100265,0.124654,0.941321,28.095199,0.913290,50.295126,0.250825,88.264808,0.077723,0.004174,0.077529,202.511642,1.000000,0.000000
2012,3,10.000000,150.000000,12.500000,152.500000,7340.740000,2.701226,0.973880,0.263461,3.938568,28.039955,0.872500,34.397710,0.197533,0.456220,0.050463,0.000000,0.095537,202.952499,1.000000,0.000000
2012,3,10.000000,155.000000,12.500000,157.500000,19998.750000,0.867204,0.155210,1.025514,2.047928,28.045610,0.853889,29.081555,0.164263,0.481146,0.036858,0.000000,0.090471,203.477478,1.000000,0.000000
2012,3,10.000000,160.000000,12.500000,162.500000,4514.040000,0.513952,0.184092,2.096127,2.794171,27.760367,0.813218,27.585272,0.159475,124.154122,0.043636,0.005574,0.087830,204.227127,1.000000,0.000000
2012,3,10.000000,-165.000000,12.500000,-162.500000,1112.450000,1.172188,7.805295,0.288552,9.266034,,,,,,,,,,1.000000,0.000000
2012,3,10.000000,170.000000,12.500000,172.500000,4021.260000,3.858741,18.539711,5.044190,27.442642,27.027169,0.744070,34.463531,0.194515,55.537086,0.064334,0.003334,0.077203,205.635788,1.000000,0.000000
2012,3,10.000000,-170.000000,12.500000,-167.500000,9707.720000,1.945771,19.463479,2.232141,23.641391,,,,,,,,,,1.000000,0.000000
2012,3,10.000000,175.000000,12.500000,177.500000,11834.850000,1.766055,31.886336,2.722806,36.375197,26.761666,0.655147,38.580103,0.147027,0.974719,0.045756,0.027778,0.083009,207.418823,1.000000,0.000000
2012,3,10.000000,-175.000000,12.500000,-172.500000,12835.090000,1.381058,19.564179,2.253510,23.198747,,,,,,,,,,1.000000,0.000000
2012,3,10.000000,-180.000000,12.500000,-177.500000,11077.410000,1.886452,16.711849,3.433835,22.032136,,,,,,,,,,1.000000,0.000000
2012,3,-10.000000,-135.000000,-7.500000,-132.500000,2732.400000,2.812180,18.669668,0.778071,22.259918,,,,,,,,,,1.000000,0.000000
2012,3,-10.000000,-140.000000,-7.500000,-137.500000,2347.430000,1.792599,9.647572,0.206183,11.646354,,,,,,,,,,1.000000,0.000000
2012,3,-10.000000,145.000000,-7.500000,147.500000,1121.910000,19.588024,0.046350,0.000000,19.634374,29.650465,0.761783,11.856487,0.192677,134.489408,0.040594,0.205268,0.227844,200.270309,1.000000,0.000000
2012,3,-10.000000,-145.000000,-7.500000,-142.500000,1078.830000,2.224632,13.497956,1.434888,17.157476,,,,,,,,,,1.000000,0.000000
2012,3,-10.000000,150.000000,-7.500000,152.500000,1402.780000,13.508177,0.862573,0.591682,14.962432,29.761626,0.849457,15.053862,0.322961,134.535149,0.049561,0.074963,0.227499,200.041153,1.000000,0.000000
2012,3,-10.000000,-150.000000,-7.500000,-147.500000,7464.610000,1.762316,17.846746,0.601907,20.210969,,,,,,,,,,1.000000,0.000000
2012,3,-10.000000,155.000000,-7.500000,157.500000,2126.480000,21.037113,6.005229,5.311595,32.353937,29.682989,0.891373,17.451299,0.115312,133.694686,0.022330,0.102556,0.187050,198.250549,1.000000,0.000000
2012,3,-10.000000,-155.000000,-7.500000,-152.500000,3081.100000,1.752296,15.785596,1.564376,19.102269,,,,,,,,,,1.000000,0.000000
2012,3,-10.000000,160.000000,-7.500000,162.500000,3274.670000,2.355046,0.771681,10.326537,13.453264,29.533830,0.896502,19.819042,0.160160,132.421392,0.029733,0.031973,0.141187,198.649338,1.000000,0.000000
2012,3,-10.000000,-160.000000,-7.500000,-157.500000,2797.120000,6.419103,16.470155,9.656361,32.545618,,,,,,,,,,1.000000,0.000000
2012,3,-10.000000,165.000000,-7.500000,167.500000,3886.180000,2.112357,1.653552,8.208832,11.974741,29.405955,0.870753,20.937224,0.154329,0.439029,0.040612,0.000000,0.119807,198.737808,1.000000,0.000000
2012,3,-10.000000,-165.000000,-7.500000,-162.500000,1749.320000,9.783802,12.690646,30.610180,53.084627,,,,,,,,,,1.000000,0.000000
2012,3,-10.000000,170.000000,-7.500000,172.500000,7983.610000,3.002025,2.222303,6.001295,11.225623,29.307531,0.839343,22.110237,0.181813,0.573504,0.055555,0.000000,0.111777,199.047852,1.000000,0.000000
2012,3,-10.000000,-170.000000,-7.500000,-167.500000,3192.190000,3.478490,8.032417,11.858943,23.369850,,,,,,,,,,1.000000,0.000000
2012,3,-10.000000,175.000000,-7.500000,177.500000,8829.340000,6.433097,8.331880,2.816972,17.581948,29.155448,0.794726,21.216130,0.179544,0.436706,0.054977,0.000000,0.126954,199.346802,1.000000,0.000000
2012,3,-10.000000,-180.000000,-7.500000,-177.500000,3209.330000,3.923249,6.138353,9.015589,19.077191,,,,,,,,,,1.000000,0.000000
2012,3,15.000000,110.000000,17.500000,112.500000,38197.750000,6.793594,2.051273,0.000000,8.844867,25.850350,0.647926,15.033954,0.180044,105.462643,0.054390,0.338333,0.112431,211.540314,1.000000,0.000000
2012,3,15.000000,115.000000,17.500000,117.500000,41055.610000,7.102245,1.956907,0.000000,9.059152,26.889396,0.643477,15.209227,0.209319,127.128458,0.086509,0.350418,0.104480,208.514832,1.000000,0.000000
2012,3,15.000000,120.000000,17.500000,122.500000,1167.580000,7.469295,2.010997,0.479625,9.959917,27.301401,0.922424,29.089776,0.322903,126.621018,0.129799,0.257342,0.115483,205.382294,1.000000,0.000000
2012,3,15.000000,125.000000,17.500000,127.500000,5029.450000,4.548410,1.558222,7.170367,13.276998,26.889936,1.030787,37.968503,0.192303,1.977356,0.047392,0.064167,0.104264,206.384964,1.000000,0.000000
2012,3,15.000000,130.000000,17.500000,132.500000,12986.320000,1.157141,0.416515,1.959832,3.533488,26.830479,0.979367,38.030303,0.198567,2.245046,0.062325,0.193333,0.104357,206.333420,1.000000,0.000000
2012,3,15.000000,135.000000,17.500000,137.500000,6978.740000,0.951318,0.209207,0.620026,1.780551,26.894031,0.973952,40.402185,0.189611,1.985436,0.062357,0.127500,0.092524,206.031967,1.000000,0.000000
2012,3,15.000000,140.000000,17.500000,142.500000,12948.600000,0.423830,0.109433,0.290611,0.823873,27.048340,0.990831,44.456781,0.159290,1.560175,0.051561,0.079167,0.084238,205.431381,1.000000,0.000000
2012,3,15.000000,150.000000,17.500000,152.500000,8040.090000,6.477166,0.796882,9.456611,16.730658,27.262261,0.939545,45.769882,0.126066,1.727844,0.029962,0.065556,0.083698,204.931732,1.000000,0.000000
2012,3,15.000000,155.000000,17.500000,157.500000,12999.190000,2.614240,0.605192,3.600301,6.819733,27.285881,0.889876,36.108485,0.137230,1.323338,0.047019,0.051667,0.071255,204.856949,1.000000,0.000000
2012,3,15.000000,160.000000,17.500000,162.500000,17057.000000,0.868031,0.343261,1.617576,2.828868,27.287777,0.913716,38.632323,0.127764,1.400296,0.036776,0.018611,0.061661,204.632401,1.000000,0.000000
2012,3,15.000000,-160.000000,17.500000,-157.500000,1903.530000,1.269221,4.483775,0.258993,6.011988,,,,,,,,,,1.000000,0.000000
2012,3,15.000000,165.000000,17.500000,167.500000,1069.210000,0.403101,1.830323,4.025402,6.258827,26.929120,0.949903,44.501923,0.146853,1.270517,0.040994,0.062222,0.057403,205.329895,1.000000,0.000000
2012,3,15.000000,-165.000000,17.500000,-162.500000,3970.740000,1.775236,7.723749,2.110186,11.609171,,,,,,,,,,1.000000,0.000000
2012,3,15.000000,-170.000000,17.500000,-167.500000,3234.400000,1.510945,10.171284,5.688845,17.371073,,,,,,,,,,1.000000,0.000000
2012,3,15.000000,-175.000000,17.500000,-172.500000,1496.450000,0.792542,3.768252,5.802399,10.363193,,,,,,,,,,1.000000,0.000000
2012,3,15.000000,-180.000000,17.500000,-177.500000,6194.720000,1.070105,4.025041,10.091659,15.186804,,,,,,,,,,1.000000,0.000000
2012,3,-15.000000,-135.000000,-12.500000,-132.500000,2685.790000,2.103292,21.526627,10.585712,34.215631,,,,,,,,,,1.000000,0.000000
2012,3,-15.000000,145.000000,-12.500000,147.500000,2430.270000,16.400647,3.187712,10.395553,29.983911,29.219377,0.733797,20.865753,0.160470,133.725990,0.043769,0.027613,0.104079,198.359589,1.000000,0.000000
2012,3,-15.000000,-145.000000,-12.500000,-142.500000,1048.130000,9.437761,2.797363,11.416523,23.651646,,,,,,,,,,1.000000,0.000000
2012,3,-15.000000,150.000000,-12.500000,152.500000,11822.190000,9.528015,1.477476,13.795752,24.801242,29.429053,0.734182,17.634004,0.173552,132.326720,0.048468,0.040655,0.115889,198.688736,1.000000,0.000000
2012,3,-15.000000,-150.000000,-12.500000,-147.500000,4187.590000,11.372173,5.453734,12.535134,29.361041,,,,,,,,,,1.000000,0.000000
2012,3,-15.000000,155.000000,-12.500000,157.500000,20269.250000,10.690726,1.283669,10.988616,22.963010,29.646147,0.835529,17.178870,0.155963,0.577998,0.052103,0.000000,0.088533,198.395142,1.000000,0.000000
2012,3,-15.000000,160.000000,-12.500000,162.500000,10156.410000,5.284249,1.264423,9.471063,16.019735,29.481613,0.851607,18.028701,0.162670,132.614319,0.062289,0.018274,0.088706,198.350769,1.000000,0.000000
2012,3,-15.000000,-160.000000,-12.500000,-157.500000,4996.140000,1.394677,1.739943,38.160260,41.294880,,,,,,,,,,1.000000,0.000000
2012,3,-15.000000,165.000000,-12.500000,167.500000,13005.300000,2.699438,0.854036,10.660731,14.214205,29.472468,0.883056,18.841048,0.122031,131.485936,0.040563,0.015355,0.085575,198.645660,1.000000,0.000000
2012,3,-15.000000,-165.000000,-12.500000,-162.500000,5598.630000,4.339990,4.328202,16.171278,24.839470,,,,,,,,,,1.000000,0.000000
2012,3,-15.000000,170.000000,-12.500000,172.500000,16856.000000,2.164393,0.743593,9.908104,12.816089,29.518123,0.885352,19.395361,0.079267,0.586052,0.013921,0.000000,0.069785,198.508911,1.000000,0.000000
2012,3,-15.000000,-170.000000,-12.500000,-167.500000,7531.730000,3.750666,2.178782,17.188614,23.118062,,,,,,,,,,1.000000,0.000000
2012,3,-15.000000,175.000000,-12.500000,177.500000,7615.360000,3.963962,1.891178,10.665418,16.520558,29.358001,0.884973,21.732867,0.069596,0.496920,0.025347,0.000000,0.063928,198.031372,1.000000,0.000000
2012,3,-15.000000,-175.000000,-12.500000,-172.500000,6189.470000,5.517920,0.768240,15.161880,21.448040,,,,,,,,,,1.000000,0.000000
2012,3,-15.000000,-180.000000,-12.500000,-177.500000,1418.250000,7.924555,1.700687,5.535695,15.160938,,,,,,,,,,1.000000,0.000000
2012,3,20.000000,125.000000,22.500000,127.500000,1493.730000,3.190001,4.505500,15.194848,22.890348,24.493384,0.956564,26.113599,0.223353,71.961098,0.111702,0.432185,0.130676,218.720276,1.000000,0.000000
2012,3,20.000000,130.000000,22.500000,132.500000,3054.490000,2.560166,3.213957,18.867962,24.642084,24.156314,0.922117,26.295003,0.174862,2.398330,0.094539,0.381667,0.097291,217.925491,1.000000,0.000000
2012,3,20.000000,135.000000,22.500000,137.500000,2225.540000,2.043549,1.529516,13.879777,17.452843,24.304522,0.889199,29.002758,0.140908,3.579341,0.050885,0.364167,0.085581,215.637558,1.000000,0.000000
2012,3,20.000000,140.000000,22.500000,142.500000,1516.610000,2.028867,2.102057,27.026065,31.156988,24.563047,0.926078,32.408259,0.181450,47.663060,0.080630,0.265907,0.080418,214.886185,1.000000,0.000000
2012,3,20.000000,145.000000,22.500000,147.500000,3424.640000,2.571073,2.764670,14.468090,19.803833,24.366306,0.830153,31.231584,0.163932,4.330109,0.051298,0.400833,0.073618,213.460648,1.000000,0.000000
2012,3,20.000000,150.000000,22.500000,152.500000,2909.540000,4.608976,3.147577,14.673454,22.430006,24.900834,0.867749,32.319908,0.160088,3.381456,0.075825,0.459444,0.070586,213.093460,1.000000,0.000000
2012,3,20.000000,155.000000,22.500000,157.500000,4184.450000,4.650790,1.211390,5.817969,11.680149,25.327705,0.849755,32.443720,0.171249,4.524335,0.061074,0.350833,0.069721,212.504211,1.000000,0.000000
2012,3,20.000000,-155.000000,22.500000,-152.500000,1897.570000,0.360461,4.453591,0.010540,4.824591,,,,,,,,,,1.000000,0.000000
2012,3,20.000000,160.000000,22.500000,162.500000,3406.390000,1.052434,0.216945,1.443170,2.712549,24.918351,0.742509,26.665422,0.162399,3.518859,0.065829,0.460278,0.061906,211.965103,1.000000,0.000000
2012,3,20.000000,-165.000000,22.500000,-162.500000,2554.590000,2.264551,7.973882,0.523763,10.762197,,,,,,,,,,1.000000,0.000000
2012,3,20.000000,-180.000000,22.500000,-177.500000,1049.300000,1.601067,2.931478,13.894025,18.426570,,,,,,,,,,1.000000,0.000000
2012,3,-20.000000,-135.000000,-17.500000,-132.500000,2259.540000,2.756756,3.938412,30.382733,37.077901,,,,,,,,,,1.000000,0.000000
2012,3,-20.000000,-145.000000,-17.500000,-142.500000,2353.610000,13.178054,2.502539,14.439521,30.120113,,,,,,,,,,1.000000,0.000000
2012,3,-20.000000,-150.000000,-17.500000,-147.500000,5398.430000,7.356583,1.806081,11.300508,20.463172,,,,,,,,,,1.000000,0.000000
2012,3,-20.000000,155.000000,-17.500000,157.500000,1157.070000,5.210575,0.829682,15.147744,21.188001,28.735819,0.731747,17.478714,0.135539,1.272806,0.039217,0.010278,0.090101,199.933105,1.000000,0.000000
2012,3,-20.000000,160.000000,-17.500000,162.500000,2897.860000,6.162133,1.379294,14.249136,21.790563,28.656048,0.723129,16.249390,0.115436,57.096278,0.042216,0.033065,0.093473,200.884537,1.000000,0.000000
2012,3,-20.000000,-160.000000,-17.500000,-157.500000,2223.750000,1.385048,1.440809,21.542889,24.368746,,,,,,,,,,1.000000,0.000000
2012,3,-20.000000,165.000000,-17.500000,167.500000,16309.220000,2.212797,0.875578,10.675250,13.763626,28.932009,0.721529,13.447465,0.132019,131.388269,0.049435,0.066743,0.099567,201.116898,1.000000,0.000000
2012,3,-20.000000,-165.000000,-17.500000,-162.500000,8662.070000,2.452878,1.711831,22.889217,27.053926,,,,,,,,,,1.000000,0.000000
2012,3,-20.000000,170.000000,-17.500000,172.500000,17844.200000,1.485245,0.600868,11.260466,13.346578,29.106560,0.764807,14.828139,0.145581,0.779239,0.084556,0.005000,0.093661,201.194824,1.000000,0.000000
2012,3,-20.000000,-170.000000,-17.500000,-167.500000,2049.670000,1.736865,0.556187,15.750828,18.043880,,,,,,,,,,1.000000,0.000000
2012,3,-20.000000,175.000000,-17.500000,177.500000,7480.280000,3.441716,1.446069,6.898806,11.786591,29.100631,0.831904,15.878096,0.111838,132.771701,0.042885,0.098972,0.098809,201.085312,1.000000,0.000000
2012,3,-20.000000,-175.000000,-17.500000,-172.500000,2729.830000,5.057824,0.715795,14.234220,20.007839,,,,,,,,,,1.000000,0.000000
2012,3,-20.000000,-180.000000,-17.500000,-177.500000,9554.740000,4.823365,1.357860,7.697227,13.878452,,,,,,,,,,1.000000,0.000000
2012,3,25.000000,130.000000,27.500000,132.500000,15660.800000,6.333074,2.471841,26.666901,35.471815,21.001812,0.986185,42.636836,0.227932,44.895501,0.101149,0.533482,0.397497,225.353363,1.000000,0.000000
2012,3,25.000000,135.000000,27.500000,137.500000,13165.330000,3.833402,2.581401,34.758491,41.173294,20.485330,0.977125,62.800483,0.151108,4.842520,0.097137,0.456944,0.467185,227.950668,1.000000,0.000000
2012,3,25.000000,140.000000,27.500000,142.500000,2623.910000,1.657450,3.116723,36.090415,40.864588,20.608071,0.949581,51.180874,0.129607,42.368426,0.072639,0.550431,0.370593,228.990768,1.000000,0.000000
2012,3,25.000000,145.000000,27.500000,147.500000,2745.640000,0.808919,1.135619,4.748984,6.693521,20.384041,0.883079,54.063245,0.136480,4.113626,0.085847,0.505556,0.228606,231.129333,1.000000,0.000000
2012,3,25.000000,165.000000,27.500000,167.500000,1787.730000,0.446376,1.928703,10.249311,12.624390,21.788540,0.738467,35.966447,0.114976,7.517658,0.047511,0.675556,0.061266,227.716675,1.000000,0.000000
2012,3,25.000000,-165.000000,27.500000,-162.500000,1396.470000,0.562132,4.881594,1.117102,6.560828,,,,,,,,,,1.000000,0.000000
2012,3,25.000000,-175.000000,27.500000,-172.500000,1597.680000,0.762981,1.558510,15.792274,18.113765,,,,,,,,,,1.000000,0.000000
2012,3,25.000000,-180.000000,27.500000,-177.500000,2248.630000,0.923674,2.627378,16.792002,20.343053,,,,,,,,,,1.000000,0.000000
2012,3,-25.000000,-135.000000,-22.500000,-132.500000,1106.320000,0.779160,3.551414,38.169788,42.500362,,,,,,,,,,1.000000,0.000000
2012,3,-25.000000,160.000000,-22.500000,162.500000,1129.300000,4.128221,0.806694,13.582750,18.517666,27.089431,0.713987,22.286072,0.123181,127.803475,0.051831,0.207430,0.085407,203.891205,1.000000,0.000000
2012,3,-25.000000,165.000000,-22.500000,167.500000,4496.040000,9.649158,1.221075,12.946949,23.817181,27.192048,0.692135,17.597210,0.147551,126.643904,0.076290,0.308517,0.090471,204.615158,1.000000,0.000000
2012,3,-25.000000,170.000000,-22.500000,172.500000,1550.580000,1.564576,0.925460,9.266855,11.756891,27.494645,0.750330,16.513651,0.146259,1.752757,0.052846,0.137500,0.092087,204.825912,1.000000,0.000000
2012,3,-25.000000,175.000000,-22.500000,177.500000,1685.580000,1.760818,0.980078,10.103347,12.844244,27.413564,0.716251,14.895195,0.124948,2.112508,0.065821,0.150833,0.092077,205.235687,1.000000,0.000000
2012,3,-25.000000,-180.000000,-22.500000,-177.500000,1930.810000,5.981945,1.178780,6.747427,13.908153,,,,,,,,,,1.000000,0.000000
2012,3,30.000000,130.000000,32.500000,132.500000,14928.230000,7.141570,2.452803,33.203200,42.797572,18.288210,0.588438,48.887126,0.308554,90.279055,0.295188,0.777649,0.753884,241.656387,1.000000,0.000000
2012,3,30.000000,135.000000,32.500000,137.500000,20799.920000,9.043689,4.250738,40.354963,53.649389,18.695735,0.805945,100.809959,0.386968,82.473405,0.392055,0.491458,0.637844,231.800385,1.000000,0.000000
2012,3,30.000000,140.000000,32.500000,142.500000,7674.730000,0.662564,4.612670,11.057588,16.332822,18.119157,0.897780,113.942047,0.255191,25.398853,0.205465,0.394167,0.641090,234.468216,1.000000,0.000000
2012,3,30.000000,145.000000,32.500000,147.500000,4265.910000,0.132445,0.907192,4.780223,5.819860,17.715937,0.832512,110.261388,0.278393,4.486474,0.228655,0.240833,0.580682,237.490036,1.000000,0.000000
2012,3,30.000000,150.000000,32.500000,152.500000,2085.470000,0.000000,0.223451,0.266607,0.490057,17.385945,0.753786,99.434183,0.290460,3.559526,0.162596,0.304167,0.734823,241.894440,1.000000,0.000000
2012,3,30.000000,155.000000,32.500000,157.500000,1883.540000,0.016458,0.632851,1.014579,1.663888,17.598720,0.860272,99.163416,0.231327,3.729939,0.126004,0.457778,0.749775,244.273911,1.000000,0.000000
2012,3,30.000000,165.000000,32.500000,167.500000,1548.910000,0.552647,5.675604,11.237580,17.465831,17.819942,0.685892,54.643775,0.261230,3.971780,0.217686,0.484167,0.525443,251.252747,1.000000,0.000000
2012,3,30.000000,-165.000000,32.500000,-162.500000,3225.190000,0.668488,1.086758,0.500746,2.255991,,,,,,,,,,1.000000,0.000000
2012,3,30.000000,170.000000,32.500000,172.500000,4937.880000,3.618962,0.386806,0.195428,4.201196,17.597499,0.624807,42.374783,0.195148,2.988821,0.112954,0.388056,0.311514,250.551132,1.000000,0.000000
2012,3,30.000000,-170.000000,32.500000,-167.500000,2885.610000,0.749928,1.085039,0.852160,2.687127,,,,,,,,,,1.000000,0.000000
2012,3,30.000000,175.000000,32.500000,177.500000,8955.670000,2.914578,1.013325,0.193844,4.121746,17.787700,0.642741,42.873761,0.159493,3.921819,0.096564,0.405556,0.199170,249.965393,1.000000,0.000000
2012,3,30.000000,-175.000000,32.500000,-172.500000,4878.110000,0.148623,0.666652,0.501014,1.316288,,,,,,,,,,1.000000,0.000000
2012,3,30.000000,-180.000000,32.500000,-177.500000,6781.590000,0.167660,0.397694,0.338711,0.904065,,,,,,,,,,1.000000,0.000000
2012,3,-30.000000,155.000000,-27.500000,157.500000,2170.020000,4.825301,6.634501,5.876904,17.336707,25.577432,0.699392,30.072178,0.272815,3.970249,0.128004,0.300833,0.079795,210.013885,1.000000,0.000000
2012,3,35.000000,175.000000,37.500000,177.500000,1054.110000,0.000000,0.334880,0.364288,0.699168,14.016984,0.439471,63.822599,0.175047,3.847093,0.185323,0.432778,1.001244,266.961823,1.000000,0.000000
2012,3,-40.000000,150.000000,-37.500000,152.500000,1837.640000,17.263447,5.511961,2.257787,25.033195,,,,,,,,,,1.000000,0.000000
2012,3,-40.000000,155.000000,-37.500000,157.500000,3167.400000,4.227126,3.709036,6.776852,14.713014,,,,,,,,,,1.000000,0.000000
2012,3,-40.000000,175.000000,-37.500000,177.500000,2311.070000,0.166590,7.942209,13.764620,21.873418,,,,,,,,,,1.000000,0.000000
2012,3,-40.000000,-180.000000,-37.500000,-177.500000,1001.000000,0.000000,0.922078,0.050949,0.973027,,,,,,,,,,1.000000,0.000000
2012,3,-45.000000,150.000000,-42.500000,152.500000,1847.700000,0.212156,1.011528,5.217297,6.440981,,,,,,,,,,1.000000,0.000000
2012,3,-45.000000,155.000000,-42.500000,157.500000,2530.220000,0.044265,0.312621,3.441993,3.798879,,,,,,,,,,1.000000,0.000000
2012,4,0.000000,120.000000,2.500000,122.500000,19017.100000,12.478927,3.856424,0.000000,16.335351,29.717431,0.704735,10.975013,0.214576,137.980866,0.013772,0.068281,0.120273,201.544022,0.866025,-0.500000
2012,4,0.000000,125.000000,2.500000,127.500000,25198.490000,12.536783,3.798521,0.000000,16.335304,29.606822,0.688304,10.869842,0.229635,135.714006,0.025812,0.117665,0.116038,200.984970,0.866025,-0.500000
2012,4,0.000000,130.000000,2.500000,132.500000,12108.440000,25.077054,3.499377,0.193006,28.769437,29.525425,0.685625,11.943431,0.220032,118.243970,0.025373,0.005557,0.131009,201.181152,0.866025,-0.500000
2012,4,0.000000,135.000000,2.500000,137.500000,23657.570000,21.038720,5.111176,0.609572,26.759469,29.570705,0.716081,13.400551,0.178639,0.375429,0.011053,0.000000,0.148457,200.241714,0.866025,-0.500000
2012,4,0.000000,140.000000,2.500000,142.500000,3869.790000,2.335010,5.033090,0.170293,7.538394,29.562773,0.731186,14.364385,0.156092,0.569754,0.008525,0.000000,0.176164,200.624725,0.866025,-0.500000
2012,4,0.000000,145.000000,2.500000,147.500000,3906.510000,3.612176,8.487883,0.377575,12.477633,29.533533,0.730693,14.465859,0.082056,0.341118,0.006838,0.000000,0.199762,201.556763,0.866025,-0.500000
2012,4,0.000000,150.000000,2.500000,152.500000,3100.120000,7.345522,4.267254,0.055482,11.668258,29.342080,0.725478,14.896806,0.115831,0.289101,0.008644,0.000000,0.190984,201.034805,0.866025,-0.500000
2012,4,0.000000,155.000000,2.500000,157.500000,4075.870000,6.099311,7.480612,0.178367,13.758290,29.174114,0.720671,15.683844,0.108801,0.377444,0.010367,0.000000,0.203795,201.422913,0.866025,-0.500000
2012,4,0.000000,-155.000000,2.500000,-152.500000,5539.270000,2.118510,24.254098,0.072753,26.445362,,,,,,,,,,0.866025,-0.500000
2012,4,0.000000,160.000000,2.500000,162.500000,4194.480000,4.305659,6.961054,0.309693,11.576405,29.062167,0.699239,16.435829,0.117186,0.335080,0.022850,0.000000,0.189033,201.840073,0.866025,-0.500000
2012,4,0.000000,-160.000000,2.500000,-157.500000,18041.700000,7.855745,26.530482,0.291491,34.677719,,,,,,,,,,0.866025,-0.500000
2012,4,0.000000,165.000000,2.500000,167.500000,1907.850000,4.798595,22.313075,0.985402,28.097073,28.800936,0.685589,15.877599,0.128009,90.379494,0.019770,0.002779,0.187314,201.894470,0.866025,-0.500000
2012,4,0.000000,-165.000000,2.500000,-162.500000,4930.960000,10.848395,15.337379,0.377614,26.563387,,,,,,,,,,0.866025,-0.500000
2012,4,0.000000,170.000000,2.500000,172.500000,4635.460000,3.413253,22.884892,2.645476,28.943622,28.426573,0.656318,17.219620,0.160548,126.678949,0.020366,0.019816,0.220627,202.999161,0.866025,-0.500000
2012,4,0.000000,175.000000,2.500000,177.500000,3445.160000,1.609214,18.398275,0.420590,20.428079,28.070169,0.641171,23.037279,0.165156,0.320114,0.018809,0.000000,0.209744,203.079987,0.866025,-0.500000
2012,4,0.000000,-175.000000,2.500000,-172.500000,3111.500000,3.520810,25.167604,0.551502,29.239916,,,,,,,,,,0.866025,-0.500000
2012,4,0.000000,-180.000000,2.500000,-177.500000,2079.720000,2.140673,24.975958,0.143289,27.259920,,,,,,,,,,0.866025,-0.500000
2012,4,5.000000,130.000000,7.500000,132.500000,5231.410000,2.469124,16.158550,0.010131,18.637805,29.115273,0.613513,17.136680,0.366931,129.179005,0.065633,0.008640,0.095344,200.669830,0.866025,-0.500000
2012,4,5.000000,135.000000,7.500000,137.500000,10097.000000,3.815391,8.405566,0.001783,12.222739,29.090438,0.679827,18.535475,0.264007,129.323987,0.034350,0.006954,0.089271,199.773834,0.866025,-0.500000
2012,4,5.000000,140.000000,7.500000,142.500000,2742.660000,3.201272,26.669365,0.057608,29.928245,29.166817,0.735607,25.222956,0.159964,0.349065,0.025484,0.000000,0.077189,199.317780,0.866025,-0.500000
2012,4,5.000000,145.000000,7.500000,147.500000,2139.100000,2.807723,27.375064,0.618952,30.801739,29.233495,0.758529,31.059791,0.169214,0.546317,0.026858,0.000000,0.074762,199.085052,0.866025,-0.500000
2012,4,5.000000,155.000000,7.500000,157.500000,5157.680000,9.933924,12.911425,4.108824,26.954173,28.985897,0.741352,29.903771,0.138629,122.880170,0.017352,0.003336,0.120055,200.990005,0.866025,-0.500000
2012,4,5.000000,-155.000000,7.500000,-152.500000,3505.490000,2.950800,25.506848,0.045357,28.503005,,,,,,,,,,0.866025,-0.500000
2012,4,5.000000,160.000000,7.500000,162.500000,1972.230000,5.204768,26.428966,5.870005,37.503739,28.780199,0.692896,25.707395,0.143289,0.370221,0.025485,0.000000,0.132472,201.590378,0.866025,-0.500000
2012,4,5.000000,-160.000000,7.500000,-157.500000,3988.110000,1.587970,23.688163,0.024322,25.300456,,,,,,,,,,0.866025,-0.500000
2012,4,5.000000,165.000000,7.500000,167.500000,4224.640000,3.813816,16.191202,1.258095,21.263114,28.546673,0.673797,21.127369,0.181309,127.812629,0.027570,0.041926,0.173214,202.482376,0.866025,-0.500000
2012,4,5.000000,-165.000000,7.500000,-162.500000,1670.530000,13.595685,9.003131,0.107750,22.706566,,,,,,,,,,0.866025,-0.500000
2012,4,5.000000,170.000000,7.500000,172.500000,9794.150000,2.641066,15.722447,2.557547,20.921060,28.204725,0.649240,20.481140,0.143659,126.482741,0.018534,0.027848,0.188612,203.223022,0.866025,-0.500000
2012,4,5.000000,-170.000000,7.500000,-167.500000,2562.500000,2.749659,14.510829,0.065951,17.326439,,,,,,,,,,0.866025,-0.500000
2012,4,5.000000,175.000000,7.500000,177.500000,6062.340000,2.003187,19.194898,0.399351,21.597436,28.129251,0.600374,29.470751,0.160580,0.744799,0.035361,0.000833,0.162072,203.405136,0.866025,-0.500000
2012,4,5.000000,-175.000000,7.500000,-172.500000,2300.340000,1.951451,12.865924,0.299521,15.116896,,,,,,,,,,0.866025,-0.500000
2012,4,5.000000,-180.000000,7.500000,-177.500000,4424.410000,1.079466,12.413633,1.082856,14.575955,,,,,,,,,,0.866025,-0.500000
2012,4,-5.000000,120.000000,-2.500000,122.500000,24725.590000,12.714884,3.620419,0.000000,16.335303,29.965191,0.713712,11.851723,0.096872,137.634502,0.004929,0.222088,0.115412,200.537109,0.866025,-0.500000
2012,4,-5.000000,125.000000,-2.500000,127.500000,37088.390000,12.714895,3.620405,0.000000,16.335301,29.855526,0.711952,11.428474,0.136666,134.688779,0.007820,0.137152,0.102088,200.493439,0.866025,-0.500000
2012,4,-5.000000,130.000000,-2.500000,132.500000,12362.800000,12.714919,3.620377,0.000000,16.335296,29.844076,0.708176,11.493307,0.096212,138.382967,0.008177,0.243691,0.161871,199.920441,0.866025,-0.500000
2012,4,-5.000000,140.000000,-2.500000,142.500000,6315.150000,17.530225,0.207754,1.951814,19.689794,29.300247,0.723425,16.514971,0.152420,130.695500,0.006491,0.037168,0.325358,202.932709,0.866025,-0.500000
2012,4,-5.000000,145.000000,-2.500000,147.500000,4033.250000,10.028141,4.410091,0.035455,14.473687,29.373026,0.732450,15.502090,0.140231,131.269031,0.007227,0.025663,0.338569,203.699112,0.866025,-0.500000
2012,4,-5.000000,150.000000,-2.500000,152.500000,1206.870000,5.979103,0.000000,0.000000,5.979103,29.399062,0.740563,14.307128,0.166348,132.726201,0.010657,0.072370,0.291293,202.400848,0.866025,-0.500000
2012,4,-5.000000,-155.000000,-2.500000,-152.500000,29814.100000,3.520650,18.156912,0.308445,21.986007,,,,,,,,,,0.866025,-0.500000
2012,4,-5.000000,-160.000000,-2.500000,-157.500000,4133.600000,3.249710,15.713422,0.842123,19.805254,,,,,,,,,,0.866025,-0.500000
2012,4,-5.000000,-165.000000,-2.500000,-162.500000,2820.560000,3.260345,11.226494,0.761196,15.248036,,,,,,,,,,0.866025,-0.500000
2012,4,-5.000000,170.000000,-2.500000,172.500000,1603.930000,3.819992,21.389337,2.350477,27.559806,28.775344,0.689770,17.222502,0.161153,127.662712,0.012522,0.010312,0.180304,204.555435,0.866025,-0.500000
2012,4,-5.000000,-170.000000,-2.500000,-167.500000,4229.150000,3.478004,16.098270,0.830427,20.406701,,,,,,,,,,0.866025,-0.500000
2012,4,-5.000000,175.000000,-2.500000,177.500000,5046.780000,4.493360,23.953689,0.548469,28.995518,28.446656,0.669520,17.270907,0.184033,90.449432,0.009017,0.001946,0.187353,204.945404,0.866025,-0.500000
2012,4,-5.000000,-175.000000,-2.500000,-172.500000,3903.920000,28.095606,17.763171,2.242105,48.100883,,,,,,,,,,0.866025,-0.500000
2012,4,-5.000000,-180.000000,-2.500000,-177.500000,4665.460000,4.765018,26.481204,0.751694,31.997917,,,,,,,,,,0.866025,-0.500000
2012,4,10.000000,110.000000,12.500000,112.500000,25633.300000,10.123550,3.056727,0.000000,13.180277,28.674230,0.697542,12.482495,0.210754,2.136493,0.067333,0.041667,0.083525,203.833847,0.866025,-0.500000
2012,4,10.000000,115.000000,12.500000,117.500000,25633.300000,10.123550,3.056727,0.000000,13.180277,29.345431,0.752274,13.155089,0.145919,132.726716,0.036564,0.047389,0.093705,202.245590,0.866025,-0.500000
2012,4,10.000000,125.000000,12.500000,127.500000,1112.900000,3.485488,0.154551,0.127595,3.767634,28.836210,0.929046,21.797188,0.239700,129.105563,0.076444,0.037927,0.088271,201.749466,0.866025,-0.500000
2012,4,10.000000,130.000000,12.500000,132.500000,9607.070000,2.256567,1.410420,1.093570,4.760557,28.701514,0.928502,27.426731,0.249581,0.669576,0.076363,0.000000,0.081113,201.931244,0.866025,-0.500000
2012,4,10.000000,135.000000,12.500000,137.500000,11207.270000,1.483591,0.257244,0.823394,2.564228,28.591799,0.931444,27.321746,0.253218,115.607170,0.084163,0.001946,0.083377,201.931763,0.866025,-0.500000
2012,4,10.000000,140.000000,12.500000,142.500000,4092.440000,3.898408,0.368973,0.716932,4.984313,28.615709,0.921697,26.803982,0.209199,89.676296,0.062741,0.004730,0.085579,201.763107,0.866025,-0.500000
2012,4,10.000000,145.000000,12.500000,147.500000,3389.910000,0.398241,0.374641,0.275524,1.048405,28.557458,0.892060,26.551020,0.182745,89.165344,0.048611,0.004447,0.084658,201.725250,0.866025,-0.500000
2012,4,10.000000,150.000000,12.500000,152.500000,5730.650000,1.729123,0.531179,5.917653,8.177955,28.603627,0.876336,26.518043,0.157875,0.642625,0.033911,0.000000,0.087478,201.987289,0.866025,-0.500000
2012,4,10.000000,155.000000,12.500000,157.500000,13186.980000,2.854937,0.835673,10.840693,14.531303,28.474077,0.841607,24.650564,0.150307,0.378012,0.044460,0.000000,0.088136,202.492111,0.866025,-0.500000
2012,4,10.000000,160.000000,12.500000,162.500000,1578.220000,0.984654,1.655029,4.933406,7.573089,28.182668,0.802936,21.433895,0.175012,126.530890,0.048185,0.005574,0.079569,203.336197,0.866025,-0.500000
2012,4,10.000000,170.000000,12.500000,172.500000,4649.170000,2.226419,13.588017,3.681087,19.495523,27.584706,0.702466,19.943537,0.142758,55.970833,0.047971,0.018338,0.061089,204.977264,0.866025,-0.500000
2012,4,10.000000,-170.000000,12.500000,-167.500000,13369.200000,1.655222,16.345331,2.321530,20.322084,,,,,,,,,,0.866025,-0.500000
2012,4,10.000000,175.000000,12.500000,177.500000,14616.720000,2.185100,26.149848,1.125081,29.460029,27.359425,0.643281,22.776049,0.115363,1.209856,0.027457,0.023611,0.062216,205.732544,0.866025,-0.500000
2012,4,10.000000,-175.000000,12.500000,-172.500000,9223.560000,1.456271,20.305934,2.197091,23.959296,,,,,,,,,,0.866025,-0.500000
2012,4,10.000000,-180.000000,12.500000,-177.500000,10669.300000,1.569269,21.661402,1.847169,25.077840,,,,,,,,,,0.866025,-0.500000
2012,4,-10.000000,-135.000000,-7.500000,-132.500000,2594.840000,7.846341,26.300658,1.093324,35.240323,,,,,,,,,,0.866025,-0.500000
2012,4,-10.000000,-140.000000,-7.500000,-137.500000,1278.390000,2.293510,13.455988,0.599973,16.349471,,,,,,,,,,0.866025,-0.500000
2012,4,-10.000000,145.000000,-7.500000,147.500000,2068.500000,22.862461,0.205946,1.406333,24.474740,29.209589,0.768804,12.794264,0.207748,132.372315,0.024139,0.168986,0.220106,201.036057,0.866025,-0.500000
2012,4,-10.000000,-145.000000,-7.500000,-142.500000,1380.180000,1.850483,7.995334,0.233303,10.079120,,,,,,,,,,0.866025,-0.500000
2012,4,-10.000000,-150.000000,-7.500000,-147.500000,2507.060000,2.782941,15.398913,1.355771,19.537626,,,,,,,,,,0.866025,-0.500000
2012,4,-10.000000,155.000000,-7.500000,157.500000,4098.230000,71.416929,5.854235,1.648761,78.919924,29.475043,0.797562,18.523983,0.118601,132.678864,0.012732,0.100773,0.207379,198.834396,0.866025,-0.500000
2012,4,-10.000000,-155.000000,-7.500000,-152.500000,2770.520000,2.513247,12.176775,2.687221,17.377243,,,,,,,,,,0.866025,-0.500000
2012,4,-10.000000,160.000000,-7.500000,162.500000,4616.850000,17.771424,3.559570,11.429871,32.760865,29.359007,0.837541,21.431827,0.181215,131.695517,0.047332,0.031973,0.137908,198.324677,0.866025,-0.500000
2012,4,-10.000000,-160.000000,-7.500000,-157.500000,5228.860000,5.236897,9.279461,20.745440,35.261797,,,,,,,,,,0.866025,-0.500000
2012,4,-10.000000,165.000000,-7.500000,167.500000,2848.370000,7.303475,3.640328,14.532522,25.476325,29.353320,0.836397,25.291707,0.180600,0.315237,0.058332,0.000000,0.116231,198.314240,0.866025,-0.500000
2012,4,-10.000000,-165.000000,-7.500000,-162.500000,5206.930000,3.657049,6.377078,11.873215,21.907343,,,,,,,,,,0.866025,-0.500000
2012,4,-10.000000,170.000000,-7.500000,172.500000,5122.930000,8.228494,2.840562,12.287695,23.356751,29.319208,0.801615,23.349289,0.179344,0.539923,0.052580,0.000000,0.098589,198.267807,0.866025,-0.500000
2012,4,-10.000000,-170.000000,-7.500000,-167.500000,7352.890000,3.051045,6.873488,21.928929,31.853462,,,,,,,,,,0.866025,-0.500000
2012,4,-10.000000,175.000000,-7.500000,177.500000,7261.290000,10.572915,12.385678,7.612421,30.571014,29.240934,0.759884,17.649024,0.166335,0.553202,0.045011,0.000000,0.118949,198.768402,0.866025,-0.500000
2012,4,-10.000000,-175.000000,-7.500000,-172.500000,1637.880000,15.397343,10.298068,5.017462,30.712873,,,,,,,,,,0.866025,-0.500000
2012,4,-10.000000,-180.000000,-7.500000,-177.500000,7355.290000,10.081588,5.480001,15.185533,30.747122,,,,,,,,,,0.866025,-0.500000
2012,4,15.000000,110.000000,17.500000,112.500000,25633.300000,10.123550,3.056727,0.000000,13.180277,27.544493,0.659977,11.774010,0.194776,118.752374,0.052186,0.200750,0.097374,206.924774,0.866025,-0.500000
2012,4,15.000000,115.000000,17.500000,117.500000,26722.000000,10.369097,2.953634,0.000000,13.322730,28.383018,0.615984,11.451965,0.223521,131.944982,0.110648,0.216713,0.095357,205.670456,0.866025,-0.500000
2012,4,15.000000,120.000000,17.500000,122.500000,2859.650000,5.081041,0.553914,0.183939,5.818894,28.300635,0.952084,13.802624,0.322806,132.765281,0.143797,0.212188,0.118850,204.267059,0.866025,-0.500000
2012,4,15.000000,125.000000,17.500000,127.500000,10284.210000,2.703173,0.159565,0.496878,3.359616,27.720182,1.037892,15.200634,0.187427,1.790265,0.071484,0.082222,0.109456,205.590271,0.866025,-0.500000
2012,4,15.000000,130.000000,17.500000,132.500000,11573.780000,1.137312,0.390970,3.479330,5.007612,27.858740,1.029279,18.525287,0.206496,1.956557,0.076030,0.111944,0.108985,205.792282,0.866025,-0.500000
2012,4,15.000000,135.000000,17.500000,137.500000,8075.550000,0.657912,0.402697,2.707556,3.768164,27.732427,1.012683,20.138572,0.184465,1.867597,0.057333,0.072500,0.096106,205.518295,0.866025,-0.500000
2012,4,15.000000,140.000000,17.500000,142.500000,19271.250000,0.545995,0.108296,2.677668,3.331958,27.507808,0.937029,19.307197,0.189180,2.168531,0.066609,0.181667,0.087865,205.130463,0.866025,-0.500000
2012,4,15.000000,145.000000,17.500000,147.500000,1277.940000,4.954849,0.054776,2.543155,7.552780,27.673277,0.958336,23.456292,0.149452,88.872675,0.039024,0.084213,0.082481,204.839386,0.866025,-0.500000
2012,4,15.000000,150.000000,17.500000,152.500000,13697.540000,5.891058,0.719399,16.616049,23.226506,27.467681,0.919147,26.260373,0.146189,1.058824,0.050533,0.053889,0.079021,204.680878,0.866025,-0.500000
2012,4,15.000000,155.000000,17.500000,157.500000,10962.590000,0.876983,0.323829,4.852320,6.053132,27.643309,0.909504,27.871454,0.148779,0.918786,0.045900,0.018333,0.068851,204.250046,0.866025,-0.500000
2012,4,15.000000,160.000000,17.500000,162.500000,17739.630000,0.240535,0.033315,0.160150,0.434000,27.561853,0.947543,29.468971,0.156942,1.331587,0.047571,0.028333,0.063033,204.202377,0.866025,-0.500000
2012,4,15.000000,-160.000000,17.500000,-157.500000,2462.740000,1.620959,9.563738,0.077556,11.262253,,,,,,,,,,0.866025,-0.500000
2012,4,15.000000,-165.000000,17.500000,-162.500000,2821.600000,1.466898,8.879005,1.490644,11.836547,,,,,,,,,,0.866025,-0.500000
2012,4,15.000000,-170.000000,17.500000,-167.500000,1439.260000,0.762197,11.130025,10.262913,22.155135,,,,,,,,,,0.866025,-0.500000
2012,4,-15.000000,-135.000000,-12.500000,-132.500000,1031.060000,3.054138,22.465230,6.417667,31.937036,,,,,,,,,,0.866025,-0.500000
2012,4,-15.000000,145.000000,-12.500000,147.500000,5239.710000,17.837819,1.581576,18.689966,38.109361,28.405200,0.715271,25.310414,0.184600,129.553706,0.042099,0.058326,0.106194,200.156784,0.866025,-0.500000
2012,4,-15.000000,-145.000000,-12.500000,-142.500000,1021.630000,6.877245,5.150593,20.876443,32.904280,,,,,,,,,,0.866025,-0.500000
2012,4,-15.000000,150.000000,-12.500000,152.500000,6955.900000,23.178022,1.801061,27.602036,52.581118,28.745808,0.753203,27.311439,0.146002,130.236564,0.030912,0.026539,0.134755,199.823288,0.866025,-0.500000
2012,4,-15.000000,-150.000000,-12.500000,-147.500000,4258.630000,8.372411,4.361262,17.980196,30.713868,,,,,,,,,,0.866025,-0.500000
2012,4,-15.000000,155.000000,-12.500000,157.500000,8501.330000,10.254866,1.759137,17.505261,29.519263,29.207553,0.783985,25.313579,0.136905,0.737540,0.033239,0.000556,0.086895,198.903168,0.866025,-0.500000
2012,4,-15.000000,160.000000,-12.500000,162.500000,8099.710000,8.185231,1.581415,8.423141,18.189787,29.243266,0.833995,22.081648,0.132579,131.257566,0.046096,0.018274,0.080332,198.445358,0.866025,-0.500000
2012,4,-15.000000,-160.000000,-12.500000,-157.500000,31484.790000,2.959111,3.809617,34.132322,40.901051,,,,,,,,,,0.866025,-0.500000
2012,4,-15.000000,165.000000,-12.500000,167.500000,21370.500000,2.980417,0.739571,10.473456,14.193444,29.195276,0.889093,29.847180,0.121019,129.152020,0.041902,0.015355,0.072392,198.405899,0.866025,-0.500000
2012,4,-15.000000,-165.000000,-12.500000,-162.500000,4169.970000,6.533141,7.219476,21.261544,35.014161,,,,,,,,,,0.866025,-0.500000
2012,4,-15.000000,170.000000,-12.500000,172.500000,19883.370000,4.469514,1.173544,14.881129,20.524187,29.280415,0.902704,30.809963,0.101476,0.399130,0.029240,0.000000,0.063363,198.149338,0.866025,-0.500000
2012,4,-15.000000,-170.000000,-12.500000,-167.500000,2521.910000,6.431633,0.868389,16.374494,23.674517,,,,,,,,,,0.866025,-0.500000
2012,4,-15.000000,175.000000,-12.500000,177.500000,8304.170000,2.919377,1.026472,21.348551,25.294400,29.267763,0.848607,25.876222,0.091586,0.366076,0.030804,0.000000,0.064464,197.970688,0.866025,-0.500000
2012,4,-15.000000,-175.000000,-12.500000,-172.500000,6771.260000,5.745755,1.178363,24.304782,31.228900,,,,,,,,,,0.866025,-0.500000
2012,4,-15.000000,-180.000000,-12.500000,-177.500000,1935.140000,13.282760,4.033817,8.858791,26.175367,,,,,,,,,,0.866025,-0.500000
2012,4,20.000000,120.000000,22.500000,122.500000,3859.780000,3.134635,0.154154,0.659882,3.948671,25.888460,0.833534,17.542242,0.367221,121.641588,0.146036,0.587107,0.157649,210.276459,0.866025,-0.500000
2012,4,20.000000,125.000000,22.500000,127.500000,4366.680000,1.313813,0.242747,2.263505,3.820065,25.059111,0.964735,18.369506,0.204524,76.528292,0.115005,0.309061,0.133612,216.721329,0.866025,-0.500000
2012,4,20.000000,130.000000,22.500000,132.500000,2016.940000,3.662975,0.742213,16.895892,21.301080,24.841105,0.936877,17.713537,0.185733,4.126495,0.064535,0.395833,0.099510,216.357544,0.866025,-0.500000
2012,4,20.000000,135.000000,22.500000,137.500000,1830.170000,2.526541,0.052454,0.069392,2.648388,24.989806,0.923708,20.783996,0.193360,3.333593,0.079924,0.405556,0.083254,214.403244,0.866025,-0.500000
2012,4,20.000000,140.000000,22.500000,142.500000,2997.350000,3.543130,1.430931,19.031478,24.005538,24.690676,0.900853,19.079242,0.169752,45.890036,0.078941,0.451792,0.084722,214.833405,0.866025,-0.500000
2012,4,20.000000,145.000000,22.500000,147.500000,5776.540000,2.612290,0.573354,2.016778,5.202422,25.193551,0.832559,17.788986,0.165411,3.362920,0.063755,0.435556,0.075472,213.071899,0.866025,-0.500000
2012,4,20.000000,150.000000,22.500000,152.500000,1169.150000,3.074028,0.088954,2.643801,5.806783,25.303681,0.842405,20.473385,0.200018,3.964158,0.087305,0.347222,0.071195,212.841614,0.866025,-0.500000
2012,4,20.000000,155.000000,22.500000,157.500000,4094.600000,1.038197,0.103551,0.483319,1.625067,25.419763,0.814978,25.313325,0.235136,4.674444,0.093428,0.336667,0.068730,212.113358,0.866025,-0.500000
2012,4,20.000000,160.000000,22.500000,162.500000,4374.480000,0.654706,0.024231,0.080238,0.759176,25.155293,0.726438,25.267377,0.149857,3.972847,0.067417,0.390278,0.065314,211.434097,0.866025,-0.500000
2012,4,-20.000000,-145.000000,-17.500000,-142.500000,2107.830000,13.474996,3.024437,15.371733,31.871166,,,,,,,,,,0.866025,-0.500000
2012,4,-20.000000,-150.000000,-17.500000,-147.500000,3027.910000,3.921847,2.345182,11.162815,17.429844,,,,,,,,,,0.866025,-0.500000
2012,4,-20.000000,-155.000000,-17.500000,-152.500000,2916.610000,3.655957,3.065888,10.982271,17.704115,,,,,,,,,,0.866025,-0.500000
2012,4,-20.000000,-160.000000,-17.500000,-157.500000,1311.200000,2.347468,1.951647,17.943106,22.242221,,,,,,,,,,0.866025,-0.500000
2012,4,-20.000000,165.000000,-17.500000,167.500000,15592.040000,3.252814,0.779629,8.835213,12.867656,28.271336,0.718020,25.360874,0.125251,129.172343,0.062667,0.096820,0.083199,201.045959,0.866025,-0.500000
2012,4,-20.000000,-165.000000,-17.500000,-162.500000,1401.000000,1.890079,1.993576,19.214133,23.097787,,,,,,,,,,0.866025,-0.500000
2012,4,-20.000000,170.000000,-17.500000,172.500000,8519.380000,3.742174,0.794424,13.647472,18.184070,28.480452,0.772201,28.962533,0.120881,1.292454,0.070847,0.003611,0.079040,201.039322,0.866025,-0.500000
2012,4,-20.000000,-170.000000,-17.500000,-167.500000,4484.420000,2.930591,1.504319,17.502598,21.937508,,,,,,,,,,0.866025,-0.500000
2012,4,-20.000000,175.000000,-17.500000,177.500000,10660.180000,3.699093,1.240692,15.376194,20.315980,28.560723,0.828762,26.932115,0.103210,129.082596,0.046294,0.103084,0.084681,200.936478,0.866025,-0.500000
2012,4,-20.000000,-175.000000,-17.500000,-172.500000,5572.060000,4.023288,1.421736,20.174585,25.619609,,,,,,,,,,0.866025,-0.500000
2012,4,-20.000000,-180.000000,-17.500000,-177.500000,5920.830000,5.502438,1.885040,12.552801,19.940279,,,,,,,,,,0.866025,-0.500000
2012,4,25.000000,125.000000,27.500000,127.500000,1083.400000,9.142514,0.304597,5.836256,15.283367,22.317004,0.794722,24.055031,0.283266,98.993937,0.269166,0.715529,0.333052,223.332916,0.866025,-0.500000
2012,4,25.000000,130.000000,27.500000,132.500000,14755.290000,2.520994,1.144471,16.123099,19.788564,21.411497,0.964967,31.372588,0.235473,48.205389,0.119652,0.500139,0.352918,226.845306,0.866025,-0.500000
2012,4,25.000000,135.000000,27.500000,137.500000,9779.920000,1.447456,1.426290,20.549555,23.423300,20.854618,0.989012,39.624429,0.152183,4.597283,0.096641,0.360833,0.367175,228.894943,0.866025,-0.500000
2012,4,25.000000,140.000000,27.500000,142.500000,3051.410000,0.914004,1.447528,25.138543,27.500074,20.967466,0.968718,32.259397,0.176549,43.222076,0.070451,0.472909,0.296485,231.896286,0.866025,-0.500000
2012,4,25.000000,145.000000,27.500000,147.500000,1909.820000,3.807689,0.307359,0.988051,5.103099,20.823887,0.825236,26.516474,0.150702,4.263382,0.068434,0.545278,0.164991,232.773148,0.866025,-0.500000
2012,4,25.000000,-160.000000,27.500000,-157.500000,1249.990000,0.547204,4.975240,0.040000,5.562444,,,,,,,,,,0.866025,-0.500000
2012,4,25.000000,-165.000000,27.500000,-162.500000,1904.570000,0.422143,3.611314,0.079283,4.112739,,,,,,,,,,0.866025,-0.500000
2012,4,25.000000,170.000000,27.500000,172.500000,1105.960000,0.000000,0.166371,0.000000,0.166371,22.267335,0.700841,29.805565,0.129920,5.169272,0.063847,0.505833,0.054502,224.279114,0.866025,-0.500000
2012,4,25.000000,-170.000000,27.500000,-167.500000,1029.700000,0.733223,4.986889,0.273866,5.993979,,,,,,,,,,0.866025,-0.500000
2012,4,-25.000000,160.000000,-22.500000,162.500000,1491.730000,3.416168,1.050458,19.089245,23.555871,25.875780,0.663604,35.957471,0.119288,122.024988,0.046902,0.229384,0.071696,207.333252,0.866025,-0.500000
2012,4,-25.000000,165.000000,-22.500000,167.500000,1534.850000,15.565039,2.335733,8.606053,26.506825,26.473890,0.691523,32.370707,0.161483,123.191902,0.073972,0.253187,0.077106,206.818054,0.866025,-0.500000
2012,4,-25.000000,-165.000000,-22.500000,-162.500000,3454.720000,1.106602,1.011080,19.554117,21.671800,,,,,,,,,,0.866025,-0.500000
2012,4,-25.000000,170.000000,-22.500000,172.500000,2477.850000,1.148576,0.570252,20.565813,22.284642,26.576565,0.719094,32.875515,0.110765,1.882916,0.043280,0.141389,0.077822,206.373383,0.866025,-0.500000
2012,4,-25.000000,-170.000000,-22.500000,-167.500000,4435.680000,1.345679,1.401138,19.845435,22.592252,,,,,,,,,,0.866025,-0.500000
2012,4,-25.000000,175.000000,-22.500000,177.500000,1480.690000,3.875220,1.017093,9.700883,14.593196,26.549267,0.684111,29.153020,0.121840,1.700087,0.070354,0.104167,0.077947,206.178558,0.866025,-0.500000
2012,4,-25.000000,-175.000000,-22.500000,-172.500000,1573.130000,1.962966,0.749461,12.967778,15.680204,,,,,,,,,,0.866025,-0.500000
2012,4,-25.000000,-180.000000,-22.500000,-177.500000,2738.150000,9.047715,1.303070,6.174242,16.525026,,,,,,,,,,0.866025,-0.500000
2012,4,30.000000,130.000000,32.500000,132.500000,11249.430000,5.278579,2.350075,12.428719,20.057372,19.380877,0.551490,26.577624,0.392863,94.625220,0.381143,0.812331,0.765478,241.115768,0.866025,-0.500000
2012,4,30.000000,135.000000,32.500000,137.500000,11810.840000,2.986070,2.311775,19.873100,25.170945,19.887405,0.869883,53.686278,0.395054,84.574757,0.389559,0.548810,0.709646,232.378189,0.866025,-0.500000
2012,4,30.000000,140.000000,32.500000,142.500000,9979.720000,0.775372,7.286978,11.511846,19.574196,18.838556,0.875232,57.502554,0.284081,26.513113,0.179924,0.476944,0.806049,240.830902,0.866025,-0.500000
2012,4,30.000000,145.000000,32.500000,147.500000,5067.380000,0.055453,1.751793,5.218476,7.025721,17.852128,0.865203,70.514461,0.272775,2.979233,0.150700,0.155278,0.786594,244.922699,0.866025,-0.500000
2012,4,30.000000,150.000000,32.500000,152.500000,1594.250000,0.029481,0.281010,0.077152,0.387643,17.798001,0.750578,54.373051,0.243398,3.587784,0.126484,0.363056,0.974347,250.701645,0.866025,-0.500000
2012,4,30.000000,155.000000,32.500000,157.500000,1370.510000,0.000000,0.370665,0.029186,0.399851,17.592771,0.757407,51.127068,0.274869,4.110234,0.228605,0.426667,0.808476,251.568237,0.866025,-0.500000
2012,4,30.000000,160.000000,32.500000,162.500000,2591.600000,0.056722,0.329526,0.104569,0.490816,17.516843,0.685451,39.433773,0.356821,3.279395,0.210112,0.405833,0.685988,254.283142,0.866025,-0.500000
2012,4,30.000000,165.000000,32.500000,167.500000,2046.490000,0.226730,0.236502,0.117274,0.580506,17.988460,0.635004,37.754874,0.292291,4.334670,0.197724,0.514444,0.385833,251.742676,0.866025,-0.500000
2012,4,30.000000,-165.000000,32.500000,-162.500000,1176.230000,0.141129,0.407233,0.229547,0.777909,,,,,,,,,,0.866025,-0.500000
2012,4,30.000000,170.000000,32.500000,172.500000,3695.530000,1.108095,0.111486,0.024354,1.243935,17.914634,0.575690,32.217714,0.226828,5.150019,0.126559,0.508056,0.270259,249.149918,0.866025,-0.500000
2012,4,30.000000,175.000000,32.500000,177.500000,2867.920000,0.000000,0.076711,0.085079,0.161790,17.977453,0.579361,30.557804,0.153708,2.873077,0.105362,0.414167,0.186632,247.442505,0.866025,-0.500000
2012,4,30.000000,-175.000000,32.500000,-172.500000,3673.040000,0.000000,0.116797,0.047917,0.164714,,,,,,,,,,0.866025,-0.500000
2012,4,30.000000,-180.000000,32.500000,-177.500000,2509.230000,0.000000,0.102820,0.153035,0.255855,,,,,,,,,,0.866025,-0.500000
2012,4,-30.000000,150.000000,-27.500000,152.500000,1371.290000,8.543051,7.170620,1.443896,17.157567,25.020615,0.620153,33.920515,0.304513,112.351779,0.117247,0.751837,0.217437,208.291046,0.866025,-0.500000
2012,4,-30.000000,155.000000,-27.500000,157.500000,1441.220000,5.577219,11.737278,8.317953,25.632450,24.124706,0.629840,43.246510,0.234437,3.722185,0.110505,0.308056,0.092384,214.103302,0.866025,-0.500000
2012,4,-30.000000,-160.000000,-27.500000,-157.500000,1069.000000,1.170253,5.079514,37.656688,43.906455,,,,,,,,,,0.866025,-0.500000
2012,4,-30.000000,170.000000,-27.500000,172.500000,13199.000000,0.924388,0.425259,21.853171,23.202818,23.544958,0.559151,36.726485,0.162004,3.938259,0.076843,0.376389,0.058662,215.267136,0.866025,-0.500000
2012,4,35.000000,140.000000,37.500000,142.500000,5197.030000,0.330766,8.544880,10.629148,19.504794,13.856288,0.202245,32.696383,0.357635,74.495363,0.348766,0.818828,1.291990,242.108414,0.866025,-0.500000
2012,4,35.000000,145.000000,37.500000,147.500000,2052.060000,0.129139,2.341549,5.121195,7.591883,12.848608,0.070386,41.949897,0.335591,16.184856,0.204438,0.835278,1.350598,252.553162,0.866025,-0.500000
2012,4,35.000000,150.000000,37.500000,152.500000,2075.020000,0.191323,0.000000,0.006747,0.198070,13.512392,0.176221,55.441750,0.298049,18.850008,0.259956,0.774722,1.297113,255.303421,0.866025,-0.500000
2012,4,35.000000,155.000000,37.500000,157.500000,1727.490000,1.065129,0.000000,0.069465,1.134594,13.475571,0.177650,56.618747,0.293160,7.656197,0.272202,0.717500,1.355643,258.310242,0.866025,-0.500000
2012,4,35.000000,160.000000,37.500000,162.500000,1738.330000,0.000000,0.000000,0.000000,0.000000,14.181032,0.213868,51.306661,0.299212,8.347230,0.225853,0.741389,1.455990,264.119843,0.866025,-0.500000
2012,4,35.000000,165.000000,37.500000,167.500000,1729.730000,4.079249,0.000000,0.011562,4.090812,14.933557,0.348465,55.572386,0.276663,7.167504,0.172915,0.603611,1.257293,267.723358,0.866025,-0.500000
2012,4,-35.000000,-135.000000,-32.500000,-132.500000,2029.130000,0.053718,1.197558,31.728869,32.980144,,,,,,,,,,0.866025,-0.500000
2012,4,-35.000000,-140.000000,-32.500000,-137.500000,1101.960000,0.153363,1.426549,29.554612,31.134524,,,,,,,,,,0.866025,-0.500000
2012,4,-40.000000,150.000000,-37.500000,152.500000,1874.950000,16.216966,5.137204,15.404677,36.758847,,,,,,,,,,0.866025,-0.500000
2012,4,-40.000000,155.000000,-37.500000,157.500000,1787.060000,2.631137,4.520833,14.788535,21.940506,,,,,,,,,,0.866025,-0.500000
2012,4,-40.000000,175.000000,-37.500000,177.500000,1390.170000,0.032370,3.923981,10.446204,14.402555,,,,,,,,,,0.866025,-0.500000
2012,4,-40.000000,-180.000000,-37.500000,-177.500000,1078.000000,0.000000,0.052876,0.005566,0.058442,,,,,,,,,,0.866025,-0.500000
2012,4,-45.000000,150.000000,-42.500000,152.500000,14446.420000,0.085211,0.412905,8.232766,8.730883,,,,,,,,,,0.866025,-0.500000
2012,4,-45.000000,155.000000,-42.500000,157.500000,4847.890000,0.000000,0.485160,10.278905,10.764064,,,,,,,,,,0.866025,-0.500000
2012,4,-45.000000,165.000000,-42.500000,167.500000,1571.440000,0.000000,0.000000,4.322150,4.322150,,,,,,,,,,0.866025,-0.500000
2012,5,0.000000,120.000000,2.500000,122.500000,16818.160000,14.110521,4.360643,0.000000,18.471165,29.929312,0.677636,12.670392,0.261796,137.348289,0.020250,0.073867,0.113001,201.489914,0.500000,-0.866025
2012,5,0.000000,125.000000,2.500000,127.500000,22284.810000,14.175934,4.295168,0.000000,18.471102,29.911003,0.676252,13.770670,0.272741,136.784841,0.019529,0.120085,0.110779,200.619125,0.500000,-0.866025
2012,5,0.000000,130.000000,2.500000,132.500000,11682.260000,15.946486,5.704461,0.395386,22.046334,29.822865,0.708050,14.002010,0.173520,119.611438,0.013291,0.005835,0.109766,201.030548,0.500000,-0.866025
2012,5,0.000000,135.000000,2.500000,137.500000,10811.600000,13.000666,5.599264,0.094251,18.694180,30.004973,0.710909,13.582433,0.151875,0.617638,0.012528,0.000000,0.110294,200.414413,0.500000,-0.866025
2012,5,0.000000,140.000000,2.500000,142.500000,5333.020000,3.531395,6.032229,0.156759,9.720384,30.041960,0.705060,14.230019,0.152007,0.245831,0.017590,0.000000,0.120224,200.990845,0.500000,-0.866025
2012,5,0.000000,145.000000,2.500000,147.500000,4506.530000,6.313283,10.533825,0.026406,16.873515,29.956022,0.712019,14.403720,0.129076,0.346230,0.012897,0.000000,0.112562,201.173264,0.500000,-0.866025
2012,5,0.000000,150.000000,2.500000,152.500000,3123.810000,11.189861,13.371812,0.136372,24.698045,29.858336,0.709165,14.266259,0.111523,0.296997,0.009520,0.000000,0.147777,202.920471,0.500000,-0.866025
2012,5,0.000000,-155.000000,2.500000,-152.500000,1655.940000,1.643779,19.003708,0.065824,20.713311,,,,,,,,,,0.500000,-0.866025
2012,5,0.000000,160.000000,2.500000,162.500000,2916.330000,5.352275,13.889718,0.160476,19.402468,29.356463,0.705097,20.974355,0.179426,0.270352,0.009710,0.000000,0.178874,201.948517,0.500000,-0.866025
2012,5,0.000000,-160.000000,2.500000,-157.500000,7592.590000,3.604040,24.774550,0.675000,29.053590,,,,,,,,,,0.500000,-0.866025
2012,5,0.000000,-165.000000,2.500000,-162.500000,5340.440000,3.690707,30.533814,0.752372,34.976893,,,,,,,,,,0.500000,-0.866025
2012,5,0.000000,170.000000,2.500000,172.500000,2018.310000,7.642533,27.295113,0.515778,35.453424,28.788997,0.653455,23.908992,0.157419,129.024923,0.016585,0.019537,0.221894,201.521393,0.500000,-0.866025
2012,5,0.000000,-170.000000,2.500000,-167.500000,3306.560000,2.777207,23.692599,0.610604,27.080410,,,,,,,,,,0.500000,-0.866025
2012,5,0.000000,175.000000,2.500000,177.500000,4047.810000,2.622900,26.546701,0.172192,29.341792,28.357943,0.620344,26.899779,0.121348,0.282129,0.016193,0.000000,0.197839,202.154846,0.500000,-0.866025
2012,5,0.000000,-175.000000,2.500000,-172.500000,2635.330000,1.890086,14.756786,0.640906,17.287778,,,,,,,,,,0.500000,-0.866025
2012,5,0.000000,-180.000000,2.500000,-177.500000,3588.920000,3.568762,26.546426,0.308449,30.423637,,,,,,,,,,0.500000,-0.866025
2012,5,5.000000,130.000000,7.500000,132.500000,4861.470000,4.154710,10.239495,0.026329,14.420535,29.817851,0.635117,13.220690,0.299163,133.845611,0.055370,0.008082,0.100702,200.084946,0.500000,-0.866025
2012,5,5.000000,135.000000,7.500000,137.500000,10781.280000,7.857601,8.524776,0.000000,16.382378,29.878728,0.734772,13.108486,0.187729,133.094851,0.048737,0.006954,0.094214,199.272552,0.500000,-0.866025
2012,5,5.000000,140.000000,7.500000,142.500000,1983.210000,3.862425,27.486247,0.173960,31.522632,29.869832,0.761171,15.012395,0.165810,0.375635,0.043485,0.000000,0.082195,198.371735,0.500000,-0.866025
2012,5,5.000000,145.000000,7.500000,147.500000,3729.440000,8.714445,29.995120,0.165440,38.875005,29.764349,0.761314,16.814937,0.147946,0.385229,0.032838,0.000000,0.080406,198.514435,0.500000,-0.866025
2012,5,5.000000,150.000000,7.500000,152.500000,1775.720000,9.683396,10.868831,0.195977,20.748204,29.582341,0.742573,17.766115,0.121482,118.449919,0.022669,0.004454,0.084690,199.155716,0.500000,-0.866025
2012,5,5.000000,155.000000,7.500000,157.500000,5598.830000,10.202132,13.331178,1.207574,24.740883,29.348250,0.733161,19.936130,0.134597,124.429778,0.024868,0.003336,0.095847,200.023285,0.500000,-0.866025
2012,5,5.000000,160.000000,7.500000,162.500000,2859.600000,10.258428,18.466569,2.828368,31.553364,29.204108,0.707307,24.623564,0.131217,0.249378,0.025039,0.000000,0.107163,200.439362,0.500000,-0.866025
2012,5,5.000000,165.000000,7.500000,167.500000,6639.930000,6.215276,14.470032,1.325165,22.010473,28.936073,0.669199,24.787861,0.140784,128.992823,0.022723,0.041643,0.176083,201.982117,0.500000,-0.866025
2012,5,5.000000,170.000000,7.500000,172.500000,12155.910000,4.932991,15.634124,2.872841,23.439956,28.631053,0.630065,26.420617,0.145703,128.221094,0.022501,0.027848,0.192734,202.348480,0.500000,-0.866025
2012,5,5.000000,-170.000000,7.500000,-167.500000,1414.850000,0.905396,24.767290,0.185179,25.857865,,,,,,,,,,0.500000,-0.866025
2012,5,5.000000,175.000000,7.500000,177.500000,3341.340000,2.346364,23.929920,0.421986,26.698271,28.331436,0.603461,36.289519,0.163522,0.643439,0.019116,0.000000,0.162944,202.809875,0.500000,-0.866025
2012,5,5.000000,-175.000000,7.500000,-172.500000,1539.880000,1.547523,14.514767,0.847469,16.909759,,,,,,,,,,0.500000,-0.866025
2012,5,5.000000,-180.000000,7.500000,-177.500000,6323.910000,2.881129,25.212092,0.402441,28.495662,,,,,,,,,,0.500000,-0.866025
2012,5,-5.000000,120.000000,-2.500000,122.500000,21866.590000,14.377322,4.093780,0.000000,18.471101,29.765399,0.669110,16.638901,0.129389,136.970229,0.011971,0.200402,0.102817,200.331955,0.500000,-0.866025
2012,5,-5.000000,125.000000,-2.500000,127.500000,32799.890000,14.377335,4.093764,0.000000,18.471099,29.649962,0.665897,14.880372,0.092780,135.144431,0.013067,0.136533,0.099994,200.298401,0.500000,-0.866025
2012,5,-5.000000,130.000000,-2.500000,132.500000,10933.300000,14.377361,4.093732,0.000000,18.471093,29.852170,0.682314,12.229753,0.115824,139.494042,0.021375,0.236657,0.138893,199.815125,0.500000,-0.866025
2012,5,-5.000000,140.000000,-2.500000,142.500000,7035.100000,20.109167,0.059701,0.424017,20.592884,29.846070,0.731098,14.364834,0.125981,133.782724,0.009768,0.050000,0.154979,202.655197,0.500000,-0.866025
2012,5,-5.000000,145.000000,-2.500000,147.500000,4005.600000,8.982425,5.185490,0.525514,14.693429,29.851736,0.735865,14.776329,0.111891,132.103351,0.010176,0.025663,0.153390,203.514496,0.500000,-0.866025
2012,5,-5.000000,155.000000,-2.500000,157.500000,1048.810000,16.411934,4.426922,0.761816,21.600671,29.789682,0.725589,15.140530,0.192999,0.317251,0.010202,0.000000,0.195929,203.669617,0.500000,-0.866025
2012,5,-5.000000,-155.000000,-2.500000,-152.500000,18190.570000,3.346404,13.078590,0.975341,17.400334,,,,,,,,,,0.500000,-0.866025
2012,5,-5.000000,160.000000,-2.500000,162.500000,2942.120000,19.464876,7.601321,0.327655,27.393852,29.569254,0.718120,16.688327,0.213660,0.210651,0.012378,0.000000,0.157308,202.482834,0.500000,-0.866025
2012,5,-5.000000,-160.000000,-2.500000,-157.500000,11092.390000,3.821629,14.641930,1.372833,19.836392,,,,,,,,,,0.500000,-0.866025
2012,5,-5.000000,-165.000000,-2.500000,-162.500000,8982.430000,2.784547,15.789603,2.065143,20.639292,,,,,,,,,,0.500000,-0.866025
2012,5,-5.000000,170.000000,-2.500000,172.500000,5638.370000,5.464168,19.646103,0.751104,25.861375,29.003984,0.669201,20.247390,0.158168,128.554604,0.012823,0.009476,0.171251,203.247955,0.500000,-0.866025
2012,5,-5.000000,-170.000000,-2.500000,-167.500000,8809.220000,2.407932,14.550550,1.597985,18.556467,,,,,,,,,,0.500000,-0.866025
2012,5,-5.000000,175.000000,-2.500000,177.500000,8617.170000,7.310637,23.767316,0.752915,31.830868,28.875412,0.631478,21.157310,0.100244,90.933568,0.010389,0.001668,0.177181,204.177536,0.500000,-0.866025
2012,5,-5.000000,-175.000000,-2.500000,-172.500000,7216.930000,10.739885,22.217203,2.324396,35.281484,,,,,,,,,,0.500000,-0.866025
2012,5,-5.000000,-180.000000,-2.500000,-177.500000,9307.220000,3.544775,24.153184,0.830968,28.528927,,,,,,,,,,0.500000,-0.866025
2012,5,10.000000,110.000000,12.500000,112.500000,18975.290000,13.675680,4.129265,0.000000,17.804945,29.708508,0.767491,16.268274,0.252586,1.389190,0.082508,0.032222,0.085384,200.733932,0.500000,-0.866025
2012,5,10.000000,115.000000,12.500000,117.500000,18975.290000,13.675680,4.129265,0.000000,17.804945,30.475103,0.764912,13.546400,0.140831,138.061641,0.041216,0.032917,0.089292,199.791519,0.500000,-0.866025
2012,5,10.000000,130.000000,12.500000,132.500000,3335.030000,3.017964,16.623539,0.131933,19.773435,29.958859,0.955574,12.661961,0.217467,0.332633,0.087474,0.000000,0.104030,200.402924,0.500000,-0.866025
2012,5,10.000000,135.000000,12.500000,137.500000,1134.290000,1.297728,4.373661,10.020365,15.691754,29.767244,0.946612,14.262547,0.173554,119.073096,0.070349,0.001946,0.098811,199.854538,0.500000,-0.866025
2012,5,10.000000,150.000000,12.500000,152.500000,3160.880000,5.438675,2.979550,25.826985,34.245210,29.301548,0.860076,19.507093,0.147151,0.941600,0.044755,0.003333,0.092397,200.359924,0.500000,-0.866025
2012,5,10.000000,-165.000000,12.500000,-162.500000,1860.920000,1.203706,15.432689,2.154311,18.790706,,,,,,,,,,0.500000,-0.866025
2012,5,10.000000,170.000000,12.500000,172.500000,5075.200000,4.988572,15.885679,4.381305,25.255556,28.254759,0.698768,24.700830,0.140254,57.259830,0.021817,0.003056,0.059591,202.549622,0.500000,-0.866025
2012,5,10.000000,-170.000000,12.500000,-167.500000,12854.370000,1.416328,21.498837,0.657364,23.572528,,,,,,,,,,0.500000,-0.866025
2012,5,10.000000,175.000000,12.500000,177.500000,2691.160000,2.633808,22.187830,1.726393,26.548031,27.679050,0.670585,33.668784,0.140346,0.995009,0.029836,0.004722,0.054635,203.500214,0.500000,-0.866025
2012,5,10.000000,-175.000000,12.500000,-172.500000,9720.840000,1.710037,24.280206,0.503352,26.493595,,,,,,,,,,0.500000,-0.866025
2012,5,10.000000,-180.000000,12.500000,-177.500000,16642.700000,2.000276,21.085701,0.943056,24.029034,,,,,,,,,,0.500000,-0.866025
2012,5,-10.000000,-135.000000,-7.500000,-132.500000,5170.370000,9.830631,21.543139,2.530573,33.904343,,,,,,,,,,0.500000,-0.866025
2012,5,-10.000000,-140.000000,-7.500000,-137.500000,2803.120000,4.296998,24.509475,2.698779,31.505251,,,,,,,,,,0.500000,-0.866025
2012,5,-10.000000,145.000000,-7.500000,147.500000,1024.090000,16.758293,0.098624,1.185443,18.042360,29.002586,0.741407,15.039240,0.223135,133.918328,0.030349,0.250994,0.176901,201.536682,0.500000,-0.866025
2012,5,-10.000000,-145.000000,-7.500000,-142.500000,1334.030000,5.209028,7.277198,3.146106,15.632332,,,,,,,,,,0.500000,-0.866025
2012,5,-10.000000,150.000000,-7.500000,152.500000,3568.730000,19.710653,6.423854,4.560446,30.694953,29.618126,0.768417,16.066006,0.231824,134.263975,0.028204,0.078861,0.175251,200.643051,0.500000,-0.866025
2012,5,-10.000000,-150.000000,-7.500000,-147.500000,8064.460000,5.711480,16.399734,3.178266,25.289480,,,,,,,,,,0.500000,-0.866025
2012,5,-10.000000,155.000000,-7.500000,157.500000,7404.890000,50.071237,6.657222,3.733749,60.462208,29.617842,0.774629,17.580939,0.177650,133.533876,0.025110,0.102854,0.189502,199.393005,0.500000,-0.866025
2012,5,-10.000000,-155.000000,-7.500000,-152.500000,6277.800000,5.105292,11.612030,4.374940,21.092262,,,,,,,,,,0.500000,-0.866025
2012,5,-10.000000,160.000000,-7.500000,162.500000,5356.460000,10.889655,4.726442,11.603932,27.220030,29.570351,0.803119,22.475929,0.200270,131.992938,0.050142,0.031973,0.128336,198.580246,0.500000,-0.866025
2012,5,-10.000000,-160.000000,-7.500000,-157.500000,11310.310000,18.051671,9.635191,45.373381,73.060243,,,,,,,,,,0.500000,-0.866025
2012,5,-10.000000,165.000000,-7.500000,167.500000,3994.600000,14.646272,3.279928,11.016372,28.942572,29.452691,0.775738,24.247254,0.176950,0.438989,0.043389,0.000000,0.099896,198.319351,0.500000,-0.866025
2012,5,-10.000000,-165.000000,-7.500000,-162.500000,5343.160000,6.702401,10.765352,21.703075,39.170828,,,,,,,,,,0.500000,-0.866025
2012,5,-10.000000,170.000000,-7.500000,172.500000,7522.810000,12.081390,3.483406,15.263445,30.828241,29.499506,0.733533,22.223664,0.165989,0.290035,0.044608,0.000000,0.098854,198.577240,0.500000,-0.866025
2012,5,-10.000000,-170.000000,-7.500000,-167.500000,1802.710000,4.084406,11.511003,10.631771,26.227180,,,,,,,,,,0.500000,-0.866025
2012,5,-10.000000,175.000000,-7.500000,177.500000,9637.900000,13.009888,9.894583,11.079800,33.984270,29.492118,0.682750,18.253333,0.178529,0.422093,0.051947,0.000000,0.111383,198.800797,0.500000,-0.866025
2012,5,-10.000000,-175.000000,-7.500000,-172.500000,2321.700000,10.805014,12.151871,8.494207,31.451092,,,,,,,,,,0.500000,-0.866025
2012,5,-10.000000,-180.000000,-7.500000,-177.500000,10893.410000,10.421255,9.002782,13.214411,32.638448,,,,,,,,,,0.500000,-0.866025
2012,5,15.000000,110.000000,17.500000,112.500000,18975.290000,13.675680,4.129265,0.000000,17.804945,29.326732,0.720308,11.791703,0.293351,129.118290,0.087543,0.110182,0.087337,200.844894,0.500000,-0.866025
2012,5,15.000000,115.000000,17.500000,117.500000,18975.290000,13.675680,4.129265,0.000000,17.804945,29.791054,0.680487,11.249217,0.189980,137.855652,0.078062,0.055989,0.086501,200.456009,0.500000,-0.866025
2012,5,15.000000,120.000000,17.500000,122.500000,2745.590000,6.240189,0.338361,0.054633,6.633183,30.102540,0.955950,11.113096,0.275522,139.208168,0.111785,0.225404,0.127667,200.206818,0.500000,-0.866025
2012,5,15.000000,125.000000,17.500000,127.500000,3457.960000,2.287765,0.559289,1.945945,4.792999,29.856566,1.055120,11.321774,0.222940,1.332859,0.091998,0.081667,0.115923,201.050705,0.500000,-0.866025
2012,5,15.000000,130.000000,17.500000,132.500000,2257.750000,0.978851,0.712213,2.266416,3.957480,29.773140,1.032848,11.627637,0.209001,1.521085,0.090609,0.081944,0.110586,201.547836,0.500000,-0.866025
2012,5,15.000000,135.000000,17.500000,137.500000,4148.230000,0.869769,1.529327,19.942481,22.341577,29.423547,0.999690,12.759874,0.190458,1.689378,0.076105,0.031667,0.106589,201.670105,0.500000,-0.866025
2012,5,15.000000,140.000000,17.500000,142.500000,2790.590000,0.719919,0.453309,12.658613,13.831842,29.199313,0.956681,15.187198,0.171733,1.151325,0.061962,0.017500,0.101821,201.668808,0.500000,-0.866025
2012,5,15.000000,145.000000,17.500000,147.500000,1242.670000,4.783249,1.591734,55.868412,62.243395,28.863629,0.969207,16.067131,0.143265,92.801339,0.035344,0.020845,0.097413,201.613480,0.500000,-0.866025
2012,5,15.000000,150.000000,17.500000,152.500000,6859.180000,3.200091,1.069078,51.454984,55.724154,28.529026,0.923407,17.511734,0.190754,1.395867,0.060347,0.051667,0.086091,201.996628,0.500000,-0.866025
2012,5,15.000000,155.000000,17.500000,157.500000,1059.380000,1.667013,1.064774,60.625083,63.356869,28.337905,0.954891,22.075353,0.158217,1.476943,0.045190,0.045278,0.077057,202.406204,0.500000,-0.866025
2012,5,15.000000,-160.000000,17.500000,-157.500000,3301.190000,3.145229,10.919699,1.753610,15.818538,,,,,,,,,,0.500000,-0.866025
2012,5,15.000000,-165.000000,17.500000,-162.500000,8525.420000,1.940784,10.913949,4.196978,17.051711,,,,,,,,,,0.500000,-0.866025
2012,5,-15.000000,-135.000000,-12.500000,-132.500000,1702.770000,14.124045,15.794265,13.301855,43.220165,,,,,,,,,,0.500000,-0.866025
2012,5,-15.000000,145.000000,-12.500000,147.500000,3974.920000,23.389402,1.042788,7.195868,31.628058,27.750470,0.699054,32.560861,0.192301,124.989142,0.034993,0.098056,0.099656,202.027710,0.500000,-0.866025
2012,5,-15.000000,150.000000,-12.500000,152.500000,3749.400000,26.073238,3.453353,18.193044,47.719635,28.401328,0.722450,35.233414,0.170128,129.549678,0.028749,0.083286,0.139453,200.476349,0.500000,-0.866025
2012,5,-15.000000,-150.000000,-12.500000,-147.500000,4004.890000,4.886526,4.720979,27.758565,37.366070,,,,,,,,,,0.500000,-0.866025
2012,5,-15.000000,155.000000,-12.500000,157.500000,12872.420000,27.670322,2.324893,27.344975,57.340189,28.930461,0.777760,31.108112,0.176490,1.074670,0.048067,0.042778,0.095643,199.302582,0.500000,-0.866025
2012,5,-15.000000,-155.000000,-12.500000,-152.500000,1749.580000,9.069605,9.089039,16.666286,34.824929,,,,,,,,,,0.500000,-0.866025
2012,5,-15.000000,160.000000,-12.500000,162.500000,4737.000000,15.371543,2.333333,21.480051,39.184927,29.102873,0.847467,33.492371,0.165786,131.705668,0.048204,0.050042,0.077700,199.026245,0.500000,-0.866025
2012,5,-15.000000,-160.000000,-12.500000,-157.500000,46236.150000,4.440768,3.447238,40.084998,47.973004,,,,,,,,,,0.500000,-0.866025
2012,5,-15.000000,165.000000,-12.500000,167.500000,18594.450000,6.592182,0.680741,16.959630,24.232553,29.070142,0.866386,37.377252,0.119474,128.827228,0.025089,0.015355,0.067898,198.882690,0.500000,-0.866025
2012,5,-15.000000,-165.000000,-12.500000,-162.500000,5071.720000,5.017824,5.519824,51.181848,61.719496,,,,,,,,,,0.500000,-0.866025
2012,5,-15.000000,170.000000,-12.500000,172.500000,19493.990000,3.994770,0.856674,15.145488,19.996932,29.046452,0.839077,38.276910,0.122811,0.746462,0.029376,0.001667,0.061951,198.679321,0.500000,-0.866025
2012,5,-15.000000,-170.000000,-12.500000,-167.500000,5885.590000,5.089379,1.850452,30.645016,37.584847,,,,,,,,,,0.500000,-0.866025
2012,5,-15.000000,175.000000,-12.500000,177.500000,19002.490000,3.063546,1.834812,30.981519,35.879877,29.127939,0.809063,33.559341,0.107547,0.512964,0.019475,0.000000,0.065559,198.463455,0.500000,-0.866025
2012,5,-15.000000,-175.000000,-12.500000,-172.500000,7056.380000,6.304082,1.597420,33.249343,41.150845,,,,,,,,,,0.500000,-0.866025
2012,5,20.000000,115.000000,22.500000,117.500000,1798.780000,1.323119,0.000000,0.000000,1.323119,27.583451,0.614909,11.319156,0.218570,119.337933,0.102210,0.494631,0.199218,206.546295,0.500000,-0.866025
2012,5,20.000000,120.000000,22.500000,122.500000,13293.320000,8.731378,0.205818,0.260657,9.197853,28.321201,0.900610,12.274008,0.320342,131.189905,0.149865,0.375157,0.146086,204.968109,0.500000,-0.866025
2012,5,20.000000,125.000000,22.500000,127.500000,19987.120000,15.143052,0.489665,1.662421,17.295138,27.293375,0.947021,11.537999,0.210488,85.280748,0.127803,0.329072,0.114957,207.972809,0.500000,-0.866025
2012,5,20.000000,130.000000,22.500000,132.500000,2617.060000,1.439784,0.465026,21.694191,23.599000,27.038208,0.932033,11.090936,0.189449,2.955311,0.070636,0.471389,0.107899,209.066605,0.500000,-0.866025
2012,5,20.000000,135.000000,22.500000,137.500000,6814.330000,0.269285,0.046373,0.279118,0.594776,27.165850,0.951266,11.694863,0.191424,2.530156,0.075091,0.354167,0.098890,208.054596,0.500000,-0.866025
2012,5,20.000000,140.000000,22.500000,142.500000,1232.890000,0.195476,0.057588,1.145277,1.398340,26.399191,0.845625,11.179832,0.188747,49.563994,0.111757,0.514587,0.093659,209.649124,0.500000,-0.866025
2012,5,20.000000,145.000000,22.500000,147.500000,9925.380000,0.720275,0.058134,0.381043,1.159452,27.165655,0.872001,13.421278,0.204133,2.378517,0.097170,0.258333,0.090447,207.946579,0.500000,-0.866025
2012,5,20.000000,150.000000,22.500000,152.500000,2532.710000,11.480588,0.936941,0.135823,12.553352,26.679948,0.838508,13.946875,0.223873,3.169797,0.083923,0.289167,0.084888,208.319061,0.500000,-0.866025
2012,5,20.000000,155.000000,22.500000,157.500000,2787.270000,0.360568,0.093999,0.060992,0.515558,26.354957,0.784221,14.916643,0.209631,2.675229,0.087312,0.254722,0.080621,209.028625,0.500000,-0.866025
2012,5,20.000000,160.000000,22.500000,162.500000,2634.620000,0.735210,0.253927,0.000000,0.989137,26.493727,0.738339,16.597111,0.175050,2.626077,0.076304,0.238889,0.076516,209.186569,0.500000,-0.866025
2012,5,-20.000000,-145.000000,-17.500000,-142.500000,2020.280000,13.782743,3.115905,14.844972,31.743620,,,,,,,,,,0.500000,-0.866025
2012,5,-20.000000,-150.000000,-17.500000,-147.500000,2629.070000,4.880433,3.842804,19.296177,28.019414,,,,,,,,,,0.500000,-0.866025
2012,5,-20.000000,155.000000,-17.500000,157.500000,1540.850000,5.944771,1.900250,43.788169,51.633189,27.097746,0.707148,42.706884,0.133182,1.335291,0.037752,0.100278,0.072375,204.431824,0.500000,-0.866025
2012,5,-20.000000,-155.000000,-17.500000,-152.500000,2793.770000,5.104214,5.882016,12.311679,23.297909,,,,,,,,,,0.500000,-0.866025
2012,5,-20.000000,160.000000,-17.500000,162.500000,1207.500000,14.326294,0.992133,28.724638,44.043064,27.289798,0.725305,44.048158,0.139130,52.031610,0.040001,0.198388,0.073473,203.972809,0.500000,-0.866025
2012,5,-20.000000,-160.000000,-17.500000,-157.500000,6633.750000,1.568344,1.004108,23.798153,26.370605,,,,,,,,,,0.500000,-0.866025
2012,5,-20.000000,165.000000,-17.500000,167.500000,9720.700000,4.620861,1.029864,14.680321,20.331046,27.342362,0.725895,40.667992,0.127705,128.055101,0.077421,0.206531,0.074611,203.837143,0.500000,-0.866025
2012,5,-20.000000,170.000000,-17.500000,172.500000,7699.760000,3.864017,0.689632,21.960035,26.513684,27.459401,0.774357,47.270588,0.105877,1.283164,0.050282,0.095278,0.071376,203.374878,0.500000,-0.866025
2012,5,-20.000000,-170.000000,-17.500000,-167.500000,3023.470000,3.444387,1.040196,19.317870,23.802452,,,,,,,,,,0.500000,-0.866025
2012,5,-20.000000,175.000000,-17.500000,177.500000,15920.800000,4.549960,2.046631,14.640784,21.237375,27.642301,0.817800,44.737538,0.091499,124.729993,0.020721,0.149780,0.081265,203.314804,0.500000,-0.866025
2012,5,-20.000000,-175.000000,-17.500000,-172.500000,3642.640000,5.182505,1.957097,20.793985,27.933587,,,,,,,,,,0.500000,-0.866025
2012,5,-20.000000,-180.000000,-17.500000,-177.500000,2281.240000,4.326156,1.390472,14.875682,20.592309,,,,,,,,,,0.500000,-0.866025
2012,5,25.000000,120.000000,27.500000,122.500000,1121.730000,20.273150,0.560741,0.903069,21.736960,23.901391,0.461209,15.384556,0.217243,118.978239,0.177586,0.844747,0.250803,216.050766,0.500000,-0.866025
2012,5,25.000000,125.000000,27.500000,127.500000,10809.730000,21.021617,0.115822,4.120084,25.257523,24.419774,0.864295,15.100792,0.287112,109.120523,0.268261,0.642797,0.156549,215.787201,0.500000,-0.866025
2012,5,25.000000,130.000000,27.500000,132.500000,5457.550000,8.129655,0.518914,7.095675,15.744244,23.319492,0.975938,14.118352,0.254895,49.705417,0.128303,0.460406,0.140249,221.567780,0.500000,-0.866025
2012,5,25.000000,135.000000,27.500000,137.500000,4691.970000,0.434359,0.277709,0.623832,1.335899,22.662291,0.979114,13.390505,0.164925,4.073048,0.077100,0.379444,0.136925,221.415253,0.500000,-0.866025
2012,5,25.000000,145.000000,27.500000,147.500000,9627.580000,0.447880,0.056400,0.239624,0.743904,23.010613,0.857208,12.919249,0.147220,4.311279,0.055982,0.531111,0.092310,225.609161,0.500000,-0.866025
2012,5,25.000000,150.000000,27.500000,152.500000,18735.250000,0.163649,0.109793,0.030104,0.303545,23.031452,0.823517,13.280215,0.131653,4.410120,0.088577,0.425278,0.077327,223.634155,0.500000,-0.866025
2012,5,25.000000,155.000000,27.500000,157.500000,7247.650000,0.117279,0.301615,0.077266,0.496161,23.251524,0.770292,12.898437,0.125108,3.213133,0.064398,0.530278,0.076068,223.637741,0.500000,-0.866025
2012,5,25.000000,-155.000000,27.500000,-152.500000,1100.310000,0.155411,5.648408,0.018177,5.821996,,,,,,,,,,0.500000,-0.866025
2012,5,25.000000,160.000000,27.500000,162.500000,14861.570000,0.212091,0.145476,0.002624,0.360191,23.634759,0.727056,14.979587,0.156257,5.466789,0.069035,0.599444,0.079399,222.606583,0.500000,-0.866025
2012,5,25.000000,165.000000,27.500000,167.500000,12002.550000,0.064403,0.523139,0.009165,0.596707,23.702521,0.702415,17.136059,0.175174,5.212225,0.079934,0.565000,0.068434,222.105530,0.500000,-0.866025
2012,5,25.000000,-165.000000,27.500000,-162.500000,3456.690000,0.739146,5.813076,0.267597,6.819819,,,,,,,,,,0.500000,-0.866025
2012,5,25.000000,170.000000,27.500000,172.500000,8460.390000,0.255426,0.683893,0.016784,0.956102,23.799361,0.696923,17.460276,0.141581,3.819594,0.076268,0.379167,0.066372,220.188919,0.500000,-0.866025
2012,5,25.000000,-170.000000,27.500000,-167.500000,2247.830000,2.815604,9.457566,1.062358,13.335528,,,,,,,,,,0.500000,-0.866025
2012,5,25.000000,175.000000,27.500000,177.500000,2451.910000,0.221052,1.260242,0.007341,1.488635,24.068280,0.695394,15.454616,0.142926,2.534587,0.080072,0.427500,0.066934,219.171448,0.500000,-0.866025
2012,5,-25.000000,155.000000,-22.500000,157.500000,1633.360000,9.532497,2.234045,35.767987,47.534530,24.991925,0.711632,54.958547,0.131503,50.362330,0.046686,0.240345,0.083986,210.782364,0.500000,-0.866025
2012,5,-25.000000,165.000000,-22.500000,167.500000,2371.090000,18.778283,2.522890,11.806384,33.107558,25.034442,0.688249,49.034946,0.149636,114.569525,0.063201,0.339224,0.069408,210.695084,0.500000,-0.866025
2012,5,-25.000000,-165.000000,-22.500000,-162.500000,2171.900000,1.169943,0.832911,19.392237,21.395092,,,,,,,,,,0.500000,-0.866025
2012,5,-25.000000,170.000000,-22.500000,172.500000,1937.070000,1.049523,0.721709,21.025570,22.796801,25.027991,0.697202,52.709368,0.113526,2.843292,0.046485,0.227222,0.068083,210.906891,0.500000,-0.866025
2012,5,-25.000000,-170.000000,-22.500000,-167.500000,2925.300000,1.687348,0.884696,17.780057,20.352101,,,,,,,,,,0.500000,-0.866025
2012,5,-25.000000,175.000000,-22.500000,177.500000,2665.170000,3.326242,2.031390,17.013924,22.371556,24.763489,0.643803,49.627634,0.111263,2.640612,0.076285,0.286389,0.068172,210.771225,0.500000,-0.866025
2012,5,-25.000000,-175.000000,-22.500000,-172.500000,1161.620000,1.459169,1.225874,15.771939,18.456982,,,,,,,,,,0.500000,-0.866025
2012,5,-25.000000,-180.000000,-22.500000,-177.500000,1006.340000,4.286822,3.062583,16.685216,24.034621,,,,,,,,,,0.500000,-0.866025
2012,5,30.000000,130.000000,32.500000,132.500000,2874.210000,3.671270,3.151823,18.896323,25.719415,21.465672,0.677672,15.611012,0.372984,104.761254,0.375625,0.742967,0.315081,227.143158,0.500000,-0.866025
2012,5,30.000000,135.000000,32.500000,137.500000,6246.110000,1.288002,1.469555,23.230299,25.987855,21.651075,0.847586,19.467002,0.409191,98.781443,0.415576,0.476510,0.331843,224.695480,0.500000,-0.866025
2012,5,30.000000,140.000000,32.500000,142.500000,3827.380000,0.123845,3.418788,15.661628,19.204260,20.988156,0.967869,18.935804,0.221367,29.123741,0.179376,0.414722,0.473300,236.789139,0.500000,-0.866025
2012,5,30.000000,145.000000,32.500000,147.500000,6124.190000,0.092910,3.660892,16.926483,20.680286,19.571636,0.837040,17.466168,0.251933,4.922420,0.147388,0.329722,0.527852,241.770691,0.500000,-0.866025
2012,5,30.000000,150.000000,32.500000,152.500000,4556.060000,0.022388,3.586213,22.652687,26.261287,19.383514,0.844298,18.629177,0.278217,4.911930,0.148286,0.370000,0.500175,245.090332,0.500000,-0.866025
2012,5,30.000000,155.000000,32.500000,157.500000,1754.430000,0.000000,3.120102,19.569319,22.689420,19.056653,0.752681,18.000538,0.290206,2.568401,0.243111,0.404444,0.417311,246.319046,0.500000,-0.866025
2012,5,30.000000,160.000000,32.500000,162.500000,2214.620000,0.047864,3.097145,17.544319,20.689328,19.162882,0.652692,16.298199,0.323055,3.338938,0.165925,0.385556,0.363892,247.131073,0.500000,-0.866025
2012,5,30.000000,170.000000,32.500000,172.500000,1562.530000,0.085118,0.247675,0.030719,0.363513,19.691689,0.607440,19.428381,0.222633,3.625228,0.125057,0.525833,0.202705,243.682404,0.500000,-0.866025
2012,5,-30.000000,-135.000000,-27.500000,-132.500000,4217.050000,0.133506,1.396000,34.892164,36.421669,,,,,,,,,,0.500000,-0.866025
2012,5,-30.000000,-140.000000,-27.500000,-137.500000,1002.560000,0.196497,4.617180,45.775814,50.589491,,,,,,,,,,0.500000,-0.866025
2012,5,-30.000000,150.000000,-27.500000,152.500000,2169.050000,10.576981,8.654941,3.831631,23.063553,23.881123,0.607723,48.058807,0.317212,107.412932,0.099210,0.687347,0.363318,211.011627,0.500000,-0.866025
2012,5,-30.000000,155.000000,-27.500000,157.500000,1207.120000,4.571211,13.554576,16.384452,34.510239,23.043858,0.635226,60.129266,0.206541,3.723113,0.109304,0.348611,0.129150,217.896820,0.500000,-0.866025
2012,5,-30.000000,-155.000000,-27.500000,-152.500000,1890.800000,0.754707,3.270044,26.299979,30.324730,,,,,,,,,,0.500000,-0.866025
2012,5,-30.000000,-160.000000,-27.500000,-157.500000,1910.170000,1.282608,5.148233,49.483554,55.914395,,,,,,,,,,0.500000,-0.866025
2012,5,-30.000000,170.000000,-27.500000,172.500000,3604.920000,0.573660,0.418872,19.051740,20.044273,22.347165,0.548138,62.201939,0.125970,3.099876,0.061347,0.332500,0.053217,220.413284,0.500000,-0.866025
2012,5,-30.000000,-170.000000,-27.500000,-167.500000,2810.810000,0.388500,1.088654,13.275888,14.753043,,,,,,,,,,0.500000,-0.866025
2012,5,-30.000000,175.000000,-27.500000,177.500000,1467.290000,0.774898,0.650860,24.763339,26.189097,22.374521,0.559806,60.774605,0.145160,2.841069,0.093587,0.298889,0.052711,220.073227,0.500000,-0.866025
2012,5,-30.000000,-175.000000,-27.500000,-172.500000,4715.170000,0.267435,1.687744,19.502584,21.457763,,,,,,,,,,0.500000,-0.866025
2012,5,35.000000,140.000000,37.500000,142.500000,3020.990000,0.052963,2.051314,7.496218,9.600495,16.387875,0.146435,13.290568,0.350618,87.479192,0.354208,0.839076,0.861381,239.482712,0.500000,-0.866025
2012,5,35.000000,145.000000,37.500000,147.500000,6805.080000,0.037913,4.192309,11.410005,15.640228,16.939299,0.182691,15.976229,0.337834,19.560949,0.331712,0.821944,1.095787,252.107773,0.500000,-0.866025
2012,5,35.000000,150.000000,37.500000,152.500000,2728.670000,0.058270,3.633638,12.142179,15.834088,16.596958,0.118055,18.244771,0.385561,9.775718,0.233509,0.710278,1.173444,260.238159,0.500000,-0.866025
2012,5,35.000000,155.000000,37.500000,157.500000,2605.140000,0.015354,3.002526,15.188819,18.206699,15.927194,0.164932,18.019231,0.345818,6.914208,0.244057,0.616667,1.073534,262.586884,0.500000,-0.866025
2012,5,35.000000,160.000000,37.500000,162.500000,2419.380000,0.000000,0.014053,0.000000,0.014053,16.152236,0.267619,18.859465,0.328611,5.822682,0.253311,0.526667,0.965416,265.147949,0.500000,-0.866025
2012,5,35.000000,165.000000,37.500000,167.500000,1220.570000,0.000000,0.000000,0.000000,0.000000,15.775836,0.336519,24.274085,0.255226,3.915138,0.171684,0.448056,0.738778,265.049988,0.500000,-0.866025
2012,5,35.000000,-165.000000,37.500000,-162.500000,1465.090000,0.072351,0.000000,0.000000,0.072351,,,,,,,,,,0.500000,-0.866025
2012,5,35.000000,170.000000,37.500000,172.500000,1192.150000,0.000000,0.000000,0.033553,0.033553,15.408263,0.309031,21.832434,0.199361,5.986267,0.125113,0.547222,0.785641,268.466736,0.500000,-0.866025
2012,5,-35.000000,-135.000000,-32.500000,-132.500000,4148.920000,0.361058,1.316728,24.022878,25.700664,,,,,,,,,,0.500000,-0.866025
2012,5,-35.000000,-140.000000,-32.500000,-137.500000,1745.100000,0.285943,1.209673,19.775371,21.270987,,,,,,,,,,0.500000,-0.866025
2012,5,-35.000000,150.000000,-32.500000,152.500000,1294.340000,11.675448,6.826645,3.686048,22.188142,21.703884,0.494767,50.371842,0.455932,101.217197,0.226181,0.631706,0.475427,217.476517,0.500000,-0.866025
2012,5,-35.000000,-155.000000,-32.500000,-152.500000,1175.330000,0.301192,2.274255,18.736015,21.311461,,,,,,,,,,0.500000,-0.866025
2012,5,-40.000000,150.000000,-37.500000,152.500000,2817.600000,12.375781,6.139977,16.069705,34.585463,,,,,,,,,,0.500000,-0.866025
2012,5,-40.000000,155.000000,-37.500000,157.500000,11824.520000,0.960124,4.565428,28.737826,34.263378,,,,,,,,,,0.500000,-0.866025
2012,5,-40.000000,160.000000,-37.500000,162.500000,4909.040000,0.962917,5.729022,28.079828,34.771768,,,,,,,,,,0.500000,-0.866025
2012,5,-40.000000,175.000000,-37.500000,177.500000,1674.950000,0.000000,1.691991,10.992567,12.684558,,,,,,,,,,0.500000,-0.866025
2012,5,-45.000000,155.000000,-42.500000,157.500000,2125.100000,0.104466,0.690320,20.041880,20.836667,,,,,,,,,,0.500000,-0.866025
2012,5,-45.000000,165.000000,-42.500000,167.500000,5608.150000,0.000000,0.000000,0.850726,0.850726,,,,,,,,,,0.500000,-0.866025
2012,6,0.000000,120.000000,2.500000,122.500000,15876.300000,14.947626,4.619338,0.000000,19.566965,29.445664,0.654606,15.391199,0.227190,134.317101,0.014566,0.088454,0.100742,200.596283,0.000000,-1.000000
2012,6,0.000000,125.000000,2.500000,127.500000,21036.800000,15.016923,4.549979,0.000000,19.566902,29.266856,0.654815,19.244571,0.370129,134.975068,0.027986,0.132486,0.111518,200.083420,0.000000,-1.000000
2012,6,0.000000,130.000000,2.500000,132.500000,5160.500000,15.230307,4.336595,0.000000,19.566902,29.288115,0.708165,19.476602,0.349609,117.892183,0.020372,0.009725,0.112007,200.522644,0.000000,-1.000000
2012,6,0.000000,135.000000,2.500000,137.500000,14610.400000,20.871434,1.974895,0.065775,22.912104,29.632872,0.693311,17.716419,0.231783,0.782404,0.022895,0.002222,0.111781,200.874207,0.000000,-1.000000
2012,6,0.000000,140.000000,2.500000,142.500000,3440.610000,9.052465,12.379491,0.220310,21.652265,29.624964,0.697559,18.633628,0.175578,0.218190,0.018759,0.000000,0.102272,200.173523,0.000000,-1.000000
2012,6,0.000000,145.000000,2.500000,147.500000,4261.290000,8.472552,8.871727,0.093634,17.437912,29.559704,0.705484,20.016879,0.166341,0.264671,0.017090,0.000000,0.098462,199.868347,0.000000,-1.000000
2012,6,0.000000,150.000000,2.500000,152.500000,5293.490000,9.752734,9.525474,0.231039,19.509246,29.627995,0.725922,23.922783,0.134816,0.487704,0.006185,0.000000,0.115125,201.273239,0.000000,-1.000000
2012,6,0.000000,155.000000,2.500000,157.500000,3637.930000,8.062002,11.941131,0.431564,20.434698,29.585359,0.725086,26.906052,0.174087,0.417997,0.007181,0.000000,0.148605,201.369370,0.000000,-1.000000
2012,6,0.000000,160.000000,2.500000,162.500000,1842.770000,5.881363,9.044536,0.276215,15.202114,29.400421,0.710499,26.397283,0.183921,0.403019,0.010236,0.000000,0.175673,200.366959,0.000000,-1.000000
2012,6,0.000000,-165.000000,2.500000,-162.500000,4322.810000,2.902279,28.562902,0.308364,31.773545,,,,,,,,,,0.000000,-1.000000
2012,6,0.000000,-170.000000,2.500000,-167.500000,2898.380000,2.666662,27.351831,0.099711,30.118204,,,,,,,,,,0.000000,-1.000000
2012,6,0.000000,175.000000,2.500000,177.500000,7350.860000,3.854243,27.783824,0.163518,31.801585,28.539567,0.599310,36.354244,0.080618,0.459266,0.021879,0.000000,0.200446,200.954437,0.000000,-1.000000
2012,6,0.000000,-175.000000,2.500000,-172.500000,1206.180000,2.455687,29.270921,0.102804,31.829412,,,,,,,,,,0.000000,-1.000000
2012,6,0.000000,-180.000000,2.500000,-177.500000,2778.590000,2.186361,16.917213,0.306990,19.410564,,,,,,,,,,0.000000,-1.000000
2012,6,5.000000,130.000000,7.500000,132.500000,3007.310000,8.753005,4.924334,0.000000,13.677340,29.397084,0.669339,20.246029,0.247976,131.907821,0.048925,0.007804,0.086990,199.279678,0.000000,-1.000000
2012,6,5.000000,135.000000,7.500000,137.500000,6994.380000,15.385066,6.612595,0.000000,21.997661,29.772393,0.736235,20.947711,0.137013,132.935323,0.036306,0.006954,0.084436,198.438904,0.000000,-1.000000
2012,6,5.000000,145.000000,7.500000,147.500000,4901.130000,8.674938,23.582521,0.457650,32.715109,29.608501,0.755460,23.327714,0.141394,0.370707,0.026514,0.000000,0.072893,198.271622,0.000000,-1.000000
2012,6,5.000000,150.000000,7.500000,152.500000,3693.200000,17.609932,9.574353,2.358930,29.543215,29.470544,0.763814,26.980590,0.129364,117.875554,0.023733,0.004454,0.075498,198.623032,0.000000,-1.000000
2012,6,5.000000,155.000000,7.500000,157.500000,4514.050000,12.282983,9.142788,4.285509,25.711279,29.347345,0.739979,28.908293,0.110961,124.707379,0.020961,0.003336,0.088153,199.509735,0.000000,-1.000000
2012,6,5.000000,160.000000,7.500000,162.500000,5463.360000,9.943698,24.823369,6.706496,41.473562,29.237024,0.715632,31.756206,0.109613,0.278883,0.015245,0.000000,0.112305,200.123459,0.000000,-1.000000
2012,6,5.000000,165.000000,7.500000,167.500000,3129.660000,6.641616,14.900341,1.653854,23.195810,29.030663,0.695323,31.203967,0.112860,129.592911,0.015000,0.041643,0.178462,201.195786,0.000000,-1.000000
2012,6,5.000000,170.000000,7.500000,172.500000,9837.390000,4.060427,13.800612,2.235044,20.096082,28.766500,0.669652,36.931175,0.160209,129.000031,0.027907,0.027848,0.202583,201.840729,0.000000,-1.000000
2012,6,5.000000,175.000000,7.500000,177.500000,11975.220000,2.021758,18.574106,0.155070,20.750934,28.355935,0.629067,50.383603,0.218854,0.548647,0.050599,0.000000,0.165607,202.554382,0.000000,-1.000000
2012,6,5.000000,-175.000000,7.500000,-172.500000,2529.250000,0.755560,24.696254,0.029258,25.481071,,,,,,,,,,0.000000,-1.000000
2012,6,5.000000,-180.000000,7.500000,-177.500000,5117.090000,1.211040,20.058275,0.043384,21.312699,,,,,,,,,,0.000000,-1.000000
2012,6,-5.000000,120.000000,-2.500000,122.500000,20642.000000,15.230259,4.336644,0.000000,19.566902,28.655222,0.630082,21.036446,0.125934,133.010753,0.017937,0.247791,0.100661,200.569305,0.000000,-1.000000
2012,6,-5.000000,125.000000,-2.500000,127.500000,30963.000000,15.230275,4.336628,0.000000,19.566902,28.400901,0.614463,22.198863,0.159978,131.336055,0.020794,0.212693,0.114467,200.846939,0.000000,-1.000000
2012,6,-5.000000,130.000000,-2.500000,132.500000,10321.000000,15.230307,4.336595,0.000000,19.566902,28.496619,0.623912,17.828833,0.200170,132.787270,0.052803,0.285478,0.186074,201.865326,0.000000,-1.000000
2012,6,-5.000000,140.000000,-2.500000,142.500000,8074.150000,16.594936,0.365859,6.060700,23.021495,29.494951,0.724327,17.034731,0.255901,132.781047,0.013464,0.061504,0.145289,202.116989,0.000000,-1.000000
2012,6,-5.000000,145.000000,-2.500000,147.500000,3802.890000,15.515305,2.028457,0.171186,17.714948,29.452659,0.723761,20.501225,0.129028,129.553975,0.005629,0.025948,0.197861,202.818024,0.000000,-1.000000
2012,6,-5.000000,150.000000,-2.500000,152.500000,1737.890000,17.889510,0.159964,0.000000,18.049474,29.547466,0.725439,20.915195,0.131995,131.999159,0.005591,0.074421,0.202472,201.646423,0.000000,-1.000000
2012,6,-5.000000,155.000000,-2.500000,157.500000,1744.700000,11.045452,3.657362,0.858027,15.560841,29.699668,0.723317,22.156439,0.194215,0.472999,0.007736,0.000000,0.163650,202.026672,0.000000,-1.000000
2012,6,-5.000000,-155.000000,-2.500000,-152.500000,5387.460000,2.665263,12.130392,0.534389,15.330044,,,,,,,,,,0.000000,-1.000000
2012,6,-5.000000,160.000000,-2.500000,162.500000,4245.720000,21.674062,7.651706,7.860622,37.186390,29.646569,0.711682,27.263245,0.212125,0.304304,0.011166,0.000000,0.150615,202.080261,0.000000,-1.000000
2012,6,-5.000000,-160.000000,-2.500000,-157.500000,3412.030000,2.147695,11.069070,0.929066,14.145831,,,,,,,,,,0.000000,-1.000000
2012,6,-5.000000,165.000000,-2.500000,167.500000,1300.040000,15.795668,12.442694,2.622227,30.860589,29.399376,0.686151,28.229411,0.179382,0.326680,0.011748,0.000000,0.149078,202.434906,0.000000,-1.000000
2012,6,-5.000000,-165.000000,-2.500000,-162.500000,3333.600000,3.024058,17.341613,0.986921,21.352592,,,,,,,,,,0.000000,-1.000000
2012,6,-5.000000,170.000000,-2.500000,172.500000,8455.230000,17.278063,27.989895,4.292018,49.559976,29.171150,0.660737,30.999382,0.165295,130.380690,0.010394,0.009476,0.162353,202.512497,0.000000,-1.000000
2012,6,-5.000000,-170.000000,-2.500000,-167.500000,14467.490000,1.639192,18.241381,0.571004,20.451578,,,,,,,,,,0.000000,-1.000000
2012,6,-5.000000,175.000000,-2.500000,177.500000,10691.640000,14.783981,20.277058,5.423770,40.484809,29.104961,0.633576,33.247195,0.144932,92.299730,0.015166,0.001668,0.166035,202.539810,0.000000,-1.000000
2012,6,-5.000000,-175.000000,-2.500000,-172.500000,7024.450000,13.627259,19.970816,1.398117,34.996192,,,,,,,,,,0.000000,-1.000000
2012,6,-5.000000,-180.000000,-2.500000,-177.500000,6196.920000,13.068750,22.104368,6.662342,41.835460,,,,,,,,,,0.000000,-1.000000
2012,6,10.000000,110.000000,12.500000,112.500000,18244.910000,14.223145,4.294568,0.000000,18.517713,28.910831,0.741775,21.489016,0.284210,2.093756,0.078477,0.089722,0.106877,201.475769,0.000000,-1.000000
2012,6,10.000000,115.000000,12.500000,117.500000,18244.910000,14.223145,4.294568,0.000000,18.517713,29.321302,0.786931,27.174811,0.148678,133.000014,0.022890,0.036322,0.082096,199.309799,0.000000,-1.000000
2012,6,10.000000,125.000000,12.500000,127.500000,1773.600000,4.216847,9.876522,0.142084,14.235453,29.903960,0.926385,18.768840,0.147338,133.714316,0.073857,0.050955,0.095552,198.847595,0.000000,-1.000000
2012,6,10.000000,130.000000,12.500000,132.500000,9418.040000,3.548403,21.655249,0.363239,25.566891,29.857882,0.922849,19.102680,0.166191,0.503802,0.087078,0.000000,0.092130,198.924591,0.000000,-1.000000
2012,6,10.000000,135.000000,12.500000,137.500000,1058.400000,1.641156,2.783447,0.506425,4.931028,29.856311,0.904636,21.161240,0.145723,118.977880,0.063604,0.001946,0.090583,198.626328,0.000000,-1.000000
2012,6,10.000000,150.000000,12.500000,152.500000,5519.830000,9.512974,1.633202,17.689856,28.836033,29.348843,0.882069,23.512648,0.161631,0.296467,0.055862,0.000000,0.088165,199.451660,0.000000,-1.000000
2012,6,10.000000,155.000000,12.500000,157.500000,4571.490000,6.947844,1.066611,7.163310,15.177765,29.053243,0.831818,22.716326,0.148639,0.362778,0.053220,0.000000,0.084103,199.811584,0.000000,-1.000000
2012,6,10.000000,-165.000000,12.500000,-162.500000,3087.460000,0.554177,13.153207,0.805840,14.513224,,,,,,,,,,0.000000,-1.000000
2012,6,10.000000,170.000000,12.500000,172.500000,6923.000000,5.099379,15.807165,1.283403,22.189947,28.319589,0.733184,30.459492,0.126940,57.226827,0.025731,0.004446,0.060728,201.542938,0.000000,-1.000000
2012,6,10.000000,-170.000000,12.500000,-167.500000,7746.670000,0.763812,16.758168,1.117642,18.639622,,,,,,,,,,0.000000,-1.000000
2012,6,10.000000,175.000000,12.500000,177.500000,6788.060000,2.849268,21.105146,0.512370,24.466784,27.782257,0.685416,36.606657,0.163864,0.967067,0.043890,0.010833,0.056727,202.724701,0.000000,-1.000000
2012,6,10.000000,-175.000000,12.500000,-172.500000,8543.280000,1.112922,20.188850,0.091066,21.392837,,,,,,,,,,0.000000,-1.000000
2012,6,10.000000,-180.000000,12.500000,-177.500000,14713.180000,1.197974,12.181255,0.147079,13.526308,,,,,,,,,,0.000000,-1.000000
2012,6,-10.000000,-135.000000,-7.500000,-132.500000,5301.410000,9.365999,23.171760,9.417306,41.955065,,,,,,,,,,0.000000,-1.000000
2012,6,-10.000000,145.000000,-7.500000,147.500000,3194.750000,28.609124,0.585335,5.915956,35.110416,28.196601,0.738869,23.039352,0.235430,131.066511,0.028786,0.258449,0.265846,201.908539,0.000000,-1.000000
2012,6,-10.000000,150.000000,-7.500000,152.500000,4900.690000,30.853819,0.764382,7.287545,38.905746,28.920337,0.714065,24.360132,0.174343,131.141314,0.024247,0.126537,0.281025,200.720566,0.000000,-1.000000
2012,6,-10.000000,-150.000000,-7.500000,-147.500000,2742.450000,7.030210,14.010830,4.146293,25.187332,,,,,,,,,,0.000000,-1.000000
2012,6,-10.000000,155.000000,-7.500000,157.500000,7067.970000,70.588726,4.307319,10.634312,85.530357,29.246964,0.721297,25.872104,0.135655,131.568094,0.011812,0.102556,0.237462,198.618210,0.000000,-1.000000
2012,6,-10.000000,-155.000000,-7.500000,-152.500000,6802.540000,4.078183,13.951406,4.876708,22.906297,,,,,,,,,,0.000000,-1.000000
2012,6,-10.000000,160.000000,-7.500000,162.500000,7831.200000,28.239733,6.929462,13.708244,48.877439,29.280598,0.728647,30.660910,0.121473,131.002726,0.023843,0.033971,0.117782,198.468140,0.000000,-1.000000
2012,6,-10.000000,-160.000000,-7.500000,-157.500000,11735.970000,7.688244,9.988863,10.714666,28.391773,,,,,,,,,,0.000000,-1.000000
2012,6,-10.000000,165.000000,-7.500000,167.500000,4630.250000,16.999946,4.007775,22.431186,43.438907,29.309928,0.712708,32.196605,0.124642,0.679147,0.027994,0.000000,0.095741,198.270584,0.000000,-1.000000
2012,6,-10.000000,-165.000000,-7.500000,-162.500000,10398.960000,5.243890,10.273335,12.504231,28.021456,,,,,,,,,,0.000000,-1.000000
2012,6,-10.000000,170.000000,-7.500000,172.500000,9759.380000,13.609676,4.394746,18.585914,36.590337,29.355850,0.688145,35.497987,0.140157,0.261432,0.033769,0.000000,0.104581,197.962494,0.000000,-1.000000
2012,6,-10.000000,-170.000000,-7.500000,-167.500000,4305.880000,6.509935,8.842792,11.643845,26.996572,,,,,,,,,,0.000000,-1.000000
2012,6,-10.000000,175.000000,-7.500000,177.500000,10740.880000,13.536042,8.217483,22.026687,43.780212,29.339510,0.659666,35.057165,0.154885,0.263395,0.030230,0.000000,0.096952,198.030396,0.000000,-1.000000
2012,6,-10.000000,-175.000000,-7.500000,-172.500000,3498.430000,16.509120,16.863565,16.657472,50.030156,,,,,,,,,,0.000000,-1.000000
2012,6,-10.000000,-180.000000,-7.500000,-177.500000,9847.040000,14.072249,12.679749,27.698577,54.450576,,,,,,,,,,0.000000,-1.000000
2012,6,15.000000,110.000000,17.500000,112.500000,18244.910000,14.223145,4.294568,0.000000,18.517713,29.115244,0.666648,12.420955,0.245946,127.683289,0.079236,0.083646,0.100407,200.158127,0.000000,-1.000000
2012,6,15.000000,115.000000,17.500000,117.500000,18244.910000,14.223145,4.294568,0.000000,18.517713,29.213760,0.738929,17.981694,0.182422,133.794510,0.066982,0.049025,0.087633,199.642807,0.000000,-1.000000
2012,6,15.000000,130.000000,17.500000,132.500000,2804.660000,1.376637,0.178988,0.386500,1.942125,29.684962,1.072171,21.450656,0.227400,0.965405,0.085388,0.011667,0.093327,198.945801,0.000000,-1.000000
2012,6,15.000000,135.000000,17.500000,137.500000,3182.120000,1.343444,0.589544,18.004035,19.937023,29.692990,1.000261,20.918405,0.212172,1.175911,0.068698,0.044722,0.097324,198.820892,0.000000,-1.000000
2012,6,15.000000,140.000000,17.500000,142.500000,2554.520000,2.511626,0.631038,25.048541,28.191206,29.695395,1.008439,18.074164,0.142270,0.798165,0.045904,0.007500,0.099017,198.948196,0.000000,-1.000000
2012,6,15.000000,145.000000,17.500000,147.500000,1376.210000,2.490172,0.391655,31.613635,34.495462,29.566772,0.989173,17.670625,0.160961,93.775527,0.035668,0.007504,0.097085,199.180161,0.000000,-1.000000
2012,6,15.000000,150.000000,17.500000,152.500000,5054.950000,4.084709,1.030871,24.710432,29.826012,29.295335,1.004809,19.443725,0.154678,0.827891,0.051826,0.002222,0.090414,199.586288,0.000000,-1.000000
2012,6,15.000000,155.000000,17.500000,157.500000,1160.130000,3.803022,0.832665,22.665563,27.301251,28.989937,0.988676,20.417901,0.163246,0.613896,0.054878,0.000000,0.081229,200.186798,0.000000,-1.000000
2012,6,15.000000,160.000000,17.500000,162.500000,1091.270000,4.159374,1.910618,19.540535,25.610527,28.690706,0.900169,19.874248,0.145938,0.637400,0.058260,0.000000,0.076630,201.211365,0.000000,-1.000000
2012,6,15.000000,-165.000000,17.500000,-162.500000,5261.340000,1.915672,8.978511,5.956467,16.850650,,,,,,,,,,0.000000,-1.000000
2012,6,15.000000,-170.000000,17.500000,-167.500000,1166.180000,1.796464,3.809875,15.013120,20.619458,,,,,,,,,,0.000000,-1.000000
2012,6,-15.000000,-135.000000,-12.500000,-132.500000,7567.660000,10.751804,12.419823,21.201137,44.372765,,,,,,,,,,0.000000,-1.000000
2012,6,-15.000000,-140.000000,-12.500000,-137.500000,1192.060000,7.004681,13.464926,20.605506,41.075114,,,,,,,,,,0.000000,-1.000000
2012,6,-15.000000,145.000000,-12.500000,147.500000,2120.580000,19.949259,1.286912,28.537476,49.773647,26.773972,0.698441,43.518760,0.153232,119.907646,0.033215,0.051846,0.096893,204.635406,0.000000,-1.000000
2012,6,-15.000000,-145.000000,-12.500000,-142.500000,1941.670000,7.707283,11.104359,35.791870,54.603511,,,,,,,,,,0.000000,-1.000000
2012,6,-15.000000,150.000000,-12.500000,152.500000,1080.400000,39.169752,0.111996,12.261200,51.542947,27.464615,0.717480,36.580726,0.180689,124.527005,0.045675,0.236025,0.157624,202.319458,0.000000,-1.000000
2012,6,-15.000000,-150.000000,-12.500000,-147.500000,3751.500000,5.738505,5.969612,26.812475,38.520592,,,,,,,,,,0.000000,-1.000000
2012,6,-15.000000,155.000000,-12.500000,157.500000,13610.460000,55.972171,2.533346,21.501184,80.006701,28.343965,0.783010,40.720637,0.165356,1.346497,0.042941,0.124722,0.142065,200.704086,0.000000,-1.000000
2012,6,-15.000000,-155.000000,-12.500000,-152.500000,3707.730000,8.060997,13.420341,16.982089,38.463426,,,,,,,,,,0.000000,-1.000000
2012,6,-15.000000,160.000000,-12.500000,162.500000,13315.060000,17.235822,1.360189,20.611548,39.207559,28.360013,0.837477,47.564476,0.198589,128.309217,0.050589,0.101490,0.076412,200.403503,0.000000,-1.000000
2012,6,-15.000000,-160.000000,-12.500000,-157.500000,29331.440000,5.126751,3.685158,25.521625,34.333534,,,,,,,,,,0.000000,-1.000000
2012,6,-15.000000,165.000000,-12.500000,167.500000,21829.690000,6.674442,0.946234,20.459567,28.080243,28.316834,0.821315,46.872071,0.129728,123.305534,0.025876,0.053601,0.061199,200.130692,0.000000,-1.000000
2012,6,-15.000000,-165.000000,-12.500000,-162.500000,5104.800000,5.050149,6.209450,21.323460,32.583059,,,,,,,,,,0.000000,-1.000000
2012,6,-15.000000,170.000000,-12.500000,172.500000,9334.220000,7.106753,1.575600,19.731911,28.414265,28.642718,0.813756,56.839328,0.129423,1.011260,0.023034,0.023333,0.058216,199.864868,0.000000,-1.000000
2012,6,-15.000000,-170.000000,-12.500000,-167.500000,11341.760000,7.804961,1.853769,35.425102,45.083832,,,,,,,,,,0.000000,-1.000000
2012,6,-15.000000,175.000000,-12.500000,177.500000,10458.620000,6.395490,1.352090,29.691680,37.439261,28.499696,0.775039,51.315901,0.127818,1.257019,0.026628,0.040556,0.060686,199.605591,0.000000,-1.000000
2012,6,-15.000000,-175.000000,-12.500000,-172.500000,7528.140000,4.858172,0.781069,32.199189,37.838430,,,,,,,,,,0.000000,-1.000000
2012,6,20.000000,115.000000,22.500000,117.500000,1690.530000,0.139601,0.000000,0.000000,0.139601,27.973674,0.599589,12.727060,0.240214,123.260276,0.096707,0.392985,0.274529,203.946350,0.000000,-1.000000
2012,6,20.000000,120.000000,22.500000,122.500000,7069.300000,7.791012,0.295362,0.179367,8.265741,28.624585,0.903299,13.867448,0.347070,129.167753,0.145771,0.222327,0.138773,202.005157,0.000000,-1.000000
2012,6,20.000000,125.000000,22.500000,127.500000,8356.840000,13.074081,0.259309,1.842802,15.176191,28.147162,0.989965,13.408763,0.236309,87.839648,0.117795,0.195108,0.103612,203.504486,0.000000,-1.000000
2012,6,20.000000,135.000000,22.500000,137.500000,1580.390000,0.927619,0.223363,1.690722,2.841704,28.731113,0.975011,12.326172,0.186633,2.199781,0.083356,0.150556,0.102107,201.981354,0.000000,-1.000000
2012,6,20.000000,145.000000,22.500000,147.500000,3703.220000,1.787904,0.410454,11.626368,13.824726,28.977653,0.911875,12.209820,0.184218,1.977438,0.097254,0.080000,0.096760,201.562790,0.000000,-1.000000
2012,6,20.000000,150.000000,22.500000,152.500000,1898.200000,4.796123,0.624802,16.425561,21.846486,28.888568,0.884106,13.180860,0.245649,1.834982,0.096482,0.114444,0.099868,201.916916,0.000000,-1.000000
2012,6,20.000000,160.000000,22.500000,162.500000,1219.530000,1.883513,0.300936,3.735045,5.919494,28.502185,0.796221,13.874690,0.191916,1.168194,0.082652,0.041389,0.095868,203.696762,0.000000,-1.000000
2012,6,20.000000,170.000000,22.500000,172.500000,2406.530000,0.818606,0.094327,0.000000,0.912933,27.820777,0.821104,15.302278,0.108639,0.960695,0.067689,0.008333,0.085885,204.658844,0.000000,-1.000000
2012,6,-20.000000,-135.000000,-17.500000,-132.500000,2312.880000,6.009823,8.206219,37.446820,51.662862,,,,,,,,,,0.000000,-1.000000
2012,6,-20.000000,-140.000000,-17.500000,-137.500000,1014.690000,6.268910,10.594369,45.185229,62.048507,,,,,,,,,,0.000000,-1.000000
2012,6,-20.000000,-145.000000,-17.500000,-142.500000,1646.660000,5.033826,7.594768,22.281467,34.910060,,,,,,,,,,0.000000,-1.000000
2012,6,-20.000000,-150.000000,-17.500000,-147.500000,2701.070000,5.826950,5.195719,25.244440,36.267109,,,,,,,,,,0.000000,-1.000000
2012,6,-20.000000,155.000000,-17.500000,157.500000,1838.960000,18.142863,1.910319,30.562383,50.615565,26.194237,0.743589,47.879602,0.114849,3.726019,0.042688,0.263889,0.068569,207.781509,0.000000,-1.000000
2012,6,-20.000000,-155.000000,-17.500000,-152.500000,3620.920000,4.838825,4.938800,23.141909,32.919534,,,,,,,,,,0.000000,-1.000000
2012,6,-20.000000,-160.000000,-17.500000,-157.500000,1059.270000,1.149848,0.913837,24.635834,26.699519,,,,,,,,,,0.000000,-1.000000
2012,6,-20.000000,165.000000,-17.500000,167.500000,19441.390000,7.149180,3.167006,25.391600,35.707786,26.601916,0.782120,50.864680,0.093522,123.468867,0.051483,0.262103,0.069247,207.000504,0.000000,-1.000000
2012,6,-20.000000,170.000000,-17.500000,172.500000,11851.590000,6.370200,1.352308,32.687513,40.410021,26.560028,0.793392,51.648087,0.090758,1.880771,0.040493,0.216389,0.067037,206.844910,0.000000,-1.000000
2012,6,-20.000000,-170.000000,-17.500000,-167.500000,1837.650000,1.711425,0.654640,24.191222,26.557288,,,,,,,,,,0.000000,-1.000000
2012,6,-20.000000,175.000000,-17.500000,177.500000,11044.430000,5.486204,2.058685,18.376231,25.921120,26.660809,0.807512,53.479142,0.096678,120.955534,0.022188,0.237592,0.076846,206.677490,0.000000,-1.000000
2012,6,-20.000000,-175.000000,-17.500000,-172.500000,2835.440000,4.198996,0.858068,23.075431,28.132494,,,,,,,,,,0.000000,-1.000000
2012,6,-20.000000,-180.000000,-17.500000,-177.500000,6787.280000,6.721838,1.530068,26.139190,34.391096,,,,,,,,,,0.000000,-1.000000
2012,6,25.000000,125.000000,27.500000,127.500000,9131.830000,21.795084,0.062638,1.156833,23.014555,26.244971,0.867869,12.355926,0.293427,117.726870,0.244878,0.526818,0.132434,207.896790,0.000000,-1.000000
2012,6,25.000000,130.000000,27.500000,132.500000,7830.800000,18.483552,0.332022,1.227461,20.043035,25.237965,1.019876,11.304823,0.277567,53.391726,0.136915,0.504585,0.115071,213.023560,0.000000,-1.000000
2012,6,25.000000,135.000000,27.500000,137.500000,3905.040000,1.538525,0.383607,0.111651,2.033782,24.932995,0.995931,10.731326,0.183429,2.814145,0.087104,0.481111,0.124398,214.164673,0.000000,-1.000000
2012,6,25.000000,140.000000,27.500000,142.500000,1657.490000,10.607605,2.830786,0.642538,14.080930,24.885751,0.889867,10.696106,0.158666,53.290692,0.083452,0.605724,0.103735,216.833206,0.000000,-1.000000
2012,6,25.000000,145.000000,27.500000,147.500000,8425.070000,0.224212,0.133293,0.291274,0.648778,26.081998,0.900973,11.267392,0.207547,3.891899,0.092487,0.546111,0.102867,214.962006,0.000000,-1.000000
2012,6,25.000000,150.000000,27.500000,152.500000,6765.850000,0.385317,0.527650,0.037246,0.950213,26.036806,0.829564,10.968395,0.165123,4.345277,0.084537,0.452500,0.100741,212.310104,0.000000,-1.000000
2012,6,25.000000,155.000000,27.500000,157.500000,3885.230000,0.283381,0.285955,0.028312,0.597648,26.039195,0.796695,10.908884,0.123394,3.862565,0.049225,0.542222,0.097844,212.600189,0.000000,-1.000000
2012,6,25.000000,-155.000000,27.500000,-152.500000,4749.460000,0.154333,15.722419,0.139384,16.016137,,,,,,,,,,0.000000,-1.000000
2012,6,25.000000,160.000000,27.500000,162.500000,3151.970000,0.671961,0.559333,0.063452,1.294746,26.224600,0.781745,11.817022,0.164233,3.299576,0.085850,0.486944,0.095982,211.922928,0.000000,-1.000000
2012,6,25.000000,-160.000000,27.500000,-157.500000,2542.640000,0.387393,14.300491,0.284350,14.972234,,,,,,,,,,0.000000,-1.000000
2012,6,25.000000,165.000000,27.500000,167.500000,1468.420000,0.274445,0.826739,0.000000,1.101184,26.012943,0.722732,12.076429,0.181157,4.137903,0.092264,0.372778,0.091915,212.625183,0.000000,-1.000000
2012,6,25.000000,-165.000000,27.500000,-162.500000,1008.610000,0.748555,5.516503,0.204241,6.469299,,,,,,,,,,0.000000,-1.000000
2012,6,25.000000,170.000000,27.500000,172.500000,2213.330000,0.095783,0.493374,0.000000,0.589158,25.872653,0.728272,12.182862,0.158539,1.953628,0.095187,0.314167,0.088973,211.816132,0.000000,-1.000000
2012,6,25.000000,175.000000,27.500000,177.500000,1248.440000,0.148986,0.692865,0.000000,0.841851,26.000118,0.735669,13.906226,0.148457,2.504823,0.072520,0.171667,0.085203,211.644104,0.000000,-1.000000
2012,6,-25.000000,-135.000000,-22.500000,-132.500000,1657.550000,0.192453,0.728183,34.502127,35.422763,,,,,,,,,,0.000000,-1.000000
2012,6,-25.000000,155.000000,-22.500000,157.500000,1996.830000,6.466750,2.190472,23.610423,32.267644,23.613840,0.696941,69.611672,0.102853,49.058148,0.037250,0.294526,0.196965,215.212418,0.000000,-1.000000
2012,6,-25.000000,160.000000,-22.500000,162.500000,1990.990000,11.311458,1.550485,22.921260,35.783203,23.429240,0.631354,62.350744,0.127527,107.940990,0.070716,0.331551,0.078278,216.432144,0.000000,-1.000000
2012,6,-25.000000,170.000000,-22.500000,172.500000,5996.930000,2.985361,0.858439,24.790018,28.633818,23.904425,0.687733,58.407979,0.101862,2.550372,0.053260,0.268333,0.066813,215.399811,0.000000,-1.000000
2012,6,-25.000000,-170.000000,-22.500000,-167.500000,2158.420000,1.918070,0.838576,27.976019,30.732666,,,,,,,,,,0.000000,-1.000000
2012,6,-25.000000,175.000000,-22.500000,177.500000,4563.670000,3.697025,1.835365,24.359123,29.891513,23.589307,0.635403,52.683046,0.113397,2.651646,0.077480,0.357500,0.063772,215.351654,0.000000,-1.000000
2012,6,-25.000000,-175.000000,-22.500000,-172.500000,1587.930000,1.661282,1.006342,19.191022,21.858646,,,,,,,,,,0.000000,-1.000000
2012,6,-25.000000,-180.000000,-22.500000,-177.500000,4454.600000,4.412293,1.678939,21.203700,27.294931,,,,,,,,,,0.000000,-1.000000
2012,6,30.000000,130.000000,32.500000,132.500000,2316.050000,31.744565,5.173895,2.173528,39.091989,23.431968,0.739874,12.638721,0.422468,115.890945,0.388291,0.644316,0.294345,218.020782,0.000000,-1.000000
2012,6,30.000000,145.000000,32.500000,147.500000,2202.660000,0.043130,0.594735,2.689021,3.326887,20.975041,0.841918,14.167159,0.263454,5.874506,0.143129,0.566944,0.221952,232.036743,0.000000,-1.000000
2012,6,30.000000,150.000000,32.500000,152.500000,3993.530000,0.046325,10.454911,5.029635,15.530871,21.393950,0.851452,15.636286,0.315264,4.052601,0.199495,0.504444,0.199590,235.059494,0.000000,-1.000000
2012,6,30.000000,155.000000,32.500000,157.500000,1745.500000,0.105987,11.374964,1.075909,12.556860,20.963220,0.759307,15.133112,0.315170,3.787788,0.239990,0.443333,0.224883,237.367050,0.000000,-1.000000
2012,6,30.000000,160.000000,32.500000,162.500000,1041.850000,0.306186,1.044296,0.000000,1.350482,21.229564,0.673589,13.643046,0.323316,7.257549,0.177483,0.547222,0.166623,235.327927,0.000000,-1.000000
2012,6,30.000000,-160.000000,32.500000,-157.500000,1898.120000,0.095358,25.923545,0.121699,26.140602,,,,,,,,,,0.000000,-1.000000
2012,6,30.000000,170.000000,32.500000,172.500000,2602.720000,0.147538,0.429935,0.000000,0.577473,21.566622,0.631806,13.653939,0.226286,6.282800,0.128572,0.658056,0.163898,233.790253,0.000000,-1.000000
2012,6,30.000000,-170.000000,32.500000,-167.500000,1316.150000,0.612392,16.253467,0.275045,17.140903,,,,,,,,,,0.000000,-1.000000
2012,6,30.000000,175.000000,32.500000,177.500000,2705.300000,0.063579,0.549662,0.000000,0.613241,21.249519,0.591206,11.937231,0.177103,4.752973,0.139013,0.472778,0.150141,231.706757,0.000000,-1.000000
2012,6,-30.000000,-140.000000,-27.500000,-137.500000,1656.760000,0.249282,2.392018,36.524300,39.165600,,,,,,,,,,0.000000,-1.000000
2012,6,-30.000000,150.000000,-27.500000,152.500000,1471.850000,19.821313,7.283351,8.265109,35.369773,21.945654,0.510939,56.458872,0.226051,96.389840,0.082918,0.493878,0.471239,213.143875,0.000000,-1.000000
2012,6,-30.000000,155.000000,-27.500000,157.500000,2663.300000,2.986896,9.178463,26.557654,38.723013,21.766617,0.629102,77.585472,0.213957,2.486698,0.112845,0.296389,0.207444,222.882828,0.000000,-1.000000
2012,6,-30.000000,-155.000000,-27.500000,-152.500000,2148.270000,0.419407,17.187318,20.004469,37.611194,,,,,,,,,,0.000000,-1.000000
2012,6,-30.000000,160.000000,-27.500000,162.500000,5126.260000,2.313773,2.614382,36.768326,41.696480,21.470495,0.563072,79.949470,0.152046,1.770461,0.072311,0.151944,0.107881,225.663345,0.000000,-1.000000
2012,6,-30.000000,165.000000,-27.500000,167.500000,1392.440000,0.146505,0.759099,14.054466,14.960070,21.523742,0.575858,71.143488,0.176211,85.733588,0.099684,0.471766,0.092665,225.835358,0.000000,-1.000000
2012,6,-30.000000,-165.000000,-27.500000,-162.500000,3522.250000,0.246717,1.226773,37.454468,38.927958,,,,,,,,,,0.000000,-1.000000
2012,6,-30.000000,170.000000,-27.500000,172.500000,1802.630000,0.433256,1.371330,18.384250,20.188835,21.367523,0.539537,65.343226,0.132012,2.888704,0.071805,0.388889,0.074921,225.751205,0.000000,-1.000000
2012,6,-30.000000,-170.000000,-27.500000,-167.500000,7498.850000,0.258973,0.905072,20.430466,21.594511,,,,,,,,,,0.000000,-1.000000
2012,6,-30.000000,175.000000,-27.500000,177.500000,1502.110000,0.228345,1.743547,21.697479,23.669372,21.176644,0.539685,68.286355,0.128845,2.594143,0.081574,0.315556,0.057457,225.797653,0.000000,-1.000000
2012,6,-30.000000,-175.000000,-27.500000,-172.500000,2186.960000,0.062187,1.790613,17.634067,19.486868,,,,,,,,,,0.000000,-1.000000
2012,6,35.000000,140.000000,37.500000,142.500000,3234.070000,0.000000,0.000000,0.113170,0.113170,18.928157,0.212566,14.297570,0.363176,96.070405,0.384463,0.813499,0.334271,230.436951,0.000000,-1.000000
2012,6,35.000000,145.000000,37.500000,147.500000,2603.110000,0.000000,0.900461,2.178164,3.078625,18.536681,0.198201,16.947946,0.415211,10.675082,0.397128,0.767778,0.482149,241.982437,0.000000,-1.000000
2012,6,35.000000,150.000000,37.500000,152.500000,1298.950000,0.122407,7.446014,4.509027,12.077447,18.310034,0.252503,21.339348,0.425740,11.011549,0.318395,0.754722,0.628078,247.609375,0.000000,-1.000000
2012,6,35.000000,155.000000,37.500000,157.500000,1908.170000,0.170844,4.553053,1.122541,5.846439,16.997390,0.133167,18.721199,0.365556,6.582370,0.200818,0.719722,0.636538,253.516098,0.000000,-1.000000
2012,6,35.000000,160.000000,37.500000,162.500000,1545.370000,0.000000,0.000000,0.000000,0.000000,17.360973,0.353706,19.431899,0.336614,4.868178,0.258096,0.515556,0.478981,255.463684,0.000000,-1.000000
2012,6,35.000000,165.000000,37.500000,167.500000,3038.050000,0.000000,0.042132,0.000000,0.042132,16.691289,0.290074,17.735409,0.209223,5.974483,0.134063,0.440000,0.393202,255.170395,0.000000,-1.000000
2012,6,-35.000000,150.000000,-32.500000,152.500000,1109.450000,18.462301,10.563793,9.446122,38.472216,20.320304,0.454874,67.861870,0.318925,93.445201,0.147079,0.609957,0.480200,217.716888,0.000000,-1.000000
2012,6,-35.000000,160.000000,-32.500000,162.500000,4142.770000,1.068850,4.479129,23.479459,29.027438,19.371917,0.462552,90.088822,0.145728,3.539618,0.098152,0.451389,0.387089,225.683014,0.000000,-1.000000
2012,6,-35.000000,165.000000,-32.500000,167.500000,1895.020000,0.274403,5.062216,21.807158,27.143777,18.673721,0.394317,99.176810,0.170424,3.035180,0.082591,0.463611,0.360857,231.053024,0.000000,-1.000000
2012,6,-35.000000,170.000000,-32.500000,172.500000,1097.460000,0.077452,5.446212,14.540849,20.064513,18.736799,0.419773,99.045476,0.144287,73.050995,0.089424,0.347850,0.315517,234.347580,0.000000,-1.000000
2012,6,-40.000000,155.000000,-37.500000,157.500000,6861.830000,0.877608,3.792429,30.754041,35.424078,,,,,,,,,,0.000000,-1.000000
2012,6,-40.000000,160.000000,-37.500000,162.500000,2012.310000,1.968882,3.517351,36.021289,41.507521,,,,,,,,,,0.000000,-1.000000
2012,6,-40.000000,175.000000,-37.500000,177.500000,2759.600000,0.000000,1.755327,8.792216,10.547543,,,,,,,,,,0.000000,-1.000000
2012,6,-40.000000,-180.000000,-37.500000,-177.500000,1100.000000,0.000000,2.444545,0.629091,3.073636,,,,,,,,,,0.000000,-1.000000
2012,6,-45.000000,165.000000,-42.500000,167.500000,2549.870000,0.000000,0.000000,0.628267,0.628267,,,,,,,,,,0.000000,-1.000000
2012,7,0.000000,120.000000,2.500000,122.500000,13243.390000,17.919354,5.537706,0.000000,23.457060,29.140864,0.634700,14.217771,0.218436,133.365744,0.020442,0.100869,0.103270,200.947510,-0.500000,-0.866025
2012,7,0.000000,125.000000,2.500000,127.500000,17548.070000,18.002436,5.454560,0.000000,23.456996,28.839197,0.637776,19.910236,0.375934,133.033592,0.030600,0.150635,0.121351,200.554474,-0.500000,-0.866025
2012,7,0.000000,130.000000,2.500000,132.500000,4304.690000,18.258225,5.198748,0.000000,23.456974,29.090944,0.671708,22.950573,0.391809,116.913004,0.031688,0.009447,0.132326,200.750412,-0.500000,-0.866025
2012,7,0.000000,135.000000,2.500000,137.500000,20292.480000,22.415052,1.660270,0.402070,24.477393,29.212678,0.676284,17.122707,0.252704,0.267006,0.025813,0.000000,0.130279,201.410950,-0.500000,-0.866025
2012,7,0.000000,140.000000,2.500000,142.500000,8713.940000,44.573178,5.392165,0.026394,49.991737,29.333215,0.680896,16.533573,0.175482,0.201122,0.018489,0.000000,0.101944,200.761047,-0.500000,-0.866025
2012,7,0.000000,145.000000,2.500000,147.500000,8380.660000,13.631146,10.615035,0.127317,24.373498,29.389069,0.683139,16.723763,0.161764,0.194720,0.017006,0.000000,0.084121,199.810364,-0.500000,-0.866025
2012,7,0.000000,150.000000,2.500000,152.500000,7245.760000,22.417800,20.012669,0.186592,42.617062,29.435397,0.690170,17.534622,0.140991,0.353730,0.008466,0.000000,0.084390,200.445007,-0.500000,-0.866025
2012,7,0.000000,155.000000,2.500000,157.500000,7243.680000,13.473814,12.418550,0.168699,26.061063,29.603683,0.690145,21.805137,0.133997,0.290986,0.007269,0.000000,0.099048,201.089966,-0.500000,-0.866025
2012,7,0.000000,-155.000000,2.500000,-152.500000,8220.050000,2.666042,36.579826,0.000000,39.245868,,,,,,,,,,-0.500000,-0.866025
2012,7,0.000000,160.000000,2.500000,162.500000,6248.950000,12.203010,15.667112,0.301171,28.171293,29.531262,0.677064,19.912905,0.103100,0.354601,0.011022,0.000000,0.126233,201.301453,-0.500000,-0.866025
2012,7,0.000000,-160.000000,2.500000,-157.500000,1201.400000,2.492925,26.395871,0.059098,28.947894,,,,,,,,,,-0.500000,-0.866025
2012,7,0.000000,165.000000,2.500000,167.500000,3920.780000,10.985059,15.936625,0.734293,27.655977,29.329168,0.652022,23.283724,0.125921,91.915653,0.020794,0.002779,0.161063,201.494781,-0.500000,-0.866025
2012,7,0.000000,170.000000,2.500000,172.500000,5702.820000,32.852519,14.513346,3.453555,50.819419,29.020873,0.622098,30.647126,0.158067,129.561467,0.024928,0.019537,0.195726,201.312119,-0.500000,-0.866025
2012,7,0.000000,-170.000000,2.500000,-167.500000,1941.900000,2.001133,15.774242,0.300736,18.076111,,,,,,,,,,-0.500000,-0.866025
2012,7,0.000000,175.000000,2.500000,177.500000,2220.370000,5.368925,19.376500,1.642969,26.388395,28.733081,0.585053,34.714340,0.168500,0.275461,0.029601,0.000000,0.210454,200.446732,-0.500000,-0.866025
2012,7,0.000000,-175.000000,2.500000,-172.500000,2145.070000,2.522528,15.886661,0.372948,18.782138,,,,,,,,,,-0.500000,-0.866025
2012,7,5.000000,115.000000,7.500000,117.500000,1785.210000,17.060738,1.762818,0.000000,18.823556,29.224864,0.772023,18.745215,0.174733,135.136769,0.020359,0.223747,0.105615,200.295761,-0.500000,-0.866025
2012,7,5.000000,130.000000,7.500000,132.500000,7431.970000,10.117775,13.482428,0.024892,23.625095,29.129002,0.696425,21.546936,0.189716,130.853033,0.042320,0.015329,0.083657,199.593140,-0.500000,-0.866025
2012,7,5.000000,135.000000,7.500000,137.500000,12889.850000,16.104842,12.302083,0.040730,28.447655,29.423880,0.703413,21.319621,0.135242,132.450536,0.045333,0.006954,0.080952,198.704361,-0.500000,-0.866025
2012,7,5.000000,145.000000,7.500000,147.500000,1199.300000,9.665638,17.812057,0.390228,27.867923,29.542656,0.738991,21.327565,0.159294,0.365878,0.042675,0.000000,0.073513,198.418060,-0.500000,-0.866025
2012,7,5.000000,160.000000,7.500000,162.500000,2272.280000,7.807577,16.117732,0.953668,24.878976,29.126430,0.688514,31.440933,0.141573,0.277505,0.029839,0.000000,0.101376,199.973541,-0.500000,-0.866025
2012,7,5.000000,165.000000,7.500000,167.500000,7108.420000,5.221554,12.745167,0.558633,18.525354,28.898878,0.663746,32.740181,0.184666,128.809390,0.040964,0.041643,0.203196,201.170181,-0.500000,-0.866025
2012,7,5.000000,170.000000,7.500000,172.500000,7537.360000,2.420211,10.313823,0.872852,13.606886,28.549855,0.631559,37.942064,0.233369,127.816886,0.060354,0.027848,0.194173,201.669647,-0.500000,-0.866025
2012,7,5.000000,175.000000,7.500000,177.500000,1105.450000,1.151567,13.796192,2.311276,17.259035,28.222885,0.589168,43.517150,0.246427,0.778713,0.052404,0.003889,0.157692,202.673492,-0.500000,-0.866025
2012,7,5.000000,-175.000000,7.500000,-172.500000,1464.860000,0.750925,6.776074,0.521552,8.048551,,,,,,,,,,-0.500000,-0.866025
2012,7,-5.000000,120.000000,-2.500000,122.500000,17218.740000,18.258188,5.198812,0.000000,23.457001,27.922841,0.595127,21.053544,0.145703,131.874075,0.021263,0.310843,0.107852,201.851776,-0.500000,-0.866025
2012,7,-5.000000,125.000000,-2.500000,127.500000,25828.110000,18.258208,5.198793,0.000000,23.457001,27.727661,0.579889,22.909764,0.187217,129.090970,0.026502,0.354799,0.174187,201.538956,-0.500000,-0.866025
2012,7,-5.000000,130.000000,-2.500000,132.500000,8609.370000,18.258247,5.198754,0.000000,23.457001,27.869751,0.592198,20.471961,0.221152,131.143257,0.058765,0.305337,0.345939,202.631714,-0.500000,-0.866025
2012,7,-5.000000,140.000000,-2.500000,142.500000,14129.290000,22.742190,0.138931,2.212708,25.093830,29.165118,0.701792,18.985012,0.342102,129.393118,0.010421,0.071681,0.185679,201.700317,-0.500000,-0.866025
2012,7,-5.000000,145.000000,-2.500000,147.500000,1596.110000,15.951282,1.116464,0.348347,17.416093,29.196564,0.687030,21.449718,0.174197,127.145803,0.011669,0.040490,0.209062,202.217499,-0.500000,-0.866025
2012,7,-5.000000,150.000000,-2.500000,152.500000,1250.420000,28.104157,1.199597,0.297500,29.601254,29.362948,0.678496,20.851931,0.110237,131.232344,0.012763,0.074128,0.187748,202.271820,-0.500000,-0.866025
2012,7,-5.000000,155.000000,-2.500000,157.500000,1983.270000,24.544817,6.438357,3.687849,34.671023,29.511707,0.672609,23.761458,0.180841,0.529335,0.022868,0.000000,0.128069,201.666168,-0.500000,-0.866025
2012,7,-5.000000,-155.000000,-2.500000,-152.500000,2008.880000,4.305882,15.115388,1.442595,20.863864,,,,,,,,,,-0.500000,-0.866025
2012,7,-5.000000,160.000000,-2.500000,162.500000,9675.700000,25.418109,10.643158,3.071096,39.132363,29.598462,0.679233,26.745024,0.151730,0.291807,0.011738,0.000000,0.141438,201.767014,-0.500000,-0.866025
2012,7,-5.000000,-160.000000,-2.500000,-157.500000,1210.010000,2.474360,17.526301,0.451236,20.451897,,,,,,,,,,-0.500000,-0.866025
2012,7,-5.000000,165.000000,-2.500000,167.500000,6199.420000,27.962616,16.006659,5.275494,49.244768,29.511598,0.667852,31.069031,0.159912,0.262526,0.007705,0.000000,0.150747,201.841782,-0.500000,-0.866025
2012,7,-5.000000,-165.000000,-2.500000,-162.500000,2633.700000,3.189809,19.397805,0.975054,23.562668,,,,,,,,,,-0.500000,-0.866025
2012,7,-5.000000,170.000000,-2.500000,172.500000,28614.890000,21.800293,16.589091,3.374083,41.763467,29.240366,0.643249,36.035021,0.144838,130.551031,0.010898,0.009476,0.156561,201.673187,-0.500000,-0.866025
2012,7,-5.000000,-170.000000,-2.500000,-167.500000,12727.030000,3.120052,16.464485,0.561561,20.146099,,,,,,,,,,-0.500000,-0.866025
2012,7,-5.000000,175.000000,-2.500000,177.500000,7982.480000,9.687090,15.939658,2.156347,27.783095,29.094612,0.618130,38.145509,0.130106,92.295913,0.006909,0.001668,0.161839,201.505066,-0.500000,-0.866025
2012,7,-5.000000,-175.000000,-2.500000,-172.500000,4733.760000,7.256177,17.467932,2.245361,26.969470,,,,,,,,,,-0.500000,-0.866025
2012,7,-5.000000,-180.000000,-2.500000,-177.500000,2728.170000,9.251989,15.979210,0.917098,26.148297,,,,,,,,,,-0.500000,-0.866025
2012,7,10.000000,110.000000,12.500000,112.500000,15874.440000,16.347033,4.935859,0.000000,21.282892,28.550500,0.707419,16.323038,0.374477,1.662550,0.109417,0.133889,0.149123,202.599960,-0.500000,-0.866025
2012,7,10.000000,115.000000,12.500000,117.500000,15874.440000,16.347033,4.935859,0.000000,21.282892,28.935950,0.790885,22.779332,0.130574,131.612968,0.023524,0.075199,0.082059,200.471817,-0.500000,-0.866025
2012,7,10.000000,125.000000,12.500000,127.500000,2357.320000,7.116980,3.920554,0.861572,11.899106,29.527956,0.903081,18.901243,0.158645,132.302903,0.090980,0.046902,0.096610,198.975906,-0.500000,-0.866025
2012,7,10.000000,130.000000,12.500000,132.500000,9200.410000,2.538583,13.473530,2.511301,18.523414,29.523715,0.879001,21.066504,0.139309,0.616344,0.067077,0.000000,0.087316,198.798218,-0.500000,-0.866025
2012,7,10.000000,135.000000,12.500000,137.500000,3627.540000,3.893272,5.939562,2.056766,11.889600,29.687497,0.913644,21.976000,0.140265,118.368484,0.068498,0.001946,0.087317,198.555222,-0.500000,-0.866025
2012,7,10.000000,145.000000,12.500000,147.500000,1555.730000,0.944894,0.050780,0.179980,1.175654,29.626423,0.899095,20.383787,0.143542,94.289693,0.065876,0.004447,0.089265,198.701721,-0.500000,-0.866025
2012,7,10.000000,150.000000,12.500000,152.500000,7088.280000,1.650189,0.069551,0.191866,1.911606,29.379180,0.859510,21.410516,0.155627,0.201072,0.058478,0.000000,0.085213,198.805649,-0.500000,-0.866025
2012,7,10.000000,155.000000,12.500000,157.500000,6105.740000,1.630433,0.223069,2.052167,3.905669,29.148119,0.811924,22.734468,0.126251,0.340018,0.037283,0.000000,0.084090,199.139725,-0.500000,-0.866025
2012,7,10.000000,165.000000,12.500000,167.500000,1023.160000,2.761054,4.462645,0.660698,7.884397,28.692484,0.785364,31.651051,0.139924,128.158534,0.022853,0.031487,0.075450,200.073120,-0.500000,-0.866025
2012,7,10.000000,170.000000,12.500000,172.500000,4913.960000,2.890133,13.894496,4.713510,21.498140,28.201644,0.726468,36.631498,0.150686,57.209223,0.047835,0.005279,0.062827,201.027435,-0.500000,-0.866025
2012,7,10.000000,-170.000000,12.500000,-167.500000,1154.980000,0.707372,12.524892,1.853712,15.085976,,,,,,,,,,-0.500000,-0.866025
2012,7,10.000000,175.000000,12.500000,177.500000,4271.280000,1.473329,15.771151,0.219138,17.463617,27.901379,0.713664,45.957868,0.154692,1.000060,0.032824,0.015833,0.067104,201.974319,-0.500000,-0.866025
2012,7,10.000000,-175.000000,12.500000,-172.500000,1462.750000,0.532559,14.195864,0.317894,15.046317,,,,,,,,,,-0.500000,-0.866025
2012,7,10.000000,-180.000000,12.500000,-177.500000,1989.480000,1.263144,13.106943,0.146772,14.516859,,,,,,,,,,-0.500000,-0.866025
2012,7,-10.000000,-135.000000,-7.500000,-132.500000,5433.570000,6.027897,15.188909,2.814540,24.031346,,,,,,,,,,-0.500000,-0.866025
2012,7,-10.000000,-140.000000,-7.500000,-137.500000,2573.750000,5.621370,16.484507,5.272074,27.377950,,,,,,,,,,-0.500000,-0.866025
2012,7,-10.000000,150.000000,-7.500000,152.500000,1083.710000,34.131825,1.035332,2.623396,37.790553,28.382185,0.665821,33.094191,0.229160,131.092603,0.029162,0.136432,0.409912,199.461136,-0.500000,-0.866025
2012,7,-10.000000,-150.000000,-7.500000,-147.500000,3741.160000,5.399128,12.752996,4.233981,22.386105,,,,,,,,,,-0.500000,-0.866025
2012,7,-10.000000,155.000000,-7.500000,157.500000,8350.010000,58.391188,2.713290,11.836153,72.940631,28.794476,0.649035,36.087731,0.190706,130.061324,0.014063,0.107610,0.330734,198.433243,-0.500000,-0.866025
2012,7,-10.000000,-155.000000,-7.500000,-152.500000,3342.580000,2.659024,14.337428,4.561447,21.557898,,,,,,,,,,-0.500000,-0.866025
2012,7,-10.000000,160.000000,-7.500000,162.500000,21995.240000,22.500550,5.032634,13.884095,41.417279,28.959917,0.675036,36.906663,0.188267,128.626944,0.036143,0.041679,0.127585,198.694061,-0.500000,-0.866025
2012,7,-10.000000,-160.000000,-7.500000,-157.500000,2314.640000,3.729738,13.224951,11.724933,28.679622,,,,,,,,,,-0.500000,-0.866025
2012,7,-10.000000,165.000000,-7.500000,167.500000,10535.710000,16.032522,4.508381,14.538270,35.079174,29.036812,0.668040,38.244357,0.172618,0.448124,0.031064,0.000000,0.109042,198.480911,-0.500000,-0.866025
2012,7,-10.000000,-165.000000,-7.500000,-162.500000,6840.860000,4.913271,10.953886,13.542596,29.409753,,,,,,,,,,-0.500000,-0.866025
2012,7,-10.000000,170.000000,-7.500000,172.500000,13658.130000,13.028577,7.702811,9.501667,30.233055,29.001247,0.637251,41.543535,0.185704,0.269334,0.038008,0.000000,0.112547,198.149902,-0.500000,-0.866025
2012,7,-10.000000,-170.000000,-7.500000,-167.500000,10759.270000,9.051172,13.316424,26.965305,49.332901,,,,,,,,,,-0.500000,-0.866025
2012,7,-10.000000,175.000000,-7.500000,177.500000,5988.180000,11.682014,10.318327,8.291668,30.292009,28.987483,0.615083,39.933514,0.181234,0.305746,0.030508,0.000000,0.106466,198.401382,-0.500000,-0.866025
2012,7,-10.000000,-175.000000,-7.500000,-172.500000,3795.420000,7.526703,13.289702,6.083121,26.899526,,,,,,,,,,-0.500000,-0.866025
2012,7,-10.000000,-180.000000,-7.500000,-177.500000,4063.320000,7.479844,19.068151,4.449563,30.997559,,,,,,,,,,-0.500000,-0.866025
2012,7,15.000000,110.000000,17.500000,112.500000,15874.440000,16.347033,4.935859,0.000000,21.282892,29.136317,0.673879,13.564409,0.209153,124.359033,0.092339,0.095760,0.097449,200.352219,-0.500000,-0.866025
2012,7,15.000000,115.000000,17.500000,117.500000,15874.440000,16.347033,4.935859,0.000000,21.282892,29.295226,0.779050,15.317020,0.175514,133.560967,0.048664,0.033983,0.081272,199.917221,-0.500000,-0.866025
2012,7,15.000000,120.000000,17.500000,122.500000,1501.170000,12.722743,0.180526,0.379704,13.282973,29.774111,0.970659,15.333535,0.272991,136.284286,0.132775,0.141336,0.119796,198.703888,-0.500000,-0.866025
2012,7,15.000000,125.000000,17.500000,127.500000,1494.460000,5.357788,1.013744,0.160593,6.532125,29.711732,1.110690,17.188110,0.229425,0.733458,0.096358,0.005556,0.098704,198.983734,-0.500000,-0.866025
2012,7,15.000000,130.000000,17.500000,132.500000,1893.080000,0.083990,0.265705,0.983582,1.333277,29.823979,1.041634,19.411553,0.209547,0.586052,0.090458,0.000000,0.095423,198.857712,-0.500000,-0.866025
2012,7,15.000000,135.000000,17.500000,137.500000,5576.620000,1.428643,0.438796,17.044554,18.911993,29.948747,1.034580,21.644660,0.156006,0.847859,0.058920,0.013056,0.096042,198.310822,-0.500000,-0.866025
2012,7,15.000000,140.000000,17.500000,142.500000,2183.130000,1.089262,0.507986,25.677811,27.275059,29.845042,0.995992,19.102596,0.156939,0.568212,0.056920,0.000000,0.097121,197.909729,-0.500000,-0.866025
2012,7,15.000000,150.000000,17.500000,152.500000,2453.380000,2.031891,0.700258,7.630697,10.362846,29.425207,1.020862,24.295108,0.157565,0.739649,0.043729,0.002222,0.084212,198.381500,-0.500000,-0.866025
2012,7,15.000000,155.000000,17.500000,157.500000,2983.640000,3.395852,0.777574,7.635975,11.809401,29.219297,0.940512,26.169454,0.151897,0.494214,0.052883,0.000000,0.076859,198.813339,-0.500000,-0.866025
2012,7,15.000000,160.000000,17.500000,162.500000,4310.680000,3.744421,1.071525,19.752568,24.568514,29.003626,0.847208,26.295978,0.124076,0.744663,0.037234,0.003056,0.075637,199.593765,-0.500000,-0.866025
2012,7,15.000000,-160.000000,17.500000,-157.500000,1325.490000,8.213566,9.676422,2.907604,20.797592,,,,,,,,,,-0.500000,-0.866025
2012,7,15.000000,-165.000000,17.500000,-162.500000,2366.710000,4.380342,4.034292,7.212544,15.627179,,,,,,,,,,-0.500000,-0.866025
2012,7,15.000000,170.000000,17.500000,172.500000,3148.670000,1.602581,1.321828,20.554710,23.479120,28.211952,0.845388,32.376664,0.140227,0.554720,0.038807,0.000000,0.069298,201.708130,-0.500000,-0.866025
2012,7,-15.000000,-135.000000,-12.500000,-132.500000,5788.990000,6.073598,12.246696,10.768372,29.088667,,,,,,,,,,-0.500000,-0.866025
2012,7,-15.000000,145.000000,-12.500000,147.500000,1471.070000,19.493974,0.350085,27.639065,47.483125,26.176854,0.695462,45.948460,0.202958,117.148640,0.056441,0.078332,0.123827,206.338715,-0.500000,-0.866025
2012,7,-15.000000,-145.000000,-12.500000,-142.500000,1176.190000,3.672876,5.263605,8.865915,17.802396,,,,,,,,,,-0.500000,-0.866025
2012,7,-15.000000,150.000000,-12.500000,152.500000,6485.870000,36.207325,0.462236,15.045938,51.715498,27.018224,0.738240,43.475006,0.252969,122.603530,0.063884,0.212874,0.263312,203.225143,-0.500000,-0.866025
2012,7,-15.000000,-150.000000,-12.500000,-147.500000,2676.100000,4.534584,7.586787,10.497366,22.618736,,,,,,,,,,-0.500000,-0.866025
2012,7,-15.000000,155.000000,-12.500000,157.500000,3888.020000,33.683726,2.596694,14.475749,50.756169,27.753781,0.787852,55.599810,0.241376,2.028966,0.066178,0.091111,0.172465,202.187485,-0.500000,-0.866025
2012,7,-15.000000,-155.000000,-12.500000,-152.500000,1894.470000,7.440603,16.288988,12.634668,36.364260,,,,,,,,,,-0.500000,-0.866025
2012,7,-15.000000,160.000000,-12.500000,162.500000,7221.220000,10.318201,1.947455,16.004082,28.269738,27.846969,0.815159,52.578495,0.194984,126.669796,0.057142,0.044419,0.084011,201.899628,-0.500000,-0.866025
2012,7,-15.000000,-160.000000,-12.500000,-157.500000,22313.500000,3.295090,2.355525,33.179600,38.830215,,,,,,,,,,-0.500000,-0.866025
2012,7,-15.000000,165.000000,-12.500000,167.500000,21030.200000,8.959591,0.855341,21.919715,31.734648,28.025154,0.812504,49.426867,0.163036,120.963094,0.031766,0.056393,0.059109,201.661438,-0.500000,-0.866025
2012,7,-15.000000,-165.000000,-12.500000,-162.500000,9826.920000,4.583735,4.735665,26.875969,36.195369,,,,,,,,,,-0.500000,-0.866025
2012,7,-15.000000,170.000000,-12.500000,172.500000,3049.530000,7.248002,0.963099,15.833587,24.044689,28.196830,0.801059,60.965388,0.166330,0.944407,0.040259,0.020556,0.059739,201.049850,-0.500000,-0.866025
2012,7,-15.000000,-170.000000,-12.500000,-167.500000,14003.090000,2.822734,3.245355,36.286205,42.354295,,,,,,,,,,-0.500000,-0.866025
2012,7,-15.000000,175.000000,-12.500000,177.500000,1055.210000,4.757347,1.078458,24.740099,30.575904,28.059327,0.769323,59.658094,0.169354,0.908742,0.035161,0.022778,0.058184,200.789001,-0.500000,-0.866025
2012,7,-15.000000,-175.000000,-12.500000,-172.500000,8744.720000,2.498994,1.429891,34.208986,38.137871,,,,,,,,,,-0.500000,-0.866025
2012,7,20.000000,120.000000,22.500000,122.500000,2512.160000,7.321190,1.475623,0.137730,8.934542,29.454355,0.924971,13.342539,0.348735,133.453875,0.158208,0.115094,0.132069,199.705826,-0.500000,-0.866025
2012,7,20.000000,125.000000,22.500000,127.500000,1109.790000,8.303373,1.105615,0.666793,10.075780,29.204366,1.031706,13.461098,0.220461,92.475649,0.130376,0.046971,0.103200,199.853455,-0.500000,-0.866025
2012,7,20.000000,135.000000,22.500000,137.500000,2122.240000,0.910359,0.478739,17.321321,18.710419,29.707389,1.005163,14.631973,0.190606,2.409479,0.095856,0.174444,0.094889,199.190231,-0.500000,-0.866025
2012,7,20.000000,140.000000,22.500000,142.500000,2009.550000,6.676619,4.524396,13.147720,24.348735,29.384767,0.908862,14.018164,0.211598,57.717235,0.111412,0.037510,0.091938,198.637970,-0.500000,-0.866025
2012,7,20.000000,145.000000,22.500000,147.500000,2972.060000,0.921919,0.560217,4.162769,5.644906,29.260292,0.895572,16.309474,0.211867,1.275759,0.094920,0.035000,0.088961,198.838715,-0.500000,-0.866025
2012,7,20.000000,170.000000,22.500000,172.500000,1757.110000,0.652776,0.125206,0.034147,0.812129,27.915941,0.813458,24.402474,0.152102,0.727279,0.066422,0.004444,0.081278,202.496231,-0.500000,-0.866025
2012,7,-20.000000,-135.000000,-17.500000,-132.500000,8329.790000,4.067089,14.225689,15.246603,33.539381,,,,,,,,,,-0.500000,-0.866025
2012,7,-20.000000,-150.000000,-17.500000,-147.500000,4235.200000,3.797223,3.820127,30.938563,38.555912,,,,,,,,,,-0.500000,-0.866025
2012,7,-20.000000,-155.000000,-17.500000,-152.500000,6347.590000,4.715175,4.096358,29.816040,38.627574,,,,,,,,,,-0.500000,-0.866025
2012,7,-20.000000,-160.000000,-17.500000,-157.500000,1174.360000,1.013318,1.152968,33.403726,35.570013,,,,,,,,,,-0.500000,-0.866025
2012,7,-20.000000,165.000000,-17.500000,167.500000,6094.500000,7.616868,1.061777,12.811223,21.489868,25.933718,0.793510,51.815510,0.090524,120.425861,0.031808,0.330564,0.073925,210.200623,-0.500000,-0.866025
2012,7,-20.000000,-165.000000,-17.500000,-162.500000,2344.490000,2.498624,3.259558,26.761044,32.519226,,,,,,,,,,-0.500000,-0.866025
2012,7,-20.000000,170.000000,-17.500000,172.500000,27954.670000,6.982697,2.454402,20.919439,30.356538,26.078241,0.821785,50.848459,0.094734,1.959244,0.035750,0.318333,0.072498,210.593445,-0.500000,-0.866025
2012,7,-20.000000,-170.000000,-17.500000,-167.500000,2332.190000,6.577080,1.499020,25.478199,33.554299,,,,,,,,,,-0.500000,-0.866025
2012,7,-20.000000,175.000000,-17.500000,177.500000,6819.470000,8.763731,1.288810,15.463079,25.515619,26.146667,0.837771,51.622577,0.109281,118.259097,0.022276,0.335095,0.085784,210.072754,-0.500000,-0.866025
2012,7,-20.000000,-175.000000,-17.500000,-172.500000,3024.090000,1.363055,1.413648,22.346557,25.123260,,,,,,,,,,-0.500000,-0.866025
2012,7,-20.000000,-180.000000,-17.500000,-177.500000,14773.270000,6.427352,1.431301,20.828023,28.686675,,,,,,,,,,-0.500000,-0.866025
2012,7,25.000000,125.000000,27.500000,127.500000,4481.030000,16.729189,0.133451,0.202186,17.064827,28.909270,0.903426,12.360083,0.272742,129.998276,0.224741,0.157540,0.111628,201.019592,-0.500000,-0.866025
2012,7,25.000000,130.000000,27.500000,132.500000,5999.640000,11.780040,0.117174,0.138842,12.036055,28.492148,1.084327,11.969675,0.258065,58.141736,0.128312,0.260906,0.117590,202.458160,-0.500000,-0.866025
2012,7,25.000000,135.000000,27.500000,137.500000,3283.580000,0.719337,0.120905,0.166891,1.007132,28.059869,1.045459,11.196224,0.176354,1.747200,0.096422,0.315833,0.118156,206.264313,-0.500000,-0.866025
2012,7,25.000000,140.000000,27.500000,142.500000,1096.210000,18.677078,4.459912,2.812417,25.949408,27.756039,0.932035,11.212818,0.164274,55.721805,0.089462,0.463462,0.113048,206.264587,-0.500000,-0.866025
2012,7,25.000000,145.000000,27.500000,147.500000,7587.040000,0.409382,0.219980,0.006590,0.635953,28.145721,0.961578,12.397806,0.190563,3.381516,0.091254,0.361667,0.107815,205.459747,-0.500000,-0.866025
2012,7,25.000000,150.000000,27.500000,152.500000,3375.610000,0.532052,0.271062,0.032587,0.835701,27.675665,0.853282,11.764928,0.123526,2.062618,0.058202,0.221111,0.106380,205.002731,-0.500000,-0.866025
2012,7,25.000000,155.000000,27.500000,157.500000,1646.210000,0.314055,0.208357,0.018224,0.540636,27.610911,0.818539,12.623473,0.118809,3.051378,0.054652,0.323333,0.102919,205.791946,-0.500000,-0.866025
2012,7,25.000000,-155.000000,27.500000,-152.500000,5080.580000,0.112979,17.741282,0.100973,17.955233,,,,,,,,,,-0.500000,-0.866025
2012,7,25.000000,-160.000000,27.500000,-157.500000,7943.710000,0.257688,16.809022,0.293062,17.359773,,,,,,,,,,-0.500000,-0.866025
2012,7,25.000000,165.000000,27.500000,167.500000,1241.230000,0.950670,0.298897,0.072509,1.322076,27.330643,0.747618,15.995642,0.189176,2.750562,0.086271,0.264167,0.092525,207.210754,-0.500000,-0.866025
2012,7,25.000000,170.000000,27.500000,172.500000,1954.350000,0.250723,0.202113,0.020467,0.473303,26.873154,0.741972,15.612380,0.155290,1.714148,0.088601,0.147222,0.090293,207.160278,-0.500000,-0.866025
2012,7,25.000000,175.000000,27.500000,177.500000,1511.380000,0.217682,0.065503,0.092631,0.375815,26.969183,0.750063,18.345186,0.126357,1.850302,0.067231,0.111111,0.086996,207.079880,-0.500000,-0.866025
2012,7,-25.000000,160.000000,-22.500000,162.500000,2077.860000,14.019713,1.284013,35.516830,50.820556,22.752426,0.621078,60.335861,0.145312,108.282362,0.078833,0.426963,0.245733,219.559387,-0.500000,-0.866025
2012,7,-25.000000,170.000000,-22.500000,172.500000,4989.440000,4.017084,0.683043,28.753728,33.453855,23.142132,0.677591,54.006744,0.123719,2.228635,0.054433,0.395556,0.136196,219.511047,-0.500000,-0.866025
2012,7,-25.000000,-170.000000,-22.500000,-167.500000,2346.560000,4.676207,1.308298,25.428287,31.412791,,,,,,,,,,-0.500000,-0.866025
2012,7,-25.000000,175.000000,-22.500000,177.500000,8606.960000,5.783227,1.442321,24.841291,32.066839,23.050835,0.674225,51.758165,0.100975,2.728013,0.067459,0.417778,0.096049,219.257034,-0.500000,-0.866025
2012,7,-25.000000,-175.000000,-22.500000,-172.500000,2615.460000,1.506427,0.644628,29.351242,31.502298,,,,,,,,,,-0.500000,-0.866025
2012,7,-25.000000,-180.000000,-22.500000,-177.500000,5852.900000,5.404500,1.480463,20.336244,27.221207,,,,,,,,,,-0.500000,-0.866025
2012,7,30.000000,130.000000,32.500000,132.500000,3467.100000,20.082201,0.905656,0.086239,21.074097,27.000442,0.760829,10.636260,0.423671,126.469242,0.340058,0.678227,0.258475,208.450562,-0.500000,-0.866025
2012,7,30.000000,145.000000,32.500000,147.500000,2531.840000,0.057271,0.224343,0.042657,0.324270,24.899660,0.930847,10.854332,0.278180,2.269556,0.164580,0.312500,0.117218,217.350876,-0.500000,-0.866025
2012,7,30.000000,150.000000,32.500000,152.500000,1010.390000,0.249409,2.606914,2.232801,5.089124,24.976739,0.868796,10.919566,0.402503,2.953759,0.322834,0.424167,0.107272,218.480042,-0.500000,-0.866025
2012,7,30.000000,155.000000,32.500000,157.500000,1061.940000,0.000000,6.674577,2.315573,8.990150,24.964030,0.811018,10.831104,0.327250,3.828666,0.189865,0.226944,0.105209,220.049728,-0.500000,-0.866025
2012,7,30.000000,-155.000000,32.500000,-152.500000,4982.950000,0.058399,15.316830,0.503316,15.878546,,,,,,,,,,-0.500000,-0.866025
2012,7,30.000000,-160.000000,32.500000,-157.500000,8614.650000,0.351030,23.981009,0.958367,25.290406,,,,,,,,,,-0.500000,-0.866025
2012,7,30.000000,-165.000000,32.500000,-162.500000,1953.790000,0.107995,17.119035,0.149453,17.376484,,,,,,,,,,-0.500000,-0.866025
2012,7,30.000000,175.000000,32.500000,177.500000,1163.320000,0.067049,0.469346,0.000000,0.536396,24.645732,0.667249,11.365263,0.187598,2.803050,0.137470,0.275278,0.099790,218.621368,-0.500000,-0.866025
2012,7,-30.000000,150.000000,-27.500000,152.500000,1100.280000,44.191479,4.617915,6.098448,54.907842,21.582366,0.531929,54.735884,0.312668,93.480564,0.129075,0.680000,0.519539,216.361435,-0.500000,-0.866025
2012,7,-30.000000,155.000000,-27.500000,157.500000,1309.680000,6.251909,8.439466,18.974864,33.666239,20.975942,0.626403,79.299807,0.220841,4.940895,0.151888,0.318333,0.362515,223.083649,-0.500000,-0.866025
2012,7,-30.000000,160.000000,-27.500000,162.500000,4665.160000,1.417743,1.653320,41.334059,44.405122,20.838684,0.559668,85.718783,0.139043,2.742485,0.060341,0.385000,0.281837,225.334167,-0.500000,-0.866025
2012,7,-30.000000,-165.000000,-27.500000,-162.500000,3305.280000,0.253836,1.533607,46.162806,47.950249,,,,,,,,,,-0.500000,-0.866025
2012,7,-30.000000,170.000000,-27.500000,172.500000,6021.110000,0.720299,1.876232,31.051251,33.647783,20.622753,0.557588,71.164844,0.126619,2.553615,0.067244,0.363056,0.187914,229.172653,-0.500000,-0.866025
2012,7,-30.000000,-170.000000,-27.500000,-167.500000,10286.140000,0.173340,1.616544,25.435489,27.225373,,,,,,,,,,-0.500000,-0.866025
2012,7,-30.000000,175.000000,-27.500000,177.500000,6083.520000,0.236541,1.033283,31.845379,33.115203,20.368644,0.539662,77.136766,0.133764,2.558899,0.081182,0.448611,0.086675,229.823654,-0.500000,-0.866025
2012,7,-30.000000,-175.000000,-27.500000,-172.500000,6683.900000,0.248358,1.275603,31.373001,32.896961,,,,,,,,,,-0.500000,-0.866025
2012,7,-30.000000,-180.000000,-27.500000,-177.500000,3665.480000,0.224800,3.841243,43.175791,47.241835,,,,,,,,,,-0.500000,-0.866025
2012,7,35.000000,140.000000,37.500000,142.500000,1007.000000,0.000000,0.000000,0.000000,0.000000,22.091024,0.250192,10.918634,0.376188,109.941694,0.349615,0.752753,0.255454,220.526367,-0.500000,-0.866025
2012,7,35.000000,145.000000,37.500000,147.500000,4986.660000,0.000000,0.027874,0.112300,0.140174,21.515025,0.282868,11.181389,0.433005,6.241594,0.428040,0.699167,0.197958,226.414215,-0.500000,-0.866025
2012,7,35.000000,150.000000,37.500000,152.500000,4023.920000,0.068341,4.240889,0.533062,4.842293,22.085643,0.368214,11.468941,0.388160,4.897354,0.386457,0.720833,0.217140,231.256058,-0.500000,-0.866025
2012,7,35.000000,155.000000,37.500000,157.500000,4217.750000,0.011143,5.420900,0.039595,5.471638,21.145305,0.207318,10.609760,0.387256,4.546230,0.182612,0.653333,0.247049,232.915665,-0.500000,-0.866025
2012,7,35.000000,160.000000,37.500000,162.500000,3860.990000,0.018130,4.060358,0.196582,4.275069,20.769883,0.407059,10.734886,0.361204,4.518484,0.274487,0.594722,0.270658,237.586273,-0.500000,-0.866025
2012,7,35.000000,165.000000,37.500000,167.500000,5954.880000,0.006885,8.986579,0.130145,9.123610,20.924936,0.333991,10.796559,0.246290,4.340884,0.127529,0.521111,0.227264,237.202133,-0.500000,-0.866025
2012,7,-35.000000,150.000000,-32.500000,152.500000,2004.730000,20.675602,14.085189,8.360727,43.121518,19.722115,0.500689,79.710397,0.294752,89.354407,0.178143,0.577090,0.484122,220.070389,-0.500000,-0.866025
2012,7,-35.000000,160.000000,-32.500000,162.500000,1473.950000,3.525221,3.732827,40.772753,48.030802,18.481221,0.429846,103.588600,0.139901,3.026546,0.095689,0.466111,0.382299,225.183060,-0.500000,-0.866025
2012,7,-35.000000,165.000000,-32.500000,167.500000,1818.660000,0.650479,16.829424,11.997845,29.477747,17.953021,0.394424,100.491904,0.146769,3.881563,0.083089,0.391389,0.353910,229.277115,-0.500000,-0.866025
2012,7,-35.000000,170.000000,-32.500000,172.500000,3349.030000,0.050164,12.886418,12.053341,24.989922,17.899500,0.414170,101.196511,0.118480,72.556404,0.080259,0.340313,0.342117,232.009628,-0.500000,-0.866025
2012,7,-35.000000,175.000000,-32.500000,177.500000,4592.480000,0.034186,14.941818,9.574130,24.550134,17.784989,0.406989,111.263921,0.130152,3.860039,0.060175,0.355833,0.320405,235.376282,-0.500000,-0.866025
2012,7,-40.000000,155.000000,-37.500000,157.500000,1865.600000,0.174743,2.641509,20.138829,22.955081,,,,,,,,,,-0.500000,-0.866025
2012,7,-40.000000,175.000000,-37.500000,177.500000,1680.860000,0.000000,2.220887,22.366527,24.587414,,,,,,,,,,-0.500000,-0.866025
2012,8,0.000000,120.000000,2.500000,122.500000,12510.570000,18.969000,5.862083,0.000000,24.831083,29.013051,0.620040,15.606354,0.219966,132.284469,0.021565,0.122284,0.102178,200.956528,-0.866025,-0.500000
2012,8,0.000000,125.000000,2.500000,127.500000,16577.060000,19.056938,5.774064,0.000000,24.831001,28.584990,0.639086,23.284073,0.248435,131.073478,0.035593,0.188748,0.158594,201.140350,-0.866025,-0.500000
2012,8,0.000000,130.000000,2.500000,132.500000,5728.440000,21.467625,4.676666,0.005237,26.149528,29.185110,0.670193,21.819548,0.340737,117.030157,0.016159,0.012781,0.122445,200.911209,-0.866025,-0.500000
2012,8,0.000000,135.000000,2.500000,137.500000,29651.020000,19.798948,4.966743,0.013693,24.779384,29.367827,0.662124,15.400361,0.267306,0.445492,0.025989,0.000000,0.109092,201.259079,-0.866025,-0.500000
2012,8,0.000000,140.000000,2.500000,142.500000,25427.470000,35.608025,4.458918,0.030558,40.097501,29.355043,0.659534,16.682986,0.246299,0.373235,0.023426,0.000000,0.097097,200.975662,-0.866025,-0.500000
2012,8,0.000000,145.000000,2.500000,147.500000,4507.800000,16.272461,12.789609,0.133103,29.195173,29.246915,0.655404,18.033770,0.197421,0.293718,0.024513,0.000000,0.078622,199.949585,-0.866025,-0.500000
2012,8,0.000000,150.000000,2.500000,152.500000,5988.060000,8.529474,13.798459,0.397625,22.725557,29.189660,0.666677,18.430383,0.138746,0.694460,0.017747,0.001944,0.077617,199.340805,-0.866025,-0.500000
2012,8,0.000000,155.000000,2.500000,157.500000,10644.750000,16.935954,12.828577,0.213908,29.978440,29.600066,0.671412,18.851199,0.170111,0.818993,0.019455,0.008889,0.084002,200.291000,-0.866025,-0.500000
2012,8,0.000000,-155.000000,2.500000,-152.500000,11128.430000,4.236986,32.193760,0.022195,36.452941,,,,,,,,,,-0.866025,-0.500000
2012,8,0.000000,160.000000,2.500000,162.500000,6809.850000,14.827052,9.423702,0.567707,24.818461,29.721100,0.673219,21.360669,0.200933,0.278876,0.024742,0.000000,0.095831,201.042877,-0.866025,-0.500000
2012,8,0.000000,-160.000000,2.500000,-157.500000,5650.750000,8.829270,28.292705,0.038048,37.160023,,,,,,,,,,-0.866025,-0.500000
2012,8,0.000000,165.000000,2.500000,167.500000,7929.790000,7.233861,9.484488,0.574921,17.293270,29.667910,0.672147,21.342304,0.246918,93.115378,0.023514,0.002779,0.125188,201.158279,-0.866025,-0.500000
2012,8,0.000000,-165.000000,2.500000,-162.500000,2597.320000,4.506953,31.905580,0.038886,36.451419,,,,,,,,,,-0.866025,-0.500000
2012,8,0.000000,170.000000,2.500000,172.500000,1274.840000,7.420539,7.733520,0.728719,15.882777,29.435153,0.640785,25.170191,0.203181,131.528458,0.029946,0.019537,0.182989,201.781601,-0.866025,-0.500000
2012,8,0.000000,-175.000000,2.500000,-172.500000,1836.800000,1.912021,6.559778,0.362587,8.834386,,,,,,,,,,-0.866025,-0.500000
2012,8,5.000000,125.000000,7.500000,127.500000,3229.170000,15.628165,10.090828,0.055742,25.774735,29.011978,0.727209,20.371789,0.236033,131.317183,0.038247,0.110116,0.097011,200.057724,-0.866025,-0.500000
2012,8,5.000000,130.000000,7.500000,132.500000,8126.420000,8.476180,22.226392,0.271214,30.973787,29.163764,0.733786,29.196297,0.132072,131.430853,0.041230,0.012542,0.082737,199.997726,-0.866025,-0.500000
2012,8,5.000000,135.000000,7.500000,137.500000,15759.030000,11.934427,13.253925,0.086109,25.274462,29.461873,0.704806,26.866859,0.124979,132.127563,0.045896,0.006954,0.082523,199.325577,-0.866025,-0.500000
2012,8,5.000000,140.000000,7.500000,142.500000,2722.690000,4.364434,28.438787,4.129739,36.932960,29.481678,0.694323,25.771441,0.137289,0.344299,0.051909,0.000000,0.073966,198.352280,-0.866025,-0.500000
2012,8,5.000000,145.000000,7.500000,147.500000,1011.860000,9.151464,10.398672,0.100804,19.650940,29.509845,0.694221,23.528288,0.140515,0.489538,0.047918,0.000000,0.074535,198.278275,-0.866025,-0.500000
2012,8,5.000000,155.000000,7.500000,157.500000,2643.570000,5.206596,13.070204,0.219779,18.496578,29.638083,0.679113,16.949652,0.135492,125.745284,0.043465,0.003336,0.078895,199.199905,-0.866025,-0.500000
2012,8,5.000000,-155.000000,7.500000,-152.500000,1695.170000,3.648012,25.845195,0.000000,29.493207,,,,,,,,,,-0.866025,-0.500000
2012,8,5.000000,165.000000,7.500000,167.500000,6826.930000,5.029786,9.130312,0.599098,14.759196,29.151025,0.626162,19.049905,0.187598,130.199881,0.040712,0.041643,0.225810,202.822678,-0.866025,-0.500000
2012,8,5.000000,170.000000,7.500000,172.500000,4679.800000,4.528399,10.151075,0.606864,15.286337,28.838935,0.612834,20.909644,0.202847,129.231286,0.045623,0.030380,0.213481,203.090393,-0.866025,-0.500000
2012,8,-5.000000,120.000000,-2.500000,122.500000,16265.960000,19.327663,5.503333,0.000000,24.830997,27.443925,0.563645,21.314116,0.148587,130.092464,0.022818,0.377510,0.126579,202.919785,-0.866025,-0.500000
2012,8,-5.000000,125.000000,-2.500000,127.500000,24398.940000,19.327684,5.503313,0.000000,24.830997,27.314751,0.548048,22.200233,0.208626,127.580388,0.030895,0.388854,0.295801,202.507751,-0.866025,-0.500000
2012,8,-5.000000,130.000000,-2.500000,132.500000,8132.980000,19.327725,5.503272,0.000000,24.830997,27.548906,0.564398,19.406339,0.225415,131.599546,0.075037,0.476210,0.408573,202.122391,-0.866025,-0.500000
2012,8,-5.000000,140.000000,-2.500000,142.500000,6400.240000,12.146263,0.124370,0.523105,12.793739,29.161526,0.676105,17.057822,0.372387,129.732910,0.009462,0.135398,0.190796,202.464111,-0.866025,-0.500000
2012,8,-5.000000,145.000000,-2.500000,147.500000,1320.700000,27.794351,0.136291,0.000000,27.930643,28.989229,0.661395,20.383050,0.212116,124.629860,0.012235,0.049045,0.230002,202.415680,-0.866025,-0.500000
2012,8,-5.000000,150.000000,-2.500000,152.500000,2441.730000,21.547837,0.637663,0.079861,22.265361,28.967193,0.658008,21.257444,0.156816,129.877564,0.022503,0.126868,0.221955,201.390564,-0.866025,-0.500000
2012,8,-5.000000,155.000000,-2.500000,157.500000,1457.620000,16.389045,8.322471,0.854132,25.565648,29.407546,0.681964,18.245619,0.213897,0.456501,0.012733,0.000000,0.141132,202.060562,-0.866025,-0.500000
2012,8,-5.000000,-155.000000,-2.500000,-152.500000,3155.300000,4.401800,16.465946,0.899756,21.767502,,,,,,,,,,-0.866025,-0.500000
2012,8,-5.000000,160.000000,-2.500000,162.500000,19718.680000,25.225979,11.430583,0.519102,37.175663,29.644493,0.694264,23.207293,0.236123,0.298435,0.008109,0.000000,0.147827,202.216812,-0.866025,-0.500000
2012,8,-5.000000,-160.000000,-2.500000,-157.500000,2025.540000,4.947816,16.978682,1.217947,23.144445,,,,,,,,,,-0.866025,-0.500000
2012,8,-5.000000,165.000000,-2.500000,167.500000,10142.990000,20.660476,13.867410,1.712809,36.240694,29.687553,0.686874,26.961918,0.210108,0.241109,0.007801,0.000000,0.157692,202.247833,-0.866025,-0.500000
2012,8,-5.000000,-165.000000,-2.500000,-162.500000,1233.970000,2.290169,12.685884,1.245573,16.221626,,,,,,,,,,-0.866025,-0.500000
2012,8,-5.000000,170.000000,-2.500000,172.500000,17429.660000,21.192094,12.681429,2.021497,35.895020,29.492052,0.660034,36.994423,0.198363,131.369594,0.011494,0.009476,0.154263,201.569077,-0.866025,-0.500000
2012,8,-5.000000,-170.000000,-2.500000,-167.500000,3281.190000,1.934359,11.991381,0.814643,14.740384,,,,,,,,,,-0.866025,-0.500000
2012,8,-5.000000,175.000000,-2.500000,177.500000,3152.730000,7.616574,13.137503,1.164388,21.918464,29.255476,0.635315,38.366086,0.234854,92.665156,0.013409,0.001668,0.154963,201.576721,-0.866025,-0.500000
2012,8,-5.000000,-175.000000,-2.500000,-172.500000,2728.040000,7.359496,17.070498,0.698304,25.128297,,,,,,,,,,-0.866025,-0.500000
2012,8,-5.000000,-180.000000,-2.500000,-177.500000,2145.760000,7.690981,17.773656,0.391936,25.856573,,,,,,,,,,-0.866025,-0.500000
2012,8,10.000000,110.000000,12.500000,112.500000,13132.770000,19.759731,5.966297,0.000000,25.726027,28.390431,0.668542,16.676289,0.418727,2.218658,0.125269,0.189722,0.161007,202.537338,-0.866025,-0.500000
2012,8,10.000000,115.000000,12.500000,117.500000,13132.770000,19.759731,5.966297,0.000000,25.726027,28.593413,0.793046,27.470427,0.171228,129.371814,0.031635,0.048524,0.090196,202.024673,-0.866025,-0.500000
2012,8,10.000000,130.000000,12.500000,132.500000,3412.600000,3.400926,15.456250,9.695247,28.552423,29.191788,0.929324,30.433017,0.097054,0.378398,0.055554,0.000000,0.081280,199.181763,-0.866025,-0.500000
2012,8,10.000000,150.000000,12.500000,152.500000,2080.640000,1.473104,1.179925,0.335474,2.988504,29.691972,0.846442,18.936015,0.115363,0.419084,0.041312,0.000000,0.086985,198.593903,-0.866025,-0.500000
2012,8,10.000000,155.000000,12.500000,157.500000,1431.770000,2.097404,1.111212,2.377477,5.586093,29.623515,0.831605,20.999830,0.121958,0.327785,0.044794,0.000000,0.089807,198.747650,-0.866025,-0.500000
2012,8,10.000000,170.000000,12.500000,172.500000,1309.150000,5.589123,13.234541,0.853225,19.676890,28.696769,0.742344,29.860569,0.170952,57.907957,0.049534,0.003056,0.071116,200.183823,-0.866025,-0.500000
2012,8,10.000000,175.000000,12.500000,177.500000,1211.420000,7.468095,16.994932,0.744581,25.207608,28.259033,0.720952,34.241345,0.148410,0.771573,0.040517,0.001944,0.065375,201.348999,-0.866025,-0.500000
2012,8,-10.000000,-135.000000,-7.500000,-132.500000,5080.550000,4.544587,13.130862,2.404661,20.080109,,,,,,,,,,-0.866025,-0.500000
2012,8,-10.000000,-140.000000,-7.500000,-137.500000,5269.710000,5.970348,15.019233,1.403303,22.392883,,,,,,,,,,-0.866025,-0.500000
2012,8,-10.000000,145.000000,-7.500000,147.500000,3032.340000,34.205597,0.386500,1.238647,35.830745,26.887593,0.705378,28.411035,0.336314,127.575650,0.040586,0.327535,0.355535,203.594437,-0.866025,-0.500000
2012,8,-10.000000,-145.000000,-7.500000,-142.500000,1279.630000,4.287958,14.313512,1.196440,19.797910,,,,,,,,,,-0.866025,-0.500000
2012,8,-10.000000,150.000000,-7.500000,152.500000,1509.750000,29.820169,0.800795,1.286968,31.907932,27.706087,0.618179,28.271763,0.336412,128.195887,0.054686,0.127436,0.398842,201.247040,-0.866025,-0.500000
2012,8,-10.000000,-150.000000,-7.500000,-147.500000,2813.440000,4.516535,25.559102,7.784776,37.860413,,,,,,,,,,-0.866025,-0.500000
2012,8,-10.000000,155.000000,-7.500000,157.500000,4214.700000,21.294517,2.591644,4.615275,28.501435,28.602572,0.602047,27.916862,0.173133,129.445838,0.039012,0.143876,0.329668,200.082535,-0.866025,-0.500000
2012,8,-10.000000,-155.000000,-7.500000,-152.500000,11068.830000,4.948310,21.800136,4.851732,31.600178,,,,,,,,,,-0.866025,-0.500000
2012,8,-10.000000,160.000000,-7.500000,162.500000,12913.060000,19.596827,3.157501,6.138049,28.892377,29.121584,0.663032,31.433064,0.203508,128.969900,0.027475,0.033685,0.123403,199.212814,-0.866025,-0.500000
2012,8,-10.000000,-160.000000,-7.500000,-157.500000,9143.340000,4.410205,19.440598,5.712792,29.563595,,,,,,,,,,-0.866025,-0.500000
2012,8,-10.000000,165.000000,-7.500000,167.500000,14343.500000,10.049988,3.933071,11.939624,25.922683,29.134651,0.666245,33.481689,0.183110,0.518533,0.031300,0.000000,0.107670,198.891937,-0.866025,-0.500000
2012,8,-10.000000,-165.000000,-7.500000,-162.500000,6622.280000,3.313058,12.642172,7.283896,23.239126,,,,,,,,,,-0.866025,-0.500000
2012,8,-10.000000,170.000000,-7.500000,172.500000,9428.750000,10.961792,5.708074,8.897998,25.567864,29.027921,0.653675,35.146177,0.152485,0.321484,0.022248,0.000000,0.108563,198.917740,-0.866025,-0.500000
2012,8,-10.000000,-170.000000,-7.500000,-167.500000,3530.880000,6.022295,11.651770,12.624898,30.298962,,,,,,,,,,-0.866025,-0.500000
2012,8,-10.000000,175.000000,-7.500000,177.500000,4218.500000,7.037573,9.773616,10.410810,27.221998,29.065154,0.643747,35.695552,0.113746,0.520223,0.010513,0.000000,0.122897,199.116196,-0.866025,-0.500000
2012,8,-10.000000,-175.000000,-7.500000,-172.500000,1852.460000,8.229058,12.120640,7.354545,27.704242,,,,,,,,,,-0.866025,-0.500000
2012,8,-10.000000,-180.000000,-7.500000,-177.500000,9865.070000,8.118544,13.800814,9.299782,31.219140,,,,,,,,,,-0.866025,-0.500000
2012,8,15.000000,110.000000,17.500000,112.500000,13132.770000,19.759731,5.966297,0.000000,25.726027,29.217480,0.676625,13.498697,0.190471,127.648702,0.067656,0.161523,0.096020,200.432648,-0.866025,-0.500000
2012,8,15.000000,115.000000,17.500000,117.500000,13132.770000,19.759731,5.966297,0.000000,25.726027,28.774448,0.752406,18.285519,0.175436,129.220171,0.047026,0.024234,0.080120,200.361374,-0.866025,-0.500000
2012,8,15.000000,125.000000,17.500000,127.500000,1829.660000,6.038827,1.199130,0.716527,7.954483,29.118643,1.086474,24.711135,0.211139,0.545565,0.091460,0.000000,0.085490,199.640335,-0.866025,-0.500000
2012,8,15.000000,130.000000,17.500000,132.500000,2345.800000,1.246483,1.227726,10.589991,13.064200,29.208885,1.022885,26.020337,0.202145,0.603922,0.086680,0.001944,0.084176,199.282089,-0.866025,-0.500000
2012,8,15.000000,135.000000,17.500000,137.500000,2433.840000,0.507018,0.449495,16.804309,17.760822,29.209773,1.039649,25.790897,0.130089,0.628548,0.040434,0.001667,0.085081,199.153610,-0.866025,-0.500000
2012,8,15.000000,140.000000,17.500000,142.500000,1090.600000,0.250321,0.183385,13.987713,14.421419,29.242106,1.002873,24.969398,0.184920,0.482625,0.086014,0.000000,0.089495,198.874954,-0.866025,-0.500000
2012,8,15.000000,150.000000,17.500000,152.500000,10630.660000,1.137841,0.555093,8.234202,9.927135,29.440618,0.988787,23.605644,0.147746,0.595261,0.045628,0.000556,0.082378,198.364975,-0.866025,-0.500000
2012,8,15.000000,155.000000,17.500000,157.500000,4862.120000,0.959869,0.503278,5.694224,7.157372,29.374647,0.916719,25.388816,0.117279,0.603677,0.049660,0.002222,0.077324,198.663666,-0.866025,-0.500000
2012,8,15.000000,160.000000,17.500000,162.500000,4660.430000,2.102596,1.836955,17.244117,21.183668,29.333999,0.854550,24.198000,0.107918,0.778977,0.036020,0.010833,0.075914,198.928528,-0.866025,-0.500000
2012,8,15.000000,-160.000000,17.500000,-157.500000,1316.880000,5.379382,4.187170,1.199806,10.766357,,,,,,,,,,-0.866025,-0.500000
2012,8,15.000000,170.000000,17.500000,172.500000,2916.560000,1.866925,1.584401,21.515073,24.966399,28.717939,0.907581,28.452874,0.140972,0.804848,0.037518,0.003056,0.071518,200.483521,-0.866025,-0.500000
2012,8,-15.000000,-135.000000,-12.500000,-132.500000,4781.770000,2.981950,14.663399,7.920080,25.565429,,,,,,,,,,-0.866025,-0.500000
2012,8,-15.000000,145.000000,-12.500000,147.500000,2138.740000,22.236457,0.522270,12.923965,35.682692,25.452886,0.686242,45.828330,0.174870,115.062129,0.039337,0.049591,0.159584,207.964890,-0.866025,-0.500000
2012,8,-15.000000,150.000000,-12.500000,152.500000,4619.180000,32.298373,0.260869,7.833208,40.392451,26.461461,0.767789,48.303987,0.248241,121.087635,0.046233,0.263975,0.289935,204.927628,-0.866025,-0.500000
2012,8,-15.000000,-150.000000,-12.500000,-147.500000,1318.610000,3.432402,14.554721,9.723876,27.710999,,,,,,,,,,-0.866025,-0.500000
2012,8,-15.000000,155.000000,-12.500000,157.500000,1785.520000,14.160581,3.715444,17.733209,35.609234,27.234891,0.730267,52.457251,0.303934,1.627641,0.092087,0.156111,0.203130,203.715485,-0.866025,-0.500000
2012,8,-15.000000,-155.000000,-12.500000,-152.500000,4827.980000,3.270726,18.875596,13.288373,35.434695,,,,,,,,,,-0.866025,-0.500000
2012,8,-15.000000,160.000000,-12.500000,162.500000,12733.440000,6.870885,1.555982,13.784885,22.211751,27.623296,0.784230,44.950326,0.206305,127.799585,0.053696,0.256677,0.073850,202.792206,-0.866025,-0.500000
2012,8,-15.000000,-160.000000,-12.500000,-157.500000,35144.710000,1.651685,2.017857,30.551682,34.221224,,,,,,,,,,-0.866025,-0.500000
2012,8,-15.000000,165.000000,-12.500000,167.500000,6994.750000,10.895314,1.553880,18.822545,31.271740,28.007739,0.818465,48.611464,0.163683,121.251027,0.034357,0.096873,0.061447,201.924545,-0.866025,-0.500000
2012,8,-15.000000,-165.000000,-12.500000,-162.500000,13162.560000,2.251462,3.496280,34.507877,40.255619,,,,,,,,,,-0.866025,-0.500000
2012,8,-15.000000,170.000000,-12.500000,172.500000,2520.190000,4.721866,1.051905,22.378471,28.152242,28.152851,0.804401,57.743354,0.172763,1.242630,0.046692,0.061944,0.059345,201.277069,-0.866025,-0.500000
2012,8,-15.000000,-170.000000,-12.500000,-167.500000,16141.290000,2.445653,2.803493,40.842584,46.091731,,,,,,,,,,-0.866025,-0.500000
2012,8,-15.000000,175.000000,-12.500000,177.500000,2098.950000,5.093976,1.388313,21.402606,27.884895,28.046764,0.756886,51.707471,0.182890,1.076015,0.047800,0.030833,0.071097,201.372269,-0.866025,-0.500000
2012,8,-15.000000,-175.000000,-12.500000,-172.500000,11056.420000,2.483715,1.163035,37.241530,40.888280,,,,,,,,,,-0.866025,-0.500000
2012,8,20.000000,145.000000,22.500000,147.500000,4068.560000,1.111941,0.121910,0.855831,2.089683,28.628166,0.858264,15.784937,0.251035,0.928134,0.107516,0.036667,0.083134,200.079514,-0.866025,-0.500000
2012,8,20.000000,150.000000,22.500000,152.500000,3345.650000,0.418155,0.194282,0.926576,1.539013,28.736366,0.839828,17.989603,0.173519,1.025265,0.075178,0.041111,0.083543,200.140564,-0.866025,-0.500000
2012,8,20.000000,155.000000,22.500000,157.500000,3942.740000,0.468710,0.168411,0.058335,0.695455,28.554197,0.790171,18.869977,0.147468,1.175686,0.066011,0.041389,0.083262,200.801544,-0.866025,-0.500000
2012,8,20.000000,160.000000,22.500000,162.500000,2079.970000,0.603374,0.313466,0.110579,1.027419,28.458468,0.812100,19.775614,0.142830,1.073056,0.058782,0.030833,0.080099,201.352539,-0.866025,-0.500000
2012,8,20.000000,170.000000,22.500000,172.500000,2296.040000,1.907197,0.742147,10.606087,13.255431,28.293734,0.827571,22.062467,0.138387,1.137787,0.051795,0.057500,0.079743,202.072281,-0.866025,-0.500000
2012,8,-20.000000,-135.000000,-17.500000,-132.500000,2937.190000,2.723351,13.541514,8.876852,25.141717,,,,,,,,,,-0.866025,-0.500000
2012,8,-20.000000,-145.000000,-17.500000,-142.500000,1232.130000,4.690252,5.970149,17.018496,27.678898,,,,,,,,,,-0.866025,-0.500000
2012,8,-20.000000,-150.000000,-17.500000,-147.500000,5984.960000,2.443960,2.801188,26.810371,32.055519,,,,,,,,,,-0.866025,-0.500000
2012,8,-20.000000,-155.000000,-17.500000,-152.500000,6855.050000,3.515510,4.343951,27.563475,35.422936,,,,,,,,,,-0.866025,-0.500000
2012,8,-20.000000,160.000000,-17.500000,162.500000,1408.980000,19.483598,0.784965,21.019461,41.288024,25.033779,0.774930,48.634923,0.120460,48.524946,0.033336,0.384829,0.102855,214.803314,-0.866025,-0.500000
2012,8,-20.000000,-160.000000,-17.500000,-157.500000,1696.060000,1.330731,1.903235,25.560416,28.794382,,,,,,,,,,-0.866025,-0.500000
2012,8,-20.000000,165.000000,-17.500000,167.500000,15424.710000,7.216473,1.182064,14.922485,23.321022,25.426001,0.821965,47.464415,0.102644,120.184436,0.033571,0.486680,0.085462,213.153061,-0.866025,-0.500000
2012,8,-20.000000,-165.000000,-17.500000,-162.500000,2113.660000,2.614422,4.975729,35.416765,43.006917,,,,,,,,,,-0.866025,-0.500000
2012,8,-20.000000,170.000000,-17.500000,172.500000,8013.470000,5.504856,1.302058,26.964099,33.771013,25.880521,0.830397,45.676801,0.130203,2.235359,0.039964,0.470833,0.079895,213.239944,-0.866025,-0.500000
2012,8,-20.000000,-170.000000,-17.500000,-167.500000,1944.970000,5.946107,2.002602,24.497550,32.446259,,,,,,,,,,-0.866025,-0.500000
2012,8,-20.000000,175.000000,-17.500000,177.500000,10125.860000,6.938571,1.352774,10.792170,19.083515,26.033088,0.831011,43.936797,0.097361,119.494759,0.021612,0.365345,0.098943,212.856644,-0.866025,-0.500000
2012,8,-20.000000,-175.000000,-17.500000,-172.500000,2394.350000,2.747301,1.168167,17.061833,20.977301,,,,,,,,,,-0.866025,-0.500000
2012,8,-20.000000,-180.000000,-17.500000,-177.500000,5816.320000,7.175499,1.620268,14.213455,23.009222,,,,,,,,,,-0.866025,-0.500000
2012,8,25.000000,145.000000,27.500000,147.500000,6297.040000,0.657293,0.220580,0.054946,0.932819,27.963848,0.944031,14.605608,0.188933,1.040865,0.116083,0.031389,0.090219,203.464355,-0.866025,-0.500000
2012,8,25.000000,150.000000,27.500000,152.500000,4607.350000,0.999707,0.308637,0.000000,1.308344,27.955972,0.864108,14.689449,0.128893,1.607760,0.063232,0.110556,0.088345,203.423004,-0.866025,-0.500000
2012,8,25.000000,155.000000,27.500000,157.500000,7086.770000,0.461423,0.993683,0.042332,1.497438,27.703728,0.818933,16.377081,0.119307,1.599389,0.051555,0.117222,0.090251,204.647034,-0.866025,-0.500000
2012,8,25.000000,-155.000000,27.500000,-152.500000,8151.680000,0.256144,10.890148,0.040728,11.187019,,,,,,,,,,-0.866025,-0.500000
2012,8,25.000000,160.000000,27.500000,162.500000,3532.910000,0.251068,0.490814,0.000000,0.741881,27.183519,0.792011,16.089995,0.152503,1.508413,0.102187,0.168333,0.084364,205.334198,-0.866025,-0.500000
2012,8,25.000000,-160.000000,27.500000,-157.500000,1649.680000,0.280660,7.694826,0.121842,8.097328,,,,,,,,,,-0.866025,-0.500000
2012,8,-25.000000,155.000000,-22.500000,157.500000,1735.950000,14.983150,3.321524,52.079841,70.384516,22.321324,0.666803,54.161072,0.142653,46.150583,0.051688,0.479578,0.410471,219.896545,-0.866025,-0.500000
2012,8,-25.000000,160.000000,-22.500000,162.500000,1884.820000,10.812173,1.212848,42.084655,54.109676,22.165970,0.629685,53.473576,0.124819,108.466717,0.067598,0.389811,0.352265,222.480972,-0.866025,-0.500000
2012,8,-25.000000,165.000000,-22.500000,167.500000,2779.180000,16.430746,0.862844,15.285804,32.579394,22.700992,0.685176,45.222342,0.118000,108.152820,0.066534,0.443801,0.304735,222.154572,-0.866025,-0.500000
2012,8,-25.000000,170.000000,-22.500000,172.500000,6447.450000,4.356141,0.692987,10.620788,15.669916,22.704456,0.667203,42.690946,0.146026,2.791180,0.070967,0.461111,0.229120,223.351089,-0.866025,-0.500000
2012,8,-25.000000,175.000000,-22.500000,177.500000,9454.590000,3.506868,2.234999,17.718695,23.460563,22.902613,0.681769,35.739168,0.121458,2.718749,0.064033,0.535833,0.126713,222.706207,-0.866025,-0.500000
2012,8,-25.000000,-180.000000,-22.500000,-177.500000,2346.220000,5.520369,1.859587,12.984290,20.364245,,,,,,,,,,-0.866025,-0.500000
2012,8,30.000000,145.000000,32.500000,147.500000,4783.210000,0.225581,0.149063,0.010453,0.385097,27.606924,1.049844,12.239618,0.235730,1.086558,0.148129,0.075000,0.115164,207.254486,-0.866025,-0.500000
2012,8,30.000000,150.000000,32.500000,152.500000,3027.390000,0.205127,0.222304,0.000000,0.427431,27.264515,0.973801,12.059898,0.384174,1.857726,0.245399,0.144444,0.110992,208.323502,-0.866025,-0.500000
2012,8,30.000000,155.000000,32.500000,157.500000,2627.780000,0.150317,0.422029,0.021691,0.594038,26.818323,0.870964,13.225239,0.288364,2.117567,0.169792,0.098611,0.098802,210.320526,-0.866025,-0.500000
2012,8,30.000000,-155.000000,32.500000,-152.500000,5364.370000,0.337411,17.160449,0.039334,17.537194,,,,,,,,,,-0.866025,-0.500000
2012,8,30.000000,-160.000000,32.500000,-157.500000,2137.250000,0.508597,11.429173,1.435490,13.373260,,,,,,,,,,-0.866025,-0.500000
2012,8,30.000000,-165.000000,32.500000,-162.500000,1521.340000,0.363495,10.204819,0.840049,11.408364,,,,,,,,,,-0.866025,-0.500000
2012,8,-30.000000,-135.000000,-27.500000,-132.500000,6175.450000,0.534860,0.701811,40.981467,42.218138,,,,,,,,,,-0.866025,-0.500000
2012,8,-30.000000,-140.000000,-27.500000,-137.500000,1102.510000,0.559632,1.031283,63.256569,64.847484,,,,,,,,,,-0.866025,-0.500000
2012,8,-30.000000,150.000000,-27.500000,152.500000,1895.840000,36.916090,5.906617,10.467655,53.290362,21.205776,0.522780,47.796597,0.302113,92.818606,0.129112,0.846531,0.509609,221.872330,-0.866025,-0.500000
2012,8,-30.000000,155.000000,-27.500000,157.500000,1564.110000,15.402369,7.214966,36.258319,58.875655,20.456769,0.577626,62.730714,0.214610,3.088439,0.133001,0.419444,0.406481,227.446869,-0.866025,-0.500000
2012,8,-30.000000,160.000000,-27.500000,162.500000,5451.730000,3.598307,4.941000,39.011103,47.550411,20.326605,0.586694,80.945645,0.162013,3.269390,0.080207,0.391667,0.369306,228.891968,-0.866025,-0.500000
2012,8,-30.000000,165.000000,-27.500000,167.500000,4358.680000,1.558958,0.827774,18.788028,21.174759,19.829936,0.504207,72.042447,0.140155,81.821611,0.059088,0.478720,0.339856,231.488220,-0.866025,-0.500000
2012,8,-30.000000,-165.000000,-27.500000,-162.500000,1279.930000,0.535186,0.658630,38.132554,39.326369,,,,,,,,,,-0.866025,-0.500000
2012,8,-30.000000,170.000000,-27.500000,172.500000,6558.170000,0.780858,1.758417,39.273303,41.812579,19.890764,0.525453,71.015303,0.125235,2.838363,0.080675,0.405833,0.305074,232.598557,-0.866025,-0.500000
2012,8,-30.000000,-170.000000,-27.500000,-167.500000,16081.630000,0.303327,1.121963,20.939979,22.365270,,,,,,,,,,-0.866025,-0.500000
2012,8,-30.000000,175.000000,-27.500000,177.500000,6502.840000,0.533152,2.555345,25.701078,28.789575,19.666353,0.503795,60.188014,0.148265,2.405459,0.075885,0.523611,0.137527,233.098145,-0.866025,-0.500000
2012,8,-30.000000,-175.000000,-27.500000,-172.500000,4136.610000,0.849488,1.834836,23.793396,26.477720,,,,,,,,,,-0.866025,-0.500000
2012,8,-30.000000,-180.000000,-27.500000,-177.500000,1983.000000,0.363086,2.320222,32.626828,35.310136,,,,,,,,,,-0.866025,-0.500000
2012,8,35.000000,145.000000,37.500000,147.500000,3825.260000,0.013855,0.252009,0.000000,0.265864,25.479850,0.331069,10.737429,0.417182,6.992674,0.469632,0.580000,0.128444,211.852188,-0.866025,-0.500000
2012,8,35.000000,150.000000,37.500000,152.500000,5906.510000,0.055701,6.497576,0.000000,6.553278,25.545184,0.293562,10.727850,0.399343,4.618270,0.350026,0.548889,0.119360,215.298264,-0.866025,-0.500000
2012,8,35.000000,155.000000,37.500000,157.500000,13318.850000,0.231777,7.137403,0.019296,7.388476,25.223023,0.355141,11.511370,0.375877,4.112777,0.233888,0.493333,0.104712,216.318054,-0.866025,-0.500000
2012,8,35.000000,160.000000,37.500000,162.500000,8699.830000,0.154141,7.290947,0.052415,7.497503,24.240877,0.401240,11.355048,0.352149,2.860380,0.268122,0.420833,0.097015,218.980316,-0.866025,-0.500000
2012,8,35.000000,165.000000,37.500000,167.500000,10130.080000,0.004047,10.933082,0.059328,10.996458,24.293444,0.367825,11.705460,0.234963,2.800226,0.110099,0.235556,0.094884,219.820663,-0.866025,-0.500000
2012,8,35.000000,170.000000,37.500000,172.500000,1692.770000,0.000000,1.756884,0.223893,1.980777,23.949615,0.467178,12.177776,0.246750,2.978271,0.195433,0.448611,0.134473,223.087006,-0.866025,-0.500000
2012,8,-35.000000,150.000000,-32.500000,152.500000,1334.380000,15.245282,11.193963,8.896266,35.335512,18.484211,0.422056,94.759976,0.355410,85.842575,0.183040,0.512325,0.498339,224.513214,-0.866025,-0.500000
2012,8,-35.000000,170.000000,-32.500000,172.500000,2812.700000,0.018488,8.969673,7.671988,16.660149,17.240598,0.375843,99.146736,0.133300,68.896699,0.077144,0.342267,0.411818,236.479523,-0.866025,-0.500000
2012,8,-35.000000,175.000000,-32.500000,177.500000,7075.130000,0.066571,18.823682,8.987962,27.878216,17.224417,0.385768,87.881274,0.125690,2.828813,0.064536,0.405000,0.393338,238.226288,-0.866025,-0.500000
2012,8,-35.000000,-175.000000,-32.500000,-172.500000,2206.500000,0.246998,1.752096,16.930886,18.929980,,,,,,,,,,-0.866025,-0.500000
2012,8,40.000000,150.000000,42.500000,152.500000,2939.850000,0.000000,0.012246,0.000000,0.012246,18.020961,-0.047787,10.529904,0.134481,8.435923,0.131272,0.808333,0.315224,247.012024,-0.866025,-0.500000
2012,8,40.000000,165.000000,42.500000,167.500000,2156.990000,0.000000,0.709785,0.000000,0.709785,18.744098,0.049592,10.776213,0.146043,5.958399,0.170539,0.762778,0.317018,250.134811,-0.866025,-0.500000
2012,8,40.000000,170.000000,42.500000,172.500000,3258.730000,0.011354,0.063829,0.007058,0.082241,19.122382,0.089889,10.781173,0.137018,6.267039,0.137174,0.745556,0.301477,246.639801,-0.866025,-0.500000
2012,9,0.000000,120.000000,2.500000,122.500000,14341.380000,16.547431,5.113734,0.000000,21.661165,29.407338,0.631665,13.826628,0.222527,134.383691,0.030737,0.121664,0.105509,200.998749,-1.000000,-0.000000
2012,9,0.000000,125.000000,2.500000,127.500000,19002.960000,16.624147,5.036952,0.000000,21.661099,28.956804,0.619609,19.327421,0.294586,131.345877,0.027260,0.176044,0.116456,200.904755,-1.000000,-0.000000
2012,9,0.000000,130.000000,2.500000,132.500000,6283.080000,14.845267,5.248063,0.029285,20.122615,29.204938,0.645177,23.612203,0.288248,116.788351,0.012047,0.007224,0.105795,200.498581,-1.000000,-0.000000
2012,9,0.000000,135.000000,2.500000,137.500000,38812.430000,21.261307,3.084605,0.010100,24.356012,29.356380,0.637657,20.631446,0.239736,0.349714,0.023685,0.000000,0.089935,200.029022,-1.000000,-0.000000
2012,9,0.000000,140.000000,2.500000,142.500000,14512.630000,25.611967,8.261287,3.192461,37.065714,29.345136,0.647774,16.331133,0.259920,0.614532,0.025110,0.001389,0.090585,200.081741,-1.000000,-0.000000
2012,9,0.000000,145.000000,2.500000,147.500000,4089.230000,9.143286,13.877185,0.018585,23.039056,29.406856,0.636819,16.225378,0.325134,0.264805,0.032184,0.000000,0.072161,199.142853,-1.000000,-0.000000
2012,9,0.000000,150.000000,2.500000,152.500000,3945.230000,12.785566,16.344041,0.041062,29.170669,29.577276,0.661406,15.393325,0.246691,0.434581,0.025631,0.000000,0.073354,199.041031,-1.000000,-0.000000
2012,9,0.000000,155.000000,2.500000,157.500000,9724.030000,10.907515,12.387354,0.415671,23.710540,29.839622,0.679454,14.832505,0.227342,0.545652,0.027082,0.000000,0.068010,199.471802,-1.000000,-0.000000
2012,9,0.000000,-155.000000,2.500000,-152.500000,5732.280000,2.622517,29.205133,0.114614,31.942264,,,,,,,,,,-1.000000,-0.000000
2012,9,0.000000,160.000000,2.500000,162.500000,12244.810000,10.355571,10.189868,1.108551,21.653991,29.973186,0.688234,14.759133,0.265625,0.534281,0.022463,0.000000,0.088632,200.834061,-1.000000,-0.000000
2012,9,0.000000,-160.000000,2.500000,-157.500000,6036.970000,9.130574,36.156217,0.127713,45.414504,,,,,,,,,,-1.000000,-0.000000
2012,9,0.000000,165.000000,2.500000,167.500000,13129.860000,6.660696,9.415409,0.457431,16.533535,29.896020,0.681496,16.544841,0.290655,94.009893,0.021440,0.002779,0.115396,199.796753,-1.000000,-0.000000
2012,9,0.000000,-165.000000,2.500000,-162.500000,1493.310000,15.225238,18.395377,1.325244,34.945859,,,,,,,,,,-1.000000,-0.000000
2012,9,0.000000,170.000000,2.500000,172.500000,2227.190000,5.367301,8.367045,0.915054,14.649401,29.673825,0.657495,23.321534,0.275105,132.623815,0.022525,0.019537,0.182927,200.089279,-1.000000,-0.000000
2012,9,0.000000,-170.000000,2.500000,-167.500000,1393.330000,2.397853,12.350986,0.390432,15.139271,,,,,,,,,,-1.000000,-0.000000
2012,9,5.000000,125.000000,7.500000,127.500000,5011.240000,14.380074,8.647560,0.214518,23.242152,29.202329,0.686260,22.407673,0.272427,131.775109,0.056885,0.091874,0.098856,200.136597,-1.000000,-0.000000
2012,9,5.000000,130.000000,7.500000,132.500000,6119.790000,3.842779,27.308290,0.229093,31.380162,29.212380,0.651835,28.739115,0.119824,130.968331,0.029992,0.007804,0.083486,199.923767,-1.000000,-0.000000
2012,9,5.000000,135.000000,7.500000,137.500000,12201.930000,11.953847,8.910230,0.149894,21.013971,29.382528,0.663020,24.156272,0.106828,132.681465,0.041656,0.006954,0.082437,199.248291,-1.000000,-0.000000
2012,9,5.000000,140.000000,7.500000,142.500000,2326.490000,3.182477,22.183203,1.152380,26.518059,29.701560,0.669027,19.852588,0.133896,0.396906,0.045838,0.000000,0.081591,198.739716,-1.000000,-0.000000
2012,9,5.000000,155.000000,7.500000,157.500000,1850.160000,3.507264,12.114628,0.183768,15.805660,29.849214,0.659082,15.898006,0.149079,126.460014,0.041655,0.003336,0.072122,198.197617,-1.000000,-0.000000
2012,9,5.000000,-155.000000,7.500000,-152.500000,1054.080000,3.426685,18.706360,0.275121,22.408166,,,,,,,,,,-1.000000,-0.000000
2012,9,5.000000,-160.000000,7.500000,-157.500000,1479.530000,3.853251,33.115246,0.031767,37.000264,,,,,,,,,,-1.000000,-0.000000
2012,9,5.000000,165.000000,7.500000,167.500000,6246.180000,4.345696,6.484603,0.401045,11.231345,29.422268,0.620551,18.517777,0.165657,131.466877,0.027898,0.041643,0.226717,202.170242,-1.000000,-0.000000
2012,9,5.000000,170.000000,7.500000,172.500000,3148.520000,5.110655,6.823206,0.352864,12.286725,29.048575,0.593801,21.730124,0.196936,130.383640,0.040736,0.027848,0.201724,201.851028,-1.000000,-0.000000
2012,9,5.000000,-175.000000,7.500000,-172.500000,1832.560000,1.336382,0.554416,0.733946,2.624744,,,,,,,,,,-1.000000,-0.000000
2012,9,-5.000000,120.000000,-2.500000,122.500000,18646.330000,16.860315,4.800784,0.000000,21.661099,28.077504,0.553250,15.746878,0.130820,132.041451,0.017679,0.386345,0.112977,202.772980,-1.000000,-0.000000
2012,9,-5.000000,125.000000,-2.500000,127.500000,27969.490000,16.860336,4.800767,0.000000,21.661103,28.051793,0.550703,15.980031,0.213688,129.340371,0.027775,0.285139,0.132090,201.967621,-1.000000,-0.000000
2012,9,-5.000000,130.000000,-2.500000,132.500000,9323.160000,16.860378,4.800733,0.000000,21.661111,28.131009,0.574433,15.699987,0.183505,131.459671,0.056364,0.427803,0.227721,202.157120,-1.000000,-0.000000
2012,9,-5.000000,140.000000,-2.500000,142.500000,4165.340000,7.922523,0.241757,0.031210,8.195489,29.120507,0.657118,15.713387,0.185573,128.444167,0.008081,0.152655,0.136976,202.080643,-1.000000,-0.000000
2012,9,-5.000000,145.000000,-2.500000,147.500000,1741.860000,32.774161,0.200935,0.000000,32.975096,29.136743,0.652225,16.193912,0.127011,124.745716,0.014058,0.066153,0.119037,201.595596,-1.000000,-0.000000
2012,9,-5.000000,150.000000,-2.500000,152.500000,1144.820000,9.215423,0.000000,0.000000,9.215423,29.366660,0.668776,14.990330,0.178791,131.417090,0.020922,0.086141,0.102405,200.942551,-1.000000,-0.000000
2012,9,-5.000000,155.000000,-2.500000,157.500000,1692.680000,7.790013,6.789234,1.620507,16.199754,29.840833,0.701083,13.968068,0.223444,0.543892,0.016282,0.000000,0.087797,202.065704,-1.000000,-0.000000
2012,9,-5.000000,-155.000000,-2.500000,-152.500000,4143.300000,4.564960,16.251056,0.908696,21.724712,,,,,,,,,,-1.000000,-0.000000
2012,9,-5.000000,160.000000,-2.500000,162.500000,15212.960000,12.594327,9.937842,1.873468,24.405638,30.026413,0.716458,15.192708,0.260911,0.349973,0.016111,0.000000,0.120298,201.648880,-1.000000,-0.000000
2012,9,-5.000000,-160.000000,-2.500000,-157.500000,4158.400000,3.940698,16.965179,4.184302,25.090179,,,,,,,,,,-1.000000,-0.000000
2012,9,-5.000000,165.000000,-2.500000,167.500000,4863.730000,19.342357,8.926688,1.787517,30.056562,29.924921,0.707555,19.742679,0.292221,0.364121,0.020458,0.000000,0.149623,200.981674,-1.000000,-0.000000
2012,9,-5.000000,170.000000,-2.500000,172.500000,11347.520000,12.972438,11.072728,3.323634,27.368800,29.510414,0.687329,27.285786,0.387219,131.934959,0.030839,0.016165,0.160806,201.102356,-1.000000,-0.000000
2012,9,-5.000000,-170.000000,-2.500000,-167.500000,1149.810000,5.776607,13.472661,2.515198,21.764465,,,,,,,,,,-1.000000,-0.000000
2012,9,-5.000000,175.000000,-2.500000,177.500000,2999.780000,8.734974,13.542660,1.502777,23.780411,29.218502,0.675895,33.574815,0.414139,92.770405,0.034388,0.001668,0.157819,200.714401,-1.000000,-0.000000
2012,9,-5.000000,-175.000000,-2.500000,-172.500000,6401.010000,7.683475,18.002628,3.101073,28.787176,,,,,,,,,,-1.000000,-0.000000
2012,9,-5.000000,-180.000000,-2.500000,-177.500000,4907.880000,12.488692,18.240870,4.846492,35.576053,,,,,,,,,,-1.000000,-0.000000
2012,9,10.000000,110.000000,12.500000,112.500000,15156.620000,17.121232,5.169622,0.000000,22.290854,28.816889,0.663307,11.999921,0.403939,2.291753,0.109074,0.074167,0.127995,202.432266,-1.000000,-0.000000
2012,9,10.000000,115.000000,12.500000,117.500000,15156.620000,17.121232,5.169622,0.000000,22.290854,28.813157,0.784398,17.530477,0.139534,130.850762,0.029479,0.041714,0.095292,202.111679,-1.000000,-0.000000
2012,9,10.000000,130.000000,12.500000,132.500000,1388.150000,1.801678,4.256024,5.645643,11.703346,29.405482,0.868460,21.473757,0.126627,0.457731,0.079905,0.000000,0.089803,199.323685,-1.000000,-0.000000
2012,9,-10.000000,-135.000000,-7.500000,-132.500000,11752.960000,5.701117,14.757984,2.156648,22.615750,,,,,,,,,,-1.000000,-0.000000
2012,9,-10.000000,-140.000000,-7.500000,-137.500000,9469.950000,4.889466,11.187599,1.726831,17.803895,,,,,,,,,,-1.000000,-0.000000
2012,9,-10.000000,145.000000,-7.500000,147.500000,2716.930000,27.833621,0.263165,2.405656,30.502442,27.059875,0.686064,20.604242,0.320930,128.676405,0.044221,0.323559,0.214214,204.823944,-1.000000,-0.000000
2012,9,-10.000000,150.000000,-7.500000,152.500000,2456.800000,29.989824,0.468089,0.625611,31.083523,27.862824,0.585976,16.323285,0.409112,129.407359,0.065096,0.266267,0.244349,202.315933,-1.000000,-0.000000
2012,9,-10.000000,-150.000000,-7.500000,-147.500000,7828.700000,5.000575,22.871869,2.744389,30.616833,,,,,,,,,,-1.000000,-0.000000
2012,9,-10.000000,155.000000,-7.500000,157.500000,1943.850000,40.245904,3.926743,5.008102,49.180750,28.957567,0.633589,15.611298,0.172774,131.046303,0.029037,0.150713,0.210394,200.265045,-1.000000,-0.000000
2012,9,-10.000000,-155.000000,-7.500000,-152.500000,20286.840000,5.017736,17.908161,2.464307,25.390204,,,,,,,,,,-1.000000,-0.000000
2012,9,-10.000000,160.000000,-7.500000,162.500000,3901.110000,26.473491,4.965510,4.389007,35.828008,29.486692,0.677289,17.976954,0.178537,129.673501,0.023939,0.046532,0.116977,199.261337,-1.000000,-0.000000
2012,9,-10.000000,-160.000000,-7.500000,-157.500000,10117.740000,6.710590,18.503144,4.881821,30.095555,,,,,,,,,,-1.000000,-0.000000
2012,9,-10.000000,165.000000,-7.500000,167.500000,7055.190000,11.996275,2.530478,11.855669,26.382422,29.436707,0.694440,21.837393,0.132446,0.713473,0.023187,0.009444,0.115381,199.310333,-1.000000,-0.000000
2012,9,-10.000000,-165.000000,-7.500000,-162.500000,5758.650000,11.617827,11.135596,17.893430,40.646853,,,,,,,,,,-1.000000,-0.000000
2012,9,-10.000000,170.000000,-7.500000,172.500000,11600.620000,6.614819,5.514102,9.069257,21.198177,29.329717,0.686228,23.819655,0.111272,0.520167,0.030253,0.000000,0.122854,199.459671,-1.000000,-0.000000
2012,9,-10.000000,-170.000000,-7.500000,-167.500000,10604.890000,12.445391,11.144481,16.207712,39.797584,,,,,,,,,,-1.000000,-0.000000
2012,9,-10.000000,175.000000,-7.500000,177.500000,3285.410000,5.908547,6.088433,13.806800,25.803781,29.318644,0.681899,25.803020,0.087421,0.427603,0.019463,0.000000,0.142063,199.518921,-1.000000,-0.000000
2012,9,-10.000000,-175.000000,-7.500000,-172.500000,7554.150000,8.252947,15.241953,10.107027,33.601927,,,,,,,,,,-1.000000,-0.000000
2012,9,-10.000000,-180.000000,-7.500000,-177.500000,6664.670000,7.302537,8.556763,10.097724,25.957024,,,,,,,,,,-1.000000,-0.000000
2012,9,15.000000,110.000000,17.500000,112.500000,15156.620000,17.121232,5.169622,0.000000,22.290854,29.153889,0.692676,14.547876,0.154219,128.980749,0.043669,0.107009,0.090749,200.584396,-1.000000,-0.000000
2012,9,15.000000,115.000000,17.500000,117.500000,16507.730000,16.559636,4.866750,0.032106,21.458492,29.147556,0.728362,13.808946,0.151051,132.169966,0.054556,0.068802,0.084203,200.758087,-1.000000,-0.000000
2012,9,15.000000,120.000000,17.500000,122.500000,2108.940000,12.898423,0.440980,1.763445,15.102848,29.252507,0.942306,15.279086,0.284426,133.849243,0.124742,0.123715,0.124735,199.967850,-1.000000,-0.000000
2012,9,15.000000,125.000000,17.500000,127.500000,1511.410000,13.908205,0.684129,2.762321,17.354656,29.003199,1.028606,19.045501,0.196862,0.596769,0.083976,0.000278,0.092153,199.774643,-1.000000,-0.000000
2012,9,15.000000,130.000000,17.500000,132.500000,2857.960000,0.178799,0.545844,2.226763,2.951406,29.115364,1.011277,22.282540,0.191628,0.987374,0.077994,0.049444,0.087379,199.860962,-1.000000,-0.000000
2012,9,15.000000,135.000000,17.500000,137.500000,1295.160000,0.162142,0.630038,0.722691,1.514871,29.118888,1.021176,19.147229,0.129710,0.838966,0.054777,0.013889,0.088785,199.661545,-1.000000,-0.000000
2012,9,15.000000,150.000000,17.500000,152.500000,8579.270000,2.302993,0.982485,18.987746,22.273224,29.668363,0.953533,21.191121,0.134174,0.784181,0.045289,0.007500,0.086389,198.412460,-1.000000,-0.000000
2012,9,15.000000,155.000000,17.500000,157.500000,4217.440000,3.345157,1.480045,13.284362,18.109564,29.543933,0.866501,21.214307,0.119835,0.747370,0.044874,0.006111,0.082572,198.288452,-1.000000,-0.000000
2012,9,15.000000,-160.000000,17.500000,-157.500000,1003.770000,9.643643,17.241001,0.059775,26.944420,,,,,,,,,,-1.000000,-0.000000
2012,9,15.000000,-165.000000,17.500000,-162.500000,1254.280000,2.229167,3.940906,0.432918,6.602991,,,,,,,,,,-1.000000,-0.000000
2012,9,-15.000000,-135.000000,-12.500000,-132.500000,6735.760000,2.729016,6.924534,3.743007,13.396558,,,,,,,,,,-1.000000,-0.000000
2012,9,-15.000000,145.000000,-12.500000,147.500000,1853.810000,13.795912,0.647316,8.911377,23.354605,25.780813,0.762089,40.786025,0.198631,116.485639,0.051911,0.129050,0.213007,207.067490,-1.000000,-0.000000
2012,9,-15.000000,150.000000,-12.500000,152.500000,1899.690000,19.735325,0.039480,2.204044,21.978849,26.866813,0.769123,40.912080,0.279742,122.005012,0.068570,0.213156,0.213691,205.030777,-1.000000,-0.000000
2012,9,-15.000000,-150.000000,-12.500000,-147.500000,7042.290000,2.930581,11.529914,22.426228,36.886723,,,,,,,,,,-1.000000,-0.000000
2012,9,-15.000000,155.000000,-12.500000,157.500000,2649.400000,4.915075,2.301276,36.353891,43.570242,27.568953,0.739843,41.801416,0.277235,2.265052,0.092538,0.173611,0.144952,203.297440,-1.000000,-0.000000
2012,9,-15.000000,-155.000000,-12.500000,-152.500000,7899.770000,3.728843,16.316931,6.616015,26.661789,,,,,,,,,,-1.000000,-0.000000
2012,9,-15.000000,160.000000,-12.500000,162.500000,11986.460000,3.974151,0.802906,21.192245,25.969302,27.845146,0.791485,33.103919,0.197799,128.396665,0.058172,0.184987,0.070480,202.095215,-1.000000,-0.000000
2012,9,-15.000000,-160.000000,-12.500000,-157.500000,18450.800000,1.811195,1.585460,22.466668,25.863323,,,,,,,,,,-1.000000,-0.000000
2012,9,-15.000000,165.000000,-12.500000,167.500000,10643.190000,5.895789,0.977339,20.259058,27.132185,28.155173,0.804672,32.286616,0.171827,121.456133,0.044258,0.086544,0.061303,201.453735,-1.000000,-0.000000
2012,9,-15.000000,-165.000000,-12.500000,-162.500000,7144.320000,4.440591,2.273554,28.505302,35.219447,,,,,,,,,,-1.000000,-0.000000
2012,9,-15.000000,170.000000,-12.500000,172.500000,5085.610000,4.636022,2.089228,13.119174,19.844424,28.229911,0.778200,33.226520,0.182884,0.878093,0.057034,0.052778,0.067479,201.138962,-1.000000,-0.000000
2012,9,-15.000000,-170.000000,-12.500000,-167.500000,18137.360000,3.270266,2.325531,38.501965,44.097763,,,,,,,,,,-1.000000,-0.000000
2012,9,-15.000000,175.000000,-12.500000,177.500000,9951.960000,3.801563,1.362144,20.128899,25.292606,28.157034,0.737467,31.970175,0.166246,0.782301,0.049369,0.021667,0.086583,201.319824,-1.000000,-0.000000
2012,9,-15.000000,-175.000000,-12.500000,-172.500000,12073.660000,2.888685,0.867757,35.769684,39.526125,,,,,,,,,,-1.000000,-0.000000
2012,9,-15.000000,-180.000000,-12.500000,-177.500000,1832.540000,2.775928,1.488098,21.706484,25.970511,,,,,,,,,,-1.000000,-0.000000
2012,9,20.000000,120.000000,22.500000,122.500000,1216.060000,4.931500,1.119188,0.879891,6.930579,28.497237,0.919001,18.587549,0.304568,128.669834,0.128504,0.208176,0.110125,200.990601,-1.000000,-0.000000
2012,9,20.000000,145.000000,22.500000,147.500000,5274.570000,0.497292,0.182005,0.496533,1.175830,28.837275,0.899923,18.565809,0.258368,0.941441,0.097009,0.025833,0.085640,200.167297,-1.000000,-0.000000
2012,9,20.000000,150.000000,22.500000,152.500000,1526.980000,1.146708,0.404066,3.103512,4.654285,28.588941,0.806764,19.371413,0.138823,1.039077,0.054652,0.039722,0.086151,200.493668,-1.000000,-0.000000
2012,9,20.000000,155.000000,22.500000,157.500000,5498.110000,0.566740,0.331568,0.051108,0.949417,28.411240,0.759757,18.623582,0.142647,1.159539,0.038039,0.046111,0.085321,201.089447,-1.000000,-0.000000
2012,9,20.000000,-155.000000,22.500000,-152.500000,2371.230000,0.174171,5.643063,0.101635,5.918869,,,,,,,,,,-1.000000,-0.000000
2012,9,20.000000,160.000000,22.500000,162.500000,2857.550000,0.611713,0.302707,0.000000,0.914420,28.358574,0.848539,23.668080,0.137696,1.508566,0.060120,0.093333,0.080984,201.014206,-1.000000,-0.000000
2012,9,20.000000,-160.000000,22.500000,-157.500000,1235.400000,0.162700,8.037882,0.270358,8.470941,,,,,,,,,,-1.000000,-0.000000
2012,9,-20.000000,-150.000000,-17.500000,-147.500000,3726.020000,2.610829,3.175775,20.307191,26.093794,,,,,,,,,,-1.000000,-0.000000
2012,9,-20.000000,-155.000000,-17.500000,-152.500000,3473.170000,2.700415,3.292669,15.055410,21.048495,,,,,,,,,,-1.000000,-0.000000
2012,9,-20.000000,160.000000,-17.500000,162.500000,1685.700000,3.374859,0.495343,31.625438,35.495640,25.440492,0.801497,35.153356,0.114184,49.278316,0.031425,0.474021,0.075351,213.763687,-1.000000,-0.000000
2012,9,-20.000000,-160.000000,-17.500000,-157.500000,2442.100000,1.295197,3.849965,20.887351,26.032513,,,,,,,,,,-1.000000,-0.000000
2012,9,-20.000000,165.000000,-17.500000,167.500000,28286.270000,3.342258,1.794157,21.914236,27.050650,25.611784,0.806735,31.085040,0.126628,120.549989,0.029223,0.517617,0.073410,212.462296,-1.000000,-0.000000
2012,9,-20.000000,-165.000000,-17.500000,-162.500000,1161.150000,1.861947,1.191061,24.616113,27.669121,,,,,,,,,,-1.000000,-0.000000
2012,9,-20.000000,170.000000,-17.500000,172.500000,7711.940000,4.112714,1.335851,23.457651,28.906216,26.141602,0.834008,30.869389,0.147294,3.425419,0.052266,0.440278,0.068971,211.756287,-1.000000,-0.000000
2012,9,-20.000000,175.000000,-17.500000,177.500000,11882.570000,5.979178,1.213626,9.524791,16.717596,26.206774,0.840004,32.582163,0.096104,120.628290,0.026296,0.341263,0.089004,211.936264,-1.000000,-0.000000
2012,9,-20.000000,-175.000000,-17.500000,-172.500000,5470.950000,2.880487,1.185352,14.715909,18.781747,,,,,,,,,,-1.000000,-0.000000
2012,9,-20.000000,-180.000000,-17.500000,-177.500000,12754.800000,5.799150,1.292533,13.037131,20.128814,,,,,,,,,,-1.000000,-0.000000
2012,9,25.000000,135.000000,27.500000,137.500000,2662.010000,0.052592,0.073629,0.033809,0.160029,28.278263,1.038114,19.382942,0.161433,0.665146,0.115132,0.004444,0.088913,201.946976,-1.000000,-0.000000
2012,9,25.000000,145.000000,27.500000,147.500000,5720.580000,0.600464,0.232844,0.058735,0.892042,27.903787,0.934792,19.293252,0.142631,1.031792,0.086204,0.043889,0.084126,203.028061,-1.000000,-0.000000
2012,9,25.000000,150.000000,27.500000,152.500000,4406.400000,1.188725,0.368328,0.029503,1.586556,27.661994,0.922168,20.518951,0.152320,1.829312,0.077148,0.134722,0.083814,204.100113,-1.000000,-0.000000
2012,9,25.000000,155.000000,27.500000,157.500000,4232.570000,0.761240,0.370224,0.024571,1.156035,27.446690,0.888289,22.578188,0.148199,2.929264,0.057539,0.142500,0.083105,204.851868,-1.000000,-0.000000
2012,9,25.000000,-155.000000,27.500000,-152.500000,1975.630000,0.320910,6.327096,0.000000,6.648006,,,,,,,,,,-1.000000,-0.000000
2012,9,25.000000,-165.000000,27.500000,-162.500000,2388.730000,1.419583,10.867700,0.328627,12.615909,,,,,,,,,,-1.000000,-0.000000
2012,9,-25.000000,155.000000,-22.500000,157.500000,1229.700000,2.728308,1.536960,46.425958,50.691226,22.525513,0.654263,33.284850,0.176469,46.073667,0.070244,0.471798,0.317471,224.494919,-1.000000,-0.000000
2012,9,-25.000000,160.000000,-22.500000,162.500000,1319.360000,3.365268,1.117966,29.371817,33.855051,22.369029,0.642999,31.774425,0.148182,108.085485,0.081802,0.436251,0.237442,225.565308,-1.000000,-0.000000
2012,9,-25.000000,165.000000,-22.500000,167.500000,6046.750000,6.805805,1.127382,8.739902,16.673089,22.680529,0.696446,35.823091,0.161633,107.858685,0.071356,0.386153,0.206096,224.278030,-1.000000,-0.000000
2012,9,-25.000000,170.000000,-22.500000,172.500000,5483.540000,2.666343,0.604536,10.518752,13.789632,22.841482,0.670736,32.466313,0.175375,2.718349,0.083776,0.520000,0.159072,224.270950,-1.000000,-0.000000
2012,9,-25.000000,175.000000,-22.500000,177.500000,3091.960000,2.587679,0.912690,10.121088,13.621457,22.882954,0.679309,33.265601,0.175995,3.959680,0.076216,0.578889,0.123823,223.647110,-1.000000,-0.000000
2012,9,-25.000000,-180.000000,-22.500000,-177.500000,1370.190000,5.491939,1.233406,13.256556,19.981900,,,,,,,,,,-1.000000,-0.000000
2012,9,30.000000,145.000000,32.500000,147.500000,4093.710000,0.153406,0.183452,0.009771,0.346629,27.506426,1.145148,20.166293,0.220546,1.474153,0.161625,0.111111,0.100611,205.733032,-1.000000,-0.000000
2012,9,30.000000,150.000000,32.500000,152.500000,3693.840000,0.039525,1.046066,0.110725,1.196316,27.499407,1.037019,20.426463,0.302365,1.803646,0.206953,0.215278,0.098728,207.504868,-1.000000,-0.000000
2012,9,30.000000,155.000000,32.500000,157.500000,8773.830000,0.253139,7.289861,0.236385,7.779385,26.993624,0.872057,17.654280,0.279699,1.695783,0.209784,0.168611,0.096043,209.302887,-1.000000,-0.000000
2012,9,30.000000,160.000000,32.500000,162.500000,1513.080000,0.166548,14.151268,0.875697,15.193513,26.428254,0.765503,17.338202,0.264457,1.767510,0.167658,0.042778,0.086806,210.816635,-1.000000,-0.000000
2012,9,30.000000,-165.000000,32.500000,-162.500000,1675.600000,1.603605,11.774290,0.327047,13.704942,,,,,,,,,,-1.000000,-0.000000
2012,9,30.000000,170.000000,32.500000,172.500000,1471.900000,0.879815,24.401794,2.464162,27.745771,25.448166,0.744224,18.602897,0.199709,2.133535,0.128368,0.214167,0.080374,212.989807,-1.000000,-0.000000
2012,9,-30.000000,-135.000000,-27.500000,-132.500000,3525.110000,0.032907,0.332188,37.223803,37.588898,,,,,,,,,,-1.000000,-0.000000
2012,9,-30.000000,-140.000000,-27.500000,-137.500000,1645.910000,0.052251,0.191991,34.259467,34.503709,,,,,,,,,,-1.000000,-0.000000
2012,9,-30.000000,155.000000,-27.500000,157.500000,3359.300000,11.374691,6.224213,12.851785,30.450689,20.974614,0.590285,35.725859,0.251513,1.997010,0.121436,0.401111,0.392785,236.993286,-1.000000,-0.000000
2012,9,-30.000000,-155.000000,-27.500000,-152.500000,1619.360000,0.027789,0.080896,39.106190,39.214875,,,,,,,,,,-1.000000,-0.000000
2012,9,-30.000000,-160.000000,-27.500000,-157.500000,2956.310000,0.120082,0.126171,33.519827,33.766080,,,,,,,,,,-1.000000,-0.000000
2012,9,-30.000000,165.000000,-27.500000,167.500000,1185.530000,1.061129,0.997866,2.414110,4.473105,19.916661,0.513015,45.235097,0.166257,80.269344,0.088550,0.500695,0.323515,236.836075,-1.000000,-0.000000
2012,9,-30.000000,-165.000000,-27.500000,-162.500000,1897.260000,0.026354,0.190274,31.059001,31.275629,,,,,,,,,,-1.000000,-0.000000
2012,9,-30.000000,170.000000,-27.500000,172.500000,11430.650000,0.446956,0.629973,26.043576,27.120505,19.843027,0.523132,50.173788,0.136776,2.956021,0.090864,0.475000,0.278363,237.014801,-1.000000,-0.000000
2012,9,-30.000000,175.000000,-27.500000,177.500000,6409.580000,0.617201,2.160360,13.253443,16.031004,19.530940,0.490570,50.984012,0.154561,2.602968,0.072493,0.452222,0.151683,234.846909,-1.000000,-0.000000
2012,9,-30.000000,-175.000000,-27.500000,-172.500000,5097.160000,0.443973,2.666191,16.138202,19.248366,,,,,,,,,,-1.000000,-0.000000
2012,9,35.000000,145.000000,37.500000,147.500000,3676.260000,0.000000,0.383270,0.012785,0.396055,25.697857,0.329464,14.326067,0.411680,7.290170,0.407023,0.635556,0.120016,207.849594,-1.000000,-0.000000
2012,9,35.000000,150.000000,37.500000,152.500000,17383.180000,0.373062,10.819424,0.229475,11.421961,26.269766,0.382022,14.808938,0.377053,3.801892,0.330394,0.457222,0.111305,210.148041,-1.000000,-0.000000
2012,9,35.000000,155.000000,37.500000,157.500000,18696.040000,0.350395,13.898558,0.655540,14.904493,26.400532,0.566943,14.749215,0.375971,6.330610,0.339502,0.358333,0.103251,211.944748,-1.000000,-0.000000
2012,9,35.000000,160.000000,37.500000,162.500000,14126.240000,0.252934,12.785355,0.916734,13.955023,25.199641,0.409439,14.183436,0.354737,5.502166,0.258618,0.490833,0.090050,215.809631,-1.000000,-0.000000
2012,9,35.000000,165.000000,37.500000,167.500000,7834.600000,0.033952,21.417941,1.023537,22.475430,24.429595,0.409020,16.479233,0.240469,5.103251,0.104697,0.455833,0.084157,220.006531,-1.000000,-0.000000
2012,9,35.000000,170.000000,37.500000,172.500000,2229.660000,0.197788,15.137286,4.828987,20.164061,23.524845,0.495354,19.185801,0.217459,5.209999,0.220938,0.460556,0.106901,224.903397,-1.000000,-0.000000
2012,9,-35.000000,-135.000000,-32.500000,-132.500000,6816.910000,0.304390,0.312018,39.182562,39.798971,,,,,,,,,,-1.000000,-0.000000
2012,9,-35.000000,-140.000000,-32.500000,-137.500000,4052.120000,0.046395,0.137706,43.341757,43.525858,,,,,,,,,,-1.000000,-0.000000
2012,9,-35.000000,150.000000,-32.500000,152.500000,1700.180000,19.575574,10.572998,7.570963,37.719536,18.485969,0.314463,53.399134,0.287221,85.027973,0.119455,0.600773,0.527393,230.193451,-1.000000,-0.000000
2012,9,-35.000000,160.000000,-32.500000,162.500000,1069.800000,6.693775,13.507198,15.595438,35.796411,17.655633,0.368195,50.994101,0.187977,3.909220,0.114141,0.461667,0.484550,238.286575,-1.000000,-0.000000
2012,9,-35.000000,-175.000000,-32.500000,-172.500000,1339.610000,0.500146,2.831421,8.109077,11.440643,,,,,,,,,,-1.000000,-0.000000
2012,9,40.000000,150.000000,42.500000,152.500000,1686.850000,0.135756,0.058096,0.000000,0.193852,19.918023,-0.026598,11.114248,0.137981,9.302033,0.132634,0.820278,0.219560,236.002518,-1.000000,-0.000000
2012,9,40.000000,155.000000,42.500000,157.500000,3945.380000,0.060324,0.028895,0.000000,0.089218,20.860231,0.031109,11.851821,0.168746,6.673191,0.144693,0.793056,0.183529,231.184418,-1.000000,-0.000000
2012,9,40.000000,165.000000,42.500000,167.500000,1456.230000,0.000000,0.222492,0.000000,0.222492,18.985790,0.074463,14.497522,0.139949,7.054171,0.163487,0.665000,0.260381,244.975113,-1.000000,-0.000000
2012,9,40.000000,170.000000,42.500000,172.500000,3520.000000,0.000000,0.109375,0.003693,0.113068,19.064125,0.115246,17.651864,0.120523,5.763630,0.132107,0.657222,0.264207,245.854050,-1.000000,-0.000000
2012,10,0.000000,120.000000,2.500000,122.500000,22391.120000,10.598532,3.275316,0.000000,13.873848,29.564368,0.639544,13.138209,0.242185,137.130790,0.021116,0.099317,0.110135,200.957199,-0.866025,0.500000
2012,10,0.000000,125.000000,2.500000,127.500000,29669.230000,10.647664,3.226137,0.000000,13.873801,29.366783,0.636131,17.879499,0.243542,133.364568,0.023367,0.124622,0.102818,200.196289,-0.866025,0.500000
2012,10,0.000000,130.000000,2.500000,132.500000,11299.930000,9.848734,4.226575,0.000000,14.075308,29.494303,0.650766,21.379493,0.186631,117.940335,0.008889,0.010281,0.097506,200.010803,-0.866025,0.500000
2012,10,0.000000,135.000000,2.500000,137.500000,13806.260000,11.487615,1.469551,0.310222,13.267387,29.701983,0.643840,18.596582,0.184931,0.398219,0.022153,0.000000,0.096025,200.035736,-0.866025,0.500000
2012,10,0.000000,140.000000,2.500000,142.500000,2975.680000,9.148161,6.650581,0.246666,16.045408,29.797640,0.663115,16.176294,0.170908,0.263395,0.019889,0.000000,0.091915,199.798340,-0.866025,0.500000
2012,10,0.000000,150.000000,2.500000,152.500000,2908.830000,2.572168,12.827838,0.116198,15.516204,29.715050,0.688349,16.539973,0.207531,0.230267,0.027509,0.000000,0.075806,199.227097,-0.866025,0.500000
2012,10,0.000000,155.000000,2.500000,157.500000,7053.720000,3.445132,8.031790,0.371010,11.847933,29.696521,0.701490,17.988077,0.256459,0.205716,0.027924,0.000000,0.073988,199.098419,-0.866025,0.500000
2012,10,0.000000,-155.000000,2.500000,-152.500000,2855.400000,2.430833,33.361000,0.031519,35.823352,,,,,,,,,,-0.866025,0.500000
2012,10,0.000000,160.000000,2.500000,162.500000,3909.500000,2.819798,2.863282,0.400819,6.083898,29.966063,0.724735,17.918605,0.304326,0.445781,0.023078,0.000000,0.069072,199.375290,-0.866025,0.500000
2012,10,0.000000,-160.000000,2.500000,-157.500000,6317.650000,23.283816,18.787366,0.367542,42.438723,,,,,,,,,,-0.866025,0.500000
2012,10,0.000000,165.000000,2.500000,167.500000,10971.020000,4.724994,9.102982,0.212013,14.039989,30.140995,0.723555,19.352663,0.323636,94.930348,0.019299,0.002779,0.095030,200.276840,-0.866025,0.500000
2012,10,0.000000,-165.000000,2.500000,-162.500000,1611.460000,15.849602,14.777903,0.740943,31.368448,,,,,,,,,,-0.866025,0.500000
2012,10,0.000000,170.000000,2.500000,172.500000,1807.370000,4.232670,7.986190,1.608414,13.827274,30.009032,0.708720,21.140223,0.376732,134.111260,0.018990,0.019537,0.192642,201.036209,-0.866025,0.500000
2012,10,0.000000,175.000000,2.500000,177.500000,4027.180000,7.250235,24.893598,2.854106,34.997939,29.600984,0.702986,20.324353,0.400855,0.358753,0.034174,0.000000,0.175436,200.291214,-0.866025,0.500000
2012,10,0.000000,-175.000000,2.500000,-172.500000,2082.450000,5.152585,5.861365,0.707820,11.721770,,,,,,,,,,-0.866025,0.500000
2012,10,5.000000,125.000000,7.500000,127.500000,9099.160000,9.522857,6.294207,0.304204,16.121268,29.019220,0.657718,23.371308,0.262689,130.782650,0.033996,0.069652,0.097665,200.184937,-0.866025,0.500000
2012,10,5.000000,130.000000,7.500000,132.500000,11459.060000,6.329228,16.699712,0.103761,23.132700,29.110533,0.635353,32.506339,0.100157,130.528522,0.017375,0.007804,0.083412,200.005646,-0.866025,0.500000
2012,10,5.000000,135.000000,7.500000,137.500000,2871.290000,7.753309,7.314482,0.025772,15.093564,29.316610,0.622190,27.015589,0.097753,130.985692,0.020346,0.006954,0.080169,199.345505,-0.866025,0.500000
2012,10,5.000000,140.000000,7.500000,142.500000,4462.850000,2.721579,21.382301,1.003619,25.107499,29.466837,0.627441,26.027924,0.101472,0.327824,0.021846,0.000000,0.076256,198.771072,-0.866025,0.500000
2012,10,5.000000,155.000000,7.500000,157.500000,1263.920000,4.923571,6.547092,0.000000,11.470663,29.707292,0.623769,21.286937,0.167176,126.380248,0.031087,0.003336,0.068120,198.070786,-0.866025,0.500000
2012,10,5.000000,165.000000,7.500000,167.500000,6514.160000,3.593710,7.944846,0.120507,11.659063,29.541593,0.613506,20.426956,0.184334,132.872432,0.025917,0.043626,0.127662,200.300949,-0.866025,0.500000
2012,10,5.000000,170.000000,7.500000,172.500000,3557.720000,3.916553,7.777172,0.176518,11.870243,29.293032,0.589242,22.190992,0.196105,132.726355,0.029313,0.036006,0.183528,201.041733,-0.866025,0.500000
2012,10,5.000000,-180.000000,7.500000,-177.500000,1434.190000,1.059832,3.408893,0.821370,5.290094,,,,,,,,,,-0.866025,0.500000
2012,10,-5.000000,120.000000,-2.500000,122.500000,29112.430000,10.798927,3.074872,0.000000,13.873799,29.057522,0.584984,13.510018,0.112590,135.444257,0.018763,0.303614,0.114936,201.989853,-0.866025,0.500000
2012,10,-5.000000,125.000000,-2.500000,127.500000,43668.640000,10.798939,3.074861,0.000000,13.873801,28.953401,0.581533,13.828712,0.162465,132.229775,0.022824,0.198762,0.106325,201.223877,-0.866025,0.500000
2012,10,-5.000000,130.000000,-2.500000,132.500000,14556.210000,10.798965,3.074839,0.000000,13.873804,29.025317,0.601301,13.637305,0.174586,137.668820,0.042356,0.378568,0.128606,200.361816,-0.866025,0.500000
2012,10,-5.000000,140.000000,-2.500000,142.500000,1009.190000,7.822115,0.723352,0.029727,8.575194,29.652838,0.683519,13.531516,0.246555,131.889758,0.008214,0.071239,0.125643,201.040787,-0.866025,0.500000
2012,10,-5.000000,145.000000,-2.500000,147.500000,1944.440000,16.506552,0.637201,0.000000,17.143753,29.709502,0.692879,14.246323,0.231324,130.271113,0.008249,0.038494,0.106919,200.802689,-0.866025,0.500000
2012,10,-5.000000,150.000000,-2.500000,152.500000,1068.320000,16.529691,0.000000,0.000000,16.529691,29.718458,0.710140,14.494370,0.305766,133.266160,0.020262,0.087313,0.093167,200.959320,-0.866025,0.500000
2012,10,-5.000000,155.000000,-2.500000,157.500000,1460.060000,3.707382,1.512267,0.324644,5.544293,29.946821,0.747147,17.255420,0.281082,0.541319,0.018063,0.000000,0.085327,200.661758,-0.866025,0.500000
2012,10,-5.000000,-155.000000,-2.500000,-152.500000,10120.610000,8.106132,23.043473,5.554112,36.703716,,,,,,,,,,-0.866025,0.500000
2012,10,-5.000000,160.000000,-2.500000,162.500000,3498.430000,6.143899,5.655966,0.829801,12.629665,30.218667,0.755477,17.705399,0.269683,0.331837,0.023703,0.000000,0.111281,200.408966,-0.866025,0.500000
2012,10,-5.000000,-160.000000,-2.500000,-157.500000,8704.680000,7.887137,34.994738,0.869762,43.751637,,,,,,,,,,-0.866025,0.500000
2012,10,-5.000000,165.000000,-2.500000,167.500000,1333.910000,8.796695,11.836631,0.964833,21.598159,30.208055,0.742534,18.693987,0.231556,0.358256,0.026311,0.000000,0.146994,201.339539,-0.866025,0.500000
2012,10,-5.000000,-165.000000,-2.500000,-162.500000,7102.010000,9.270897,21.679496,1.840465,32.790858,,,,,,,,,,-0.866025,0.500000
2012,10,-5.000000,170.000000,-2.500000,172.500000,12446.150000,8.727759,18.794647,5.966022,33.488428,29.897564,0.717963,22.919291,0.346267,132.248444,0.029957,0.010312,0.167891,201.434448,-0.866025,0.500000
2012,10,-5.000000,-170.000000,-2.500000,-167.500000,7003.480000,5.937477,16.332452,1.563223,23.833152,,,,,,,,,,-0.866025,0.500000
2012,10,-5.000000,175.000000,-2.500000,177.500000,6433.400000,6.697081,18.324681,3.571207,28.592968,29.555882,0.701060,24.556035,0.376586,93.324782,0.030366,0.001668,0.159739,201.270523,-0.866025,0.500000
2012,10,-5.000000,-175.000000,-2.500000,-172.500000,2168.760000,4.285398,12.866338,2.209558,19.361294,,,,,,,,,,-0.866025,0.500000
2012,10,-5.000000,-180.000000,-2.500000,-177.500000,5186.140000,6.561720,16.529056,3.875136,26.965913,,,,,,,,,,-0.866025,0.500000
2012,10,10.000000,110.000000,12.500000,112.500000,25353.890000,10.235116,3.090413,0.000000,13.325529,28.406042,0.628235,14.486798,0.287060,1.021451,0.080060,0.023611,0.103011,203.774551,-0.866025,0.500000
2012,10,10.000000,115.000000,12.500000,117.500000,25353.890000,10.235116,3.090413,0.000000,13.325529,28.742214,0.780109,20.854821,0.108456,130.762958,0.030053,0.030363,0.089459,202.360031,-0.866025,0.500000
2012,10,10.000000,130.000000,12.500000,132.500000,2257.290000,1.119041,12.111426,2.883546,16.114013,29.028942,0.832751,40.097000,0.186554,0.230700,0.101180,0.000000,0.081248,199.424500,-0.866025,0.500000
2012,10,10.000000,170.000000,12.500000,172.500000,2399.810000,7.125564,6.559269,0.969243,14.654077,28.890444,0.709295,32.481015,0.180243,58.622822,0.069857,0.003056,0.067363,199.508530,-0.866025,0.500000
2012,10,-10.000000,-135.000000,-7.500000,-132.500000,9998.930000,6.592605,16.623479,2.652984,25.869068,,,,,,,,,,-0.866025,0.500000
2012,10,-10.000000,-140.000000,-7.500000,-137.500000,8478.800000,8.910459,15.212648,2.907369,27.030476,,,,,,,,,,-0.866025,0.500000
2012,10,-10.000000,145.000000,-7.500000,147.500000,2872.090000,32.103799,0.252429,0.934163,33.290391,27.901972,0.707312,14.377146,0.249476,131.976635,0.035642,0.352386,0.149106,203.318970,-0.866025,0.500000
2012,10,-10.000000,-145.000000,-7.500000,-142.500000,1777.210000,9.387748,14.252677,2.880357,26.520783,,,,,,,,,,-0.866025,0.500000
2012,10,-10.000000,150.000000,-7.500000,152.500000,1080.330000,22.314478,0.265660,0.236039,22.816177,28.571024,0.636871,13.249563,0.345530,132.659290,0.056394,0.263868,0.135604,201.529892,-0.866025,0.500000
2012,10,-10.000000,-150.000000,-7.500000,-147.500000,11380.470000,7.773317,25.308621,5.200137,38.282074,,,,,,,,,,-0.866025,0.500000
2012,10,-10.000000,155.000000,-7.500000,157.500000,5919.060000,31.837657,2.075498,3.722213,37.635368,29.211439,0.654358,13.922755,0.212265,133.001645,0.050440,0.139120,0.116453,199.823547,-0.866025,0.500000
2012,10,-10.000000,-155.000000,-7.500000,-152.500000,26832.680000,8.239207,17.145883,3.479004,28.864094,,,,,,,,,,-0.866025,0.500000
2012,10,-10.000000,160.000000,-7.500000,162.500000,7830.910000,13.908601,2.147899,5.376897,21.433397,29.766089,0.718082,17.498485,0.190136,131.627733,0.046339,0.040251,0.085740,198.803238,-0.866025,0.500000
2012,10,-10.000000,-160.000000,-7.500000,-157.500000,10908.580000,8.214085,19.720074,4.812175,32.746334,,,,,,,,,,-0.866025,0.500000
2012,10,-10.000000,165.000000,-7.500000,167.500000,4500.650000,3.246642,1.334696,8.391455,12.972793,29.856667,0.733090,19.001545,0.144176,0.682060,0.049763,0.010278,0.102140,198.820251,-0.866025,0.500000
2012,10,-10.000000,-165.000000,-7.500000,-162.500000,8052.690000,7.229261,8.626434,15.356235,31.211930,,,,,,,,,,-0.866025,0.500000
2012,10,-10.000000,170.000000,-7.500000,172.500000,4296.610000,5.418458,4.595949,6.487207,16.501614,29.871634,0.727515,22.125708,0.076727,0.349499,0.025940,0.000000,0.123878,199.711212,-0.866025,0.500000
2012,10,-10.000000,-170.000000,-7.500000,-167.500000,8389.030000,7.995322,9.396319,14.436115,31.827756,,,,,,,,,,-0.866025,0.500000
2012,10,-10.000000,175.000000,-7.500000,177.500000,1695.280000,7.212968,6.649049,9.228564,23.090581,29.789055,0.704773,22.591752,0.087612,0.328658,0.030466,0.000000,0.136050,199.766861,-0.866025,0.500000
2012,10,-10.000000,-175.000000,-7.500000,-172.500000,8744.380000,6.651701,17.538122,7.155567,31.345390,,,,,,,,,,-0.866025,0.500000
2012,10,-10.000000,-180.000000,-7.500000,-177.500000,8330.530000,5.290780,7.862045,8.849617,22.002442,,,,,,,,,,-0.866025,0.500000
2012,10,15.000000,110.000000,17.500000,112.500000,25353.890000,10.235116,3.090413,0.000000,13.325529,27.968556,0.705880,26.901535,0.195002,124.935066,0.078115,0.036054,0.099572,203.525894,-0.866025,0.500000
2012,10,15.000000,115.000000,17.500000,117.500000,26530.660000,10.174153,2.984735,0.015454,13.174342,28.239012,0.689067,24.903487,0.161882,129.257036,0.046132,0.077994,0.089656,202.566055,-0.866025,0.500000
2012,10,15.000000,120.000000,17.500000,122.500000,1697.590000,11.782586,1.202293,1.066217,14.051096,28.165151,0.850204,33.307919,0.261317,129.902894,0.097242,0.266153,0.110097,201.505600,-0.866025,0.500000
2012,10,15.000000,125.000000,17.500000,127.500000,1542.660000,4.311384,1.043004,4.272490,9.626878,27.966680,0.901005,31.238748,0.216948,1.881564,0.127776,0.157778,0.078810,201.751038,-0.866025,0.500000
2012,10,15.000000,130.000000,17.500000,132.500000,1419.070000,0.692707,0.210701,0.780793,1.684202,28.704445,1.011280,34.291743,0.149922,0.989391,0.069462,0.048056,0.079456,200.953674,-0.866025,0.500000
2012,10,15.000000,135.000000,17.500000,137.500000,1096.410000,3.573481,0.000000,0.362091,3.935572,28.938006,1.003193,34.042551,0.148925,0.591205,0.060982,0.000000,0.083266,199.890686,-0.866025,0.500000
2012,10,15.000000,150.000000,17.500000,152.500000,2294.330000,2.847019,1.425689,4.226506,8.499213,29.201860,0.904841,34.619393,0.125017,0.536167,0.049897,0.000000,0.075747,198.753189,-0.866025,0.500000
2012,10,15.000000,-155.000000,17.500000,-152.500000,1519.710000,0.324404,10.295385,0.251364,10.871153,,,,,,,,,,-0.866025,0.500000
2012,10,-15.000000,-135.000000,-12.500000,-132.500000,3464.600000,1.389771,15.375224,6.692836,23.457831,,,,,,,,,,-0.866025,0.500000
2012,10,-15.000000,145.000000,-12.500000,147.500000,1823.940000,30.749367,1.476474,3.657467,35.883308,26.534694,0.763397,30.065162,0.226328,120.992528,0.062024,0.117216,0.175726,205.731522,-0.866025,0.500000
2012,10,-15.000000,150.000000,-12.500000,152.500000,2467.560000,37.052797,0.692182,1.466226,39.211205,27.492943,0.781305,26.637869,0.260366,124.541633,0.068739,0.279221,0.119985,204.078247,-0.866025,0.500000
2012,10,-15.000000,-150.000000,-12.500000,-147.500000,2299.580000,4.413415,15.120587,15.823324,35.357326,,,,,,,,,,-0.866025,0.500000
2012,10,-15.000000,155.000000,-12.500000,157.500000,4477.390000,15.713842,1.987765,16.017814,33.719421,27.978007,0.727637,25.428490,0.247252,1.663172,0.076873,0.107500,0.106240,201.877487,-0.866025,0.500000
2012,10,-15.000000,-155.000000,-12.500000,-152.500000,4022.370000,6.943916,19.571298,2.687968,29.203181,,,,,,,,,,-0.866025,0.500000
2012,10,-15.000000,160.000000,-12.500000,162.500000,11996.900000,3.772891,0.818962,17.345064,21.936917,28.236622,0.767619,23.901219,0.184147,129.950513,0.058992,0.129041,0.069703,201.164566,-0.866025,0.500000
2012,10,-15.000000,-160.000000,-12.500000,-157.500000,13060.730000,4.168067,5.782985,31.639196,41.590248,,,,,,,,,,-0.866025,0.500000
2012,10,-15.000000,165.000000,-12.500000,167.500000,10534.400000,3.237773,0.567664,19.514828,23.320265,28.455668,0.780413,23.777515,0.162656,123.950999,0.047711,0.074819,0.065054,200.382828,-0.866025,0.500000
2012,10,-15.000000,-165.000000,-12.500000,-162.500000,8848.750000,3.920102,2.824693,30.986411,37.731205,,,,,,,,,,-0.866025,0.500000
2012,10,-15.000000,170.000000,-12.500000,172.500000,6734.260000,3.064925,1.357239,23.614621,28.036785,28.693942,0.761038,20.623562,0.162927,1.320983,0.053278,0.038056,0.070923,200.471542,-0.866025,0.500000
2012,10,-15.000000,-170.000000,-12.500000,-167.500000,17311.490000,2.491524,1.532681,27.859531,31.883737,,,,,,,,,,-0.866025,0.500000
2012,10,-15.000000,175.000000,-12.500000,177.500000,4119.810000,1.765615,1.143742,13.690437,16.599795,28.747872,0.730711,19.223864,0.157599,0.803406,0.047851,0.011944,0.099493,199.970062,-0.866025,0.500000
2012,10,-15.000000,-175.000000,-12.500000,-172.500000,8994.580000,3.310994,0.822718,27.089425,31.223137,,,,,,,,,,-0.866025,0.500000
2012,10,-15.000000,-180.000000,-12.500000,-177.500000,1733.230000,2.121473,1.455087,22.317292,25.893851,,,,,,,,,,-0.866025,0.500000
2012,10,20.000000,115.000000,22.500000,117.500000,1146.210000,8.754068,0.618560,1.209203,10.581831,26.862566,0.754903,36.349360,0.155214,118.087588,0.064591,0.449177,0.200458,205.514191,-0.866025,0.500000
2012,10,20.000000,120.000000,22.500000,122.500000,1032.080000,5.825130,1.583211,1.897140,9.305480,26.935099,0.859765,43.271986,0.243629,124.513185,0.108471,0.314780,0.105528,205.641220,-0.866025,0.500000
2012,10,20.000000,125.000000,22.500000,127.500000,1213.440000,0.329641,6.155228,8.095167,14.580037,26.733809,0.909993,36.618099,0.237945,84.046555,0.136347,0.055031,0.080362,205.748703,-0.866025,0.500000
2012,10,20.000000,145.000000,22.500000,147.500000,3485.150000,0.247335,0.510451,0.311321,1.069107,28.484200,0.930386,28.363862,0.199238,0.818345,0.093202,0.015556,0.080223,201.088165,-0.866025,0.500000
2012,10,20.000000,150.000000,22.500000,152.500000,1306.940000,1.545595,0.797282,2.709382,5.052259,28.367203,0.807882,24.569902,0.129858,0.983402,0.062122,0.023611,0.082726,201.384750,-0.866025,0.500000
2012,10,20.000000,-155.000000,22.500000,-152.500000,5151.490000,0.308843,8.993903,0.417743,9.720489,,,,,,,,,,-0.866025,0.500000
2012,10,20.000000,-160.000000,22.500000,-157.500000,10911.860000,0.357134,12.561103,0.163217,13.081454,,,,,,,,,,-0.866025,0.500000
2012,10,20.000000,-165.000000,22.500000,-162.500000,3029.440000,0.723896,14.079500,0.059747,14.863143,,,,,,,,,,-0.866025,0.500000
2012,10,-20.000000,-135.000000,-17.500000,-132.500000,6677.330000,0.303564,3.313151,20.100250,23.716965,,,,,,,,,,-0.866025,0.500000
2012,10,-20.000000,-145.000000,-17.500000,-142.500000,1227.030000,1.682110,5.386991,27.795571,34.864673,,,,,,,,,,-0.866025,0.500000
2012,10,-20.000000,-150.000000,-17.500000,-147.500000,5619.490000,2.620700,2.628530,28.785708,34.034939,,,,,,,,,,-0.866025,0.500000
2012,10,-20.000000,155.000000,-17.500000,157.500000,1652.170000,9.801655,0.355290,69.796692,79.953637,25.962679,0.811972,31.263586,0.167469,2.886062,0.045027,0.347500,0.075867,212.270691,-0.866025,0.500000
2012,10,-20.000000,-155.000000,-17.500000,-152.500000,5359.250000,4.014741,3.271353,26.981947,34.268041,,,,,,,,,,-0.866025,0.500000
2012,10,-20.000000,160.000000,-17.500000,162.500000,5526.410000,1.832112,0.291690,23.755747,25.879549,26.036413,0.798925,27.479591,0.150722,50.576109,0.038678,0.372604,0.074777,211.225845,-0.866025,0.500000
2012,10,-20.000000,-160.000000,-17.500000,-157.500000,5482.380000,1.036958,1.171754,14.885871,17.094583,,,,,,,,,,-0.866025,0.500000
2012,10,-20.000000,165.000000,-17.500000,167.500000,24851.810000,1.275521,0.299334,15.801706,17.376561,26.281453,0.806090,25.907908,0.136844,123.211609,0.041054,0.451160,0.080218,209.745911,-0.866025,0.500000
2012,10,-20.000000,170.000000,-17.500000,172.500000,36474.830000,1.950880,1.939584,23.815683,27.706147,26.764172,0.829392,23.535367,0.161272,3.886485,0.057456,0.331111,0.069840,209.390976,-0.866025,0.500000
2012,10,-20.000000,175.000000,-17.500000,177.500000,11645.700000,2.802923,0.799780,10.564071,14.166774,26.871117,0.830182,21.699871,0.116566,123.786616,0.036946,0.333921,0.081980,208.936218,-0.866025,0.500000
2012,10,-20.000000,-175.000000,-17.500000,-172.500000,3182.700000,3.051183,1.260565,22.820561,27.132309,,,,,,,,,,-0.866025,0.500000
2012,10,-20.000000,-180.000000,-17.500000,-177.500000,14853.570000,3.308296,1.040558,12.427854,16.776708,,,,,,,,,,-0.866025,0.500000
2012,10,25.000000,135.000000,27.500000,137.500000,2330.870000,4.326711,0.160884,3.012609,7.500204,27.120438,1.006263,30.060352,0.148017,1.520100,0.071034,0.208056,0.083480,205.482986,-0.866025,0.500000
2012,10,25.000000,145.000000,27.500000,147.500000,7280.670000,0.308076,0.346397,0.083509,0.737982,27.328176,0.946233,28.817019,0.131641,1.072444,0.070156,0.142222,0.076118,204.576035,-0.866025,0.500000
2012,10,25.000000,150.000000,27.500000,152.500000,2642.390000,0.184681,0.666064,0.103694,0.954439,27.300427,0.904610,29.071679,0.115890,1.339780,0.073758,0.082500,0.077069,204.941940,-0.866025,0.500000
2012,10,25.000000,155.000000,27.500000,157.500000,3726.650000,0.414313,0.524332,0.051252,0.989897,27.248070,0.897414,30.085996,0.122285,1.567702,0.056703,0.163889,0.077548,205.575974,-0.866025,0.500000
2012,10,25.000000,-155.000000,27.500000,-152.500000,1266.490000,0.468223,9.711881,0.221873,10.401977,,,,,,,,,,-0.866025,0.500000
2012,10,25.000000,-160.000000,27.500000,-157.500000,4636.260000,0.752546,10.707122,0.080237,11.539905,,,,,,,,,,-0.866025,0.500000
2012,10,25.000000,-165.000000,27.500000,-162.500000,3025.090000,0.927906,16.754543,0.129583,17.812032,,,,,,,,,,-0.866025,0.500000
2012,10,-25.000000,165.000000,-22.500000,167.500000,2819.300000,2.793956,0.534530,16.925478,20.253964,23.351411,0.688295,22.318385,0.187568,112.170507,0.076947,0.383256,0.100065,221.902969,-0.866025,0.500000
2012,10,-25.000000,170.000000,-22.500000,172.500000,4673.680000,2.086578,0.601667,19.590986,22.279232,23.785986,0.678775,19.627005,0.215398,4.136425,0.106995,0.521944,0.082150,221.038025,-0.866025,0.500000
2012,10,-25.000000,175.000000,-22.500000,177.500000,1370.060000,1.281696,0.675883,13.287739,15.245318,23.916605,0.686101,18.913974,0.193884,3.273333,0.095966,0.507222,0.074493,220.760818,-0.866025,0.500000
2012,10,-25.000000,-180.000000,-22.500000,-177.500000,1292.240000,1.450969,0.882963,8.281743,10.615675,,,,,,,,,,-0.866025,0.500000
2012,10,30.000000,135.000000,32.500000,137.500000,4546.860000,0.661775,0.168248,0.151753,0.981776,25.403115,1.031317,41.227315,0.362790,111.759448,0.346049,0.445699,0.194356,209.461868,-0.866025,0.500000
2012,10,30.000000,140.000000,32.500000,142.500000,2072.180000,0.000000,0.067562,0.049224,0.116785,25.317509,0.935221,32.723728,0.337077,34.602528,0.207196,0.286944,0.094417,210.200241,-0.866025,0.500000
2012,10,30.000000,145.000000,32.500000,147.500000,2733.880000,0.387362,3.398832,1.158793,4.944987,25.856407,1.230028,37.409167,0.199001,1.525981,0.118963,0.115556,0.086236,210.032288,-0.866025,0.500000
2012,10,30.000000,150.000000,32.500000,152.500000,5727.900000,0.333456,10.948341,4.772255,16.054051,26.056643,1.029820,41.045024,0.356372,2.809206,0.218354,0.162222,0.079199,210.693588,-0.866025,0.500000
2012,10,30.000000,155.000000,32.500000,157.500000,6531.570000,0.433280,18.109582,7.006279,25.549141,25.688225,0.826619,35.199203,0.313581,1.790972,0.266657,0.216389,0.078781,212.441895,-0.866025,0.500000
2012,10,30.000000,160.000000,32.500000,162.500000,2465.810000,0.502877,19.744019,13.548895,33.795791,25.518408,0.802830,32.218265,0.242378,3.246092,0.141202,0.266389,0.075585,213.490982,-0.866025,0.500000
2012,10,30.000000,170.000000,32.500000,172.500000,5006.050000,1.167587,27.641154,7.503121,36.311863,24.240020,0.709567,34.444929,0.190884,2.649267,0.137392,0.272222,0.070351,216.860703,-0.866025,0.500000
2012,10,-30.000000,155.000000,-27.500000,157.500000,2208.590000,6.251500,3.787484,5.977569,16.016554,21.928146,0.659498,26.237824,0.299483,4.128902,0.142082,0.515278,0.271895,234.370270,-0.866025,0.500000
2012,10,-30.000000,170.000000,-27.500000,172.500000,1526.330000,0.714786,0.289584,21.448180,22.452550,20.935185,0.540651,21.506479,0.154969,3.053400,0.081502,0.500833,0.164363,235.205078,-0.866025,0.500000
2012,10,-30.000000,-175.000000,-27.500000,-172.500000,1532.590000,6.605811,3.260494,14.333905,24.200210,,,,,,,,,,-0.866025,0.500000
2012,10,35.000000,145.000000,37.500000,147.500000,2168.560000,0.086232,17.505165,4.686520,22.277917,21.825605,0.294438,29.052096,0.480111,6.794494,0.350054,0.756944,0.150028,215.943787,-0.866025,0.500000
2012,10,35.000000,150.000000,37.500000,152.500000,11769.010000,0.313450,14.523142,2.573623,17.410215,22.381669,0.291586,32.498738,0.363286,5.741183,0.205675,0.687222,0.130551,219.684769,-0.866025,0.500000
2012,10,35.000000,155.000000,37.500000,157.500000,24879.290000,0.789170,16.942083,5.237047,22.968300,23.361907,0.526491,34.861507,0.377974,6.400174,0.333158,0.598889,0.131539,218.289886,-0.866025,0.500000
2012,10,35.000000,160.000000,37.500000,162.500000,15258.480000,0.415245,21.308610,5.491438,27.215293,22.817361,0.315727,31.913588,0.295432,7.227530,0.297507,0.569444,0.105380,222.846939,-0.866025,0.500000
2012,10,35.000000,165.000000,37.500000,167.500000,3653.620000,0.189675,20.277423,5.596094,26.063192,22.370740,0.427631,34.856887,0.244408,7.114945,0.116424,0.649444,0.116729,226.906250,-0.866025,0.500000
2012,10,35.000000,-165.000000,37.500000,-162.500000,2017.250000,0.032718,0.144752,37.203619,37.381088,,,,,,,,,,-0.866025,0.500000
2012,10,35.000000,170.000000,37.500000,172.500000,6574.560000,0.123506,9.656768,9.802329,19.582603,21.058322,0.420481,36.263324,0.247637,6.668606,0.217705,0.573333,0.166524,233.102386,-0.866025,0.500000
2012,10,35.000000,-170.000000,37.500000,-167.500000,1851.530000,0.039967,0.744249,40.896448,41.680664,,,,,,,,,,-0.866025,0.500000
2012,10,35.000000,-175.000000,37.500000,-172.500000,1684.300000,0.000000,0.767084,37.505195,38.272279,,,,,,,,,,-0.866025,0.500000
2012,10,-35.000000,-135.000000,-32.500000,-132.500000,1140.080000,0.408743,1.396393,16.696197,18.501333,,,,,,,,,,-0.866025,0.500000
2012,10,-35.000000,150.000000,-32.500000,152.500000,1560.510000,13.335384,2.806134,4.324227,20.465745,20.359448,0.360027,25.625740,0.296398,93.049425,0.160001,0.672305,0.515151,231.755051,-0.866025,0.500000
2012,10,40.000000,170.000000,42.500000,172.500000,4072.810000,0.000000,0.013504,0.198143,0.211647,15.299282,0.056964,35.247609,0.120426,6.040950,0.131264,0.610556,0.259032,257.253906,-0.866025,0.500000
2012,10,-40.000000,-165.000000,-37.500000,-162.500000,3239.500000,0.000000,0.020374,36.835623,36.855996,,,,,,,,,,-0.866025,0.500000
2012,11,0.000000,120.000000,2.500000,122.500000,16973.190000,13.981638,4.320814,0.000000,18.302452,29.351260,0.622944,12.150668,0.318485,136.988342,0.028562,0.076040,0.109770,200.873093,-0.500000,0.866025
2012,11,0.000000,125.000000,2.500000,127.500000,22490.220000,14.046461,4.255939,0.000000,18.302400,29.544801,0.617495,12.862269,0.277238,136.224999,0.026719,0.128857,0.102879,200.019516,-0.500000,0.866025
2012,11,0.000000,130.000000,2.500000,132.500000,14366.240000,21.440962,8.848801,0.000000,30.289763,29.615346,0.635011,15.613114,0.278744,118.433858,0.029891,0.008336,0.097551,199.996765,-0.500000,0.866025
2012,11,0.000000,135.000000,2.500000,137.500000,2969.730000,7.957963,6.699262,0.008755,14.665980,29.721192,0.651286,14.904351,0.272265,0.571841,0.026738,0.000000,0.096248,200.123657,-0.500000,0.866025
2012,11,0.000000,145.000000,2.500000,147.500000,2146.820000,5.489515,3.315602,0.007919,8.813035,29.964690,0.690054,14.479677,0.392460,0.349469,0.023684,0.000000,0.085216,199.582520,-0.500000,0.866025
2012,11,0.000000,150.000000,2.500000,152.500000,5209.090000,8.894260,18.307036,0.036475,27.237771,30.003557,0.699447,15.139852,0.345143,0.340375,0.019046,0.000000,0.078378,199.470642,-0.500000,0.866025
2012,11,0.000000,155.000000,2.500000,157.500000,8081.020000,6.154792,9.378519,0.057295,15.590606,30.022189,0.714528,20.141709,0.383259,0.419768,0.017815,0.000000,0.078556,199.508713,-0.500000,0.866025
2012,11,0.000000,160.000000,2.500000,162.500000,2772.130000,5.892581,4.618831,1.840823,12.352235,30.176666,0.715545,21.425097,0.379222,0.536942,0.019879,0.000000,0.098854,200.038727,-0.500000,0.866025
2012,11,0.000000,-160.000000,2.500000,-157.500000,3748.740000,26.022077,23.235007,0.221674,49.478758,,,,,,,,,,-0.500000,0.866025
2012,11,0.000000,165.000000,2.500000,167.500000,8434.810000,3.884616,8.510921,0.415540,12.811077,30.132016,0.709324,21.355197,0.332923,94.468038,0.021043,0.002779,0.126127,200.340836,-0.500000,0.866025
2012,11,0.000000,-165.000000,2.500000,-162.500000,2365.170000,24.909837,15.987434,0.871819,41.769091,,,,,,,,,,-0.500000,0.866025
2012,11,0.000000,170.000000,2.500000,172.500000,6619.780000,6.119992,16.576382,1.753986,24.450359,29.739393,0.682201,23.019713,0.312977,132.544884,0.027514,0.019537,0.216461,201.539154,-0.500000,0.866025
2012,11,0.000000,-170.000000,2.500000,-167.500000,3232.600000,6.596548,7.418796,0.300377,14.315721,,,,,,,,,,-0.500000,0.866025
2012,11,0.000000,175.000000,2.500000,177.500000,9570.780000,5.310748,14.311477,0.660657,20.282882,29.340019,0.648867,24.067406,0.319832,0.435626,0.021736,0.000000,0.165155,200.741440,-0.500000,0.866025
2012,11,5.000000,125.000000,7.500000,127.500000,4182.970000,4.981628,5.055260,0.097060,10.133948,28.944702,0.606729,20.682036,0.321414,130.537975,0.042727,0.077944,0.097705,200.292252,-0.500000,0.866025
2012,11,5.000000,130.000000,7.500000,132.500000,7314.510000,4.523201,18.871531,0.000000,23.394732,29.243841,0.588886,25.386502,0.183757,130.515757,0.022601,0.007804,0.084615,199.819763,-0.500000,0.866025
2012,11,5.000000,135.000000,7.500000,137.500000,1808.870000,3.481732,15.949737,0.000000,19.431468,29.400876,0.610678,24.588157,0.171694,131.384006,0.023656,0.006954,0.080009,199.087967,-0.500000,0.866025
2012,11,5.000000,140.000000,7.500000,142.500000,1171.890000,2.455862,13.303296,0.000000,15.759158,29.508417,0.607128,28.076225,0.193795,0.233364,0.028842,0.000000,0.076731,198.477036,-0.500000,0.866025
2012,11,5.000000,145.000000,7.500000,147.500000,2797.150000,5.399067,12.695780,0.666035,18.760882,29.567849,0.613717,27.011849,0.217214,0.265181,0.029563,0.000000,0.076977,198.197601,-0.500000,0.866025
2012,11,5.000000,155.000000,7.500000,157.500000,1282.860000,5.245311,20.448841,0.424832,26.118984,29.583811,0.629692,30.196908,0.204122,125.592037,0.027114,0.003336,0.070639,197.956329,-0.500000,0.866025
2012,11,5.000000,165.000000,7.500000,167.500000,9578.010000,4.265082,8.786794,0.166736,13.218612,29.309143,0.611728,26.424535,0.225774,132.350631,0.028732,0.042210,0.092740,198.514374,-0.500000,0.866025
2012,11,5.000000,170.000000,7.500000,172.500000,2474.160000,5.156498,9.596792,2.128399,16.881689,29.172861,0.616978,28.363157,0.187691,131.398089,0.039505,0.027848,0.144634,199.392776,-0.500000,0.866025
2012,11,5.000000,175.000000,7.500000,177.500000,1576.970000,5.898020,8.682473,4.547328,19.127821,29.004033,0.552587,29.793951,0.222705,0.638444,0.082245,0.000000,0.148512,200.137268,-0.500000,0.866025
2012,11,-5.000000,120.000000,-2.500000,122.500000,22068.140000,14.246013,4.056391,0.000000,18.302403,30.019273,0.604754,11.249564,0.111831,141.321520,0.019517,0.238554,0.120532,201.375229,-0.500000,0.866025
2012,11,-5.000000,125.000000,-2.500000,127.500000,33102.220000,14.246023,4.056374,0.000000,18.302398,29.916844,0.601837,11.273850,0.154802,135.709497,0.009786,0.148297,0.114633,201.258362,-0.500000,0.866025
2012,11,-5.000000,130.000000,-2.500000,132.500000,11034.070000,14.246058,4.056345,0.000000,18.302403,29.751596,0.620666,11.577210,0.137293,139.573328,0.028951,0.270170,0.128512,199.554871,-0.500000,0.866025
2012,11,-5.000000,145.000000,-2.500000,147.500000,1055.810000,9.649463,0.000000,0.000000,9.649463,29.928674,0.708011,14.337043,0.356984,129.960759,0.014938,0.053037,0.095113,199.770706,-0.500000,0.866025
2012,11,-5.000000,-155.000000,-2.500000,-152.500000,12052.800000,6.828704,21.392788,4.427768,32.649260,,,,,,,,,,-0.500000,0.866025
2012,11,-5.000000,160.000000,-2.500000,162.500000,2370.850000,7.509121,5.428011,1.226564,14.163697,30.482413,0.734575,18.388166,0.333816,0.438999,0.029625,0.000000,0.133061,200.228958,-0.500000,0.866025
2012,11,-5.000000,-160.000000,-2.500000,-157.500000,8686.220000,10.718356,22.620657,0.708824,34.047837,,,,,,,,,,-0.500000,0.866025
2012,11,-5.000000,-165.000000,-2.500000,-162.500000,9792.470000,13.260597,13.398152,1.790662,28.449411,,,,,,,,,,-0.500000,0.866025
2012,11,-5.000000,170.000000,-2.500000,172.500000,2048.770000,3.526018,9.829312,6.038745,19.394075,30.062807,0.695094,23.462296,0.405513,132.375288,0.041214,0.010870,0.161893,201.640320,-0.500000,0.866025
2012,11,-5.000000,-170.000000,-2.500000,-167.500000,5685.940000,10.269718,13.632574,2.273854,26.176147,,,,,,,,,,-0.500000,0.866025
2012,11,-5.000000,175.000000,-2.500000,177.500000,7185.100000,6.640826,14.521023,2.368791,23.530640,29.642916,0.672390,28.908698,0.432398,93.698659,0.042226,0.001668,0.157685,201.559006,-0.500000,0.866025
2012,11,-5.000000,-175.000000,-2.500000,-172.500000,2788.670000,9.246343,14.169479,2.215034,25.630856,,,,,,,,,,-0.500000,0.866025
2012,11,-5.000000,-180.000000,-2.500000,-177.500000,4939.790000,6.200668,16.601111,2.559421,25.361200,,,,,,,,,,-0.500000,0.866025
2012,11,10.000000,110.000000,12.500000,112.500000,19090.410000,13.593213,4.104364,0.000000,17.697577,28.488670,0.732215,16.570322,0.292448,1.220756,0.126999,0.050556,0.087311,203.525955,-0.500000,0.866025
2012,11,10.000000,115.000000,12.500000,117.500000,19090.410000,13.593213,4.104364,0.000000,17.697577,28.899420,0.793206,20.868114,0.122656,130.744281,0.031744,0.042281,0.087281,201.974701,-0.500000,0.866025
2012,11,10.000000,-155.000000,12.500000,-152.500000,1015.360000,2.758627,0.000000,0.000000,2.758627,,,,,,,,,,-0.500000,0.866025
2012,11,10.000000,-160.000000,12.500000,-157.500000,1060.100000,0.261296,0.154702,0.000000,0.415998,,,,,,,,,,-0.500000,0.866025
2012,11,10.000000,-165.000000,12.500000,-162.500000,1398.710000,2.508025,1.240429,0.071494,3.819948,,,,,,,,,,-0.500000,0.866025
2012,11,10.000000,170.000000,12.500000,172.500000,2240.780000,10.785976,7.976687,4.439972,23.202635,28.530874,0.717143,50.157287,0.210816,57.727042,0.075168,0.003056,0.077289,200.083984,-0.500000,0.866025
2012,11,10.000000,175.000000,12.500000,177.500000,3959.910000,14.301083,13.513438,7.185264,34.999785,28.251567,0.681861,45.946847,0.243885,0.230013,0.079740,0.000000,0.095553,201.215622,-0.500000,0.866025
2012,11,10.000000,-180.000000,12.500000,-177.500000,5065.280000,17.285125,13.597077,11.839819,42.722021,,,,,,,,,,-0.500000,0.866025
2012,11,-10.000000,-135.000000,-7.500000,-132.500000,6209.510000,8.821630,32.506752,1.304934,42.633316,,,,,,,,,,-0.500000,0.866025
2012,11,-10.000000,-140.000000,-7.500000,-137.500000,3968.870000,7.347935,30.272596,0.480993,38.101525,,,,,,,,,,-0.500000,0.866025
2012,11,-10.000000,145.000000,-7.500000,147.500000,3315.750000,33.953404,0.843550,0.881550,35.678504,28.426502,0.711090,14.330731,0.259540,134.212879,0.035238,0.324553,0.126023,201.523422,-0.500000,0.866025
2012,11,-10.000000,-145.000000,-7.500000,-142.500000,1194.840000,7.072914,28.065682,0.908908,36.047504,,,,,,,,,,-0.500000,0.866025
2012,11,-10.000000,150.000000,-7.500000,152.500000,1445.270000,19.827437,0.099635,0.000000,19.927072,29.091376,0.646135,14.039384,0.389563,134.466158,0.060669,0.238381,0.101270,200.143646,-0.500000,0.866025
2012,11,-10.000000,-150.000000,-7.500000,-147.500000,10730.680000,6.573116,23.072350,5.028572,34.674037,,,,,,,,,,-0.500000,0.866025
2012,11,-10.000000,155.000000,-7.500000,157.500000,1120.480000,13.962766,4.147330,1.058475,19.168571,29.643774,0.687096,14.215965,0.231234,134.930495,0.053246,0.139715,0.095343,199.233032,-0.500000,0.866025
2012,11,-10.000000,-155.000000,-7.500000,-152.500000,16907.830000,6.277447,17.918562,3.754710,27.950719,,,,,,,,,,-0.500000,0.866025
2012,11,-10.000000,-160.000000,-7.500000,-157.500000,12496.010000,9.478786,16.432525,3.678454,29.589765,,,,,,,,,,-0.500000,0.866025
2012,11,-10.000000,-165.000000,-7.500000,-162.500000,10584.920000,6.908413,9.703144,11.948980,28.560537,,,,,,,,,,-0.500000,0.866025
2012,11,-10.000000,170.000000,-7.500000,172.500000,2310.110000,7.143816,6.369394,8.977927,22.491137,30.097238,0.748383,21.264875,0.107197,0.628590,0.035143,0.000000,0.108651,198.941315,-0.500000,0.866025
2012,11,-10.000000,-170.000000,-7.500000,-167.500000,12804.620000,6.698598,10.821016,14.025328,31.544942,,,,,,,,,,-0.500000,0.866025
2012,11,-10.000000,-175.000000,-7.500000,-172.500000,4164.120000,5.485913,15.577601,6.735637,27.799151,,,,,,,,,,-0.500000,0.866025
2012,11,-10.000000,-180.000000,-7.500000,-177.500000,10986.700000,4.052627,10.339410,6.832989,21.225027,,,,,,,,,,-0.500000,0.866025
2012,11,15.000000,110.000000,17.500000,112.500000,19090.410000,13.593213,4.104364,0.000000,17.697577,27.497344,0.678032,23.272147,0.173132,120.352144,0.076201,0.129218,0.104002,205.322372,-0.500000,0.866025
2012,11,15.000000,115.000000,17.500000,117.500000,21242.940000,12.950138,3.726509,0.096973,16.773620,28.011894,0.666216,20.067749,0.209149,130.298221,0.078398,0.167131,0.092751,203.596558,-0.500000,0.866025
2012,11,15.000000,125.000000,17.500000,127.500000,2242.890000,0.831516,2.943524,42.564727,46.339767,28.021649,0.966192,32.013325,0.296935,2.552785,0.163572,0.188333,0.079104,202.658875,-0.500000,0.866025
2012,11,15.000000,130.000000,17.500000,132.500000,1296.850000,0.652350,1.876855,9.611752,12.140957,28.312526,1.002459,39.656982,0.158535,2.145774,0.056719,0.088333,0.078342,201.741928,-0.500000,0.866025
2012,11,15.000000,-155.000000,17.500000,-152.500000,3707.330000,1.048463,15.571044,0.010789,16.630297,,,,,,,,,,-0.500000,0.866025
2012,11,15.000000,-160.000000,17.500000,-157.500000,2107.400000,9.004460,17.721837,0.148050,26.874348,,,,,,,,,,-0.500000,0.866025
2012,11,15.000000,-165.000000,17.500000,-162.500000,3940.630000,5.089542,11.531405,0.545344,17.166291,,,,,,,,,,-0.500000,0.866025
2012,11,15.000000,170.000000,17.500000,172.500000,1799.690000,2.357073,3.218332,32.337792,37.913196,28.459950,0.870948,55.426787,0.109582,0.719814,0.036040,0.001667,0.059750,200.315308,-0.500000,0.866025
2012,11,15.000000,175.000000,17.500000,177.500000,3836.280000,2.446380,1.652121,70.842326,74.940828,28.266720,0.820285,55.266989,0.109566,0.808640,0.040108,0.008611,0.056927,200.986176,-0.500000,0.866025
2012,11,-15.000000,-135.000000,-12.500000,-132.500000,19994.380000,2.906967,47.139396,3.762657,53.809020,,,,,,,,,,-0.500000,0.866025
2012,11,-15.000000,-140.000000,-12.500000,-137.500000,1226.980000,1.532217,24.052552,2.783256,28.368026,,,,,,,,,,-0.500000,0.866025
2012,11,-15.000000,145.000000,-12.500000,147.500000,2335.200000,33.598835,1.092840,3.779120,38.470795,27.302482,0.753275,23.405608,0.223669,123.340177,0.067446,0.117498,0.115673,204.207016,-0.500000,0.866025
2012,11,-15.000000,150.000000,-12.500000,152.500000,3171.300000,33.678618,0.186674,2.474695,36.339987,27.991915,0.783447,22.952341,0.235944,127.140825,0.055187,0.136081,0.097350,201.946945,-0.500000,0.866025
2012,11,-15.000000,-150.000000,-12.500000,-147.500000,2969.370000,6.080751,27.835197,3.857047,37.772996,,,,,,,,,,-0.500000,0.866025
2012,11,-15.000000,155.000000,-12.500000,157.500000,7040.910000,4.991116,0.971465,21.636266,27.598847,28.513709,0.724307,24.145737,0.222290,1.547427,0.062668,0.025833,0.085207,200.612045,-0.500000,0.866025
2012,11,-15.000000,-155.000000,-12.500000,-152.500000,7404.720000,4.022569,17.189982,1.362374,22.574925,,,,,,,,,,-0.500000,0.866025
2012,11,-15.000000,160.000000,-12.500000,162.500000,22147.380000,2.464400,0.583003,18.766012,21.813415,28.575330,0.741671,21.620224,0.177984,130.970297,0.056942,0.073095,0.071601,199.917145,-0.500000,0.866025
2012,11,-15.000000,-160.000000,-12.500000,-157.500000,10771.010000,1.651377,2.507100,21.169138,25.327616,,,,,,,,,,-0.500000,0.866025
2012,11,-15.000000,165.000000,-12.500000,167.500000,17731.070000,2.035523,0.520950,17.121640,19.678113,28.693863,0.735588,21.208406,0.155936,124.038495,0.049497,0.021496,0.065668,199.728546,-0.500000,0.866025
2012,11,-15.000000,-165.000000,-12.500000,-162.500000,14348.680000,2.360705,2.135946,20.247089,24.743739,,,,,,,,,,-0.500000,0.866025
2012,11,-15.000000,170.000000,-12.500000,172.500000,3490.840000,3.814841,2.742033,11.337959,17.894833,28.937245,0.724163,22.007280,0.132420,1.004918,0.048546,0.016389,0.074361,199.139145,-0.500000,0.866025
2012,11,-15.000000,-170.000000,-12.500000,-167.500000,16577.820000,1.951945,1.587844,20.444365,23.984155,,,,,,,,,,-0.500000,0.866025
2012,11,-15.000000,175.000000,-12.500000,177.500000,1566.100000,1.812783,0.744525,16.419130,18.976438,29.156541,0.706290,21.284033,0.135126,1.039970,0.038001,0.027500,0.102997,198.498352,-0.500000,0.866025
2012,11,-15.000000,-175.000000,-12.500000,-172.500000,9278.000000,2.360530,1.043113,19.275706,22.679349,,,,,,,,,,-0.500000,0.866025
2012,11,-15.000000,-180.000000,-12.500000,-177.500000,1987.460000,1.248830,1.532609,13.834241,16.615680,,,,,,,,,,-0.500000,0.866025
2012,11,20.000000,125.000000,22.500000,127.500000,2293.730000,0.683167,6.586215,13.696032,20.965414,25.436244,0.803963,34.534732,0.270048,78.925997,0.130720,0.267093,0.078125,208.786896,-0.500000,0.866025
2012,11,20.000000,145.000000,22.500000,147.500000,1431.090000,0.092237,1.119426,1.463220,2.674884,27.318511,0.864127,37.801838,0.143692,2.419676,0.062918,0.081389,0.075520,203.822952,-0.500000,0.866025
2012,11,20.000000,-155.000000,22.500000,-152.500000,4431.260000,0.592157,13.843241,0.013540,14.448938,,,,,,,,,,-0.500000,0.866025
2012,11,20.000000,-160.000000,22.500000,-157.500000,7927.620000,0.793429,12.805987,0.027877,13.627293,,,,,,,,,,-0.500000,0.866025
2012,11,20.000000,-165.000000,22.500000,-162.500000,7990.960000,2.568152,14.505266,0.708676,17.782094,,,,,,,,,,-0.500000,0.866025
2012,11,20.000000,-170.000000,22.500000,-167.500000,5926.310000,2.537667,15.383097,3.264763,21.185527,,,,,,,,,,-0.500000,0.866025
2012,11,-20.000000,-135.000000,-17.500000,-132.500000,11937.890000,3.557329,5.484303,26.688636,35.730267,,,,,,,,,,-0.500000,0.866025
2012,11,-20.000000,150.000000,-17.500000,152.500000,1660.780000,22.119125,13.187177,92.616722,127.923024,26.352389,0.794454,23.733017,0.191205,2.510176,0.053128,0.189444,0.106162,208.704636,-0.500000,0.866025
2012,11,-20.000000,-150.000000,-17.500000,-147.500000,5969.480000,1.570321,1.990123,20.174454,23.734898,,,,,,,,,,-0.500000,0.866025
2012,11,-20.000000,155.000000,-17.500000,157.500000,1627.870000,8.235916,0.755589,84.727282,93.718786,26.614289,0.817411,25.771229,0.214628,2.959676,0.075709,0.273889,0.080518,208.735855,-0.500000,0.866025
2012,11,-20.000000,-155.000000,-17.500000,-152.500000,2953.120000,1.246140,2.312470,15.668513,19.227123,,,,,,,,,,-0.500000,0.866025
2012,11,-20.000000,160.000000,-17.500000,162.500000,16716.130000,2.121663,0.730672,24.988738,27.841073,26.689299,0.797595,25.681848,0.132946,52.260188,0.031582,0.231453,0.079373,207.897034,-0.500000,0.866025
2012,11,-20.000000,-160.000000,-17.500000,-157.500000,1641.000000,2.682511,3.525899,17.689214,23.897623,,,,,,,,,,-0.500000,0.866025
2012,11,-20.000000,165.000000,-17.500000,167.500000,32446.520000,1.643998,0.465504,21.614645,23.724147,26.598732,0.794637,23.953709,0.121990,123.275742,0.036783,0.249212,0.082316,207.343384,-0.500000,0.866025
2012,11,-20.000000,-165.000000,-17.500000,-162.500000,1506.560000,1.308278,0.963785,15.009027,17.281091,,,,,,,,,,-0.500000,0.866025
2012,11,-20.000000,170.000000,-17.500000,172.500000,23460.350000,1.590513,0.559582,23.449565,25.599661,26.819657,0.793509,26.632530,0.147818,1.962602,0.053863,0.254444,0.073751,207.280502,-0.500000,0.866025
2012,11,-20.000000,175.000000,-17.500000,177.500000,15037.960000,2.259681,0.609724,16.234582,19.103988,27.159305,0.805818,25.541394,0.115909,125.773247,0.035234,0.206461,0.085051,206.541885,-0.500000,0.866025
2012,11,-20.000000,-175.000000,-17.500000,-172.500000,2498.550000,2.529067,0.627164,12.986732,16.142963,,,,,,,,,,-0.500000,0.866025
2012,11,-20.000000,-180.000000,-17.500000,-177.500000,4549.650000,2.308309,0.892816,10.522568,13.723693,,,,,,,,,,-0.500000,0.866025
2012,11,25.000000,130.000000,27.500000,132.500000,1618.060000,0.498127,7.154864,21.434310,29.087302,24.024286,1.023203,62.014988,0.185476,49.736692,0.121653,0.234510,0.127931,211.625763,-0.500000,0.866025
2012,11,25.000000,135.000000,27.500000,137.500000,4966.550000,0.079129,0.226314,1.638562,1.944005,24.776169,1.027156,53.750600,0.126087,3.831184,0.077296,0.380556,0.090012,212.865997,-0.500000,0.866025
2012,11,25.000000,145.000000,27.500000,147.500000,9334.070000,0.178486,0.496996,0.306940,0.982422,25.014038,0.965075,49.716774,0.134847,3.124687,0.083619,0.314444,0.065284,210.985840,-0.500000,0.866025
2012,11,25.000000,-160.000000,27.500000,-157.500000,1543.760000,1.470436,13.730761,0.051822,15.253019,,,,,,,,,,-0.500000,0.866025
2012,11,-25.000000,-150.000000,-22.500000,-147.500000,1534.910000,1.167495,1.837893,37.548130,40.553518,,,,,,,,,,-0.500000,0.866025
2012,11,-25.000000,155.000000,-22.500000,157.500000,1304.150000,21.735997,1.760534,9.331749,32.828279,24.302664,0.707770,19.369884,0.215754,49.771456,0.085626,0.225618,0.104657,216.250534,-0.500000,0.866025
2012,11,-25.000000,165.000000,-22.500000,167.500000,1791.440000,1.994485,0.550953,17.271580,19.817019,24.060373,0.671885,19.045469,0.210621,115.640639,0.099826,0.356605,0.075506,217.246689,-0.500000,0.866025
2012,11,-25.000000,170.000000,-22.500000,172.500000,1867.580000,0.945073,0.420330,31.247925,32.613328,24.293071,0.681987,21.368341,0.231908,2.795271,0.091893,0.403333,0.072143,217.666290,-0.500000,0.866025
2012,11,-25.000000,175.000000,-22.500000,177.500000,4389.590000,0.888238,0.472026,18.964869,20.325133,24.095131,0.661792,20.628818,0.183948,2.859583,0.113602,0.403611,0.070880,217.713104,-0.500000,0.866025
2012,11,30.000000,130.000000,32.500000,132.500000,1925.830000,12.460601,0.809002,6.834975,20.104578,22.292942,0.751713,58.348923,0.328932,105.989741,0.287754,0.621195,0.459501,218.317963,-0.500000,0.866025
2012,11,30.000000,135.000000,32.500000,137.500000,3009.190000,0.420379,0.499138,5.303753,6.223269,22.544066,0.929514,63.864686,0.475081,100.608429,0.389238,0.595790,0.348599,216.948349,-0.500000,0.866025
2012,11,30.000000,140.000000,32.500000,142.500000,4179.320000,0.059818,2.510456,5.767924,8.338199,22.875577,0.959347,66.704733,0.259569,31.201914,0.185421,0.360556,0.182837,220.141479,-0.500000,0.866025
2012,11,30.000000,145.000000,32.500000,147.500000,10236.290000,0.090072,8.269988,9.139542,17.499602,23.097429,1.163605,65.355645,0.161823,1.889605,0.092099,0.186944,0.091397,220.559662,-0.500000,0.866025
2012,11,30.000000,150.000000,32.500000,152.500000,9951.240000,0.356538,13.497916,13.583533,27.437988,22.923097,0.934106,63.252835,0.350435,2.753321,0.254083,0.287778,0.107985,220.858139,-0.500000,0.866025
2012,11,30.000000,155.000000,32.500000,157.500000,13316.260000,0.481892,16.404156,14.014821,30.900869,22.644324,0.820998,58.927896,0.307822,2.676128,0.238191,0.315278,0.078228,222.834732,-0.500000,0.866025
2012,11,30.000000,160.000000,32.500000,162.500000,8170.310000,1.084169,17.717443,37.369573,56.171186,22.585502,0.853735,54.526152,0.205838,3.092173,0.136251,0.416944,0.076510,224.117676,-0.500000,0.866025
2012,11,30.000000,165.000000,32.500000,167.500000,5984.050000,0.800963,15.486836,40.565670,56.853469,22.181477,0.788031,49.587070,0.212581,3.758440,0.138273,0.391389,0.072400,224.826157,-0.500000,0.866025
2012,11,30.000000,170.000000,32.500000,172.500000,6275.560000,1.238296,17.782477,21.815902,40.836674,21.953655,0.715690,46.881731,0.169532,2.507510,0.136282,0.226111,0.069808,225.364456,-0.500000,0.866025
2012,11,30.000000,175.000000,32.500000,177.500000,1135.770000,10.510931,16.964702,11.713639,39.189272,21.706867,0.698343,47.938858,0.128990,3.148182,0.084933,0.256389,0.073766,227.442963,-0.500000,0.866025
2012,11,30.000000,-175.000000,32.500000,-172.500000,1111.220000,0.204280,2.101294,46.693724,48.999298,,,,,,,,,,-0.500000,0.866025
2012,11,-30.000000,170.000000,-27.500000,172.500000,3131.000000,2.685404,0.734270,24.354519,27.774194,21.382509,0.526210,21.685521,0.170420,2.787258,0.093940,0.401111,0.094178,229.533401,-0.500000,0.866025
2012,11,35.000000,140.000000,37.500000,142.500000,6077.580000,0.103331,13.665801,4.408663,18.177794,18.920381,0.383662,55.978592,0.425389,92.040391,0.341499,0.743517,0.371221,228.625275,-0.500000,0.866025
2012,11,35.000000,145.000000,37.500000,147.500000,6294.900000,0.100875,14.866797,4.985941,19.953613,18.628038,0.267598,49.947231,0.501676,7.507576,0.317315,0.769444,0.296189,225.615936,-0.500000,0.866025
2012,11,35.000000,150.000000,37.500000,152.500000,5902.950000,0.307643,13.596930,6.574001,20.478574,19.281462,0.296153,51.687591,0.411877,10.468808,0.273824,0.612778,0.287508,230.033981,-0.500000,0.866025
2012,11,35.000000,155.000000,37.500000,157.500000,4109.730000,0.490786,16.137800,13.859791,30.488378,19.757290,0.449742,55.663390,0.347995,4.299909,0.308524,0.617500,0.283063,230.645081,-0.500000,0.866025
2012,11,35.000000,160.000000,37.500000,162.500000,4214.870000,0.862186,17.689751,21.183809,39.735745,19.262353,0.280943,48.061907,0.280862,6.928084,0.255633,0.408333,0.263190,235.354919,-0.500000,0.866025
2012,11,35.000000,-160.000000,37.500000,-157.500000,4837.820000,0.055190,0.535365,68.716695,69.307250,,,,,,,,,,-0.500000,0.866025
2012,11,35.000000,165.000000,37.500000,167.500000,5305.150000,0.799977,16.921293,24.094323,41.815594,19.550566,0.462895,51.585609,0.261927,7.337589,0.147352,0.567778,0.265768,239.332794,-0.500000,0.866025
2012,11,35.000000,-165.000000,37.500000,-162.500000,3338.710000,0.022464,0.206966,49.358585,49.588015,,,,,,,,,,-0.500000,0.866025
2012,11,35.000000,170.000000,37.500000,172.500000,4113.360000,0.349106,5.804014,4.685221,10.838341,18.569230,0.380343,42.943317,0.227994,6.228490,0.170814,0.570000,0.239424,242.596893,-0.500000,0.866025
2012,11,35.000000,-170.000000,37.500000,-167.500000,2163.180000,0.179828,1.441859,61.503897,63.125584,,,,,,,,,,-0.500000,0.866025
2012,11,35.000000,-180.000000,37.500000,-177.500000,1492.590000,0.198313,0.429455,37.776616,38.404384,,,,,,,,,,-0.500000,0.866025
2012,11,40.000000,150.000000,42.500000,152.500000,1762.250000,0.000000,0.000000,0.005107,0.005107,11.499807,-0.086699,37.102668,0.125389,11.271850,0.094818,0.768611,0.409186,260.551941,-0.500000,0.866025
2012,12,0.000000,120.000000,2.500000,122.500000,19356.950000,12.259834,3.788717,0.000000,16.048551,29.363219,0.638792,13.049600,0.383108,137.566415,0.034045,0.064246,0.107837,201.064346,-0.000000,1.000000
2012,12,0.000000,125.000000,2.500000,127.500000,25648.810000,12.316673,3.731830,0.000000,16.048503,29.473319,0.626581,13.894831,0.339413,137.802535,0.028371,0.152450,0.100160,200.294128,-0.000000,1.000000
2012,12,0.000000,130.000000,2.500000,132.500000,17334.150000,11.747620,4.613783,0.018345,16.379747,29.707578,0.638180,15.435761,0.236571,119.264303,0.030322,0.005835,0.100958,200.499634,-0.000000,1.000000
2012,12,0.000000,135.000000,2.500000,137.500000,9120.380000,9.292705,4.337429,0.631772,14.261906,29.710722,0.650807,14.904774,0.280087,0.494739,0.027862,0.000000,0.095807,200.561798,-0.000000,1.000000
2012,12,0.000000,140.000000,2.500000,142.500000,5651.350000,2.351120,20.420607,0.836437,23.608164,29.784546,0.680583,15.988309,0.355194,0.490694,0.018500,0.000000,0.088019,199.876587,-0.000000,1.000000
2012,12,0.000000,145.000000,2.500000,147.500000,3203.520000,5.628496,3.810808,0.151396,9.590700,29.812736,0.695643,20.089234,0.290226,0.421625,0.013392,0.000000,0.081702,199.581070,-0.000000,1.000000
2012,12,0.000000,150.000000,2.500000,152.500000,5819.470000,7.539690,12.502857,0.701610,20.744157,29.804071,0.697464,22.220401,0.288481,0.245691,0.018111,0.000000,0.077544,199.172379,-0.000000,1.000000
2012,12,0.000000,155.000000,2.500000,157.500000,4217.920000,6.939914,10.295122,0.902340,18.137376,29.831854,0.709777,22.843445,0.321294,0.431097,0.014665,0.000000,0.082766,198.925873,-0.000000,1.000000
2012,12,0.000000,160.000000,2.500000,162.500000,2013.720000,6.387184,4.953519,2.100093,13.440796,29.922339,0.715858,23.555501,0.322249,0.644199,0.013167,0.000000,0.122338,199.887741,-0.000000,1.000000
2012,12,0.000000,-160.000000,2.500000,-157.500000,2254.360000,12.601359,13.016555,0.072304,25.690218,,,,,,,,,,-0.000000,1.000000
2012,12,0.000000,165.000000,2.500000,167.500000,6106.170000,7.178641,12.497687,1.200916,20.877244,29.832610,0.712942,20.563607,0.361739,93.989974,0.026962,0.002779,0.159734,199.912155,-0.000000,1.000000
2012,12,0.000000,-165.000000,2.500000,-162.500000,4020.600000,17.965478,14.782868,0.223598,32.971944,,,,,,,,,,-0.000000,1.000000
2012,12,0.000000,170.000000,2.500000,172.500000,2795.490000,8.558786,9.832266,1.398324,19.789375,29.513094,0.694334,23.173115,0.410955,132.186851,0.029990,0.019537,0.212685,200.743317,-0.000000,1.000000
2012,12,0.000000,-170.000000,2.500000,-167.500000,3716.940000,8.808859,7.624551,0.252089,16.685499,,,,,,,,,,-0.000000,1.000000
2012,12,0.000000,175.000000,2.500000,177.500000,5620.740000,7.728164,7.645612,0.475738,15.849514,29.123061,0.685204,26.992902,0.426028,0.295777,0.033476,0.000000,0.166169,200.604858,-0.000000,1.000000
2012,12,5.000000,125.000000,7.500000,127.500000,1664.270000,7.197150,6.425640,0.264380,13.887170,29.038474,0.642523,26.004504,0.335077,130.238321,0.050187,0.076617,0.101744,200.205719,-0.000000,1.000000
2012,12,5.000000,130.000000,7.500000,132.500000,7715.650000,3.098119,12.762113,0.000000,15.860232,29.206531,0.600090,32.161007,0.232652,130.072495,0.039590,0.007804,0.081809,199.615311,-0.000000,1.000000
2012,12,5.000000,135.000000,7.500000,137.500000,2406.660000,2.001114,6.865947,0.000000,8.867061,29.183815,0.601867,35.493580,0.264146,129.877559,0.049241,0.006954,0.078122,199.101196,-0.000000,1.000000
2012,12,5.000000,145.000000,7.500000,147.500000,1054.980000,12.118713,16.191776,0.000000,28.310489,29.164978,0.634860,40.673037,0.221204,0.363672,0.030612,0.000000,0.073100,198.693176,-0.000000,1.000000
2012,12,5.000000,150.000000,7.500000,152.500000,1347.050000,11.058238,16.910285,0.000000,27.968524,29.123532,0.625978,41.376542,0.243748,116.568870,0.037429,0.004454,0.068905,198.462204,-0.000000,1.000000
2012,12,5.000000,155.000000,7.500000,157.500000,2958.350000,5.418223,10.881742,0.015549,16.315514,29.136830,0.631610,41.816935,0.261232,123.847647,0.035794,0.003614,0.067147,198.561188,-0.000000,1.000000
2012,12,5.000000,160.000000,7.500000,162.500000,1018.350000,15.988609,17.841607,0.773801,34.604016,29.103251,0.639840,39.034532,0.228130,0.589349,0.031606,0.000000,0.064340,198.677948,-0.000000,1.000000
2012,12,5.000000,165.000000,7.500000,167.500000,14540.560000,9.552933,11.645150,0.992190,22.190273,29.124613,0.639419,33.315969,0.230589,132.706687,0.041747,0.041643,0.091744,199.078659,-0.000000,1.000000
2012,12,5.000000,170.000000,7.500000,172.500000,1631.930000,9.594162,11.299504,1.024554,21.918220,29.044859,0.581047,26.639913,0.218559,131.687327,0.056597,0.027848,0.106172,199.558777,-0.000000,1.000000
2012,12,5.000000,175.000000,7.500000,177.500000,3135.790000,9.235312,8.604849,0.771416,18.611578,28.890299,0.554538,29.006827,0.283256,0.647395,0.090569,0.000000,0.120400,200.208237,-0.000000,1.000000
2012,12,-5.000000,120.000000,-2.500000,122.500000,25167.460000,12.491646,3.556855,0.000000,16.048501,30.408230,0.651832,12.319980,0.162430,141.871875,0.025432,0.256627,0.121144,201.394073,-0.000000,1.000000
2012,12,-5.000000,125.000000,-2.500000,127.500000,37751.190000,12.491659,3.556842,0.000000,16.048501,30.138249,0.630743,12.730849,0.206196,136.024533,0.018551,0.137461,0.109269,201.445892,-0.000000,1.000000
2012,12,-5.000000,130.000000,-2.500000,132.500000,12583.730000,12.491686,3.556815,0.000000,16.048501,30.036358,0.646928,12.657859,0.153457,140.419065,0.015908,0.254448,0.130949,199.899719,-0.000000,1.000000
2012,12,-5.000000,140.000000,-2.500000,142.500000,2451.290000,8.991592,0.569904,0.684538,10.246034,29.664235,0.684797,17.012517,0.143838,131.173713,0.007974,0.042035,0.111460,200.252502,-0.000000,1.000000
2012,12,-5.000000,-155.000000,-2.500000,-152.500000,6766.320000,5.799312,15.491582,11.933222,33.224116,,,,,,,,,,-0.000000,1.000000
2012,12,-5.000000,160.000000,-2.500000,162.500000,1564.390000,6.422312,4.218897,3.166730,13.807938,30.203020,0.746304,19.199916,0.344441,0.283950,0.045941,0.000000,0.144318,200.175995,-0.000000,1.000000
2012,12,-5.000000,-160.000000,-2.500000,-157.500000,4136.480000,6.843983,16.275432,0.418472,23.537887,,,,,,,,,,-0.000000,1.000000
2012,12,-5.000000,-165.000000,-2.500000,-162.500000,5665.590000,10.698444,22.994075,0.497036,34.189555,,,,,,,,,,-0.000000,1.000000
2012,12,-5.000000,170.000000,-2.500000,172.500000,1720.790000,2.898088,12.946379,1.963633,17.808100,29.720487,0.708294,23.562451,0.402275,131.751262,0.046729,0.010591,0.158254,201.056580,-0.000000,1.000000
2012,12,-5.000000,-170.000000,-2.500000,-167.500000,8114.040000,9.484671,20.563862,0.564577,30.613110,,,,,,,,,,-0.000000,1.000000
2012,12,-5.000000,175.000000,-2.500000,177.500000,11444.250000,5.104135,15.209559,1.251895,21.565590,29.341610,0.692493,30.093177,0.411794,93.170591,0.044123,0.001668,0.156821,201.664215,-0.000000,1.000000
2012,12,-5.000000,-175.000000,-2.500000,-172.500000,3724.070000,16.341530,8.551397,0.721254,25.614180,,,,,,,,,,-0.000000,1.000000
2012,12,-5.000000,-180.000000,-2.500000,-177.500000,8128.790000,6.242873,15.988234,1.645632,23.876739,,,,,,,,,,-0.000000,1.000000
2012,12,10.000000,110.000000,12.500000,112.500000,21825.930000,11.889528,3.589950,0.000000,15.479478,27.861895,0.675731,24.988557,0.244319,1.690482,0.091742,0.046944,0.083078,204.437805,-0.000000,1.000000
2012,12,10.000000,115.000000,12.500000,117.500000,21825.930000,11.889528,3.589950,0.000000,15.479478,28.537552,0.734601,28.442577,0.136433,128.833738,0.032822,0.057889,0.090942,202.445145,-0.000000,1.000000
2012,12,10.000000,130.000000,12.500000,132.500000,1170.070000,0.798243,1.419573,0.799097,3.016914,28.811087,0.835801,50.785049,0.248206,0.523785,0.080047,0.000000,0.076485,200.054123,-0.000000,1.000000
2012,12,10.000000,155.000000,12.500000,157.500000,2066.700000,0.917405,1.124982,0.299511,2.341898,28.544828,0.814864,65.913583,0.234220,0.288678,0.069433,0.000000,0.073647,199.904343,-0.000000,1.000000
2012,12,10.000000,-165.000000,12.500000,-162.500000,2060.500000,5.519534,10.896384,1.149721,17.565639,,,,,,,,,,-0.000000,1.000000
2012,12,10.000000,170.000000,12.500000,172.500000,2720.020000,9.618312,18.677069,14.436659,42.732039,28.078591,0.724952,59.761714,0.258565,56.509082,0.082068,0.003056,0.096254,201.708145,-0.000000,1.000000
2012,12,10.000000,-170.000000,12.500000,-167.500000,3929.290000,6.119935,8.823986,2.832318,17.776239,,,,,,,,,,-0.000000,1.000000
2012,12,10.000000,175.000000,12.500000,177.500000,1937.540000,9.065619,15.846383,11.089836,36.001837,27.824742,0.679927,54.765044,0.251827,0.429532,0.085343,0.000000,0.113444,202.663651,-0.000000,1.000000
2012,12,10.000000,-175.000000,12.500000,-172.500000,5990.460000,10.526571,12.390868,6.001709,28.919148,,,,,,,,,,-0.000000,1.000000
2012,12,10.000000,-180.000000,12.500000,-177.500000,6752.990000,12.646102,11.693635,8.207920,32.547657,,,,,,,,,,-0.000000,1.000000
2012,12,-10.000000,-135.000000,-7.500000,-132.500000,6354.250000,8.837864,19.103592,1.287957,29.229413,,,,,,,,,,-0.000000,1.000000
2012,12,-10.000000,-140.000000,-7.500000,-137.500000,3386.470000,7.084959,23.989582,0.097151,31.171692,,,,,,,,,,-0.000000,1.000000
2012,12,-10.000000,145.000000,-7.500000,147.500000,1706.140000,28.647708,0.710375,0.309471,29.667554,29.348918,0.724978,11.816519,0.207001,135.304700,0.032586,0.274354,0.139599,200.283615,-0.000000,1.000000
2012,12,-10.000000,150.000000,-7.500000,152.500000,1211.190000,15.568986,0.021466,0.034677,15.625129,29.637391,0.692184,13.405084,0.288749,134.843683,0.047739,0.092654,0.102742,199.609039,-0.000000,1.000000
2012,12,-10.000000,-150.000000,-7.500000,-147.500000,11040.510000,6.220003,25.268489,7.438787,38.927278,,,,,,,,,,-0.000000,1.000000
2012,12,-10.000000,-155.000000,-7.500000,-152.500000,15329.860000,5.644605,20.288248,5.144665,31.077518,,,,,,,,,,-0.000000,1.000000
2012,12,-10.000000,-160.000000,-7.500000,-157.500000,5330.220000,5.087970,9.406178,4.196637,18.690786,,,,,,,,,,-0.000000,1.000000
2012,12,-10.000000,165.000000,-7.500000,167.500000,1052.340000,3.123515,8.063934,9.429462,20.616911,30.172980,0.808231,18.921604,0.171212,0.481342,0.053252,0.000000,0.081701,197.552612,-0.000000,1.000000
2012,12,-10.000000,-165.000000,-7.500000,-162.500000,7517.910000,3.817949,10.823620,3.587167,18.228736,,,,,,,,,,-0.000000,1.000000
2012,12,-10.000000,170.000000,-7.500000,172.500000,2181.690000,7.047289,6.710394,5.785882,19.543565,30.084227,0.799046,20.736777,0.136583,0.438239,0.038434,0.000000,0.086123,197.583847,-0.000000,1.000000
2012,12,-10.000000,-170.000000,-7.500000,-167.500000,5502.780000,4.007974,12.038097,3.737020,19.783091,,,,,,,,,,-0.000000,1.000000
2012,12,-10.000000,175.000000,-7.500000,177.500000,3072.150000,2.763211,5.765018,3.983855,12.512084,29.968076,0.771366,22.547203,0.170271,0.352641,0.048332,0.000000,0.105266,197.724167,-0.000000,1.000000
2012,12,-10.000000,-175.000000,-7.500000,-172.500000,2437.770000,5.883246,7.805084,4.713734,18.402064,,,,,,,,,,-0.000000,1.000000
2012,12,-10.000000,-180.000000,-7.500000,-177.500000,10620.920000,3.591120,10.839456,3.999748,18.430324,,,,,,,,,,-0.000000,1.000000
2012,12,15.000000,110.000000,17.500000,112.500000,24043.980000,12.824333,3.297541,0.087589,16.209463,26.558305,0.669427,37.747006,0.198575,112.238841,0.069033,0.141621,0.126771,207.904022,-0.000000,1.000000
2012,12,15.000000,115.000000,17.500000,117.500000,25255.480000,11.787818,3.209086,0.120212,15.117115,27.073767,0.609867,26.604746,0.207686,127.581699,0.080894,0.257939,0.090944,205.457520,-0.000000,1.000000
2012,12,15.000000,125.000000,17.500000,127.500000,1256.980000,1.622938,5.623797,19.802224,27.048959,27.522836,0.998886,54.069476,0.238878,2.735008,0.127362,0.233056,0.078505,203.282379,-0.000000,1.000000
2012,12,15.000000,130.000000,17.500000,132.500000,2106.830000,1.606679,3.151654,11.885629,16.643963,27.568226,0.991500,54.007252,0.174593,2.347011,0.062642,0.161111,0.075234,203.193344,-0.000000,1.000000
2012,12,15.000000,160.000000,17.500000,162.500000,1397.500000,5.998569,2.992487,9.750268,18.741324,28.132916,0.923497,80.427297,0.114617,1.101388,0.033001,0.006667,0.060675,201.357956,-0.000000,1.000000
2012,12,15.000000,-160.000000,17.500000,-157.500000,1641.770000,5.275404,10.779220,0.097456,16.152080,,,,,,,,,,-0.000000,1.000000
2012,12,15.000000,-165.000000,17.500000,-162.500000,8335.270000,5.084538,13.143186,2.082716,20.310440,,,,,,,,,,-0.000000,1.000000
2012,12,15.000000,170.000000,17.500000,172.500000,10207.800000,3.878505,4.419366,28.124767,36.422638,27.728060,0.868654,81.112183,0.115671,2.243944,0.039688,0.071944,0.055477,201.910156,-0.000000,1.000000
2012,12,15.000000,-170.000000,17.500000,-167.500000,2788.320000,8.091252,12.768979,4.385795,25.246026,,,,,,,,,,-0.000000,1.000000
2012,12,15.000000,175.000000,17.500000,177.500000,1092.180000,5.544874,3.297991,20.211870,29.054735,27.607406,0.852368,76.098967,0.124694,1.016064,0.041313,0.014167,0.053818,202.506149,-0.000000,1.000000
2012,12,-15.000000,-135.000000,-12.500000,-132.500000,36048.580000,2.391800,34.191971,2.163747,38.747518,,,,,,,,,,-0.000000,1.000000
2012,12,-15.000000,-140.000000,-12.500000,-137.500000,3875.490000,2.673984,30.780882,2.051612,35.506478,,,,,,,,,,-0.000000,1.000000
2012,12,-15.000000,145.000000,-12.500000,147.500000,3061.080000,24.922903,0.538045,0.471729,25.932677,28.395182,0.783288,16.629579,0.180882,129.488709,0.035693,0.068470,0.102718,201.784241,-0.000000,1.000000
2012,12,-15.000000,-145.000000,-12.500000,-142.500000,1230.880000,4.500032,11.751755,8.579228,24.831015,,,,,,,,,,-0.000000,1.000000
2012,12,-15.000000,150.000000,-12.500000,152.500000,3526.840000,28.989690,0.100940,2.453471,31.544102,28.786048,0.772899,16.536173,0.186908,130.877614,0.034584,0.081592,0.094523,200.252716,-0.000000,1.000000
2012,12,-15.000000,-150.000000,-12.500000,-147.500000,3096.490000,7.688060,15.594108,6.079141,29.361309,,,,,,,,,,-0.000000,1.000000
2012,12,-15.000000,155.000000,-12.500000,157.500000,7732.370000,2.238770,0.623095,24.531289,27.393154,29.219673,0.725745,16.294935,0.193441,0.980425,0.065071,0.012222,0.088758,199.386703,-0.000000,1.000000
2012,12,-15.000000,-155.000000,-12.500000,-152.500000,16864.280000,3.738256,12.137963,7.822925,23.699144,,,,,,,,,,-0.000000,1.000000
2012,12,-15.000000,160.000000,-12.500000,162.500000,6587.690000,2.198039,0.515811,15.051862,17.765712,29.218622,0.732975,16.213677,0.150589,132.717186,0.058077,0.028676,0.080794,198.752121,-0.000000,1.000000
2012,12,-15.000000,-160.000000,-12.500000,-157.500000,4925.670000,3.116733,4.998102,9.828105,17.942940,,,,,,,,,,-0.000000,1.000000
2012,12,-15.000000,165.000000,-12.500000,167.500000,27470.570000,1.527453,0.355690,16.587461,18.470603,29.468156,0.738050,14.144035,0.143978,128.768786,0.046216,0.015913,0.073065,198.690567,-0.000000,1.000000
2012,12,-15.000000,-165.000000,-12.500000,-162.500000,3978.010000,1.329056,1.935138,8.767700,12.031895,,,,,,,,,,-0.000000,1.000000
2012,12,-15.000000,170.000000,-12.500000,172.500000,3831.430000,3.019760,2.061110,14.837280,19.918151,29.469223,0.732940,17.433911,0.135833,0.444811,0.048286,0.000000,0.071345,197.876816,-0.000000,1.000000
2012,12,-15.000000,-170.000000,-12.500000,-167.500000,6269.500000,1.534413,1.205997,13.054630,15.795039,,,,,,,,,,-0.000000,1.000000
2012,12,-15.000000,-175.000000,-12.500000,-172.500000,4303.730000,3.108002,0.969624,18.171214,22.248840,,,,,,,,,,-0.000000,1.000000
2012,12,20.000000,125.000000,22.500000,127.500000,2272.830000,1.015914,6.091965,17.278899,24.386778,24.969064,0.926922,50.271867,0.261064,74.039716,0.157378,0.456087,0.080222,210.341721,-0.000000,1.000000
2012,12,20.000000,130.000000,22.500000,132.500000,2217.150000,0.548452,6.528201,18.315405,25.392057,25.078990,0.923808,51.106129,0.182009,3.401530,0.083994,0.420278,0.085706,210.882019,-0.000000,1.000000
2012,12,20.000000,135.000000,22.500000,137.500000,1348.730000,0.226139,0.294351,0.498246,1.018736,25.418027,0.884267,50.831166,0.166815,4.795022,0.081190,0.272500,0.075210,209.435944,-0.000000,1.000000
2012,12,20.000000,145.000000,22.500000,147.500000,3754.610000,0.376870,1.381235,1.191069,2.949174,25.976387,0.818393,48.273799,0.121715,3.364804,0.055212,0.209167,0.069101,207.837051,-0.000000,1.000000
2012,12,20.000000,150.000000,22.500000,152.500000,2720.520000,1.066708,6.270125,8.961154,16.297987,26.502197,0.841253,47.063189,0.140302,3.266989,0.064883,0.236111,0.066376,207.530701,-0.000000,1.000000
2012,12,20.000000,155.000000,22.500000,157.500000,1011.720000,0.988416,3.718420,4.498280,9.205116,26.454295,0.890626,53.680408,0.123562,2.002721,0.061929,0.145833,0.066716,207.057693,-0.000000,1.000000
2012,12,20.000000,-155.000000,22.500000,-152.500000,2567.430000,1.386601,15.138485,0.035055,16.560140,,,,,,,,,,-0.000000,1.000000
2012,12,20.000000,-160.000000,22.500000,-157.500000,10118.010000,1.543090,14.631138,0.110694,16.284922,,,,,,,,,,-0.000000,1.000000
2012,12,20.000000,-165.000000,22.500000,-162.500000,5073.480000,1.969063,13.189566,0.402091,15.560720,,,,,,,,,,-0.000000,1.000000
2012,12,20.000000,-170.000000,22.500000,-167.500000,1472.370000,4.564070,11.249890,2.669166,18.483126,,,,,,,,,,-0.000000,1.000000
2012,12,-20.000000,-135.000000,-17.500000,-132.500000,10263.370000,3.334090,5.002548,26.607830,34.944468,,,,,,,,,,-0.000000,1.000000
2012,12,-20.000000,-145.000000,-17.500000,-142.500000,1572.850000,4.873955,2.724990,18.669295,26.268239,,,,,,,,,,-0.000000,1.000000
2012,12,-20.000000,-150.000000,-17.500000,-147.500000,5628.040000,1.775041,0.997150,23.196708,25.968899,,,,,,,,,,-0.000000,1.000000
2012,12,-20.000000,155.000000,-17.500000,157.500000,1104.760000,4.275137,0.394656,57.181650,61.851443,27.667206,0.812692,19.988904,0.156410,1.844757,0.060836,0.128333,0.085058,205.344788,-0.000000,1.000000
2012,12,-20.000000,-155.000000,-17.500000,-152.500000,1739.060000,3.282233,2.152887,25.889274,31.324394,,,,,,,,,,-0.000000,1.000000
2012,12,-20.000000,160.000000,-17.500000,162.500000,16394.270000,1.900603,0.328956,19.575376,21.804936,27.727647,0.787123,17.076883,0.142302,54.836988,0.053941,0.208113,0.086839,204.548080,-0.000000,1.000000
2012,12,-20.000000,-160.000000,-17.500000,-157.500000,2904.950000,0.866452,1.173858,12.949965,14.990275,,,,,,,,,,-0.000000,1.000000
2012,12,-20.000000,165.000000,-17.500000,167.500000,21571.420000,1.231398,0.323391,12.931740,14.486529,27.918216,0.807485,14.304798,0.132739,128.978738,0.027844,0.147236,0.093753,204.031601,-0.000000,1.000000
2012,12,-20.000000,-165.000000,-17.500000,-162.500000,12607.720000,0.798082,0.891359,15.222499,16.911940,,,,,,,,,,-0.000000,1.000000
2012,12,-20.000000,170.000000,-17.500000,172.500000,25549.570000,1.629812,0.302588,19.988790,21.921191,27.940737,0.817087,16.524502,0.153137,2.958704,0.058718,0.189167,0.080221,203.915192,-0.000000,1.000000
2012,12,-20.000000,-170.000000,-17.500000,-167.500000,2980.100000,2.251938,0.965404,17.705782,20.923123,,,,,,,,,,-0.000000,1.000000
2012,12,-20.000000,175.000000,-17.500000,177.500000,13441.840000,4.890476,0.505958,13.195664,18.592098,28.056432,0.827834,18.844979,0.112877,129.600640,0.020332,0.133921,0.087511,203.557449,-0.000000,1.000000
2012,12,-20.000000,-175.000000,-17.500000,-172.500000,6077.010000,4.093790,1.100541,19.539872,24.734203,,,,,,,,,,-0.000000,1.000000
2012,12,-20.000000,-180.000000,-17.500000,-177.500000,3353.980000,6.378392,1.157729,10.377522,17.913643,,,,,,,,,,-0.000000,1.000000
2012,12,25.000000,130.000000,27.500000,132.500000,6520.790000,4.375083,5.034053,18.002573,27.411709,22.719304,0.934951,73.088357,0.241332,48.030385,0.139859,0.452626,0.248260,217.869858,-0.000000,1.000000
2012,12,25.000000,135.000000,27.500000,137.500000,11222.190000,1.163409,1.845629,9.235987,12.245025,22.600278,1.001538,77.287366,0.153498,3.158595,0.091245,0.363611,0.170065,219.282700,-0.000000,1.000000
2012,12,25.000000,140.000000,27.500000,142.500000,6281.060000,2.572496,5.335405,39.712405,47.620306,22.556108,0.931783,73.477237,0.129030,44.673625,0.081676,0.401223,0.063726,218.565002,-0.000000,1.000000
2012,12,25.000000,145.000000,27.500000,147.500000,17681.650000,0.445547,2.226037,16.067505,18.739088,22.829919,0.916002,67.465153,0.132084,6.254357,0.079974,0.354444,0.055810,218.930298,-0.000000,1.000000
2012,12,25.000000,150.000000,27.500000,152.500000,5300.110000,0.239995,3.048805,25.329097,28.617897,23.206353,0.889790,64.221925,0.110173,4.443532,0.054381,0.368889,0.059837,218.536331,-0.000000,1.000000
2012,12,25.000000,155.000000,27.500000,157.500000,4437.300000,0.122597,2.824240,19.403241,22.350078,23.201851,0.848492,61.006207,0.115413,4.533207,0.070240,0.490278,0.054433,219.120163,-0.000000,1.000000
2012,12,25.000000,-155.000000,27.500000,-152.500000,1287.410000,1.941883,17.510350,0.155351,19.607584,,,,,,,,,,-0.000000,1.000000
2012,12,25.000000,160.000000,27.500000,162.500000,1060.850000,0.155536,5.079889,54.322477,59.557902,23.235810,0.820745,58.909712,0.121071,4.436714,0.063055,0.437778,0.052362,219.781113,-0.000000,1.000000
2012,12,25.000000,-160.000000,27.500000,-157.500000,3488.360000,2.118474,19.417147,0.177734,21.713355,,,,,,,,,,-0.000000,1.000000
2012,12,25.000000,-165.000000,27.500000,-162.500000,2211.150000,2.546186,18.520227,0.275875,21.342288,,,,,,,,,,-0.000000,1.000000
2012,12,-25.000000,-135.000000,-22.500000,-132.500000,1104.080000,0.800667,0.682016,33.994819,35.477502,,,,,,,,,,-0.000000,1.000000
2012,12,-25.000000,150.000000,-22.500000,152.500000,1283.700000,19.626081,2.447612,4.479240,26.552933,26.778566,0.653100,19.308604,0.211684,121.914377,0.111842,0.335953,0.132575,207.015320,-0.000000,1.000000
2012,12,-25.000000,-150.000000,-22.500000,-147.500000,1912.220000,0.537072,0.684022,30.818630,32.039723,,,,,,,,,,-0.000000,1.000000
2012,12,-25.000000,155.000000,-22.500000,157.500000,1185.230000,13.278435,2.088202,7.635649,23.002286,25.818697,0.763460,18.589453,0.192341,53.314332,0.074091,0.198111,0.093672,211.077286,-0.000000,1.000000
2012,12,-25.000000,160.000000,-22.500000,162.500000,1431.310000,3.472344,0.067770,66.734670,70.274783,25.356114,0.703103,15.189552,0.191899,122.864194,0.087463,0.265128,0.081868,212.631760,-0.000000,1.000000
2012,12,-25.000000,170.000000,-22.500000,172.500000,4648.770000,0.943260,0.235116,30.083441,31.261818,25.617093,0.732738,16.942987,0.230389,2.179691,0.091537,0.268056,0.082543,211.994934,-0.000000,1.000000
2012,12,-25.000000,175.000000,-22.500000,177.500000,3590.520000,0.814645,0.467342,20.515134,21.797121,25.355365,0.670298,15.808292,0.189468,2.143462,0.109833,0.216667,0.077841,212.736511,-0.000000,1.000000
2012,12,-25.000000,-175.000000,-22.500000,-172.500000,3910.560000,2.230627,1.486232,20.692433,24.409292,,,,,,,,,,-0.000000,1.000000
2012,12,-25.000000,-180.000000,-22.500000,-177.500000,1737.570000,3.180879,0.705583,15.292046,19.178508,,,,,,,,,,-0.000000,1.000000
2012,12,30.000000,130.000000,32.500000,132.500000,2075.780000,6.209232,2.746919,16.847161,25.803312,19.964761,0.635837,69.923554,0.296391,99.139691,0.285077,0.655106,0.694026,225.912766,-0.000000,1.000000
2012,12,30.000000,135.000000,32.500000,137.500000,5674.600000,1.280090,4.801924,18.641843,24.723857,20.135570,0.802489,89.695561,0.407894,89.568804,0.420118,0.502441,0.557085,222.951370,-0.000000,1.000000
2012,12,30.000000,140.000000,32.500000,142.500000,7846.850000,0.418767,7.141210,29.172216,36.732192,20.762562,0.958399,95.049478,0.235009,28.925928,0.207264,0.373889,0.360430,226.838669,-0.000000,1.000000
2012,12,30.000000,145.000000,32.500000,147.500000,5353.630000,0.453524,6.689853,41.681625,48.825003,20.558996,1.065177,99.619922,0.177263,3.021928,0.088319,0.189444,0.229337,230.764954,-0.000000,1.000000
2012,12,30.000000,150.000000,32.500000,152.500000,9328.490000,0.291258,9.963778,28.834892,39.089928,20.621819,0.931517,90.664308,0.312913,3.651014,0.212688,0.326944,0.236598,230.833801,-0.000000,1.000000
2012,12,30.000000,155.000000,32.500000,157.500000,5455.690000,0.334330,9.554612,32.484067,42.373009,20.229677,0.770033,82.147608,0.334550,2.798152,0.219415,0.292500,0.232861,233.092331,-0.000000,1.000000
2012,12,30.000000,-155.000000,32.500000,-152.500000,7714.530000,0.134162,3.768214,68.082955,71.985332,,,,,,,,,,-0.000000,1.000000
2012,12,30.000000,160.000000,32.500000,162.500000,4779.960000,0.419041,10.550925,51.293525,62.263492,20.174717,0.841985,79.113602,0.209201,4.716840,0.155355,0.302500,0.164442,234.965195,-0.000000,1.000000
2012,12,30.000000,-160.000000,32.500000,-157.500000,2060.130000,0.049026,1.748919,54.005815,55.803760,,,,,,,,,,-0.000000,1.000000
2012,12,30.000000,165.000000,32.500000,167.500000,2491.020000,0.398632,6.176185,22.009458,28.584275,20.160022,0.750137,71.530388,0.203544,3.286991,0.113763,0.294722,0.121990,234.635818,-0.000000,1.000000
2012,12,30.000000,170.000000,32.500000,172.500000,5674.550000,0.741557,8.543233,53.125799,62.410588,19.894200,0.674416,69.511377,0.162359,2.280698,0.138988,0.251389,0.097183,233.402298,-0.000000,1.000000
2012,12,30.000000,175.000000,32.500000,177.500000,5050.760000,1.696180,18.080051,45.172806,64.949037,19.770300,0.642485,63.047259,0.128318,2.863749,0.103776,0.202778,0.108727,234.990021,-0.000000,1.000000
2012,12,35.000000,140.000000,37.500000,142.500000,2888.460000,0.032889,9.655664,15.243071,24.931624,15.857064,0.343937,83.093991,0.414757,80.260259,0.395278,0.734636,0.505229,231.788528,-0.000000,1.000000
2012,12,35.000000,-160.000000,37.500000,-157.500000,2226.450000,0.080397,1.810955,82.914505,84.805857,,,,,,,,,,-0.000000,1.000000
2012,12,35.000000,165.000000,37.500000,167.500000,2462.850000,1.266013,6.523743,2.866598,10.656353,17.356172,0.437162,82.618060,0.296662,4.151300,0.203675,0.546111,0.363191,245.502426,-0.000000,1.000000
2012,12,40.000000,150.000000,42.500000,152.500000,2204.520000,0.000000,0.000000,0.000000,0.000000,8.107620,-0.141074,57.318977,0.141369,12.967455,0.092251,0.686944,0.416239,271.403473,-0.000000,1.000000
