year,month,lat,lon,lat5c,lon5c,hhooks,cpue_yft,cpue_bet,cpue_alb,cpue_total,sst,ssh,mld,current_speed,sst_gradient_max,ssh_variance,front_strength,chl,do_surface,season_sin,season_cos
2011,1,0.000000,120.000000,2.500000,122.500000,17475.070000,19.240266,4.483530,0.000000,23.723796,29.612510,0.777489,12.554740,0.307494,134.413424,0.025311,0.063004,0.111579,201.389008,0.500000,0.866025
2011,1,0.000000,125.000000,2.500000,127.500000,22975.870000,19.458806,4.264996,0.000000,23.723802,29.604017,0.756217,14.577343,0.307716,139.090157,0.028025,0.138536,0.100547,200.394653,0.500000,0.866025
2011,1,0.000000,130.000000,2.500000,132.500000,11860.340000,19.742520,11.089227,0.001771,30.833517,29.988712,0.789958,19.919540,0.287277,119.653204,0.018380,0.022506,0.084382,199.780777,0.500000,0.866025
2011,1,0.000000,135.000000,2.500000,137.500000,1249.870000,41.760343,9.699409,0.000000,51.459752,30.135822,0.801989,22.777660,0.317342,0.721056,0.021431,0.000278,0.078806,199.107407,0.500000,0.866025
2011,1,0.000000,140.000000,2.500000,142.500000,2745.220000,14.514319,19.870903,0.030234,34.415457,30.079106,0.795927,26.265714,0.263422,0.663787,0.014171,0.000000,0.094697,199.598328,0.500000,0.866025
2011,1,0.000000,145.000000,2.500000,147.500000,2416.510000,14.679434,12.586747,0.021519,27.287700,29.838913,0.787363,25.369063,0.291950,0.583703,0.015829,0.000000,0.152502,200.910080,0.500000,0.866025
2011,1,0.000000,150.000000,2.500000,152.500000,1536.670000,10.428394,9.217984,0.000000,19.646378,29.285169,0.772261,24.619579,0.278148,0.337797,0.015101,0.000000,0.192488,200.731567,0.500000,0.866025
2011,1,0.000000,155.000000,2.500000,157.500000,5071.640000,16.103667,7.152519,0.299903,23.556088,28.927830,0.750621,22.659231,0.267293,0.406735,0.016570,0.000000,0.203842,200.369400,0.500000,0.866025
2011,1,0.000000,160.000000,2.500000,162.500000,6371.950000,21.355001,5.310933,3.824732,30.490666,28.350458,0.727840,23.302028,0.291708,0.664844,0.018802,0.000000,0.203366,201.230408,0.500000,0.866025
2011,1,0.000000,165.000000,2.500000,167.500000,6567.650000,8.122388,7.866741,0.291581,16.280709,27.979676,0.708758,22.226391,0.345508,90.181226,0.024767,0.002779,0.218202,202.342422,0.500000,0.866025
2011,1,0.000000,170.000000,2.500000,172.500000,9865.000000,22.967258,10.980841,0.244095,34.192195,27.802153,0.688210,28.169233,0.303410,123.934986,0.014729,0.019537,0.232335,204.065292,0.500000,0.866025
2011,1,0.000000,-170.000000,2.500000,-167.500000,4700.240000,3.283875,13.643559,0.219138,17.146571,,,,,,,,,,0.500000,0.866025
2011,1,0.000000,175.000000,2.500000,177.500000,11343.590000,8.621521,16.140040,0.371575,25.133137,27.318312,0.661327,36.786165,0.273459,0.669262,0.023736,0.000000,0.211715,205.153824,0.500000,0.866025
2011,1,0.000000,-175.000000,2.500000,-172.500000,8436.010000,4.484703,14.028551,0.119251,18.632505,,,,,,,,,,0.500000,0.866025
2011,1,0.000000,-180.000000,2.500000,-177.500000,2978.050000,5.374658,25.027115,0.495626,30.897399,,,,,,,,,,0.500000,0.866025
2011,1,5.000000,110.000000,7.500000,112.500000,1897.980000,13.479067,0.000000,0.000000,13.479067,27.037686,0.717824,16.942860,0.234532,128.341635,0.077605,0.100000,0.178931,206.414413,0.500000,0.866025
2011,1,5.000000,115.000000,7.500000,117.500000,3200.320000,27.074480,0.034997,0.000000,27.109477,28.543625,0.795845,18.720237,0.216359,131.823958,0.037652,0.150309,0.128636,201.407928,0.500000,0.866025
2011,1,5.000000,125.000000,7.500000,127.500000,1101.940000,9.393433,2.822295,0.000000,12.215729,29.075985,0.665829,24.414961,0.400447,131.074936,0.065736,0.101161,0.103926,199.278519,0.500000,0.866025
2011,1,5.000000,135.000000,7.500000,137.500000,6881.820000,11.813881,15.604012,0.056090,27.473982,29.582050,0.703793,29.032230,0.354514,130.439344,0.048151,0.007789,0.077980,198.171036,0.500000,0.866025
2011,1,5.000000,140.000000,7.500000,142.500000,1155.870000,22.803602,26.103282,0.000000,48.906884,29.549818,0.742337,39.025461,0.242260,1.030256,0.036400,0.010000,0.073773,198.159897,0.500000,0.866025
2011,1,5.000000,150.000000,7.500000,152.500000,1059.630000,7.935789,10.606532,0.000000,18.542321,29.181855,0.733725,40.495184,0.131585,117.285198,0.036920,0.015033,0.102191,199.750488,0.500000,0.866025
2011,1,5.000000,155.000000,7.500000,157.500000,3103.240000,9.033462,17.670886,0.083461,26.787809,29.021645,0.710928,40.376703,0.149343,123.075943,0.039964,0.009730,0.121372,200.195465,0.500000,0.866025
2011,1,5.000000,160.000000,7.500000,162.500000,4155.700000,11.394470,31.071781,0.616984,43.083235,28.743887,0.662503,40.369250,0.137531,0.510287,0.058515,0.000000,0.125210,200.492462,0.500000,0.866025
2011,1,5.000000,165.000000,7.500000,167.500000,5436.210000,6.015588,8.770265,0.395312,15.181165,28.609833,0.645222,35.972117,0.190064,128.297743,0.051528,0.051841,0.152224,201.387787,0.500000,0.866025
2011,1,5.000000,170.000000,7.500000,172.500000,4247.690000,6.568982,4.244189,10.492056,21.305227,28.430813,0.639016,42.461679,0.180125,128.325258,0.058572,0.036850,0.171237,201.879074,0.500000,0.866025
2011,1,5.000000,-170.000000,7.500000,-167.500000,7090.320000,1.963663,3.247244,4.248045,9.458952,,,,,,,,,,0.500000,0.866025
2011,1,5.000000,-175.000000,7.500000,-172.500000,1734.680000,5.161182,14.455692,0.760371,20.377245,,,,,,,,,,0.500000,0.866025
2011,1,5.000000,-180.000000,7.500000,-177.500000,1709.440000,3.962116,13.008939,0.335197,17.306252,,,,,,,,,,0.500000,0.866025
2011,1,-5.000000,120.000000,-2.500000,122.500000,22003.220000,20.153096,3.570705,0.000000,23.723800,29.773121,0.784832,15.062540,0.121011,135.956509,0.018025,0.219277,0.111458,200.961380,0.500000,0.866025
2011,1,-5.000000,125.000000,-2.500000,127.500000,33004.830000,20.153111,3.570690,0.000000,23.723800,29.678979,0.775799,16.497287,0.167327,135.095758,0.008924,0.158824,0.094454,199.648117,0.500000,0.866025
2011,1,-5.000000,130.000000,-2.500000,132.500000,12132.700000,21.870153,3.311382,0.003297,25.184831,29.900461,0.784129,18.122528,0.096849,136.475259,0.009493,0.216384,0.123338,198.870392,0.500000,0.866025
2011,1,-5.000000,135.000000,-2.500000,137.500000,1439.000000,33.272411,0.580264,0.025712,33.878388,30.065845,0.786063,15.164179,0.127397,136.208646,0.008766,0.167456,0.168495,200.123978,0.500000,0.866025
2011,1,-5.000000,145.000000,-2.500000,147.500000,2236.500000,6.654147,0.142634,0.000000,6.796781,30.120291,0.784459,17.074659,0.270882,132.730637,0.016037,0.028800,0.170183,202.943359,0.500000,0.866025
2011,1,-5.000000,150.000000,-2.500000,152.500000,2146.420000,32.290978,0.130450,0.125791,32.547218,29.712712,0.769038,16.439355,0.184364,136.222004,0.013295,0.081746,0.213992,203.515793,0.500000,0.866025
2011,1,-5.000000,155.000000,-2.500000,157.500000,1817.830000,39.306206,3.751726,1.269096,44.327027,29.340673,0.761323,21.499274,0.254941,0.657994,0.022173,0.000000,0.191559,202.315964,0.500000,0.866025
2011,1,-5.000000,160.000000,-2.500000,162.500000,6023.190000,18.982134,5.472847,2.029655,26.484637,28.960133,0.741202,25.763939,0.262404,0.861673,0.030244,0.012500,0.174067,202.723221,0.500000,0.866025
2011,1,-5.000000,-160.000000,-2.500000,-157.500000,2747.000000,4.368766,20.362213,0.222060,24.953040,,,,,,,,,,0.500000,0.866025
2011,1,-5.000000,165.000000,-2.500000,167.500000,2075.250000,6.848813,14.631972,0.282857,21.763643,28.678490,0.717061,28.631111,0.288899,0.991361,0.027071,0.010278,0.185156,203.547012,0.500000,0.866025
2011,1,-5.000000,170.000000,-2.500000,172.500000,1545.270000,16.951730,9.802170,0.478881,27.232781,28.301832,0.686823,32.050220,0.225173,124.292741,0.018046,0.013378,0.192509,204.218475,0.500000,0.866025
2011,1,-5.000000,175.000000,-2.500000,177.500000,2511.390000,8.006323,11.796654,0.073664,19.876642,27.942781,0.659275,37.830655,0.233474,88.740161,0.025582,0.042802,0.191638,205.292480,0.500000,0.866025
2011,1,-5.000000,-175.000000,-2.500000,-172.500000,3517.900000,24.677791,8.844481,0.045482,33.567753,,,,,,,,,,0.500000,0.866025
2011,1,-5.000000,-180.000000,-2.500000,-177.500000,4069.050000,13.677148,13.705410,0.137379,27.519937,,,,,,,,,,0.500000,0.866025
2011,1,10.000000,110.000000,12.500000,112.500000,13152.170000,16.752597,5.423668,0.000000,22.176264,26.415051,0.655974,29.238175,0.280046,3.364102,0.042785,0.121667,0.101325,207.554688,0.500000,0.866025
2011,1,10.000000,115.000000,12.500000,117.500000,13152.170000,16.752597,5.423668,0.000000,22.176264,27.790543,0.747506,28.515842,0.173655,126.727526,0.034077,0.041714,0.117415,203.390198,0.500000,0.866025
2011,1,10.000000,120.000000,12.500000,122.500000,1518.990000,32.425493,0.086242,0.000000,32.511735,27.660748,0.751443,30.579960,0.177788,127.187696,0.047454,0.425869,0.191715,202.739578,0.500000,0.866025
2011,1,10.000000,130.000000,12.500000,132.500000,3128.070000,19.421560,1.020757,0.530679,20.972996,28.689002,0.807044,53.136627,0.208770,0.846899,0.047898,0.010278,0.083043,199.911972,0.500000,0.866025
2011,1,10.000000,135.000000,12.500000,137.500000,1294.560000,8.464652,0.254913,0.422537,9.142102,28.852060,0.828571,48.222811,0.170669,116.504470,0.029790,0.001946,0.076179,199.816559,0.500000,0.866025
2011,1,10.000000,155.000000,12.500000,157.500000,3262.120000,3.628622,1.578115,0.152355,5.359092,28.068135,0.759311,43.916137,0.209057,0.765144,0.073258,0.005000,0.092293,202.184372,0.500000,0.866025
2011,1,10.000000,160.000000,12.500000,162.500000,1261.340000,6.345632,5.694737,17.689124,29.729494,27.841116,0.715759,44.372665,0.227773,124.547192,0.080258,0.005574,0.077393,202.622147,0.500000,0.866025
2011,1,10.000000,-165.000000,12.500000,-162.500000,1718.630000,2.369329,8.919314,0.783182,12.071825,,,,,,,,,,0.500000,0.866025
2011,1,10.000000,-170.000000,12.500000,-167.500000,2658.690000,2.926629,10.773727,1.281458,14.981814,,,,,,,,,,0.500000,0.866025
2011,1,10.000000,175.000000,12.500000,177.500000,1596.880000,7.150193,13.667276,0.465909,21.283378,27.497849,0.627110,45.726436,0.228656,0.673549,0.083881,0.000000,0.068598,205.231216,0.500000,0.866025
2011,1,10.000000,-175.000000,12.500000,-172.500000,1802.500000,1.919001,4.497642,0.942025,7.358669,,,,,,,,,,0.500000,0.866025
2011,1,10.000000,-180.000000,12.500000,-177.500000,1766.720000,4.948719,8.833318,1.541840,15.323877,,,,,,,,,,0.500000,0.866025
2011,1,-10.000000,-135.000000,-7.500000,-132.500000,23010.310000,3.476268,18.717479,3.355148,25.548895,,,,,,,,,,0.500000,0.866025
2011,1,-10.000000,-140.000000,-7.500000,-137.500000,10832.670000,3.268631,18.564860,0.649701,22.483192,,,,,,,,,,0.500000,0.866025
2011,1,-10.000000,145.000000,-7.500000,147.500000,1126.890000,40.419207,0.430388,0.000000,40.849595,29.775988,0.741950,13.196071,0.248308,135.927605,0.024839,0.246024,0.176035,200.743286,0.500000,0.866025
2011,1,-10.000000,-145.000000,-7.500000,-142.500000,1295.940000,1.605784,20.622868,1.863512,24.092165,,,,,,,,,,0.500000,0.866025
2011,1,-10.000000,150.000000,-7.500000,152.500000,3103.040000,37.480664,0.907175,0.193037,38.580876,29.894194,0.761102,14.879719,0.241125,136.399052,0.044223,0.080660,0.154261,201.586166,0.500000,0.866025
2011,1,-10.000000,-150.000000,-7.500000,-147.500000,10221.460000,4.922487,16.957362,0.618503,22.498352,,,,,,,,,,0.500000,0.866025
2011,1,-10.000000,155.000000,-7.500000,157.500000,12312.050000,5.592651,9.247932,0.180149,15.020732,29.942707,0.809423,17.418322,0.174366,135.230915,0.031006,0.103746,0.191870,201.182358,0.500000,0.866025
2011,1,-10.000000,-155.000000,-7.500000,-152.500000,6812.670000,6.020841,15.864852,0.382229,22.267921,,,,,,,,,,0.500000,0.866025
2011,1,-10.000000,160.000000,-7.500000,162.500000,2460.420000,12.554767,4.215134,0.582827,17.352728,29.673334,0.816845,21.546565,0.114054,132.985440,0.022377,0.031973,0.157865,200.054123,0.500000,0.866025
2011,1,-10.000000,-160.000000,-7.500000,-157.500000,6832.720000,28.536073,9.223267,3.961673,41.721013,,,,,,,,,,0.500000,0.866025
2011,1,-10.000000,165.000000,-7.500000,167.500000,10416.970000,8.391788,6.167628,0.648653,15.208069,29.222400,0.860077,25.390596,0.154346,0.358040,0.064710,0.000000,0.174370,200.225327,0.500000,0.866025
2011,1,-10.000000,-165.000000,-7.500000,-162.500000,1454.810000,17.654539,7.189942,4.867990,29.712471,,,,,,,,,,0.500000,0.866025
2011,1,-10.000000,170.000000,-7.500000,172.500000,6289.180000,10.468455,8.323184,0.679103,19.470742,28.976187,0.849676,28.762213,0.208374,0.473838,0.077129,0.000000,0.143726,199.680374,0.500000,0.866025
2011,1,-10.000000,-170.000000,-7.500000,-167.500000,1572.130000,26.621844,13.147132,3.091983,42.860959,,,,,,,,,,0.500000,0.866025
2011,1,-10.000000,175.000000,-7.500000,177.500000,2924.430000,12.397288,7.659954,1.371207,21.428449,28.703362,0.811523,29.086599,0.164303,0.598755,0.059544,0.000000,0.145765,200.087952,0.500000,0.866025
2011,1,-10.000000,-175.000000,-7.500000,-172.500000,2234.280000,24.169755,12.710582,2.710045,39.590383,,,,,,,,,,0.500000,0.866025
2011,1,-10.000000,-180.000000,-7.500000,-177.500000,3376.790000,11.903613,8.720412,7.374459,27.998484,,,,,,,,,,0.500000,0.866025
2011,1,15.000000,110.000000,17.500000,112.500000,15962.300000,18.031111,4.506368,0.112640,22.650119,24.197055,0.686435,60.046909,0.185782,96.295925,0.041056,0.279781,0.203357,214.976822,0.500000,0.866025
2011,1,15.000000,115.000000,17.500000,117.500000,29467.350000,17.566765,2.523776,0.037126,20.127667,25.232451,0.610170,41.412939,0.200396,120.929575,0.073979,0.395822,0.121203,209.098557,0.500000,0.866025
2011,1,15.000000,125.000000,17.500000,127.500000,2340.270000,40.831613,6.323629,19.435792,66.591034,26.306037,0.925511,68.950514,0.177652,3.037830,0.055077,0.187778,0.128456,205.710449,0.500000,0.866025
2011,1,15.000000,130.000000,17.500000,132.500000,5626.620000,10.710160,3.071649,9.353040,23.134848,27.011505,0.937892,73.963052,0.193294,2.497319,0.079411,0.142500,0.112533,204.620255,0.500000,0.866025
2011,1,15.000000,135.000000,17.500000,137.500000,1217.710000,8.087311,0.445098,0.973138,9.505547,27.316261,0.919187,68.370366,0.167799,1.405336,0.052941,0.065000,0.093891,203.464157,0.500000,0.866025
2011,1,15.000000,140.000000,17.500000,142.500000,1012.370000,8.194632,1.084584,1.588352,10.867568,27.732085,0.908017,68.117995,0.150327,1.251574,0.042178,0.062500,0.084548,202.605972,0.500000,0.866025
2011,1,15.000000,150.000000,17.500000,152.500000,1968.840000,7.849292,2.003210,6.014201,15.866703,27.850413,0.924761,55.835057,0.143139,1.368670,0.046865,0.032500,0.079854,202.607086,0.500000,0.866025
2011,1,15.000000,155.000000,17.500000,157.500000,1466.410000,7.195123,1.709617,7.767268,16.672009,27.561517,0.905092,54.594183,0.124293,2.403260,0.038355,0.066944,0.089001,203.523010,0.500000,0.866025
2011,1,15.000000,-155.000000,17.500000,-152.500000,2219.240000,2.811773,8.404228,0.347867,11.563869,,,,,,,,,,0.500000,0.866025
2011,1,15.000000,-160.000000,17.500000,-157.500000,2315.260000,2.811347,14.792291,0.976132,18.579771,,,,,,,,,,0.500000,0.866025
2011,1,15.000000,-165.000000,17.500000,-162.500000,7108.790000,4.292854,12.743519,1.119178,18.155551,,,,,,,,,,0.500000,0.866025
2011,1,15.000000,-170.000000,17.500000,-167.500000,2335.680000,3.546719,15.227685,2.081621,20.856025,,,,,,,,,,0.500000,0.866025
2011,1,-15.000000,-135.000000,-12.500000,-132.500000,9617.590000,0.835760,18.050780,6.407114,25.293655,,,,,,,,,,0.500000,0.866025
2011,1,-15.000000,-145.000000,-12.500000,-142.500000,1948.740000,1.446063,5.076614,15.958004,22.480680,,,,,,,,,,0.500000,0.866025
2011,1,-15.000000,150.000000,-12.500000,152.500000,3431.120000,30.872718,9.534205,7.165299,47.572221,29.362021,0.688310,18.260745,0.181606,133.109258,0.048842,0.028515,0.091524,198.447708,0.500000,0.866025
2011,1,-15.000000,-150.000000,-12.500000,-147.500000,2261.150000,6.012427,9.098025,2.238684,17.349137,,,,,,,,,,0.500000,0.866025
2011,1,-15.000000,155.000000,-12.500000,157.500000,4589.330000,12.882055,1.491503,19.021295,33.394853,29.428254,0.687430,19.029351,0.218934,0.890123,0.082769,0.003333,0.090794,199.023849,0.500000,0.866025
2011,1,-15.000000,160.000000,-12.500000,162.500000,15796.600000,11.200195,2.626641,12.528076,26.354912,29.419555,0.749024,19.573717,0.164079,132.483947,0.051520,0.018274,0.089929,199.234360,0.500000,0.866025
2011,1,-15.000000,-160.000000,-12.500000,-157.500000,2648.340000,14.551379,6.460651,9.120808,30.132838,,,,,,,,,,0.500000,0.866025
2011,1,-15.000000,165.000000,-12.500000,167.500000,5217.180000,10.469449,2.668683,7.177632,20.315764,29.214342,0.815038,20.162154,0.235670,130.594267,0.104580,0.015634,0.086051,199.326675,0.500000,0.866025
2011,1,-15.000000,-165.000000,-12.500000,-162.500000,2591.880000,3.852802,2.050249,17.136596,23.039647,,,,,,,,,,0.500000,0.866025
2011,1,-15.000000,170.000000,-12.500000,172.500000,6267.910000,6.388732,2.023801,11.622854,20.035387,29.166517,0.851698,23.786339,0.150748,0.856157,0.051812,0.003611,0.079488,199.563629,0.500000,0.866025
2011,1,-15.000000,-170.000000,-12.500000,-167.500000,3892.360000,4.145300,1.599544,13.010102,18.754946,,,,,,,,,,0.500000,0.866025
2011,1,-15.000000,175.000000,-12.500000,177.500000,2135.750000,7.511179,2.118225,8.799251,18.428655,28.992312,0.827365,26.036359,0.094511,0.937133,0.034186,0.005000,0.065247,198.983658,0.500000,0.866025
2011,1,-15.000000,-175.000000,-12.500000,-172.500000,3107.500000,4.266774,1.509252,15.227997,21.004023,,,,,,,,,,0.500000,0.866025
2011,1,-15.000000,-180.000000,-12.500000,-177.500000,1457.050000,17.111973,4.283998,7.507635,28.903607,,,,,,,,,,0.500000,0.866025
2011,1,20.000000,115.000000,22.500000,117.500000,1433.100000,6.416161,0.392157,0.000000,6.808318,21.533780,0.660077,54.942167,0.214399,94.436236,0.058164,0.627058,0.544043,221.084900,0.500000,0.866025
2011,1,20.000000,125.000000,22.500000,127.500000,1908.710000,2.930251,4.080243,9.382253,16.392747,23.295921,0.957398,85.754598,0.180712,73.751592,0.069681,0.421623,0.184162,217.022125,0.500000,0.866025
2011,1,20.000000,130.000000,22.500000,132.500000,5612.910000,5.186436,5.269815,14.982781,25.439033,23.757158,0.939792,79.645726,0.132810,3.918589,0.075262,0.523333,0.115968,213.836761,0.500000,0.866025
2011,1,20.000000,135.000000,22.500000,137.500000,2791.400000,2.082109,1.545461,8.016766,11.644336,25.066216,0.997370,79.229318,0.141998,5.594677,0.063450,0.370556,0.083344,211.507828,0.500000,0.866025
2011,1,20.000000,140.000000,22.500000,142.500000,1044.410000,8.363574,3.400006,7.598548,19.362128,24.880254,0.940336,77.826867,0.140998,45.289745,0.076076,0.456516,0.073648,209.795685,0.500000,0.866025
2011,1,20.000000,145.000000,22.500000,147.500000,5566.190000,4.595244,1.896989,4.138558,10.630791,25.585085,0.935718,78.062451,0.132502,3.450011,0.049443,0.301389,0.077503,208.374649,0.500000,0.866025
2011,1,20.000000,150.000000,22.500000,152.500000,10880.080000,20.770619,7.024121,19.304729,47.099470,26.046056,0.994457,81.502862,0.153128,2.929071,0.065862,0.207500,0.076639,208.091888,0.500000,0.866025
2011,1,20.000000,155.000000,22.500000,157.500000,2847.350000,8.581312,4.818867,21.164592,34.564771,25.673655,0.931405,67.463500,0.147410,3.808024,0.048762,0.310556,0.069827,208.969513,0.500000,0.866025
2011,1,20.000000,160.000000,22.500000,162.500000,2157.500000,2.684589,5.455852,37.258864,45.399305,25.556281,0.859754,54.709941,0.138182,3.221479,0.055006,0.417500,0.064402,209.562454,0.500000,0.866025
2011,1,20.000000,-160.000000,22.500000,-157.500000,4312.030000,1.056347,12.018237,1.353655,14.428239,,,,,,,,,,0.500000,0.866025
2011,1,20.000000,-165.000000,22.500000,-162.500000,3971.570000,1.268264,16.080794,1.493868,18.842926,,,,,,,,,,0.500000,0.866025
2011,1,20.000000,170.000000,22.500000,172.500000,1311.750000,1.421002,3.741567,20.152468,25.315037,25.030101,0.732341,51.056579,0.098815,3.813330,0.050294,0.251389,0.057774,210.738510,0.500000,0.866025
2011,1,20.000000,-170.000000,22.500000,-167.500000,2828.780000,4.112020,18.602366,4.279583,26.993969,,,,,,,,,,0.500000,0.866025
2011,1,-20.000000,-135.000000,-17.500000,-132.500000,1256.970000,0.454267,2.994503,31.039723,34.488492,,,,,,,,,,0.500000,0.866025
2011,1,-20.000000,-145.000000,-17.500000,-142.500000,2322.850000,1.217039,1.993672,14.216587,17.427298,,,,,,,,,,0.500000,0.866025
2011,1,-20.000000,-150.000000,-17.500000,-147.500000,4202.260000,1.544407,1.334044,10.273757,13.152209,,,,,,,,,,0.500000,0.866025
2011,1,-20.000000,-155.000000,-17.500000,-152.500000,2675.460000,3.123575,1.353786,10.705449,15.182810,,,,,,,,,,0.500000,0.866025
2011,1,-20.000000,160.000000,-17.500000,162.500000,1642.990000,22.583217,0.869147,24.597837,48.050201,28.786028,0.685867,14.205735,0.144762,56.998489,0.044069,0.053070,0.098225,200.913147,0.500000,0.866025
2011,1,-20.000000,165.000000,-17.500000,167.500000,10968.590000,7.853334,1.963333,9.644084,19.460751,28.555108,0.640098,11.913977,0.149268,130.706337,0.048473,0.104268,0.099278,201.199387,0.500000,0.866025
2011,1,-20.000000,-165.000000,-17.500000,-162.500000,2199.360000,3.917958,1.906009,24.228867,30.052834,,,,,,,,,,0.500000,0.866025
2011,1,-20.000000,170.000000,-17.500000,172.500000,16255.910000,3.464586,0.807645,20.823627,25.095857,28.752312,0.707416,15.133197,0.174213,1.077072,0.076930,0.037778,0.085420,201.314941,0.500000,0.866025
2011,1,-20.000000,-170.000000,-17.500000,-167.500000,1224.870000,4.756423,0.654763,18.990587,24.401773,,,,,,,,,,0.500000,0.866025
2011,1,-20.000000,175.000000,-17.500000,177.500000,12022.810000,4.868163,0.647436,16.065130,21.580729,28.656272,0.732750,15.166624,0.107555,130.365144,0.039769,0.080176,0.090143,201.294952,0.500000,0.866025
2011,1,-20.000000,-180.000000,-17.500000,-177.500000,8993.000000,9.159680,1.292450,11.900812,22.352941,,,,,,,,,,0.500000,0.866025
2011,1,25.000000,130.000000,27.500000,132.500000,11431.600000,2.583365,4.809913,29.005651,36.398929,21.170602,0.919092,118.192113,0.152064,43.208535,0.110731,0.273409,0.345231,219.833694,0.500000,0.866025
2011,1,25.000000,135.000000,27.500000,137.500000,11672.460000,2.032562,3.075873,23.524518,28.632953,21.202429,0.966422,118.469129,0.116468,5.676835,0.047059,0.425000,0.288861,219.034317,0.500000,0.866025
2011,1,25.000000,140.000000,27.500000,142.500000,5211.450000,1.175489,5.117770,47.740840,54.034098,21.381220,0.912871,107.061845,0.108311,44.984870,0.042570,0.410670,0.296223,220.027054,0.500000,0.866025
2011,1,25.000000,145.000000,27.500000,147.500000,3856.560000,1.507820,4.387070,25.242444,31.137335,22.099660,0.958385,95.474237,0.127198,2.850702,0.060056,0.456667,0.227114,220.842773,0.500000,0.866025
2011,1,25.000000,150.000000,27.500000,152.500000,5156.100000,0.839782,2.858168,21.811447,25.509397,22.305701,0.918477,92.739015,0.109928,5.095321,0.043851,0.485278,0.137749,221.647964,0.500000,0.866025
2011,1,25.000000,155.000000,27.500000,157.500000,3112.790000,2.376967,4.236714,38.995242,45.608923,22.465712,0.928669,93.474172,0.115612,3.736000,0.062894,0.403333,0.065354,222.497070,0.500000,0.866025
2011,1,25.000000,160.000000,27.500000,162.500000,5205.390000,0.451647,5.631086,53.650543,59.733276,22.107124,0.890125,83.752458,0.107249,3.932749,0.056228,0.416111,0.057967,223.593079,0.500000,0.866025
2011,1,25.000000,-160.000000,27.500000,-157.500000,7745.390000,0.642059,15.834709,19.516254,35.993023,,,,,,,,,,0.500000,0.866025
2011,1,25.000000,165.000000,27.500000,167.500000,3286.570000,0.195036,5.577547,69.255181,75.027765,22.249102,0.865780,89.327173,0.125084,4.644828,0.060128,0.475000,0.051418,223.640900,0.500000,0.866025
2011,1,25.000000,-165.000000,27.500000,-162.500000,4630.900000,0.959857,16.605627,8.991341,26.556825,,,,,,,,,,0.500000,0.866025
2011,1,25.000000,170.000000,27.500000,172.500000,2853.990000,0.416259,8.414886,51.864232,60.695377,21.509186,0.757329,83.021201,0.118274,3.772151,0.046224,0.426111,0.052496,224.331909,0.500000,0.866025
2011,1,25.000000,-170.000000,27.500000,-167.500000,1007.420000,1.741081,14.048758,21.214588,37.004427,,,,,,,,,,0.500000,0.866025
2011,1,-25.000000,150.000000,-22.500000,152.500000,2050.180000,27.063965,0.973573,5.106381,33.143919,28.236718,0.665323,18.452657,0.190584,126.173878,0.107683,0.260642,0.129351,201.231674,0.500000,0.866025
2011,1,-25.000000,160.000000,-22.500000,162.500000,1453.590000,4.571440,0.026142,51.667251,56.264834,27.248064,0.676762,15.517413,0.186979,129.066451,0.091736,0.260343,0.093364,204.175354,0.500000,0.866025
2011,1,-25.000000,170.000000,-22.500000,172.500000,3171.360000,2.881729,0.721142,18.489229,22.092099,27.091453,0.717037,13.066967,0.201356,2.210785,0.080590,0.165556,0.083679,205.352142,0.500000,0.866025
2011,1,-25.000000,175.000000,-22.500000,177.500000,2695.470000,3.864261,0.460031,20.599747,24.924039,27.349675,0.732799,12.449306,0.144592,1.554600,0.049737,0.090556,0.088862,204.670898,0.500000,0.866025
2011,1,-25.000000,-180.000000,-22.500000,-177.500000,3007.930000,7.333615,0.915580,20.701280,28.950474,,,,,,,,,,0.500000,0.866025
2011,1,30.000000,130.000000,32.500000,132.500000,10980.350000,5.622407,6.155359,23.852701,35.630467,17.916192,0.569012,102.614230,0.386565,86.498812,0.377169,0.717919,0.616923,230.665482,0.500000,0.866025
2011,1,30.000000,135.000000,32.500000,137.500000,12407.910000,4.697487,6.481027,28.984898,40.163412,19.031012,0.804743,141.590855,0.405920,78.601908,0.361153,0.421599,0.513227,222.368103,0.500000,0.866025
2011,1,30.000000,140.000000,32.500000,142.500000,10410.480000,0.345709,3.322998,4.142845,7.811551,19.115284,0.882054,149.500945,0.187861,25.609659,0.144161,0.211667,0.441871,225.678040,0.500000,0.866025
2011,1,30.000000,145.000000,32.500000,147.500000,3326.860000,0.343567,0.646255,1.480375,2.470197,19.435257,0.990509,141.288286,0.136831,1.728769,0.114605,0.126111,0.370062,230.665863,0.500000,0.866025
2011,1,30.000000,150.000000,32.500000,152.500000,1141.000000,0.031551,1.053462,0.220859,1.305872,19.353162,0.930725,149.146549,0.228038,3.131643,0.196005,0.278333,0.396058,232.111893,0.500000,0.866025
2011,1,30.000000,-155.000000,32.500000,-152.500000,5000.600000,0.315562,4.249690,18.477383,23.042635,,,,,,,,,,0.500000,0.866025
2011,1,30.000000,160.000000,32.500000,162.500000,1293.300000,0.504137,11.016006,32.472744,43.992886,19.222380,0.825734,131.032456,0.195096,2.840255,0.176267,0.240556,0.316025,237.631302,0.500000,0.866025
2011,1,30.000000,-160.000000,32.500000,-157.500000,1316.060000,0.315335,4.423810,51.037947,55.777092,,,,,,,,,,0.500000,0.866025
2011,1,30.000000,165.000000,32.500000,167.500000,1697.000000,0.197407,6.294048,8.021803,14.513259,18.721059,0.733946,115.387226,0.235309,2.988483,0.111070,0.320556,0.251677,240.911758,0.500000,0.866025
2011,1,30.000000,-165.000000,32.500000,-162.500000,2763.870000,0.136041,4.675328,49.625706,54.437076,,,,,,,,,,0.500000,0.866025
2011,1,30.000000,170.000000,32.500000,172.500000,4966.630000,0.603025,10.342627,68.092449,79.038100,18.425332,0.680903,107.327118,0.174168,2.278698,0.080387,0.228889,0.222186,241.995453,0.500000,0.866025
2011,1,30.000000,-170.000000,32.500000,-167.500000,3804.420000,1.388911,0.665542,1.128950,3.183402,,,,,,,,,,0.500000,0.866025
2011,1,30.000000,175.000000,32.500000,177.500000,1473.800000,1.258651,7.446058,62.215362,70.920071,18.287500,0.540399,91.252382,0.223594,3.106232,0.129691,0.336389,0.202411,243.090240,0.500000,0.866025
2011,1,30.000000,-175.000000,32.500000,-172.500000,1016.840000,1.038511,1.013925,0.268479,2.320916,,,,,,,,,,0.500000,0.866025
2011,1,-30.000000,155.000000,-27.500000,157.500000,1764.550000,6.738829,4.489530,9.388229,20.616588,25.251804,0.751618,19.477677,0.218767,2.815265,0.091883,0.246111,0.086299,211.563843,0.500000,0.866025
2011,1,-30.000000,175.000000,-27.500000,177.500000,4147.170000,1.688863,1.374672,23.359062,26.422597,25.192817,0.515706,13.561367,0.185626,3.348788,0.102724,0.203056,0.082002,212.080139,0.500000,0.866025
2011,1,-40.000000,175.000000,-37.500000,177.500000,2455.140000,0.109973,4.739852,3.129760,7.979586,,,,,,,,,,0.500000,0.866025
2011,2,0.000000,120.000000,2.500000,122.500000,21274.110000,15.804421,3.682880,0.000000,19.487302,29.057051,0.726991,13.062576,0.243308,133.320882,0.021984,0.056797,0.106450,201.623291,0.866025,0.500000
2011,2,0.000000,125.000000,2.500000,127.500000,27970.780000,15.983930,3.503370,0.000000,19.487301,29.205407,0.729159,14.422397,0.252260,137.676085,0.033245,0.119782,0.103141,200.711578,0.866025,0.500000
2011,2,0.000000,130.000000,2.500000,132.500000,9088.660000,16.934730,6.436482,0.001760,23.372972,29.746838,0.764327,19.516372,0.223970,119.243029,0.015199,0.026118,0.097636,199.947144,0.866025,0.500000
2011,2,0.000000,135.000000,2.500000,137.500000,1703.580000,7.217741,6.788058,0.000000,14.005800,30.114204,0.793821,23.651422,0.249225,0.824955,0.016292,0.000833,0.090619,199.297058,0.866025,0.500000
2011,2,0.000000,140.000000,2.500000,142.500000,1913.970000,9.104636,25.519731,0.020376,34.644744,30.251215,0.806914,24.620724,0.233855,0.626391,0.014539,0.000000,0.074088,198.811035,0.866025,0.500000
2011,2,0.000000,145.000000,2.500000,147.500000,1090.930000,15.078878,12.273931,0.000000,27.352809,30.082995,0.800678,21.060273,0.280842,0.667168,0.017978,0.000000,0.096856,199.663589,0.866025,0.500000
2011,2,0.000000,155.000000,2.500000,157.500000,2478.250000,9.067285,5.749218,0.848986,15.665490,29.027469,0.749190,22.255794,0.340397,0.496651,0.021492,0.000000,0.190585,200.984238,0.866025,0.500000
2011,2,0.000000,-155.000000,2.500000,-152.500000,3520.240000,1.778288,18.969445,0.004829,20.752562,,,,,,,,,,0.866025,0.500000
2011,2,0.000000,160.000000,2.500000,162.500000,4862.850000,17.739186,5.974480,0.650853,24.364519,28.555412,0.736818,23.316948,0.310717,0.864934,0.025188,0.005278,0.191104,202.179825,0.866025,0.500000
2011,2,0.000000,-160.000000,2.500000,-157.500000,2014.220000,7.114416,29.288260,0.039221,36.441898,,,,,,,,,,0.866025,0.500000
2011,2,0.000000,165.000000,2.500000,167.500000,1520.570000,4.560132,11.165550,0.000000,15.725682,28.195422,0.708785,24.996722,0.302467,90.367465,0.024677,0.011951,0.202919,203.820267,0.866025,0.500000
2011,2,0.000000,170.000000,2.500000,172.500000,7668.110000,18.007436,12.677831,0.324069,31.009336,27.727522,0.673803,34.415775,0.210501,123.786273,0.018577,0.020095,0.229930,204.045120,0.866025,0.500000
2011,2,0.000000,175.000000,2.500000,177.500000,2488.670000,9.493826,12.585839,0.086392,22.166057,27.381010,0.643381,33.684298,0.208376,0.989294,0.016520,0.010278,0.204581,205.444336,0.866025,0.500000
2011,2,0.000000,-175.000000,2.500000,-172.500000,5456.000000,4.129949,12.195381,0.105938,16.431268,,,,,,,,,,0.866025,0.500000
2011,2,5.000000,130.000000,7.500000,132.500000,2917.110000,17.162534,10.562852,0.000000,27.725386,29.230185,0.641574,20.976841,0.343317,131.905477,0.050149,0.013935,0.082940,198.698807,0.866025,0.500000
2011,2,5.000000,135.000000,7.500000,137.500000,4841.010000,20.777896,13.752709,0.000000,34.530604,29.492063,0.701971,24.233353,0.290333,129.262416,0.048391,0.013074,0.080108,198.323746,0.866025,0.500000
2011,2,5.000000,140.000000,7.500000,142.500000,4107.820000,21.224640,26.741678,0.000000,47.966318,29.490055,0.712339,29.860201,0.280591,1.304183,0.045037,0.028056,0.075025,198.375946,0.866025,0.500000
2011,2,5.000000,155.000000,7.500000,157.500000,2963.140000,8.261844,17.892843,0.098207,26.252894,28.984740,0.667582,32.354670,0.169359,123.299682,0.054415,0.005282,0.111747,200.326492,0.866025,0.500000
2011,2,5.000000,160.000000,7.500000,162.500000,6782.310000,10.511610,16.345021,0.190643,27.047274,28.750543,0.654229,32.561089,0.175944,0.547441,0.049105,0.000000,0.157543,201.285370,0.866025,0.500000
2011,2,5.000000,165.000000,7.500000,167.500000,1229.530000,14.838190,4.929526,0.069132,19.836848,28.566291,0.643932,27.527610,0.185654,128.223715,0.044229,0.050992,0.157415,202.016800,0.866025,0.500000
2011,2,5.000000,-165.000000,7.500000,-162.500000,3090.000000,10.589968,7.042718,18.519417,36.152104,,,,,,,,,,0.866025,0.500000
2011,2,5.000000,170.000000,7.500000,172.500000,9391.430000,1.047125,9.148447,0.049087,10.244659,28.376110,0.644722,31.409471,0.141287,128.211276,0.049300,0.037693,0.176764,202.352524,0.866025,0.500000
2011,2,5.000000,175.000000,7.500000,177.500000,5022.360000,4.096481,23.278897,0.030265,27.405642,28.030774,0.586093,33.389455,0.152535,0.782794,0.045088,0.001389,0.176464,202.872360,0.866025,0.500000
2011,2,-5.000000,120.000000,-2.500000,122.500000,26786.680000,16.554235,2.933062,0.000000,19.487297,29.530188,0.753886,14.135096,0.137313,135.715098,0.014478,0.237349,0.115303,200.454483,0.866025,0.500000
2011,2,-5.000000,125.000000,-2.500000,127.500000,40180.010000,16.554252,2.933051,0.000000,19.487302,29.374200,0.750447,15.805140,0.152590,133.793217,0.007199,0.175851,0.092683,199.670532,0.866025,0.500000
2011,2,-5.000000,130.000000,-2.500000,132.500000,13393.340000,16.554272,2.933025,0.000000,19.487297,29.753520,0.765054,17.841018,0.097583,136.207640,0.010242,0.238726,0.138472,198.816574,0.866025,0.500000
2011,2,-5.000000,135.000000,-2.500000,137.500000,1532.400000,25.488776,1.457191,0.000000,26.945967,30.056973,0.782484,16.748162,0.087978,136.301011,0.006217,0.165680,0.203413,200.551422,0.866025,0.500000
2011,2,-5.000000,145.000000,-2.500000,147.500000,3630.470000,14.034822,0.442918,0.000000,14.477740,30.164540,0.793922,16.348550,0.212538,132.384074,0.012289,0.031936,0.142819,201.918518,0.866025,0.500000
2011,2,-5.000000,150.000000,-2.500000,152.500000,3670.220000,28.287678,0.389350,0.000000,28.677028,29.913422,0.777631,19.797107,0.254915,135.978678,0.019137,0.076472,0.202127,203.219879,0.866025,0.500000
2011,2,-5.000000,-155.000000,-2.500000,-152.500000,8976.740000,2.133180,18.283920,0.008578,20.425678,,,,,,,,,,0.866025,0.500000
2011,2,-5.000000,160.000000,-2.500000,162.500000,2481.820000,15.530941,7.483218,0.114432,23.128591,29.138517,0.739968,25.048025,0.262282,0.572320,0.024599,0.000000,0.167506,203.249023,0.866025,0.500000
2011,2,-5.000000,-160.000000,-2.500000,-157.500000,6053.810000,2.573586,18.249169,1.214111,22.036866,,,,,,,,,,0.866025,0.500000
2011,2,-5.000000,170.000000,-2.500000,172.500000,3313.190000,16.885237,14.938775,0.448510,32.272523,28.302707,0.685673,36.676097,0.255014,124.745694,0.029513,0.015329,0.178796,204.874298,0.866025,0.500000
2011,2,-5.000000,-170.000000,-2.500000,-167.500000,3400.560000,4.338991,19.149493,0.514033,24.002517,,,,,,,,,,0.866025,0.500000
2011,2,-5.000000,175.000000,-2.500000,177.500000,7018.090000,9.802667,10.130677,0.534476,20.467820,27.775387,0.650287,38.433730,0.241816,88.718614,0.029006,0.001668,0.185226,204.451614,0.866025,0.500000
2011,2,-5.000000,-175.000000,-2.500000,-172.500000,3675.650000,14.781603,10.909907,0.481820,26.173330,,,,,,,,,,0.866025,0.500000
2011,2,-5.000000,-180.000000,-2.500000,-177.500000,4335.380000,8.662678,13.143715,0.181299,21.987692,,,,,,,,,,0.866025,0.500000
2011,2,10.000000,110.000000,12.500000,112.500000,18048.300000,12.207964,3.952339,0.000000,16.160303,26.084300,0.624802,20.908486,0.235101,1.699519,0.053682,0.117222,0.110938,209.374695,0.866025,0.500000
2011,2,10.000000,115.000000,12.500000,117.500000,21074.120000,13.509793,3.834609,0.000000,17.344402,27.206996,0.691345,19.352191,0.167902,123.626782,0.029465,0.083428,0.118310,205.538620,0.866025,0.500000
2011,2,10.000000,130.000000,12.500000,132.500000,3050.950000,8.473099,0.580475,0.639801,9.693374,28.658455,0.788213,39.508671,0.174829,1.463693,0.033366,0.050000,0.084700,200.725723,0.866025,0.500000
2011,2,10.000000,135.000000,12.500000,137.500000,1253.420000,4.657657,5.103636,0.523368,10.284661,28.715079,0.813759,41.832716,0.167896,115.503184,0.037397,0.006116,0.076650,200.607254,0.866025,0.500000
2011,2,10.000000,150.000000,12.500000,152.500000,1422.060000,0.823453,0.026019,0.000000,0.849472,28.162643,0.772177,39.084040,0.196676,0.393923,0.065155,0.000000,0.083938,202.344635,0.866025,0.500000
2011,2,10.000000,155.000000,12.500000,157.500000,13098.170000,1.602438,0.103908,0.090471,1.796816,27.920200,0.723108,38.175817,0.210269,0.630428,0.077010,0.000000,0.077975,202.598679,0.866025,0.500000
2011,2,10.000000,-165.000000,12.500000,-162.500000,1768.650000,2.924264,25.573743,0.849801,29.347808,,,,,,,,,,0.866025,0.500000
2011,2,10.000000,170.000000,12.500000,172.500000,2965.360000,4.893841,23.669302,0.164230,28.727372,27.695106,0.658217,37.710585,0.209419,55.791935,0.075061,0.010003,0.066015,204.656540,0.866025,0.500000
2011,2,10.000000,-170.000000,12.500000,-167.500000,1372.580000,2.360518,17.000102,0.546416,19.907036,,,,,,,,,,0.866025,0.500000
2011,2,10.000000,175.000000,12.500000,177.500000,3523.820000,3.392341,14.615105,0.930240,18.937687,27.270438,0.655931,31.677197,0.222985,1.056005,0.090092,0.012778,0.068754,205.639526,0.866025,0.500000
2011,2,10.000000,-180.000000,12.500000,-177.500000,10567.630000,8.841339,5.276491,31.981248,46.099078,,,,,,,,,,0.866025,0.500000
2011,2,-10.000000,-135.000000,-7.500000,-132.500000,10373.730000,1.884086,20.121306,0.074997,22.080390,,,,,,,,,,0.866025,0.500000
2011,2,-10.000000,-140.000000,-7.500000,-137.500000,2819.820000,2.261137,21.688973,0.055677,24.005788,,,,,,,,,,0.866025,0.500000
2011,2,-10.000000,150.000000,-7.500000,152.500000,1328.910000,33.935330,3.527703,2.940756,40.403790,29.782401,0.808493,14.955992,0.220126,135.485918,0.042873,0.072564,0.138589,200.655457,0.866025,0.500000
2011,2,-10.000000,-150.000000,-7.500000,-147.500000,3517.190000,3.188909,17.051965,0.296544,20.537418,,,,,,,,,,0.866025,0.500000
2011,2,-10.000000,155.000000,-7.500000,157.500000,5053.520000,30.437002,2.934984,1.972684,35.344671,29.778827,0.850852,17.688716,0.186027,134.867456,0.028057,0.102259,0.145204,199.823013,0.866025,0.500000
2011,2,-10.000000,-155.000000,-7.500000,-152.500000,6222.640000,2.739995,14.423139,0.864424,18.027557,,,,,,,,,,0.866025,0.500000
2011,2,-10.000000,160.000000,-7.500000,162.500000,8424.110000,3.944986,7.017596,2.437646,13.400229,29.447165,0.887083,22.654048,0.226407,133.005095,0.063981,0.031973,0.189720,200.048782,0.866025,0.500000
2011,2,-10.000000,-160.000000,-7.500000,-157.500000,9593.310000,13.554446,15.050384,1.856294,30.461123,,,,,,,,,,0.866025,0.500000
2011,2,-10.000000,165.000000,-7.500000,167.500000,5615.910000,7.404677,5.345705,3.546175,16.296557,29.142178,0.857296,22.005754,0.178649,0.405594,0.043687,0.000000,0.146783,200.098770,0.866025,0.500000
2011,2,-10.000000,-165.000000,-7.500000,-162.500000,3316.840000,24.395207,7.084755,5.201638,36.681601,,,,,,,,,,0.866025,0.500000
2011,2,-10.000000,170.000000,-7.500000,172.500000,5508.770000,7.671041,5.706537,3.507861,16.885439,28.824213,0.829194,22.161229,0.151267,0.480861,0.032807,0.000000,0.129074,200.697906,0.866025,0.500000
2011,2,-10.000000,-170.000000,-7.500000,-167.500000,4355.720000,7.102844,13.181977,2.625284,22.910104,,,,,,,,,,0.866025,0.500000
2011,2,-10.000000,175.000000,-7.500000,177.500000,4184.280000,11.987725,8.935110,2.085663,23.008498,28.580385,0.784482,23.070087,0.161437,0.545270,0.027312,0.000000,0.134187,200.853119,0.866025,0.500000
2011,2,-10.000000,-175.000000,-7.500000,-172.500000,1243.860000,11.065554,11.863875,1.278279,24.207708,,,,,,,,,,0.866025,0.500000
2011,2,-10.000000,-180.000000,-7.500000,-177.500000,9349.160000,8.793196,9.611773,2.031947,20.436916,,,,,,,,,,0.866025,0.500000
2011,2,15.000000,110.000000,17.500000,112.500000,18048.300000,12.207964,3.952339,0.000000,16.160303,23.703877,0.650654,28.365446,0.106765,97.939417,0.046810,0.310355,0.159480,216.368027,0.866025,0.500000
2011,2,15.000000,115.000000,17.500000,117.500000,22999.750000,12.317003,3.230687,0.047001,15.594691,24.874275,0.551700,21.341280,0.188896,119.104511,0.083644,0.412813,0.127591,211.213318,0.866025,0.500000
2011,2,15.000000,125.000000,17.500000,127.500000,8468.530000,8.647782,2.161650,10.694890,21.504322,25.923069,0.897093,45.311766,0.171153,2.210783,0.076256,0.171667,0.152592,207.963959,0.866025,0.500000
2011,2,15.000000,130.000000,17.500000,132.500000,5424.870000,8.956897,2.544208,11.961577,23.462682,26.260417,0.894014,43.394313,0.173712,2.861802,0.067563,0.212222,0.133865,206.820648,0.866025,0.500000
2011,2,15.000000,150.000000,17.500000,152.500000,2212.150000,11.684108,1.994892,14.435278,28.114278,27.135434,0.893164,48.891672,0.129406,1.552400,0.042346,0.099167,0.085926,203.845291,0.866025,0.500000
2011,2,15.000000,-160.000000,17.500000,-157.500000,2198.810000,4.597487,12.779185,0.641711,18.018383,,,,,,,,,,0.866025,0.500000
2011,2,15.000000,-165.000000,17.500000,-162.500000,9823.310000,3.988269,17.477714,1.589383,23.055365,,,,,,,,,,0.866025,0.500000
2011,2,-15.000000,-135.000000,-12.500000,-132.500000,11541.420000,0.757359,20.582389,9.087703,30.427452,,,,,,,,,,0.866025,0.500000
2011,2,-15.000000,-140.000000,-12.500000,-137.500000,1755.560000,2.445943,9.968899,2.544487,14.959329,,,,,,,,,,0.866025,0.500000
2011,2,-15.000000,-145.000000,-12.500000,-142.500000,3415.560000,4.089227,3.162000,11.040649,18.291876,,,,,,,,,,0.866025,0.500000
2011,2,-15.000000,150.000000,-12.500000,152.500000,1814.620000,17.888043,21.015970,11.530238,50.434251,29.061552,0.648565,16.216858,0.153082,132.060419,0.085793,0.031338,0.095573,199.187622,0.866025,0.500000
2011,2,-15.000000,-150.000000,-12.500000,-147.500000,1971.520000,5.438951,4.584280,6.333185,16.356415,,,,,,,,,,0.866025,0.500000
2011,2,-15.000000,155.000000,-12.500000,157.500000,12915.910000,13.338665,1.560014,20.518725,35.417404,29.304489,0.705220,16.467746,0.216583,0.853165,0.065753,0.012222,0.091098,199.194778,0.866025,0.500000
2011,2,-15.000000,160.000000,-12.500000,162.500000,21610.350000,9.296795,2.340823,16.698388,28.336006,29.418332,0.778720,19.741152,0.220350,132.531461,0.100646,0.023897,0.089344,198.959763,0.866025,0.500000
2011,2,-15.000000,-160.000000,-12.500000,-157.500000,1004.640000,10.962136,3.719740,7.913282,22.595158,,,,,,,,,,0.866025,0.500000
2011,2,-15.000000,165.000000,-12.500000,167.500000,7469.120000,9.309263,1.573679,9.615457,20.498399,29.155666,0.755480,22.268332,0.214054,130.609327,0.082235,0.015355,0.085430,198.911316,0.866025,0.500000
2011,2,-15.000000,-165.000000,-12.500000,-162.500000,1406.550000,17.038143,5.116064,10.807294,32.961502,,,,,,,,,,0.866025,0.500000
2011,2,-15.000000,170.000000,-12.500000,172.500000,11347.900000,8.770786,1.607786,14.142705,24.521277,29.022715,0.804372,26.272369,0.108577,0.775946,0.026929,0.001111,0.074822,199.529099,0.866025,0.500000
2011,2,-15.000000,-170.000000,-12.500000,-167.500000,3229.970000,13.497649,3.626969,10.057059,27.181677,,,,,,,,,,0.866025,0.500000
2011,2,-15.000000,175.000000,-12.500000,177.500000,5077.100000,5.340647,1.446298,11.537689,18.324634,28.901782,0.775919,27.243917,0.059923,0.776154,0.018099,0.000556,0.064843,199.361908,0.866025,0.500000
2011,2,-15.000000,-175.000000,-12.500000,-172.500000,2775.960000,4.679822,2.215810,7.723814,14.619447,,,,,,,,,,0.866025,0.500000
2011,2,-15.000000,-180.000000,-12.500000,-177.500000,1083.450000,12.791546,3.940191,5.128986,21.860723,,,,,,,,,,0.866025,0.500000
2011,2,20.000000,120.000000,22.500000,122.500000,1462.660000,7.442605,0.317914,0.427304,8.187822,23.607009,0.848954,50.233661,0.287023,111.589629,0.146390,0.397799,0.369240,215.148575,0.866025,0.500000
2011,2,20.000000,125.000000,22.500000,127.500000,1844.430000,7.810543,2.947794,9.485315,20.243653,23.057523,0.962061,57.740717,0.203455,70.666358,0.071165,0.364925,0.261142,220.481384,0.866025,0.500000
2011,2,20.000000,130.000000,22.500000,132.500000,1130.830000,6.582775,4.310109,25.625426,36.518310,23.368877,0.933214,50.797553,0.158386,3.815269,0.066967,0.381389,0.204983,217.940720,0.866025,0.500000
2011,2,20.000000,135.000000,22.500000,137.500000,1552.060000,6.094481,2.694483,19.263431,28.052395,23.823217,0.969855,61.898576,0.159161,4.756919,0.082345,0.419167,0.106477,215.896545,0.866025,0.500000
2011,2,20.000000,140.000000,22.500000,142.500000,2237.350000,4.979105,2.874383,31.121639,38.975127,23.963881,0.902143,64.200339,0.140094,45.648458,0.059737,0.431509,0.101713,213.635040,0.866025,0.500000
2011,2,20.000000,145.000000,22.500000,147.500000,2766.470000,4.488753,2.842250,18.975807,26.306810,24.462680,0.913080,68.457343,0.146268,3.415950,0.056749,0.325556,0.101747,212.191116,0.866025,0.500000
2011,2,20.000000,150.000000,22.500000,152.500000,2474.670000,8.729245,2.880384,30.908364,42.517992,24.616990,0.919545,57.782774,0.162508,2.964987,0.067562,0.401111,0.092719,211.655579,0.866025,0.500000
2011,2,20.000000,-165.000000,22.500000,-162.500000,3804.360000,2.742117,12.218349,1.543755,16.504221,,,,,,,,,,0.866025,0.500000
2011,2,20.000000,-170.000000,22.500000,-167.500000,2475.860000,3.170615,11.092307,4.633138,18.896060,,,,,,,,,,0.866025,0.500000
2011,2,20.000000,-175.000000,22.500000,-172.500000,1991.680000,4.532857,18.255443,14.698646,37.486946,,,,,,,,,,0.866025,0.500000
2011,2,-20.000000,-135.000000,-17.500000,-132.500000,2384.670000,0.326670,2.745873,23.139051,26.211593,,,,,,,,,,0.866025,0.500000
2011,2,-20.000000,-145.000000,-17.500000,-142.500000,1475.250000,1.816641,2.392137,14.064735,18.273513,,,,,,,,,,0.866025,0.500000
2011,2,-20.000000,-150.000000,-17.500000,-147.500000,2541.880000,3.748013,1.596063,9.454813,14.798889,,,,,,,,,,0.866025,0.500000
2011,2,-20.000000,155.000000,-17.500000,157.500000,1099.300000,14.166288,0.593105,28.137906,42.897298,28.660272,0.702187,17.163695,0.139671,1.131426,0.043128,0.007222,0.092631,201.158539,0.866025,0.500000
2011,2,-20.000000,-155.000000,-17.500000,-152.500000,2418.490000,5.612180,1.850328,7.327713,14.790220,,,,,,,,,,0.866025,0.500000
2011,2,-20.000000,160.000000,-17.500000,162.500000,1632.450000,27.441576,1.647217,17.969310,47.058103,28.670034,0.641126,15.370552,0.171788,56.756554,0.052913,0.049180,0.096632,200.549988,0.866025,0.500000
2011,2,-20.000000,165.000000,-17.500000,167.500000,13295.280000,7.527408,2.497277,15.475567,25.500253,28.745423,0.632893,14.349820,0.150889,130.938197,0.058686,0.059009,0.097452,199.923141,0.866025,0.500000
2011,2,-20.000000,170.000000,-17.500000,172.500000,4833.200000,5.515394,0.465530,15.817885,21.798808,28.940181,0.734065,21.720109,0.163553,0.803599,0.076493,0.005000,0.084483,200.233734,0.866025,0.500000
2011,2,-20.000000,-170.000000,-17.500000,-167.500000,1826.130000,3.696341,0.236018,13.861554,17.793914,,,,,,,,,,0.866025,0.500000
2011,2,-20.000000,175.000000,-17.500000,177.500000,7158.480000,6.911244,0.912484,10.202864,18.026592,28.767079,0.737489,18.790888,0.133477,130.094731,0.039065,0.076652,0.090388,200.571899,0.866025,0.500000
2011,2,-20.000000,-175.000000,-17.500000,-172.500000,2156.760000,1.450324,1.012630,53.506649,55.969603,,,,,,,,,,0.866025,0.500000
2011,2,-20.000000,-180.000000,-17.500000,-177.500000,9196.990000,6.074161,0.900729,15.636420,22.611311,,,,,,,,,,0.866025,0.500000
2011,2,25.000000,130.000000,27.500000,132.500000,13808.760000,7.052842,3.569256,30.925586,41.547684,20.443123,0.889132,103.226680,0.142043,43.315006,0.085036,0.299250,0.402296,221.848450,0.866025,0.500000
2011,2,25.000000,135.000000,27.500000,137.500000,7024.240000,3.009578,2.563694,35.856121,41.429393,20.223815,0.923059,104.559301,0.101992,4.531512,0.043398,0.429167,0.372742,221.474548,0.866025,0.500000
2011,2,25.000000,140.000000,27.500000,142.500000,8134.220000,2.120670,3.230795,52.198736,57.550201,20.680340,0.919680,90.561286,0.119404,43.934814,0.065381,0.461517,0.357040,224.115356,0.866025,0.500000
2011,2,25.000000,145.000000,27.500000,147.500000,6730.650000,1.291257,1.218159,46.654781,49.164197,20.777435,0.912548,81.502566,0.112748,4.266100,0.061803,0.500000,0.342747,226.304398,0.866025,0.500000
2011,2,25.000000,150.000000,27.500000,152.500000,1673.860000,1.697275,2.154899,33.208273,37.060447,21.032329,0.889406,80.153902,0.099300,4.615311,0.039323,0.448611,0.261557,227.056198,0.866025,0.500000
2011,2,25.000000,-155.000000,27.500000,-152.500000,1300.750000,0.400538,9.180088,49.786662,59.367288,,,,,,,,,,0.866025,0.500000
2011,2,25.000000,160.000000,27.500000,162.500000,2603.540000,0.710955,6.825707,56.882936,64.419598,21.003196,0.821605,68.525417,0.114757,4.252946,0.052870,0.484444,0.073171,229.171585,0.866025,0.500000
2011,2,25.000000,-160.000000,27.500000,-157.500000,1988.200000,0.999899,15.115180,51.708581,67.823660,,,,,,,,,,0.866025,0.500000
2011,2,25.000000,165.000000,27.500000,167.500000,9481.240000,0.388029,4.462180,77.142019,81.992229,20.529872,0.789774,74.618014,0.116904,4.476960,0.072236,0.537222,0.070125,229.042038,0.866025,0.500000
2011,2,25.000000,-165.000000,27.500000,-162.500000,3902.750000,1.245020,14.086990,23.507783,38.839792,,,,,,,,,,0.866025,0.500000
2011,2,25.000000,170.000000,27.500000,172.500000,3146.230000,0.310213,5.681403,43.311837,49.303452,19.987197,0.696001,95.950368,0.100801,4.095505,0.043432,0.519722,0.071071,230.766998,0.866025,0.500000
2011,2,25.000000,-170.000000,27.500000,-167.500000,1284.960000,1.494988,9.138806,35.800336,46.434130,,,,,,,,,,0.866025,0.500000
2011,2,-25.000000,155.000000,-22.500000,157.500000,1026.340000,14.729037,0.770700,47.300115,62.799852,27.483747,0.725471,17.645915,0.159602,55.790544,0.086544,0.147819,0.088575,202.696960,0.866025,0.500000
2011,2,-25.000000,160.000000,-22.500000,162.500000,1108.170000,9.392963,0.241840,29.874478,39.509281,27.320896,0.676656,16.426784,0.215698,128.840234,0.084308,0.154517,0.090639,203.265717,0.866025,0.500000
2011,2,-25.000000,165.000000,-22.500000,167.500000,1187.820000,30.338772,1.578522,6.783856,38.701150,27.502051,0.690640,16.394682,0.194343,127.566631,0.069476,0.164542,0.093438,203.183960,0.866025,0.500000
2011,2,-25.000000,170.000000,-22.500000,172.500000,1387.300000,4.277373,0.147769,13.331651,17.756794,27.649275,0.721677,16.238942,0.169494,1.704486,0.067779,0.101944,0.085879,202.770721,0.866025,0.500000
2011,2,-25.000000,175.000000,-22.500000,177.500000,3224.050000,3.008328,0.758673,17.233914,21.000915,27.700649,0.685332,15.948974,0.143620,1.143864,0.056421,0.073611,0.087788,202.885132,0.866025,0.500000
2011,2,30.000000,130.000000,32.500000,132.500000,13196.420000,6.827534,3.976988,30.360962,41.165483,17.331790,0.567717,90.240356,0.372723,86.317509,0.340487,0.729480,0.677647,236.881989,0.866025,0.500000
2011,2,30.000000,135.000000,32.500000,137.500000,8457.560000,7.969793,4.522226,23.225375,35.717394,18.198562,0.735882,134.819153,0.385902,76.273549,0.339622,0.413057,0.559267,226.939713,0.866025,0.500000
2011,2,30.000000,140.000000,32.500000,142.500000,9075.660000,0.646344,6.797632,5.177475,12.621451,18.161225,0.835186,179.617713,0.218537,24.150403,0.151535,0.177222,0.465879,227.275162,0.866025,0.500000
2011,2,30.000000,145.000000,32.500000,147.500000,4034.050000,0.019831,0.551555,1.120958,1.692344,18.155588,0.951400,198.144950,0.149766,2.068485,0.088566,0.120556,0.417691,232.710861,0.866025,0.500000
2011,2,30.000000,150.000000,32.500000,152.500000,3009.640000,0.059808,0.911072,0.290068,1.260948,18.314702,0.918624,195.556769,0.214915,4.246894,0.155618,0.231111,0.417120,235.966446,0.866025,0.500000
2011,2,30.000000,-155.000000,32.500000,-152.500000,9144.610000,0.611836,3.838217,24.744303,29.194356,,,,,,,,,,0.866025,0.500000
2011,2,30.000000,-160.000000,32.500000,-157.500000,5432.110000,0.906646,2.754547,12.904378,16.565570,,,,,,,,,,0.866025,0.500000
2011,2,30.000000,-165.000000,32.500000,-162.500000,3496.480000,0.832266,2.559145,3.881332,7.272743,,,,,,,,,,0.866025,0.500000
2011,2,30.000000,-170.000000,32.500000,-167.500000,5183.710000,0.040704,0.703357,0.264482,1.008544,,,,,,,,,,0.866025,0.500000
2011,2,30.000000,-175.000000,32.500000,-172.500000,3799.490000,0.138966,0.621662,0.637191,1.397819,,,,,,,,,,0.866025,0.500000
2011,2,-30.000000,155.000000,-27.500000,157.500000,1067.870000,20.433199,5.857455,4.535196,30.825850,26.064415,0.731209,18.731965,0.279193,2.530370,0.150815,0.286667,0.081323,209.082779,0.866025,0.500000
2011,2,-40.000000,150.000000,-37.500000,152.500000,1407.450000,36.794202,3.100643,1.150307,41.045153,,,,,,,,,,0.866025,0.500000
2011,2,-40.000000,155.000000,-37.500000,157.500000,3624.700000,1.638756,7.454962,6.782630,15.876348,,,,,,,,,,0.866025,0.500000
2011,2,-40.000000,160.000000,-37.500000,162.500000,1067.400000,1.008994,5.277309,4.887577,11.173880,,,,,,,,,,0.866025,0.500000
2011,2,-40.000000,175.000000,-37.500000,177.500000,2506.790000,0.061433,6.639567,2.117050,8.818050,,,,,,,,,,0.866025,0.500000
2011,3,0.000000,120.000000,2.500000,122.500000,22714.200000,14.802414,3.449384,0.000000,18.251798,29.214047,0.725254,12.523530,0.165280,134.374301,0.011685,0.060211,0.108758,201.955124,1.000000,0.000000
2011,3,0.000000,125.000000,2.500000,127.500000,29864.180000,14.970543,3.281255,0.000000,18.251799,29.183775,0.720654,14.022776,0.262314,136.743534,0.028764,0.141561,0.103299,200.535522,1.000000,0.000000
2011,3,0.000000,130.000000,2.500000,132.500000,11155.630000,17.274865,7.145361,0.000000,24.420225,29.427918,0.760733,18.435758,0.331281,118.171458,0.019831,0.016949,0.101387,200.555862,1.000000,0.000000
2011,3,0.000000,140.000000,2.500000,142.500000,1679.220000,8.581961,27.090554,0.217958,35.890473,30.177324,0.804902,24.090719,0.226157,0.730069,0.015459,0.000278,0.075486,198.740417,1.000000,0.000000
2011,3,0.000000,145.000000,2.500000,147.500000,4944.590000,12.522373,2.998226,0.152288,15.672887,30.200680,0.804697,20.313926,0.286139,0.693829,0.018047,0.000556,0.075342,198.729126,1.000000,0.000000
2011,3,0.000000,150.000000,2.500000,152.500000,1917.650000,17.322243,11.121946,1.625948,30.070138,29.902534,0.786555,22.980820,0.230777,0.997909,0.019352,0.005000,0.139230,201.041855,1.000000,0.000000
2011,3,0.000000,155.000000,2.500000,157.500000,6630.770000,20.622492,7.635312,1.111032,29.368837,29.153737,0.750093,22.461878,0.306892,0.997311,0.019475,0.014167,0.179221,201.474945,1.000000,0.000000
2011,3,0.000000,-155.000000,2.500000,-152.500000,21742.580000,1.985873,17.728623,0.255949,19.970445,,,,,,,,,,1.000000,0.000000
2011,3,0.000000,160.000000,2.500000,162.500000,4611.520000,20.058245,5.211947,0.471645,25.741838,28.957818,0.724928,22.868707,0.322339,0.855929,0.012923,0.003333,0.187284,201.787125,1.000000,0.000000
2011,3,0.000000,-160.000000,2.500000,-157.500000,15438.440000,17.185674,21.575755,0.259806,39.021235,,,,,,,,,,1.000000,0.000000
2011,3,0.000000,165.000000,2.500000,167.500000,2907.700000,19.014341,10.476321,0.577432,30.068095,28.524640,0.694334,24.184224,0.269430,90.696444,0.017367,0.002779,0.196071,202.916031,1.000000,0.000000
2011,3,0.000000,-165.000000,2.500000,-162.500000,6345.620000,17.785811,21.740980,0.188792,39.715583,,,,,,,,,,1.000000,0.000000
2011,3,0.000000,170.000000,2.500000,172.500000,6677.670000,17.175302,12.268201,1.037637,30.481141,27.986394,0.660237,25.411537,0.237851,124.698537,0.010853,0.022886,0.235815,203.859253,1.000000,0.000000
2011,3,0.000000,-170.000000,2.500000,-167.500000,3433.770000,5.512309,18.308739,0.049217,23.870265,,,,,,,,,,1.000000,0.000000
2011,3,0.000000,175.000000,2.500000,177.500000,2957.320000,8.700783,10.190984,0.541369,19.433135,27.738088,0.626064,23.773962,0.231223,1.098288,0.013953,0.006944,0.198959,204.593307,1.000000,0.000000
2011,3,0.000000,-175.000000,2.500000,-172.500000,2210.460000,4.285081,23.641233,0.418013,28.344327,,,,,,,,,,1.000000,0.000000
2011,3,5.000000,115.000000,7.500000,117.500000,1381.930000,5.888866,0.000000,0.000000,5.888866,27.864622,0.715970,15.900888,0.162244,129.368642,0.021446,0.188744,0.150508,203.141922,1.000000,0.000000
2011,3,5.000000,130.000000,7.500000,132.500000,3482.650000,12.501974,12.534995,0.000000,25.036969,28.968627,0.664206,22.950592,0.387242,130.871706,0.056071,0.028149,0.082675,199.381683,1.000000,0.000000
2011,3,5.000000,135.000000,7.500000,137.500000,3677.640000,9.310862,14.739616,0.010333,24.060811,29.140915,0.669708,23.772307,0.339904,129.074721,0.067641,0.007789,0.078442,198.929749,1.000000,0.000000
2011,3,5.000000,140.000000,7.500000,142.500000,1620.790000,7.664781,24.352322,0.122163,32.139265,29.255737,0.698922,28.172485,0.307676,0.784001,0.052227,0.001944,0.074040,198.640808,1.000000,0.000000
2011,3,5.000000,145.000000,7.500000,147.500000,1688.230000,8.401106,18.938770,0.270105,27.609982,29.327458,0.666326,24.446980,0.271941,1.174677,0.048878,0.027778,0.075500,198.705521,1.000000,0.000000
2011,3,5.000000,155.000000,7.500000,157.500000,7978.150000,12.771256,21.351566,1.330760,35.453583,29.355526,0.689215,31.958532,0.168926,124.972552,0.047344,0.004170,0.086601,199.435898,1.000000,0.000000
2011,3,5.000000,-155.000000,7.500000,-152.500000,2245.980000,2.494679,20.289584,0.083260,22.867523,,,,,,,,,,1.000000,0.000000
2011,3,5.000000,160.000000,7.500000,162.500000,3174.720000,13.053435,18.417372,1.884261,33.355068,29.031728,0.681226,33.622964,0.134095,0.610548,0.024085,0.000000,0.125809,200.872147,1.000000,0.000000
2011,3,5.000000,-160.000000,7.500000,-157.500000,4510.530000,2.446497,17.094443,4.653777,24.194718,,,,,,,,,,1.000000,0.000000
2011,3,5.000000,165.000000,7.500000,167.500000,3214.990000,6.856942,10.819007,0.576052,18.252001,28.800698,0.683317,31.215941,0.126455,129.012807,0.038856,0.041643,0.155305,201.391220,1.000000,0.000000
2011,3,5.000000,170.000000,7.500000,172.500000,5099.350000,6.717131,9.763401,0.295136,16.775667,28.432399,0.601951,32.780958,0.139130,127.844074,0.040967,0.027848,0.203992,202.427383,1.000000,0.000000
2011,3,5.000000,175.000000,7.500000,177.500000,3346.760000,4.504655,20.203122,0.630461,25.338238,28.290384,0.556071,37.161967,0.141587,0.449137,0.045741,0.000000,0.182986,202.647018,1.000000,0.000000
2011,3,-5.000000,120.000000,-2.500000,122.500000,28599.920000,15.504694,2.747106,0.000000,18.251799,29.662861,0.744959,13.608069,0.096396,135.504845,0.012381,0.240161,0.122500,200.819550,1.000000,0.000000
2011,3,-5.000000,125.000000,-2.500000,127.500000,42899.880000,15.504705,2.747094,0.000000,18.251799,29.393978,0.746480,14.067002,0.134640,133.404172,0.011800,0.163158,0.098645,199.716858,1.000000,0.000000
2011,3,-5.000000,130.000000,-2.500000,132.500000,14299.960000,15.504729,2.747071,0.000000,18.251799,29.739845,0.761680,16.305749,0.110122,136.783507,0.010367,0.252793,0.151269,199.114227,1.000000,0.000000
2011,3,-5.000000,135.000000,-2.500000,137.500000,3236.440000,36.341474,1.566536,0.138424,38.046434,29.957406,0.781296,16.405325,0.221607,135.754857,0.008752,0.182840,0.220870,200.973648,1.000000,0.000000
2011,3,-5.000000,145.000000,-2.500000,147.500000,2856.290000,13.346334,0.000000,0.000000,13.346334,30.216584,0.801272,16.285763,0.211112,132.860993,0.011728,0.025663,0.124600,200.314713,1.000000,0.000000
2011,3,-5.000000,150.000000,-2.500000,152.500000,3523.040000,26.659362,0.431162,0.000000,27.090524,30.087265,0.784029,18.061137,0.254671,136.388123,0.018431,0.077351,0.190383,202.179337,1.000000,0.000000
2011,3,-5.000000,155.000000,-2.500000,157.500000,1192.240000,17.710360,7.349191,0.073811,25.133362,29.390342,0.765703,23.610434,0.373446,0.582246,0.031821,0.000000,0.191803,202.314438,1.000000,0.000000
2011,3,-5.000000,-155.000000,-2.500000,-152.500000,5834.570000,1.823613,13.035922,0.071128,14.930663,,,,,,,,,,1.000000,0.000000
2011,3,-5.000000,160.000000,-2.500000,162.500000,1062.840000,22.533966,7.085733,5.177637,34.797335,28.955549,0.743342,26.879899,0.389820,0.652236,0.035272,0.000000,0.165444,202.455444,1.000000,0.000000
2011,3,-5.000000,-160.000000,-2.500000,-157.500000,2030.690000,2.431686,22.076733,0.609645,25.118063,,,,,,,,,,1.000000,0.000000
2011,3,-5.000000,165.000000,-2.500000,167.500000,2389.790000,11.957118,11.365434,0.620138,23.942690,28.534830,0.706911,25.356559,0.343909,0.647664,0.034381,0.000000,0.165785,203.258591,1.000000,0.000000
2011,3,-5.000000,170.000000,-2.500000,172.500000,1751.920000,15.058907,12.512558,0.877323,28.448788,28.269199,0.672696,25.169096,0.314784,125.274409,0.027362,0.009476,0.176277,203.904022,1.000000,0.000000
2011,3,-5.000000,-170.000000,-2.500000,-167.500000,1813.000000,4.176503,17.630998,0.102041,21.909542,,,,,,,,,,1.000000,0.000000
2011,3,-5.000000,175.000000,-2.500000,177.500000,1526.160000,13.036641,9.563873,0.058972,22.659485,28.026041,0.634626,24.953845,0.241136,88.622444,0.021471,0.002223,0.182583,204.612320,1.000000,0.000000
2011,3,-5.000000,-180.000000,-2.500000,-177.500000,1310.450000,4.106986,21.277424,0.537983,25.922393,,,,,,,,,,1.000000,0.000000
2011,3,10.000000,110.000000,12.500000,112.500000,22298.650000,9.881002,3.198983,0.000000,13.079985,26.652482,0.625216,20.124669,0.231713,1.822870,0.040365,0.065278,0.096938,207.896118,1.000000,0.000000
2011,3,10.000000,115.000000,12.500000,117.500000,24909.600000,11.514798,2.979414,0.000000,14.494211,27.530086,0.689681,20.192230,0.187932,125.035582,0.026371,0.066969,0.116595,205.008987,1.000000,0.000000
2011,3,10.000000,125.000000,12.500000,127.500000,1815.220000,1.471998,0.018731,0.200527,1.691255,28.193979,0.796879,40.368374,0.231019,124.081419,0.042856,0.063694,0.084343,201.772079,1.000000,0.000000
2011,3,10.000000,130.000000,12.500000,132.500000,7376.540000,4.530851,5.996172,4.778799,15.305821,28.492168,0.840980,44.969789,0.226863,0.814357,0.048933,0.004722,0.078883,201.022858,1.000000,0.000000
2011,3,10.000000,135.000000,12.500000,137.500000,10929.750000,2.893570,1.892175,0.404675,5.190421,28.502758,0.849973,44.505059,0.224104,115.284181,0.069988,0.005838,0.077195,201.136383,1.000000,0.000000
2011,3,10.000000,140.000000,12.500000,142.500000,2065.080000,0.852751,0.707963,0.462936,2.023650,28.417617,0.830764,37.307648,0.209126,89.327483,0.064000,0.004174,0.079712,201.539536,1.000000,0.000000
2011,3,10.000000,150.000000,12.500000,152.500000,4813.680000,1.437777,0.062322,0.076033,1.576133,28.214226,0.738846,24.650776,0.212077,0.592978,0.078189,0.000000,0.081161,202.115356,1.000000,0.000000
2011,3,10.000000,155.000000,12.500000,157.500000,28334.840000,1.658629,0.349570,0.444047,2.452246,28.073456,0.700740,25.183239,0.184733,0.691274,0.057798,0.000278,0.077335,202.464996,1.000000,0.000000
2011,3,10.000000,-165.000000,12.500000,-162.500000,8400.500000,4.009166,27.064341,1.975121,33.048628,,,,,,,,,,1.000000,0.000000
2011,3,10.000000,170.000000,12.500000,172.500000,1532.920000,5.086371,16.186102,1.998800,23.271273,27.727596,0.684635,35.598499,0.229253,56.356020,0.073750,0.003056,0.065796,204.339279,1.000000,0.000000
2011,3,10.000000,-170.000000,12.500000,-167.500000,7369.500000,3.938123,31.147025,2.306398,37.391546,,,,,,,,,,1.000000,0.000000
2011,3,10.000000,175.000000,12.500000,177.500000,5915.780000,3.228315,26.228325,1.896791,31.353431,27.432696,0.674798,34.130546,0.272475,0.562430,0.101900,0.000000,0.066813,204.488968,1.000000,0.000000
2011,3,10.000000,-175.000000,12.500000,-172.500000,3170.710000,4.280114,41.333960,2.502594,48.116668,,,,,,,,,,1.000000,0.000000
2011,3,10.000000,-180.000000,12.500000,-177.500000,5554.840000,2.655702,29.049622,8.227780,39.933103,,,,,,,,,,1.000000,0.000000
2011,3,-10.000000,-135.000000,-7.500000,-132.500000,8373.590000,2.084052,17.016477,0.269418,19.369948,,,,,,,,,,1.000000,0.000000
2011,3,-10.000000,-145.000000,-7.500000,-142.500000,1652.920000,1.213005,10.145077,0.000000,11.358081,,,,,,,,,,1.000000,0.000000
2011,3,-10.000000,150.000000,-7.500000,152.500000,1855.400000,32.837124,5.049046,3.709712,41.595882,30.007809,0.809990,14.241667,0.323799,136.274459,0.058568,0.090255,0.127782,200.980438,1.000000,0.000000
2011,3,-10.000000,-150.000000,-7.500000,-147.500000,3742.770000,2.875678,10.310545,0.676504,13.862727,,,,,,,,,,1.000000,0.000000
2011,3,-10.000000,155.000000,-7.500000,157.500000,9246.020000,36.170698,4.757615,1.606096,42.534409,29.821042,0.857090,19.081508,0.190174,134.437856,0.034798,0.104340,0.168145,199.881378,1.000000,0.000000
2011,3,-10.000000,-155.000000,-7.500000,-152.500000,4760.140000,1.620120,12.224851,0.247262,14.092233,,,,,,,,,,1.000000,0.000000
2011,3,-10.000000,160.000000,-7.500000,162.500000,10661.790000,18.210263,5.519430,2.530720,26.260412,29.457638,0.889858,22.792353,0.212194,132.534392,0.032104,0.031973,0.176153,199.971909,1.000000,0.000000
2011,3,-10.000000,-160.000000,-7.500000,-157.500000,6959.770000,14.386108,10.429942,2.134841,26.950891,,,,,,,,,,1.000000,0.000000
2011,3,-10.000000,165.000000,-7.500000,167.500000,10707.130000,6.491842,5.899994,4.393428,16.785264,29.193910,0.850241,22.199631,0.188398,0.328483,0.030109,0.000000,0.134637,200.339920,1.000000,0.000000
2011,3,-10.000000,-165.000000,-7.500000,-162.500000,1907.460000,14.483659,21.761924,26.768582,63.014165,,,,,,,,,,1.000000,0.000000
2011,3,-10.000000,170.000000,-7.500000,172.500000,4364.620000,4.758490,4.159583,7.208188,16.126261,29.025853,0.815149,22.891935,0.198191,0.361565,0.033141,0.000000,0.123028,200.526978,1.000000,0.000000
2011,3,-10.000000,-170.000000,-7.500000,-167.500000,2634.940000,7.548179,3.860050,3.619437,15.027667,,,,,,,,,,1.000000,0.000000
2011,3,-10.000000,175.000000,-7.500000,177.500000,2544.390000,5.062117,5.885890,9.180982,20.128990,28.903145,0.786555,22.198402,0.244110,0.451872,0.053084,0.000000,0.135841,200.997223,1.000000,0.000000
2011,3,-10.000000,-180.000000,-7.500000,-177.500000,1804.540000,6.642690,8.019218,4.339056,19.000964,,,,,,,,,,1.000000,0.000000
2011,3,15.000000,110.000000,17.500000,112.500000,22298.650000,9.881002,3.198983,0.000000,13.079985,24.390200,0.629861,28.037374,0.156569,99.529423,0.049650,0.311797,0.145230,215.205276,1.000000,0.000000
2011,3,15.000000,115.000000,17.500000,117.500000,28815.310000,10.022589,2.574846,0.057053,12.654488,25.629222,0.574174,21.951693,0.193069,121.688912,0.081847,0.419220,0.107072,210.303284,1.000000,0.000000
2011,3,15.000000,120.000000,17.500000,122.500000,2991.510000,11.549686,0.539527,0.239344,12.328556,25.951999,0.821602,38.878667,0.297834,121.765287,0.130803,0.251468,0.171118,207.864975,1.000000,0.000000
2011,3,15.000000,125.000000,17.500000,127.500000,8496.880000,7.379179,0.713085,2.504331,10.596595,25.980712,0.923681,45.653870,0.187129,1.344308,0.055447,0.208611,0.153850,208.106049,1.000000,0.000000
2011,3,15.000000,130.000000,17.500000,132.500000,7358.290000,6.003976,1.047934,5.546805,12.598715,26.481963,0.940704,44.309063,0.190028,1.836092,0.048313,0.163889,0.151994,207.453415,1.000000,0.000000
2011,3,15.000000,135.000000,17.500000,137.500000,3029.310000,2.755413,0.414286,1.407251,4.576950,26.633581,0.938029,44.254172,0.157128,1.634549,0.039060,0.167222,0.113451,206.674683,1.000000,0.000000
2011,3,15.000000,140.000000,17.500000,142.500000,3089.620000,4.132547,0.476110,0.071530,4.680187,26.987486,0.938038,36.941767,0.146449,2.928187,0.031459,0.208056,0.084039,205.071136,1.000000,0.000000
2011,3,15.000000,150.000000,17.500000,152.500000,4496.990000,15.225295,1.643766,24.779464,41.648525,27.084848,0.886135,29.293150,0.128544,1.271999,0.037926,0.073889,0.086226,204.696304,1.000000,0.000000
2011,3,15.000000,155.000000,17.500000,157.500000,2047.040000,6.353076,1.029780,14.354385,21.737240,27.035056,0.861763,28.002768,0.184592,2.093667,0.054909,0.098056,0.089065,204.976212,1.000000,0.000000
2011,3,15.000000,-160.000000,17.500000,-157.500000,1292.420000,6.928088,17.146903,0.092849,24.167840,,,,,,,,,,1.000000,0.000000
2011,3,15.000000,-165.000000,17.500000,-162.500000,5800.400000,4.116268,21.404386,3.209434,28.730088,,,,,,,,,,1.000000,0.000000
2011,3,15.000000,-180.000000,17.500000,-177.500000,1446.940000,1.592326,7.656848,15.814754,25.063928,,,,,,,,,,1.000000,0.000000
2011,3,-15.000000,-135.000000,-12.500000,-132.500000,5165.410000,0.672551,19.583731,5.463458,25.719740,,,,,,,,,,1.000000,0.000000
2011,3,-15.000000,-145.000000,-12.500000,-142.500000,2430.540000,2.013956,2.424564,8.276350,12.714870,,,,,,,,,,1.000000,0.000000
2011,3,-15.000000,150.000000,-12.500000,152.500000,1130.070000,16.415797,10.677215,10.209102,37.302114,29.282854,0.699888,15.361745,0.150341,133.019182,0.046717,0.036420,0.097055,198.609100,1.000000,0.000000
2011,3,-15.000000,-150.000000,-12.500000,-147.500000,5411.400000,3.414828,4.930887,11.440847,19.786562,,,,,,,,,,1.000000,0.000000
2011,3,-15.000000,155.000000,-12.500000,157.500000,20108.750000,16.023174,2.327544,13.327283,31.678001,29.470045,0.756117,20.137173,0.209082,0.921272,0.068170,0.014722,0.090814,198.658356,1.000000,0.000000
2011,3,-15.000000,-155.000000,-12.500000,-152.500000,1205.690000,4.540139,7.272184,13.685110,25.497433,,,,,,,,,,1.000000,0.000000
2011,3,-15.000000,160.000000,-12.500000,162.500000,16580.170000,6.723453,1.950342,11.503380,20.177176,29.287555,0.745158,23.257602,0.165835,132.145934,0.075551,0.018274,0.088793,198.746796,1.000000,0.000000
2011,3,-15.000000,165.000000,-12.500000,167.500000,5474.620000,7.806021,1.670070,6.348203,15.824295,29.083510,0.776399,22.986011,0.173699,129.636149,0.057318,0.015355,0.084279,199.203079,1.000000,0.000000
2011,3,-15.000000,170.000000,-12.500000,172.500000,15945.740000,5.737394,1.669725,5.372093,12.779213,29.114373,0.817690,26.801738,0.086746,0.576988,0.018647,0.000000,0.075506,199.794418,1.000000,0.000000
2011,3,-15.000000,-170.000000,-12.500000,-167.500000,1331.060000,5.538443,2.374048,8.656259,16.568750,,,,,,,,,,1.000000,0.000000
2011,3,-15.000000,175.000000,-12.500000,177.500000,4089.760000,6.844167,2.113571,10.702829,19.660567,29.193754,0.810752,26.449334,0.080547,0.437018,0.016626,0.000000,0.068944,199.518890,1.000000,0.000000
2011,3,-15.000000,-175.000000,-12.500000,-172.500000,3795.230000,6.195145,0.663201,9.765416,16.623762,,,,,,,,,,1.000000,0.000000
2011,3,-15.000000,-180.000000,-12.500000,-177.500000,2353.960000,3.439736,0.228126,48.944332,52.612194,,,,,,,,,,1.000000,0.000000
2011,3,20.000000,115.000000,22.500000,117.500000,1618.050000,2.938723,0.000000,0.048206,2.986929,22.341314,0.583776,28.321320,0.178887,99.787968,0.074683,0.620258,0.358352,219.849136,1.000000,0.000000
2011,3,20.000000,125.000000,22.500000,127.500000,3287.940000,4.480617,0.983290,6.101389,11.565296,23.114428,0.977386,54.920893,0.211957,68.917985,0.079158,0.446637,0.291058,219.840073,1.000000,0.000000
2011,3,20.000000,130.000000,22.500000,132.500000,1059.750000,2.616655,1.309743,7.418731,11.345129,23.860240,1.005177,50.869780,0.172609,2.949472,0.072360,0.468889,0.243245,219.916992,1.000000,0.000000
2011,3,20.000000,135.000000,22.500000,137.500000,1247.140000,12.543900,1.308594,7.045721,20.898215,23.424508,0.935425,46.668314,0.145850,4.187805,0.082144,0.478611,0.141028,217.718613,1.000000,0.000000
2011,3,20.000000,145.000000,22.500000,147.500000,2112.140000,3.358679,2.466219,15.107900,20.932798,24.705307,0.966242,46.440145,0.159646,3.951001,0.061478,0.299167,0.095169,214.683395,1.000000,0.000000
2011,3,20.000000,150.000000,22.500000,152.500000,2510.630000,7.299761,1.889566,25.285287,34.474614,24.320115,0.896702,29.229146,0.178882,4.410614,0.073716,0.414444,0.080995,213.990799,1.000000,0.000000
2011,3,20.000000,160.000000,22.500000,162.500000,1034.000000,2.164410,9.267892,41.351064,52.783366,24.654475,0.782904,27.002990,0.132878,2.668798,0.059605,0.331944,0.068603,213.846878,1.000000,0.000000
2011,3,20.000000,-165.000000,22.500000,-162.500000,1823.650000,4.228333,12.411373,2.094152,18.733858,,,,,,,,,,1.000000,0.000000
2011,3,-20.000000,-135.000000,-17.500000,-132.500000,1590.090000,2.466527,8.363678,10.260426,21.090630,,,,,,,,,,1.000000,0.000000
2011,3,-20.000000,-140.000000,-17.500000,-137.500000,1320.550000,0.542956,1.693234,14.197115,16.433304,,,,,,,,,,1.000000,0.000000
2011,3,-20.000000,-145.000000,-17.500000,-142.500000,2072.400000,3.010519,2.383710,12.672264,18.066493,,,,,,,,,,1.000000,0.000000
2011,3,-20.000000,-150.000000,-17.500000,-147.500000,3390.340000,2.809453,1.591286,10.217559,14.618298,,,,,,,,,,1.000000,0.000000
2011,3,-20.000000,155.000000,-17.500000,157.500000,2431.340000,14.662285,1.131475,21.969367,37.763127,28.628653,0.688502,19.063600,0.126806,0.982827,0.062157,0.030278,0.092649,200.188950,1.000000,0.000000
2011,3,-20.000000,-155.000000,-17.500000,-152.500000,1113.530000,6.117482,4.306126,10.019488,20.443095,,,,,,,,,,1.000000,0.000000
2011,3,-20.000000,160.000000,-17.500000,162.500000,4033.050000,6.484670,1.742602,16.767955,24.995227,28.791751,0.660123,18.556976,0.132754,57.705977,0.039127,0.025007,0.096554,199.894043,1.000000,0.000000
2011,3,-20.000000,165.000000,-17.500000,167.500000,18371.290000,5.855386,1.697921,7.649272,15.202580,28.667829,0.655748,15.495553,0.141789,129.742605,0.049533,0.069894,0.096824,200.167892,1.000000,0.000000
2011,3,-20.000000,170.000000,-17.500000,172.500000,15970.930000,5.492479,0.378938,8.534569,14.405986,28.732236,0.788285,20.242886,0.127250,0.776082,0.041041,0.004444,0.083248,200.703140,1.000000,0.000000
2011,3,-20.000000,-170.000000,-17.500000,-167.500000,4918.870000,5.107677,0.638155,44.390277,50.136108,,,,,,,,,,1.000000,0.000000
2011,3,-20.000000,175.000000,-17.500000,177.500000,7159.210000,5.555222,1.513156,6.730072,13.798450,28.968315,0.781356,20.041206,0.085589,131.339822,0.034393,0.076946,0.091688,200.542114,1.000000,0.000000
2011,3,-20.000000,-175.000000,-17.500000,-172.500000,2585.590000,5.636625,3.045727,20.287826,28.970177,,,,,,,,,,1.000000,0.000000
2011,3,-20.000000,-180.000000,-17.500000,-177.500000,5740.410000,5.376968,1.176048,4.724401,11.277417,,,,,,,,,,1.000000,0.000000
2011,3,25.000000,125.000000,27.500000,127.500000,1504.010000,5.835732,1.738685,10.519877,18.094295,20.395918,0.698721,69.177991,0.270604,92.726353,0.232125,0.629879,0.522907,224.680405,1.000000,0.000000
2011,3,25.000000,130.000000,27.500000,132.500000,7111.810000,5.363895,1.721081,21.146656,28.231632,20.487150,0.936102,85.570886,0.173305,42.863053,0.089030,0.355376,0.459457,224.774628,1.000000,0.000000
2011,3,25.000000,135.000000,27.500000,137.500000,13032.180000,1.869219,2.072869,33.720145,37.662233,20.063463,0.929589,87.362162,0.118849,3.998380,0.041363,0.383889,0.419983,224.837097,1.000000,0.000000
2011,3,25.000000,140.000000,27.500000,142.500000,5163.840000,1.356161,2.827547,29.913979,34.097687,20.629247,0.953880,79.365554,0.146726,42.628486,0.072185,0.531259,0.356732,226.506195,1.000000,0.000000
2011,3,25.000000,145.000000,27.500000,147.500000,5661.420000,0.583069,1.434799,24.131578,26.149447,20.230940,0.881364,62.926499,0.119018,5.763075,0.050214,0.510556,0.389429,230.485153,1.000000,0.000000
2011,3,25.000000,150.000000,27.500000,152.500000,1462.250000,0.000000,0.095059,5.663874,5.758933,20.745154,0.911232,62.514542,0.121774,3.680649,0.055389,0.582778,0.289659,230.277145,1.000000,0.000000
2011,3,25.000000,160.000000,27.500000,162.500000,1363.870000,0.672351,5.326021,59.606121,65.604493,21.141286,0.844526,42.204600,0.119316,5.531682,0.052907,0.518333,0.091447,230.764801,1.000000,0.000000
2011,3,25.000000,-160.000000,27.500000,-157.500000,2376.170000,1.525985,13.740599,21.667221,36.933805,,,,,,,,,,1.000000,0.000000
2011,3,25.000000,165.000000,27.500000,167.500000,6319.690000,0.302072,3.088126,41.102333,44.492530,20.748659,0.779168,30.871508,0.103258,4.161908,0.070358,0.529444,0.067928,230.188751,1.000000,0.000000
2011,3,25.000000,-165.000000,27.500000,-162.500000,2799.070000,2.009239,16.955989,2.348994,21.314222,,,,,,,,,,1.000000,0.000000
2011,3,25.000000,170.000000,27.500000,172.500000,5872.690000,0.186456,4.372102,34.724462,39.283020,20.559253,0.706360,27.175378,0.095374,5.206365,0.043230,0.469167,0.069299,232.045959,1.000000,0.000000
2011,3,25.000000,-170.000000,27.500000,-167.500000,1698.420000,1.526124,14.901497,5.153025,21.580646,,,,,,,,,,1.000000,0.000000
2011,3,25.000000,175.000000,27.500000,177.500000,1013.600000,0.382794,7.898579,45.487372,53.768745,20.971578,0.672443,25.343928,0.102506,4.761142,0.062294,0.559167,0.065618,231.564758,1.000000,0.000000
2011,3,-25.000000,165.000000,-22.500000,167.500000,1853.670000,20.972989,1.023375,107.406928,129.403292,27.353468,0.673848,17.372035,0.176826,127.715705,0.067532,0.194959,0.092517,203.374771,1.000000,0.000000
2011,3,-25.000000,170.000000,-22.500000,172.500000,2195.630000,3.089774,0.458183,16.422166,19.970122,27.264129,0.722898,16.081094,0.154666,2.797034,0.061844,0.130556,0.084170,203.582092,1.000000,0.000000
2011,3,-25.000000,175.000000,-22.500000,177.500000,2133.240000,5.264293,0.806754,6.585288,12.656335,27.477669,0.670489,18.258716,0.127314,1.628087,0.072355,0.100278,0.084318,203.642990,1.000000,0.000000
2011,3,30.000000,130.000000,32.500000,132.500000,17481.630000,7.783485,3.170871,23.904693,34.859049,17.620463,0.533796,75.039609,0.347674,88.264491,0.323874,0.768015,0.800182,241.372696,1.000000,0.000000
2011,3,30.000000,135.000000,32.500000,137.500000,18576.190000,9.958124,3.647465,23.525492,37.131080,18.162446,0.715996,112.311379,0.411256,81.435734,0.396452,0.506101,0.668363,231.495285,1.000000,0.000000
2011,3,30.000000,140.000000,32.500000,142.500000,9023.260000,1.376997,11.156278,9.236906,21.770181,18.011879,0.847640,161.138585,0.212079,26.769889,0.155909,0.221389,0.615290,231.065857,1.000000,0.000000
2011,3,30.000000,145.000000,32.500000,147.500000,1667.780000,0.022785,0.325583,0.623583,0.971951,17.779855,0.939697,187.306852,0.161377,3.223374,0.100482,0.178056,0.589691,236.518951,1.000000,0.000000
2011,3,30.000000,150.000000,32.500000,152.500000,1733.780000,0.000000,0.543898,0.065752,0.609651,17.689183,0.873625,181.822167,0.218886,5.806792,0.206074,0.276944,0.502007,239.078384,1.000000,0.000000
2011,3,30.000000,-155.000000,32.500000,-152.500000,2553.090000,0.594965,4.706062,13.710837,19.011864,,,,,,,,,,1.000000,0.000000
2011,3,30.000000,-160.000000,32.500000,-157.500000,7290.740000,0.578131,4.018522,12.112625,16.709278,,,,,,,,,,1.000000,0.000000
2011,3,30.000000,165.000000,32.500000,167.500000,1654.560000,0.232086,2.759646,29.145513,32.137245,17.070063,0.667091,81.179536,0.219430,3.049660,0.177276,0.317500,0.502306,249.347214,1.000000,0.000000
2011,3,30.000000,-165.000000,32.500000,-162.500000,5644.200000,3.060487,1.477092,3.687857,8.225435,,,,,,,,,,1.000000,0.000000
2011,3,30.000000,-170.000000,32.500000,-167.500000,3625.920000,0.666589,0.589919,0.627151,1.883660,,,,,,,,,,1.000000,0.000000
2011,3,30.000000,175.000000,32.500000,177.500000,6278.370000,0.083620,0.482769,0.589962,1.156351,16.820982,0.535583,40.327754,0.171873,2.046021,0.131253,0.399167,0.300764,253.248688,1.000000,0.000000
2011,3,30.000000,-175.000000,32.500000,-172.500000,6808.330000,0.059780,0.561518,0.894199,1.515496,,,,,,,,,,1.000000,0.000000
2011,3,30.000000,-180.000000,32.500000,-177.500000,6562.850000,0.273662,0.177514,0.462452,0.913627,,,,,,,,,,1.000000,0.000000
2011,3,-30.000000,155.000000,-27.500000,157.500000,1274.060000,12.841624,7.618166,4.152866,24.612656,25.871748,0.767701,28.255902,0.212975,2.078757,0.111914,0.126111,0.081567,209.671249,1.000000,0.000000
2011,3,-35.000000,150.000000,-32.500000,152.500000,1938.300000,50.293556,5.386679,0.635093,56.315328,25.243554,0.563761,28.373439,0.454778,114.911027,0.250682,0.550024,0.203910,210.519257,1.000000,0.000000
2011,3,-40.000000,155.000000,-37.500000,157.500000,7850.400000,13.895216,5.326353,6.095103,25.316672,,,,,,,,,,1.000000,0.000000
2011,3,-40.000000,175.000000,-37.500000,177.500000,2610.080000,0.226813,10.770934,3.932447,14.930194,,,,,,,,,,1.000000,0.000000
2011,4,0.000000,120.000000,2.500000,122.500000,19975.470000,16.831894,3.922311,0.000000,20.754205,29.434917,0.706031,12.165160,0.209531,135.208462,0.012190,0.062384,0.112441,202.031113,0.866025,-0.500000
2011,4,0.000000,125.000000,2.500000,127.500000,26263.360000,17.023069,3.731130,0.000000,20.754199,29.377801,0.705073,12.682075,0.261438,136.724526,0.029791,0.114943,0.107108,200.899017,0.866025,-0.500000
2011,4,0.000000,130.000000,2.500000,132.500000,8839.880000,18.215971,7.610624,0.027715,25.854310,29.566859,0.740843,15.046415,0.285152,118.626370,0.024655,0.005279,0.127274,202.084824,0.866025,-0.500000
2011,4,0.000000,145.000000,2.500000,147.500000,4476.360000,16.225460,12.758581,0.549554,29.533594,30.075727,0.782061,18.473914,0.224845,0.450083,0.027075,0.000000,0.072543,198.305298,0.866025,-0.500000
2011,4,0.000000,150.000000,2.500000,152.500000,4398.950000,22.294411,11.944896,0.471703,34.711011,30.078924,0.775031,23.193093,0.153219,0.373618,0.009925,0.000000,0.113530,199.963577,0.866025,-0.500000
2011,4,0.000000,155.000000,2.500000,157.500000,5497.220000,16.688799,5.605924,0.177726,22.472450,29.514274,0.741049,22.739851,0.176255,0.547635,0.011856,0.000000,0.164455,201.082932,0.866025,-0.500000
2011,4,0.000000,-155.000000,2.500000,-152.500000,9680.360000,2.767666,27.657029,0.020041,30.444736,,,,,,,,,,0.866025,-0.500000
2011,4,0.000000,160.000000,2.500000,162.500000,1717.880000,11.326752,7.463851,0.429017,19.219620,29.110685,0.712696,20.617628,0.193960,0.379417,0.015790,0.000000,0.176158,201.743149,0.866025,-0.500000
2011,4,0.000000,-160.000000,2.500000,-157.500000,11876.980000,11.523973,18.745590,0.191715,30.461279,,,,,,,,,,0.866025,-0.500000
2011,4,0.000000,165.000000,2.500000,167.500000,2754.760000,13.354702,11.484485,0.459568,25.298756,28.712302,0.677692,21.082031,0.183067,91.570510,0.013268,0.005003,0.184912,202.094788,0.866025,-0.500000
2011,4,0.000000,-165.000000,2.500000,-162.500000,12837.900000,13.653557,20.120425,0.414242,34.188224,,,,,,,,,,0.866025,-0.500000
2011,4,0.000000,170.000000,2.500000,172.500000,7850.630000,18.148862,11.906178,0.633962,30.689002,28.192633,0.641459,23.567266,0.159548,125.795528,0.020882,0.019537,0.237975,203.356720,0.866025,-0.500000
2011,4,0.000000,-170.000000,2.500000,-167.500000,7513.780000,6.196215,17.725699,0.208284,24.130198,,,,,,,,,,0.866025,-0.500000
2011,4,0.000000,175.000000,2.500000,177.500000,3794.030000,10.099815,12.687564,0.136794,22.924173,27.956817,0.607801,30.627699,0.162858,0.521744,0.022092,0.000000,0.186374,203.934875,0.866025,-0.500000
2011,4,0.000000,-175.000000,2.500000,-172.500000,8004.470000,8.037509,23.864915,0.152290,32.054714,,,,,,,,,,0.866025,-0.500000
2011,4,5.000000,130.000000,7.500000,132.500000,3135.350000,8.473695,27.743314,0.107803,36.324812,29.179022,0.601080,14.713614,0.378924,131.030333,0.053120,0.007804,0.091925,199.933777,0.866025,-0.500000
2011,4,5.000000,140.000000,7.500000,142.500000,3775.300000,7.146187,33.839695,0.209785,41.195667,29.338773,0.640827,20.753901,0.354069,0.761328,0.069138,0.002778,0.081536,199.268341,0.866025,-0.500000
2011,4,5.000000,145.000000,7.500000,147.500000,1112.160000,8.832362,18.694253,0.275140,27.801755,29.598800,0.654343,19.073603,0.198083,0.869073,0.033640,0.001111,0.081388,198.612503,0.866025,-0.500000
2011,4,5.000000,150.000000,7.500000,152.500000,1322.370000,17.279581,13.568820,1.001233,31.849634,29.742876,0.704276,23.890293,0.172039,118.696630,0.035587,0.004733,0.079291,198.269882,0.866025,-0.500000
2011,4,5.000000,155.000000,7.500000,157.500000,4460.060000,9.550320,11.406573,0.596853,21.553746,29.555941,0.714379,30.756414,0.128673,124.665992,0.015597,0.003336,0.078915,198.609253,0.866025,-0.500000
2011,4,5.000000,160.000000,7.500000,162.500000,2724.230000,11.902813,26.209241,1.012396,39.124450,29.306389,0.697404,30.978408,0.101965,0.403976,0.023340,0.000000,0.100813,199.666931,0.866025,-0.500000
2011,4,5.000000,165.000000,7.500000,167.500000,2562.620000,11.064848,11.998658,0.568559,23.632064,29.005898,0.622227,30.917283,0.115697,129.795342,0.021352,0.041643,0.139245,200.690781,0.866025,-0.500000
2011,4,5.000000,-165.000000,7.500000,-162.500000,3994.600000,2.961999,4.702098,43.358784,51.022881,,,,,,,,,,0.866025,-0.500000
2011,4,5.000000,170.000000,7.500000,172.500000,7979.610000,5.939764,12.924692,0.602410,19.466866,28.686155,0.574552,31.591552,0.123848,129.190681,0.025256,0.027848,0.162280,201.403625,0.866025,-0.500000
2011,4,5.000000,-170.000000,7.500000,-167.500000,1511.830000,4.521672,18.071476,0.078051,22.671200,,,,,,,,,,0.866025,-0.500000
2011,4,5.000000,175.000000,7.500000,177.500000,2651.450000,3.272926,17.806106,0.443154,21.522186,28.401774,0.523505,39.494641,0.159939,0.439531,0.023380,0.000000,0.155794,202.291107,0.866025,-0.500000
2011,4,5.000000,-180.000000,7.500000,-177.500000,1359.300000,3.311263,18.315309,0.411977,22.038549,,,,,,,,,,0.866025,-0.500000
2011,4,-5.000000,120.000000,-2.500000,122.500000,25151.540000,17.630451,3.123745,0.000000,20.754196,29.778023,0.727268,12.113704,0.077227,136.258822,0.010915,0.236948,0.128022,201.502747,0.866025,-0.500000
2011,4,-5.000000,125.000000,-2.500000,127.500000,37727.300000,17.630469,3.123733,0.000000,20.754202,29.576702,0.729873,12.239387,0.109831,134.290133,0.009982,0.155108,0.103039,200.036453,0.866025,-0.500000
2011,4,-5.000000,130.000000,-2.500000,132.500000,12575.770000,17.630491,3.123705,0.000000,20.754196,29.728374,0.743548,13.648037,0.095712,136.705864,0.011404,0.230865,0.156563,198.820221,0.866025,-0.500000
2011,4,-5.000000,135.000000,-2.500000,137.500000,1114.970000,15.567235,0.761455,0.000000,16.328690,29.931700,0.772630,16.115670,0.180739,135.925381,0.010636,0.168639,0.202733,200.336380,0.866025,-0.500000
2011,4,-5.000000,145.000000,-2.500000,147.500000,2134.390000,13.052910,0.000000,0.000000,13.052910,30.167131,0.798656,14.436900,0.176092,133.943583,0.010962,0.027944,0.114942,199.739243,0.866025,-0.500000
2011,4,-5.000000,155.000000,-2.500000,157.500000,1713.150000,29.437002,5.055599,0.399265,34.891866,29.408679,0.754687,18.056701,0.268738,0.522504,0.027375,0.000000,0.173488,201.486557,0.866025,-0.500000
2011,4,-5.000000,-155.000000,-2.500000,-152.500000,18299.040000,2.775282,23.038476,0.043008,25.856766,,,,,,,,,,0.866025,-0.500000
2011,4,-5.000000,160.000000,-2.500000,162.500000,5380.880000,12.404477,9.596386,0.115409,22.116271,29.032795,0.728558,19.630524,0.258749,0.290449,0.019523,0.000000,0.154542,202.221680,0.866025,-0.500000
2011,4,-5.000000,-160.000000,-2.500000,-157.500000,6253.140000,7.676144,18.402275,0.096272,26.174690,,,,,,,,,,0.866025,-0.500000
2011,4,-5.000000,170.000000,-2.500000,172.500000,2444.410000,15.454036,8.196252,0.271231,23.921519,28.444821,0.673525,25.347886,0.230013,126.158902,0.021590,0.009476,0.178999,203.509232,0.866025,-0.500000
2011,4,-5.000000,-170.000000,-2.500000,-167.500000,6723.410000,7.821626,14.855706,0.580212,23.257543,,,,,,,,,,0.866025,-0.500000
2011,4,-5.000000,175.000000,-2.500000,177.500000,1136.700000,17.082783,7.157561,0.045746,24.286091,28.216410,0.631996,25.047656,0.217579,89.056611,0.020175,0.006392,0.178429,203.944687,0.866025,-0.500000
2011,4,-5.000000,-175.000000,-2.500000,-172.500000,5512.210000,1.965455,11.575756,0.757228,14.298439,,,,,,,,,,0.866025,-0.500000
2011,4,10.000000,110.000000,12.500000,112.500000,19381.280000,11.368341,3.680510,0.000000,15.048851,27.451006,0.636147,14.411816,0.170225,1.976608,0.047986,0.054722,0.091188,207.052963,0.866025,-0.500000
2011,4,10.000000,115.000000,12.500000,117.500000,19381.280000,11.368341,3.680510,0.000000,15.048851,28.208866,0.698300,15.304245,0.153535,127.549793,0.028025,0.059591,0.110999,204.298981,0.866025,-0.500000
2011,4,10.000000,125.000000,12.500000,127.500000,4611.320000,10.723177,14.234102,1.859771,26.817050,28.429174,0.786837,28.163487,0.227419,126.047085,0.062022,0.077012,0.085324,201.674713,0.866025,-0.500000
2011,4,10.000000,130.000000,12.500000,132.500000,11776.470000,5.526529,12.333152,1.233986,19.093667,28.625177,0.805681,30.420852,0.208016,0.774859,0.065317,0.001667,0.083230,201.048050,0.866025,-0.500000
2011,4,10.000000,135.000000,12.500000,137.500000,6925.920000,2.534537,1.807558,6.526064,10.868159,28.652150,0.789872,25.503616,0.196163,115.933108,0.067942,0.001946,0.084651,200.900238,0.866025,-0.500000
2011,4,10.000000,140.000000,12.500000,142.500000,8666.000000,1.942765,0.222709,1.114470,3.279945,28.770935,0.763831,21.853088,0.191050,90.798736,0.070028,0.004174,0.085946,200.936447,0.866025,-0.500000
2011,4,10.000000,150.000000,12.500000,152.500000,4156.860000,3.542578,0.220840,0.193656,3.957073,29.019628,0.743475,18.378968,0.143195,0.709008,0.053639,0.000278,0.090474,200.766129,0.866025,-0.500000
2011,4,10.000000,155.000000,12.500000,157.500000,5812.930000,2.379695,0.180460,0.111992,2.672146,28.990064,0.703936,21.159374,0.157879,0.565625,0.032742,0.000000,0.082708,201.566666,0.866025,-0.500000
2011,4,10.000000,160.000000,12.500000,162.500000,1836.400000,0.200937,0.015247,0.326182,0.542365,28.854587,0.727975,25.203969,0.152111,129.497996,0.035664,0.005574,0.083547,201.969040,0.866025,-0.500000
2011,4,10.000000,-165.000000,12.500000,-162.500000,5667.010000,1.920413,15.247194,0.623962,17.791569,,,,,,,,,,0.866025,-0.500000
2011,4,10.000000,-170.000000,12.500000,-167.500000,18234.910000,2.727680,20.454118,0.631810,23.813608,,,,,,,,,,0.866025,-0.500000
2011,4,10.000000,175.000000,12.500000,177.500000,3547.720000,3.002492,16.537382,10.280124,29.819997,27.753993,0.665391,26.138808,0.188111,0.441998,0.073473,0.000000,0.060096,203.945435,0.866025,-0.500000
2011,4,10.000000,-175.000000,12.500000,-172.500000,17657.760000,2.841640,25.264983,0.298792,28.405415,,,,,,,,,,0.866025,-0.500000
2011,4,10.000000,-180.000000,12.500000,-177.500000,11271.640000,1.518679,19.339865,0.731127,21.589671,,,,,,,,,,0.866025,-0.500000
2011,4,-10.000000,-135.000000,-7.500000,-132.500000,2363.600000,1.756642,17.817736,0.023270,19.597648,,,,,,,,,,0.866025,-0.500000
2011,4,-10.000000,145.000000,-7.500000,147.500000,2090.790000,23.602562,0.018175,0.000000,23.620737,29.654896,0.760306,11.917160,0.265835,136.264725,0.041974,0.250994,0.195934,200.639191,0.866025,-0.500000
2011,4,-10.000000,150.000000,-7.500000,152.500000,1807.480000,28.593954,0.822692,0.753535,30.170182,29.953159,0.819016,13.691052,0.352810,135.885373,0.065257,0.062369,0.118780,200.432053,0.866025,-0.500000
2011,4,-10.000000,155.000000,-7.500000,157.500000,8263.490000,36.628471,6.846623,1.225753,44.700847,29.853466,0.865099,15.566391,0.208064,134.434743,0.038664,0.101070,0.204407,200.608841,0.866025,-0.500000
2011,4,-10.000000,-155.000000,-7.500000,-152.500000,1809.120000,4.389980,4.821681,2.599054,11.810715,,,,,,,,,,0.866025,-0.500000
2011,4,-10.000000,160.000000,-7.500000,162.500000,5808.970000,19.285519,7.264283,2.243427,28.793228,29.584278,0.859883,17.377212,0.217737,133.481036,0.033768,0.031973,0.154014,199.599533,0.866025,-0.500000
2011,4,-10.000000,-160.000000,-7.500000,-157.500000,1047.840000,10.949191,9.614063,9.495725,30.058978,,,,,,,,,,0.866025,-0.500000
2011,4,-10.000000,165.000000,-7.500000,167.500000,5202.750000,10.862140,4.240642,1.500360,16.603143,29.355307,0.838046,20.496190,0.210534,0.367318,0.039129,0.000000,0.144743,199.880432,0.866025,-0.500000
2011,4,-10.000000,-165.000000,-7.500000,-162.500000,4487.600000,9.751315,6.275515,29.218513,45.245343,,,,,,,,,,0.866025,-0.500000
2011,4,-10.000000,170.000000,-7.500000,172.500000,2676.490000,16.855284,3.391008,5.034952,25.281245,29.214983,0.807257,22.390075,0.199479,0.598282,0.044024,0.000000,0.126892,200.168274,0.866025,-0.500000
2011,4,-10.000000,-170.000000,-7.500000,-167.500000,5659.670000,7.410856,13.020547,10.010654,30.442058,,,,,,,,,,0.866025,-0.500000
2011,4,-10.000000,-180.000000,-7.500000,-177.500000,2630.520000,8.577392,7.135851,5.514119,21.227362,,,,,,,,,,0.866025,-0.500000
2011,4,15.000000,110.000000,17.500000,112.500000,19381.280000,11.368341,3.680510,0.000000,15.048851,25.817127,0.637052,13.889664,0.147938,108.274750,0.036311,0.320738,0.110297,212.942841,0.866025,-0.500000
2011,4,15.000000,115.000000,17.500000,117.500000,34899.640000,11.141146,2.107959,0.042178,13.291283,26.576809,0.569711,14.484221,0.220429,125.281910,0.085737,0.326184,0.101132,208.842728,0.866025,-0.500000
2011,4,15.000000,120.000000,17.500000,122.500000,5616.890000,7.628421,0.108423,0.830531,8.567374,26.405502,0.817544,19.835800,0.251183,125.025324,0.109063,0.329662,0.133370,207.181396,0.866025,-0.500000
2011,4,15.000000,125.000000,17.500000,127.500000,13120.880000,3.312888,0.070651,0.503091,3.886630,26.536141,0.905806,24.666714,0.173072,2.689154,0.044803,0.149444,0.112244,208.034973,0.866025,-0.500000
2011,4,15.000000,130.000000,17.500000,132.500000,3675.860000,2.235939,0.147448,0.509269,2.892656,26.801951,0.926469,27.026685,0.163163,2.187252,0.048772,0.157222,0.118250,207.444962,0.866025,-0.500000
2011,4,15.000000,135.000000,17.500000,137.500000,5728.390000,2.663401,0.929057,3.330779,6.923237,27.203449,0.908930,23.282063,0.197807,3.510814,0.053070,0.176389,0.094721,205.530853,0.866025,-0.500000
2011,4,15.000000,140.000000,17.500000,142.500000,10753.480000,2.879533,0.726091,11.224645,14.830269,27.390851,0.902366,24.878139,0.144895,2.798591,0.040728,0.174444,0.092050,204.340286,0.866025,-0.500000
2011,4,15.000000,145.000000,17.500000,147.500000,1253.220000,13.682354,0.544996,33.281467,47.508817,27.537427,0.888190,22.786589,0.140773,90.109134,0.039349,0.133963,0.079779,203.946716,0.866025,-0.500000
2011,4,15.000000,150.000000,17.500000,152.500000,11019.810000,5.138110,0.257355,15.251624,20.647089,27.696115,0.831074,20.717873,0.158799,1.695207,0.057424,0.149444,0.082094,203.429596,0.866025,-0.500000
2011,4,15.000000,155.000000,17.500000,157.500000,7173.920000,2.863149,1.925865,9.041222,13.830235,27.874645,0.833624,18.109812,0.192409,2.401763,0.063424,0.173889,0.077246,203.180023,0.866025,-0.500000
2011,4,15.000000,160.000000,17.500000,162.500000,5326.980000,1.520561,0.083912,1.048436,2.652910,28.102818,0.845650,16.510938,0.171923,1.577257,0.064574,0.048333,0.076027,203.430725,0.866025,-0.500000
2011,4,15.000000,-160.000000,17.500000,-157.500000,3079.250000,3.420638,11.985711,0.188682,15.595031,,,,,,,,,,0.866025,-0.500000
2011,4,15.000000,-165.000000,17.500000,-162.500000,8431.810000,4.138850,14.325513,1.129295,19.593658,,,,,,,,,,0.866025,-0.500000
2011,4,15.000000,-170.000000,17.500000,-167.500000,2597.860000,3.579485,17.122170,3.340442,24.042096,,,,,,,,,,0.866025,-0.500000
2011,4,-15.000000,150.000000,-12.500000,152.500000,4295.940000,39.790127,2.057757,4.066630,45.914515,29.309798,0.706946,15.556988,0.158023,133.552774,0.043137,0.065217,0.094887,198.822067,0.866025,-0.500000
2011,4,-15.000000,-150.000000,-12.500000,-147.500000,4193.440000,3.694580,4.523017,13.688046,21.905643,,,,,,,,,,0.866025,-0.500000
2011,4,-15.000000,155.000000,-12.500000,157.500000,15950.960000,15.127553,3.085457,11.442321,29.655331,29.547995,0.756665,18.348746,0.254681,0.945599,0.080266,0.021944,0.086547,198.754761,0.866025,-0.500000
2011,4,-15.000000,-155.000000,-12.500000,-152.500000,2260.250000,3.044354,4.036279,14.899679,21.980312,,,,,,,,,,0.866025,-0.500000
2011,4,-15.000000,160.000000,-12.500000,162.500000,19323.870000,13.245225,2.146309,9.220255,24.611788,29.480730,0.787587,21.266692,0.179641,133.475808,0.066884,0.018274,0.087360,198.655792,0.866025,-0.500000
2011,4,-15.000000,-160.000000,-12.500000,-157.500000,7261.010000,5.147356,3.717940,22.081363,30.946659,,,,,,,,,,0.866025,-0.500000
2011,4,-15.000000,165.000000,-12.500000,167.500000,11527.840000,15.085220,1.639336,22.838103,39.562659,29.545061,0.844177,22.055716,0.115735,131.876329,0.030064,0.015355,0.085194,199.206879,0.866025,-0.500000
2011,4,-15.000000,-165.000000,-12.500000,-162.500000,1264.120000,10.548840,8.337025,21.532766,40.418631,,,,,,,,,,0.866025,-0.500000
2011,4,-15.000000,170.000000,-12.500000,172.500000,11864.530000,9.485079,1.990302,13.175490,24.650871,29.549832,0.862053,24.735168,0.098283,0.513536,0.022712,0.000000,0.077086,199.544342,0.866025,-0.500000
2011,4,-15.000000,-170.000000,-12.500000,-167.500000,4407.780000,4.968034,3.058229,9.841462,17.867725,,,,,,,,,,0.866025,-0.500000
2011,4,-15.000000,175.000000,-12.500000,177.500000,1284.630000,14.278041,2.309614,10.005994,26.593650,29.508881,0.866359,26.141817,0.132433,0.457609,0.041844,0.000000,0.068884,199.188354,0.866025,-0.500000
2011,4,-15.000000,-175.000000,-12.500000,-172.500000,7239.850000,5.798877,0.740485,14.166039,20.705401,,,,,,,,,,0.866025,-0.500000
2011,4,-15.000000,-180.000000,-12.500000,-177.500000,1558.800000,19.979471,6.200282,4.682448,30.862202,,,,,,,,,,0.866025,-0.500000
2011,4,20.000000,115.000000,22.500000,117.500000,1244.470000,4.515979,0.299726,0.000000,4.815705,23.515261,0.540242,16.046740,0.231337,103.987240,0.111312,0.617037,0.228729,218.602631,0.866025,-0.500000
2011,4,20.000000,120.000000,22.500000,122.500000,5028.030000,6.484846,0.026054,0.052705,6.563604,24.615237,0.853321,25.004018,0.334169,110.470404,0.191056,0.379245,0.230145,214.679840,0.866025,-0.500000
2011,4,20.000000,125.000000,22.500000,127.500000,4618.380000,8.363972,0.344277,3.226240,11.934488,23.863647,0.997446,27.949078,0.184513,73.398244,0.094696,0.440245,0.187683,219.604828,0.866025,-0.500000
2011,4,20.000000,130.000000,22.500000,132.500000,1071.580000,3.757069,0.026130,0.039194,3.822393,24.008004,1.014348,28.419261,0.201116,4.985255,0.071616,0.413611,0.150336,219.928726,0.866025,-0.500000
2011,4,20.000000,145.000000,22.500000,147.500000,2165.710000,1.838658,0.626123,3.734110,6.198891,24.634394,0.932578,31.492730,0.184573,3.108748,0.073938,0.333611,0.099217,214.958008,0.866025,-0.500000
2011,4,20.000000,150.000000,22.500000,152.500000,2102.950000,4.479422,0.509285,6.029625,11.018331,24.665528,0.817049,23.704067,0.196860,3.201958,0.063455,0.421389,0.085671,213.472946,0.866025,-0.500000
2011,4,20.000000,155.000000,22.500000,157.500000,3214.600000,3.145337,0.195048,0.059727,3.400112,24.877826,0.778805,23.792443,0.196466,3.270391,0.067893,0.428056,0.076866,212.319397,0.866025,-0.500000
2011,4,20.000000,160.000000,22.500000,162.500000,5700.530000,4.107337,0.027717,0.198753,4.333808,24.972579,0.711664,20.139504,0.157211,4.722563,0.045796,0.402778,0.068512,212.098404,0.866025,-0.500000
2011,4,-20.000000,-150.000000,-17.500000,-147.500000,1779.340000,4.526959,1.326896,6.093833,11.947688,,,,,,,,,,0.866025,-0.500000
2011,4,-20.000000,155.000000,-17.500000,157.500000,2486.290000,16.617531,3.831009,17.807255,38.255795,28.074821,0.644129,22.471458,0.143131,1.350000,0.065253,0.061944,0.078653,201.418732,0.866025,-0.500000
2011,4,-20.000000,-155.000000,-17.500000,-152.500000,6567.130000,4.472121,2.308467,11.304786,18.085374,,,,,,,,,,0.866025,-0.500000
2011,4,-20.000000,160.000000,-17.500000,162.500000,4217.720000,14.400671,2.176057,17.129871,33.706600,28.247194,0.671311,20.619880,0.125366,55.369908,0.040498,0.075021,0.083848,200.622818,0.866025,-0.500000
2011,4,-20.000000,165.000000,-17.500000,167.500000,24404.210000,9.681731,1.452004,10.297895,21.431630,28.702328,0.720573,18.226527,0.148504,131.738100,0.078919,0.182183,0.088655,200.091537,0.866025,-0.500000
2011,4,-20.000000,170.000000,-17.500000,172.500000,31817.470000,9.901919,0.490737,21.412608,31.805263,28.851863,0.794927,20.843677,0.121753,1.209563,0.060234,0.026667,0.083689,200.416550,0.866025,-0.500000
2011,4,-20.000000,175.000000,-17.500000,177.500000,10090.730000,9.416762,1.704337,11.365382,22.486480,28.938635,0.783476,20.213741,0.105718,132.718504,0.048576,0.129809,0.089250,200.513138,0.866025,-0.500000
2011,4,-20.000000,-180.000000,-17.500000,-177.500000,1571.640000,11.412283,1.327276,3.475987,16.215546,,,,,,,,,,0.866025,-0.500000
2011,4,25.000000,125.000000,27.500000,127.500000,2788.640000,13.278157,0.703210,5.783823,19.765190,21.094382,0.737764,30.571003,0.269507,95.670277,0.259704,0.625667,0.410898,227.094406,0.866025,-0.500000
2011,4,25.000000,130.000000,27.500000,132.500000,7513.500000,3.871431,0.956013,11.573301,16.400745,20.773751,0.931570,43.115219,0.211656,44.475451,0.116256,0.316199,0.447261,228.858475,0.866025,-0.500000
2011,4,25.000000,135.000000,27.500000,137.500000,7666.910000,0.347989,1.027011,16.919854,18.294854,20.587220,0.938059,34.642579,0.159092,3.819980,0.062848,0.399722,0.446083,229.224136,0.866025,-0.500000
2011,4,25.000000,140.000000,27.500000,142.500000,1384.890000,0.332878,2.250720,19.567619,22.151218,20.678008,0.959235,36.840990,0.172221,42.667961,0.078912,0.467630,0.390416,229.647858,0.866025,-0.500000
2011,4,25.000000,145.000000,27.500000,147.500000,1824.270000,2.722733,0.020282,0.000000,2.743015,20.782648,0.885121,33.006490,0.137400,4.881326,0.054756,0.603611,0.395942,233.685287,0.866025,-0.500000
2011,4,25.000000,150.000000,27.500000,152.500000,1413.150000,0.000000,0.000000,0.018399,0.018399,20.937618,0.876794,37.326343,0.134149,4.875226,0.067225,0.469444,0.264107,232.053375,0.866025,-0.500000
2011,4,25.000000,165.000000,27.500000,167.500000,1277.420000,0.094722,0.944873,21.930140,22.969736,20.566607,0.732148,28.340676,0.126175,5.509401,0.045417,0.553333,0.064792,229.933243,0.866025,-0.500000
2011,4,25.000000,170.000000,27.500000,172.500000,1183.370000,0.217176,2.723578,18.065356,21.006110,20.801676,0.673577,27.181312,0.112955,7.130455,0.052752,0.550000,0.065262,230.884674,0.866025,-0.500000
2011,4,25.000000,-170.000000,27.500000,-167.500000,1407.350000,2.948804,20.867588,1.132625,24.949018,,,,,,,,,,0.866025,-0.500000
2011,4,25.000000,175.000000,27.500000,177.500000,2974.700000,0.080344,3.157966,0.874374,4.112684,21.613316,0.657095,25.673104,0.126588,5.045125,0.066853,0.636944,0.063762,229.016342,0.866025,-0.500000
2011,4,-25.000000,155.000000,-22.500000,157.500000,1276.420000,33.427085,2.787484,27.715015,63.929584,25.843345,0.691756,36.565950,0.150220,53.128161,0.047253,0.222006,0.068007,206.722015,0.866025,-0.500000
2011,4,-25.000000,160.000000,-22.500000,162.500000,1105.790000,14.369817,1.260637,19.252299,34.882754,26.038634,0.616875,31.371062,0.149120,122.878941,0.064666,0.179848,0.070602,206.115036,0.866025,-0.500000
2011,4,-25.000000,170.000000,-22.500000,172.500000,3203.450000,18.914296,1.762787,19.909785,40.586867,26.570422,0.701019,29.532509,0.143820,2.786415,0.072872,0.174167,0.074687,205.199829,0.866025,-0.500000
2011,4,-25.000000,175.000000,-22.500000,177.500000,3922.380000,6.249777,1.065934,15.521444,22.837155,26.416336,0.618069,25.380720,0.145072,2.119894,0.098358,0.253889,0.073162,205.131485,0.866025,-0.500000
2011,4,30.000000,130.000000,32.500000,132.500000,15543.330000,12.346775,2.132426,8.745230,23.224431,18.394712,0.573029,38.454970,0.427309,89.932397,0.373156,0.748748,0.854937,242.732239,0.866025,-0.500000
2011,4,30.000000,135.000000,32.500000,137.500000,13530.580000,2.698258,2.128512,17.540416,22.367186,18.904720,0.807383,62.397879,0.369731,82.022030,0.384948,0.507016,0.904437,234.966690,0.866025,-0.500000
2011,4,30.000000,140.000000,32.500000,142.500000,16896.720000,0.894730,9.240196,10.584539,20.719465,18.436065,0.865971,81.489214,0.222232,26.060872,0.206822,0.413611,0.928752,238.783829,0.866025,-0.500000
2011,4,30.000000,155.000000,32.500000,157.500000,1943.750000,0.000000,0.028810,0.013376,0.042186,17.501294,0.767714,49.261454,0.304034,5.625703,0.256569,0.359444,0.772739,247.949753,0.866025,-0.500000
2011,4,30.000000,165.000000,32.500000,167.500000,2774.260000,0.064161,0.669368,9.885519,10.619048,16.942703,0.660397,62.662175,0.195490,3.234559,0.175131,0.315556,0.552796,252.304337,0.866025,-0.500000
2011,4,30.000000,-165.000000,32.500000,-162.500000,3116.360000,0.297783,0.112631,0.039469,0.449884,,,,,,,,,,0.866025,-0.500000
2011,4,30.000000,170.000000,32.500000,172.500000,4835.590000,0.562289,0.444000,5.900418,6.906706,16.716910,0.513245,52.051525,0.222556,3.191392,0.174269,0.371389,0.431000,253.764389,0.866025,-0.500000
2011,4,30.000000,-170.000000,32.500000,-167.500000,2910.590000,0.000000,0.238096,0.062530,0.300626,,,,,,,,,,0.866025,-0.500000
2011,4,30.000000,175.000000,32.500000,177.500000,7314.390000,0.047577,0.074237,0.378842,0.500657,16.977802,0.544524,40.386629,0.180176,3.399204,0.131918,0.347778,0.304079,253.418594,0.866025,-0.500000
2011,4,30.000000,-175.000000,32.500000,-172.500000,5911.640000,0.089315,0.202820,0.116719,0.408854,,,,,,,,,,0.866025,-0.500000
2011,4,30.000000,-180.000000,32.500000,-177.500000,3792.430000,0.000000,0.215693,0.464082,0.679775,,,,,,,,,,0.866025,-0.500000
2011,4,-30.000000,155.000000,-27.500000,157.500000,1673.520000,17.555213,11.014508,6.340528,34.910249,24.610875,0.728280,45.950366,0.234212,2.608642,0.116472,0.204722,0.087932,212.160629,0.866025,-0.500000
2011,4,-30.000000,170.000000,-27.500000,172.500000,7378.750000,1.895579,1.397391,9.645672,12.938641,23.734033,0.533734,38.168739,0.148800,2.973331,0.083813,0.302778,0.061886,213.452286,0.866025,-0.500000
2011,4,35.000000,140.000000,37.500000,142.500000,3405.630000,0.409616,10.058345,8.107751,18.575711,12.865856,0.181458,38.517667,0.426055,70.546092,0.368581,0.771581,1.178930,237.679428,0.866025,-0.500000
2011,4,-35.000000,150.000000,-32.500000,152.500000,1902.040000,47.587853,6.586087,0.687157,54.861097,24.300335,0.631427,45.800408,0.484446,107.356810,0.287958,0.512808,0.334931,213.351059,0.866025,-0.500000
2011,4,-40.000000,150.000000,-37.500000,152.500000,1660.350000,24.870660,7.433372,4.008191,36.312223,,,,,,,,,,0.866025,-0.500000
2011,4,-40.000000,155.000000,-37.500000,157.500000,1900.040000,5.706722,3.745711,16.922275,26.374708,,,,,,,,,,0.866025,-0.500000
2011,4,-40.000000,175.000000,-37.500000,177.500000,3206.390000,0.000000,4.572744,17.321037,21.893781,,,,,,,,,,0.866025,-0.500000
2011,4,-45.000000,150.000000,-42.500000,152.500000,11289.020000,0.067056,0.075649,9.070406,9.213112,,,,,,,,,,0.866025,-0.500000
2011,4,-45.000000,155.000000,-42.500000,157.500000,6084.210000,0.321159,0.586107,12.391584,13.298851,,,,,,,,,,0.866025,-0.500000
2011,5,0.000000,120.000000,2.500000,122.500000,24015.370000,14.000409,3.262494,0.000000,17.262903,29.680322,0.685422,12.913536,0.161827,135.383719,0.007038,0.069212,0.109806,201.219589,0.500000,-0.866025
2011,5,0.000000,125.000000,2.500000,127.500000,31574.940000,14.159425,3.103474,0.000000,17.262899,29.562864,0.699870,14.609376,0.312674,136.852932,0.026978,0.118270,0.112346,200.375870,0.500000,-0.866025
2011,5,0.000000,130.000000,2.500000,132.500000,11172.660000,15.671380,6.952149,0.050301,22.673831,29.732047,0.745322,17.270687,0.437461,119.158287,0.035246,0.006946,0.111205,200.982925,0.500000,-0.866025
2011,5,0.000000,135.000000,2.500000,137.500000,1717.990000,33.852933,11.296923,14.398803,59.548659,29.806084,0.763079,16.213722,0.252873,0.433262,0.016356,0.000000,0.094616,200.408249,0.500000,-0.866025
2011,5,0.000000,140.000000,2.500000,142.500000,4510.990000,10.557328,20.313058,0.172024,31.042410,29.868289,0.759540,18.886041,0.167125,0.452385,0.018287,0.000000,0.082428,199.166550,0.500000,-0.866025
2011,5,0.000000,145.000000,2.500000,147.500000,1239.460000,10.636083,27.310280,0.572830,38.519194,29.920643,0.750933,19.286046,0.158776,0.241571,0.021878,0.000000,0.072769,198.151169,0.500000,-0.866025
2011,5,0.000000,150.000000,2.500000,152.500000,2113.940000,16.050597,13.270008,0.121574,29.442179,29.949298,0.733049,21.026194,0.140034,0.342095,0.017925,0.000000,0.084452,198.573532,0.500000,-0.866025
2011,5,0.000000,155.000000,2.500000,157.500000,5956.550000,12.135884,10.505242,0.234700,22.875826,29.665972,0.715206,20.931799,0.111310,0.600542,0.015857,0.000000,0.141824,200.417206,0.500000,-0.866025
2011,5,0.000000,-155.000000,2.500000,-152.500000,5366.020000,1.558511,19.618265,0.078457,21.255232,,,,,,,,,,0.500000,-0.866025
2011,5,0.000000,160.000000,2.500000,162.500000,3260.830000,11.967812,3.815593,0.082801,15.866206,29.308785,0.689428,19.905572,0.115144,0.640357,0.016198,0.000000,0.165020,201.237122,0.500000,-0.866025
2011,5,0.000000,-160.000000,2.500000,-157.500000,12237.520000,8.326851,13.939507,2.087433,24.353791,,,,,,,,,,0.500000,-0.866025
2011,5,0.000000,165.000000,2.500000,167.500000,1895.630000,7.088936,9.223846,0.065941,16.378724,28.942699,0.658809,19.281117,0.153931,91.279564,0.017172,0.002779,0.168478,201.504822,0.500000,-0.866025
2011,5,0.000000,-165.000000,2.500000,-162.500000,13605.100000,6.092862,18.779355,8.191340,33.063557,,,,,,,,,,0.500000,-0.866025
2011,5,0.000000,170.000000,2.500000,172.500000,1145.210000,12.831708,10.962182,0.081208,23.875097,28.625511,0.641073,22.147214,0.146514,127.572868,0.016705,0.019537,0.239991,202.642212,0.500000,-0.866025
2011,5,0.000000,-170.000000,2.500000,-167.500000,10972.490000,6.198866,17.586710,2.071636,25.857212,,,,,,,,,,0.500000,-0.866025
2011,5,0.000000,-175.000000,2.500000,-172.500000,3783.350000,5.164471,22.638931,0.798763,28.602165,,,,,,,,,,0.500000,-0.866025
2011,5,5.000000,115.000000,7.500000,117.500000,1289.120000,3.607112,0.000000,0.000000,3.607112,29.636334,0.702952,11.546187,0.115333,138.192355,0.016726,0.134523,0.123481,200.774261,0.500000,-0.866025
2011,5,5.000000,125.000000,7.500000,127.500000,1576.490000,6.433279,3.085335,0.040597,9.559211,29.331543,0.624819,13.381076,0.480969,130.706940,0.081359,0.074627,0.110128,199.813354,0.500000,-0.866025
2011,5,5.000000,130.000000,7.500000,132.500000,2737.550000,4.627130,16.962978,0.138080,21.728188,29.470235,0.545771,13.938828,0.437175,132.943573,0.066015,0.008361,0.095196,199.441483,0.500000,-0.866025
2011,5,5.000000,140.000000,7.500000,142.500000,1005.020000,2.414877,19.979702,0.076615,22.471195,29.525276,0.673431,17.108126,0.292305,0.389652,0.059386,0.000000,0.086725,199.392120,0.500000,-0.866025
2011,5,5.000000,145.000000,7.500000,147.500000,1090.230000,8.512883,23.518891,0.056869,32.088642,29.651639,0.688072,21.342273,0.195746,0.424628,0.034670,0.000000,0.081119,198.766434,0.500000,-0.866025
2011,5,5.000000,155.000000,7.500000,157.500000,2648.090000,4.195099,14.597314,0.108758,18.901170,29.430204,0.700922,36.333148,0.134415,124.769529,0.018267,0.003336,0.074255,198.325989,0.500000,-0.866025
2011,5,5.000000,160.000000,7.500000,162.500000,1952.370000,3.695509,30.728294,0.342148,34.765951,29.175833,0.660837,41.182696,0.127482,0.520270,0.017583,0.000000,0.096903,199.060287,0.500000,-0.866025
2011,5,5.000000,-165.000000,7.500000,-162.500000,1864.240000,3.151418,7.044157,105.404883,115.600459,,,,,,,,,,0.500000,-0.866025
2011,5,5.000000,170.000000,7.500000,172.500000,1400.230000,3.587982,17.312870,0.477064,21.377916,28.562733,0.604644,33.306126,0.129985,128.272537,0.015682,0.027848,0.172239,200.846329,0.500000,-0.866025
2011,5,5.000000,-170.000000,7.500000,-167.500000,2528.560000,4.218607,13.068308,0.117458,17.404372,,,,,,,,,,0.500000,-0.866025
2011,5,-5.000000,120.000000,-2.500000,122.500000,30238.260000,14.664633,2.598265,0.000000,17.262898,29.433386,0.678686,17.188295,0.149520,136.117971,0.009428,0.212048,0.111333,200.647217,0.500000,-0.866025
2011,5,-5.000000,125.000000,-2.500000,127.500000,45357.380000,14.664648,2.598254,0.000000,17.262902,29.175132,0.669090,15.494900,0.232138,134.945273,0.007873,0.148607,0.106723,199.769257,0.500000,-0.866025
2011,5,-5.000000,130.000000,-2.500000,132.500000,15119.130000,14.664667,2.598232,0.000000,17.262898,29.251200,0.685086,14.525713,0.221472,136.169493,0.043271,0.242863,0.158377,198.683624,0.500000,-0.866025
2011,5,-5.000000,145.000000,-2.500000,147.500000,2430.330000,14.228109,0.120560,0.000000,14.348669,29.813980,0.762892,16.389580,0.135089,131.343803,0.008610,0.028229,0.105582,199.673828,0.500000,-0.866025
2011,5,-5.000000,150.000000,-2.500000,152.500000,2344.980000,29.563152,1.135191,0.000000,30.698343,29.898111,0.743945,16.006123,0.166902,134.589915,0.009813,0.074128,0.180226,200.939316,0.500000,-0.866025
2011,5,-5.000000,155.000000,-2.500000,157.500000,3316.010000,16.047298,7.576877,0.795233,24.419408,29.680140,0.732878,19.337800,0.163462,0.437715,0.009717,0.000000,0.169257,200.843277,0.500000,-0.866025
2011,5,-5.000000,-155.000000,-2.500000,-152.500000,14089.310000,3.928297,22.877770,0.113348,26.919416,,,,,,,,,,0.500000,-0.866025
2011,5,-5.000000,160.000000,-2.500000,162.500000,6545.990000,7.903923,6.495427,0.339903,14.739253,29.402178,0.714259,20.339655,0.173891,0.346886,0.015279,0.000000,0.148318,201.996017,0.500000,-0.866025
2011,5,-5.000000,-160.000000,-2.500000,-157.500000,7029.350000,3.884854,13.627007,0.351953,17.863814,,,,,,,,,,0.500000,-0.866025
2011,5,-5.000000,165.000000,-2.500000,167.500000,2875.150000,19.059875,6.146810,0.010086,25.216771,29.140018,0.683570,18.891509,0.175266,0.384551,0.018192,0.000000,0.154812,202.736588,0.500000,-0.866025
2011,5,-5.000000,-165.000000,-2.500000,-162.500000,6111.680000,5.752428,16.125353,0.806652,22.684434,,,,,,,,,,0.500000,-0.866025
2011,5,-5.000000,170.000000,-2.500000,172.500000,5404.590000,19.559115,9.500813,0.108241,29.168170,28.974232,0.654440,21.387327,0.154181,128.318436,0.012376,0.009755,0.173092,202.478882,0.500000,-0.866025
2011,5,-5.000000,-170.000000,-2.500000,-167.500000,10066.050000,12.305621,11.870396,9.469057,33.645074,,,,,,,,,,0.500000,-0.866025
2011,5,-5.000000,175.000000,-2.500000,177.500000,3501.950000,16.103314,7.249675,0.172190,23.525179,28.746694,0.631242,24.297799,0.141476,90.636289,0.008648,0.001668,0.173691,203.461548,0.500000,-0.866025
2011,5,-5.000000,-175.000000,-2.500000,-172.500000,7968.710000,27.323745,10.297024,1.482549,39.103318,,,,,,,,,,0.500000,-0.866025
2011,5,-5.000000,-180.000000,-2.500000,-177.500000,2536.140000,26.271420,9.490012,1.300401,37.061834,,,,,,,,,,0.500000,-0.866025
2011,5,10.000000,110.000000,12.500000,112.500000,16019.320000,13.754204,4.452936,0.000000,18.207140,29.606906,0.684149,12.292899,0.144557,1.060765,0.042119,0.021667,0.084037,202.081451,0.500000,-0.866025
2011,5,10.000000,115.000000,12.500000,117.500000,16019.320000,13.754204,4.452936,0.000000,18.207140,29.899848,0.708262,12.177787,0.139445,133.555124,0.042089,0.043133,0.098996,200.851883,0.500000,-0.866025
2011,5,10.000000,130.000000,12.500000,132.500000,8453.770000,7.049636,11.807040,2.628295,21.484971,29.257996,0.816439,20.112080,0.219429,0.628635,0.079979,0.000000,0.090453,199.640579,0.500000,-0.866025
2011,5,10.000000,135.000000,12.500000,137.500000,1691.170000,0.780525,0.253671,3.591596,4.625792,29.330412,0.793819,20.423476,0.227683,117.756171,0.081999,0.001946,0.089123,199.296616,0.500000,-0.866025
2011,5,10.000000,150.000000,12.500000,152.500000,1190.340000,3.367945,5.414419,6.877027,15.659391,29.261385,0.764976,28.697022,0.152223,0.429302,0.027077,0.000000,0.084906,199.454987,0.500000,-0.866025
2011,5,10.000000,-165.000000,12.500000,-162.500000,2710.200000,3.001992,14.663493,0.227289,17.892775,,,,,,,,,,0.500000,-0.866025
2011,5,10.000000,-170.000000,12.500000,-167.500000,9270.240000,2.352906,19.455699,0.277231,22.085836,,,,,,,,,,0.500000,-0.866025
2011,5,10.000000,175.000000,12.500000,177.500000,4010.890000,2.199013,25.868323,2.122222,30.189559,27.900454,0.663519,34.666782,0.136354,0.503864,0.025179,0.000000,0.059782,202.973160,0.500000,-0.866025
2011,5,10.000000,-175.000000,12.500000,-172.500000,14955.840000,3.578870,24.963024,0.714102,29.255996,,,,,,,,,,0.500000,-0.866025
2011,5,10.000000,-180.000000,12.500000,-177.500000,9984.150000,3.281501,29.381470,1.515702,34.178673,,,,,,,,,,0.500000,-0.866025
2011,5,-10.000000,-135.000000,-7.500000,-132.500000,11319.310000,10.312378,12.127948,2.333711,24.774037,,,,,,,,,,0.500000,-0.866025
2011,5,-10.000000,-140.000000,-7.500000,-137.500000,3119.310000,3.455251,5.300531,2.200807,10.956590,,,,,,,,,,0.500000,-0.866025
2011,5,-10.000000,145.000000,-7.500000,147.500000,2752.130000,27.983780,0.227460,0.567197,28.778437,28.813000,0.774974,20.595141,0.258434,134.087285,0.035082,0.333996,0.190977,201.018707,0.500000,-0.866025
2011,5,-10.000000,150.000000,-7.500000,152.500000,2711.230000,24.620191,0.288799,1.562759,26.471749,29.490802,0.772006,20.390392,0.206119,134.339488,0.026864,0.098051,0.135534,200.571762,0.500000,-0.866025
2011,5,-10.000000,155.000000,-7.500000,157.500000,5468.490000,37.566495,4.365556,2.346169,44.278219,29.696349,0.789792,16.943670,0.146124,133.910795,0.018196,0.103448,0.211031,200.384186,0.500000,-0.866025
2011,5,-10.000000,-155.000000,-7.500000,-152.500000,1024.130000,5.178054,12.205482,0.911994,18.295529,,,,,,,,,,0.500000,-0.866025
2011,5,-10.000000,160.000000,-7.500000,162.500000,14707.320000,11.126024,10.231028,2.903656,24.260708,29.673211,0.818666,20.199238,0.184848,132.969391,0.033984,0.031973,0.149021,199.555191,0.500000,-0.866025
2011,5,-10.000000,-160.000000,-7.500000,-157.500000,1270.420000,11.444247,7.424316,12.925647,31.794210,,,,,,,,,,0.500000,-0.866025
2011,5,-10.000000,165.000000,-7.500000,167.500000,10238.670000,8.458618,4.823185,16.498139,29.779942,29.620889,0.790622,21.528478,0.173966,0.621405,0.041671,0.000000,0.133231,199.567673,0.500000,-0.866025
2011,5,-10.000000,-165.000000,-7.500000,-162.500000,6271.740000,7.521039,8.067139,18.744081,34.332259,,,,,,,,,,0.500000,-0.866025
2011,5,-10.000000,170.000000,-7.500000,172.500000,4723.220000,12.419070,4.302997,3.837848,20.559915,29.531200,0.748395,22.921775,0.182361,0.378363,0.040991,0.000000,0.114716,199.478424,0.500000,-0.866025
2011,5,-10.000000,-170.000000,-7.500000,-167.500000,3842.620000,14.066184,11.919732,8.018487,34.004403,,,,,,,,,,0.500000,-0.866025
2011,5,-10.000000,175.000000,-7.500000,177.500000,1933.110000,18.576801,7.377232,8.907926,34.861958,29.457749,0.716267,24.610975,0.196680,0.437868,0.051867,0.000000,0.138915,200.039536,0.500000,-0.866025
2011,5,-10.000000,-175.000000,-7.500000,-172.500000,13654.850000,12.458211,4.565777,10.603046,27.627034,,,,,,,,,,0.500000,-0.866025
2011,5,-10.000000,-180.000000,-7.500000,-177.500000,6361.030000,14.114224,10.045071,10.486824,34.646119,,,,,,,,,,0.500000,-0.866025
2011,5,15.000000,110.000000,17.500000,112.500000,16019.320000,13.754204,4.452936,0.000000,18.207140,29.015354,0.661611,11.033186,0.147197,127.746891,0.050116,0.158350,0.089099,203.978241,0.500000,-0.866025
2011,5,15.000000,115.000000,17.500000,117.500000,16019.320000,13.754204,4.452936,0.000000,18.207140,29.185885,0.618810,11.039242,0.179758,134.422110,0.084556,0.145404,0.089304,202.786148,0.500000,-0.866025
2011,5,15.000000,120.000000,17.500000,122.500000,5154.350000,7.539845,0.154433,0.025997,7.720275,28.763387,0.866926,11.654452,0.256947,136.953406,0.099850,0.177680,0.120614,202.257263,0.500000,-0.866025
2011,5,15.000000,125.000000,17.500000,127.500000,6252.450000,4.561252,0.008956,0.156739,4.726947,28.618304,0.970426,14.057080,0.189257,1.159794,0.052509,0.032222,0.101715,203.031036,0.500000,-0.866025
2011,5,15.000000,130.000000,17.500000,132.500000,11974.310000,2.449160,0.244273,1.308885,4.002318,28.585428,0.956684,14.515706,0.131766,1.507451,0.064675,0.021944,0.095121,202.257141,0.500000,-0.866025
2011,5,15.000000,135.000000,17.500000,137.500000,8762.620000,2.804869,0.431150,6.933314,10.169333,28.775321,0.969885,19.341954,0.188359,1.456826,0.044511,0.049444,0.089500,201.590347,0.500000,-0.866025
2011,5,15.000000,140.000000,17.500000,142.500000,6172.910000,1.529911,0.927601,25.059656,27.517168,28.717571,0.926154,17.943570,0.160627,1.419100,0.046494,0.045000,0.091153,201.162964,0.500000,-0.866025
2011,5,15.000000,145.000000,17.500000,147.500000,1520.450000,2.623565,0.612976,32.373311,35.609852,28.636294,0.893812,19.123859,0.144958,92.143517,0.047338,0.033908,0.087133,201.024765,0.500000,-0.866025
2011,5,15.000000,150.000000,17.500000,152.500000,10918.790000,3.037699,1.158370,26.798024,30.994094,28.517133,0.866335,20.507888,0.184237,1.133200,0.057144,0.040000,0.081447,200.899811,0.500000,-0.866025
2011,5,15.000000,155.000000,17.500000,157.500000,4468.690000,2.471418,2.007747,44.207363,48.686528,28.480857,0.866402,21.630970,0.185745,2.089196,0.064666,0.043333,0.074128,201.161560,0.500000,-0.866025
2011,5,15.000000,-160.000000,17.500000,-157.500000,1789.350000,1.967195,8.224215,0.666723,10.858133,,,,,,,,,,0.500000,-0.866025
2011,5,15.000000,-165.000000,17.500000,-162.500000,5001.470000,3.911850,9.495808,2.172761,15.580419,,,,,,,,,,0.500000,-0.866025
2011,5,15.000000,-170.000000,17.500000,-167.500000,2835.190000,3.149348,14.503790,6.188650,23.841788,,,,,,,,,,0.500000,-0.866025
2011,5,-15.000000,-145.000000,-12.500000,-142.500000,3989.160000,3.189895,3.144772,27.759980,34.094646,,,,,,,,,,0.500000,-0.866025
2011,5,-15.000000,150.000000,-12.500000,152.500000,3107.700000,49.750941,0.761013,17.789362,68.301316,28.039361,0.697322,31.557019,0.155098,129.083256,0.069063,0.177301,0.122862,200.908722,0.500000,-0.866025
2011,5,-15.000000,-150.000000,-12.500000,-147.500000,5374.970000,5.264960,4.025139,21.278072,30.568171,,,,,,,,,,0.500000,-0.866025
2011,5,-15.000000,155.000000,-12.500000,157.500000,22750.300000,25.753155,3.310813,13.174727,42.238696,28.989520,0.760414,34.136226,0.156435,1.209765,0.058484,0.040833,0.092381,199.689896,0.500000,-0.866025
2011,5,-15.000000,-155.000000,-12.500000,-152.500000,1056.460000,6.159249,4.729947,18.126574,29.015770,,,,,,,,,,0.500000,-0.866025
2011,5,-15.000000,160.000000,-12.500000,162.500000,17893.260000,17.599644,2.967766,10.376142,30.943551,29.146998,0.816078,28.989368,0.128858,132.586801,0.035844,0.050604,0.079427,199.029877,0.500000,-0.866025
2011,5,-15.000000,-160.000000,-12.500000,-157.500000,11981.080000,10.878151,6.981341,33.700969,51.560460,,,,,,,,,,0.500000,-0.866025
2011,5,-15.000000,165.000000,-12.500000,167.500000,10156.190000,10.891092,1.691185,17.119412,29.701689,29.328859,0.839704,27.802985,0.107525,128.543127,0.025571,0.016192,0.074870,199.128296,0.500000,-0.866025
2011,5,-15.000000,-165.000000,-12.500000,-162.500000,7087.630000,9.457463,5.697814,28.274614,43.429891,,,,,,,,,,0.500000,-0.866025
2011,5,-15.000000,170.000000,-12.500000,172.500000,7285.830000,7.945148,2.082536,10.634204,20.661888,29.550613,0.892307,31.415162,0.119593,0.633090,0.034129,0.000000,0.067381,199.105560,0.500000,-0.866025
2011,5,-15.000000,-170.000000,-12.500000,-167.500000,9849.560000,6.883455,3.105621,20.721433,30.710509,,,,,,,,,,0.500000,-0.866025
2011,5,-15.000000,175.000000,-12.500000,177.500000,1362.100000,7.804860,2.177520,15.429117,25.411497,29.520221,0.891089,33.716597,0.140069,0.623817,0.044585,0.000000,0.064914,198.743866,0.500000,-0.866025
2011,5,-15.000000,-175.000000,-12.500000,-172.500000,7656.990000,8.680434,1.081626,33.594924,43.356985,,,,,,,,,,0.500000,-0.866025
2011,5,20.000000,115.000000,22.500000,117.500000,3215.050000,1.955802,0.000000,0.000000,1.955802,26.474709,0.565148,11.291794,0.218345,115.143849,0.104523,0.547244,0.205364,211.029816,0.500000,-0.866025
2011,5,20.000000,120.000000,22.500000,122.500000,34781.650000,9.308587,0.052758,0.075011,9.436355,27.142276,0.921338,11.930866,0.344511,123.318013,0.207854,0.346541,0.154056,206.875381,0.500000,-0.866025
2011,5,20.000000,125.000000,22.500000,127.500000,10376.170000,12.961912,0.171451,1.111875,14.245237,26.599254,1.050077,11.280483,0.228241,79.543280,0.107547,0.280989,0.107665,211.195129,0.500000,-0.866025
2011,5,20.000000,130.000000,22.500000,132.500000,2123.920000,2.289163,0.382783,9.326622,11.998569,26.769914,0.994289,10.977636,0.172023,4.005001,0.095725,0.381111,0.097345,209.953339,0.500000,-0.866025
2011,5,20.000000,135.000000,22.500000,137.500000,4766.310000,1.575642,0.184000,2.457876,4.217518,27.318592,0.975561,11.090427,0.196871,2.162454,0.068011,0.279722,0.098361,208.510742,0.500000,-0.866025
2011,5,20.000000,140.000000,22.500000,142.500000,2716.630000,4.155516,0.233377,4.836507,9.225401,27.430644,0.968665,11.609160,0.200056,51.128804,0.073259,0.257294,0.095732,208.161331,0.500000,-0.866025
2011,5,20.000000,145.000000,22.500000,147.500000,4157.190000,3.267351,0.097903,5.949692,9.314946,27.142739,0.901207,11.606020,0.165078,2.083171,0.085577,0.089722,0.089716,207.852112,0.500000,-0.866025
2011,5,20.000000,150.000000,22.500000,152.500000,6742.670000,3.619041,0.636543,17.487879,21.743464,27.188416,0.882535,13.261819,0.177762,1.639694,0.071001,0.108889,0.083826,207.100769,0.500000,-0.866025
2011,5,20.000000,155.000000,22.500000,157.500000,3394.930000,4.115549,1.381472,20.106158,25.603179,26.759782,0.813436,15.364799,0.172512,2.425380,0.067592,0.148611,0.079286,207.869766,0.500000,-0.866025
2011,5,20.000000,160.000000,22.500000,162.500000,4471.510000,2.865475,0.582801,3.002565,6.450841,26.471022,0.745230,16.444645,0.154815,2.385141,0.052914,0.246667,0.076080,207.631897,0.500000,-0.866025
2011,5,20.000000,170.000000,22.500000,172.500000,1648.350000,1.788455,0.079473,0.063093,1.931022,26.332399,0.684496,19.525786,0.154804,2.500933,0.041759,0.259167,0.075429,208.364349,0.500000,-0.866025
2011,5,20.000000,175.000000,22.500000,177.500000,1962.910000,2.179927,0.125324,0.103418,2.408669,26.070520,0.699271,21.134323,0.176162,4.444126,0.081232,0.256944,0.071519,207.900833,0.500000,-0.866025
2011,5,20.000000,-180.000000,22.500000,-177.500000,1155.280000,2.048854,0.540129,0.090021,2.679004,,,,,,,,,,0.500000,-0.866025
2011,5,-20.000000,-145.000000,-17.500000,-142.500000,2621.300000,3.775989,1.988708,24.372258,30.136955,,,,,,,,,,0.500000,-0.866025
2011,5,-20.000000,-150.000000,-17.500000,-147.500000,2994.710000,5.673003,2.904455,21.282528,29.859986,,,,,,,,,,0.500000,-0.866025
2011,5,-20.000000,155.000000,-17.500000,157.500000,3298.660000,26.210037,2.713526,23.582303,52.505866,26.859521,0.651426,39.176401,0.129823,1.844655,0.042199,0.131389,0.073215,204.853241,0.500000,-0.866025
2011,5,-20.000000,-155.000000,-17.500000,-152.500000,1280.430000,6.789907,3.366838,10.686254,20.842998,,,,,,,,,,0.500000,-0.866025
2011,5,-20.000000,160.000000,-17.500000,162.500000,2769.940000,22.113475,2.426045,18.818819,43.358340,27.234544,0.686368,33.102070,0.162558,52.807948,0.064753,0.270075,0.075912,203.411072,0.500000,-0.866025
2011,5,-20.000000,165.000000,-17.500000,167.500000,17740.500000,11.241002,2.351343,11.384177,24.976523,27.865465,0.755348,29.055310,0.120354,128.370463,0.056814,0.228015,0.077241,201.893417,0.500000,-0.866025
2011,5,-20.000000,170.000000,-17.500000,172.500000,15607.760000,8.212197,0.916980,13.209263,22.338439,28.194687,0.789506,30.031656,0.126190,1.560956,0.070311,0.123333,0.075096,201.406815,0.500000,-0.866025
2011,5,-20.000000,175.000000,-17.500000,177.500000,10116.290000,8.159612,2.684779,11.910196,22.754587,28.341330,0.787743,28.417529,0.127777,128.542478,0.053395,0.231424,0.081613,201.223846,0.500000,-0.866025
2011,5,-20.000000,-175.000000,-17.500000,-172.500000,1596.970000,11.745994,5.978822,22.771874,40.496691,,,,,,,,,,0.500000,-0.866025
2011,5,-20.000000,-180.000000,-17.500000,-177.500000,13306.900000,8.620941,1.165711,18.192517,27.979169,,,,,,,,,,0.500000,-0.866025
2011,5,25.000000,125.000000,27.500000,127.500000,6059.580000,27.230105,0.174930,3.268213,30.673248,23.273840,0.797111,12.867696,0.285031,104.059276,0.248855,0.641112,0.215603,219.533890,0.500000,-0.866025
2011,5,25.000000,130.000000,27.500000,132.500000,5542.660000,5.737317,0.452490,5.096290,11.286097,22.672474,0.967096,12.956757,0.214875,47.181080,0.107768,0.422617,0.209991,223.620026,0.500000,-0.866025
2011,5,25.000000,135.000000,27.500000,137.500000,3574.380000,0.679838,0.032453,0.322573,1.034865,22.678934,0.989624,12.002295,0.163941,5.047446,0.076343,0.461667,0.218764,222.823715,0.500000,-0.866025
2011,5,25.000000,145.000000,27.500000,147.500000,3205.300000,1.269148,0.037750,0.039622,1.346520,24.246495,0.938712,11.396587,0.127302,3.459123,0.067903,0.526111,0.151677,223.847092,0.500000,-0.866025
2011,5,25.000000,150.000000,27.500000,152.500000,4743.970000,2.107518,0.102657,0.014123,2.224297,23.932754,0.883934,10.960723,0.149374,4.099169,0.078905,0.591944,0.102209,222.027542,0.500000,-0.866025
2011,5,25.000000,155.000000,27.500000,157.500000,3654.340000,2.901755,0.846391,0.027091,3.775237,24.249542,0.861772,11.422782,0.136451,4.789896,0.045065,0.366111,0.082535,222.105621,0.500000,-0.866025
2011,5,25.000000,160.000000,27.500000,162.500000,13722.450000,1.671713,0.259065,0.603172,2.533950,23.853417,0.845543,11.719659,0.176446,4.799141,0.087609,0.404722,0.074733,222.603638,0.500000,-0.866025
2011,5,25.000000,-160.000000,27.500000,-157.500000,1342.350000,0.298730,9.423027,0.000000,9.721757,,,,,,,,,,0.500000,-0.866025
2011,5,25.000000,165.000000,27.500000,167.500000,2293.130000,2.988492,1.013026,0.277786,4.279304,23.534437,0.754064,12.507418,0.126988,2.998307,0.044696,0.459167,0.069266,222.884277,0.500000,-0.866025
2011,5,25.000000,-165.000000,27.500000,-162.500000,6121.240000,1.369167,17.445158,0.171861,18.986186,,,,,,,,,,0.500000,-0.866025
2011,5,25.000000,170.000000,27.500000,172.500000,2786.100000,0.464449,1.216396,0.044148,1.724992,23.198509,0.701542,13.581500,0.120210,4.297391,0.049539,0.470556,0.064824,224.553452,0.500000,-0.866025
2011,5,25.000000,-170.000000,27.500000,-167.500000,6269.490000,1.457854,19.362181,0.525561,21.345596,,,,,,,,,,0.500000,-0.866025
2011,5,25.000000,175.000000,27.500000,177.500000,1322.330000,0.024956,1.863378,0.024200,1.912533,23.214516,0.669108,15.033842,0.133827,4.404250,0.076664,0.461389,0.065405,223.146057,0.500000,-0.866025
2011,5,25.000000,-175.000000,27.500000,-172.500000,1455.620000,0.764623,11.836194,0.516618,13.117434,,,,,,,,,,0.500000,-0.866025
2011,5,-25.000000,160.000000,-22.500000,162.500000,1506.260000,9.943171,1.770611,38.029955,49.743736,24.759806,0.650898,49.941443,0.139741,116.067769,0.064183,0.201238,0.063271,210.049759,0.500000,-0.866025
2011,5,-25.000000,165.000000,-22.500000,167.500000,1860.570000,13.773199,1.581236,10.411326,25.765760,25.492783,0.669930,36.460426,0.140627,119.979556,0.077593,0.402086,0.068233,209.039474,0.500000,-0.866025
2011,5,-25.000000,170.000000,-22.500000,172.500000,3730.950000,16.441389,1.434219,17.606508,35.482116,25.335183,0.667596,37.417856,0.143159,2.666117,0.072704,0.271389,0.064408,208.759048,0.500000,-0.866025
2011,5,-25.000000,175.000000,-22.500000,177.500000,4778.780000,6.493917,2.381361,14.974952,23.850230,25.897493,0.674399,32.045920,0.151219,2.412846,0.073421,0.267222,0.066440,207.741257,0.500000,-0.866025
2011,5,-25.000000,-175.000000,-22.500000,-172.500000,2878.550000,3.128311,1.824877,43.438189,48.391378,,,,,,,,,,0.500000,-0.866025
2011,5,30.000000,130.000000,32.500000,132.500000,4524.060000,7.624567,4.336149,10.920059,22.880775,20.756919,0.593956,14.234857,0.346958,101.432191,0.264148,0.725241,0.428897,232.361023,0.500000,-0.866025
2011,5,30.000000,140.000000,32.500000,142.500000,2254.280000,0.217364,6.684174,7.730628,14.632166,20.145016,0.924534,17.418694,0.198962,28.652565,0.168149,0.383611,0.664700,238.783600,0.500000,-0.866025
2011,5,30.000000,160.000000,32.500000,162.500000,1109.150000,1.429022,0.388586,0.000000,1.817608,19.120000,0.665662,15.297319,0.294135,5.220717,0.217199,0.600000,0.525985,248.151917,0.500000,-0.866025
2011,5,30.000000,165.000000,32.500000,167.500000,1717.870000,0.000000,0.388854,0.000000,0.388854,19.028246,0.676274,14.185258,0.233458,4.195429,0.200383,0.491111,0.385594,247.842682,0.500000,-0.866025
2011,5,30.000000,-165.000000,32.500000,-162.500000,1886.930000,0.015899,2.167012,0.000000,2.182911,,,,,,,,,,0.500000,-0.866025
2011,5,30.000000,170.000000,32.500000,172.500000,1798.830000,0.340777,0.400816,0.289633,1.031226,19.042483,0.529927,13.685560,0.252433,4.426363,0.187891,0.570278,0.331390,248.867935,0.500000,-0.866025
2011,5,30.000000,-170.000000,32.500000,-167.500000,1172.620000,0.256690,10.624925,0.042640,10.924255,,,,,,,,,,0.500000,-0.866025
2011,5,30.000000,175.000000,32.500000,177.500000,6379.810000,0.236841,0.374463,0.053450,0.664753,18.973098,0.562533,13.532501,0.177157,3.002223,0.123476,0.436667,0.235690,247.938675,0.500000,-0.866025
2011,5,-30.000000,150.000000,-27.500000,152.500000,2818.920000,25.436692,10.648759,7.570985,43.656436,23.745462,0.655487,59.474599,0.223826,105.376677,0.096458,0.354286,0.325340,212.919022,0.500000,-0.866025
2011,5,-30.000000,160.000000,-27.500000,162.500000,1722.100000,6.404390,1.312351,28.327043,36.043784,22.776727,0.606434,70.622801,0.173968,2.582591,0.102986,0.207500,0.076845,218.982086,0.500000,-0.866025
2011,5,-30.000000,170.000000,-27.500000,172.500000,6521.320000,0.924046,5.403967,10.561512,16.889525,22.723776,0.514218,47.201582,0.143783,1.948691,0.087942,0.270556,0.052728,218.090454,0.500000,-0.866025
2011,5,35.000000,145.000000,37.500000,147.500000,4473.610000,0.143508,19.358192,16.823326,36.325026,13.982835,0.044810,14.520877,0.357186,9.490549,0.270488,0.849444,1.174826,254.255569,0.500000,-0.866025
2011,5,35.000000,150.000000,37.500000,152.500000,1304.160000,0.138020,19.000736,16.218869,35.357625,15.315621,0.170328,22.258634,0.322188,13.421298,0.309817,0.785000,1.156825,261.890259,0.500000,-0.866025
2011,5,35.000000,155.000000,37.500000,157.500000,1922.150000,0.000000,0.000000,0.000000,0.000000,15.118451,0.179565,24.404975,0.232695,6.142411,0.118987,0.631667,1.256849,263.320038,0.500000,-0.866025
2011,5,35.000000,160.000000,37.500000,162.500000,2137.130000,0.000000,0.096391,0.000000,0.096391,14.865233,0.246882,22.931524,0.292354,4.979453,0.217860,0.655556,1.164867,267.034393,0.500000,-0.866025
2011,5,35.000000,165.000000,37.500000,167.500000,2297.300000,1.012058,0.000000,0.000000,1.012058,14.652916,0.253885,23.051267,0.222679,6.582385,0.115745,0.533611,1.044863,267.240967,0.500000,-0.866025
2011,5,35.000000,-165.000000,37.500000,-162.500000,1843.090000,0.000000,0.000000,0.000000,0.000000,,,,,,,,,,0.500000,-0.866025
2011,5,35.000000,170.000000,37.500000,172.500000,3777.030000,0.000000,0.007943,0.096902,0.104844,15.474906,0.358516,26.021608,0.226524,4.780836,0.133731,0.500556,0.961308,268.073761,0.500000,-0.866025
2011,5,35.000000,-170.000000,37.500000,-167.500000,1017.520000,0.000000,0.000000,0.000000,0.000000,,,,,,,,,,0.500000,-0.866025
2011,5,35.000000,175.000000,37.500000,177.500000,3783.640000,0.055766,0.066603,0.346227,0.468596,14.985972,0.339332,24.216481,0.192277,4.129543,0.189527,0.483333,0.628216,268.242432,0.500000,-0.866025
2011,5,35.000000,-180.000000,37.500000,-177.500000,2024.990000,0.318026,0.000000,0.000000,0.318026,,,,,,,,,,0.500000,-0.866025
2011,5,-35.000000,-135.000000,-32.500000,-132.500000,2319.490000,0.000000,0.524253,68.884970,69.409224,,,,,,,,,,0.500000,-0.866025
2011,5,-35.000000,-140.000000,-32.500000,-137.500000,1342.610000,0.122895,1.573800,67.534876,69.231571,,,,,,,,,,0.500000,-0.866025
2011,5,-35.000000,-145.000000,-32.500000,-142.500000,3416.140000,0.297119,1.925272,40.096717,42.319109,,,,,,,,,,0.500000,-0.866025
2011,5,-35.000000,150.000000,-32.500000,152.500000,1752.160000,38.191718,6.160396,5.615925,49.968039,22.449291,0.651602,79.042058,0.361224,100.960025,0.239798,0.493475,0.443874,216.838181,0.500000,-0.866025
2011,5,-35.000000,-150.000000,-32.500000,-147.500000,2224.180000,0.139827,1.769641,44.220791,46.130259,,,,,,,,,,0.500000,-0.866025
2011,5,-35.000000,-155.000000,-32.500000,-152.500000,2329.090000,0.264910,3.672250,37.834090,41.771250,,,,,,,,,,0.500000,-0.866025
2011,5,-35.000000,-160.000000,-32.500000,-157.500000,1501.250000,0.151873,2.096253,61.007161,63.255287,,,,,,,,,,0.500000,-0.866025
2011,5,-40.000000,155.000000,-37.500000,157.500000,10545.810000,3.183634,4.557071,20.670010,28.410715,,,,,,,,,,0.500000,-0.866025
2011,5,-40.000000,160.000000,-37.500000,162.500000,2291.700000,2.992975,5.567919,21.307326,29.868220,,,,,,,,,,0.500000,-0.866025
2011,5,-40.000000,175.000000,-37.500000,177.500000,3514.150000,0.000000,1.838282,27.485167,29.323449,,,,,,,,,,0.500000,-0.866025
2011,5,-45.000000,150.000000,-42.500000,152.500000,2171.600000,0.072757,0.339842,10.474765,10.887364,,,,,,,,,,0.500000,-0.866025
2011,5,-45.000000,155.000000,-42.500000,157.500000,1855.500000,0.226893,0.517920,12.078685,12.823498,,,,,,,,,,0.500000,-0.866025
2011,5,-45.000000,160.000000,-42.500000,162.500000,1579.020000,0.000000,0.000000,0.142493,0.142493,,,,,,,,,,0.500000,-0.866025
2011,5,-45.000000,165.000000,-42.500000,167.500000,2380.650000,0.000000,0.000000,0.799362,0.799362,,,,,,,,,,0.500000,-0.866025
2011,5,-50.000000,165.000000,-47.500000,167.500000,1948.150000,0.000000,0.000000,0.198650,0.198650,,,,,,,,,,0.500000,-0.866025
2011,6,0.000000,120.000000,2.500000,122.500000,20721.910000,16.225580,3.781022,0.000000,20.006602,29.375432,0.648594,13.703020,0.186518,133.860677,0.013049,0.060832,0.101649,200.676971,0.000000,-1.000000
2011,6,0.000000,125.000000,2.500000,127.500000,27244.760000,16.409871,3.596728,0.000000,20.006599,29.092680,0.653389,16.271970,0.374060,135.104751,0.026521,0.128857,0.112787,199.985733,0.000000,-1.000000
2011,6,0.000000,130.000000,2.500000,132.500000,10352.680000,14.604624,7.837681,0.030330,22.472635,29.313432,0.705777,20.986077,0.486054,117.698157,0.040692,0.009447,0.117730,200.291809,0.000000,-1.000000
2011,6,0.000000,135.000000,2.500000,137.500000,1466.890000,9.653076,10.987872,0.014998,20.655946,29.437364,0.713149,16.874914,0.294350,0.238278,0.030976,0.000000,0.107375,200.620270,0.000000,-1.000000
2011,6,0.000000,140.000000,2.500000,142.500000,1441.410000,17.391998,12.006993,0.012488,29.411479,29.607289,0.703947,15.461907,0.229449,0.384641,0.036560,0.000000,0.088601,199.428894,0.000000,-1.000000
2011,6,0.000000,145.000000,2.500000,147.500000,3704.470000,5.594323,26.679660,0.038332,32.312315,29.682131,0.712264,18.599506,0.182528,0.227093,0.021665,0.000000,0.074189,198.736130,0.000000,-1.000000
2011,6,0.000000,150.000000,2.500000,152.500000,1420.660000,17.721341,23.043515,0.141484,40.906339,29.746649,0.710996,20.159808,0.164303,0.330203,0.017451,0.000000,0.079167,198.743347,0.000000,-1.000000
2011,6,0.000000,155.000000,2.500000,157.500000,5767.800000,13.818960,14.106418,0.019938,27.945317,29.658367,0.693603,27.569957,0.134133,0.377215,0.018274,0.000000,0.117965,199.534119,0.000000,-1.000000
2011,6,0.000000,-155.000000,2.500000,-152.500000,2211.020000,2.936654,14.747040,0.213928,17.897622,,,,,,,,,,0.000000,-1.000000
2011,6,0.000000,160.000000,2.500000,162.500000,3534.000000,15.817487,3.664686,0.014431,19.496604,29.393775,0.678440,30.132748,0.145851,0.529760,0.013133,0.000000,0.154095,200.431580,0.000000,-1.000000
2011,6,0.000000,-160.000000,2.500000,-157.500000,6132.850000,13.145112,14.860791,0.724459,28.730362,,,,,,,,,,0.000000,-1.000000
2011,6,0.000000,-165.000000,2.500000,-162.500000,6812.340000,6.618577,23.568554,0.472525,30.659656,,,,,,,,,,0.000000,-1.000000
2011,6,0.000000,170.000000,2.500000,172.500000,1690.600000,14.549864,12.693127,0.489767,27.732758,28.771240,0.611146,32.699439,0.156052,129.233907,0.025384,0.019537,0.233622,201.059998,0.000000,-1.000000
2011,6,0.000000,-170.000000,2.500000,-167.500000,8363.260000,5.962388,20.859450,12.392416,39.214254,,,,,,,,,,0.000000,-1.000000
2011,6,0.000000,-175.000000,2.500000,-172.500000,3082.090000,2.839307,21.528898,0.013952,24.382156,,,,,,,,,,0.000000,-1.000000
2011,6,5.000000,125.000000,7.500000,127.500000,1714.640000,7.389889,4.933397,0.018080,12.341366,29.303975,0.568116,14.330238,0.478138,131.284427,0.085436,0.087894,0.101993,199.343399,0.000000,-1.000000
2011,6,5.000000,130.000000,7.500000,132.500000,2365.960000,2.920168,13.717899,0.039308,16.677374,29.334148,0.511087,15.586811,0.415499,131.690495,0.064315,0.007804,0.089823,199.302887,0.000000,-1.000000
2011,6,5.000000,145.000000,7.500000,147.500000,1847.460000,8.950667,25.532894,0.033560,34.517121,29.514635,0.690996,21.516016,0.204807,0.365684,0.045274,0.000000,0.083706,198.940125,0.000000,-1.000000
2011,6,5.000000,155.000000,7.500000,157.500000,4857.820000,8.134513,22.489718,1.378396,32.002627,29.247777,0.693927,41.341468,0.153957,123.739911,0.019011,0.003336,0.068118,198.284546,0.000000,-1.000000
2011,6,5.000000,160.000000,7.500000,162.500000,3069.990000,4.361578,24.900733,1.078831,30.341141,29.003273,0.674852,41.525732,0.126903,0.500317,0.018410,0.000000,0.098738,199.366699,0.000000,-1.000000
2011,6,5.000000,165.000000,7.500000,167.500000,7159.500000,3.150918,11.980725,1.051330,16.182974,28.718281,0.635092,37.507725,0.157041,128.443509,0.024696,0.041643,0.131417,200.194519,0.000000,-1.000000
2011,6,5.000000,170.000000,7.500000,172.500000,5769.280000,3.111653,15.806478,0.815180,19.733312,28.572146,0.599196,46.568286,0.201585,127.831954,0.040720,0.027848,0.169828,200.806595,0.000000,-1.000000
2011,6,5.000000,175.000000,7.500000,177.500000,2599.780000,1.436275,28.385094,0.140396,29.961766,28.365732,0.560624,48.542404,0.219837,0.264867,0.045739,0.000000,0.150841,202.063461,0.000000,-1.000000
2011,6,5.000000,-180.000000,7.500000,-177.500000,1360.600000,4.231222,21.495664,0.731295,26.458180,,,,,,,,,,0.000000,-1.000000
2011,6,-5.000000,120.000000,-2.500000,122.500000,26091.390000,16.995377,3.011223,0.000000,20.006600,28.680312,0.623709,21.870251,0.139980,133.545575,0.018892,0.218474,0.112221,200.463745,0.000000,-1.000000
2011,6,-5.000000,125.000000,-2.500000,127.500000,39137.080000,16.995392,3.011211,0.000000,20.006602,28.371157,0.606509,23.363574,0.190105,132.596444,0.014738,0.209907,0.158169,200.896286,0.000000,-1.000000
2011,6,-5.000000,130.000000,-2.500000,132.500000,13045.690000,16.995421,3.011186,0.000000,20.006608,28.270836,0.621422,20.369307,0.214513,131.850166,0.056106,0.267273,0.208339,201.255508,0.000000,-1.000000
2011,6,-5.000000,145.000000,-2.500000,147.500000,3449.310000,24.283407,0.491982,0.000000,24.775390,29.737157,0.724253,15.085169,0.144235,129.662355,0.005429,0.029655,0.124586,200.190521,0.000000,-1.000000
2011,6,-5.000000,150.000000,-2.500000,152.500000,1288.440000,31.755456,0.944553,0.000000,32.700009,29.870346,0.717867,16.943899,0.144321,134.374722,0.006221,0.072663,0.170601,201.288010,0.000000,-1.000000
2011,6,-5.000000,-155.000000,-2.500000,-152.500000,14486.290000,2.780905,11.982709,0.105410,14.869024,,,,,,,,,,0.000000,-1.000000
2011,6,-5.000000,160.000000,-2.500000,162.500000,12139.170000,14.442503,4.097397,0.049180,18.589080,29.567491,0.687581,27.653628,0.171229,0.236760,0.013744,0.000000,0.144339,201.578964,0.000000,-1.000000
2011,6,-5.000000,-160.000000,-2.500000,-157.500000,6992.210000,6.961747,19.119706,0.449929,26.531383,,,,,,,,,,0.000000,-1.000000
2011,6,-5.000000,165.000000,-2.500000,167.500000,4141.710000,16.058343,8.476692,5.864244,30.399280,29.242626,0.658614,32.329827,0.208221,0.337772,0.008870,0.000000,0.149885,201.919373,0.000000,-1.000000
2011,6,-5.000000,-165.000000,-2.500000,-162.500000,5022.860000,6.138535,19.036764,0.785608,25.960907,,,,,,,,,,0.000000,-1.000000
2011,6,-5.000000,170.000000,-2.500000,172.500000,9930.980000,24.045462,10.175834,0.395933,34.617228,29.014377,0.636039,35.860058,0.168968,128.366211,0.013800,0.009476,0.163636,201.917328,0.000000,-1.000000
2011,6,-5.000000,-170.000000,-2.500000,-167.500000,12845.870000,8.193606,14.762176,0.817150,23.772932,,,,,,,,,,0.000000,-1.000000
2011,6,-5.000000,175.000000,-2.500000,177.500000,3817.670000,19.461085,9.508941,1.463196,30.433222,28.721570,0.604514,38.240636,0.157589,91.028489,0.011936,0.001668,0.165974,202.282990,0.000000,-1.000000
2011,6,-5.000000,-175.000000,-2.500000,-172.500000,3778.540000,23.477851,11.422137,0.617170,35.517157,,,,,,,,,,0.000000,-1.000000
2011,6,-5.000000,-180.000000,-2.500000,-177.500000,2891.160000,21.601710,11.507146,0.969507,34.078363,,,,,,,,,,0.000000,-1.000000
2011,6,10.000000,110.000000,12.500000,112.500000,14856.090000,14.831157,4.801600,0.000000,19.632757,29.035795,0.649945,15.686854,0.223423,2.907803,0.055385,0.166667,0.092789,201.500534,0.000000,-1.000000
2011,6,10.000000,115.000000,12.500000,117.500000,14856.090000,14.831157,4.801600,0.000000,19.632757,29.462438,0.698087,18.113481,0.125557,132.776144,0.028655,0.028944,0.086728,199.359116,0.000000,-1.000000
2011,6,10.000000,130.000000,12.500000,132.500000,6265.960000,4.837726,3.159452,0.932499,8.929677,29.491308,0.795074,19.692578,0.252554,0.214237,0.104578,0.000000,0.088836,198.669800,0.000000,-1.000000
2011,6,10.000000,135.000000,12.500000,137.500000,3002.130000,6.039712,0.384727,2.891281,9.315719,29.577726,0.800499,21.273362,0.224882,118.011780,0.083045,0.001946,0.088867,198.619797,0.000000,-1.000000
2011,6,10.000000,155.000000,12.500000,157.500000,1200.540000,10.781815,1.368551,2.223166,14.373532,29.099953,0.812050,36.018370,0.173385,0.351036,0.037505,0.000000,0.082222,199.446365,0.000000,-1.000000
2011,6,10.000000,165.000000,12.500000,167.500000,1075.980000,3.059536,24.587818,1.300210,28.947564,28.429931,0.772405,37.681781,0.182620,127.521470,0.043918,0.031487,0.076594,201.087875,0.000000,-1.000000
2011,6,10.000000,-165.000000,12.500000,-162.500000,1248.580000,2.329046,14.345897,0.112127,16.787070,,,,,,,,,,0.000000,-1.000000
2011,6,10.000000,170.000000,12.500000,172.500000,2845.280000,4.111019,15.797742,2.129492,22.038253,28.185538,0.713281,41.456247,0.142266,56.761606,0.021249,0.003056,0.068054,201.361435,0.000000,-1.000000
2011,6,10.000000,-170.000000,12.500000,-167.500000,2725.090000,2.869263,21.901662,0.205865,24.976790,,,,,,,,,,0.000000,-1.000000
2011,6,10.000000,175.000000,12.500000,177.500000,5219.560000,2.062818,23.096200,0.862525,26.021542,27.928156,0.691531,44.388157,0.142003,0.392597,0.034537,0.000000,0.060027,202.593063,0.000000,-1.000000
2011,6,10.000000,-175.000000,12.500000,-172.500000,6162.370000,2.415142,24.904866,0.446906,27.766914,,,,,,,,,,0.000000,-1.000000
2011,6,10.000000,-180.000000,12.500000,-177.500000,7656.340000,2.319385,21.105515,0.333449,23.758349,,,,,,,,,,0.000000,-1.000000
2011,6,-10.000000,-135.000000,-7.500000,-132.500000,4512.750000,2.640297,9.478034,1.328458,13.446790,,,,,,,,,,0.000000,-1.000000
2011,6,-10.000000,145.000000,-7.500000,147.500000,2184.930000,32.040843,0.157900,6.473434,38.672177,28.189580,0.724811,29.790966,0.233284,132.771037,0.027833,0.348907,0.262776,201.817307,0.000000,-1.000000
2011,6,-10.000000,150.000000,-7.500000,152.500000,5259.460000,27.690675,0.890015,6.106901,34.687592,29.159285,0.719262,23.082518,0.209918,133.977320,0.034068,0.193703,0.247900,201.234909,0.000000,-1.000000
2011,6,-10.000000,-150.000000,-7.500000,-147.500000,2286.040000,4.833686,13.284982,0.322392,18.441060,,,,,,,,,,0.000000,-1.000000
2011,6,-10.000000,155.000000,-7.500000,157.500000,10218.610000,25.869468,5.371964,5.014576,36.256007,29.541554,0.754060,25.461501,0.152733,133.383139,0.018822,0.119203,0.290314,199.866272,0.000000,-1.000000
2011,6,-10.000000,-155.000000,-7.500000,-152.500000,3419.000000,4.789120,14.109389,1.568295,20.466803,,,,,,,,,,0.000000,-1.000000
2011,6,-10.000000,160.000000,-7.500000,162.500000,16207.110000,6.962006,5.526895,2.890892,15.379793,29.572096,0.772000,30.677550,0.175158,132.830837,0.029589,0.031973,0.157103,199.140396,0.000000,-1.000000
2011,6,-10.000000,-160.000000,-7.500000,-157.500000,1339.150000,12.348878,18.299668,3.261024,33.909570,,,,,,,,,,0.000000,-1.000000
2011,6,-10.000000,165.000000,-7.500000,167.500000,12344.670000,11.673459,6.487901,7.685908,25.847268,29.490709,0.763443,35.184579,0.213895,0.277404,0.045013,0.000000,0.132747,199.259048,0.000000,-1.000000
2011,6,-10.000000,-165.000000,-7.500000,-162.500000,2724.290000,13.209680,9.309582,28.853389,51.372651,,,,,,,,,,0.000000,-1.000000
2011,6,-10.000000,170.000000,-7.500000,172.500000,8967.330000,14.077992,6.514983,10.768423,31.361397,29.423061,0.732937,38.975275,0.213527,0.231807,0.049315,0.000000,0.129014,199.262405,0.000000,-1.000000
2011,6,-10.000000,-170.000000,-7.500000,-167.500000,7004.630000,13.436398,13.825998,21.730056,48.992452,,,,,,,,,,0.000000,-1.000000
2011,6,-10.000000,175.000000,-7.500000,177.500000,4657.560000,19.706026,7.840801,7.936344,35.483171,29.272981,0.701799,39.730100,0.223496,0.275714,0.047111,0.000000,0.140593,199.199844,0.000000,-1.000000
2011,6,-10.000000,-175.000000,-7.500000,-172.500000,1193.210000,22.803195,6.769973,4.363859,33.937027,,,,,,,,,,0.000000,-1.000000
2011,6,-10.000000,-180.000000,-7.500000,-177.500000,7402.040000,19.118648,9.318512,8.577906,37.015066,,,,,,,,,,0.000000,-1.000000
2011,6,15.000000,110.000000,17.500000,112.500000,14856.090000,14.831157,4.801600,0.000000,19.632757,29.471704,0.638274,11.622518,0.154863,127.572451,0.038229,0.150562,0.089709,200.345810,0.000000,-1.000000
2011,6,15.000000,115.000000,17.500000,117.500000,20337.420000,12.593534,3.565939,0.000000,16.159474,29.361471,0.664407,13.196961,0.151640,134.025767,0.064450,0.064067,0.087370,199.946915,0.000000,-1.000000
2011,6,15.000000,120.000000,17.500000,122.500000,1734.550000,5.233058,0.317662,0.000000,5.550719,29.289274,0.895142,13.530938,0.268290,136.192891,0.110151,0.180250,0.115220,199.274918,0.000000,-1.000000
2011,6,15.000000,125.000000,17.500000,127.500000,3938.930000,4.821360,0.092411,0.625551,5.539322,29.276319,1.009613,15.776332,0.147933,1.004154,0.051484,0.001667,0.099361,199.763672,0.000000,-1.000000
2011,6,15.000000,130.000000,17.500000,132.500000,6300.470000,1.590358,0.124753,1.542425,3.257535,29.404949,0.980847,19.078944,0.197345,0.700995,0.068641,0.000278,0.096159,199.109573,0.000000,-1.000000
2011,6,15.000000,135.000000,17.500000,137.500000,4178.180000,1.774935,0.640231,11.100048,13.515215,29.642679,0.996802,22.951404,0.169536,0.743887,0.042288,0.000278,0.093699,198.597290,0.000000,-1.000000
2011,6,15.000000,140.000000,17.500000,142.500000,2649.570000,1.251146,0.242303,7.006042,8.499492,29.553717,0.942849,21.274242,0.165748,0.685607,0.040353,0.000000,0.095323,198.414688,0.000000,-1.000000
2011,6,15.000000,150.000000,17.500000,152.500000,4093.210000,4.091654,0.892209,26.724502,31.708366,29.285254,0.871579,24.661797,0.153337,0.643071,0.053195,0.000000,0.082339,198.867523,0.000000,-1.000000
2011,6,15.000000,155.000000,17.500000,157.500000,1853.660000,4.448496,0.980762,27.540649,32.969908,29.059256,0.908384,24.405017,0.188216,0.517877,0.066768,0.000000,0.080780,199.622864,0.000000,-1.000000
2011,6,15.000000,-160.000000,17.500000,-157.500000,2707.470000,7.222979,5.429054,2.192453,14.844486,,,,,,,,,,0.000000,-1.000000
2011,6,15.000000,-165.000000,17.500000,-162.500000,6593.390000,6.298581,6.395193,3.164078,15.857852,,,,,,,,,,0.000000,-1.000000
2011,6,15.000000,175.000000,17.500000,177.500000,1925.570000,0.971141,0.238371,0.000000,1.209512,27.681620,0.730371,32.538158,0.178396,0.469062,0.088127,0.000000,0.061763,203.747009,0.000000,-1.000000
2011,6,-15.000000,-135.000000,-12.500000,-132.500000,5488.950000,2.589020,8.500533,5.665747,16.755299,,,,,,,,,,0.000000,-1.000000
2011,6,-15.000000,150.000000,-12.500000,152.500000,3049.260000,30.048602,0.464375,10.395965,40.908942,27.152373,0.701945,36.221302,0.203828,125.879132,0.054019,0.226426,0.178451,201.992264,0.000000,-1.000000
2011,6,-15.000000,-150.000000,-12.500000,-147.500000,1996.620000,3.365688,4.828660,16.285523,24.479871,,,,,,,,,,0.000000,-1.000000
2011,6,-15.000000,155.000000,-12.500000,157.500000,22199.190000,18.239494,2.836275,10.106315,31.182084,28.449485,0.749694,38.207819,0.160985,3.463982,0.039257,0.150000,0.116980,200.231979,0.000000,-1.000000
2011,6,-15.000000,-155.000000,-12.500000,-152.500000,2147.710000,2.993421,10.759833,9.004940,22.758194,,,,,,,,,,0.000000,-1.000000
2011,6,-15.000000,160.000000,-12.500000,162.500000,9546.480000,13.555468,2.968424,8.968541,25.492433,28.937174,0.817171,37.523483,0.178575,132.128220,0.047228,0.048636,0.077761,199.952209,0.000000,-1.000000
2011,6,-15.000000,-160.000000,-12.500000,-157.500000,8004.060000,9.992929,5.693486,20.459992,36.146406,,,,,,,,,,0.000000,-1.000000
2011,6,-15.000000,165.000000,-12.500000,167.500000,8922.780000,12.938008,2.699495,12.282271,27.919774,29.180873,0.884522,42.618777,0.147259,128.408838,0.029065,0.016471,0.069472,199.447479,0.000000,-1.000000
2011,6,-15.000000,-165.000000,-12.500000,-162.500000,13608.670000,11.551533,3.668617,36.007413,51.227563,,,,,,,,,,0.000000,-1.000000
2011,6,-15.000000,170.000000,-12.500000,172.500000,13379.390000,7.550195,1.452682,13.724691,22.727568,29.354177,0.893425,51.901306,0.138577,0.625550,0.035660,0.000000,0.062039,199.130814,0.000000,-1.000000
2011,6,-15.000000,-170.000000,-12.500000,-167.500000,7782.100000,11.852456,2.683594,26.817697,41.353748,,,,,,,,,,0.000000,-1.000000
2011,6,-15.000000,175.000000,-12.500000,177.500000,2716.210000,13.991554,2.197915,14.529068,30.718538,29.257128,0.873023,48.862086,0.135753,0.753258,0.035024,0.001944,0.065982,199.005447,0.000000,-1.000000
2011,6,-15.000000,-175.000000,-12.500000,-172.500000,8375.700000,7.625393,1.450267,26.559691,35.635350,,,,,,,,,,0.000000,-1.000000
2011,6,20.000000,115.000000,22.500000,117.500000,3553.980000,7.229360,0.240575,0.000000,7.469935,28.152030,0.583615,11.229916,0.301877,123.688780,0.139609,0.445240,0.270434,205.522415,0.000000,-1.000000
2011,6,20.000000,120.000000,22.500000,122.500000,22486.230000,7.934278,0.059103,0.035978,8.029358,28.500718,0.972619,12.715806,0.394320,128.947620,0.221620,0.164465,0.148156,202.119568,0.000000,-1.000000
2011,6,20.000000,125.000000,22.500000,127.500000,9408.890000,15.202643,0.098949,1.147744,16.449337,28.577272,1.139581,13.788675,0.248566,87.060855,0.114394,0.166203,0.106119,203.969971,0.000000,-1.000000
2011,6,20.000000,130.000000,22.500000,132.500000,2244.830000,7.526628,1.200982,7.341313,16.068923,28.922201,1.024584,13.301069,0.225123,2.085996,0.084260,0.188611,0.105979,202.117813,0.000000,-1.000000
2011,6,20.000000,140.000000,22.500000,142.500000,1703.220000,46.251805,0.935874,10.358615,57.546295,29.338789,1.047155,15.805053,0.200106,58.447343,0.081919,0.055015,0.100817,200.713882,0.000000,-1.000000
2011,6,20.000000,145.000000,22.500000,147.500000,2560.710000,1.838553,0.238606,10.436559,12.513717,28.966495,0.905738,15.182027,0.224750,1.556876,0.090184,0.059167,0.099067,200.920349,0.000000,-1.000000
2011,6,20.000000,150.000000,22.500000,152.500000,4997.850000,5.871525,0.567044,28.087678,34.526246,28.790815,0.883856,14.866457,0.174912,1.286336,0.071491,0.006389,0.096748,200.825211,0.000000,-1.000000
2011,6,20.000000,155.000000,22.500000,157.500000,1822.170000,3.364121,1.486689,19.303907,24.154717,28.637115,0.823606,14.572589,0.182566,0.594489,0.073808,0.000000,0.096618,201.802307,0.000000,-1.000000
2011,6,20.000000,160.000000,22.500000,162.500000,1226.990000,7.234778,2.370027,4.631660,14.236465,28.527323,0.809402,14.308773,0.155589,1.125523,0.057904,0.019722,0.093574,202.025345,0.000000,-1.000000
2011,6,20.000000,175.000000,22.500000,177.500000,3484.020000,3.106182,0.495979,0.130596,3.732757,27.800826,0.768342,17.060271,0.189283,2.620521,0.113276,0.040278,0.083377,204.551559,0.000000,-1.000000
2011,6,20.000000,-180.000000,22.500000,-177.500000,2164.920000,2.938677,0.493321,0.431887,3.863884,,,,,,,,,,0.000000,-1.000000
2011,6,-20.000000,-145.000000,-17.500000,-142.500000,1121.750000,2.198351,1.387118,14.918654,18.504123,,,,,,,,,,0.000000,-1.000000
2011,6,-20.000000,-150.000000,-17.500000,-147.500000,7068.770000,3.392811,2.719285,29.394930,35.507026,,,,,,,,,,0.000000,-1.000000
2011,6,-20.000000,155.000000,-17.500000,157.500000,2320.290000,12.045477,3.565934,27.255214,42.866624,25.944505,0.699087,45.388698,0.128816,2.697444,0.035085,0.300000,0.070487,207.717697,0.000000,-1.000000
2011,6,-20.000000,-155.000000,-17.500000,-152.500000,3164.450000,3.804769,3.490654,24.555294,31.850717,,,,,,,,,,0.000000,-1.000000
2011,6,-20.000000,160.000000,-17.500000,162.500000,2805.450000,9.709672,2.416368,16.818692,28.944733,26.644475,0.710916,36.157397,0.163465,50.757838,0.066347,0.373993,0.072338,205.783005,0.000000,-1.000000
2011,6,-20.000000,165.000000,-17.500000,167.500000,13101.350000,7.743324,2.197712,13.222225,23.163262,27.266840,0.759508,36.824767,0.113888,127.703904,0.057303,0.305357,0.073824,204.265579,0.000000,-1.000000
2011,6,-20.000000,170.000000,-17.500000,172.500000,12025.750000,6.081866,1.195102,16.331705,23.608673,27.683605,0.774488,37.296460,0.138951,2.131838,0.064072,0.254167,0.072633,203.082932,0.000000,-1.000000
2011,6,-20.000000,-170.000000,-17.500000,-167.500000,1035.530000,3.293000,0.675982,12.351163,16.320145,,,,,,,,,,0.000000,-1.000000
2011,6,-20.000000,175.000000,-17.500000,177.500000,9015.910000,8.271267,3.503251,12.702212,24.476731,27.961669,0.805406,34.733337,0.085704,126.921787,0.042103,0.234068,0.080033,202.810425,0.000000,-1.000000
2011,6,-20.000000,-175.000000,-17.500000,-172.500000,2470.120000,5.947079,1.326251,17.499960,24.773290,,,,,,,,,,0.000000,-1.000000
2011,6,-20.000000,-180.000000,-17.500000,-177.500000,8448.140000,7.642629,1.720615,18.193354,27.556598,,,,,,,,,,0.000000,-1.000000
2011,6,25.000000,120.000000,27.500000,122.500000,1707.180000,20.771096,0.121838,0.034560,20.927494,25.509228,0.388929,10.670572,0.304913,122.593436,0.184554,0.595745,0.242587,210.323212,0.000000,-1.000000
2011,6,25.000000,125.000000,27.500000,127.500000,11424.390000,27.445842,0.269861,1.621706,29.337409,26.220381,0.842615,11.567338,0.327157,118.850888,0.262505,0.570907,0.139187,209.062164,0.000000,-1.000000
2011,6,25.000000,130.000000,27.500000,132.500000,7916.820000,24.101849,0.332457,2.342607,26.776913,26.050961,1.039863,11.085877,0.272044,53.063598,0.147480,0.415949,0.121304,211.470825,0.000000,-1.000000
2011,6,25.000000,135.000000,27.500000,137.500000,4856.800000,2.398081,1.623291,0.058887,4.080259,26.051747,1.001159,11.024812,0.214659,3.570354,0.109390,0.540000,0.122496,210.729630,0.000000,-1.000000
2011,6,25.000000,145.000000,27.500000,147.500000,6358.820000,2.885441,0.080204,0.034755,3.000399,26.899556,0.980255,11.680579,0.167150,3.745984,0.075765,0.474722,0.103953,211.891403,0.000000,-1.000000
2011,6,25.000000,150.000000,27.500000,152.500000,4408.740000,2.392293,0.094585,0.012248,2.499127,26.661256,0.902427,11.515991,0.200568,4.180835,0.099168,0.446667,0.097567,211.424393,0.000000,-1.000000
2011,6,25.000000,155.000000,27.500000,157.500000,2278.620000,0.459927,0.275605,0.013605,0.749138,26.895306,0.894045,11.716480,0.149400,4.144309,0.072489,0.440833,0.095943,211.601547,0.000000,-1.000000
2011,6,25.000000,-155.000000,27.500000,-152.500000,1017.480000,0.348901,15.399811,0.098282,15.846995,,,,,,,,,,0.000000,-1.000000
2011,6,25.000000,160.000000,27.500000,162.500000,4549.960000,2.619583,1.747927,0.440224,4.807735,26.638403,0.819663,11.211017,0.168459,4.720747,0.088265,0.388056,0.093671,211.977448,0.000000,-1.000000
2011,6,25.000000,-160.000000,27.500000,-157.500000,1851.470000,0.265195,9.912124,0.070214,10.247533,,,,,,,,,,0.000000,-1.000000
2011,6,25.000000,165.000000,27.500000,167.500000,1424.180000,2.152116,0.796950,0.339143,3.288208,26.554407,0.785182,11.042996,0.128776,2.293588,0.044768,0.479444,0.094103,212.394684,0.000000,-1.000000
2011,6,25.000000,-165.000000,27.500000,-162.500000,4343.930000,1.058719,8.442125,0.177719,9.678563,,,,,,,,,,0.000000,-1.000000
2011,6,25.000000,170.000000,27.500000,172.500000,2591.150000,3.364529,0.892654,0.000000,4.257183,26.230163,0.713789,10.850433,0.124109,3.156686,0.055150,0.444722,0.091175,213.075836,0.000000,-1.000000
2011,6,25.000000,175.000000,27.500000,177.500000,3213.060000,3.210024,0.791457,0.000000,4.001481,26.210236,0.672834,11.046090,0.144670,3.113573,0.072823,0.352778,0.089913,212.359955,0.000000,-1.000000
2011,6,-25.000000,160.000000,-22.500000,162.500000,1355.900000,9.786857,2.902131,34.623497,47.312486,23.692143,0.619057,55.369924,0.126275,111.027521,0.065927,0.269068,0.071317,213.618179,0.000000,-1.000000
2011,6,-25.000000,170.000000,-22.500000,172.500000,9867.720000,1.497610,0.726814,14.025124,16.249549,25.022358,0.653165,31.287408,0.151606,3.190306,0.071362,0.461389,0.064346,211.228287,0.000000,-1.000000
2011,6,-25.000000,175.000000,-22.500000,177.500000,5855.670000,5.456592,1.877155,19.783219,27.116965,25.175016,0.713452,31.358363,0.139345,4.540317,0.058506,0.231389,0.066189,210.085709,0.000000,-1.000000
2011,6,-25.000000,-180.000000,-22.500000,-177.500000,1390.280000,11.701240,1.925511,11.677504,25.304255,,,,,,,,,,0.000000,-1.000000
2011,6,30.000000,130.000000,32.500000,132.500000,3671.780000,17.183219,3.989890,4.628545,25.801655,23.613228,0.661375,11.339597,0.400150,110.531844,0.355368,0.688247,0.318697,221.961624,0.000000,-1.000000
2011,6,30.000000,145.000000,32.500000,147.500000,1732.420000,0.086584,3.946503,5.835190,9.868277,21.908223,0.897441,13.163609,0.290398,4.601949,0.189122,0.385278,0.269291,231.726288,0.000000,-1.000000
2011,6,30.000000,150.000000,32.500000,152.500000,3116.960000,0.245431,8.657153,6.078679,14.981264,21.376322,0.844289,13.178614,0.279596,3.757506,0.173520,0.420278,0.239398,234.694321,0.000000,-1.000000
2011,6,30.000000,155.000000,32.500000,157.500000,3106.830000,0.000000,8.185836,1.395957,9.581792,20.975167,0.770083,12.815698,0.319392,4.952699,0.276834,0.480278,0.258090,237.083649,0.000000,-1.000000
2011,6,30.000000,160.000000,32.500000,162.500000,2464.300000,0.000000,4.871566,0.371708,5.243274,20.964796,0.679049,12.616140,0.304096,4.664587,0.253210,0.570556,0.263910,237.150436,0.000000,-1.000000
2011,6,30.000000,-160.000000,32.500000,-157.500000,2536.530000,0.418682,14.522596,0.023654,14.964932,,,,,,,,,,0.000000,-1.000000
2011,6,30.000000,-165.000000,32.500000,-162.500000,3183.500000,0.223653,10.841213,0.047118,11.111984,,,,,,,,,,0.000000,-1.000000
2011,6,30.000000,175.000000,32.500000,177.500000,2186.180000,0.241517,0.981621,0.000000,1.223138,21.124750,0.590790,12.187228,0.168733,2.757447,0.117764,0.518889,0.165322,234.237366,0.000000,-1.000000
2011,6,30.000000,-180.000000,32.500000,-177.500000,1475.630000,0.429647,0.152477,0.000000,0.582124,,,,,,,,,,0.000000,-1.000000
2011,6,-30.000000,150.000000,-27.500000,152.500000,1448.890000,26.106882,5.556668,9.242938,40.906487,22.562601,0.620788,64.086008,0.318639,98.791678,0.133848,0.620408,0.425596,213.832428,0.000000,-1.000000
2011,6,-30.000000,-150.000000,-27.500000,-147.500000,1026.860000,0.713827,0.925150,40.441735,42.080712,,,,,,,,,,0.000000,-1.000000
2011,6,-30.000000,155.000000,-27.500000,157.500000,1482.460000,15.254374,5.509086,34.898075,55.661536,21.819252,0.637664,96.236182,0.213841,3.669975,0.115349,0.232778,0.279277,220.912735,0.000000,-1.000000
2011,6,-30.000000,160.000000,-27.500000,162.500000,5292.030000,3.590683,1.311217,50.743099,55.644998,21.856680,0.578393,75.682771,0.167610,2.244367,0.097833,0.381944,0.151318,223.523300,0.000000,-1.000000
2011,6,-30.000000,-160.000000,-27.500000,-157.500000,4149.940000,0.497357,1.729664,35.120026,37.347046,,,,,,,,,,0.000000,-1.000000
2011,6,-30.000000,-165.000000,-27.500000,-162.500000,4667.580000,0.682581,0.915678,35.519048,37.117307,,,,,,,,,,0.000000,-1.000000
2011,6,-30.000000,170.000000,-27.500000,172.500000,8741.960000,2.578941,2.775350,17.984754,23.339045,21.852659,0.506965,47.618202,0.169526,3.419294,0.100764,0.260000,0.051428,221.888245,0.000000,-1.000000
2011,6,-30.000000,-170.000000,-27.500000,-167.500000,1513.520000,4.396374,12.140573,22.013584,38.550531,,,,,,,,,,0.000000,-1.000000
2011,6,-30.000000,175.000000,-27.500000,177.500000,1977.360000,2.623195,0.323664,19.728830,22.675689,22.379153,0.547546,47.374690,0.164951,3.319715,0.117015,0.414722,0.049278,221.555313,0.000000,-1.000000
2011,6,-30.000000,-175.000000,-27.500000,-172.500000,1124.490000,3.675444,2.569165,27.198108,33.442716,,,,,,,,,,0.000000,-1.000000
2011,6,-30.000000,-180.000000,-27.500000,-177.500000,16727.260000,5.567618,4.631781,17.963372,28.162771,,,,,,,,,,0.000000,-1.000000
2011,6,35.000000,145.000000,37.500000,147.500000,1697.240000,0.000000,7.509250,5.263251,12.772501,17.168563,0.085320,11.615515,0.388098,10.111118,0.299378,0.720000,0.533148,243.689987,0.000000,-1.000000
2011,6,35.000000,150.000000,37.500000,152.500000,8227.230000,0.355891,11.805067,8.075257,20.236216,17.937067,0.240997,14.025926,0.373241,4.878157,0.279804,0.608889,0.665302,253.616257,0.000000,-1.000000
2011,6,35.000000,155.000000,37.500000,157.500000,5055.840000,0.731629,0.753386,0.001780,1.486795,16.871441,0.219219,14.636084,0.250284,5.221267,0.117193,0.447778,0.769164,256.500610,0.000000,-1.000000
2011,6,35.000000,160.000000,37.500000,162.500000,1332.330000,0.000000,0.333251,0.000000,0.333251,16.332852,0.303992,16.199056,0.328259,5.673279,0.257249,0.520000,0.634862,259.599945,0.000000,-1.000000
2011,6,35.000000,-165.000000,37.500000,-162.500000,2073.070000,0.000000,0.000000,0.000000,0.000000,,,,,,,,,,0.000000,-1.000000
2011,6,35.000000,-175.000000,37.500000,-172.500000,3198.040000,0.310503,0.229828,0.130392,0.670723,,,,,,,,,,0.000000,-1.000000
2011,6,35.000000,-180.000000,37.500000,-177.500000,3490.560000,0.111730,0.229763,0.151552,0.493044,,,,,,,,,,0.000000,-1.000000
2011,6,-35.000000,-135.000000,-32.500000,-132.500000,1561.030000,0.126199,0.679679,99.078813,99.884692,,,,,,,,,,0.000000,-1.000000
2011,6,-35.000000,150.000000,-32.500000,152.500000,1518.920000,43.910805,4.295815,3.300371,51.506992,21.185370,0.617535,85.624336,0.368685,93.663663,0.204885,0.624940,0.454947,219.348862,0.000000,-1.000000
2011,6,-35.000000,-150.000000,-32.500000,-147.500000,1468.030000,0.335143,1.254743,38.153171,39.743057,,,,,,,,,,0.000000,-1.000000
2011,6,-35.000000,-155.000000,-32.500000,-152.500000,1741.320000,0.330209,2.789838,29.613167,32.733214,,,,,,,,,,0.000000,-1.000000
2011,6,-35.000000,160.000000,-32.500000,162.500000,1639.600000,0.983777,2.518907,19.164430,22.667114,19.560615,0.440661,95.524762,0.220200,4.083958,0.132232,0.599722,0.413879,224.822342,0.000000,-1.000000
2011,6,-35.000000,-160.000000,-32.500000,-157.500000,3308.370000,0.472438,3.866859,40.958841,45.298138,,,,,,,,,,0.000000,-1.000000
2011,6,-35.000000,-165.000000,-32.500000,-162.500000,1248.830000,0.570134,2.613646,31.383775,34.567555,,,,,,,,,,0.000000,-1.000000
2011,6,-40.000000,155.000000,-37.500000,157.500000,6097.100000,4.732906,4.000590,27.912942,36.646438,,,,,,,,,,0.000000,-1.000000
2011,6,-40.000000,175.000000,-37.500000,177.500000,3846.520000,0.000000,0.333288,16.321506,16.654794,,,,,,,,,,0.000000,-1.000000
2011,6,-45.000000,165.000000,-42.500000,167.500000,1680.040000,0.000000,0.000000,1.381515,1.381515,,,,,,,,,,0.000000,-1.000000
2011,7,0.000000,120.000000,2.500000,122.500000,22485.060000,14.953262,3.484536,0.000000,18.437798,29.132915,0.604259,16.376799,0.179536,132.708661,0.014637,0.090937,0.102131,200.878494,-0.500000,-0.866025
2011,7,0.000000,125.000000,2.500000,127.500000,29562.910000,15.123105,3.314694,0.000000,18.437799,28.642294,0.613295,19.948776,0.485296,133.427035,0.042820,0.171809,0.158450,200.783661,-0.500000,-0.866025
2011,7,0.000000,130.000000,2.500000,132.500000,10593.140000,12.259915,7.880477,0.004531,20.144924,28.907678,0.678670,21.852237,0.565299,116.181151,0.055349,0.008058,0.148858,200.945038,-0.500000,-0.866025
2011,7,0.000000,135.000000,2.500000,137.500000,3200.130000,15.304691,23.172809,0.017499,38.494999,28.950297,0.680590,20.285697,0.368085,0.527731,0.038490,0.000000,0.140405,201.395660,-0.500000,-0.866025
2011,7,0.000000,140.000000,2.500000,142.500000,1188.520000,8.738599,17.455323,0.081614,26.275536,28.999759,0.670431,20.386662,0.284752,0.486216,0.042110,0.000000,0.118723,200.996277,-0.500000,-0.866025
2011,7,0.000000,145.000000,2.500000,147.500000,2717.060000,10.357519,17.516360,0.011409,27.885288,29.149268,0.679733,22.817970,0.225207,0.527321,0.030780,0.000000,0.080719,199.067398,-0.500000,-0.866025
2011,7,0.000000,150.000000,2.500000,152.500000,5605.830000,15.306743,22.601470,0.089014,37.997228,29.414176,0.693736,21.885757,0.141831,0.304136,0.015288,0.000000,0.074920,198.512421,-0.500000,-0.866025
2011,7,0.000000,155.000000,2.500000,157.500000,7370.250000,9.459652,13.631966,0.091856,23.183474,29.547540,0.693233,29.249068,0.120503,0.474484,0.012588,0.000000,0.103168,199.392502,-0.500000,-0.866025
2011,7,0.000000,-155.000000,2.500000,-152.500000,7751.850000,2.976322,27.348310,0.003225,30.327857,,,,,,,,,,-0.500000,-0.866025
2011,7,0.000000,160.000000,2.500000,162.500000,4392.000000,10.785974,5.150046,0.065346,16.001366,29.441249,0.669637,25.451590,0.188964,0.424881,0.020740,0.000000,0.125811,199.808197,-0.500000,-0.866025
2011,7,0.000000,-160.000000,2.500000,-157.500000,5268.800000,10.015753,26.406013,0.028090,36.449856,,,,,,,,,,-0.500000,-0.866025
2011,7,0.000000,-165.000000,2.500000,-162.500000,4887.930000,8.091564,22.776717,0.013707,30.881989,,,,,,,,,,-0.500000,-0.866025
2011,7,0.000000,170.000000,2.500000,172.500000,2666.460000,15.222055,11.370506,0.021377,26.613938,28.860764,0.624023,30.492745,0.203473,129.714110,0.016119,0.019537,0.222245,200.369690,-0.500000,-0.866025
2011,7,0.000000,-170.000000,2.500000,-167.500000,3466.620000,4.348039,18.738425,0.021346,23.107811,,,,,,,,,,-0.500000,-0.866025
2011,7,5.000000,115.000000,7.500000,117.500000,1154.650000,19.954965,0.470272,0.000000,20.425237,29.367717,0.714780,17.038263,0.168353,135.729104,0.018512,0.145161,0.102798,200.682800,-0.500000,-0.866025
2011,7,5.000000,120.000000,7.500000,122.500000,1085.200000,33.504423,0.915039,0.000000,34.419462,29.237398,0.683983,15.786159,0.164457,133.371342,0.031594,0.171429,0.112194,200.456345,-0.500000,-0.866025
2011,7,5.000000,125.000000,7.500000,127.500000,2448.920000,9.200791,3.518286,0.000000,12.719076,28.971330,0.548107,19.777007,0.534591,130.442660,0.087535,0.109453,0.096647,199.990143,-0.500000,-0.866025
2011,7,5.000000,130.000000,7.500000,132.500000,2312.430000,3.968120,14.213187,0.030271,18.211578,28.883402,0.533512,21.582915,0.390127,129.682334,0.066635,0.007804,0.088132,199.954361,-0.500000,-0.866025
2011,7,5.000000,135.000000,7.500000,137.500000,1520.000000,5.219737,7.880263,0.023684,13.123684,29.122912,0.625597,20.267347,0.264920,131.404319,0.070285,0.009736,0.092766,200.094177,-0.500000,-0.866025
2011,7,5.000000,145.000000,7.500000,147.500000,1915.140000,9.404534,19.605877,0.000000,29.010412,29.365909,0.696296,19.774088,0.173387,0.660089,0.052655,0.000278,0.086136,199.288788,-0.500000,-0.866025
2011,7,5.000000,155.000000,7.500000,157.500000,5072.120000,4.334677,16.168584,0.838703,21.341964,29.180427,0.692995,27.560201,0.112081,123.736805,0.030164,0.003336,0.067767,198.507553,-0.500000,-0.866025
2011,7,5.000000,-155.000000,7.500000,-152.500000,1282.000000,5.872855,25.441498,0.000000,31.314353,,,,,,,,,,-0.500000,-0.866025
2011,7,5.000000,160.000000,7.500000,162.500000,4529.040000,5.067741,22.148182,3.147466,30.363388,29.024217,0.650664,24.228985,0.131312,0.356490,0.029610,0.000000,0.074986,199.169586,-0.500000,-0.866025
2011,7,5.000000,165.000000,7.500000,167.500000,1534.190000,2.850364,6.992615,1.991279,11.834258,28.775674,0.630480,25.671471,0.175951,128.720949,0.036405,0.041643,0.130464,200.490906,-0.500000,-0.866025
2011,7,5.000000,170.000000,7.500000,172.500000,14918.390000,1.787525,6.561968,1.698843,10.048336,28.613785,0.601019,33.471681,0.170309,128.637101,0.033040,0.027848,0.161186,201.685394,-0.500000,-0.866025
2011,7,-5.000000,120.000000,-2.500000,122.500000,28311.400000,15.662701,2.775101,0.000000,18.437802,28.206810,0.571175,20.876745,0.159406,131.948082,0.017960,0.247390,0.127044,201.442673,-0.500000,-0.866025
2011,7,-5.000000,125.000000,-2.500000,127.500000,42467.110000,15.662709,2.775089,0.000000,18.437798,27.923155,0.550088,21.567469,0.237807,129.544750,0.024049,0.243653,0.224096,201.807465,-0.500000,-0.866025
2011,7,-5.000000,130.000000,-2.500000,132.500000,14155.700000,15.662737,2.775066,0.000000,18.437802,27.751675,0.570633,20.147015,0.212767,130.669926,0.075713,0.341746,0.323370,202.952316,-0.500000,-0.866025
2011,7,-5.000000,145.000000,-2.500000,147.500000,3853.020000,20.949541,0.483517,0.000000,21.433058,29.103172,0.694247,21.703648,0.239527,126.542112,0.008684,0.041631,0.222726,200.451111,-0.500000,-0.866025
2011,7,-5.000000,150.000000,-2.500000,152.500000,2990.270000,24.398466,0.691576,0.006020,25.096062,29.300710,0.694341,24.616403,0.150159,131.516018,0.008067,0.079402,0.175924,200.380325,-0.500000,-0.866025
2011,7,-5.000000,155.000000,-2.500000,157.500000,1524.370000,12.815130,8.448080,0.219107,21.482317,29.565159,0.695006,28.904548,0.163577,0.563300,0.004486,0.000000,0.172380,200.569809,-0.500000,-0.866025
2011,7,-5.000000,160.000000,-2.500000,162.500000,10977.990000,11.347706,10.029158,0.085990,21.462854,29.414145,0.682134,33.763773,0.202022,0.398829,0.009614,0.000000,0.143083,200.944244,-0.500000,-0.866025
2011,7,-5.000000,165.000000,-2.500000,167.500000,7122.970000,12.294029,13.637991,0.426507,26.358527,29.154074,0.662692,40.806259,0.237270,0.296201,0.012518,0.000000,0.148407,201.346527,-0.500000,-0.866025
2011,7,-5.000000,-165.000000,-2.500000,-162.500000,4372.850000,6.613764,17.197023,0.771579,24.582366,,,,,,,,,,-0.500000,-0.866025
2011,7,-5.000000,170.000000,-2.500000,172.500000,14571.780000,11.511771,13.638553,0.174584,25.324909,28.902421,0.634678,43.687316,0.213614,128.176900,0.012961,0.009755,0.165456,201.283295,-0.500000,-0.866025
2011,7,-5.000000,-170.000000,-2.500000,-167.500000,7551.220000,4.740558,20.600512,0.363517,25.704588,,,,,,,,,,-0.500000,-0.866025
2011,7,-5.000000,175.000000,-2.500000,177.500000,7123.350000,13.784806,9.141626,0.373420,23.299852,28.656484,0.612776,51.442436,0.208395,90.576492,0.010332,0.001668,0.164432,201.475586,-0.500000,-0.866025
2011,7,-5.000000,-175.000000,-2.500000,-172.500000,3730.420000,10.313852,21.999668,0.629688,32.943207,,,,,,,,,,-0.500000,-0.866025
2011,7,-5.000000,-180.000000,-2.500000,-177.500000,2129.330000,13.389658,11.428947,0.962275,25.780879,,,,,,,,,,-0.500000,-0.866025
2011,7,10.000000,110.000000,12.500000,112.500000,14982.560000,14.705965,4.761069,0.000000,19.467034,28.698168,0.671911,17.915341,0.339145,2.305789,0.095859,0.212778,0.137050,203.405640,-0.500000,-0.866025
2011,7,10.000000,115.000000,12.500000,117.500000,16428.460000,14.360628,4.398525,0.000000,18.759153,28.912113,0.730339,21.963628,0.129993,131.693088,0.025292,0.038593,0.082723,200.335312,-0.500000,-0.866025
2011,7,10.000000,125.000000,12.500000,127.500000,1898.940000,15.841469,0.221703,0.000000,16.063172,29.255925,0.765174,21.354564,0.175185,131.673262,0.084254,0.039085,0.092905,199.046112,-0.500000,-0.866025
2011,7,10.000000,130.000000,12.500000,132.500000,4321.220000,4.451058,6.681446,0.312875,11.445379,29.254726,0.754718,22.911306,0.170522,0.492326,0.095213,0.000000,0.085434,199.070251,-0.500000,-0.866025
2011,7,10.000000,135.000000,12.500000,137.500000,3556.970000,7.051788,0.585892,0.375601,8.013281,29.387687,0.825091,24.766107,0.105312,117.480027,0.053795,0.001946,0.086291,198.976715,-0.500000,-0.866025
2011,7,10.000000,150.000000,12.500000,152.500000,1068.890000,7.319743,0.117879,3.582221,11.019843,29.356470,0.848112,28.218984,0.153386,0.405852,0.036307,0.000000,0.082170,198.997360,-0.500000,-0.866025
2011,7,10.000000,-165.000000,12.500000,-162.500000,1034.260000,5.580802,4.515306,0.298764,10.394872,,,,,,,,,,-0.500000,-0.866025
2011,7,10.000000,170.000000,12.500000,172.500000,2250.380000,2.555124,13.223100,1.080262,16.858486,28.419702,0.740872,37.807805,0.166669,57.277330,0.035379,0.003056,0.062576,201.140533,-0.500000,-0.866025
2011,7,10.000000,175.000000,12.500000,177.500000,2969.430000,2.053593,7.095301,0.401087,9.549981,28.053408,0.719240,46.734946,0.163315,0.275637,0.041850,0.000000,0.063824,202.058899,-0.500000,-0.866025
2011,7,10.000000,-175.000000,12.500000,-172.500000,3231.630000,1.911729,10.154937,0.873244,12.939910,,,,,,,,,,-0.500000,-0.866025
2011,7,10.000000,-180.000000,12.500000,-177.500000,5734.190000,2.335291,16.020746,0.319487,18.675523,,,,,,,,,,-0.500000,-0.866025
2011,7,-10.000000,-135.000000,-7.500000,-132.500000,8879.780000,5.112401,12.837593,1.012863,18.962857,,,,,,,,,,-0.500000,-0.866025
2011,7,-10.000000,-140.000000,-7.500000,-137.500000,4355.980000,4.764714,10.781730,2.799829,18.346273,,,,,,,,,,-0.500000,-0.866025
2011,7,-10.000000,145.000000,-7.500000,147.500000,1018.080000,35.714286,0.116887,0.126709,35.957882,27.328827,0.712294,35.880562,0.322937,128.933530,0.038284,0.400596,0.361171,202.424896,-0.500000,-0.866025
2011,7,-10.000000,-145.000000,-7.500000,-142.500000,1129.330000,4.127226,18.983822,0.278041,23.389089,,,,,,,,,,-0.500000,-0.866025
2011,7,-10.000000,150.000000,-7.500000,152.500000,7886.380000,29.226844,0.788448,4.719910,34.735202,28.317487,0.679834,34.204708,0.258675,129.461360,0.033855,0.209595,0.440520,199.116684,-0.500000,-0.866025
2011,7,-10.000000,-150.000000,-7.500000,-147.500000,8984.860000,5.688124,16.324795,3.256144,25.269064,,,,,,,,,,-0.500000,-0.866025
2011,7,-10.000000,155.000000,-7.500000,157.500000,7055.380000,25.681820,5.726268,2.595183,34.003271,28.912302,0.706187,38.344686,0.156459,130.300112,0.022574,0.111474,0.398578,198.074661,-0.500000,-0.866025
2011,7,-10.000000,-155.000000,-7.500000,-152.500000,23331.510000,6.895610,13.953062,2.779117,23.627789,,,,,,,,,,-0.500000,-0.866025
2011,7,-10.000000,160.000000,-7.500000,162.500000,11182.770000,12.241600,6.327591,3.457372,22.026564,29.129994,0.746506,41.134039,0.191917,129.573586,0.033375,0.032829,0.170117,199.085434,-0.500000,-0.866025
2011,7,-10.000000,-160.000000,-7.500000,-157.500000,5646.960000,11.311396,15.032513,3.147003,29.490912,,,,,,,,,,-0.500000,-0.866025
2011,7,-10.000000,165.000000,-7.500000,167.500000,9871.370000,8.775276,6.131976,5.598007,20.505259,29.146013,0.746182,46.018820,0.196978,0.347361,0.035791,0.000000,0.137576,199.165787,-0.500000,-0.866025
2011,7,-10.000000,-165.000000,-7.500000,-162.500000,5847.450000,9.666949,11.297916,4.861093,25.825958,,,,,,,,,,-0.500000,-0.866025
2011,7,-10.000000,170.000000,-7.500000,172.500000,10575.770000,9.689696,4.802204,5.240564,19.732464,29.086717,0.720547,55.980656,0.209854,0.222016,0.049789,0.000000,0.133535,199.248871,-0.500000,-0.866025
2011,7,-10.000000,-170.000000,-7.500000,-167.500000,9010.880000,11.216663,13.464390,4.878769,29.559821,,,,,,,,,,-0.500000,-0.866025
2011,7,-10.000000,175.000000,-7.500000,177.500000,3089.340000,12.596218,7.688374,4.738553,25.023144,28.937691,0.682683,60.882013,0.218664,0.245746,0.044367,0.000000,0.145848,199.362289,-0.500000,-0.866025
2011,7,-10.000000,-175.000000,-7.500000,-172.500000,2672.280000,15.108821,12.375574,4.956442,32.440837,,,,,,,,,,-0.500000,-0.866025
2011,7,-10.000000,-180.000000,-7.500000,-177.500000,8016.680000,10.219442,11.676280,7.677118,29.572841,,,,,,,,,,-0.500000,-0.866025
2011,7,15.000000,110.000000,17.500000,112.500000,14982.560000,14.705965,4.761069,0.000000,19.467034,29.430333,0.618982,12.589304,0.159103,120.597269,0.052139,0.092876,0.098021,200.009079,-0.500000,-0.866025
2011,7,15.000000,115.000000,17.500000,117.500000,24424.670000,10.986351,3.089745,0.003193,14.079290,29.190954,0.706652,15.450187,0.161634,132.341131,0.048375,0.018663,0.083242,200.213959,-0.500000,-0.866025
2011,7,15.000000,120.000000,17.500000,122.500000,3842.460000,19.406318,0.108264,0.021601,19.536183,29.378089,0.907665,14.897380,0.257423,134.012063,0.119711,0.122981,0.118881,199.215515,-0.500000,-0.866025
2011,7,15.000000,125.000000,17.500000,127.500000,1832.970000,6.282154,0.172943,0.035462,6.490559,29.033900,0.983133,18.879302,0.183275,1.451938,0.068849,0.030556,0.091089,199.620300,-0.500000,-0.866025
2011,7,15.000000,130.000000,17.500000,132.500000,5682.560000,1.136636,0.065991,0.767612,1.970239,29.153007,0.970317,21.350072,0.150192,0.829122,0.061479,0.010000,0.085335,199.270645,-0.500000,-0.866025
2011,7,15.000000,135.000000,17.500000,137.500000,7394.280000,1.539163,0.250464,4.325370,6.114997,29.543226,0.958555,24.179223,0.171760,0.652993,0.067063,0.000278,0.086803,198.574448,-0.500000,-0.866025
2011,7,15.000000,140.000000,17.500000,142.500000,1991.410000,2.198442,0.073315,1.689758,3.961515,29.622276,0.927102,21.476809,0.148106,0.591920,0.039380,0.000000,0.088743,198.327454,-0.500000,-0.866025
2011,7,15.000000,150.000000,17.500000,152.500000,2718.460000,3.640664,0.521987,11.195677,15.358328,29.521086,0.912044,20.411797,0.184432,0.890308,0.079381,0.004444,0.081285,198.411987,-0.500000,-0.866025
2011,7,15.000000,155.000000,17.500000,157.500000,2344.940000,1.748872,0.851621,20.114374,22.714867,29.197420,0.883050,20.721009,0.179234,0.533659,0.098963,0.000000,0.082466,199.087112,-0.500000,-0.866025
2011,7,15.000000,-160.000000,17.500000,-157.500000,1922.400000,6.882022,4.402830,1.751977,13.036829,,,,,,,,,,-0.500000,-0.866025
2011,7,15.000000,-165.000000,17.500000,-162.500000,4136.900000,4.317242,6.558292,5.297203,16.172738,,,,,,,,,,-0.500000,-0.866025
2011,7,15.000000,175.000000,17.500000,177.500000,3116.030000,0.678106,0.168484,0.091783,0.938374,28.080315,0.759233,32.562488,0.140945,0.591482,0.054692,0.000000,0.066244,202.400513,-0.500000,-0.866025
2011,7,-15.000000,-135.000000,-12.500000,-132.500000,2767.070000,0.840239,7.689722,13.456472,21.986433,,,,,,,,,,-0.500000,-0.866025
2011,7,-15.000000,150.000000,-12.500000,152.500000,2419.580000,23.619388,1.663925,12.452574,37.735888,26.645380,0.725577,55.178192,0.229444,122.479111,0.034663,0.363354,0.279508,203.796158,-0.500000,-0.866025
2011,7,-15.000000,-150.000000,-12.500000,-147.500000,1378.270000,5.613559,12.535280,11.105952,29.254790,,,,,,,,,,-0.500000,-0.866025
2011,7,-15.000000,155.000000,-12.500000,157.500000,16645.970000,15.338607,2.929898,11.615004,29.883509,27.784301,0.760439,55.148136,0.202693,1.530814,0.054220,0.140000,0.175480,202.195572,-0.500000,-0.866025
2011,7,-15.000000,-155.000000,-12.500000,-152.500000,4449.590000,10.035981,18.667113,6.385982,35.089076,,,,,,,,,,-0.500000,-0.866025
2011,7,-15.000000,160.000000,-12.500000,162.500000,17740.590000,10.777037,3.302145,11.576785,25.655967,28.200912,0.843566,53.228976,0.182869,128.177874,0.046353,0.162778,0.088587,201.287796,-0.500000,-0.866025
2011,7,-15.000000,-160.000000,-12.500000,-157.500000,9502.900000,9.468899,7.338286,16.727736,33.534921,,,,,,,,,,-0.500000,-0.866025
2011,7,-15.000000,165.000000,-12.500000,167.500000,5598.240000,10.640487,2.706029,7.442518,20.789034,28.510774,0.879292,57.041713,0.136354,123.731298,0.025926,0.028476,0.066716,200.405258,-0.500000,-0.866025
2011,7,-15.000000,-165.000000,-12.500000,-162.500000,13387.590000,12.665685,5.527582,23.966748,42.160015,,,,,,,,,,-0.500000,-0.866025
2011,7,-15.000000,170.000000,-12.500000,172.500000,4835.610000,6.512312,1.851680,9.799384,18.163375,28.690817,0.882476,63.558826,0.132924,0.978647,0.039974,0.023333,0.065913,200.115280,-0.500000,-0.866025
2011,7,-15.000000,-170.000000,-12.500000,-167.500000,8643.470000,5.413451,3.042065,21.273632,29.729148,,,,,,,,,,-0.500000,-0.866025
2011,7,-15.000000,175.000000,-12.500000,177.500000,3340.480000,16.760765,2.787923,11.084335,30.633023,28.716249,0.852057,63.661614,0.147447,1.216474,0.047192,0.033889,0.083501,199.631821,-0.500000,-0.866025
2011,7,-15.000000,-175.000000,-12.500000,-172.500000,7806.700000,8.722123,1.315921,24.296438,34.334482,,,,,,,,,,-0.500000,-0.866025
2011,7,20.000000,125.000000,22.500000,127.500000,2592.030000,3.088699,1.202918,6.482178,10.773795,28.883267,1.117254,15.880271,0.237821,91.460737,0.112725,0.008894,0.099523,201.206650,-0.500000,-0.866025
2011,7,20.000000,130.000000,22.500000,132.500000,1622.310000,1.478756,0.085680,0.308819,1.873255,28.878037,1.061296,17.290941,0.208198,1.446962,0.100878,0.078889,0.090466,200.501114,-0.500000,-0.866025
2011,7,20.000000,140.000000,22.500000,142.500000,3637.770000,14.907759,1.765917,11.758302,28.431979,29.311382,1.019693,19.164294,0.174531,58.705589,0.128353,0.018061,0.088792,199.756073,-0.500000,-0.866025
2011,7,20.000000,145.000000,22.500000,147.500000,3702.600000,2.920380,0.194458,3.075947,6.190785,29.082626,0.922167,16.619279,0.194217,1.364369,0.068137,0.030833,0.090897,199.506485,-0.500000,-0.866025
2011,7,20.000000,150.000000,22.500000,152.500000,3096.110000,2.730846,0.596555,16.656708,19.984109,29.014917,0.847532,16.041928,0.149310,0.643821,0.054911,0.000000,0.090017,199.337601,-0.500000,-0.866025
2011,7,20.000000,155.000000,22.500000,157.500000,1946.170000,2.815787,0.367388,16.545831,19.729006,28.953597,0.829842,16.988892,0.173648,0.703834,0.074855,0.000833,0.088478,199.941666,-0.500000,-0.866025
2011,7,20.000000,160.000000,22.500000,162.500000,1927.820000,2.536544,2.414126,31.853596,36.804266,28.857543,0.841681,18.200774,0.190485,1.295139,0.082389,0.043611,0.086690,200.080139,-0.500000,-0.866025
2011,7,20.000000,-165.000000,22.500000,-162.500000,1133.150000,10.031329,1.420818,3.736487,15.188633,,,,,,,,,,-0.500000,-0.866025
2011,7,20.000000,170.000000,22.500000,172.500000,1637.490000,1.807034,0.297406,0.341987,2.446427,28.415775,0.764778,18.907150,0.162818,0.929721,0.070716,0.017222,0.083992,201.759827,-0.500000,-0.866025
2011,7,20.000000,175.000000,22.500000,177.500000,1307.850000,1.754024,1.502466,3.576098,6.832588,28.034478,0.769997,23.057413,0.188380,0.829754,0.106877,0.008333,0.080259,202.531677,-0.500000,-0.866025
2011,7,-20.000000,-145.000000,-17.500000,-142.500000,1232.180000,1.832524,3.231671,27.986982,33.051178,,,,,,,,,,-0.500000,-0.866025
2011,7,-20.000000,-150.000000,-17.500000,-147.500000,5793.710000,1.880315,2.276262,28.306042,32.462619,,,,,,,,,,-0.500000,-0.866025
2011,7,-20.000000,155.000000,-17.500000,157.500000,1841.500000,9.273418,1.746402,34.875373,45.895194,25.021425,0.727811,64.159913,0.107035,2.492707,0.054089,0.400833,0.077157,210.215118,-0.500000,-0.866025
2011,7,-20.000000,-155.000000,-17.500000,-152.500000,3297.480000,2.736939,2.750585,20.389813,25.877337,,,,,,,,,,-0.500000,-0.866025
2011,7,-20.000000,160.000000,-17.500000,162.500000,2394.160000,13.255171,2.837321,18.443629,34.536121,25.687170,0.748294,50.959384,0.145481,48.922487,0.042156,0.420117,0.073816,208.959274,-0.500000,-0.866025
2011,7,-20.000000,165.000000,-17.500000,167.500000,10630.060000,5.195267,2.348152,12.261267,19.804686,26.238898,0.786558,49.251334,0.120679,122.872722,0.074285,0.506732,0.073928,207.055969,-0.500000,-0.866025
2011,7,-20.000000,170.000000,-17.500000,172.500000,13055.700000,3.564037,1.409423,14.794458,19.767917,26.546871,0.806797,52.802789,0.110952,2.613085,0.062746,0.299444,0.070165,205.838181,-0.500000,-0.866025
2011,7,-20.000000,175.000000,-17.500000,177.500000,7521.680000,5.569633,3.234384,13.037247,21.841264,26.957561,0.828562,48.491225,0.078285,122.856460,0.034610,0.260206,0.079495,205.247894,-0.500000,-0.866025
2011,7,-20.000000,-175.000000,-17.500000,-172.500000,1666.270000,4.270616,1.730212,14.571468,20.572296,,,,,,,,,,-0.500000,-0.866025
2011,7,-20.000000,-180.000000,-17.500000,-177.500000,19441.890000,6.037530,1.730233,21.251946,29.019710,,,,,,,,,,-0.500000,-0.866025
2011,7,25.000000,125.000000,27.500000,127.500000,5207.470000,18.065587,0.516374,0.785026,19.366986,28.524266,0.852629,11.840471,0.307378,127.391415,0.248578,0.181129,0.120815,201.719559,-0.500000,-0.866025
2011,7,25.000000,130.000000,27.500000,132.500000,6034.780000,18.865145,0.153775,2.317897,21.336818,28.066035,1.043719,12.409603,0.270422,57.127803,0.145462,0.157822,0.110263,203.127182,-0.500000,-0.866025
2011,7,25.000000,135.000000,27.500000,137.500000,3366.440000,2.733154,0.045152,0.360024,3.138330,27.984154,1.060579,14.999594,0.204189,2.077460,0.090823,0.240000,0.107537,204.610352,-0.500000,-0.866025
2011,7,25.000000,145.000000,27.500000,147.500000,11875.000000,2.032337,0.176000,0.100547,2.308884,28.105937,0.995478,13.587265,0.151942,1.875447,0.085993,0.106944,0.102138,204.743088,-0.500000,-0.866025
2011,7,25.000000,150.000000,27.500000,152.500000,12560.340000,2.033384,0.260821,0.095778,2.389983,28.118763,0.912271,13.256393,0.174382,2.397685,0.083766,0.203056,0.100297,204.230911,-0.500000,-0.866025
2011,7,25.000000,155.000000,27.500000,157.500000,4659.320000,0.986625,0.259051,0.047861,1.293536,28.018839,0.867569,13.102953,0.150231,2.284376,0.074877,0.246944,0.100482,204.964706,-0.500000,-0.866025
2011,7,25.000000,-155.000000,27.500000,-152.500000,4610.300000,0.180249,11.586231,0.339023,12.105503,,,,,,,,,,-0.500000,-0.866025
2011,7,25.000000,160.000000,27.500000,162.500000,1458.390000,0.434726,0.488210,0.092568,1.015503,27.966231,0.816204,12.260515,0.155979,1.770221,0.075275,0.233611,0.100281,205.618851,-0.500000,-0.866025
2011,7,25.000000,-160.000000,27.500000,-157.500000,2111.290000,1.067594,10.961071,0.199404,12.228069,,,,,,,,,,-0.500000,-0.866025
2011,7,25.000000,165.000000,27.500000,167.500000,1771.930000,0.268069,0.112307,0.044020,0.424396,27.848283,0.787990,12.243730,0.128657,2.768097,0.056679,0.228333,0.099510,206.078751,-0.500000,-0.866025
2011,7,25.000000,170.000000,27.500000,172.500000,2919.160000,0.686841,0.060976,0.033914,0.781732,27.320133,0.698662,12.629450,0.133295,3.191286,0.053082,0.240000,0.094843,207.023499,-0.500000,-0.866025
2011,7,-25.000000,155.000000,-22.500000,157.500000,1231.670000,23.011846,2.015962,53.005269,78.033077,22.596138,0.647033,83.755039,0.122228,45.819699,0.058455,0.232009,0.179178,217.572754,-0.500000,-0.866025
2011,7,-25.000000,-155.000000,-22.500000,-152.500000,1091.300000,2.853478,1.968295,33.565472,38.387245,,,,,,,,,,-0.500000,-0.866025
2011,7,-25.000000,170.000000,-22.500000,172.500000,3633.530000,2.764804,1.698624,19.722143,24.185572,23.796613,0.680252,51.952424,0.157037,2.722456,0.070788,0.482778,0.066015,214.017670,-0.500000,-0.866025
2011,7,-25.000000,175.000000,-22.500000,177.500000,7707.890000,2.801545,1.409595,21.516394,25.727534,24.044635,0.729156,52.018844,0.135488,2.646882,0.051810,0.369444,0.062303,213.746933,-0.500000,-0.866025
2011,7,-25.000000,-180.000000,-22.500000,-177.500000,1324.280000,5.957199,1.538194,11.086779,18.582173,,,,,,,,,,-0.500000,-0.866025
2011,7,30.000000,130.000000,32.500000,132.500000,4388.160000,12.865073,1.992407,0.265487,15.122967,26.676166,0.727900,11.085629,0.428406,123.553509,0.378888,0.652408,0.277196,211.375519,-0.500000,-0.866025
2011,7,30.000000,145.000000,32.500000,147.500000,2625.970000,0.623770,0.085302,0.079209,0.788280,26.272453,1.004264,11.285533,0.299827,3.068573,0.193111,0.292778,0.117089,212.167404,-0.500000,-0.866025
2011,7,30.000000,150.000000,32.500000,152.500000,4535.410000,0.593772,0.199100,0.021167,0.814039,25.377428,0.919341,10.779350,0.258598,3.415008,0.190034,0.365556,0.107793,216.369125,-0.500000,-0.866025
2011,7,30.000000,155.000000,32.500000,157.500000,6307.390000,0.510988,1.239498,0.106700,1.857187,24.975140,0.763896,10.617941,0.319232,2.402265,0.297653,0.406944,0.104296,219.568787,-0.500000,-0.866025
2011,7,30.000000,-155.000000,32.500000,-152.500000,2766.930000,0.398275,20.428417,3.953841,24.780533,,,,,,,,,,-0.500000,-0.866025
2011,7,30.000000,160.000000,32.500000,162.500000,1967.650000,0.029477,3.045257,0.404543,3.479277,24.581380,0.677836,10.602597,0.289829,4.235424,0.254610,0.506389,0.110562,220.697052,-0.500000,-0.866025
2011,7,30.000000,-160.000000,32.500000,-157.500000,3952.230000,0.263649,16.599236,1.039160,17.902045,,,,,,,,,,-0.500000,-0.866025
2011,7,30.000000,170.000000,32.500000,172.500000,1072.270000,0.000000,0.366512,0.000000,0.366512,25.001487,0.649368,10.574876,0.257186,3.010862,0.161974,0.424722,0.098385,218.690216,-0.500000,-0.866025
2011,7,-30.000000,-135.000000,-27.500000,-132.500000,1055.030000,0.511834,2.326000,67.412301,70.250135,,,,,,,,,,-0.500000,-0.866025
2011,7,-30.000000,-140.000000,-27.500000,-137.500000,2523.130000,0.909981,1.429970,54.470836,56.810787,,,,,,,,,,-0.500000,-0.866025
2011,7,-30.000000,150.000000,-27.500000,152.500000,1965.650000,26.009717,4.471294,33.211915,63.692926,21.049315,0.570128,85.645654,0.229907,93.587423,0.085670,0.605714,0.435529,218.851837,-0.500000,-0.866025
2011,7,-30.000000,-150.000000,-27.500000,-147.500000,1219.800000,0.727988,2.574192,42.237252,45.539433,,,,,,,,,,-0.500000,-0.866025
2011,7,-30.000000,155.000000,-27.500000,157.500000,2853.970000,13.803929,4.898790,44.171452,62.874172,20.559759,0.586101,104.875083,0.219523,2.912513,0.126738,0.315000,0.359267,223.780685,-0.500000,-0.866025
2011,7,-30.000000,-155.000000,-27.500000,-152.500000,4632.010000,3.071453,1.405006,24.996492,29.472950,,,,,,,,,,-0.500000,-0.866025
2011,7,-30.000000,160.000000,-27.500000,162.500000,9264.450000,3.470363,1.698644,38.563973,43.732979,20.917680,0.594648,84.766775,0.180982,3.425839,0.092812,0.516111,0.251901,227.168106,-0.500000,-0.866025
2011,7,-30.000000,-160.000000,-27.500000,-157.500000,2251.770000,1.835445,2.645919,32.830174,37.311537,,,,,,,,,,-0.500000,-0.866025
2011,7,-30.000000,-165.000000,-27.500000,-162.500000,3794.190000,1.420857,0.875813,30.577541,32.874210,,,,,,,,,,-0.500000,-0.866025
2011,7,-30.000000,170.000000,-27.500000,172.500000,10629.760000,1.367387,0.834826,18.962799,21.165012,20.718615,0.525447,80.615664,0.150950,3.173324,0.097413,0.403611,0.092691,227.489761,-0.500000,-0.866025
2011,7,-30.000000,-170.000000,-27.500000,-167.500000,4756.750000,1.430809,0.596626,27.645556,29.672991,,,,,,,,,,-0.500000,-0.866025
2011,7,-30.000000,175.000000,-27.500000,177.500000,7397.010000,1.927671,0.765850,28.450955,31.144476,20.767632,0.497401,72.158349,0.154492,3.374752,0.090331,0.477500,0.072691,226.898880,-0.500000,-0.866025
2011,7,-30.000000,-175.000000,-27.500000,-172.500000,9395.350000,1.957032,1.820901,31.206501,34.984434,,,,,,,,,,-0.500000,-0.866025
2011,7,-30.000000,-180.000000,-27.500000,-177.500000,1595.540000,1.711646,1.175777,24.272033,27.159457,,,,,,,,,,-0.500000,-0.866025
2011,7,35.000000,145.000000,37.500000,147.500000,3962.420000,0.000000,0.060821,0.026247,0.087068,21.774675,0.153033,10.739549,0.427349,8.540772,0.366374,0.800556,0.169204,223.766953,-0.500000,-0.866025
2011,7,35.000000,150.000000,37.500000,152.500000,1381.300000,0.000000,0.383697,0.069500,0.453196,21.871430,0.327411,10.852425,0.388297,6.423160,0.311075,0.696111,0.257370,234.130920,-0.500000,-0.866025
2011,7,35.000000,155.000000,37.500000,157.500000,7460.980000,0.191262,9.784371,1.538136,11.513769,20.730701,0.255134,10.712676,0.260834,7.205729,0.118674,0.557222,0.225157,236.489792,-0.500000,-0.866025
2011,7,35.000000,160.000000,37.500000,162.500000,7741.570000,0.135761,10.287965,1.638557,12.062282,20.258472,0.303033,10.614338,0.349295,6.575870,0.272633,0.671389,0.283571,242.342651,-0.500000,-0.866025
2011,7,35.000000,165.000000,37.500000,167.500000,3650.320000,0.000000,7.909718,0.175327,8.085045,20.397608,0.334109,10.611922,0.195153,5.414077,0.087507,0.645556,0.298540,243.217056,-0.500000,-0.866025
2011,7,35.000000,170.000000,37.500000,172.500000,1225.020000,0.000000,0.227751,0.172242,0.399993,20.587660,0.430066,10.555887,0.251820,5.645239,0.199991,0.765278,0.316183,243.306427,-0.500000,-0.866025
2011,7,35.000000,175.000000,37.500000,177.500000,2077.860000,0.838844,0.062083,0.096253,0.997180,20.705455,0.411746,10.528886,0.203531,3.253796,0.201269,0.481111,0.281229,238.764572,-0.500000,-0.866025
2011,7,35.000000,-175.000000,37.500000,-172.500000,1324.630000,1.427568,0.000000,0.000000,1.427568,,,,,,,,,,-0.500000,-0.866025
2011,7,-35.000000,150.000000,-32.500000,152.500000,1438.110000,36.491645,5.437693,11.398989,53.328327,19.665655,0.533710,95.611958,0.357239,89.635325,0.175966,0.587724,0.464933,222.087952,-0.500000,-0.866025
2011,7,-35.000000,160.000000,-32.500000,162.500000,4312.110000,3.587571,3.485533,29.131214,36.204318,18.172599,0.410719,106.059582,0.199976,3.580313,0.123950,0.584722,0.408640,228.034332,-0.500000,-0.866025
2011,7,-35.000000,165.000000,-32.500000,167.500000,2068.000000,3.833172,5.102515,19.540619,28.476306,17.499249,0.328915,100.246654,0.139044,3.795297,0.100539,0.432778,0.365059,233.065506,-0.500000,-0.866025
2011,7,-35.000000,170.000000,-32.500000,172.500000,1531.130000,0.000000,9.928615,11.791945,21.720559,17.783815,0.359472,93.091469,0.132329,67.969252,0.101089,0.542434,0.364389,234.444061,-0.500000,-0.866025
2011,7,-35.000000,175.000000,-32.500000,177.500000,1314.630000,0.000000,18.672935,10.983319,29.656253,17.850896,0.363757,93.158136,0.149420,2.682524,0.094853,0.454167,0.322632,235.765350,-0.500000,-0.866025
2011,7,-40.000000,175.000000,-37.500000,177.500000,1641.090000,0.000000,0.499059,19.181154,19.680213,,,,,,,,,,-0.500000,-0.866025
2011,8,0.000000,120.000000,2.500000,122.500000,22349.780000,15.043772,3.505627,0.000000,18.549400,28.983187,0.594220,15.138725,0.179494,132.249858,0.018272,0.146182,0.103895,201.036209,-0.866025,-0.500000
2011,8,0.000000,125.000000,2.500000,127.500000,29385.050000,15.214641,3.334757,0.000000,18.549398,28.303605,0.610142,23.997556,0.421483,131.523879,0.050254,0.227163,0.194735,201.085938,-0.866025,-0.500000
2011,8,0.000000,130.000000,2.500000,132.500000,8987.050000,13.964427,4.100901,0.015244,18.080571,28.719326,0.664412,22.778986,0.439208,115.629281,0.037396,0.011670,0.185395,201.295700,-0.866025,-0.500000
2011,8,0.000000,135.000000,2.500000,137.500000,3450.930000,6.903646,30.484246,0.034773,37.422666,28.995857,0.659865,14.661856,0.459797,0.897178,0.037301,0.000278,0.133740,201.380112,-0.866025,-0.500000
2011,8,0.000000,140.000000,2.500000,142.500000,1262.240000,12.923850,20.402618,0.000000,33.326467,28.972711,0.658049,14.208317,0.401390,0.329520,0.044751,0.000000,0.112351,201.049255,-0.866025,-0.500000
2011,8,0.000000,145.000000,2.500000,147.500000,4989.290000,11.316640,24.445763,0.042090,35.804493,28.958084,0.655451,15.190716,0.268358,0.656718,0.032901,0.001667,0.098148,200.412613,-0.866025,-0.500000
2011,8,0.000000,150.000000,2.500000,152.500000,1605.360000,15.876813,23.281382,0.257263,39.415458,29.168637,0.682560,16.822227,0.228593,0.486436,0.018697,0.000000,0.075235,199.239532,-0.866025,-0.500000
2011,8,0.000000,155.000000,2.500000,157.500000,7566.650000,13.319633,12.701790,0.177886,26.199309,29.538821,0.690806,16.886443,0.245418,0.378667,0.021586,0.000000,0.070948,198.633209,-0.866025,-0.500000
2011,8,0.000000,-155.000000,2.500000,-152.500000,7466.150000,4.829397,26.273113,0.003081,31.105590,,,,,,,,,,-0.866025,-0.500000
2011,8,0.000000,160.000000,2.500000,162.500000,8022.180000,9.817656,5.770252,0.071178,15.659085,29.686497,0.689913,21.349012,0.238489,0.299271,0.018615,0.000000,0.106168,199.879257,-0.866025,-0.500000
2011,8,0.000000,-160.000000,2.500000,-157.500000,5014.790000,9.546362,13.498272,0.012962,23.057596,,,,,,,,,,-0.866025,-0.500000
2011,8,0.000000,165.000000,2.500000,167.500000,4817.730000,8.333385,21.578005,0.276894,30.188284,29.492497,0.676401,23.282918,0.199778,92.985211,0.012594,0.002779,0.135723,200.258179,-0.866025,-0.500000
2011,8,0.000000,-165.000000,2.500000,-162.500000,2692.520000,8.380253,18.322612,0.000000,26.702866,,,,,,,,,,-0.866025,-0.500000
2011,8,0.000000,170.000000,2.500000,172.500000,6036.950000,15.792080,19.691566,0.189831,35.673478,29.123967,0.649305,30.244117,0.228320,130.367919,0.014658,0.019537,0.212221,199.837814,-0.866025,-0.500000
2011,8,0.000000,175.000000,2.500000,177.500000,1293.650000,10.703050,16.688440,0.011595,27.403084,28.811927,0.619498,30.803096,0.200573,0.507640,0.016797,0.000000,0.193369,199.897400,-0.866025,-0.500000
2011,8,5.000000,115.000000,7.500000,117.500000,2021.300000,31.792906,0.212734,0.000000,32.005640,29.276389,0.741136,15.771179,0.148567,135.761315,0.016469,0.204187,0.101571,200.458359,-0.866025,-0.500000
2011,8,5.000000,120.000000,7.500000,122.500000,1324.870000,19.186033,1.577513,0.000000,20.763547,29.111458,0.689760,15.031128,0.182315,132.650019,0.038388,0.184165,0.110226,200.380753,-0.866025,-0.500000
2011,8,5.000000,125.000000,7.500000,127.500000,1499.720000,6.099805,3.106580,0.000000,9.206385,28.724811,0.562544,18.673634,0.550674,130.276529,0.085835,0.104478,0.095086,200.548233,-0.866025,-0.500000
2011,8,5.000000,130.000000,7.500000,132.500000,2181.270000,5.700349,11.521270,0.095816,17.317434,28.718826,0.630415,23.152816,0.346491,129.699380,0.065588,0.007804,0.084506,200.627472,-0.866025,-0.500000
2011,8,5.000000,135.000000,7.500000,137.500000,4393.820000,5.893277,11.566473,0.048705,17.508455,29.042195,0.663687,22.152958,0.167675,130.852378,0.063926,0.006954,0.091546,200.171463,-0.866025,-0.500000
2011,8,5.000000,145.000000,7.500000,147.500000,1343.250000,7.032198,13.719710,0.000000,20.751908,29.303115,0.694494,18.960557,0.182479,0.870145,0.055519,0.025278,0.083838,199.408112,-0.866025,-0.500000
2011,8,5.000000,155.000000,7.500000,157.500000,1425.350000,3.200617,21.174448,1.838847,26.213912,29.347965,0.650459,16.462985,0.142981,124.481567,0.030636,0.003336,0.073005,198.569839,-0.866025,-0.500000
2011,8,5.000000,-155.000000,7.500000,-152.500000,5521.710000,5.103129,31.989547,0.000000,37.092676,,,,,,,,,,-0.866025,-0.500000
2011,8,5.000000,160.000000,7.500000,162.500000,3024.390000,4.196218,20.616389,0.309153,25.121760,29.117256,0.636247,19.831140,0.158639,0.412106,0.030228,0.000000,0.065093,198.641022,-0.866025,-0.500000
2011,8,5.000000,-160.000000,7.500000,-157.500000,5719.480000,6.947310,19.651262,0.031821,26.630393,,,,,,,,,,-0.866025,-0.500000
2011,8,5.000000,165.000000,7.500000,167.500000,8888.610000,3.542061,6.356787,0.824426,10.723274,28.860963,0.613902,21.392136,0.185422,129.566051,0.026065,0.041643,0.104516,200.076599,-0.866025,-0.500000
2011,8,5.000000,-165.000000,7.500000,-162.500000,1885.280000,10.899707,25.136319,0.014321,36.050348,,,,,,,,,,-0.866025,-0.500000
2011,8,5.000000,170.000000,7.500000,172.500000,6374.250000,2.321685,9.506687,0.585481,12.413853,28.645878,0.573345,25.055225,0.193268,129.165123,0.026839,0.027848,0.168827,202.131195,-0.866025,-0.500000
2011,8,5.000000,-170.000000,7.500000,-167.500000,2791.610000,0.842166,1.640989,8.914211,11.397366,,,,,,,,,,-0.866025,-0.500000
2011,8,-5.000000,120.000000,-2.500000,122.500000,28141.070000,15.757503,2.791898,0.000000,18.549401,27.748949,0.541219,20.470015,0.175447,130.617193,0.020017,0.328112,0.146602,202.313583,-0.866025,-0.500000
2011,8,-5.000000,125.000000,-2.500000,127.500000,42211.610000,15.757513,2.791886,0.000000,18.549399,27.479061,0.528921,21.454844,0.264533,126.842753,0.030065,0.376471,0.292911,202.408630,-0.866025,-0.500000
2011,8,-5.000000,130.000000,-2.500000,132.500000,14070.540000,15.757533,2.791862,0.000000,18.549395,27.425093,0.552919,20.856631,0.217942,129.474349,0.074763,0.446421,0.351736,202.769119,-0.866025,-0.500000
2011,8,-5.000000,145.000000,-2.500000,147.500000,2087.280000,26.109099,0.978307,0.000000,27.087406,28.806605,0.675427,23.845034,0.315337,124.288905,0.008641,0.069860,0.321751,201.422272,-0.866025,-0.500000
2011,8,-5.000000,150.000000,-2.500000,152.500000,1155.110000,25.406238,0.783475,0.138515,26.328228,29.147152,0.688750,19.309463,0.236007,129.923418,0.014334,0.091122,0.210347,200.966003,-0.866025,-0.500000
2011,8,-5.000000,155.000000,-2.500000,157.500000,4398.650000,14.218908,7.480932,0.583133,22.282973,29.560416,0.708471,18.430341,0.223604,0.480636,0.008018,0.000000,0.139438,200.525894,-0.866025,-0.500000
2011,8,-5.000000,-155.000000,-2.500000,-152.500000,1583.300000,2.145519,12.170783,0.046738,14.363039,,,,,,,,,,-0.866025,-0.500000
2011,8,-5.000000,160.000000,-2.500000,162.500000,18730.420000,11.591892,9.599625,1.014927,22.206443,29.622161,0.706144,23.922401,0.255436,0.474988,0.010676,0.000000,0.143589,201.080429,-0.866025,-0.500000
2011,8,-5.000000,-160.000000,-2.500000,-157.500000,2010.620000,3.078155,12.204693,0.563010,15.845858,,,,,,,,,,-0.866025,-0.500000
2011,8,-5.000000,165.000000,-2.500000,167.500000,7784.530000,9.316812,12.643538,0.660412,22.620762,29.341844,0.689796,31.079119,0.297584,0.287665,0.017061,0.000000,0.151864,200.962708,-0.866025,-0.500000
2011,8,-5.000000,-165.000000,-2.500000,-162.500000,2831.950000,6.314730,14.056392,1.189287,21.560409,,,,,,,,,,-0.866025,-0.500000
2011,8,-5.000000,170.000000,-2.500000,172.500000,16128.680000,10.183722,14.857694,0.421175,25.462592,28.919326,0.664474,42.139744,0.316688,128.290601,0.019147,0.009476,0.164661,200.991348,-0.866025,-0.500000
2011,8,-5.000000,-170.000000,-2.500000,-167.500000,3562.330000,6.936191,15.183040,0.118743,22.237973,,,,,,,,,,-0.866025,-0.500000
2011,8,-5.000000,175.000000,-2.500000,177.500000,6358.160000,12.149584,10.843231,0.086188,23.079004,28.572577,0.645546,49.304529,0.333606,90.661608,0.025049,0.001668,0.169635,201.077652,-0.866025,-0.500000
2011,8,-5.000000,-175.000000,-2.500000,-172.500000,4059.690000,10.548589,11.865931,0.352244,22.766763,,,,,,,,,,-0.866025,-0.500000
2011,8,-5.000000,-180.000000,-2.500000,-177.500000,2434.640000,10.585549,17.456380,0.165117,28.207045,,,,,,,,,,-0.866025,-0.500000
2011,8,10.000000,110.000000,12.500000,112.500000,18133.540000,12.150578,3.933760,0.000000,16.084339,28.999697,0.696481,14.302331,0.341572,2.040995,0.115464,0.103611,0.138566,202.952377,-0.866025,-0.500000
2011,8,10.000000,115.000000,12.500000,117.500000,19597.070000,12.113546,3.688919,0.000000,15.802464,28.847185,0.732330,17.815137,0.118313,130.737491,0.022735,0.030931,0.082434,200.938538,-0.866025,-0.500000
2011,8,10.000000,130.000000,12.500000,132.500000,13403.990000,2.725084,4.859150,0.124142,7.708376,28.958718,0.782989,24.062362,0.127767,0.378820,0.066085,0.000000,0.083923,199.714966,-0.866025,-0.500000
2011,8,10.000000,135.000000,12.500000,137.500000,1658.690000,5.299363,0.280945,0.047025,5.627332,29.263133,0.842487,23.589485,0.090726,117.140175,0.047124,0.001946,0.085578,199.022446,-0.866025,-0.500000
2011,8,10.000000,150.000000,12.500000,152.500000,3137.410000,8.576501,0.083508,1.101227,9.761236,29.347664,0.854588,24.107759,0.142027,0.296520,0.056979,0.000000,0.082244,198.949753,-0.866025,-0.500000
2011,8,10.000000,170.000000,12.500000,172.500000,1861.060000,1.632940,5.166948,5.301280,12.101168,28.492397,0.755248,41.366828,0.190860,57.029033,0.057040,0.003056,0.060531,200.772858,-0.866025,-0.500000
2011,8,10.000000,-170.000000,12.500000,-167.500000,2204.830000,1.030465,1.232748,0.000000,2.263213,,,,,,,,,,-0.866025,-0.500000
2011,8,10.000000,175.000000,12.500000,177.500000,2476.430000,1.702047,3.731178,0.601269,6.034493,28.099674,0.707488,46.271573,0.223066,0.469497,0.076932,0.000000,0.061552,201.735077,-0.866025,-0.500000
2011,8,10.000000,-180.000000,12.500000,-177.500000,1486.090000,2.880041,1.646603,0.053833,4.580476,,,,,,,,,,-0.866025,-0.500000
2011,8,-10.000000,-135.000000,-7.500000,-132.500000,13721.080000,7.163066,15.622240,1.965297,24.750603,,,,,,,,,,-0.866025,-0.500000
2011,8,-10.000000,-140.000000,-7.500000,-137.500000,1456.410000,4.370335,11.732960,4.367589,20.470884,,,,,,,,,,-0.866025,-0.500000
2011,8,-10.000000,145.000000,-7.500000,147.500000,2861.990000,32.694733,0.047869,2.614964,35.357566,26.646258,0.701358,31.615706,0.311689,126.791191,0.035035,0.428429,0.367726,203.891769,-0.866025,-0.500000
2011,8,-10.000000,150.000000,-7.500000,152.500000,3657.880000,27.641421,0.781054,1.358164,29.780638,27.935277,0.660947,33.748532,0.262538,127.198599,0.032347,0.212594,0.430585,199.390564,-0.866025,-0.500000
2011,8,-10.000000,-150.000000,-7.500000,-147.500000,10229.270000,3.637503,17.100438,2.868338,23.606279,,,,,,,,,,-0.866025,-0.500000
2011,8,-10.000000,155.000000,-7.500000,157.500000,6135.530000,25.353637,5.383561,2.036499,32.773697,28.680126,0.684593,31.083611,0.165069,128.748821,0.027182,0.121581,0.411768,199.770828,-0.866025,-0.500000
2011,8,-10.000000,-155.000000,-7.500000,-152.500000,20222.530000,3.444228,13.992809,3.040866,20.477903,,,,,,,,,,-0.866025,-0.500000
2011,8,-10.000000,160.000000,-7.500000,162.500000,15493.990000,9.715251,7.299346,1.741772,18.756369,29.037487,0.750980,35.580811,0.202694,129.679718,0.030304,0.037397,0.177345,199.660767,-0.866025,-0.500000
2011,8,-10.000000,-160.000000,-7.500000,-157.500000,6502.940000,5.475062,11.452358,3.403845,20.331266,,,,,,,,,,-0.866025,-0.500000
2011,8,-10.000000,165.000000,-7.500000,167.500000,12074.490000,7.570175,7.180096,3.980375,18.730646,29.021755,0.760055,45.245600,0.176602,0.607642,0.030675,0.000278,0.143675,199.648209,-0.866025,-0.500000
2011,8,-10.000000,-165.000000,-7.500000,-162.500000,1873.540000,10.653629,11.732336,5.722856,28.108821,,,,,,,,,,-0.866025,-0.500000
2011,8,-10.000000,170.000000,-7.500000,172.500000,8328.240000,10.411203,5.467302,2.823406,18.701911,28.921191,0.751668,49.937058,0.182631,0.178299,0.026963,0.000000,0.145553,199.911758,-0.866025,-0.500000
2011,8,-10.000000,-170.000000,-7.500000,-167.500000,2867.860000,6.748237,16.776970,8.378024,31.903231,,,,,,,,,,-0.866025,-0.500000
2011,8,-10.000000,175.000000,-7.500000,177.500000,3600.990000,9.339376,7.294661,6.343533,22.977570,28.701680,0.723427,58.647380,0.158449,0.282507,0.025857,0.000000,0.149028,200.399597,-0.866025,-0.500000
2011,8,-10.000000,-175.000000,-7.500000,-172.500000,3425.060000,11.181118,8.613864,3.758182,23.553164,,,,,,,,,,-0.866025,-0.500000
2011,8,-10.000000,-180.000000,-7.500000,-177.500000,6623.590000,8.555783,10.749458,4.481558,23.786798,,,,,,,,,,-0.866025,-0.500000
2011,8,15.000000,110.000000,17.500000,112.500000,18133.540000,12.150578,3.933760,0.000000,16.084339,29.398180,0.624491,11.473446,0.153917,125.649632,0.055502,0.104125,0.086852,199.786957,-0.866025,-0.500000
2011,8,15.000000,115.000000,17.500000,117.500000,23510.150000,11.230809,3.226138,0.000000,14.456947,29.469901,0.713951,13.202274,0.120543,132.160002,0.041933,0.028134,0.082894,199.704880,-0.866025,-0.500000
2011,8,15.000000,120.000000,17.500000,122.500000,3115.930000,13.887026,0.025033,0.013158,13.925217,29.556374,0.926846,16.575842,0.237480,134.192068,0.143745,0.120778,0.122811,198.805679,-0.866025,-0.500000
2011,8,15.000000,125.000000,17.500000,127.500000,1766.820000,5.263694,0.143195,0.022074,5.428963,29.430563,0.967990,20.034809,0.203699,0.628007,0.082517,0.000833,0.093606,198.810410,-0.866025,-0.500000
2011,8,15.000000,130.000000,17.500000,132.500000,3754.580000,0.547332,0.058062,0.427478,1.032872,29.134714,0.952040,20.969226,0.138818,0.737289,0.061065,0.001111,0.088121,199.289124,-0.866025,-0.500000
2011,8,15.000000,135.000000,17.500000,137.500000,2533.620000,2.212250,0.068282,1.076326,3.356857,29.112565,0.953781,23.810330,0.169512,0.805058,0.067559,0.024444,0.086438,198.870163,-0.866025,-0.500000
2011,8,15.000000,140.000000,17.500000,142.500000,2266.610000,4.730854,0.053384,1.457242,6.241480,29.487278,0.957597,25.332780,0.100145,0.742808,0.033320,0.005556,0.087449,198.256058,-0.866025,-0.500000
2011,8,15.000000,150.000000,17.500000,152.500000,3474.070000,4.300719,0.429467,4.775091,9.505278,29.413040,0.925127,26.382066,0.190719,0.667234,0.084926,0.001389,0.082041,198.307922,-0.866025,-0.500000
2011,8,15.000000,155.000000,17.500000,157.500000,2814.600000,5.242663,0.132879,0.798337,6.173879,29.268940,0.916828,28.402222,0.173171,0.399044,0.086368,0.000000,0.080373,198.749710,-0.866025,-0.500000
2011,8,15.000000,160.000000,17.500000,162.500000,2372.770000,2.708649,1.915904,21.232146,25.856699,29.008066,0.904756,32.880983,0.163874,0.423515,0.049165,0.000000,0.071654,199.252869,-0.866025,-0.500000
2011,8,15.000000,-160.000000,17.500000,-157.500000,2166.040000,7.232092,7.010489,1.452882,15.695463,,,,,,,,,,-0.866025,-0.500000
2011,8,15.000000,-165.000000,17.500000,-162.500000,1224.060000,4.484257,5.398428,7.722661,17.605346,,,,,,,,,,-0.866025,-0.500000
2011,8,-15.000000,-135.000000,-12.500000,-132.500000,8463.320000,4.720015,8.889537,8.784850,22.394403,,,,,,,,,,-0.866025,-0.500000
2011,8,-15.000000,-140.000000,-12.500000,-137.500000,1355.000000,6.256827,4.520295,6.360148,17.137269,,,,,,,,,,-0.866025,-0.500000
2011,8,-15.000000,145.000000,-12.500000,147.500000,1106.220000,23.229557,1.113703,12.453219,36.796478,25.062562,0.699109,44.840197,0.188261,114.422998,0.028512,0.112426,0.187769,208.828171,-0.866025,-0.500000
2011,8,-15.000000,-145.000000,-12.500000,-142.500000,3076.770000,3.893694,15.409342,10.377441,29.680477,,,,,,,,,,-0.866025,-0.500000
2011,8,-15.000000,150.000000,-12.500000,152.500000,1542.430000,25.211517,1.929423,2.637397,29.778337,26.681694,0.759739,48.714376,0.239806,121.535084,0.046838,0.397233,0.276112,205.512054,-0.866025,-0.500000
2011,8,-15.000000,-150.000000,-12.500000,-147.500000,4998.130000,2.713615,10.969102,8.076221,21.758938,,,,,,,,,,-0.866025,-0.500000
2011,8,-15.000000,155.000000,-12.500000,157.500000,8232.440000,11.423223,4.240663,11.003785,26.667671,27.483783,0.773021,51.984214,0.232144,2.908682,0.063657,0.139722,0.210007,203.314590,-0.866025,-0.500000
2011,8,-15.000000,-155.000000,-12.500000,-152.500000,5899.440000,3.363709,17.659981,9.364957,30.388647,,,,,,,,,,-0.866025,-0.500000
2011,8,-15.000000,160.000000,-12.500000,162.500000,8991.580000,5.657515,3.374713,10.714913,19.747141,27.837407,0.833018,52.799769,0.204227,127.035050,0.057018,0.147596,0.100030,202.204102,-0.866025,-0.500000
2011,8,-15.000000,-160.000000,-12.500000,-157.500000,11290.090000,9.135622,6.464873,38.624139,54.224634,,,,,,,,,,-0.866025,-0.500000
2011,8,-15.000000,165.000000,-12.500000,167.500000,6628.550000,3.738978,1.772182,12.656312,18.167473,28.091102,0.849739,53.794669,0.131218,122.072544,0.026650,0.129537,0.068984,201.518845,-0.866025,-0.500000
2011,8,-15.000000,-165.000000,-12.500000,-162.500000,8756.800000,5.358236,3.973255,30.753015,40.084506,,,,,,,,,,-0.866025,-0.500000
2011,8,-15.000000,170.000000,-12.500000,172.500000,8674.190000,3.701441,1.856427,11.716483,17.274351,28.323764,0.861807,60.084632,0.125330,1.561412,0.029136,0.102500,0.078403,200.908081,-0.866025,-0.500000
2011,8,-15.000000,-170.000000,-12.500000,-167.500000,6955.290000,3.049046,3.963889,29.471525,36.484460,,,,,,,,,,-0.866025,-0.500000
2011,8,-15.000000,175.000000,-12.500000,177.500000,3535.140000,5.990145,2.309385,17.047133,25.346662,28.305426,0.832200,59.133981,0.131982,0.867834,0.034501,0.029167,0.099805,200.351868,-0.866025,-0.500000
2011,8,-15.000000,-175.000000,-12.500000,-172.500000,9980.180000,4.520660,1.667204,24.948849,31.136713,,,,,,,,,,-0.866025,-0.500000
2011,8,20.000000,115.000000,22.500000,117.500000,1338.860000,7.774525,0.188220,0.000000,7.962744,29.310405,0.669168,11.806863,0.262150,132.806290,0.153957,0.314245,0.309658,203.361237,-0.866025,-0.500000
2011,8,20.000000,120.000000,22.500000,122.500000,1026.560000,9.733479,1.299486,1.346244,12.379208,29.592510,1.009075,15.164677,0.378622,136.122473,0.203399,0.099686,0.132382,198.883011,-0.866025,-0.500000
2011,8,20.000000,125.000000,22.500000,127.500000,1674.410000,2.182261,5.809808,9.648772,17.640841,29.341341,1.115879,18.721978,0.286446,93.111267,0.143474,0.087549,0.092034,199.395828,-0.866025,-0.500000
2011,8,20.000000,130.000000,22.500000,132.500000,1636.310000,0.938086,0.214507,1.052368,2.204961,28.279710,0.996567,15.671806,0.140324,1.135651,0.073073,0.102500,0.084438,200.886566,-0.866025,-0.500000
2011,8,20.000000,135.000000,22.500000,137.500000,2644.560000,1.376032,0.288139,2.428003,4.092174,28.492705,1.050454,19.889337,0.218644,1.185232,0.126583,0.080278,0.083291,200.509155,-0.866025,-0.500000
2011,8,20.000000,140.000000,22.500000,142.500000,1554.580000,12.110667,1.787621,6.844936,20.743223,28.795546,0.952711,19.735403,0.210333,57.896974,0.080351,0.039455,0.081702,199.907272,-0.866025,-0.500000
2011,8,20.000000,145.000000,22.500000,147.500000,9707.540000,1.892446,0.052743,0.519699,2.464888,28.877918,0.901221,18.519480,0.131876,0.775048,0.069453,0.021944,0.085623,198.993073,-0.866025,-0.500000
2011,8,20.000000,150.000000,22.500000,152.500000,5955.310000,2.425399,0.423320,2.907153,5.755872,28.940606,0.871674,21.247920,0.147922,1.052571,0.064653,0.017222,0.085224,198.901978,-0.866025,-0.500000
2011,8,20.000000,155.000000,22.500000,157.500000,3318.020000,2.613908,0.555753,6.164821,9.334483,28.861220,0.872428,24.664594,0.144653,0.949639,0.060585,0.043889,0.083796,199.448303,-0.866025,-0.500000
2011,8,20.000000,160.000000,22.500000,162.500000,4406.690000,3.772900,2.185087,17.064963,23.022949,28.698866,0.831368,23.550118,0.158537,0.938344,0.092327,0.020833,0.082415,199.783844,-0.866025,-0.500000
2011,8,20.000000,165.000000,22.500000,167.500000,2614.480000,2.510251,0.107478,0.167146,2.784875,28.567785,0.795779,23.833134,0.144297,0.863287,0.056582,0.010278,0.081667,201.117004,-0.866025,-0.500000
2011,8,20.000000,170.000000,22.500000,172.500000,1622.370000,1.230915,0.321135,0.168272,1.720323,28.289682,0.788796,24.468810,0.172701,1.024427,0.090677,0.040278,0.078959,201.426575,-0.866025,-0.500000
2011,8,20.000000,175.000000,22.500000,177.500000,1877.280000,2.702314,0.394187,0.055399,3.151901,28.100675,0.797711,25.757920,0.176823,1.282385,0.075007,0.034722,0.075047,202.285217,-0.866025,-0.500000
2011,8,-20.000000,-145.000000,-17.500000,-142.500000,2480.610000,1.577838,1.879780,19.754818,23.212436,,,,,,,,,,-0.866025,-0.500000
2011,8,-20.000000,-150.000000,-17.500000,-147.500000,6157.860000,2.598792,2.593433,19.022030,24.214256,,,,,,,,,,-0.866025,-0.500000
2011,8,-20.000000,155.000000,-17.500000,157.500000,2496.100000,6.303433,4.117223,27.759305,38.179961,24.718837,0.734821,48.368195,0.151606,3.258019,0.048252,0.446667,0.088065,212.687576,-0.866025,-0.500000
2011,8,-20.000000,-155.000000,-17.500000,-152.500000,2278.750000,2.213494,3.105211,17.326166,22.644871,,,,,,,,,,-0.866025,-0.500000
2011,8,-20.000000,160.000000,-17.500000,162.500000,2621.100000,7.097783,2.785472,27.834115,37.717371,25.178728,0.746398,43.486589,0.125407,47.627228,0.050672,0.533482,0.079312,211.135117,-0.866025,-0.500000
2011,8,-20.000000,-160.000000,-17.500000,-157.500000,1235.290000,2.760485,3.048677,43.535526,49.344688,,,,,,,,,,-0.866025,-0.500000
2011,8,-20.000000,165.000000,-17.500000,167.500000,15035.350000,3.549236,2.476165,15.333464,21.358864,25.670328,0.787175,43.614414,0.109209,120.097665,0.060806,0.468920,0.074115,209.448486,-0.866025,-0.500000
2011,8,-20.000000,-165.000000,-17.500000,-162.500000,5370.320000,1.892066,1.941784,30.915476,34.749326,,,,,,,,,,-0.866025,-0.500000
2011,8,-20.000000,170.000000,-17.500000,172.500000,16167.940000,2.547511,0.911743,12.328967,15.788220,25.945982,0.803441,44.990813,0.111374,2.748067,0.069376,0.330556,0.071159,207.929337,-0.866025,-0.500000
2011,8,-20.000000,175.000000,-17.500000,177.500000,11709.680000,2.303052,1.995358,14.115245,18.413654,26.393780,0.829149,49.719718,0.074051,121.559965,0.033626,0.351248,0.085116,207.150299,-0.866025,-0.500000
2011,8,-20.000000,-180.000000,-17.500000,-177.500000,10259.610000,5.235482,1.581152,17.763443,24.580077,,,,,,,,,,-0.866025,-0.500000
2011,8,25.000000,130.000000,27.500000,132.500000,2366.460000,1.439281,0.000000,0.037186,1.476467,28.234287,1.091854,18.089065,0.272534,58.106449,0.142404,0.100306,0.102204,203.259628,-0.866025,-0.500000
2011,8,25.000000,135.000000,27.500000,137.500000,3812.290000,0.166304,0.139811,0.011017,0.317132,28.100127,1.137641,19.402016,0.162251,1.394187,0.087476,0.108889,0.102805,202.888412,-0.866025,-0.500000
2011,8,25.000000,145.000000,27.500000,147.500000,11529.510000,1.443687,0.190815,0.027061,1.661562,28.244867,0.988549,16.159975,0.170575,1.437148,0.082498,0.168333,0.098334,202.984772,-0.866025,-0.500000
2011,8,25.000000,150.000000,27.500000,152.500000,6750.900000,1.887896,0.197011,0.090210,2.175117,27.997772,0.919862,16.006196,0.150757,1.894603,0.079395,0.260000,0.092773,202.322571,-0.866025,-0.500000
2011,8,25.000000,155.000000,27.500000,157.500000,1478.700000,1.643335,0.296882,0.043958,1.984175,27.854776,0.906968,18.309750,0.151997,1.459282,0.076559,0.185556,0.089374,203.194138,-0.866025,-0.500000
2011,8,25.000000,-155.000000,27.500000,-152.500000,4434.660000,0.822160,10.943116,3.153793,14.919069,,,,,,,,,,-0.866025,-0.500000
2011,8,25.000000,160.000000,27.500000,162.500000,4709.290000,1.817684,0.294524,0.033126,2.145334,28.162335,0.864094,17.918393,0.138093,1.330913,0.062744,0.093611,0.089364,203.654251,-0.866025,-0.500000
2011,8,25.000000,-160.000000,27.500000,-157.500000,1129.480000,1.393562,7.018274,1.375854,9.787690,,,,,,,,,,-0.866025,-0.500000
2011,8,25.000000,165.000000,27.500000,167.500000,1803.280000,0.292800,0.590590,0.000000,0.883390,27.944524,0.809960,16.464482,0.112405,1.202354,0.054403,0.106389,0.088839,204.786438,-0.866025,-0.500000
2011,8,25.000000,170.000000,27.500000,172.500000,1620.200000,0.456117,0.263548,0.032095,0.751759,27.757374,0.737146,15.385780,0.146043,1.226850,0.076235,0.064722,0.088719,205.544342,-0.866025,-0.500000
2011,8,-25.000000,-150.000000,-22.500000,-147.500000,1254.530000,3.428376,2.266187,32.436849,38.131412,,,,,,,,,,-0.866025,-0.500000
2011,8,-25.000000,155.000000,-22.500000,157.500000,1687.340000,7.091043,1.091066,71.445589,79.627698,22.056528,0.657768,64.266693,0.108603,45.076701,0.049631,0.287024,0.277409,220.115799,-0.866025,-0.500000
2011,8,-25.000000,165.000000,-22.500000,167.500000,1687.160000,11.131724,0.624126,15.988407,27.744257,22.584109,0.637064,43.320947,0.145682,108.495395,0.052093,0.473638,0.136794,219.062332,-0.866025,-0.500000
2011,8,-25.000000,170.000000,-22.500000,172.500000,1013.170000,1.547618,0.886327,18.386845,20.820790,23.116949,0.684843,49.338726,0.150448,2.444123,0.052319,0.445278,0.089524,217.630356,-0.866025,-0.500000
2011,8,-25.000000,175.000000,-22.500000,177.500000,3214.620000,1.371235,0.857644,15.531851,17.760731,23.359848,0.724235,49.131454,0.138366,2.533587,0.048144,0.471667,0.064481,217.574921,-0.866025,-0.500000
2011,8,-25.000000,-180.000000,-22.500000,-177.500000,6982.130000,5.022250,1.548381,20.146288,26.716919,,,,,,,,,,-0.866025,-0.500000
2011,8,30.000000,130.000000,32.500000,132.500000,2090.590000,9.264370,0.044963,0.000000,9.309334,28.030465,0.811664,13.712161,0.424078,128.549383,0.374438,0.474374,0.211134,204.026001,-0.866025,-0.500000
2011,8,30.000000,145.000000,32.500000,147.500000,4150.020000,0.216384,0.085783,0.025542,0.327709,27.318662,1.103842,13.718452,0.245062,1.355791,0.155981,0.057500,0.105476,206.670181,-0.866025,-0.500000
2011,8,30.000000,150.000000,32.500000,152.500000,1997.160000,0.370025,0.037553,0.069098,0.476677,26.788448,1.001321,12.157769,0.262149,1.986284,0.180235,0.146944,0.101849,208.432907,-0.866025,-0.500000
2011,8,30.000000,155.000000,32.500000,157.500000,1080.030000,0.000000,2.101793,0.934233,3.036027,26.541961,0.862341,11.497256,0.312512,2.073137,0.279853,0.238611,0.096604,210.646118,-0.866025,-0.500000
2011,8,30.000000,-155.000000,32.500000,-152.500000,2526.540000,0.919835,12.615276,3.562975,17.098087,,,,,,,,,,-0.866025,-0.500000
2011,8,30.000000,160.000000,32.500000,162.500000,3393.810000,0.124344,0.444338,0.176498,0.745180,26.507394,0.697850,11.470679,0.333066,3.116385,0.252597,0.283889,0.094613,211.082443,-0.866025,-0.500000
2011,8,30.000000,-160.000000,32.500000,-157.500000,3629.030000,1.961130,13.901235,1.563228,17.425593,,,,,,,,,,-0.866025,-0.500000
2011,8,-30.000000,-135.000000,-27.500000,-132.500000,3109.520000,2.133127,0.689817,47.915434,50.738378,,,,,,,,,,-0.866025,-0.500000
2011,8,-30.000000,-140.000000,-27.500000,-137.500000,11198.240000,0.802001,0.790392,37.609928,39.202321,,,,,,,,,,-0.866025,-0.500000
2011,8,-30.000000,150.000000,-27.500000,152.500000,2368.950000,27.220076,5.776821,20.917284,53.914181,20.688291,0.512652,64.352827,0.256939,90.498416,0.091376,0.597551,0.474498,220.182434,-0.866025,-0.500000
2011,8,-30.000000,155.000000,-27.500000,157.500000,2107.260000,13.592532,5.122292,31.540484,50.255308,20.127110,0.573945,74.914213,0.235935,3.649323,0.137137,0.408333,0.383670,226.758301,-0.866025,-0.500000
2011,8,-30.000000,-155.000000,-27.500000,-152.500000,1397.340000,3.066541,1.408390,28.771809,33.246740,,,,,,,,,,-0.866025,-0.500000
2011,8,-30.000000,160.000000,-27.500000,162.500000,2546.210000,4.660260,1.045868,37.460775,43.166903,20.341520,0.595814,64.683136,0.204852,3.089074,0.100916,0.399722,0.323073,229.641953,-0.866025,-0.500000
2011,8,-30.000000,-160.000000,-27.500000,-157.500000,3514.230000,1.275102,0.420291,29.208105,30.903498,,,,,,,,,,-0.866025,-0.500000
2011,8,-30.000000,-165.000000,-27.500000,-162.500000,1289.500000,2.348197,0.093059,20.896472,23.337728,,,,,,,,,,-0.866025,-0.500000
2011,8,-30.000000,170.000000,-27.500000,172.500000,14309.690000,0.693027,1.139927,21.375515,23.208469,19.955892,0.518538,70.978257,0.154462,2.928910,0.096817,0.531111,0.168750,231.346832,-0.866025,-0.500000
2011,8,-30.000000,-170.000000,-27.500000,-167.500000,1697.000000,0.694166,0.035357,21.153212,21.882734,,,,,,,,,,-0.866025,-0.500000
2011,8,-30.000000,175.000000,-27.500000,177.500000,12605.490000,0.279164,2.406332,17.977643,20.663140,19.989998,0.477605,67.197395,0.135866,2.682800,0.077702,0.445278,0.097178,230.287613,-0.866025,-0.500000
2011,8,-30.000000,-175.000000,-27.500000,-172.500000,2757.020000,1.882830,1.297053,24.010707,27.190590,,,,,,,,,,-0.866025,-0.500000
2011,8,-30.000000,-180.000000,-27.500000,-177.500000,2214.750000,2.169545,0.834406,38.300937,41.304888,,,,,,,,,,-0.866025,-0.500000
2011,8,35.000000,145.000000,37.500000,147.500000,4216.470000,0.000000,0.079213,0.000000,0.079213,24.814479,0.194145,10.988275,0.421387,9.319245,0.349215,0.680000,0.118052,212.986450,-0.866025,-0.500000
2011,8,35.000000,150.000000,37.500000,152.500000,4975.410000,0.000000,2.690834,0.298870,2.989703,24.987156,0.431860,11.485175,0.381809,4.758578,0.366447,0.576667,0.114522,218.308655,-0.866025,-0.500000
2011,8,35.000000,155.000000,37.500000,157.500000,12506.940000,0.110099,7.488802,0.196451,7.795352,24.079123,0.281011,10.893498,0.301674,5.142917,0.179821,0.659444,0.107854,220.876587,-0.866025,-0.500000
2011,8,35.000000,160.000000,37.500000,162.500000,15384.700000,0.062530,9.026045,0.813406,9.901981,23.977934,0.397426,10.840811,0.330272,4.985584,0.269252,0.605000,0.138897,225.658356,-0.866025,-0.500000
2011,8,35.000000,165.000000,37.500000,167.500000,14213.140000,0.107506,8.606543,0.291913,9.005962,24.183452,0.435721,10.714880,0.218552,4.838374,0.168496,0.517500,0.129119,224.966232,-0.866025,-0.500000
2011,8,35.000000,170.000000,37.500000,172.500000,1724.660000,0.020294,0.949173,0.026672,0.996138,24.293518,0.500168,10.717380,0.258060,3.784851,0.230472,0.534722,0.169823,225.971008,-0.866025,-0.500000
2011,8,-35.000000,-135.000000,-32.500000,-132.500000,2292.170000,0.148331,0.568893,54.207585,54.924809,,,,,,,,,,-0.866025,-0.500000
2011,8,-35.000000,150.000000,-32.500000,152.500000,1900.280000,43.433599,1.692908,4.093081,49.219589,19.033641,0.458024,83.737617,0.355754,88.973302,0.246156,0.518608,0.490449,222.029022,-0.866025,-0.500000
2011,8,-35.000000,170.000000,-32.500000,172.500000,2620.180000,0.033585,11.624774,12.201833,23.860193,17.264370,0.362288,95.600301,0.142787,68.523529,0.098056,0.528476,0.389817,236.593552,-0.866025,-0.500000
2011,8,-35.000000,175.000000,-32.500000,177.500000,8298.990000,0.066996,16.999177,10.355477,27.421650,17.138438,0.367847,90.036135,0.142239,4.335812,0.080711,0.549722,0.375541,236.501312,-0.866025,-0.500000
2011,8,40.000000,150.000000,42.500000,152.500000,1825.390000,0.000000,0.000000,0.000000,0.000000,16.955560,-0.056794,10.545587,0.164908,6.875247,0.129208,0.776667,0.275277,244.676575,-0.866025,-0.500000
2011,8,40.000000,155.000000,42.500000,157.500000,1324.760000,0.000000,0.000000,0.000000,0.000000,16.823693,-0.040767,10.565890,0.120772,7.064859,0.116576,0.815556,0.318286,251.328766,-0.866025,-0.500000
2011,8,40.000000,160.000000,42.500000,162.500000,1344.780000,0.698999,0.748078,0.104106,1.551183,16.244696,0.003565,10.595730,0.137529,7.406348,0.089781,0.683056,0.336393,257.060822,-0.866025,-0.500000
2011,8,40.000000,165.000000,42.500000,167.500000,2663.910000,0.000000,1.040951,0.103232,1.144183,16.324564,0.031163,10.767694,0.183161,7.526077,0.164353,0.757222,0.313741,258.617767,-0.866025,-0.500000
2011,8,40.000000,170.000000,42.500000,172.500000,2263.330000,0.000000,0.000000,0.000000,0.000000,17.053028,0.083970,10.730224,0.180696,5.592810,0.123673,0.855833,0.309720,259.010803,-0.866025,-0.500000
2011,8,40.000000,175.000000,42.500000,177.500000,1195.000000,0.000000,0.000000,0.000000,0.000000,18.008240,0.151592,10.663973,0.147629,7.741116,0.099135,0.843611,0.294637,254.888260,-0.866025,-0.500000
2011,8,-40.000000,175.000000,-37.500000,177.500000,1057.390000,0.000000,1.106498,8.104862,9.211360,,,,,,,,,,-0.866025,-0.500000
2011,9,0.000000,120.000000,2.500000,122.500000,24516.560000,13.714200,3.195799,0.000000,16.909999,29.408044,0.589384,12.565822,0.183765,133.972614,0.017843,0.138113,0.108664,201.168488,-1.000000,-0.000000
2011,9,0.000000,125.000000,2.500000,127.500000,32233.890000,13.869967,3.040030,0.000000,16.909998,28.750658,0.621457,15.793837,0.392716,131.242543,0.060761,0.212039,0.168938,201.385605,-1.000000,-0.000000
2011,9,0.000000,130.000000,2.500000,132.500000,10402.460000,13.531799,5.212325,0.076905,18.821029,29.145451,0.692903,16.573739,0.479401,115.905808,0.025158,0.021395,0.146708,201.402924,-1.000000,-0.000000
2011,9,0.000000,135.000000,2.500000,137.500000,4538.380000,8.535645,21.331400,0.109510,29.976556,29.271869,0.685520,15.339155,0.505375,0.956792,0.031205,0.000278,0.127219,201.387283,-1.000000,-0.000000
2011,9,0.000000,140.000000,2.500000,142.500000,1862.680000,8.532330,22.929328,0.089656,31.551313,29.276098,0.712496,13.508298,0.466910,0.981765,0.020176,0.006944,0.125673,201.037094,-1.000000,-0.000000
2011,9,0.000000,145.000000,2.500000,147.500000,3921.600000,10.437322,29.312525,0.254998,40.004845,29.511627,0.701580,14.883623,0.513165,0.471111,0.024805,0.000000,0.120194,201.112122,-1.000000,-0.000000
2011,9,0.000000,150.000000,2.500000,152.500000,2002.170000,3.317900,20.477282,0.355115,24.150297,29.607734,0.711302,16.338763,0.445233,0.372216,0.024421,0.000000,0.100745,199.805405,-1.000000,-0.000000
2011,9,0.000000,155.000000,2.500000,157.500000,6161.790000,4.335104,12.639509,0.210978,17.185591,29.585515,0.710630,21.987570,0.440813,0.463499,0.019761,0.000000,0.109492,198.605942,-1.000000,-0.000000
2011,9,0.000000,-155.000000,2.500000,-152.500000,10121.130000,1.682026,27.106361,0.019069,28.807455,,,,,,,,,,-1.000000,-0.000000
2011,9,0.000000,160.000000,2.500000,162.500000,5839.670000,3.420912,10.588612,0.112849,14.122373,29.456963,0.694674,27.790580,0.407181,0.323807,0.021680,0.000000,0.117191,198.842484,-1.000000,-0.000000
2011,9,0.000000,-160.000000,2.500000,-157.500000,1893.410000,6.939860,14.180236,0.031161,21.151256,,,,,,,,,,-1.000000,-0.000000
2011,9,0.000000,165.000000,2.500000,167.500000,8707.120000,7.813720,17.718832,0.096702,25.629255,29.228542,0.680590,24.320488,0.407617,92.932863,0.030036,0.002779,0.167053,198.272903,-1.000000,-0.000000
2011,9,0.000000,-165.000000,2.500000,-162.500000,1545.240000,14.597085,15.834433,0.135254,30.566773,,,,,,,,,,-1.000000,-0.000000
2011,9,0.000000,170.000000,2.500000,172.500000,3441.520000,10.487808,12.116158,0.063344,22.667310,28.850105,0.665020,27.986488,0.488366,130.041672,0.036891,0.033491,0.230240,198.864456,-1.000000,-0.000000
2011,9,0.000000,-170.000000,2.500000,-167.500000,2606.450000,7.535921,12.982409,0.021869,20.540198,,,,,,,,,,-1.000000,-0.000000
2011,9,5.000000,115.000000,7.500000,117.500000,2534.700000,30.336529,0.221722,0.000000,30.558251,29.414595,0.760662,17.203789,0.177575,138.400750,0.019711,0.235415,0.102876,200.491348,-1.000000,-0.000000
2011,9,5.000000,120.000000,7.500000,122.500000,1164.500000,29.398025,0.442250,0.000000,29.840275,29.347060,0.692591,13.668038,0.190427,133.337244,0.038434,0.165921,0.107859,200.457306,-1.000000,-0.000000
2011,9,5.000000,130.000000,7.500000,132.500000,3587.250000,4.037076,17.931563,0.003903,21.972542,29.204645,0.692982,19.951306,0.317380,131.529129,0.063530,0.015886,0.091900,200.758469,-1.000000,-0.000000
2011,9,5.000000,135.000000,7.500000,137.500000,2992.890000,3.683396,13.628967,0.013031,17.325395,29.324323,0.693272,19.819544,0.181795,131.866500,0.068842,0.006954,0.096022,200.295517,-1.000000,-0.000000
2011,9,5.000000,145.000000,7.500000,147.500000,1730.340000,7.489280,21.261717,1.612978,30.363975,29.590884,0.692581,19.461273,0.136179,0.398474,0.025565,0.000000,0.088352,199.564072,-1.000000,-0.000000
2011,9,5.000000,155.000000,7.500000,157.500000,1817.450000,2.893615,12.647391,0.250351,15.791356,29.575676,0.662942,17.774254,0.157273,125.716334,0.021746,0.003336,0.078058,198.452835,-1.000000,-0.000000
2011,9,5.000000,-155.000000,7.500000,-152.500000,2597.710000,6.935339,19.579553,0.189783,26.704675,,,,,,,,,,-1.000000,-0.000000
2011,9,5.000000,160.000000,7.500000,162.500000,1207.930000,4.789185,25.860770,3.271713,33.921668,29.346305,0.640656,21.286916,0.130825,0.517275,0.020261,0.000000,0.068962,198.410919,-1.000000,-0.000000
2011,9,5.000000,-160.000000,7.500000,-157.500000,1771.460000,1.958272,4.272182,16.381967,22.612421,,,,,,,,,,-1.000000,-0.000000
2011,9,5.000000,165.000000,7.500000,167.500000,7683.990000,3.283450,9.855687,0.193910,13.333047,29.102092,0.629161,21.617913,0.178602,130.581156,0.036165,0.041643,0.075458,199.142609,-1.000000,-0.000000
2011,9,5.000000,-165.000000,7.500000,-162.500000,1033.490000,11.676939,2.441243,30.306050,44.424232,,,,,,,,,,-1.000000,-0.000000
2011,9,5.000000,170.000000,7.500000,172.500000,2014.280000,5.566753,5.691860,0.090851,11.349465,28.915634,0.608172,25.544380,0.186703,130.869738,0.045953,0.027848,0.127662,200.648575,-1.000000,-0.000000
2011,9,5.000000,-180.000000,7.500000,-177.500000,1163.070000,7.318562,0.162501,10.510115,17.991179,,,,,,,,,,-1.000000,-0.000000
2011,9,-5.000000,120.000000,-2.500000,122.500000,30869.310000,14.364850,2.545149,0.000000,16.909999,28.082173,0.533061,15.389051,0.168102,132.029974,0.020154,0.355020,0.136416,202.313690,-1.000000,-0.000000
2011,9,-5.000000,125.000000,-2.500000,127.500000,46303.960000,14.364862,2.545139,0.000000,16.910001,27.901348,0.538154,15.275743,0.275607,128.379646,0.030860,0.350464,0.210758,202.421936,-1.000000,-0.000000
2011,9,-5.000000,130.000000,-2.500000,132.500000,15434.650000,14.364887,2.545118,0.000000,16.910004,27.828157,0.575119,15.598974,0.243829,130.329296,0.072686,0.467935,0.257388,202.620285,-1.000000,-0.000000
2011,9,-5.000000,145.000000,-2.500000,147.500000,1832.260000,24.753037,0.363486,0.000000,25.116523,29.329334,0.717901,15.589938,0.552082,128.318138,0.019706,0.056459,0.196798,201.231979,-1.000000,-0.000000
2011,9,-5.000000,150.000000,-2.500000,152.500000,1719.630000,19.926380,0.000000,0.000000,19.926380,29.458885,0.727482,19.036692,0.499834,131.284576,0.026589,0.081160,0.177505,200.515213,-1.000000,-0.000000
2011,9,-5.000000,155.000000,-2.500000,157.500000,1270.720000,7.531163,6.554552,0.446204,14.531919,29.534911,0.734336,29.979647,0.534860,0.498976,0.040659,0.000000,0.154201,200.317307,-1.000000,-0.000000
2011,9,-5.000000,-155.000000,-2.500000,-152.500000,8778.220000,4.977888,14.288318,0.393702,19.659908,,,,,,,,,,-1.000000,-0.000000
2011,9,-5.000000,160.000000,-2.500000,162.500000,6200.780000,4.471534,13.127381,0.371889,17.970804,29.262517,0.712358,38.770038,0.539912,0.184762,0.043339,0.000000,0.152426,200.244476,-1.000000,-0.000000
2011,9,-5.000000,-160.000000,-2.500000,-157.500000,5769.600000,4.699979,20.465370,0.158417,25.323766,,,,,,,,,,-1.000000,-0.000000
2011,9,-5.000000,165.000000,-2.500000,167.500000,7404.740000,7.884139,14.297464,0.747629,22.929232,28.893284,0.684308,45.258613,0.561661,0.166124,0.044727,0.000000,0.164863,199.946732,-1.000000,-0.000000
2011,9,-5.000000,-165.000000,-2.500000,-162.500000,4018.110000,6.107100,13.529246,8.754613,28.390960,,,,,,,,,,-1.000000,-0.000000
2011,9,-5.000000,170.000000,-2.500000,172.500000,11454.800000,8.750480,13.643363,0.576701,22.970545,28.543131,0.655423,47.933328,0.555765,127.063898,0.042120,0.017559,0.174341,200.814026,-1.000000,-0.000000
2011,9,-5.000000,-170.000000,-2.500000,-167.500000,6195.130000,2.699701,5.040088,3.875786,11.615575,,,,,,,,,,-1.000000,-0.000000
2011,9,-5.000000,175.000000,-2.500000,177.500000,7382.870000,10.720086,10.642745,0.146420,21.509250,28.311939,0.630632,50.381795,0.504853,89.845400,0.035939,0.001668,0.178631,201.350632,-1.000000,-0.000000
2011,9,-5.000000,-175.000000,-2.500000,-172.500000,1739.710000,11.941645,12.120411,0.511005,24.573061,,,,,,,,,,-1.000000,-0.000000
2011,9,-5.000000,-180.000000,-2.500000,-177.500000,2580.610000,11.160540,10.213864,0.684334,22.058738,,,,,,,,,,-1.000000,-0.000000
2011,9,10.000000,110.000000,12.500000,112.500000,20501.580000,10.747123,3.479390,0.000000,14.226513,28.908501,0.676644,16.889283,0.364481,3.194301,0.128110,0.100833,0.136718,202.727112,-1.000000,-0.000000
2011,9,10.000000,115.000000,12.500000,117.500000,21688.350000,10.918304,3.429906,0.000000,14.348210,28.787294,0.744482,21.471686,0.181628,131.170485,0.037506,0.039444,0.085841,201.139465,-1.000000,-0.000000
2011,9,10.000000,130.000000,12.500000,132.500000,24910.560000,0.714316,0.739606,0.467191,1.921113,29.330060,0.856721,19.937150,0.091308,0.365606,0.030458,0.000000,0.088628,199.723297,-1.000000,-0.000000
2011,9,10.000000,135.000000,12.500000,137.500000,1010.930000,6.458410,5.100254,0.762664,12.321328,29.399920,0.868804,20.549470,0.120208,118.002991,0.028188,0.004726,0.088524,199.240326,-1.000000,-0.000000
2011,9,10.000000,155.000000,12.500000,157.500000,1038.540000,2.158800,1.887265,1.251757,5.297822,29.298077,0.794072,21.128050,0.152216,0.494557,0.042340,0.000000,0.084405,199.173340,-1.000000,-0.000000
2011,9,10.000000,-165.000000,12.500000,-162.500000,2309.180000,1.514823,0.257234,0.025550,1.797608,,,,,,,,,,-1.000000,-0.000000
2011,9,10.000000,-170.000000,12.500000,-167.500000,1027.480000,2.262818,0.246234,0.000000,2.509051,,,,,,,,,,-1.000000,-0.000000
2011,9,10.000000,-180.000000,12.500000,-177.500000,3375.730000,2.298170,0.978751,0.000000,3.276921,,,,,,,,,,-1.000000,-0.000000
2011,9,-10.000000,-135.000000,-7.500000,-132.500000,9619.480000,11.271399,16.732297,0.841522,28.845218,,,,,,,,,,-1.000000,-0.000000
2011,9,-10.000000,-140.000000,-7.500000,-137.500000,3222.640000,13.174602,20.656977,0.227143,34.058722,,,,,,,,,,-1.000000,-0.000000
2011,9,-10.000000,145.000000,-7.500000,147.500000,1427.530000,30.913536,0.813993,1.027649,32.755179,27.157962,0.711925,15.638082,0.240977,128.719691,0.026532,0.399602,0.293025,205.407074,-1.000000,-0.000000
2011,9,-10.000000,150.000000,-7.500000,152.500000,3947.380000,24.716141,0.788371,0.317679,25.822191,28.404250,0.712684,16.285721,0.289152,129.246336,0.050244,0.289355,0.327731,201.862930,-1.000000,-0.000000
2011,9,-10.000000,-150.000000,-7.500000,-147.500000,16879.700000,3.188505,18.010984,2.838202,24.037690,,,,,,,,,,-1.000000,-0.000000
2011,9,-10.000000,155.000000,-7.500000,157.500000,8342.540000,19.340393,3.587517,0.776982,23.704891,28.918986,0.762034,24.706749,0.170436,131.016155,0.043753,0.156064,0.397347,200.848679,-1.000000,-0.000000
2011,9,-10.000000,-155.000000,-7.500000,-152.500000,13406.640000,4.483152,13.371359,4.342773,22.197284,,,,,,,,,,-1.000000,-0.000000
2011,9,-10.000000,160.000000,-7.500000,162.500000,8290.690000,8.893590,9.971908,6.264255,25.129754,29.166911,0.816221,34.293118,0.189724,130.630954,0.024387,0.039966,0.187425,199.865433,-1.000000,-0.000000
2011,9,-10.000000,-160.000000,-7.500000,-157.500000,9180.660000,5.132964,15.635586,5.543066,26.311616,,,,,,,,,,-1.000000,-0.000000
2011,9,-10.000000,165.000000,-7.500000,167.500000,11528.470000,9.452425,7.084982,2.971079,19.508486,29.030132,0.806799,47.482352,0.158007,0.505677,0.022434,0.000000,0.143774,200.123749,-1.000000,-0.000000
2011,9,-10.000000,-165.000000,-7.500000,-162.500000,4096.590000,8.886659,14.115887,5.777488,28.780034,,,,,,,,,,-1.000000,-0.000000
2011,9,-10.000000,170.000000,-7.500000,172.500000,9769.130000,10.964538,6.423602,3.518123,20.906263,28.839429,0.777595,57.608945,0.176085,0.317205,0.023396,0.000000,0.145852,200.299591,-1.000000,-0.000000
2011,9,-10.000000,-170.000000,-7.500000,-167.500000,7758.510000,8.162263,14.409597,6.493773,29.065632,,,,,,,,,,-1.000000,-0.000000
2011,9,-10.000000,175.000000,-7.500000,177.500000,2267.740000,8.645171,9.658515,2.184995,20.488680,28.600640,0.750609,65.233020,0.178053,0.192615,0.021139,0.000000,0.152637,201.111389,-1.000000,-0.000000
2011,9,-10.000000,-175.000000,-7.500000,-172.500000,5712.930000,15.371622,14.774555,7.193507,37.339684,,,,,,,,,,-1.000000,-0.000000
2011,9,-10.000000,-180.000000,-7.500000,-177.500000,6479.780000,8.554766,11.657958,4.330394,24.543117,,,,,,,,,,-1.000000,-0.000000
2011,9,15.000000,110.000000,17.500000,112.500000,20501.580000,10.747123,3.479390,0.000000,14.226513,29.329461,0.639476,13.795520,0.149264,130.041443,0.089817,0.080185,0.096286,200.210953,-1.000000,-0.000000
2011,9,15.000000,115.000000,17.500000,117.500000,25298.090000,10.787178,2.921564,0.000000,13.708742,29.244167,0.695566,14.854141,0.129523,130.555657,0.045420,0.031476,0.084164,199.778168,-1.000000,-0.000000
2011,9,15.000000,120.000000,17.500000,122.500000,1118.430000,7.597257,0.125175,0.137693,7.860125,29.235832,0.855079,15.571555,0.246410,132.899099,0.100821,0.103891,0.121506,199.004776,-1.000000,-0.000000
2011,9,15.000000,125.000000,17.500000,127.500000,1243.320000,1.290899,0.441560,3.076440,4.808899,29.366743,0.919552,22.379690,0.138157,0.662451,0.057908,0.003889,0.086150,198.561951,-1.000000,-0.000000
2011,9,15.000000,130.000000,17.500000,132.500000,3072.010000,2.809561,0.536131,9.308889,12.654581,29.259277,0.956079,23.192458,0.140859,1.111368,0.057254,0.043333,0.086128,199.068726,-1.000000,-0.000000
2011,9,15.000000,135.000000,17.500000,137.500000,1673.870000,0.464194,0.016728,0.862074,1.342996,29.005449,0.919837,21.588159,0.176801,1.038025,0.070629,0.015278,0.082849,199.106995,-1.000000,-0.000000
2011,9,15.000000,140.000000,17.500000,142.500000,3469.110000,2.408687,0.357152,4.075685,6.841524,29.046242,0.923110,22.349850,0.098096,0.683851,0.034846,0.005833,0.082653,199.066208,-1.000000,-0.000000
2011,9,15.000000,145.000000,17.500000,147.500000,1275.550000,7.000902,0.029007,0.107405,7.137313,29.185867,0.927081,20.458811,0.176935,93.236751,0.079840,0.013341,0.083769,198.740067,-1.000000,-0.000000
2011,9,15.000000,150.000000,17.500000,152.500000,5609.030000,4.630925,0.418789,5.029034,10.078748,29.076366,0.920357,24.576726,0.238569,0.783331,0.104683,0.010278,0.080639,198.906067,-1.000000,-0.000000
2011,9,15.000000,155.000000,17.500000,157.500000,8916.880000,3.677407,0.418868,1.895618,5.991894,29.005333,0.918551,30.497402,0.161071,0.586941,0.066795,0.001667,0.074247,199.235275,-1.000000,-0.000000
2011,9,15.000000,160.000000,17.500000,162.500000,2616.480000,1.801657,2.475463,22.917813,27.194934,28.819231,0.854815,34.514274,0.119570,0.417805,0.050856,0.000000,0.068808,199.606979,-1.000000,-0.000000
2011,9,15.000000,-160.000000,17.500000,-157.500000,2141.800000,4.737604,8.178168,0.547670,13.463442,,,,,,,,,,-1.000000,-0.000000
2011,9,15.000000,-165.000000,17.500000,-162.500000,2004.630000,3.825644,6.939435,2.004360,12.769439,,,,,,,,,,-1.000000,-0.000000
2011,9,-15.000000,-135.000000,-12.500000,-132.500000,8163.400000,3.911483,9.927359,5.090771,18.929613,,,,,,,,,,-1.000000,-0.000000
2011,9,-15.000000,-140.000000,-12.500000,-137.500000,1368.320000,4.533296,29.865090,3.119153,37.517540,,,,,,,,,,-1.000000,-0.000000
2011,9,-15.000000,145.000000,-12.500000,147.500000,1129.550000,24.739941,1.289894,3.117171,29.147005,25.437009,0.688706,39.174838,0.232926,115.509643,0.053594,0.208509,0.195736,208.127502,-1.000000,-0.000000
2011,9,-15.000000,-145.000000,-12.500000,-142.500000,1178.700000,1.101213,6.248409,10.623568,17.973191,,,,,,,,,,-1.000000,-0.000000
2011,9,-15.000000,150.000000,-12.500000,152.500000,1905.180000,34.499102,0.637210,0.707020,35.843332,26.904806,0.761459,33.790850,0.232302,121.688166,0.049742,0.252400,0.224191,204.795654,-1.000000,-0.000000
2011,9,-15.000000,-150.000000,-12.500000,-147.500000,4682.090000,1.895948,9.274918,8.152342,19.323208,,,,,,,,,,-1.000000,-0.000000
2011,9,-15.000000,155.000000,-12.500000,157.500000,6075.070000,5.110558,2.016931,13.060426,20.187916,27.876678,0.799710,38.919833,0.236252,1.715432,0.072157,0.082500,0.182246,202.724396,-1.000000,-0.000000
2011,9,-15.000000,-155.000000,-12.500000,-152.500000,6434.660000,3.262643,18.104298,8.837763,30.204704,,,,,,,,,,-1.000000,-0.000000
2011,9,-15.000000,160.000000,-12.500000,162.500000,13224.780000,2.912941,3.194306,11.913393,18.020640,27.893116,0.834665,35.868173,0.172584,127.821473,0.038240,0.193984,0.118816,202.272400,-1.000000,-0.000000
2011,9,-15.000000,-160.000000,-12.500000,-157.500000,13185.600000,4.108421,5.328844,36.688054,46.125319,,,,,,,,,,-1.000000,-0.000000
2011,9,-15.000000,165.000000,-12.500000,167.500000,3776.880000,2.113914,1.410688,15.092881,18.617483,28.168963,0.860974,40.740679,0.122126,122.064298,0.021101,0.131770,0.078231,201.837830,-1.000000,-0.000000
2011,9,-15.000000,-165.000000,-12.500000,-162.500000,11090.510000,3.598482,2.787969,32.712112,39.098563,,,,,,,,,,-1.000000,-0.000000
2011,9,-15.000000,170.000000,-12.500000,172.500000,9379.100000,2.952096,1.824162,17.673551,22.449809,28.286492,0.861528,43.498161,0.110616,1.292829,0.018260,0.100556,0.082657,201.109741,-1.000000,-0.000000
2011,9,-15.000000,-170.000000,-12.500000,-167.500000,7314.540000,2.814121,1.680078,23.059413,27.553612,,,,,,,,,,-1.000000,-0.000000
2011,9,-15.000000,175.000000,-12.500000,177.500000,5290.400000,4.170195,1.572093,18.084833,23.827121,28.281087,0.829391,49.895053,0.121889,0.876529,0.028497,0.023889,0.115979,200.663651,-1.000000,-0.000000
2011,9,-15.000000,-175.000000,-12.500000,-172.500000,7598.730000,4.533258,1.402734,19.451540,25.387532,,,,,,,,,,-1.000000,-0.000000
2011,9,-15.000000,-180.000000,-12.500000,-177.500000,1348.410000,3.150377,3.788907,18.340861,25.280145,,,,,,,,,,-1.000000,-0.000000
2011,9,20.000000,115.000000,22.500000,117.500000,1461.970000,8.805242,0.179210,0.000000,8.984452,28.824229,0.710011,14.956528,0.177212,128.814988,0.088716,0.329277,0.230385,202.259872,-1.000000,-0.000000
2011,9,20.000000,120.000000,22.500000,122.500000,1217.880000,1.300621,3.279469,2.080665,6.660755,28.927206,0.952056,20.999759,0.289466,130.598831,0.168763,0.098742,0.117257,199.615723,-1.000000,-0.000000
2011,9,20.000000,125.000000,22.500000,127.500000,2263.150000,0.800212,4.276782,4.487109,9.564103,29.163490,1.066393,22.808261,0.276287,91.960262,0.144891,0.113674,0.083382,198.691879,-1.000000,-0.000000
2011,9,20.000000,135.000000,22.500000,137.500000,1497.940000,0.022698,0.063420,0.785078,0.871196,27.992772,0.923399,18.257742,0.201434,1.145858,0.135126,0.145556,0.078353,202.046158,-1.000000,-0.000000
2011,9,20.000000,140.000000,22.500000,142.500000,1337.200000,13.997906,3.760844,3.748130,21.506880,28.052023,0.927460,16.613382,0.226638,55.690974,0.106082,0.174771,0.075724,202.115799,-1.000000,-0.000000
2011,9,20.000000,145.000000,22.500000,147.500000,4830.590000,3.772210,0.102886,0.361240,4.236336,28.341352,0.866519,18.970561,0.146462,1.206279,0.065119,0.065833,0.076770,200.479782,-1.000000,-0.000000
2011,9,20.000000,150.000000,22.500000,152.500000,3757.710000,4.023993,0.419937,0.829495,5.273425,28.175069,0.841005,21.715446,0.184930,0.963539,0.092645,0.044444,0.076129,201.041229,-1.000000,-0.000000
2011,9,20.000000,155.000000,22.500000,157.500000,4182.610000,1.708503,0.148950,0.378950,2.236403,28.157850,0.865885,27.780958,0.135820,1.300882,0.059677,0.051667,0.073558,200.903793,-1.000000,-0.000000
2011,9,20.000000,-155.000000,22.500000,-152.500000,4922.940000,1.315677,9.536984,0.942526,11.795187,,,,,,,,,,-1.000000,-0.000000
2011,9,20.000000,160.000000,22.500000,162.500000,2867.130000,1.662289,0.390635,0.132537,2.185461,28.309920,0.824699,29.056250,0.149558,0.638800,0.086337,0.008611,0.075767,200.896713,-1.000000,-0.000000
2011,9,-20.000000,-135.000000,-17.500000,-132.500000,4702.420000,2.265217,9.102760,11.034956,22.402933,,,,,,,,,,-1.000000,-0.000000
2011,9,-20.000000,-145.000000,-17.500000,-142.500000,1421.630000,1.054423,2.986712,15.980951,20.022087,,,,,,,,,,-1.000000,-0.000000
2011,9,-20.000000,-150.000000,-17.500000,-147.500000,5434.960000,1.406266,2.430009,13.768823,17.605097,,,,,,,,,,-1.000000,-0.000000
2011,9,-20.000000,155.000000,-17.500000,157.500000,4793.400000,3.689657,2.623607,41.341636,47.654900,25.026783,0.752537,36.407778,0.184013,3.670170,0.071141,0.521389,0.079844,213.045685,-1.000000,-0.000000
2011,9,-20.000000,-155.000000,-17.500000,-152.500000,5742.740000,2.072530,2.829137,17.676057,22.577724,,,,,,,,,,-1.000000,-0.000000
2011,9,-20.000000,160.000000,-17.500000,162.500000,3909.350000,3.509791,2.065049,25.267883,30.842723,25.272740,0.729285,32.533292,0.132781,47.346111,0.056289,0.469853,0.076424,211.259399,-1.000000,-0.000000
2011,9,-20.000000,-160.000000,-17.500000,-157.500000,1479.310000,3.380630,2.309861,41.056303,46.746794,,,,,,,,,,-1.000000,-0.000000
2011,9,-20.000000,165.000000,-17.500000,167.500000,26062.130000,2.444159,1.748974,17.260140,21.453273,25.953333,0.799467,31.147196,0.134827,120.692511,0.062164,0.477514,0.072870,209.755432,-1.000000,-0.000000
2011,9,-20.000000,-165.000000,-17.500000,-162.500000,1003.070000,0.556292,1.472479,17.081560,19.110331,,,,,,,,,,-1.000000,-0.000000
2011,9,-20.000000,170.000000,-17.500000,172.500000,13876.650000,2.189217,0.639996,19.277131,22.106344,26.142225,0.815751,34.521734,0.129863,2.721182,0.054478,0.358611,0.070947,208.514206,-1.000000,-0.000000
2011,9,-20.000000,-170.000000,-17.500000,-167.500000,6509.910000,4.026784,1.344258,21.935173,27.306215,,,,,,,,,,-1.000000,-0.000000
2011,9,-20.000000,175.000000,-17.500000,177.500000,8948.330000,2.266121,1.882586,12.703823,16.852530,26.177391,0.833807,33.747692,0.084202,121.268332,0.038457,0.361233,0.086671,208.179855,-1.000000,-0.000000
2011,9,-20.000000,-180.000000,-17.500000,-177.500000,6884.920000,5.270795,1.325796,12.610895,19.207485,,,,,,,,,,-1.000000,-0.000000
2011,9,25.000000,135.000000,27.500000,137.500000,2480.950000,0.557851,0.113263,0.000000,0.671114,27.407540,1.105310,28.253274,0.177802,1.028590,0.122257,0.068333,0.089176,203.212601,-1.000000,-0.000000
2011,9,25.000000,145.000000,27.500000,147.500000,8668.140000,2.083723,0.270069,0.063105,2.416897,27.849142,1.024341,22.786901,0.162822,1.116755,0.072286,0.041667,0.084505,202.971039,-1.000000,-0.000000
2011,9,25.000000,150.000000,27.500000,152.500000,5172.070000,0.898866,0.360591,0.030162,1.289619,27.481862,0.965327,20.386916,0.123875,1.075201,0.052387,0.116389,0.079453,204.163513,-1.000000,-0.000000
2011,9,25.000000,155.000000,27.500000,157.500000,5692.160000,2.515741,0.213979,0.103300,2.833019,27.508421,0.898660,21.197056,0.151083,1.055945,0.088723,0.078889,0.078577,204.010162,-1.000000,-0.000000
2011,9,25.000000,-155.000000,27.500000,-152.500000,3290.700000,2.025101,11.659829,0.538791,14.223721,,,,,,,,,,-1.000000,-0.000000
2011,9,25.000000,160.000000,27.500000,162.500000,3778.150000,1.300637,0.460808,0.019057,1.780501,27.847382,0.884743,25.193370,0.132489,1.335956,0.051397,0.037222,0.078387,203.788422,-1.000000,-0.000000
2011,9,25.000000,165.000000,27.500000,167.500000,1433.850000,0.751125,0.466576,0.036266,1.253967,27.749113,0.823766,23.447202,0.116661,1.286299,0.046791,0.058333,0.079461,204.468750,-1.000000,-0.000000
2011,9,25.000000,175.000000,27.500000,177.500000,1203.860000,5.267224,0.972704,0.000000,6.239928,27.725231,0.728746,20.762464,0.107418,1.146195,0.053830,0.078056,0.081560,204.771606,-1.000000,-0.000000
2011,9,-25.000000,155.000000,-22.500000,157.500000,1029.540000,7.008955,0.557531,44.753968,52.320454,22.194398,0.628873,30.809577,0.147173,45.794488,0.074079,0.412615,0.210200,221.755325,-1.000000,-0.000000
2011,9,-25.000000,165.000000,-22.500000,167.500000,4346.750000,2.889285,0.511187,15.988267,19.388739,22.827461,0.639372,28.746678,0.141918,109.185987,0.065189,0.440614,0.110647,219.777328,-1.000000,-0.000000
2011,9,-25.000000,170.000000,-22.500000,172.500000,1657.760000,0.977222,0.451211,18.818767,20.247201,23.255218,0.674922,31.096625,0.188079,2.801277,0.069602,0.577778,0.082123,219.090073,-1.000000,-0.000000
2011,9,-25.000000,175.000000,-22.500000,177.500000,8688.830000,0.818752,0.710913,15.989264,17.518929,23.373072,0.730100,33.911576,0.145238,2.252366,0.051180,0.426944,0.065398,218.946503,-1.000000,-0.000000
2011,9,30.000000,145.000000,32.500000,147.500000,3314.150000,0.206991,0.053407,0.011768,0.272166,27.527544,1.188360,21.293528,0.222262,0.867219,0.120477,0.018889,0.095823,204.237000,-1.000000,-0.000000
2011,9,30.000000,150.000000,32.500000,152.500000,2823.330000,0.621606,2.498114,0.210036,3.329756,27.096004,1.018541,19.136208,0.281762,1.600856,0.163677,0.121389,0.092839,206.838440,-1.000000,-0.000000
2011,9,30.000000,155.000000,32.500000,157.500000,3870.770000,0.259380,1.621124,0.053736,1.934240,27.088207,0.904152,16.301335,0.314736,1.203246,0.192361,0.116389,0.091954,207.824966,-1.000000,-0.000000
2011,9,30.000000,160.000000,32.500000,162.500000,2298.030000,0.804167,0.610088,0.113576,1.527830,27.034195,0.746026,15.393071,0.333802,2.828473,0.270131,0.259167,0.087818,208.639694,-1.000000,-0.000000
2011,9,30.000000,170.000000,32.500000,172.500000,2118.060000,0.218596,4.745852,0.366845,5.331294,26.566027,0.694650,15.820160,0.234288,2.259968,0.171998,0.216111,0.084843,210.225433,-1.000000,-0.000000
2011,9,-30.000000,-140.000000,-27.500000,-137.500000,6936.000000,0.127018,0.067474,28.124279,28.318772,,,,,,,,,,-1.000000,-0.000000
2011,9,-30.000000,155.000000,-27.500000,157.500000,1952.430000,28.250949,5.092628,24.940203,58.283780,20.522704,0.556460,35.574157,0.217765,3.194959,0.102655,0.421944,0.353410,231.234085,-1.000000,-0.000000
2011,9,-30.000000,160.000000,-27.500000,162.500000,1263.400000,5.169384,2.366630,24.063638,31.599652,20.291499,0.562054,41.299005,0.227264,2.378645,0.126112,0.428333,0.287261,232.856949,-1.000000,-0.000000
2011,9,-30.000000,-160.000000,-27.500000,-157.500000,1789.000000,0.558971,0.000000,25.992174,26.551146,,,,,,,,,,-1.000000,-0.000000
2011,9,-30.000000,170.000000,-27.500000,172.500000,1822.360000,0.623916,2.696503,51.359775,54.680195,20.121658,0.503692,38.963576,0.183205,3.537778,0.121452,0.580000,0.167896,233.032486,-1.000000,-0.000000
2011,9,-30.000000,175.000000,-27.500000,177.500000,1488.590000,0.611317,5.484385,15.383685,21.479387,20.255491,0.501987,49.416293,0.155188,2.438035,0.081392,0.443333,0.102963,231.676895,-1.000000,-0.000000
2011,9,-30.000000,-175.000000,-27.500000,-172.500000,1161.740000,2.688209,2.088247,32.099265,36.875721,,,,,,,,,,-1.000000,-0.000000
2011,9,35.000000,145.000000,37.500000,147.500000,2872.710000,0.000000,0.265603,0.000000,0.265603,25.207228,0.159878,13.454806,0.392314,5.189980,0.319883,0.504167,0.107335,210.851028,-1.000000,-0.000000
2011,9,35.000000,150.000000,37.500000,152.500000,5101.710000,1.149419,15.675332,0.321265,17.146016,25.645599,0.435685,16.972234,0.367518,2.773810,0.351077,0.447222,0.097666,213.195374,-1.000000,-0.000000
2011,9,35.000000,155.000000,37.500000,157.500000,34957.690000,0.479666,20.650363,0.993115,22.123144,25.149867,0.339660,15.300286,0.324002,4.437443,0.255830,0.491667,0.091532,214.095963,-1.000000,-0.000000
2011,9,35.000000,160.000000,37.500000,162.500000,18094.310000,0.249029,19.242845,2.794083,22.285956,24.931371,0.437163,13.857099,0.266270,3.745695,0.241796,0.543611,0.089488,217.479370,-1.000000,-0.000000
2011,9,35.000000,165.000000,37.500000,167.500000,5241.290000,0.087383,9.928663,1.590639,11.606685,24.791190,0.514060,13.355748,0.247144,3.314271,0.210749,0.440000,0.084854,218.223679,-1.000000,-0.000000
2011,9,35.000000,170.000000,37.500000,172.500000,2762.360000,0.205621,11.455784,5.871791,17.533196,24.254423,0.505870,13.986040,0.217185,4.438498,0.200331,0.415000,0.106617,222.100388,-1.000000,-0.000000
2011,9,35.000000,175.000000,37.500000,177.500000,1852.770000,0.171095,2.578302,2.233952,4.983349,23.477420,0.506778,14.205816,0.247582,4.424674,0.226190,0.473333,0.115207,223.100357,-1.000000,-0.000000
2011,9,35.000000,-180.000000,37.500000,-177.500000,1158.980000,0.000000,0.209667,2.090631,2.300299,,,,,,,,,,-1.000000,-0.000000
2011,9,-35.000000,-135.000000,-32.500000,-132.500000,2743.980000,0.144316,1.211015,64.918841,66.274171,,,,,,,,,,-1.000000,-0.000000
2011,9,-35.000000,160.000000,-32.500000,162.500000,2393.500000,6.444119,6.884897,16.434510,29.763526,17.636926,0.340872,46.325404,0.189541,3.643811,0.096266,0.585278,0.459067,237.574997,-1.000000,-0.000000
2011,9,-35.000000,170.000000,-32.500000,172.500000,1264.910000,0.052178,11.305152,6.642370,17.999700,17.063055,0.352562,76.514388,0.133333,68.086032,0.105029,0.505863,0.405560,240.080139,-1.000000,-0.000000
2011,9,-35.000000,175.000000,-32.500000,177.500000,3779.150000,0.096053,13.283146,7.526031,20.905230,17.212246,0.361932,67.685395,0.139151,3.313033,0.079474,0.583611,0.409785,239.621857,-1.000000,-0.000000
2011,9,-35.000000,-175.000000,-32.500000,-172.500000,1185.250000,0.850453,19.789074,17.561696,38.201223,,,,,,,,,,-1.000000,-0.000000
2011,9,40.000000,155.000000,42.500000,157.500000,1883.980000,0.000000,0.000000,0.000000,0.000000,18.830123,0.012185,11.900227,0.116708,5.567194,0.120781,0.783056,0.229680,238.563553,-1.000000,-0.000000
2011,9,40.000000,160.000000,42.500000,162.500000,1446.240000,0.000000,0.265516,0.062922,0.328438,18.640864,0.058955,11.903025,0.129310,6.165162,0.094418,0.662778,0.271574,244.379807,-1.000000,-0.000000
2011,9,40.000000,170.000000,42.500000,172.500000,1550.280000,0.000000,0.047088,0.035477,0.082566,18.615863,0.123992,12.367245,0.157156,6.342965,0.139123,0.684444,0.278661,252.084610,-1.000000,-0.000000
2011,9,40.000000,175.000000,42.500000,177.500000,3940.850000,0.019793,0.018524,0.008120,0.046437,18.101949,0.166619,13.705990,0.123952,5.857269,0.098641,0.743056,0.264970,252.519592,-1.000000,-0.000000
2011,9,40.000000,-180.000000,42.500000,-177.500000,2708.050000,0.035450,0.000000,0.252580,0.288030,,,,,,,,,,-1.000000,-0.000000
2011,10,0.000000,120.000000,2.500000,122.500000,21816.410000,15.411564,3.591333,0.000000,19.002897,29.558919,0.610603,13.592577,0.185539,136.582602,0.017352,0.090937,0.109612,200.770294,-0.866025,0.500000
2011,10,0.000000,125.000000,2.500000,127.500000,28683.780000,15.586614,3.416286,0.000000,19.002900,29.425857,0.647631,13.812903,0.425611,134.030175,0.061672,0.158197,0.154687,201.232849,-0.866025,0.500000
2011,10,0.000000,130.000000,2.500000,132.500000,9907.180000,15.305667,5.243167,0.004744,20.553578,29.449641,0.728555,14.836414,0.511502,117.769005,0.024758,0.013337,0.136176,201.332581,-0.866025,0.500000
2011,10,0.000000,135.000000,2.500000,137.500000,2881.550000,9.157224,14.260034,0.277628,23.694886,29.568049,0.733020,14.840092,0.569399,0.326259,0.026285,0.000000,0.116798,200.991272,-0.866025,0.500000
2011,10,0.000000,150.000000,2.500000,152.500000,2279.680000,5.598593,16.372912,0.000000,21.971505,29.674694,0.746561,17.076378,0.492785,0.246748,0.025683,0.000000,0.130426,200.585052,-0.866025,0.500000
2011,10,0.000000,155.000000,2.500000,157.500000,5281.160000,3.780230,15.808269,0.244454,19.832953,29.614766,0.746220,15.914895,0.487891,0.193193,0.030785,0.000000,0.149382,200.016754,-0.866025,0.500000
2011,10,0.000000,160.000000,2.500000,162.500000,3119.910000,6.957252,7.802469,0.463154,15.222875,29.431874,0.736934,15.076229,0.565642,0.447145,0.044050,0.000000,0.180392,199.445160,-0.866025,0.500000
2011,10,0.000000,-160.000000,2.500000,-157.500000,1028.250000,13.035740,15.994165,0.000000,29.029905,,,,,,,,,,-0.866025,0.500000
2011,10,0.000000,165.000000,2.500000,167.500000,3415.690000,5.522164,13.551581,0.004684,19.078429,28.873902,0.706826,15.815934,0.479522,92.519232,0.045764,0.002779,0.211170,200.183380,-0.866025,0.500000
2011,10,0.000000,-165.000000,2.500000,-162.500000,3193.350000,15.417039,15.139587,1.314920,31.871546,,,,,,,,,,-0.866025,0.500000
2011,10,0.000000,170.000000,2.500000,172.500000,2270.610000,7.159750,11.267897,0.023782,18.451429,28.706221,0.695665,22.495967,0.529841,129.076050,0.047777,0.044097,0.225427,202.384171,-0.866025,0.500000
2011,10,0.000000,-170.000000,2.500000,-167.500000,2348.060000,10.685417,18.348765,0.242754,29.276935,,,,,,,,,,-0.866025,0.500000
2011,10,0.000000,175.000000,2.500000,177.500000,2355.430000,5.895739,15.855704,0.049672,21.801115,28.513124,0.679686,24.127129,0.520720,0.691493,0.052939,0.004167,0.186402,203.004440,-0.866025,0.500000
2011,10,0.000000,-175.000000,2.500000,-172.500000,3149.400000,7.542389,16.024957,0.074300,23.641646,,,,,,,,,,-0.866025,0.500000
2011,10,5.000000,115.000000,7.500000,117.500000,5682.140000,24.927580,0.504563,0.000000,25.432144,29.341817,0.776194,16.417838,0.119385,136.157320,0.017556,0.151338,0.104945,200.726044,-0.866025,0.500000
2011,10,5.000000,120.000000,7.500000,122.500000,1155.360000,17.298504,0.000000,0.000000,17.298504,29.440617,0.707221,13.632004,0.180353,133.391976,0.032912,0.154561,0.110247,200.451263,-0.866025,0.500000
2011,10,5.000000,130.000000,7.500000,132.500000,3546.190000,3.869787,23.631841,0.012126,27.513754,29.459728,0.660855,18.285504,0.337574,132.459460,0.055517,0.007804,0.093315,200.545380,-0.866025,0.500000
2011,10,5.000000,135.000000,7.500000,137.500000,1549.990000,1.459364,10.099420,0.024516,11.583301,29.593196,0.673913,15.828114,0.161827,132.802335,0.031438,0.006954,0.096696,200.463867,-0.866025,0.500000
2011,10,5.000000,140.000000,7.500000,142.500000,3099.250000,4.752440,36.722110,0.482375,41.956925,29.719491,0.676602,16.461897,0.157062,0.521041,0.023287,0.000000,0.092348,200.201401,-0.866025,0.500000
2011,10,5.000000,145.000000,7.500000,147.500000,1082.540000,3.698709,19.002531,1.181481,23.882720,29.735067,0.674429,16.632970,0.152618,0.460753,0.017768,0.000000,0.088964,199.767929,-0.866025,0.500000
2011,10,5.000000,155.000000,7.500000,157.500000,3633.990000,4.262532,18.727074,0.057513,23.047119,29.509630,0.675526,18.518296,0.175903,125.945216,0.042869,0.010008,0.076378,198.837173,-0.866025,0.500000
2011,10,5.000000,165.000000,7.500000,167.500000,9019.640000,5.341677,10.924937,0.168632,16.435246,29.161501,0.701362,21.104674,0.225113,131.277219,0.076845,0.041643,0.084109,199.249176,-0.866025,0.500000
2011,10,5.000000,-165.000000,7.500000,-162.500000,3903.310000,3.159370,3.966633,8.648557,15.774561,,,,,,,,,,-0.866025,0.500000
2011,10,-5.000000,120.000000,-2.500000,122.500000,27469.490000,16.142746,2.860155,0.000000,19.002901,29.276273,0.581715,12.083492,0.142857,135.802477,0.010535,0.297590,0.117064,201.924545,-0.866025,0.500000
2011,10,-5.000000,125.000000,-2.500000,127.500000,41204.240000,16.142756,2.860143,0.000000,19.002899,29.171708,0.583648,12.016498,0.298327,132.368974,0.024794,0.192879,0.137142,202.115967,-0.866025,0.500000
2011,10,-5.000000,130.000000,-2.500000,132.500000,13734.750000,16.142777,2.860118,0.000000,19.002894,29.137360,0.631975,12.801865,0.251824,135.749495,0.059420,0.320645,0.146508,201.417816,-0.866025,0.500000
2011,10,-5.000000,135.000000,-2.500000,137.500000,1979.670000,17.287730,1.361338,0.275298,18.924366,29.461057,0.721931,15.547195,0.633873,134.547510,0.048250,0.220118,0.203827,201.614380,-0.866025,0.500000
2011,10,-5.000000,145.000000,-2.500000,147.500000,1568.900000,10.578749,0.000000,0.000000,10.578749,29.559208,0.747480,15.004717,0.540979,129.604071,0.021491,0.043342,0.189750,201.160110,-0.866025,0.500000
2011,10,-5.000000,150.000000,-2.500000,152.500000,2997.230000,17.561548,0.000000,0.000000,17.561548,29.580136,0.750684,17.119025,0.539364,132.811834,0.031753,0.075007,0.207798,201.089539,-0.866025,0.500000
2011,10,-5.000000,-155.000000,-2.500000,-152.500000,13475.920000,3.319402,21.390376,0.544304,25.254083,,,,,,,,,,-0.866025,0.500000
2011,10,-5.000000,160.000000,-2.500000,162.500000,7046.490000,3.757048,12.827095,0.279004,16.863147,29.008186,0.718464,27.073141,0.425284,0.358663,0.038507,0.000000,0.168607,200.759995,-0.866025,0.500000
2011,10,-5.000000,-160.000000,-2.500000,-157.500000,8056.320000,3.432212,26.172496,0.223303,29.828011,,,,,,,,,,-0.866025,0.500000
2011,10,-5.000000,165.000000,-2.500000,167.500000,2415.610000,3.109360,10.893315,0.114671,14.117345,28.710934,0.694246,26.659572,0.443083,0.486776,0.038558,0.000000,0.173639,201.812164,-0.866025,0.500000
2011,10,-5.000000,-165.000000,-2.500000,-162.500000,4417.180000,4.657949,18.172680,0.843977,23.674607,,,,,,,,,,-0.866025,0.500000
2011,10,-5.000000,170.000000,-2.500000,172.500000,4302.790000,8.493094,12.479345,0.880591,21.853030,28.540789,0.668309,28.402289,0.414834,127.852100,0.033970,0.010870,0.184152,202.409882,-0.866025,0.500000
2011,10,-5.000000,-170.000000,-2.500000,-167.500000,9746.220000,7.782402,16.184223,0.825653,24.792278,,,,,,,,,,-0.866025,0.500000
2011,10,-5.000000,175.000000,-2.500000,177.500000,2691.140000,5.195196,13.422193,0.249337,18.866726,28.335592,0.644838,31.256070,0.358481,90.130441,0.033583,0.001668,0.189071,202.708237,-0.866025,0.500000
2011,10,-5.000000,-175.000000,-2.500000,-172.500000,8876.700000,8.651526,15.302421,0.993838,24.947785,,,,,,,,,,-0.866025,0.500000
2011,10,-5.000000,-180.000000,-2.500000,-177.500000,1657.690000,6.326877,13.466933,0.422878,20.216687,,,,,,,,,,-0.866025,0.500000
2011,10,10.000000,110.000000,12.500000,112.500000,17676.890000,14.554257,4.061857,0.000000,18.616114,28.417748,0.685635,16.741268,0.339808,1.997370,0.132220,0.107222,0.103530,204.165817,-0.866025,0.500000
2011,10,10.000000,115.000000,12.500000,117.500000,18229.300000,13.745015,3.956268,0.000000,17.701283,28.727483,0.740915,15.969391,0.196681,131.746285,0.060504,0.033485,0.090208,202.296768,-0.866025,0.500000
2011,10,10.000000,150.000000,12.500000,152.500000,4734.130000,6.150021,0.791487,1.132626,8.074134,29.246499,0.780660,30.205654,0.153383,0.290958,0.043201,0.000000,0.078974,199.015350,-0.866025,0.500000
2011,10,10.000000,155.000000,12.500000,157.500000,4532.100000,7.268154,0.508153,0.822356,8.598663,29.124909,0.762363,30.394784,0.168932,0.341850,0.051077,0.000000,0.079988,199.161423,-0.866025,0.500000
2011,10,10.000000,-160.000000,12.500000,-157.500000,1511.340000,0.209748,0.170709,0.082708,0.463165,,,,,,,,,,-0.866025,0.500000
2011,10,10.000000,-165.000000,12.500000,-162.500000,2750.920000,0.806276,0.287177,0.159946,1.253399,,,,,,,,,,-0.866025,0.500000
2011,10,10.000000,-170.000000,12.500000,-167.500000,4720.050000,1.589602,0.407623,0.000000,1.997225,,,,,,,,,,-0.866025,0.500000
2011,10,10.000000,-175.000000,12.500000,-172.500000,2205.170000,2.622020,1.681050,0.000000,4.303070,,,,,,,,,,-0.866025,0.500000
2011,10,-10.000000,-135.000000,-7.500000,-132.500000,20174.160000,6.619309,20.833779,2.032154,29.485243,,,,,,,,,,-0.866025,0.500000
2011,10,-10.000000,-140.000000,-7.500000,-137.500000,2355.580000,5.496735,17.509913,1.780453,24.787101,,,,,,,,,,-0.866025,0.500000
2011,10,-10.000000,150.000000,-7.500000,152.500000,3024.020000,29.377782,0.892851,0.375328,30.645961,29.068978,0.748425,14.389547,0.341365,132.504497,0.063228,0.208096,0.234400,201.011948,-0.866025,0.500000
2011,10,-10.000000,-150.000000,-7.500000,-147.500000,7792.250000,5.076711,22.930091,1.540377,29.547178,,,,,,,,,,-0.866025,0.500000
2011,10,-10.000000,155.000000,-7.500000,157.500000,13660.640000,22.121950,5.755001,0.965621,28.842573,29.306179,0.823859,18.283391,0.174169,132.398034,0.032211,0.117420,0.335047,201.730133,-0.866025,0.500000
2011,10,-10.000000,-155.000000,-7.500000,-152.500000,11358.300000,3.455799,17.133110,1.134149,21.723057,,,,,,,,,,-0.866025,0.500000
2011,10,-10.000000,160.000000,-7.500000,162.500000,18344.340000,7.413785,9.418600,4.433902,21.266287,29.434230,0.847098,23.849741,0.176140,131.646715,0.028654,0.039395,0.180968,200.842682,-0.866025,0.500000
2011,10,-10.000000,-160.000000,-7.500000,-157.500000,5269.800000,6.724354,16.425481,3.593495,26.743330,,,,,,,,,,-0.866025,0.500000
2011,10,-10.000000,165.000000,-7.500000,167.500000,10761.090000,8.270631,6.704897,2.718033,17.693561,29.288239,0.828010,28.194399,0.136772,0.247703,0.025597,0.000000,0.140542,201.047318,-0.866025,0.500000
2011,10,-10.000000,-165.000000,-7.500000,-162.500000,10290.390000,8.031474,16.753009,3.369454,28.153938,,,,,,,,,,-0.866025,0.500000
2011,10,-10.000000,170.000000,-7.500000,172.500000,5888.250000,9.567019,4.550758,2.423640,16.541417,29.051993,0.806431,35.544867,0.153163,0.312185,0.027527,0.000000,0.145231,201.493744,-0.866025,0.500000
2011,10,-10.000000,-170.000000,-7.500000,-167.500000,5622.390000,5.942669,14.925859,1.369880,22.238408,,,,,,,,,,-0.866025,0.500000
2011,10,-10.000000,175.000000,-7.500000,177.500000,3877.720000,13.103834,6.028543,1.575410,20.707787,28.875084,0.774956,38.092697,0.142908,0.431707,0.025034,0.000000,0.152315,202.172287,-0.866025,0.500000
2011,10,-10.000000,-175.000000,-7.500000,-172.500000,6159.470000,12.271997,14.963787,3.303531,30.539316,,,,,,,,,,-0.866025,0.500000
2011,10,-10.000000,-180.000000,-7.500000,-177.500000,5620.960000,8.168889,13.793373,5.201958,27.164221,,,,,,,,,,-0.866025,0.500000
2011,10,15.000000,110.000000,17.500000,112.500000,17765.980000,12.943333,4.015146,0.007317,16.965796,27.118779,0.586891,21.415201,0.234576,121.559267,0.094131,0.092010,0.131439,206.059692,-0.866025,0.500000
2011,10,15.000000,115.000000,17.500000,117.500000,21054.890000,11.848174,3.466273,0.238044,15.552492,28.007059,0.628759,17.640422,0.202555,129.815024,0.074247,0.172981,0.093839,203.513550,-0.866025,0.500000
2011,10,15.000000,125.000000,17.500000,127.500000,1666.610000,4.507353,5.270579,47.650020,57.427953,28.855193,0.919287,24.463172,0.148099,0.667708,0.041495,0.003611,0.082700,199.998474,-0.866025,0.500000
2011,10,15.000000,130.000000,17.500000,132.500000,5818.730000,0.398541,0.729369,6.291751,7.419660,29.177544,0.912047,24.780522,0.171229,1.247772,0.065088,0.114722,0.084273,199.747208,-0.866025,0.500000
2011,10,15.000000,135.000000,17.500000,137.500000,2103.720000,1.669424,0.114084,0.957827,2.741334,29.053507,0.932957,26.044709,0.164784,0.831616,0.056346,0.014722,0.083615,199.543457,-0.866025,0.500000
2011,10,15.000000,140.000000,17.500000,142.500000,2039.850000,3.543888,0.146579,1.482462,5.172929,29.010263,0.922682,24.960242,0.161627,0.847697,0.062125,0.003889,0.084357,199.569641,-0.866025,0.500000
2011,10,15.000000,150.000000,17.500000,152.500000,9005.380000,11.247277,0.260511,0.765876,12.273663,28.985179,0.906818,34.261310,0.226330,0.678806,0.099778,0.009167,0.078658,199.789139,-0.866025,0.500000
2011,10,15.000000,155.000000,17.500000,157.500000,5339.090000,5.620621,0.201345,0.914388,6.736354,28.734089,0.871213,37.034934,0.153977,0.987735,0.058470,0.003889,0.072815,199.991791,-0.866025,0.500000
2011,10,15.000000,-160.000000,17.500000,-157.500000,1342.310000,8.020502,8.541991,1.418450,17.980943,,,,,,,,,,-0.866025,0.500000
2011,10,15.000000,-165.000000,17.500000,-162.500000,1217.510000,6.114940,5.808577,0.370428,12.293944,,,,,,,,,,-0.866025,0.500000
2011,10,-15.000000,-135.000000,-12.500000,-132.500000,13886.770000,3.904436,21.737380,4.426083,30.067899,,,,,,,,,,-0.866025,0.500000
2011,10,-15.000000,-140.000000,-12.500000,-137.500000,1137.770000,1.096004,19.873085,5.871134,26.840223,,,,,,,,,,-0.866025,0.500000
2011,10,-15.000000,-145.000000,-12.500000,-142.500000,3456.920000,3.020608,14.881455,16.215301,34.117365,,,,,,,,,,-0.866025,0.500000
2011,10,-15.000000,150.000000,-12.500000,152.500000,4575.150000,28.930199,0.504464,1.851305,31.285969,28.082558,0.815342,23.173131,0.269216,126.047921,0.060950,0.226990,0.119458,202.646393,-0.866025,0.500000
2011,10,-15.000000,-150.000000,-12.500000,-147.500000,4450.310000,3.497734,16.102024,7.608683,27.208442,,,,,,,,,,-0.866025,0.500000
2011,10,-15.000000,155.000000,-12.500000,157.500000,17942.480000,14.512542,2.516486,16.435130,33.464159,28.170359,0.814077,26.215867,0.187516,1.229223,0.051529,0.028333,0.132039,202.299042,-0.866025,0.500000
2011,10,-15.000000,-155.000000,-12.500000,-152.500000,4091.090000,3.588775,14.223838,2.280077,20.092689,,,,,,,,,,-0.866025,0.500000
2011,10,-15.000000,160.000000,-12.500000,162.500000,14329.800000,3.405351,3.561738,12.234714,19.201803,28.311411,0.839624,25.801054,0.144083,130.707267,0.030363,0.125105,0.122531,202.020676,-0.866025,0.500000
2011,10,-15.000000,-160.000000,-12.500000,-157.500000,8648.670000,3.088452,3.863600,18.726810,25.678862,,,,,,,,,,-0.866025,0.500000
2011,10,-15.000000,165.000000,-12.500000,167.500000,2049.500000,1.733106,1.150525,16.931447,19.815077,28.527943,0.861051,24.163981,0.087489,124.983502,0.011343,0.078727,0.084285,201.051071,-0.866025,0.500000
2011,10,-15.000000,-165.000000,-12.500000,-162.500000,12999.210000,4.176254,3.133575,32.263576,39.573405,,,,,,,,,,-0.866025,0.500000
2011,10,-15.000000,170.000000,-12.500000,172.500000,13170.930000,2.964483,1.838974,18.793130,23.596587,28.609791,0.863261,31.459286,0.080695,0.913652,0.012224,0.040833,0.079442,200.591721,-0.866025,0.500000
2011,10,-15.000000,-170.000000,-12.500000,-167.500000,5177.910000,2.949646,2.911986,29.330753,35.192385,,,,,,,,,,-0.866025,0.500000
2011,10,-15.000000,175.000000,-12.500000,177.500000,4330.290000,7.761605,2.145815,18.280762,28.188181,28.593220,0.840989,37.372799,0.106408,1.403944,0.024516,0.017222,0.110879,200.645233,-0.866025,0.500000
2011,10,-15.000000,-175.000000,-12.500000,-172.500000,8306.220000,4.230805,1.208974,34.063870,39.503649,,,,,,,,,,-0.866025,0.500000
2011,10,20.000000,115.000000,22.500000,117.500000,2531.350000,4.968495,0.456673,0.745452,6.170620,27.030731,0.719293,29.727804,0.169875,119.505518,0.058179,0.426271,0.219694,204.760147,-0.866025,0.500000
2011,10,20.000000,120.000000,22.500000,122.500000,3774.170000,1.492249,0.007419,0.120556,1.620224,27.866428,0.947093,29.655163,0.317072,123.713558,0.172256,0.243711,0.107090,201.924576,-0.866025,0.500000
2011,10,20.000000,125.000000,22.500000,127.500000,6516.330000,0.080260,3.646224,3.794621,7.521105,28.255208,1.012931,28.444770,0.246186,87.001036,0.118312,0.078933,0.079428,200.650330,-0.866025,0.500000
2011,10,20.000000,130.000000,22.500000,132.500000,7652.730000,0.576657,2.263245,2.640757,5.480659,28.383146,1.011493,23.702541,0.194170,1.014300,0.088134,0.071667,0.080161,200.984573,-0.866025,0.500000
2011,10,20.000000,135.000000,22.500000,137.500000,2281.270000,2.063763,0.346737,0.215669,2.626169,28.365787,0.900675,19.247516,0.180820,0.789414,0.082267,0.022500,0.080353,201.382721,-0.866025,0.500000
2011,10,20.000000,145.000000,22.500000,147.500000,6750.250000,2.869523,0.115107,0.141773,3.126403,28.545012,0.847519,22.878032,0.132623,0.588113,0.069958,0.000000,0.082347,200.940781,-0.866025,0.500000
2011,10,20.000000,150.000000,22.500000,152.500000,1968.340000,2.989829,0.100084,0.101100,3.191014,28.319820,0.881923,26.285509,0.188906,1.020285,0.100696,0.019167,0.081901,201.584351,-0.866025,0.500000
2011,10,20.000000,155.000000,22.500000,157.500000,2404.300000,1.705694,0.657572,0.277420,2.640685,28.204180,0.888572,29.867407,0.145505,0.988673,0.066062,0.026389,0.076474,201.819748,-0.866025,0.500000
2011,10,20.000000,-155.000000,22.500000,-152.500000,13984.930000,1.040406,12.643109,0.423456,14.106971,,,,,,,,,,-0.866025,0.500000
2011,10,20.000000,-160.000000,22.500000,-157.500000,9999.970000,1.334904,11.444834,0.309701,13.089439,,,,,,,,,,-0.866025,0.500000
2011,10,20.000000,-165.000000,22.500000,-162.500000,1760.230000,2.841106,9.816899,0.022724,12.680729,,,,,,,,,,-0.866025,0.500000
2011,10,20.000000,170.000000,22.500000,172.500000,1028.980000,2.772649,0.391650,0.000000,3.164299,27.986013,0.831774,43.157752,0.206096,0.807910,0.099223,0.011667,0.069288,202.273453,-0.866025,0.500000
2011,10,20.000000,-170.000000,22.500000,-167.500000,1122.890000,4.034233,8.783585,0.374925,13.192744,,,,,,,,,,-0.866025,0.500000
2011,10,-20.000000,-135.000000,-17.500000,-132.500000,5383.720000,2.387197,9.340939,21.998915,33.727051,,,,,,,,,,-0.866025,0.500000
2011,10,-20.000000,-145.000000,-17.500000,-142.500000,4743.730000,2.099403,4.490138,20.629758,27.219298,,,,,,,,,,-0.866025,0.500000
2011,10,-20.000000,-150.000000,-17.500000,-147.500000,3868.640000,1.224720,2.213956,14.112194,17.550871,,,,,,,,,,-0.866025,0.500000
2011,10,-20.000000,155.000000,-17.500000,157.500000,7988.610000,4.633222,1.333398,40.994241,46.960861,25.739516,0.726124,20.259671,0.166075,2.498151,0.051250,0.416389,0.079857,211.222610,-0.866025,0.500000
2011,10,-20.000000,-155.000000,-17.500000,-152.500000,3896.900000,2.109369,4.250045,15.621391,21.980805,,,,,,,,,,-0.866025,0.500000
2011,10,-20.000000,160.000000,-17.500000,162.500000,8132.550000,4.146055,2.189842,21.623599,27.959496,26.270512,0.766897,22.826218,0.169332,49.575676,0.052507,0.387330,0.080843,209.721130,-0.866025,0.500000
2011,10,-20.000000,-160.000000,-17.500000,-157.500000,5368.280000,0.753128,1.194424,29.855932,31.803483,,,,,,,,,,-0.866025,0.500000
2011,10,-20.000000,165.000000,-17.500000,167.500000,7320.990000,1.743343,1.311708,18.806336,21.861388,26.519686,0.806259,23.404621,0.157142,124.043496,0.054156,0.405328,0.078649,208.678589,-0.866025,0.500000
2011,10,-20.000000,-165.000000,-17.500000,-162.500000,2788.080000,1.890548,3.358942,29.304396,34.553887,,,,,,,,,,-0.866025,0.500000
2011,10,-20.000000,170.000000,-17.500000,172.500000,23539.810000,1.466834,0.768740,24.353807,26.589382,26.652727,0.829616,24.653913,0.132388,2.454073,0.048062,0.263889,0.073322,207.659119,-0.866025,0.500000
2011,10,-20.000000,-170.000000,-17.500000,-167.500000,1470.240000,1.057650,0.793748,28.423931,30.275329,,,,,,,,,,-0.866025,0.500000
2011,10,-20.000000,175.000000,-17.500000,177.500000,14263.700000,1.467501,1.027994,21.875600,24.371096,26.848831,0.831000,22.709581,0.101662,124.758485,0.034124,0.330984,0.085130,207.597534,-0.866025,0.500000
2011,10,-20.000000,-175.000000,-17.500000,-172.500000,10257.700000,1.698139,1.241701,31.712957,34.652797,,,,,,,,,,-0.866025,0.500000
2011,10,-20.000000,-180.000000,-17.500000,-177.500000,1831.480000,5.511936,2.188394,7.053312,14.753642,,,,,,,,,,-0.866025,0.500000
2011,10,25.000000,130.000000,27.500000,132.500000,1770.880000,1.825646,6.146097,5.888598,13.860341,27.019540,1.130085,36.572734,0.283604,53.264992,0.173929,0.141984,0.093651,204.875137,-0.866025,0.500000
2011,10,25.000000,135.000000,27.500000,137.500000,1646.670000,1.670037,0.045546,0.078947,1.794531,27.164635,1.173429,29.384663,0.175745,1.230968,0.111003,0.109444,0.092474,205.068832,-0.866025,0.500000
2011,10,25.000000,140.000000,27.500000,142.500000,1492.370000,3.568820,2.945650,0.911972,7.426443,27.413114,1.111367,24.981678,0.150181,56.236521,0.061767,0.162267,0.081264,203.379120,-0.866025,0.500000
2011,10,25.000000,145.000000,27.500000,147.500000,12564.890000,1.844584,0.410031,0.208756,2.463372,27.499584,0.997194,25.415222,0.148563,2.053302,0.068188,0.108889,0.081058,203.971329,-0.866025,0.500000
2011,10,25.000000,150.000000,27.500000,152.500000,10975.080000,3.197152,0.709334,0.169930,4.076417,27.540727,0.989082,26.780417,0.118458,1.560612,0.050134,0.067222,0.077878,204.285828,-0.866025,0.500000
2011,10,25.000000,155.000000,27.500000,157.500000,4183.190000,0.480016,0.887600,0.138889,1.506506,27.579566,0.905786,29.415945,0.134163,1.540127,0.068776,0.040556,0.076723,204.561661,-0.866025,0.500000
2011,10,25.000000,160.000000,27.500000,162.500000,1728.620000,0.335528,1.217734,0.030082,1.583344,27.657567,0.902703,32.468220,0.108796,1.247798,0.056085,0.061944,0.075493,204.852936,-0.866025,0.500000
2011,10,25.000000,-160.000000,27.500000,-157.500000,1474.050000,2.808589,12.204471,0.197415,15.210475,,,,,,,,,,-0.866025,0.500000
2011,10,25.000000,165.000000,27.500000,167.500000,1105.980000,1.050652,2.170925,0.041592,3.263169,27.290962,0.815621,30.814922,0.109329,1.501493,0.051986,0.143889,0.074387,205.752167,-0.866025,0.500000
2011,10,25.000000,170.000000,27.500000,172.500000,1008.850000,1.466026,1.802052,0.000000,3.268078,27.093899,0.742421,31.656004,0.105116,1.339338,0.064818,0.055556,0.074181,206.384003,-0.866025,0.500000
2011,10,-25.000000,170.000000,-22.500000,172.500000,5664.970000,0.559403,0.635131,16.008558,17.203092,23.759062,0.690036,21.428488,0.191092,3.018581,0.084676,0.537778,0.072182,218.396545,-0.866025,0.500000
2011,10,-25.000000,175.000000,-22.500000,177.500000,2175.360000,0.880774,0.402692,29.288945,30.572411,24.003675,0.720911,22.027625,0.165060,2.651979,0.062202,0.347500,0.066842,217.765015,-0.866025,0.500000
2011,10,30.000000,130.000000,32.500000,132.500000,1423.360000,24.082453,0.649871,0.061826,24.794149,25.203311,0.695397,39.817954,0.266064,116.741830,0.225453,0.570713,0.263044,209.933777,-0.866025,0.500000
2011,10,30.000000,140.000000,32.500000,142.500000,1085.290000,0.388836,0.248781,0.405422,1.043039,25.730419,1.188097,38.946918,0.200581,34.933439,0.195146,0.304722,0.113797,210.186523,-0.866025,0.500000
2011,10,30.000000,145.000000,32.500000,147.500000,2055.950000,0.256816,1.744206,0.593400,2.594421,25.580628,1.112088,32.407183,0.239837,2.087748,0.139584,0.239722,0.084186,209.640991,-0.866025,0.500000
2011,10,30.000000,150.000000,32.500000,152.500000,2056.000000,1.007782,2.577821,1.174125,4.759728,25.977688,1.093130,35.573733,0.243498,1.858104,0.175802,0.222500,0.078295,210.105408,-0.866025,0.500000
2011,10,30.000000,155.000000,32.500000,157.500000,3084.210000,0.042474,12.599012,4.492885,17.134372,26.026397,0.865316,31.330982,0.344240,1.871912,0.259717,0.203056,0.076788,210.841385,-0.866025,0.500000
2011,10,30.000000,160.000000,32.500000,162.500000,1254.900000,0.197625,7.338433,6.453104,13.989162,26.222340,0.895655,30.927332,0.261341,3.045493,0.214724,0.252222,0.075137,210.956467,-0.866025,0.500000
2011,10,30.000000,170.000000,32.500000,172.500000,2523.320000,0.288112,17.439722,3.219964,20.947799,25.614123,0.752345,27.408336,0.187389,2.023093,0.133305,0.252778,0.073528,212.584427,-0.866025,0.500000
2011,10,-30.000000,-135.000000,-27.500000,-132.500000,2189.000000,1.677478,3.764733,18.680676,24.122887,,,,,,,,,,-0.866025,0.500000
2011,10,-30.000000,-140.000000,-27.500000,-137.500000,3482.000000,1.364159,2.038484,26.737507,30.140149,,,,,,,,,,-0.866025,0.500000
2011,10,-30.000000,150.000000,-27.500000,152.500000,1023.320000,28.805261,4.314388,3.021538,36.141188,22.351279,0.520448,22.316132,0.355906,102.641682,0.136105,0.784490,0.398514,221.517471,-0.866025,0.500000
2011,10,-30.000000,155.000000,-27.500000,157.500000,1624.230000,14.469626,3.920627,11.977983,30.368236,21.150013,0.579462,25.589263,0.245196,2.560942,0.099664,0.335833,0.280742,231.749146,-0.866025,0.500000
2011,10,-30.000000,-155.000000,-27.500000,-152.500000,1184.600000,0.522539,0.480331,21.332095,22.334965,,,,,,,,,,-0.866025,0.500000
2011,10,-30.000000,160.000000,-27.500000,162.500000,1155.440000,5.087239,1.364848,16.326248,22.778336,20.662438,0.529659,27.064494,0.243694,2.600961,0.127974,0.403611,0.187692,232.565140,-0.866025,0.500000
2011,10,-30.000000,-160.000000,-27.500000,-157.500000,1243.310000,0.604033,1.254715,18.702496,20.561244,,,,,,,,,,-0.866025,0.500000
2011,10,-30.000000,170.000000,-27.500000,172.500000,2801.000000,4.731167,5.397715,6.309532,16.438415,20.787432,0.495693,21.981551,0.204950,2.874746,0.122317,0.478889,0.125370,232.418762,-0.866025,0.500000
2011,10,-30.000000,-170.000000,-27.500000,-167.500000,1710.190000,0.170741,1.174139,24.170999,25.515878,,,,,,,,,,-0.866025,0.500000
2011,10,35.000000,145.000000,37.500000,147.500000,14723.480000,2.007881,11.090788,2.596533,15.695202,21.536444,0.216698,27.634808,0.371051,9.555241,0.350348,0.494444,0.196564,219.510025,-0.866025,0.500000
2011,10,35.000000,150.000000,37.500000,152.500000,28849.460000,0.271756,21.331526,1.694104,23.297386,22.443903,0.363836,30.375286,0.362963,4.259832,0.392280,0.603889,0.115524,221.141525,-0.866025,0.500000
2011,10,35.000000,155.000000,37.500000,157.500000,29928.100000,0.395548,20.625599,3.757272,24.778419,22.637669,0.372066,29.426118,0.298897,4.410753,0.281424,0.543611,0.095748,222.013367,-0.866025,0.500000
2011,10,35.000000,160.000000,37.500000,162.500000,10536.340000,0.305894,27.273418,9.454991,37.034302,22.903640,0.403545,27.707968,0.249182,4.948089,0.203759,0.613889,0.093322,223.253647,-0.866025,0.500000
2011,10,35.000000,-160.000000,37.500000,-157.500000,2012.690000,0.000000,0.000000,70.136484,70.136484,,,,,,,,,,-0.866025,0.500000
2011,10,35.000000,165.000000,37.500000,167.500000,1986.630000,0.159567,2.025037,32.584830,34.769434,23.396203,0.543298,28.799259,0.253920,4.280177,0.167767,0.493611,0.087410,223.930618,-0.866025,0.500000
2011,10,35.000000,-165.000000,37.500000,-162.500000,2856.810000,0.000000,0.000000,55.113571,55.113571,,,,,,,,,,-0.866025,0.500000
2011,10,35.000000,170.000000,37.500000,172.500000,3641.930000,0.289682,17.264747,14.903087,32.457516,22.894313,0.507620,27.743149,0.214246,5.586818,0.196679,0.455833,0.108366,225.679749,-0.866025,0.500000
2011,10,35.000000,-170.000000,37.500000,-167.500000,3159.490000,0.026270,0.000000,72.506006,72.532276,,,,,,,,,,-0.866025,0.500000
2011,10,35.000000,175.000000,37.500000,177.500000,1581.710000,0.772582,7.863009,8.720941,17.356532,22.167466,0.491373,28.299179,0.218241,3.695535,0.200072,0.496944,0.117732,227.254517,-0.866025,0.500000
2011,10,-35.000000,-140.000000,-32.500000,-137.500000,1811.300000,1.315630,7.054050,21.876001,30.245680,,,,,,,,,,-0.866025,0.500000
2011,10,-35.000000,160.000000,-32.500000,162.500000,1222.000000,8.414894,6.209493,7.338789,21.963175,18.412007,0.326958,26.689667,0.175250,3.355255,0.086930,0.480556,0.457617,242.219666,-0.866025,0.500000
2011,10,-35.000000,175.000000,-32.500000,177.500000,1296.160000,0.373411,10.696210,7.834681,18.904302,18.060639,0.378826,20.960919,0.149417,4.020122,0.072129,0.400000,0.331055,244.216232,-0.866025,0.500000
2011,10,40.000000,150.000000,42.500000,152.500000,1466.400000,0.000000,0.000000,0.000000,0.000000,15.418062,-0.022143,21.664074,0.168731,7.165422,0.142656,0.758611,0.271477,243.817429,-0.866025,0.500000
2011,10,40.000000,155.000000,42.500000,157.500000,1178.800000,0.000000,0.000000,0.000000,0.000000,16.375735,0.010435,23.219585,0.120164,6.394600,0.112677,0.671667,0.269783,244.898041,-0.866025,0.500000
2011,10,40.000000,170.000000,42.500000,172.500000,2737.120000,0.000000,0.161118,0.655068,0.816186,16.607726,0.130450,25.319640,0.154338,8.095804,0.148025,0.647778,0.250055,255.025208,-0.866025,0.500000
2011,10,40.000000,175.000000,42.500000,177.500000,1740.800000,0.000000,0.210823,0.490005,0.700827,16.314994,0.173004,28.867459,0.126500,4.264601,0.090229,0.816111,0.246065,258.240204,-0.866025,0.500000
2011,10,40.000000,-180.000000,42.500000,-177.500000,1514.800000,0.000000,0.091761,4.549115,4.640877,,,,,,,,,,-0.866025,0.500000
2011,11,0.000000,120.000000,2.500000,122.500000,15888.730000,21.161226,4.931168,0.000000,26.092394,29.891450,0.643323,12.375957,0.205524,138.671879,0.026200,0.072005,0.118682,201.042450,-0.500000,0.866025
2011,11,0.000000,125.000000,2.500000,127.500000,20890.190000,21.401577,4.690814,0.000000,26.092391,29.688011,0.649385,12.225590,0.386591,136.673110,0.050303,0.147308,0.163142,201.511597,-0.500000,0.866025
2011,11,0.000000,130.000000,2.500000,132.500000,8006.900000,17.479174,7.460191,0.021606,24.960971,29.752985,0.720246,14.045850,0.443044,117.547118,0.027459,0.010836,0.137505,201.342545,-0.500000,0.866025
2011,11,0.000000,135.000000,2.500000,137.500000,1250.080000,9.404198,4.006144,0.043197,13.453539,29.774292,0.735281,15.107723,0.462899,0.325510,0.028069,0.000000,0.116019,200.710922,-0.500000,0.866025
2011,11,0.000000,150.000000,2.500000,152.500000,1196.910000,2.308444,15.052928,0.000000,17.361372,29.972834,0.767446,17.234693,0.480529,0.332573,0.027739,0.000000,0.143794,201.008240,-0.500000,0.866025
2011,11,0.000000,155.000000,2.500000,157.500000,10252.590000,3.191876,19.094005,0.023506,22.309387,29.865412,0.752326,16.653443,0.435946,0.332799,0.027420,0.000000,0.132580,200.891998,-0.500000,0.866025
2011,11,0.000000,160.000000,2.500000,162.500000,4376.440000,8.353822,27.851633,3.821828,40.027282,29.412123,0.722849,20.015311,0.294105,0.401895,0.026712,0.000000,0.173684,201.938629,-0.500000,0.866025
2011,11,0.000000,-160.000000,2.500000,-157.500000,2120.030000,12.449824,16.372882,0.022169,28.844875,,,,,,,,,,-0.500000,0.866025
2011,11,0.000000,165.000000,2.500000,167.500000,4553.350000,15.434570,39.723061,0.258271,55.415903,29.005228,0.696182,19.522262,0.308436,92.678162,0.022440,0.002779,0.195203,201.784592,-0.500000,0.866025
2011,11,0.000000,-165.000000,2.500000,-162.500000,2821.210000,15.848164,15.530216,0.571386,31.949766,,,,,,,,,,-0.500000,0.866025
2011,11,0.000000,170.000000,2.500000,172.500000,2276.200000,8.213250,21.338195,0.978824,30.530270,28.612749,0.690271,19.701262,0.438277,128.270253,0.028055,0.028747,0.209213,203.133408,-0.500000,0.866025
2011,11,0.000000,-170.000000,2.500000,-167.500000,6241.140000,6.936553,19.100517,0.104628,26.141698,,,,,,,,,,-0.500000,0.866025
2011,11,5.000000,115.000000,7.500000,117.500000,2972.230000,36.218597,0.813531,0.000000,37.032127,29.190951,0.776707,15.678545,0.126636,134.115877,0.027996,0.130405,0.105802,200.475845,-0.500000,0.866025
2011,11,5.000000,120.000000,7.500000,122.500000,1266.240000,11.977192,0.473054,0.000000,12.450246,29.679405,0.707203,13.069749,0.197996,134.020200,0.037015,0.168675,0.115529,200.088257,-0.500000,0.866025
2011,11,5.000000,130.000000,7.500000,132.500000,3891.470000,3.304664,21.308914,0.040088,24.653666,29.845659,0.642618,20.353287,0.258037,133.938205,0.039808,0.007804,0.100454,200.498856,-0.500000,0.866025
2011,11,5.000000,135.000000,7.500000,137.500000,2044.780000,1.425092,14.526257,0.000000,15.951349,29.785718,0.641044,17.921200,0.218016,132.470189,0.029467,0.006954,0.095812,200.218170,-0.500000,0.866025
2011,11,5.000000,140.000000,7.500000,142.500000,2442.730000,3.503457,34.207219,0.000000,37.710676,29.799763,0.660743,21.239697,0.184219,0.334874,0.018338,0.000000,0.090416,199.810074,-0.500000,0.866025
2011,11,5.000000,145.000000,7.500000,147.500000,2306.190000,5.625729,30.422905,0.008239,36.056873,29.748326,0.689815,22.140035,0.191445,0.616697,0.026667,0.000000,0.086083,199.631775,-0.500000,0.866025
2011,11,5.000000,155.000000,7.500000,157.500000,4704.340000,3.003397,18.164929,0.069723,21.238048,29.447034,0.683191,23.740763,0.175206,125.318523,0.042010,0.003336,0.083038,199.429459,-0.500000,0.866025
2011,11,5.000000,160.000000,7.500000,162.500000,4562.580000,5.698749,35.984903,0.819492,42.503145,29.349219,0.675224,22.956702,0.155387,0.557692,0.056063,0.000000,0.091899,199.756744,-0.500000,0.866025
2011,11,5.000000,165.000000,7.500000,167.500000,3756.440000,4.528756,15.709555,0.066552,20.304863,29.113663,0.587405,19.579138,0.233351,130.978816,0.064774,0.041643,0.087407,199.643341,-0.500000,0.866025
2011,11,5.000000,-165.000000,7.500000,-162.500000,1278.860000,21.188402,19.137357,0.056300,40.382059,,,,,,,,,,-0.500000,0.866025
2011,11,-5.000000,120.000000,-2.500000,122.500000,20005.830000,22.165189,3.927205,0.000000,26.092394,30.095127,0.618586,11.157825,0.138641,140.623130,0.008801,0.247791,0.125879,201.937180,-0.500000,0.866025
2011,11,-5.000000,125.000000,-2.500000,127.500000,30008.740000,22.165209,3.927189,0.000000,26.092398,29.894872,0.620954,11.083841,0.224044,135.317040,0.014331,0.149845,0.131954,201.678650,-0.500000,0.866025
2011,11,-5.000000,130.000000,-2.500000,132.500000,10002.910000,22.165250,3.927157,0.000000,26.092407,29.876821,0.660542,10.977699,0.174344,139.371858,0.039450,0.273893,0.140775,200.524918,-0.500000,0.866025
2011,11,-5.000000,145.000000,-2.500000,147.500000,1448.960000,5.487384,0.000000,0.000000,5.487384,29.845637,0.742468,14.015193,0.281767,132.246489,0.011483,0.038780,0.207999,201.582489,-0.500000,0.866025
2011,11,-5.000000,150.000000,-2.500000,152.500000,3142.420000,22.171129,0.000000,0.000000,22.171129,29.964283,0.742625,14.514758,0.319598,135.703647,0.017211,0.077058,0.242079,202.457504,-0.500000,0.866025
2011,11,-5.000000,155.000000,-2.500000,157.500000,1299.520000,9.531212,1.476699,0.000000,11.007911,29.843925,0.732498,16.901321,0.326328,0.482269,0.023499,0.000000,0.183380,202.429642,-0.500000,0.866025
2011,11,-5.000000,-155.000000,-2.500000,-152.500000,19277.110000,3.040705,28.350619,0.323233,31.714557,,,,,,,,,,-0.500000,0.866025
2011,11,-5.000000,160.000000,-2.500000,162.500000,8912.990000,7.103116,18.240456,2.702124,28.045695,29.446435,0.712607,21.192690,0.269804,0.339767,0.024491,0.000000,0.166298,202.136795,-0.500000,0.866025
2011,11,-5.000000,-160.000000,-2.500000,-157.500000,8841.210000,4.295905,35.633584,0.268402,40.197891,,,,,,,,,,-0.500000,0.866025
2011,11,-5.000000,165.000000,-2.500000,167.500000,4268.680000,3.578624,18.514857,0.633451,22.726932,29.061131,0.696790,23.915068,0.301044,0.281602,0.026543,0.000000,0.178817,202.487915,-0.500000,0.866025
2011,11,-5.000000,-165.000000,-2.500000,-162.500000,13832.070000,2.233794,12.404362,1.986398,16.624554,,,,,,,,,,-0.500000,0.866025
2011,11,-5.000000,170.000000,-2.500000,172.500000,5359.410000,5.027792,24.185311,0.520020,29.733124,28.687546,0.676175,27.476654,0.290439,127.016699,0.023300,0.009755,0.182531,203.655502,-0.500000,0.866025
2011,11,-5.000000,-170.000000,-2.500000,-167.500000,6105.680000,5.607074,25.020964,0.637603,31.265641,,,,,,,,,,-0.500000,0.866025
2011,11,-5.000000,175.000000,-2.500000,177.500000,4593.150000,5.921426,22.498721,0.297617,28.717764,28.521404,0.650555,33.867150,0.239343,89.760144,0.021603,0.001668,0.186029,204.142670,-0.500000,0.866025
2011,11,-5.000000,-175.000000,-2.500000,-172.500000,3859.230000,3.889895,16.768630,0.100538,20.759063,,,,,,,,,,-0.500000,0.866025
2011,11,-5.000000,-180.000000,-2.500000,-177.500000,4656.370000,4.907900,21.844269,0.662963,27.415132,,,,,,,,,,-0.500000,0.866025
2011,11,10.000000,110.000000,12.500000,112.500000,11862.790000,18.573455,6.013172,0.000000,24.586628,27.577161,0.624539,18.075224,0.216687,1.308563,0.111296,0.102500,0.091809,204.939651,-0.500000,0.866025
2011,11,10.000000,115.000000,12.500000,117.500000,16254.290000,17.281345,4.491184,0.000000,21.772529,28.615831,0.725658,18.219785,0.134752,131.702200,0.044502,0.033485,0.083339,201.608017,-0.500000,0.866025
2011,11,10.000000,135.000000,12.500000,137.500000,1410.210000,5.265882,0.099985,1.599762,6.965629,29.315668,0.818405,36.046332,0.236080,118.330395,0.082582,0.001946,0.086908,199.408783,-0.500000,0.866025
2011,11,10.000000,-155.000000,12.500000,-152.500000,4830.580000,2.907311,0.410303,0.145531,3.463145,,,,,,,,,,-0.500000,0.866025
2011,11,10.000000,160.000000,12.500000,162.500000,1283.630000,9.484820,21.096422,3.969991,34.551234,28.649960,0.750837,36.294020,0.223369,127.789705,0.092534,0.005574,0.070044,200.045547,-0.500000,0.866025
2011,11,10.000000,-160.000000,12.500000,-157.500000,5996.500000,3.577920,0.373551,0.015176,3.966647,,,,,,,,,,-0.500000,0.866025
2011,11,10.000000,-165.000000,12.500000,-162.500000,2453.120000,1.421455,0.305733,0.090089,1.817278,,,,,,,,,,-0.500000,0.866025
2011,11,10.000000,-170.000000,12.500000,-167.500000,1927.350000,4.688821,0.365787,0.000000,5.054609,,,,,,,,,,-0.500000,0.866025
2011,11,10.000000,-175.000000,12.500000,-172.500000,1069.480000,3.854210,0.858361,0.000000,4.712571,,,,,,,,,,-0.500000,0.866025
2011,11,-10.000000,-135.000000,-7.500000,-132.500000,15118.010000,6.955016,15.686588,1.094985,23.736590,,,,,,,,,,-0.500000,0.866025
2011,11,-10.000000,-140.000000,-7.500000,-137.500000,1832.720000,5.856868,17.137915,1.115828,24.110612,,,,,,,,,,-0.500000,0.866025
2011,11,-10.000000,145.000000,-7.500000,147.500000,1351.210000,12.354112,0.224243,0.092510,12.670865,28.975068,0.730701,12.429392,0.271722,135.206707,0.035666,0.333499,0.161200,201.532059,-0.500000,0.866025
2011,11,-10.000000,-145.000000,-7.500000,-142.500000,2910.910000,4.529511,19.933973,0.856433,25.319917,,,,,,,,,,-0.500000,0.866025
2011,11,-10.000000,150.000000,-7.500000,152.500000,4386.870000,28.248615,0.395042,0.951248,29.594905,29.505972,0.753267,13.459350,0.277323,135.475909,0.048680,0.181109,0.221002,200.870804,-0.500000,0.866025
2011,11,-10.000000,-150.000000,-7.500000,-147.500000,5348.570000,6.916615,33.522792,1.300722,41.740129,,,,,,,,,,-0.500000,0.866025
2011,11,-10.000000,155.000000,-7.500000,157.500000,7199.360000,17.114716,4.624578,1.193856,22.933150,29.700941,0.798389,16.248476,0.166903,134.413285,0.031152,0.104043,0.280201,201.640610,-0.500000,0.866025
2011,11,-10.000000,-155.000000,-7.500000,-152.500000,3114.990000,3.449128,20.671334,0.225041,24.345504,,,,,,,,,,-0.500000,0.866025
2011,11,-10.000000,160.000000,-7.500000,162.500000,16999.160000,8.485302,10.072792,1.188294,19.746387,29.613314,0.820343,21.443719,0.149965,133.170516,0.020051,0.039680,0.177860,201.028244,-0.500000,0.866025
2011,11,-10.000000,-160.000000,-7.500000,-157.500000,4529.440000,3.808859,25.858605,0.348608,30.016073,,,,,,,,,,-0.500000,0.866025
2011,11,-10.000000,165.000000,-7.500000,167.500000,13826.730000,6.629622,6.932731,6.043511,19.605865,29.559184,0.799724,22.121131,0.124534,0.739228,0.020534,0.000833,0.130914,201.147476,-0.500000,0.866025
2011,11,-10.000000,-165.000000,-7.500000,-162.500000,1670.320000,5.370827,13.283083,3.361631,22.015542,,,,,,,,,,-0.500000,0.866025
2011,11,-10.000000,170.000000,-7.500000,172.500000,5132.960000,11.512655,6.743477,11.374139,29.630272,29.391887,0.781055,23.881837,0.115964,0.469921,0.022366,0.000000,0.140085,201.941833,-0.500000,0.866025
2011,11,-10.000000,-170.000000,-7.500000,-167.500000,2310.440000,6.776631,15.056439,0.691643,22.524714,,,,,,,,,,-0.500000,0.866025
2011,11,-10.000000,-175.000000,-7.500000,-172.500000,1911.670000,3.645504,15.763704,1.794766,21.203973,,,,,,,,,,-0.500000,0.866025
2011,11,-10.000000,-180.000000,-7.500000,-177.500000,1054.530000,4.943435,8.650299,4.403858,17.997591,,,,,,,,,,-0.500000,0.866025
2011,11,15.000000,110.000000,17.500000,112.500000,14537.350000,16.959418,4.915201,0.008048,21.882668,26.721899,0.581707,27.760974,0.251801,115.596665,0.088899,0.087107,0.122403,207.028717,-0.500000,0.866025
2011,11,15.000000,115.000000,17.500000,117.500000,15224.110000,15.540350,4.702672,0.083880,20.326903,27.650526,0.625164,20.030472,0.223917,128.349498,0.065428,0.167967,0.090514,203.888611,-0.500000,0.866025
2011,11,15.000000,125.000000,17.500000,127.500000,1662.860000,2.042866,2.335133,27.680021,32.058021,28.657234,0.917342,37.148446,0.187242,1.201880,0.060374,0.040278,0.082384,200.659973,-0.500000,0.866025
2011,11,15.000000,130.000000,17.500000,132.500000,3004.930000,4.107250,0.777056,7.514984,12.399290,28.785324,0.925740,41.430616,0.159026,0.607621,0.051274,0.000000,0.082534,200.198318,-0.500000,0.866025
2011,11,15.000000,135.000000,17.500000,137.500000,2896.650000,6.211313,0.231302,1.388846,7.831460,28.790415,0.971490,44.499846,0.158168,0.654732,0.042789,0.000833,0.080473,200.425873,-0.500000,0.866025
2011,11,15.000000,140.000000,17.500000,142.500000,4050.350000,8.803190,0.456010,1.043860,10.303060,28.606296,0.929206,41.663108,0.177585,1.123403,0.078320,0.057500,0.080657,200.684708,-0.500000,0.866025
2011,11,15.000000,145.000000,17.500000,147.500000,1811.420000,6.769275,0.782259,0.433362,7.984896,28.639455,0.939845,45.057765,0.182523,91.617265,0.083626,0.003335,0.077979,200.796112,-0.500000,0.866025
2011,11,15.000000,150.000000,17.500000,152.500000,6491.300000,11.708595,0.712800,1.195754,13.617149,28.601498,0.894016,46.138860,0.177128,0.752037,0.062707,0.005000,0.074259,200.993362,-0.500000,0.866025
2011,11,15.000000,-155.000000,17.500000,-152.500000,1363.100000,2.213337,12.940357,0.418898,15.572592,,,,,,,,,,-0.500000,0.866025
2011,11,15.000000,-165.000000,17.500000,-162.500000,2443.210000,4.137180,12.413178,0.171905,16.722263,,,,,,,,,,-0.500000,0.866025
2011,11,-15.000000,-135.000000,-12.500000,-132.500000,18939.410000,2.089189,25.526033,2.287452,29.902674,,,,,,,,,,-0.500000,0.866025
2011,11,-15.000000,-140.000000,-12.500000,-137.500000,1735.200000,3.056708,22.757031,1.828031,27.641770,,,,,,,,,,-0.500000,0.866025
2011,11,-15.000000,-145.000000,-12.500000,-142.500000,4500.390000,3.506807,18.414626,6.962285,28.883719,,,,,,,,,,-0.500000,0.866025
2011,11,-15.000000,150.000000,-12.500000,152.500000,2912.870000,32.718590,0.966058,2.104797,35.789445,28.505460,0.760551,19.372749,0.218915,128.163454,0.046725,0.178713,0.103767,200.851669,-0.500000,0.866025
2011,11,-15.000000,-150.000000,-12.500000,-147.500000,3020.010000,2.601978,17.867159,7.737060,28.206198,,,,,,,,,,-0.500000,0.866025
2011,11,-15.000000,155.000000,-12.500000,157.500000,9718.680000,15.367519,2.492520,13.778723,31.638762,28.614333,0.800376,20.942141,0.177143,1.635022,0.041611,0.034167,0.092341,200.972260,-0.500000,0.866025
2011,11,-15.000000,-155.000000,-12.500000,-152.500000,2626.610000,1.551049,25.372248,0.454578,27.377875,,,,,,,,,,-0.500000,0.866025
2011,11,-15.000000,160.000000,-12.500000,162.500000,13164.790000,8.804698,2.658303,11.728406,23.191407,28.621377,0.818988,24.122064,0.112626,132.268764,0.017654,0.050042,0.117983,201.369370,-0.500000,0.866025
2011,11,-15.000000,-160.000000,-12.500000,-157.500000,3834.650000,0.586233,1.396998,17.715306,19.698538,,,,,,,,,,-0.500000,0.866025
2011,11,-15.000000,165.000000,-12.500000,167.500000,7474.330000,3.122554,0.789770,16.564695,20.477019,28.833539,0.818610,23.534569,0.077053,124.461065,0.011648,0.067839,0.075224,200.099060,-0.500000,0.866025
2011,11,-15.000000,-165.000000,-12.500000,-162.500000,14065.080000,2.554696,4.592580,23.418495,30.565770,,,,,,,,,,-0.500000,0.866025
2011,11,-15.000000,170.000000,-12.500000,172.500000,24986.410000,2.021179,1.773604,15.515034,19.309817,29.020018,0.820986,20.431338,0.078345,1.009225,0.014076,0.016389,0.070932,199.700287,-0.500000,0.866025
2011,11,-15.000000,-170.000000,-12.500000,-167.500000,6441.290000,3.254628,2.374835,32.010048,37.639510,,,,,,,,,,-0.500000,0.866025
2011,11,-15.000000,175.000000,-12.500000,177.500000,3977.310000,5.119541,1.075350,15.486095,21.680985,28.873532,0.778307,19.816220,0.084886,0.952160,0.019979,0.005833,0.084087,199.581284,-0.500000,0.866025
2011,11,-15.000000,-175.000000,-12.500000,-172.500000,7997.790000,2.703497,1.309862,29.207068,33.220427,,,,,,,,,,-0.500000,0.866025
2011,11,20.000000,120.000000,22.500000,122.500000,1362.140000,13.268093,0.192344,0.774517,14.234954,27.075600,0.911588,35.040241,0.313677,118.899225,0.168279,0.235849,0.113794,204.779373,-0.500000,0.866025
2011,11,20.000000,125.000000,22.500000,127.500000,1820.130000,1.994912,7.206628,13.857252,23.058793,27.373742,0.998127,39.551668,0.199935,82.509326,0.093629,0.129794,0.076040,204.071701,-0.500000,0.866025
2011,11,20.000000,130.000000,22.500000,132.500000,5365.300000,1.994669,13.713306,20.343504,36.051479,27.407956,0.961400,41.075924,0.168284,1.392270,0.102177,0.181111,0.075260,203.426483,-0.500000,0.866025
2011,11,20.000000,135.000000,22.500000,137.500000,4460.830000,1.900543,0.675211,0.913507,3.489261,27.715718,0.960729,39.968653,0.167577,1.309909,0.093661,0.126944,0.074031,203.079773,-0.500000,0.866025
2011,11,20.000000,145.000000,22.500000,147.500000,3769.100000,4.174737,0.584755,0.569367,5.328858,27.429048,0.854819,40.353567,0.174408,1.012365,0.100930,0.017778,0.074020,203.685745,-0.500000,0.866025
2011,11,20.000000,150.000000,22.500000,152.500000,1008.790000,2.669535,0.774195,0.051547,3.495277,27.376583,0.893459,41.102331,0.156386,1.704213,0.074003,0.079722,0.074676,204.102173,-0.500000,0.866025
2011,11,20.000000,-155.000000,22.500000,-152.500000,4848.650000,1.219927,12.616708,0.260485,14.097120,,,,,,,,,,-0.500000,0.866025
2011,11,20.000000,-160.000000,22.500000,-157.500000,6266.110000,0.900718,11.622522,0.091125,12.614365,,,,,,,,,,-0.500000,0.866025
2011,11,20.000000,-165.000000,22.500000,-162.500000,2433.940000,1.390338,14.771523,0.082171,16.244032,,,,,,,,,,-0.500000,0.866025
2011,11,20.000000,170.000000,22.500000,172.500000,1199.060000,2.379364,0.421997,0.391140,3.192501,27.308432,0.785090,41.676502,0.178901,1.271787,0.082046,0.084722,0.062888,203.889938,-0.500000,0.866025
2011,11,20.000000,-170.000000,22.500000,-167.500000,3073.770000,2.071723,17.611923,0.862784,20.546430,,,,,,,,,,-0.500000,0.866025
2011,11,-20.000000,-135.000000,-17.500000,-132.500000,7274.430000,1.558198,5.229138,48.674604,55.461940,,,,,,,,,,-0.500000,0.866025
2011,11,-20.000000,-145.000000,-17.500000,-142.500000,1656.470000,2.571130,3.836472,16.314814,22.722416,,,,,,,,,,-0.500000,0.866025
2011,11,-20.000000,-150.000000,-17.500000,-147.500000,4737.390000,0.754213,0.987886,17.910495,19.652594,,,,,,,,,,-0.500000,0.866025
2011,11,-20.000000,155.000000,-17.500000,157.500000,2137.040000,6.633942,1.364036,21.478306,29.476285,26.719535,0.759566,22.605103,0.212492,2.827593,0.061702,0.383611,0.085133,207.481888,-0.500000,0.866025
2011,11,-20.000000,-155.000000,-17.500000,-152.500000,1175.200000,1.185330,2.131552,16.139381,19.456263,,,,,,,,,,-0.500000,0.866025
2011,11,-20.000000,160.000000,-17.500000,162.500000,1575.590000,4.918792,2.145863,36.206754,43.271409,26.728097,0.760927,26.074714,0.163527,52.421950,0.049188,0.232842,0.084418,207.097794,-0.500000,0.866025
2011,11,-20.000000,-160.000000,-17.500000,-157.500000,8621.860000,0.579573,2.481367,32.876085,35.937025,,,,,,,,,,-0.500000,0.866025
2011,11,-20.000000,165.000000,-17.500000,167.500000,7282.520000,3.122820,1.312458,20.203583,24.638861,26.794090,0.781245,25.859127,0.141331,124.146632,0.039172,0.325981,0.080898,206.775192,-0.500000,0.866025
2011,11,-20.000000,-165.000000,-17.500000,-162.500000,9706.010000,0.653925,1.453945,30.511508,32.619377,,,,,,,,,,-0.500000,0.866025
2011,11,-20.000000,170.000000,-17.500000,172.500000,24842.530000,1.070704,0.465573,15.546685,17.082962,26.970231,0.796748,25.964259,0.122547,2.863581,0.034661,0.249722,0.075615,206.474701,-0.500000,0.866025
2011,11,-20.000000,-170.000000,-17.500000,-167.500000,4728.550000,1.463239,0.672088,30.313944,32.449271,,,,,,,,,,-0.500000,0.866025
2011,11,-20.000000,175.000000,-17.500000,177.500000,15257.310000,2.741768,0.890393,21.088973,24.721134,27.430763,0.788204,23.223870,0.110371,125.883634,0.027442,0.271366,0.088780,205.848572,-0.500000,0.866025
2011,11,-20.000000,-175.000000,-17.500000,-172.500000,2531.600000,8.684626,1.640860,32.325802,42.651288,,,,,,,,,,-0.500000,0.866025
2011,11,-20.000000,-180.000000,-17.500000,-177.500000,10379.900000,6.626075,1.485371,18.049018,26.160464,,,,,,,,,,-0.500000,0.866025
2011,11,25.000000,130.000000,27.500000,132.500000,1995.040000,0.469665,7.955229,26.892193,35.317086,25.869246,1.080511,51.690802,0.256199,50.307888,0.167636,0.156154,0.094060,208.879471,-0.500000,0.866025
2011,11,25.000000,135.000000,27.500000,137.500000,7274.210000,0.782628,1.737921,8.936091,11.456639,25.777276,1.165707,54.763645,0.152652,2.719437,0.085512,0.193889,0.097397,208.755508,-0.500000,0.866025
2011,11,25.000000,140.000000,27.500000,142.500000,2059.760000,0.518993,4.595681,15.491125,20.605799,25.703611,1.066470,48.664263,0.126848,52.528342,0.074011,0.248680,0.072828,207.675659,-0.500000,0.866025
2011,11,25.000000,145.000000,27.500000,147.500000,5210.390000,1.361894,1.082644,3.219529,5.664067,25.755625,0.973070,47.824372,0.124425,3.396086,0.062211,0.293611,0.067841,208.149841,-0.500000,0.866025
2011,11,25.000000,150.000000,27.500000,152.500000,5798.850000,0.823956,3.240470,9.766074,13.830501,25.743078,0.960433,49.640647,0.148365,2.444117,0.074601,0.165833,0.064108,209.246307,-0.500000,0.866025
2011,11,25.000000,155.000000,27.500000,157.500000,3575.790000,0.526317,3.063938,7.891123,11.481379,25.806308,0.903272,49.842281,0.111232,2.045219,0.045728,0.139167,0.063962,209.715729,-0.500000,0.866025
2011,11,25.000000,160.000000,27.500000,162.500000,1214.950000,0.117700,4.601835,11.505000,16.224536,25.551920,0.866589,47.373885,0.105753,1.606698,0.060955,0.163056,0.061967,210.323105,-0.500000,0.866025
2011,11,25.000000,-160.000000,27.500000,-157.500000,1434.150000,2.431405,19.034968,0.418366,21.884740,,,,,,,,,,-0.500000,0.866025
2011,11,25.000000,165.000000,27.500000,167.500000,2772.960000,0.819341,1.529413,0.000000,2.348754,25.147875,0.785637,41.071049,0.106520,2.423235,0.067006,0.270833,0.061600,210.798248,-0.500000,0.866025
2011,11,-25.000000,160.000000,-22.500000,162.500000,3071.610000,0.675216,2.770208,42.320151,45.765576,24.253529,0.618528,17.938064,0.167893,116.181588,0.070115,0.349282,0.075454,216.093414,-0.500000,0.866025
2011,11,-25.000000,170.000000,-22.500000,172.500000,6327.320000,1.256614,0.686231,22.334416,24.277261,24.550552,0.707235,23.103233,0.198754,2.962429,0.086377,0.362500,0.075831,215.270355,-0.500000,0.866025
2011,11,-25.000000,175.000000,-22.500000,177.500000,5555.680000,0.962798,0.577607,15.787446,17.327852,24.917763,0.719562,23.553042,0.181031,2.062166,0.067778,0.280833,0.075827,214.641266,-0.500000,0.866025
2011,11,30.000000,130.000000,32.500000,132.500000,2038.400000,26.669937,0.620585,4.186617,31.477139,23.606130,0.679735,52.733106,0.298857,108.987585,0.269143,0.619653,0.378143,215.845856,-0.500000,0.866025
2011,11,30.000000,135.000000,32.500000,137.500000,2183.550000,0.446979,4.284308,25.220856,29.952142,23.948976,1.055336,64.215863,0.396126,107.225520,0.371801,0.384686,0.278538,213.067612,-0.500000,0.866025
2011,11,30.000000,140.000000,32.500000,142.500000,6700.080000,0.466114,3.029218,17.053826,20.549158,23.956143,1.180417,63.779788,0.183088,32.079073,0.163472,0.316389,0.161160,216.272736,-0.500000,0.866025
2011,11,30.000000,145.000000,32.500000,147.500000,8225.360000,0.268560,6.317900,18.490133,25.076592,23.909250,1.049369,59.629652,0.214265,2.714360,0.112178,0.302500,0.157113,217.047318,-0.500000,0.866025
2011,11,30.000000,150.000000,32.500000,152.500000,5306.060000,0.454386,7.276963,18.677889,26.409238,23.718265,1.004452,59.617996,0.225614,2.744188,0.162125,0.268889,0.094315,217.826584,-0.500000,0.866025
2011,11,30.000000,155.000000,32.500000,157.500000,14149.640000,0.151311,16.435259,18.857582,35.444153,23.602269,0.838333,54.574982,0.366453,3.674563,0.243463,0.290000,0.081082,219.825287,-0.500000,0.866025
2011,11,30.000000,160.000000,32.500000,162.500000,2984.520000,0.433235,16.272969,17.867530,34.573734,23.892362,0.923655,52.741836,0.239012,3.407093,0.184142,0.291944,0.064713,220.326675,-0.500000,0.866025
2011,11,30.000000,170.000000,32.500000,172.500000,4128.100000,0.849059,20.980354,37.561106,59.390519,23.103980,0.767025,46.371648,0.168917,1.887618,0.106236,0.272500,0.061531,220.992111,-0.500000,0.866025
2011,11,30.000000,-170.000000,32.500000,-167.500000,1227.930000,1.033447,1.878772,24.708249,27.620467,,,,,,,,,,-0.500000,0.866025
2011,11,30.000000,175.000000,32.500000,177.500000,2721.440000,0.996531,12.265565,79.307278,92.569375,22.518370,0.642017,38.021317,0.166694,3.071052,0.102329,0.287778,0.060716,221.068207,-0.500000,0.866025
2011,11,-30.000000,155.000000,-27.500000,157.500000,1998.060000,18.262715,3.717606,3.929812,25.910133,22.917250,0.571383,13.280639,0.254653,2.846445,0.102368,0.298889,0.118632,224.598419,-0.500000,0.866025
2011,11,35.000000,140.000000,37.500000,142.500000,2784.440000,0.240623,11.559236,15.633664,27.433523,19.033233,0.333050,40.222639,0.463672,96.919436,0.403093,0.680284,0.401470,220.470444,-0.500000,0.866025
2011,11,35.000000,145.000000,37.500000,147.500000,11562.260000,0.860385,8.561216,9.526598,18.948199,19.307913,0.271561,44.530153,0.383999,9.506370,0.347212,0.567778,0.357756,223.164124,-0.500000,0.866025
2011,11,35.000000,150.000000,37.500000,152.500000,11176.810000,0.183415,18.299228,11.447900,29.930544,20.091549,0.412217,51.850145,0.348713,7.438419,0.414212,0.570000,0.312356,228.202087,-0.500000,0.866025
2011,11,35.000000,155.000000,37.500000,157.500000,10923.690000,0.405724,15.390953,12.567090,28.363767,19.681549,0.329935,50.215921,0.328311,7.403192,0.246152,0.610278,0.272551,231.580582,-0.500000,0.866025
2011,11,35.000000,160.000000,37.500000,162.500000,3528.620000,0.312020,22.287466,26.815016,49.414502,19.966359,0.360941,48.528586,0.269319,7.854524,0.151901,0.663889,0.208664,234.062775,-0.500000,0.866025
2011,11,35.000000,-160.000000,37.500000,-157.500000,2808.670000,0.056966,0.347139,64.179131,64.583237,,,,,,,,,,-0.500000,0.866025
2011,11,35.000000,165.000000,37.500000,167.500000,4386.480000,0.145219,15.061735,43.121364,58.328318,20.738356,0.555061,47.959331,0.264478,8.127454,0.141560,0.525556,0.184792,234.884064,-0.500000,0.866025
2011,11,35.000000,-165.000000,37.500000,-162.500000,1802.550000,0.060470,0.214141,40.395551,40.670162,,,,,,,,,,-0.500000,0.866025
2011,11,35.000000,170.000000,37.500000,172.500000,5373.440000,0.124873,5.057096,14.897719,20.079688,20.224927,0.552655,46.585023,0.247502,6.092208,0.228087,0.623611,0.154972,235.471497,-0.500000,0.866025
2011,11,35.000000,-170.000000,37.500000,-167.500000,4836.810000,0.041763,0.107509,67.742789,67.892061,,,,,,,,,,-0.500000,0.866025
2011,11,35.000000,175.000000,37.500000,177.500000,1010.000000,0.000000,0.133663,3.181188,3.314851,19.653202,0.467739,42.647076,0.186256,3.941237,0.169395,0.552222,0.146222,236.586868,-0.500000,0.866025
2011,11,35.000000,-175.000000,37.500000,-172.500000,2485.830000,0.040228,0.065169,55.935442,56.040839,,,,,,,,,,-0.500000,0.866025
2011,12,0.000000,120.000000,2.500000,122.500000,19490.610000,17.250615,4.019884,0.000000,21.270499,29.524641,0.661589,12.686399,0.337248,135.147171,0.021992,0.067660,0.110691,200.901840,-0.000000,1.000000
2011,12,0.000000,125.000000,2.500000,127.500000,25625.870000,17.446549,3.823948,0.000000,21.270497,29.631018,0.669368,13.937248,0.415807,136.405821,0.033316,0.118572,0.115395,200.394669,-0.000000,1.000000
2011,12,0.000000,130.000000,2.500000,132.500000,8878.760000,14.532322,6.854561,0.000000,21.386883,29.838172,0.718644,15.545955,0.349788,119.288463,0.022601,0.006946,0.111294,200.577896,-0.000000,1.000000
2011,12,0.000000,135.000000,2.500000,137.500000,2060.240000,21.807653,7.543296,2.094902,31.445851,29.847876,0.731884,15.237723,0.371850,0.292730,0.016196,0.000000,0.095340,200.288666,-0.000000,1.000000
2011,12,0.000000,145.000000,2.500000,147.500000,2190.650000,7.645676,30.882615,0.054322,38.582612,29.843387,0.752781,29.698580,0.360697,0.246854,0.018882,0.000000,0.113309,199.918640,-0.000000,1.000000
2011,12,0.000000,150.000000,2.500000,152.500000,4045.270000,9.268355,29.589372,0.144119,39.001847,29.592951,0.745448,27.633410,0.387656,0.322650,0.023749,0.000000,0.180359,200.074829,-0.000000,1.000000
2011,12,0.000000,155.000000,2.500000,157.500000,2326.900000,1.632215,3.657226,29.571533,34.860974,29.129943,0.735482,29.575616,0.454429,0.529558,0.037673,0.000000,0.201732,198.579376,-0.000000,1.000000
2011,12,0.000000,-155.000000,2.500000,-152.500000,1113.740000,3.380502,19.973243,0.000000,23.353745,,,,,,,,,,-0.000000,1.000000
2011,12,0.000000,160.000000,2.500000,162.500000,7904.480000,3.056495,5.587464,8.557173,17.201132,28.846717,0.708344,31.239384,0.439965,0.544428,0.029904,0.000000,0.199524,199.073318,-0.000000,1.000000
2011,12,0.000000,-160.000000,2.500000,-157.500000,2640.490000,5.027097,14.175399,0.018936,19.221432,,,,,,,,,,-0.000000,1.000000
2011,12,0.000000,165.000000,2.500000,167.500000,7698.950000,8.080193,16.559401,5.079654,29.719247,28.400630,0.684235,32.410650,0.455072,91.092901,0.036933,0.002779,0.206034,200.110901,-0.000000,1.000000
2011,12,0.000000,-165.000000,2.500000,-162.500000,1655.190000,13.142298,15.587939,0.088207,28.818444,,,,,,,,,,-0.000000,1.000000
2011,12,0.000000,170.000000,2.500000,172.500000,1182.680000,6.949471,28.380458,0.889505,36.219434,28.044037,0.656774,32.276413,0.479351,126.097529,0.031354,0.024560,0.222249,200.540619,-0.000000,1.000000
2011,12,0.000000,-170.000000,2.500000,-167.500000,1838.070000,5.188595,14.658854,0.000000,19.847449,,,,,,,,,,-0.000000,1.000000
2011,12,0.000000,-175.000000,2.500000,-172.500000,1479.140000,5.886529,11.198399,0.014197,17.099125,,,,,,,,,,-0.000000,1.000000
2011,12,5.000000,115.000000,7.500000,117.500000,1776.130000,10.919246,0.431838,0.000000,11.351084,28.849617,0.817294,16.639344,0.237656,132.246062,0.055047,0.140014,0.111296,201.217804,-0.000000,1.000000
2011,12,5.000000,120.000000,7.500000,122.500000,1220.570000,29.182267,0.272823,0.000000,29.455091,29.378372,0.724467,13.993814,0.200634,132.958447,0.030227,0.173838,0.118435,200.328430,-0.000000,1.000000
2011,12,5.000000,130.000000,7.500000,132.500000,4029.000000,2.579796,19.233805,0.000000,21.813601,29.496070,0.623168,27.095130,0.344375,131.498323,0.049927,0.007804,0.091358,199.704391,-0.000000,1.000000
2011,12,5.000000,140.000000,7.500000,142.500000,2252.680000,5.190262,32.283769,0.004439,37.478470,29.318160,0.648838,39.864890,0.322331,0.406539,0.043146,0.000000,0.080242,199.138992,-0.000000,1.000000
2011,12,5.000000,145.000000,7.500000,147.500000,3148.110000,4.944554,23.620204,0.000000,28.564758,29.301423,0.652189,43.793427,0.243424,0.679552,0.028320,0.000278,0.076881,199.006973,-0.000000,1.000000
2011,12,5.000000,150.000000,7.500000,152.500000,1731.260000,5.343507,18.524658,0.035812,23.903977,29.201104,0.677961,48.137513,0.224556,117.002505,0.027657,0.005290,0.083100,199.301926,-0.000000,1.000000
2011,12,5.000000,155.000000,7.500000,157.500000,6302.380000,10.910481,21.058076,1.422796,33.391354,29.050753,0.683369,50.666752,0.191479,123.482030,0.051922,0.003336,0.089518,199.671265,-0.000000,1.000000
2011,12,5.000000,160.000000,7.500000,162.500000,5177.110000,7.523116,12.883829,2.419110,22.826055,28.842894,0.627952,44.359758,0.189999,0.520632,0.047142,0.000000,0.101496,200.001617,-0.000000,1.000000
2011,12,5.000000,-160.000000,7.500000,-157.500000,1459.950000,1.011678,14.219665,0.000000,15.231344,,,,,,,,,,-0.000000,1.000000
2011,12,5.000000,165.000000,7.500000,167.500000,11909.490000,6.438227,15.178484,8.951685,30.568395,28.796371,0.645058,44.173210,0.200704,129.078643,0.058030,0.043059,0.132663,200.455185,-0.000000,1.000000
2011,12,5.000000,-165.000000,7.500000,-162.500000,8947.840000,2.577270,1.381004,12.630534,16.588808,,,,,,,,,,-0.000000,1.000000
2011,12,5.000000,-170.000000,7.500000,-167.500000,1017.990000,3.116926,18.409808,0.019647,21.546381,,,,,,,,,,-0.000000,1.000000
2011,12,5.000000,175.000000,7.500000,177.500000,1061.020000,3.452338,5.123372,0.033930,8.609640,28.470133,0.553656,44.939058,0.203099,0.716796,0.070181,0.005000,0.157534,201.551147,-0.000000,1.000000
2011,12,-5.000000,120.000000,-2.500000,122.500000,24541.030000,18.069046,3.201455,0.000000,21.270501,30.056205,0.665854,14.816247,0.129609,138.222493,0.014234,0.231325,0.114396,201.134155,-0.000000,1.000000
2011,12,-5.000000,125.000000,-2.500000,127.500000,36811.550000,18.069057,3.201441,0.000000,21.270498,29.895904,0.671052,18.227252,0.218789,134.694327,0.009109,0.136223,0.103423,200.049744,-0.000000,1.000000
2011,12,-5.000000,130.000000,-2.500000,132.500000,12270.520000,18.069079,3.201413,0.000000,21.270492,29.960281,0.705257,17.682870,0.186572,137.390159,0.015702,0.225072,0.127482,199.402985,-0.000000,1.000000
2011,12,-5.000000,135.000000,-2.500000,137.500000,1647.040000,23.957524,1.543982,0.048572,25.550078,29.911729,0.727697,13.895855,0.235630,135.861697,0.009878,0.173964,0.174394,200.954224,-0.000000,1.000000
2011,12,-5.000000,145.000000,-2.500000,147.500000,1912.330000,5.232361,0.000000,0.000000,5.232361,30.108614,0.757178,14.501122,0.311585,132.565276,0.015887,0.025948,0.157662,200.979828,-0.000000,1.000000
2011,12,-5.000000,150.000000,-2.500000,152.500000,1038.800000,19.123027,0.041394,0.000000,19.164420,30.002203,0.753912,16.614839,0.390793,137.314794,0.028772,0.084383,0.210227,201.579758,-0.000000,1.000000
2011,12,-5.000000,-155.000000,-2.500000,-152.500000,24558.780000,1.565102,19.023868,0.687901,21.276871,,,,,,,,,,-0.000000,1.000000
2011,12,-5.000000,160.000000,-2.500000,162.500000,14451.580000,5.031007,14.554672,0.542432,20.128111,29.108814,0.720935,30.561661,0.447685,0.380358,0.040991,0.000000,0.173502,201.239029,-0.000000,1.000000
2011,12,-5.000000,-160.000000,-2.500000,-157.500000,9490.110000,2.195760,22.177614,0.221072,24.594446,,,,,,,,,,-0.000000,1.000000
2011,12,-5.000000,165.000000,-2.500000,167.500000,2843.570000,4.865363,14.948463,0.164934,19.978759,28.685173,0.694382,32.455334,0.481561,0.388701,0.044981,0.000000,0.180846,201.871323,-0.000000,1.000000
2011,12,-5.000000,-165.000000,-2.500000,-162.500000,7490.010000,4.187711,22.989422,3.463547,30.640680,,,,,,,,,,-0.000000,1.000000
2011,12,-5.000000,170.000000,-2.500000,172.500000,4663.480000,4.591635,11.486486,5.037654,21.115776,28.359746,0.670266,33.699096,0.518441,125.609970,0.050683,0.011706,0.184290,202.623474,-0.000000,1.000000
2011,12,-5.000000,-170.000000,-2.500000,-167.500000,30127.160000,2.764416,11.614537,3.145567,17.524519,,,,,,,,,,-0.000000,1.000000
2011,12,-5.000000,175.000000,-2.500000,177.500000,3327.690000,9.664963,28.497847,0.068817,38.231626,28.032993,0.645370,44.634383,0.464428,88.770668,0.046893,0.001668,0.191655,202.758530,-0.000000,1.000000
2011,12,-5.000000,-175.000000,-2.500000,-172.500000,14461.070000,7.361212,21.018223,0.337596,28.717031,,,,,,,,,,-0.000000,1.000000
2011,12,10.000000,110.000000,12.500000,112.500000,14601.850000,15.089389,4.885203,0.000000,19.974592,26.663748,0.605243,24.463342,0.244523,3.295050,0.055824,0.156944,0.106281,207.383987,-0.000000,1.000000
2011,12,10.000000,115.000000,12.500000,117.500000,15832.250000,14.497434,4.505550,0.000000,19.002984,28.172300,0.737941,21.071412,0.160845,128.665639,0.064075,0.028661,0.082665,202.762756,-0.000000,1.000000
2011,12,10.000000,130.000000,12.500000,132.500000,4266.170000,9.228887,0.933624,0.585537,10.748048,28.963551,0.829261,45.884793,0.258754,0.249472,0.081052,0.000000,0.081883,199.949753,-0.000000,1.000000
2011,12,10.000000,135.000000,12.500000,137.500000,2507.520000,6.501244,0.459817,1.087529,8.048590,28.917156,0.825373,49.274372,0.245092,116.849419,0.071340,0.001946,0.081078,199.962799,-0.000000,1.000000
2011,12,10.000000,-155.000000,12.500000,-152.500000,4629.100000,4.970513,0.097211,0.000000,5.067724,,,,,,,,,,-0.000000,1.000000
2011,12,10.000000,-160.000000,12.500000,-157.500000,6350.180000,1.572711,0.228497,0.184719,1.985928,,,,,,,,,,-0.000000,1.000000
2011,12,10.000000,-165.000000,12.500000,-162.500000,3550.390000,1.295632,1.451390,0.158574,2.905596,,,,,,,,,,-0.000000,1.000000
2011,12,10.000000,-170.000000,12.500000,-167.500000,2174.920000,4.921101,6.924852,0.216100,12.062053,,,,,,,,,,-0.000000,1.000000
2011,12,-10.000000,-135.000000,-7.500000,-132.500000,9691.630000,3.154371,17.598175,8.243195,28.995742,,,,,,,,,,-0.000000,1.000000
2011,12,-10.000000,-140.000000,-7.500000,-137.500000,2276.600000,5.590793,14.848897,0.013178,20.452868,,,,,,,,,,-0.000000,1.000000
2011,12,-10.000000,145.000000,-7.500000,147.500000,1112.420000,40.124234,0.240017,0.270581,40.634832,29.794176,0.746760,11.001681,0.207615,136.697216,0.025089,0.253976,0.188021,199.733307,-0.000000,1.000000
2011,12,-10.000000,150.000000,-7.500000,152.500000,2827.650000,24.106237,1.017806,0.537195,25.661238,30.109150,0.796906,12.173683,0.291738,137.860837,0.044193,0.109745,0.183477,200.165634,-0.000000,1.000000
2011,12,-10.000000,-150.000000,-7.500000,-147.500000,6249.020000,4.887806,21.154037,2.863009,28.904852,,,,,,,,,,-0.000000,1.000000
2011,12,-10.000000,155.000000,-7.500000,157.500000,8363.990000,8.760173,5.429586,5.670021,19.859780,30.118864,0.824946,14.726996,0.127800,135.784727,0.016975,0.110880,0.213705,199.884415,-0.000000,1.000000
2011,12,-10.000000,-155.000000,-7.500000,-152.500000,5054.220000,3.960849,23.789823,0.076372,27.827044,,,,,,,,,,-0.000000,1.000000
2011,12,-10.000000,160.000000,-7.500000,162.500000,6650.080000,8.964103,5.525798,0.263907,14.753807,29.876976,0.842461,21.333685,0.144818,134.398544,0.020209,0.032544,0.142878,200.098557,-0.000000,1.000000
2011,12,-10.000000,-160.000000,-7.500000,-157.500000,2528.770000,3.600565,31.575825,0.095303,35.271693,,,,,,,,,,-0.000000,1.000000
2011,12,-10.000000,165.000000,-7.500000,167.500000,14727.320000,8.870046,5.729827,0.418134,15.018007,29.590973,0.837395,27.944614,0.139211,0.460629,0.024171,0.000000,0.129568,200.299118,-0.000000,1.000000
2011,12,-10.000000,-165.000000,-7.500000,-162.500000,2505.960000,2.925027,17.651918,2.420230,22.997175,,,,,,,,,,-0.000000,1.000000
2011,12,-10.000000,170.000000,-7.500000,172.500000,10119.370000,5.302603,6.802400,5.451723,17.556725,29.355402,0.812243,33.495973,0.122978,0.649989,0.022820,0.000000,0.138662,200.966599,-0.000000,1.000000
2011,12,-10.000000,-170.000000,-7.500000,-167.500000,4946.460000,1.710921,12.473163,4.608953,18.793036,,,,,,,,,,-0.000000,1.000000
2011,12,-10.000000,175.000000,-7.500000,177.500000,1022.080000,7.833046,6.423176,4.628796,18.885019,29.049480,0.780428,33.197273,0.117980,0.298580,0.026859,0.000000,0.146961,201.185532,-0.000000,1.000000
2011,12,-10.000000,-175.000000,-7.500000,-172.500000,1001.560000,5.783977,16.734894,0.360438,22.879308,,,,,,,,,,-0.000000,1.000000
2011,12,-10.000000,-180.000000,-7.500000,-177.500000,1399.340000,4.957337,7.651464,4.527134,17.135936,,,,,,,,,,-0.000000,1.000000
2011,12,15.000000,110.000000,17.500000,112.500000,16553.330000,14.212669,4.336408,0.021990,18.571067,25.297459,0.653406,49.503498,0.304754,102.523822,0.101479,0.170464,0.149208,211.814102,-0.000000,1.000000
2011,12,15.000000,115.000000,17.500000,117.500000,20394.760000,13.112633,3.583960,0.233344,16.929937,26.165388,0.588107,34.184303,0.247272,124.593084,0.077239,0.332312,0.119389,207.876328,-0.000000,1.000000
2011,12,15.000000,125.000000,17.500000,127.500000,2127.790000,6.798603,3.458988,13.460445,23.718036,27.750755,0.913963,46.242877,0.199594,1.749387,0.068458,0.137778,0.082440,202.544022,-0.000000,1.000000
2011,12,15.000000,130.000000,17.500000,132.500000,5554.980000,6.171939,0.755718,3.854739,10.782397,28.232233,1.002185,53.079998,0.161989,1.224272,0.036212,0.041667,0.079412,201.840103,-0.000000,1.000000
2011,12,15.000000,135.000000,17.500000,137.500000,4742.280000,7.007600,0.502290,3.099986,10.609875,28.213237,1.010276,55.055606,0.140841,1.383874,0.048700,0.030833,0.077739,201.970779,-0.000000,1.000000
2011,12,15.000000,140.000000,17.500000,142.500000,1737.380000,6.782051,2.639607,4.994877,14.416535,28.025365,0.926826,48.733442,0.177512,1.690335,0.077486,0.072500,0.076930,201.959290,-0.000000,1.000000
2011,12,15.000000,-160.000000,17.500000,-157.500000,2653.910000,1.161682,7.690163,0.075361,8.927206,,,,,,,,,,-0.000000,1.000000
2011,12,15.000000,-165.000000,17.500000,-162.500000,6135.110000,2.542416,14.083855,0.883440,17.509711,,,,,,,,,,-0.000000,1.000000
2011,12,15.000000,-170.000000,17.500000,-167.500000,1847.410000,4.533374,18.036061,3.492457,26.061892,,,,,,,,,,-0.000000,1.000000
2011,12,-15.000000,-135.000000,-12.500000,-132.500000,26869.840000,2.323869,17.971860,6.103274,26.399003,,,,,,,,,,-0.000000,1.000000
2011,12,-15.000000,-140.000000,-12.500000,-137.500000,4053.880000,2.385122,24.862601,0.783447,28.031170,,,,,,,,,,-0.000000,1.000000
2011,12,-15.000000,145.000000,-12.500000,147.500000,1167.980000,23.264097,2.238052,0.604462,26.106611,29.543947,0.756999,12.951277,0.176304,135.204328,0.049557,0.038321,0.107861,199.418182,-0.000000,1.000000
2011,12,-15.000000,-145.000000,-12.500000,-142.500000,2630.920000,2.590349,16.344093,11.423380,30.357822,,,,,,,,,,-0.000000,1.000000
2011,12,-15.000000,150.000000,-12.500000,152.500000,5431.000000,21.020070,0.807770,1.860063,23.687903,29.752071,0.819022,11.874174,0.155751,132.920287,0.044571,0.116883,0.109374,198.975739,-0.000000,1.000000
2011,12,-15.000000,-150.000000,-12.500000,-147.500000,2044.750000,4.411297,19.788727,3.090353,27.290378,,,,,,,,,,-0.000000,1.000000
2011,12,-15.000000,155.000000,-12.500000,157.500000,4352.300000,15.051352,3.921834,6.132620,25.105806,29.741953,0.816386,13.077140,0.115546,0.913532,0.027155,0.014444,0.090746,198.772125,-0.000000,1.000000
2011,12,-15.000000,-155.000000,-12.500000,-152.500000,4304.270000,3.087864,22.940940,29.818297,55.847101,,,,,,,,,,-0.000000,1.000000
2011,12,-15.000000,160.000000,-12.500000,162.500000,2861.280000,12.142468,1.838688,4.137659,18.118814,29.603278,0.846945,13.974981,0.091610,134.196760,0.014878,0.020804,0.096084,199.336792,-0.000000,1.000000
2011,12,-15.000000,-160.000000,-12.500000,-157.500000,4135.690000,3.924617,15.432975,25.824469,45.182062,,,,,,,,,,-0.000000,1.000000
2011,12,-15.000000,165.000000,-12.500000,167.500000,4705.110000,9.752376,2.924905,8.784067,21.461347,29.287850,0.828225,15.802616,0.076446,129.551998,0.017462,0.017309,0.076429,198.712891,-0.000000,1.000000
2011,12,-15.000000,-165.000000,-12.500000,-162.500000,6112.250000,2.897133,1.860199,24.956604,29.713935,,,,,,,,,,-0.000000,1.000000
2011,12,-15.000000,170.000000,-12.500000,172.500000,14641.110000,2.734356,5.300281,8.399636,16.434273,29.220073,0.819286,18.624260,0.060378,0.612213,0.015473,0.000000,0.066418,198.593399,-0.000000,1.000000
2011,12,-15.000000,-170.000000,-12.500000,-167.500000,5218.780000,2.846834,1.818816,23.464488,28.130138,,,,,,,,,,-0.000000,1.000000
2011,12,-15.000000,175.000000,-12.500000,177.500000,2616.410000,15.765113,4.008928,2.047462,21.821504,29.053902,0.806046,19.649725,0.096724,0.978660,0.017004,0.004722,0.074919,198.785858,-0.000000,1.000000
2011,12,-15.000000,-175.000000,-12.500000,-172.500000,7734.630000,3.569531,2.167395,19.133688,24.870614,,,,,,,,,,-0.000000,1.000000
2011,12,-15.000000,-180.000000,-12.500000,-177.500000,1070.630000,14.823982,0.804199,3.582937,19.211119,,,,,,,,,,-0.000000,1.000000
2011,12,20.000000,125.000000,22.500000,127.500000,2896.380000,1.943115,7.362984,35.041327,44.347427,25.407555,1.029499,68.150049,0.222125,78.424368,0.082189,0.145081,0.086007,210.297714,-0.000000,1.000000
2011,12,20.000000,130.000000,22.500000,132.500000,5700.080000,1.346121,7.873398,33.594090,42.813610,25.526422,0.913333,56.461153,0.128176,1.870933,0.068105,0.409722,0.076864,208.156799,-0.000000,1.000000
2011,12,20.000000,135.000000,22.500000,137.500000,4007.960000,3.398487,1.360044,11.350413,16.108943,26.197243,0.958400,53.621278,0.158412,1.739614,0.084351,0.214167,0.067338,207.171097,-0.000000,1.000000
2011,12,20.000000,145.000000,22.500000,147.500000,4898.440000,4.398339,1.139138,0.744727,6.282204,26.680730,0.910000,42.494992,0.170677,2.183444,0.096068,0.102500,0.067892,206.692749,-0.000000,1.000000
2011,12,20.000000,150.000000,22.500000,152.500000,1713.160000,8.888837,1.348385,1.727218,11.964440,26.836608,0.919859,42.505292,0.125760,1.846390,0.061871,0.148056,0.070294,205.886719,-0.000000,1.000000
2011,12,20.000000,155.000000,22.500000,157.500000,2516.740000,0.827261,1.200760,0.350453,2.378474,26.951232,0.874988,39.567461,0.158451,1.083931,0.063345,0.101944,0.066608,206.082428,-0.000000,1.000000
2011,12,20.000000,-155.000000,22.500000,-152.500000,3994.340000,1.780019,13.358152,0.047567,15.185738,,,,,,,,,,-0.000000,1.000000
2011,12,20.000000,160.000000,22.500000,162.500000,1690.160000,1.563166,1.853079,2.572538,5.988782,27.044494,0.879297,42.731638,0.118184,2.646574,0.038507,0.170000,0.064260,206.229538,-0.000000,1.000000
2011,12,20.000000,-160.000000,22.500000,-157.500000,5950.330000,1.504118,14.547933,0.082348,16.134399,,,,,,,,,,-0.000000,1.000000
2011,12,20.000000,-165.000000,22.500000,-162.500000,3101.810000,1.542970,13.120404,0.474239,15.137613,,,,,,,,,,-0.000000,1.000000
2011,12,20.000000,170.000000,22.500000,172.500000,2200.770000,2.040195,0.766550,0.017721,2.824466,26.853169,0.769468,50.455618,0.162135,1.972640,0.072168,0.110556,0.059769,205.706268,-0.000000,1.000000
2011,12,20.000000,-170.000000,22.500000,-167.500000,7157.370000,2.036502,17.341007,4.063643,23.441152,,,,,,,,,,-0.000000,1.000000
2011,12,20.000000,175.000000,22.500000,177.500000,1816.390000,2.705366,0.577519,0.000000,3.282885,26.547149,0.790911,58.721133,0.132112,2.407429,0.046378,0.120833,0.058947,206.407013,-0.000000,1.000000
2011,12,20.000000,-175.000000,22.500000,-172.500000,2451.030000,3.292493,6.847325,1.769052,11.908871,,,,,,,,,,-0.000000,1.000000
2011,12,20.000000,-180.000000,22.500000,-177.500000,2049.500000,3.800439,1.083679,0.076116,4.960234,,,,,,,,,,-0.000000,1.000000
2011,12,-20.000000,-135.000000,-17.500000,-132.500000,4533.590000,0.846790,5.092432,28.177228,34.116451,,,,,,,,,,-0.000000,1.000000
2011,12,-20.000000,-145.000000,-17.500000,-142.500000,1894.660000,1.504228,3.546283,19.649436,24.699946,,,,,,,,,,-0.000000,1.000000
2011,12,-20.000000,-150.000000,-17.500000,-147.500000,4805.730000,0.534986,0.860847,17.808325,19.204158,,,,,,,,,,-0.000000,1.000000
2011,12,-20.000000,155.000000,-17.500000,157.500000,2009.560000,10.231095,1.245049,18.490615,29.966759,28.402413,0.794264,14.284062,0.177769,1.493825,0.049201,0.141944,0.095064,203.024277,-0.000000,1.000000
2011,12,-20.000000,-155.000000,-17.500000,-152.500000,1941.710000,1.371472,3.086455,14.268866,18.726792,,,,,,,,,,-0.000000,1.000000
2011,12,-20.000000,160.000000,-17.500000,162.500000,1327.880000,6.419255,1.502395,24.072958,31.994608,28.273114,0.772904,13.891901,0.156044,54.874874,0.045240,0.128369,0.095377,203.395203,-0.000000,1.000000
2011,12,-20.000000,-160.000000,-17.500000,-157.500000,1485.120000,0.554837,1.421434,15.794683,17.770955,,,,,,,,,,-0.000000,1.000000
2011,12,-20.000000,165.000000,-17.500000,167.500000,12313.840000,5.167356,6.463297,8.131014,19.761667,28.167037,0.801911,12.336350,0.116962,129.263387,0.031429,0.097393,0.095444,203.579468,-0.000000,1.000000
2011,12,-20.000000,-165.000000,-17.500000,-162.500000,22009.870000,0.839896,3.793753,12.810298,17.443947,,,,,,,,,,-0.000000,1.000000
2011,12,-20.000000,170.000000,-17.500000,172.500000,33706.050000,2.134365,2.936416,13.053354,18.124135,28.199162,0.794749,12.241144,0.128438,1.891582,0.044006,0.090833,0.085892,203.659729,-0.000000,1.000000
2011,12,-20.000000,-170.000000,-17.500000,-167.500000,4335.670000,1.480279,0.560928,18.319891,20.361098,,,,,,,,,,-0.000000,1.000000
2011,12,-20.000000,175.000000,-17.500000,177.500000,7181.100000,4.525212,0.866720,10.326134,15.718065,28.419463,0.796729,13.029298,0.100375,130.669871,0.027978,0.167988,0.092883,203.439636,-0.000000,1.000000
2011,12,-20.000000,-175.000000,-17.500000,-172.500000,2234.110000,6.607553,1.457851,19.709862,27.775266,,,,,,,,,,-0.000000,1.000000
2011,12,-20.000000,-180.000000,-17.500000,-177.500000,6870.440000,7.429946,1.365706,9.155163,17.950815,,,,,,,,,,-0.000000,1.000000
2011,12,25.000000,130.000000,27.500000,132.500000,8480.530000,1.763569,5.173497,29.973245,36.910311,23.803869,1.062856,79.219618,0.225479,48.054285,0.157345,0.184774,0.149122,216.913940,-0.000000,1.000000
2011,12,25.000000,135.000000,27.500000,137.500000,11045.040000,1.207601,1.696689,12.197964,15.102254,23.687014,1.116883,78.870514,0.141010,2.896180,0.064703,0.241667,0.156066,213.779282,-0.000000,1.000000
2011,12,25.000000,140.000000,27.500000,142.500000,4693.470000,1.037612,3.754152,29.447296,34.239060,23.545611,0.993367,65.673690,0.127874,48.212046,0.082947,0.319533,0.107435,214.896835,-0.000000,1.000000
2011,12,25.000000,145.000000,27.500000,147.500000,7754.370000,1.772420,1.194810,5.888680,8.855910,24.031528,0.977279,60.589756,0.097275,2.766544,0.043479,0.410556,0.073507,213.932465,-0.000000,1.000000
2011,12,25.000000,150.000000,27.500000,152.500000,2701.170000,1.206144,2.330842,20.037613,23.574599,24.152371,0.935152,57.206864,0.141076,3.234687,0.081678,0.431389,0.056520,215.134552,-0.000000,1.000000
2011,12,25.000000,155.000000,27.500000,157.500000,3310.320000,0.628640,2.825709,12.259540,15.713889,24.558148,0.920247,52.814742,0.077255,3.265247,0.035295,0.378056,0.054444,214.759064,-0.000000,1.000000
2011,12,25.000000,-155.000000,27.500000,-152.500000,1630.700000,3.446373,18.561967,0.018397,22.026737,,,,,,,,,,-0.000000,1.000000
2011,12,25.000000,160.000000,27.500000,162.500000,1973.450000,0.333426,9.750437,70.149738,80.233601,24.295662,0.863310,48.584452,0.097506,2.519993,0.047469,0.353056,0.052942,214.788101,-0.000000,1.000000
2011,12,25.000000,-160.000000,27.500000,-157.500000,6175.140000,1.813076,16.682537,0.045343,18.540956,,,,,,,,,,-0.000000,1.000000
2011,12,25.000000,165.000000,27.500000,167.500000,1632.020000,0.835774,4.353501,28.164483,33.353758,24.243147,0.792578,41.962910,0.115924,2.900642,0.067443,0.368611,0.053747,215.051147,-0.000000,1.000000
2011,12,-25.000000,160.000000,-22.500000,162.500000,2610.070000,1.444406,0.082756,44.892666,46.419828,25.993419,0.643823,16.624385,0.160510,123.957116,0.071907,0.351534,0.086101,209.909912,-0.000000,1.000000
2011,12,-25.000000,165.000000,-22.500000,167.500000,2896.550000,8.566743,0.883810,24.490169,33.940723,26.251639,0.712418,15.019404,0.177435,121.910474,0.071998,0.230591,0.090198,210.102539,-0.000000,1.000000
2011,12,-25.000000,170.000000,-22.500000,172.500000,8418.340000,4.756163,0.578261,22.865078,28.199503,26.245753,0.740109,14.185597,0.182431,1.910696,0.076990,0.230000,0.090282,209.929596,-0.000000,1.000000
2011,12,-25.000000,175.000000,-22.500000,177.500000,5369.350000,1.166622,0.297615,21.504465,22.968702,26.288202,0.762518,15.414730,0.184274,3.036119,0.072794,0.251111,0.087371,210.523209,-0.000000,1.000000
2011,12,-25.000000,-180.000000,-22.500000,-177.500000,2916.180000,2.264606,0.670740,22.669725,25.605072,,,,,,,,,,-0.000000,1.000000
2011,12,30.000000,130.000000,32.500000,132.500000,3830.940000,3.860671,3.653411,19.455277,26.969360,21.068062,0.635906,74.055960,0.292537,99.715628,0.307341,0.662813,0.572663,223.244720,-0.000000,1.000000
2011,12,30.000000,135.000000,32.500000,137.500000,9485.770000,0.499590,6.347930,34.687010,41.534530,21.815493,1.001333,90.605065,0.398722,96.033000,0.363678,0.450580,0.445290,218.274078,-0.000000,1.000000
2011,12,30.000000,140.000000,32.500000,142.500000,16285.680000,0.311132,7.019418,26.935504,34.266055,21.628081,1.045277,94.316526,0.265275,29.429085,0.191859,0.252222,0.317353,222.734009,-0.000000,1.000000
2011,12,30.000000,145.000000,32.500000,147.500000,3418.210000,0.540634,4.959028,30.895703,36.395365,21.571005,0.986207,87.881782,0.200746,3.715348,0.116336,0.246111,0.320024,224.785385,-0.000000,1.000000
2011,12,30.000000,150.000000,32.500000,152.500000,2274.310000,0.316140,6.697856,44.981115,51.995111,21.415044,0.960045,90.636671,0.220511,2.202987,0.145620,0.250833,0.251133,226.792618,-0.000000,1.000000
2011,12,30.000000,155.000000,32.500000,157.500000,1414.700000,0.203577,10.184491,46.250795,56.638863,21.002888,0.801441,87.626317,0.349331,4.448610,0.220122,0.430833,0.220417,230.018768,-0.000000,1.000000
2011,12,30.000000,160.000000,32.500000,162.500000,7265.360000,0.507064,15.281418,46.212438,62.000919,21.271729,0.858022,74.788197,0.302742,4.095962,0.248401,0.410278,0.127720,230.729843,-0.000000,1.000000
2011,12,30.000000,165.000000,32.500000,167.500000,1939.920000,0.667038,15.648068,67.957957,84.273063,21.310963,0.764490,70.329527,0.242970,2.933559,0.217439,0.345556,0.104544,230.290604,-0.000000,1.000000
2011,12,30.000000,-165.000000,32.500000,-162.500000,5074.260000,0.207715,5.731279,40.426979,46.365973,,,,,,,,,,-0.000000,1.000000
2011,12,30.000000,170.000000,32.500000,172.500000,6571.640000,0.739694,13.900183,58.940843,73.580720,21.111536,0.760413,66.866269,0.165185,2.972019,0.090719,0.302222,0.091856,230.189896,-0.000000,1.000000
2011,12,30.000000,-170.000000,32.500000,-167.500000,3101.650000,0.143472,2.116293,34.535812,36.795577,,,,,,,,,,-0.000000,1.000000
2011,12,30.000000,175.000000,32.500000,177.500000,5776.700000,2.948569,6.582824,59.753319,69.284713,20.631172,0.618338,54.447016,0.182315,4.133999,0.106138,0.354444,0.091443,230.456497,-0.000000,1.000000
2011,12,30.000000,-175.000000,32.500000,-172.500000,1077.280000,3.037279,0.938475,8.835215,12.810968,,,,,,,,,,-0.000000,1.000000
2011,12,-30.000000,155.000000,-27.500000,157.500000,1678.800000,13.398856,3.712175,0.991780,18.102812,23.673196,0.617602,22.801863,0.227723,3.421119,0.114675,0.374167,0.091119,218.492599,-0.000000,1.000000
2011,12,-30.000000,170.000000,-27.500000,172.500000,6745.400000,1.058499,8.168530,0.342307,9.569336,23.601989,0.519870,15.802951,0.192570,2.008597,0.089854,0.345833,0.068533,218.887833,-0.000000,1.000000
2011,12,35.000000,140.000000,37.500000,142.500000,7775.640000,0.114846,12.861835,10.762844,23.739525,16.447511,0.368400,79.007438,0.427358,81.535441,0.441757,0.704085,0.467072,221.780090,-0.000000,1.000000
2011,12,35.000000,145.000000,37.500000,147.500000,4944.820000,0.215175,12.021267,21.951456,34.187898,16.463573,0.297286,78.866868,0.402368,9.360568,0.347011,0.645000,0.391997,226.655090,-0.000000,1.000000
2011,12,35.000000,150.000000,37.500000,152.500000,5465.880000,0.118920,5.181599,8.308818,13.609336,16.405860,0.310806,77.955594,0.345781,8.726184,0.396646,0.633056,0.374130,230.878601,-0.000000,1.000000
2011,12,35.000000,155.000000,37.500000,157.500000,1126.730000,0.028401,11.030149,13.215233,24.273783,16.696956,0.251784,74.811467,0.306690,7.396620,0.245534,0.643056,0.391415,235.544495,-0.000000,1.000000
2011,12,35.000000,160.000000,37.500000,162.500000,2242.300000,0.557909,22.016679,41.081925,63.656513,17.422706,0.367738,74.670658,0.265694,6.762303,0.162033,0.649167,0.365555,242.940094,-0.000000,1.000000
2011,12,35.000000,165.000000,37.500000,167.500000,2573.380000,0.266187,11.706783,4.680226,16.653195,17.899342,0.492094,80.473117,0.254130,8.417315,0.149858,0.561389,0.325368,245.600494,-0.000000,1.000000
