year,month,lat,lon,lat5c,lon5c,hhooks,cpue_yft,cpue_bet,cpue_alb,cpue_total,sst,ssh,mld,current_speed,sst_gradient_max,ssh_variance,front_strength,chl,do_surface,season_sin,season_cos
2017,1,0.000000,120.000000,2.500000,122.500000,2186.800000,12.152460,8.265502,0.000000,20.417962,29.181382,0.652371,13.561699,0.351266,133.026490,0.036741,0.066418,0.100282,200.193176,0.500000,0.866025
2017,1,0.000000,125.000000,2.500000,127.500000,2915.730000,12.152360,8.265512,0.000000,20.417871,29.052177,0.621315,15.222977,0.337160,136.036983,0.055287,0.117665,0.097382,199.511002,0.500000,0.866025
2017,1,0.000000,130.000000,2.500000,132.500000,1972.860000,40.736798,44.781181,0.000000,85.517979,29.127368,0.627634,14.393773,0.324822,117.636836,0.028140,0.005279,0.092809,198.695358,0.500000,0.866025
2017,1,0.000000,140.000000,2.500000,142.500000,1949.220000,9.098511,9.771601,0.404264,19.274376,29.870599,0.709808,21.775975,0.241011,0.590560,0.010412,0.000000,0.077948,197.020096,0.500000,0.866025
2017,1,0.000000,145.000000,2.500000,147.500000,4289.610000,12.050280,6.808078,0.061777,18.920135,30.215980,0.721685,23.734797,0.215250,0.767773,0.005995,0.002222,0.085106,197.325806,0.500000,0.866025
2017,1,0.000000,150.000000,2.500000,152.500000,2404.260000,21.822515,7.295384,0.126026,29.243925,30.270743,0.734063,23.258284,0.227495,0.749418,0.007374,0.000833,0.086163,197.382538,0.500000,0.866025
2017,1,0.000000,155.000000,2.500000,157.500000,3852.180000,11.757498,3.797330,0.066975,15.621804,30.194703,0.743099,26.498333,0.234218,0.474489,0.007281,0.000000,0.086950,197.387878,0.500000,0.866025
2017,1,0.000000,160.000000,2.500000,162.500000,4427.620000,13.631929,9.884543,0.609357,24.125828,29.992401,0.731982,28.921036,0.248944,0.513160,0.013375,0.000000,0.113755,198.223709,0.500000,0.866025
2017,1,0.000000,165.000000,2.500000,167.500000,6863.850000,11.358931,10.230410,0.027973,21.617314,29.406765,0.708111,31.723093,0.306741,93.163109,0.015384,0.002779,0.149686,200.453674,0.500000,0.866025
2017,1,0.000000,-165.000000,2.500000,-162.500000,1002.340000,3.065826,16.900453,0.000000,19.966279,,,,,,,,,,0.500000,0.866025
2017,1,0.000000,170.000000,2.500000,172.500000,4185.030000,10.698848,18.172869,0.222460,29.094176,28.789689,0.688111,29.124778,0.361110,128.796943,0.019153,0.019537,0.227639,202.350250,0.500000,0.866025
2017,1,0.000000,-170.000000,2.500000,-167.500000,4134.420000,3.138530,19.273804,0.000000,22.412334,,,,,,,,,,0.500000,0.866025
2017,1,0.000000,175.000000,2.500000,177.500000,7857.200000,13.322558,17.526091,0.128290,30.976938,28.281576,0.673282,29.444980,0.419163,0.482966,0.023365,0.000000,0.164380,203.103516,0.500000,0.866025
2017,1,0.000000,-175.000000,2.500000,-172.500000,8431.100000,4.026521,28.974985,0.147549,33.149055,,,,,,,,,,0.500000,0.866025
2017,1,0.000000,-180.000000,2.500000,-177.500000,3490.980000,3.637660,23.734023,0.008021,27.379704,,,,,,,,,,0.500000,0.866025
2017,1,5.000000,130.000000,7.500000,132.500000,1380.820000,13.075564,39.678597,0.000000,52.754161,28.991777,0.591906,24.939101,0.271736,129.662030,0.049751,0.007804,0.090093,198.208725,0.500000,0.866025
2017,1,5.000000,135.000000,7.500000,137.500000,2456.580000,8.766659,14.741226,0.000000,23.507885,29.145263,0.618603,31.911539,0.203944,128.474629,0.033495,0.006954,0.084433,197.817291,0.500000,0.866025
2017,1,5.000000,145.000000,7.500000,147.500000,1419.080000,20.448460,34.182710,0.085267,54.716436,29.254168,0.659204,40.698045,0.152329,0.576304,0.025714,0.000000,0.076945,197.969864,0.500000,0.866025
2017,1,5.000000,150.000000,7.500000,152.500000,2063.740000,11.315863,38.940467,0.223865,50.480196,29.303515,0.654254,42.865636,0.149398,117.283778,0.029637,0.004733,0.093208,198.154007,0.500000,0.866025
2017,1,5.000000,155.000000,7.500000,157.500000,4041.850000,11.724087,16.997909,0.138056,28.860052,29.283326,0.633781,43.455874,0.185397,124.343822,0.036590,0.003614,0.112285,198.836975,0.500000,0.866025
2017,1,5.000000,160.000000,7.500000,162.500000,1925.510000,11.808300,11.229752,0.134510,23.172562,29.059513,0.607135,45.949348,0.183907,0.619394,0.044179,0.000000,0.102513,198.716461,0.500000,0.866025
2017,1,5.000000,165.000000,7.500000,167.500000,9468.670000,12.292328,6.860626,0.021545,19.174499,28.997461,0.602348,43.592710,0.215567,130.736092,0.051770,0.085552,0.117940,199.550949,0.500000,0.866025
2017,1,5.000000,170.000000,7.500000,172.500000,1844.190000,8.696501,6.600730,0.000000,15.297231,28.739469,0.553573,40.304222,0.248385,130.125524,0.077388,0.077075,0.159217,200.056641,0.500000,0.866025
2017,1,5.000000,175.000000,7.500000,177.500000,2822.520000,7.330329,26.761192,0.014526,34.106047,28.600433,0.558113,43.867689,0.185413,0.490875,0.064866,0.000000,0.155093,200.337067,0.500000,0.866025
2017,1,5.000000,-175.000000,7.500000,-172.500000,2151.630000,13.004095,12.850722,1.299945,27.154762,,,,,,,,,,0.500000,0.866025
2017,1,5.000000,-180.000000,7.500000,-177.500000,1610.090000,9.801315,20.108814,0.334143,30.244272,,,,,,,,,,0.500000,0.866025
2017,1,-5.000000,120.000000,-2.500000,122.500000,2915.730000,12.152360,8.265512,0.000000,20.417871,29.911008,0.681294,14.889540,0.108473,136.445834,0.015578,0.221285,0.105951,198.655182,0.500000,0.866025
2017,1,-5.000000,125.000000,-2.500000,127.500000,4373.590000,12.152488,8.265521,0.000000,20.418009,29.600289,0.677595,19.460369,0.192986,134.196444,0.010462,0.143344,0.094789,197.896179,0.500000,0.866025
2017,1,-5.000000,130.000000,-2.500000,132.500000,1457.860000,12.152744,8.265540,0.000000,20.418284,29.783430,0.689531,17.975933,0.157803,136.168659,0.020848,0.214315,0.131134,197.552185,0.500000,0.866025
2017,1,-5.000000,-155.000000,-2.500000,-152.500000,5593.480000,1.699657,14.297897,0.003754,16.001309,,,,,,,,,,0.500000,0.866025
2017,1,-5.000000,160.000000,-2.500000,162.500000,12013.010000,21.031365,6.901268,0.351785,28.284418,30.419422,0.751137,20.129755,0.170835,0.452597,0.019417,0.000000,0.121551,198.491226,0.500000,0.866025
2017,1,-5.000000,-160.000000,-2.500000,-157.500000,8519.010000,5.404736,25.361867,0.023007,30.789611,,,,,,,,,,0.500000,0.866025
2017,1,-5.000000,165.000000,-2.500000,167.500000,1859.030000,8.013857,5.552896,1.436233,15.002985,30.131891,0.730753,22.745870,0.264202,0.506806,0.027782,0.000000,0.134948,200.398254,0.500000,0.866025
2017,1,-5.000000,-165.000000,-2.500000,-162.500000,8416.540000,6.072804,15.911051,0.071763,22.055619,,,,,,,,,,0.500000,0.866025
2017,1,-5.000000,-170.000000,-2.500000,-167.500000,12120.130000,8.347848,16.260799,0.606677,25.215324,,,,,,,,,,0.500000,0.866025
2017,1,-5.000000,175.000000,-2.500000,177.500000,7269.550000,9.938167,10.513443,0.576789,21.028399,29.258781,0.687614,31.189316,0.338322,92.556719,0.033047,0.001668,0.154914,202.069778,0.500000,0.866025
2017,1,-5.000000,-180.000000,-2.500000,-177.500000,6366.860000,8.555238,23.623576,0.023717,32.202530,,,,,,,,,,0.500000,0.866025
2017,1,10.000000,110.000000,12.500000,112.500000,17015.220000,19.194815,1.229311,0.000000,20.424126,27.152446,0.666792,26.786394,0.222578,2.374444,0.043360,0.149444,0.087869,205.724792,0.500000,0.866025
2017,1,10.000000,115.000000,12.500000,117.500000,17015.220000,19.194815,1.229311,0.000000,20.424126,28.046653,0.760741,33.795224,0.180760,126.058644,0.032429,0.067253,0.088953,202.681610,0.500000,0.866025
2017,1,10.000000,150.000000,12.500000,152.500000,2627.210000,10.576619,8.476673,2.919066,21.972359,28.277290,0.743190,45.763185,0.203181,0.392975,0.051713,0.000000,0.077144,201.014801,0.500000,0.866025
2017,1,10.000000,155.000000,12.500000,157.500000,5874.580000,7.763108,5.267951,0.483609,13.514668,28.164083,0.726189,41.855968,0.210623,0.499089,0.058870,0.000000,0.074186,201.976578,0.500000,0.866025
2017,1,10.000000,-165.000000,12.500000,-162.500000,2132.440000,7.175817,11.553432,0.199771,18.929020,,,,,,,,,,0.500000,0.866025
2017,1,10.000000,170.000000,12.500000,172.500000,1693.800000,17.195655,4.806943,1.141221,23.143819,27.464244,0.666340,49.478019,0.274638,55.512919,0.106988,0.003056,0.063549,204.473236,0.500000,0.866025
2017,1,10.000000,-170.000000,12.500000,-167.500000,4344.400000,10.457140,20.008056,0.451846,30.917043,,,,,,,,,,0.500000,0.866025
2017,1,10.000000,175.000000,12.500000,177.500000,9692.890000,18.520173,14.505787,0.287634,33.313594,27.391528,0.612031,50.161157,0.262434,0.793045,0.100276,0.008333,0.065493,204.886993,0.500000,0.866025
2017,1,10.000000,-175.000000,12.500000,-172.500000,4868.910000,14.678850,13.950350,1.126946,29.756147,,,,,,,,,,0.500000,0.866025
2017,1,10.000000,-180.000000,12.500000,-177.500000,2891.710000,16.635831,14.590329,1.140847,32.367008,,,,,,,,,,0.500000,0.866025
2017,1,-10.000000,-135.000000,-7.500000,-132.500000,2526.900000,3.398235,9.878507,0.025723,13.302465,,,,,,,,,,0.500000,0.866025
2017,1,-10.000000,-140.000000,-7.500000,-137.500000,1718.860000,5.955110,4.964919,0.088431,11.008459,,,,,,,,,,0.500000,0.866025
2017,1,-10.000000,150.000000,-7.500000,152.500000,1418.760000,39.085539,3.422707,0.000000,42.508247,30.244967,0.713408,12.966295,0.202871,136.703664,0.040052,0.080660,0.108808,198.176514,0.500000,0.866025
2017,1,-10.000000,155.000000,-7.500000,157.500000,3458.030000,22.657698,1.491312,0.000000,24.149010,30.312438,0.757379,14.077979,0.166167,137.579205,0.040809,0.108205,0.120994,197.577652,0.500000,0.866025
2017,1,-10.000000,160.000000,-7.500000,162.500000,5024.120000,17.212368,4.975399,0.002588,22.190354,30.225362,0.791468,16.937425,0.186583,135.390050,0.040792,0.031973,0.100470,196.644531,0.500000,0.866025
2017,1,-10.000000,165.000000,-7.500000,167.500000,3978.300000,8.072041,4.560742,2.355529,14.988312,30.111804,0.805636,18.324416,0.146872,0.274097,0.028446,0.000000,0.093397,196.821060,0.500000,0.866025
2017,1,-10.000000,-165.000000,-7.500000,-162.500000,1844.220000,16.331023,5.114357,0.482589,21.927970,,,,,,,,,,0.500000,0.866025
2017,1,-10.000000,-170.000000,-7.500000,-167.500000,5754.620000,9.725751,5.818803,2.189893,17.734446,,,,,,,,,,0.500000,0.866025
2017,1,-10.000000,175.000000,-7.500000,177.500000,3592.630000,3.292574,4.815135,4.908660,13.016370,29.975031,0.789248,24.619368,0.089531,0.410442,0.019806,0.000000,0.109462,197.690735,0.500000,0.866025
2017,1,-10.000000,-180.000000,-7.500000,-177.500000,5765.730000,6.154641,7.541976,2.804328,16.500946,,,,,,,,,,0.500000,0.866025
2017,1,15.000000,110.000000,17.500000,112.500000,17015.220000,19.194815,1.229311,0.000000,20.424126,25.125624,0.674133,46.515334,0.222205,104.982631,0.092135,0.220652,0.174134,211.314240,0.500000,0.866025
2017,1,15.000000,115.000000,17.500000,117.500000,17015.220000,19.194815,1.229311,0.000000,20.424126,25.584403,0.506599,24.843598,0.249529,121.804027,0.087352,0.427577,0.103442,207.878510,0.500000,0.866025
2017,1,15.000000,125.000000,17.500000,127.500000,1898.870000,4.828661,8.786805,27.859200,41.474667,27.115124,0.911329,79.258947,0.230579,1.626098,0.070016,0.064167,0.086924,203.704163,0.500000,0.866025
2017,1,15.000000,130.000000,17.500000,132.500000,2632.720000,5.532681,1.698244,13.272965,20.503890,27.159584,0.938279,74.634587,0.186842,2.230865,0.049488,0.168333,0.083018,203.711060,0.500000,0.866025
2017,1,15.000000,135.000000,17.500000,137.500000,4775.570000,7.880525,1.535942,33.913648,43.330116,27.267956,0.916805,72.227651,0.198006,1.566495,0.062666,0.035833,0.076585,202.971329,0.500000,0.866025
2017,1,15.000000,140.000000,17.500000,142.500000,3837.300000,13.695567,2.188779,27.734866,43.619211,27.571616,0.920602,73.637352,0.158480,1.285817,0.053179,0.046389,0.075870,203.051453,0.500000,0.866025
2017,1,15.000000,150.000000,17.500000,152.500000,1656.540000,9.170923,1.085395,7.390706,17.647023,27.464088,0.912985,60.042246,0.156382,0.904208,0.055645,0.003889,0.073979,203.595779,0.500000,0.866025
2017,1,15.000000,-160.000000,17.500000,-157.500000,4878.260000,8.808469,17.822748,0.000000,26.631217,,,,,,,,,,0.500000,0.866025
2017,1,15.000000,-165.000000,17.500000,-162.500000,4061.560000,12.219197,18.068427,0.157083,30.444706,,,,,,,,,,0.500000,0.866025
2017,1,15.000000,-175.000000,17.500000,-172.500000,4065.330000,7.705156,5.235245,2.719090,15.659491,,,,,,,,,,0.500000,0.866025
2017,1,-15.000000,-135.000000,-12.500000,-132.500000,13565.810000,1.790236,2.778824,28.027224,32.596284,,,,,,,,,,0.500000,0.866025
2017,1,-15.000000,-140.000000,-12.500000,-137.500000,8957.180000,1.646277,1.466086,33.562907,36.675271,,,,,,,,,,0.500000,0.866025
2017,1,-15.000000,145.000000,-12.500000,147.500000,3089.960000,28.774806,2.304884,0.742404,31.822095,29.593419,0.683183,12.268803,0.138747,138.406236,0.033802,0.055227,0.106819,198.910919,0.500000,0.866025
2017,1,-15.000000,-145.000000,-12.500000,-142.500000,1681.580000,4.847822,3.723879,11.389289,19.960989,,,,,,,,,,0.500000,0.866025
2017,1,-15.000000,150.000000,-12.500000,152.500000,4980.380000,29.111835,2.002458,1.549480,32.663773,29.866220,0.704876,12.032065,0.111313,133.531814,0.032121,0.060136,0.108156,198.646515,0.500000,0.866025
2017,1,-15.000000,155.000000,-12.500000,157.500000,2226.430000,21.326518,2.299646,5.262685,28.888849,30.097424,0.700120,12.524500,0.204362,0.584435,0.081964,0.000000,0.101592,198.503403,0.500000,0.866025
2017,1,-15.000000,170.000000,-12.500000,172.500000,2503.430000,23.721055,7.945099,4.823382,36.489536,29.887621,0.737302,15.277355,0.133569,0.639324,0.044287,0.000000,0.064500,197.429993,0.500000,0.866025
2017,1,-15.000000,-175.000000,-12.500000,-172.500000,7899.110000,3.524321,0.768441,6.595173,10.887935,,,,,,,,,,0.500000,0.866025
2017,1,20.000000,125.000000,22.500000,127.500000,2338.240000,3.417955,6.746527,20.643304,30.807787,25.079003,1.111454,102.019658,0.187587,79.097827,0.093580,0.264869,0.152712,212.682526,0.500000,0.866025
2017,1,20.000000,135.000000,22.500000,137.500000,3917.220000,9.442921,3.973736,31.540736,44.957393,24.757696,0.954732,77.685505,0.125867,2.584165,0.060319,0.460556,0.090879,210.560974,0.500000,0.866025
2017,1,20.000000,140.000000,22.500000,142.500000,5956.670000,11.372965,4.509567,32.827570,48.710101,25.355829,0.957500,80.752200,0.160330,47.346255,0.089366,0.427897,0.080380,209.497620,0.500000,0.866025
2017,1,20.000000,145.000000,22.500000,147.500000,5207.180000,10.300969,2.602560,33.279241,46.182771,25.796270,0.959274,74.821046,0.140820,2.525750,0.052212,0.363889,0.078500,208.055038,0.500000,0.866025
2017,1,20.000000,-160.000000,22.500000,-157.500000,4537.210000,5.902746,11.667743,0.221722,17.792212,,,,,,,,,,0.500000,0.866025
2017,1,20.000000,-165.000000,22.500000,-162.500000,2151.340000,8.881906,16.360966,0.000000,25.242872,,,,,,,,,,0.500000,0.866025
2017,1,20.000000,-180.000000,22.500000,-177.500000,1541.830000,16.309191,7.737559,19.767419,43.814169,,,,,,,,,,0.500000,0.866025
2017,1,-20.000000,-135.000000,-17.500000,-132.500000,11062.430000,1.801413,2.542299,29.903376,34.247087,,,,,,,,,,0.500000,0.866025
2017,1,-20.000000,-145.000000,-17.500000,-142.500000,2071.680000,9.121582,2.401915,9.436303,20.959801,,,,,,,,,,0.500000,0.866025
2017,1,-20.000000,-150.000000,-17.500000,-147.500000,2384.490000,4.096054,1.661571,9.644410,15.402036,,,,,,,,,,0.500000,0.866025
2017,1,-20.000000,-155.000000,-17.500000,-152.500000,1365.220000,3.336459,1.972576,10.777750,16.086785,,,,,,,,,,0.500000,0.866025
2017,1,-20.000000,160.000000,-17.500000,162.500000,2064.220000,38.490568,13.589637,20.458091,72.538295,29.076466,0.766766,12.779701,0.129845,57.159838,0.034218,0.081134,0.097925,201.055038,0.500000,0.866025
2017,1,-20.000000,-160.000000,-17.500000,-157.500000,2216.420000,0.166485,0.485016,11.293888,11.945389,,,,,,,,,,0.500000,0.866025
2017,1,-20.000000,165.000000,-17.500000,167.500000,1368.530000,4.886265,1.965613,3.135481,9.987359,29.023121,0.739286,13.112294,0.112100,131.844256,0.022137,0.075050,0.103841,201.138321,0.500000,0.866025
2017,1,-20.000000,170.000000,-17.500000,172.500000,20515.320000,5.920551,0.607302,72.656142,79.183995,28.906668,0.728982,13.156615,0.141200,1.224770,0.052940,0.050000,0.087693,201.017349,0.500000,0.866025
2017,1,-20.000000,-170.000000,-17.500000,-167.500000,1823.690000,2.143456,0.168340,7.580784,9.892580,,,,,,,,,,0.500000,0.866025
2017,1,-20.000000,175.000000,-17.500000,177.500000,12495.570000,8.719010,1.580320,8.158731,18.458062,29.172003,0.744211,12.717032,0.111866,134.541651,0.031944,0.184141,0.099699,200.665604,0.500000,0.866025
2017,1,-20.000000,-175.000000,-17.500000,-172.500000,6531.310000,2.202008,0.450446,15.611723,18.264177,,,,,,,,,,0.500000,0.866025
2017,1,-20.000000,-180.000000,-17.500000,-177.500000,5526.930000,10.197343,1.908474,6.997194,19.103010,,,,,,,,,,0.500000,0.866025
2017,1,25.000000,125.000000,27.500000,127.500000,1098.450000,0.737403,0.335018,1.608630,2.681051,22.806193,0.884387,94.948692,0.249482,103.922131,0.256570,0.479921,0.404010,219.205887,0.500000,0.866025
2017,1,25.000000,130.000000,27.500000,132.500000,9814.590000,1.643064,4.277509,31.499431,37.420004,22.644694,0.983040,106.899331,0.157732,46.672524,0.082557,0.411503,0.278836,219.104187,0.500000,0.866025
2017,1,25.000000,135.000000,27.500000,137.500000,4975.930000,0.955801,2.670858,23.700293,27.326952,21.626577,0.946746,106.594801,0.114817,3.248203,0.058173,0.205833,0.314112,220.690689,0.500000,0.866025
2017,1,25.000000,140.000000,27.500000,142.500000,4795.110000,2.639564,2.087335,33.191731,37.918630,21.871265,0.909509,96.073188,0.108126,44.702747,0.066015,0.390942,0.118223,224.140686,0.500000,0.866025
2017,1,25.000000,145.000000,27.500000,147.500000,1775.710000,3.471851,4.561556,41.399215,49.432621,22.421319,0.970917,88.459472,0.120189,5.040744,0.062262,0.514722,0.083613,222.572311,0.500000,0.866025
2017,1,25.000000,-160.000000,27.500000,-157.500000,10634.430000,5.807457,15.552126,0.320186,21.679770,,,,,,,,,,0.500000,0.866025
2017,1,25.000000,-165.000000,27.500000,-162.500000,13153.110000,8.498674,17.635297,1.386972,27.520944,,,,,,,,,,0.500000,0.866025
2017,1,25.000000,-170.000000,27.500000,-167.500000,6709.700000,21.148785,12.484612,12.225584,45.858980,,,,,,,,,,0.500000,0.866025
2017,1,25.000000,175.000000,27.500000,177.500000,1059.730000,3.308390,5.783549,18.057430,27.149368,23.030009,0.738187,62.679087,0.128173,5.446537,0.087752,0.566389,0.051741,219.655350,0.500000,0.866025
2017,1,-25.000000,-145.000000,-22.500000,-142.500000,2658.360000,3.857265,1.452399,23.644277,28.953942,,,,,,,,,,0.500000,0.866025
2017,1,-25.000000,150.000000,-22.500000,152.500000,2267.550000,16.909881,1.220701,4.440034,22.570616,28.105617,0.637059,16.158722,0.203612,127.866679,0.098228,0.358219,0.136210,202.403442,0.500000,0.866025
2017,1,-25.000000,-150.000000,-22.500000,-147.500000,1757.150000,6.109894,2.473323,17.127166,25.710383,,,,,,,,,,0.500000,0.866025
2017,1,-25.000000,160.000000,-22.500000,162.500000,2045.700000,10.322628,0.543579,60.381288,71.247495,26.884017,0.702972,14.232896,0.143469,129.268754,0.049029,0.224036,0.090788,206.649170,0.500000,0.866025
2017,1,-25.000000,-160.000000,-22.500000,-157.500000,1517.350000,1.184302,0.844894,7.656111,9.685307,,,,,,,,,,0.500000,0.866025
2017,1,-25.000000,165.000000,-22.500000,167.500000,1703.330000,11.691804,0.587672,33.611220,45.890696,27.056962,0.739940,13.538036,0.158853,127.168978,0.071507,0.300985,0.094290,207.083282,0.500000,0.866025
2017,1,-25.000000,170.000000,-22.500000,172.500000,11269.390000,1.183560,0.215540,36.077463,37.476563,26.633445,0.714050,12.999656,0.194165,1.558738,0.080099,0.156667,0.092021,207.462524,0.500000,0.866025
2017,1,-25.000000,175.000000,-22.500000,177.500000,8230.250000,6.463109,1.142250,20.955014,28.560372,26.767413,0.737503,13.589088,0.143643,2.861514,0.055701,0.156667,0.088047,207.853516,0.500000,0.866025
2017,1,-25.000000,-175.000000,-22.500000,-172.500000,3148.820000,34.265852,1.196321,6.141031,41.603204,,,,,,,,,,0.500000,0.866025
2017,1,-25.000000,-180.000000,-22.500000,-177.500000,4938.770000,13.148415,1.246869,20.718317,35.113601,,,,,,,,,,0.500000,0.866025
2017,1,30.000000,130.000000,32.500000,132.500000,6108.060000,1.751293,5.836550,25.153649,32.741492,19.325318,0.710071,78.899465,0.370966,100.300969,0.337486,0.700578,0.607521,224.659943,0.500000,0.866025
2017,1,30.000000,135.000000,32.500000,137.500000,9847.780000,2.306408,7.079870,25.634001,35.020279,19.863034,0.900241,108.661447,0.440234,86.692301,0.405291,0.562538,0.527395,221.587143,0.500000,0.866025
2017,1,30.000000,140.000000,32.500000,142.500000,8831.550000,0.859419,2.249548,5.545346,8.654313,20.048804,0.904046,121.472744,0.285770,29.331379,0.244667,0.391944,0.434611,223.135269,0.500000,0.866025
2017,1,30.000000,145.000000,32.500000,147.500000,1119.180000,0.364553,2.437499,20.228203,23.030254,19.893435,0.918088,123.161774,0.218026,4.093033,0.186776,0.353611,0.379986,231.444901,0.500000,0.866025
2017,1,30.000000,-160.000000,32.500000,-157.500000,1093.040000,6.938447,10.718729,5.371258,23.028434,,,,,,,,,,0.500000,0.866025
2017,1,30.000000,165.000000,32.500000,167.500000,1103.080000,0.119665,3.890017,57.160859,61.170541,19.303587,0.732120,104.135178,0.236183,3.347601,0.151860,0.481667,0.218106,239.865112,0.500000,0.866025
2017,1,30.000000,-165.000000,32.500000,-162.500000,2982.070000,8.173852,11.650967,13.280708,33.105527,,,,,,,,,,0.500000,0.866025
2017,1,30.000000,170.000000,32.500000,172.500000,3146.490000,1.770862,13.281148,27.840228,42.892239,19.203802,0.669004,96.630125,0.254720,3.581153,0.149545,0.501111,0.173247,240.465347,0.500000,0.866025
2017,1,30.000000,-170.000000,32.500000,-167.500000,6917.490000,18.878668,5.586275,12.941255,37.406198,,,,,,,,,,0.500000,0.866025
2017,1,30.000000,175.000000,32.500000,177.500000,4547.630000,5.989274,10.529880,27.069485,43.588638,18.855401,0.593752,76.759777,0.207991,5.485714,0.139514,0.458889,0.151260,239.970276,0.500000,0.866025
2017,1,30.000000,-175.000000,32.500000,-172.500000,5876.040000,16.747844,8.457907,17.303490,42.509241,,,,,,,,,,0.500000,0.866025
2017,1,-30.000000,155.000000,-27.500000,157.500000,2191.470000,1.989988,3.976783,1.406362,7.373133,25.624614,0.592406,15.428252,0.289267,2.140030,0.158755,0.154444,0.085298,210.396988,0.500000,0.866025
2017,1,35.000000,140.000000,37.500000,142.500000,3232.190000,1.216203,6.570158,13.654519,21.440881,15.360094,0.327028,95.743399,0.393723,77.959810,0.378681,0.830195,0.487356,224.097748,0.500000,0.866025
2017,2,0.000000,120.000000,2.500000,122.500000,2674.560000,9.936214,6.758121,0.000000,16.694335,28.802043,0.671787,16.380683,0.205804,131.879928,0.020539,0.067660,0.100585,200.055222,0.866025,0.500000
2017,2,0.000000,125.000000,2.500000,127.500000,3566.080000,9.936120,6.758121,0.000000,16.694241,28.766302,0.610721,16.223275,0.368755,135.568249,0.069577,0.137629,0.101057,199.757217,0.866025,0.500000
2017,2,0.000000,140.000000,2.500000,142.500000,2784.670000,6.810861,8.438343,0.655374,15.904578,29.675658,0.731511,20.339655,0.266882,0.317960,0.016185,0.000000,0.112556,198.625900,0.866025,0.500000
2017,2,0.000000,145.000000,2.500000,147.500000,1111.960000,12.468974,4.904853,0.250009,17.623835,30.109450,0.759413,21.585997,0.337262,0.253051,0.015619,0.000000,0.097890,197.922668,0.866025,0.500000
2017,2,0.000000,150.000000,2.500000,152.500000,1254.820000,14.910505,5.366507,0.854306,21.131318,30.284751,0.781884,21.061757,0.379273,0.392941,0.014491,0.000000,0.090089,197.495026,0.866025,0.500000
2017,2,0.000000,155.000000,2.500000,157.500000,6631.140000,21.737590,7.979171,3.592293,33.309054,30.232777,0.780368,23.999248,0.368445,0.431349,0.013044,0.000000,0.087000,197.073914,0.866025,0.500000
2017,2,0.000000,-155.000000,2.500000,-152.500000,1180.100000,1.425303,18.673841,0.000000,20.099144,,,,,,,,,,0.866025,0.500000
2017,2,0.000000,160.000000,2.500000,162.500000,2665.940000,11.520514,12.279346,0.773461,24.573321,29.835441,0.760374,24.471056,0.379670,0.426461,0.023198,0.000000,0.113507,197.908325,0.866025,0.500000
2017,2,0.000000,165.000000,2.500000,167.500000,5788.860000,7.134393,10.277671,0.042841,17.454905,28.918841,0.723071,27.367971,0.402477,92.077740,0.031768,0.013897,0.165647,200.286209,0.866025,0.500000
2017,2,0.000000,170.000000,2.500000,172.500000,1363.170000,2.120058,13.533895,0.937521,16.591474,28.230114,0.696021,25.005716,0.508326,126.142792,0.033741,0.036282,0.210204,202.282837,0.866025,0.500000
2017,2,0.000000,-170.000000,2.500000,-167.500000,7315.270000,1.719144,18.154627,0.122757,19.996528,,,,,,,,,,0.866025,0.500000
2017,2,0.000000,175.000000,2.500000,177.500000,4207.110000,2.913401,10.948846,0.720209,14.582457,27.958617,0.677810,31.401301,0.504588,1.615911,0.035478,0.026667,0.169330,202.889175,0.866025,0.500000
2017,2,0.000000,-175.000000,2.500000,-172.500000,12607.140000,2.923661,26.618091,0.254935,29.796687,,,,,,,,,,0.866025,0.500000
2017,2,0.000000,-180.000000,2.500000,-177.500000,1652.510000,2.308609,26.257027,0.000000,28.565637,,,,,,,,,,0.866025,0.500000
2017,2,5.000000,130.000000,7.500000,132.500000,3682.490000,7.320862,55.200693,0.000000,62.521555,28.442080,0.506841,22.415412,0.260566,127.891716,0.034832,0.007804,0.084595,199.446411,0.866025,0.500000
2017,2,5.000000,150.000000,7.500000,152.500000,4360.390000,12.459665,25.017028,1.125129,38.601822,29.334485,0.665232,36.548083,0.219979,117.576740,0.049823,0.005568,0.075805,198.081650,0.866025,0.500000
2017,2,5.000000,155.000000,7.500000,157.500000,3735.770000,16.507708,21.990915,0.449439,38.948062,29.203564,0.655165,42.237509,0.218988,124.725026,0.048731,0.021129,0.084908,198.520004,0.866025,0.500000
2017,2,5.000000,165.000000,7.500000,167.500000,8659.630000,10.791916,9.448787,0.045037,20.285740,29.005523,0.655129,43.749539,0.203559,131.148498,0.066452,0.084986,0.112533,199.012161,0.866025,0.500000
2017,2,5.000000,170.000000,7.500000,172.500000,1138.150000,7.462988,4.256030,0.000000,11.719018,28.708880,0.608889,38.281244,0.220838,130.386928,0.071505,0.039662,0.162128,199.888336,0.866025,0.500000
2017,2,5.000000,-170.000000,7.500000,-167.500000,4232.820000,2.090568,10.664285,0.634801,13.389655,,,,,,,,,,0.866025,0.500000
2017,2,5.000000,175.000000,7.500000,177.500000,7825.870000,7.059918,19.343664,0.127781,26.531363,28.505142,0.589588,43.822335,0.177905,0.846062,0.062919,0.002500,0.177218,200.845154,0.866025,0.500000
2017,2,5.000000,-175.000000,7.500000,-172.500000,3926.590000,2.156833,13.971410,0.627007,16.755251,,,,,,,,,,0.866025,0.500000
2017,2,5.000000,-180.000000,7.500000,-177.500000,5110.720000,4.153427,21.001542,0.293501,25.448469,,,,,,,,,,0.866025,0.500000
2017,2,-5.000000,120.000000,-2.500000,122.500000,3566.080000,9.936120,6.758121,0.000000,16.694241,29.594485,0.685958,15.236091,0.106919,134.991586,0.013791,0.240562,0.111026,198.811600,0.866025,0.500000
2017,2,-5.000000,125.000000,-2.500000,127.500000,5349.120000,9.936214,6.758121,0.000000,16.694335,29.484353,0.680296,19.955941,0.162924,133.580287,0.008758,0.169350,0.092728,197.876373,0.866025,0.500000
2017,2,-5.000000,130.000000,-2.500000,132.500000,1783.040000,9.936401,6.758121,0.000000,16.694522,29.574130,0.684916,17.256974,0.177514,134.627821,0.018981,0.216384,0.152001,197.738266,0.866025,0.500000
2017,2,-5.000000,155.000000,-2.500000,157.500000,3660.840000,38.962369,9.389921,0.066651,48.418942,30.404718,0.803043,16.898947,0.322956,0.407504,0.025969,0.000000,0.118490,197.307205,0.866025,0.500000
2017,2,-5.000000,-165.000000,-2.500000,-162.500000,2437.430000,6.938456,12.104142,0.978079,20.020678,,,,,,,,,,0.866025,0.500000
2017,2,-5.000000,-170.000000,-2.500000,-167.500000,2245.670000,5.873525,12.240000,0.144278,18.257803,,,,,,,,,,0.866025,0.500000
2017,2,-5.000000,-180.000000,-2.500000,-177.500000,2911.930000,7.400247,12.572761,0.516496,20.489504,,,,,,,,,,0.866025,0.500000
2017,2,10.000000,110.000000,12.500000,112.500000,23654.950000,13.807004,0.884255,0.000000,14.691259,26.543560,0.655329,26.071625,0.227572,1.835124,0.054935,0.187222,0.094308,206.747284,0.866025,0.500000
2017,2,10.000000,115.000000,12.500000,117.500000,23654.950000,13.807004,0.884255,0.000000,14.691259,27.584466,0.728950,26.301431,0.197839,123.266582,0.054093,0.070658,0.104667,204.848495,0.866025,0.500000
2017,2,10.000000,130.000000,12.500000,132.500000,5796.320000,4.519419,0.516535,0.032779,5.068733,27.797949,0.713649,49.971773,0.278239,0.697042,0.083446,0.000000,0.098918,201.597092,0.866025,0.500000
2017,2,10.000000,135.000000,12.500000,137.500000,4075.340000,2.076637,0.178145,1.010468,3.265249,28.132452,0.737712,44.105060,0.234299,114.899626,0.061678,0.001946,0.089951,201.154510,0.866025,0.500000
2017,2,10.000000,140.000000,12.500000,142.500000,2231.320000,6.166753,7.693204,1.007027,14.866985,28.331348,0.770080,40.310928,0.192080,89.012508,0.050067,0.004174,0.082141,201.168198,0.866025,0.500000
2017,2,10.000000,150.000000,12.500000,152.500000,3142.930000,4.331309,0.424445,0.826617,5.582371,28.246250,0.764360,40.138920,0.209978,0.437750,0.054252,0.000000,0.077307,201.765747,0.866025,0.500000
2017,2,10.000000,155.000000,12.500000,157.500000,18384.970000,3.470879,0.664891,0.591461,4.727231,27.986051,0.753091,39.616969,0.220858,0.784899,0.058149,0.003611,0.073209,202.375839,0.866025,0.500000
2017,2,10.000000,-165.000000,12.500000,-162.500000,2135.120000,7.566319,18.788640,1.398048,27.753007,,,,,,,,,,0.866025,0.500000
2017,2,10.000000,170.000000,12.500000,172.500000,2540.510000,7.608315,11.435499,0.788424,19.832238,27.528374,0.691229,40.983036,0.239164,55.929180,0.086276,0.003056,0.071000,204.279022,0.866025,0.500000
2017,2,10.000000,-170.000000,12.500000,-167.500000,10514.400000,11.010138,13.384787,0.834665,25.229590,,,,,,,,,,0.866025,0.500000
2017,2,10.000000,175.000000,12.500000,177.500000,8165.150000,9.024084,11.096061,0.198282,20.318426,27.254263,0.658344,38.424840,0.224174,0.827104,0.076595,0.005278,0.069756,205.311890,0.866025,0.500000
2017,2,10.000000,-175.000000,12.500000,-172.500000,9478.140000,6.611213,12.067452,0.494823,19.173488,,,,,,,,,,0.866025,0.500000
2017,2,10.000000,-180.000000,12.500000,-177.500000,3713.640000,8.665622,24.708911,0.449694,33.824226,,,,,,,,,,0.866025,0.500000
2017,2,-10.000000,-135.000000,-7.500000,-132.500000,3384.290000,2.945079,9.279642,7.002946,19.227667,,,,,,,,,,0.866025,0.500000
2017,2,-10.000000,-140.000000,-7.500000,-137.500000,2322.700000,3.648771,8.270117,7.727214,19.646102,,,,,,,,,,0.866025,0.500000
2017,2,-10.000000,-145.000000,-7.500000,-142.500000,2508.300000,6.530718,7.564087,27.521828,41.616633,,,,,,,,,,0.866025,0.500000
2017,2,-10.000000,-150.000000,-7.500000,-147.500000,2635.130000,8.143431,8.378714,15.814021,32.336166,,,,,,,,,,0.866025,0.500000
2017,2,-10.000000,155.000000,-7.500000,157.500000,5194.220000,28.527094,4.183689,1.002268,33.713050,30.029028,0.811435,18.448231,0.203704,135.690099,0.036627,0.100773,0.115476,196.773209,0.866025,0.500000
2017,2,-10.000000,160.000000,-7.500000,162.500000,4026.600000,23.592361,4.360503,0.037004,27.989867,30.024277,0.862147,23.279229,0.234056,134.049025,0.042383,0.031973,0.086680,196.243011,0.866025,0.500000
2017,2,-10.000000,165.000000,-7.500000,167.500000,5511.530000,11.180743,6.486584,0.556470,18.223796,29.971197,0.866399,24.182910,0.158115,0.251366,0.028823,0.000000,0.086841,196.603012,0.866025,0.500000
2017,2,-10.000000,-165.000000,-7.500000,-162.500000,2338.970000,8.555048,8.256626,0.638315,17.449989,,,,,,,,,,0.866025,0.500000
2017,2,-10.000000,170.000000,-7.500000,172.500000,3296.660000,13.174546,5.689091,1.001013,19.864651,29.953314,0.864734,27.618108,0.178091,0.430050,0.025484,0.000000,0.096693,197.082367,0.866025,0.500000
2017,2,-10.000000,-170.000000,-7.500000,-167.500000,2967.090000,7.701148,8.679211,0.827747,17.208106,,,,,,,,,,0.866025,0.500000
2017,2,-10.000000,-180.000000,-7.500000,-177.500000,3939.460000,8.805268,5.645951,1.770040,16.221259,,,,,,,,,,0.866025,0.500000
2017,2,15.000000,110.000000,17.500000,112.500000,23654.950000,13.807004,0.884255,0.000000,14.691259,24.263867,0.607316,36.373893,0.220572,100.560439,0.095104,0.331122,0.164777,214.381363,0.866025,0.500000
2017,2,15.000000,115.000000,17.500000,117.500000,23654.950000,13.807004,0.884255,0.000000,14.691259,25.128740,0.507003,23.007217,0.221073,119.111057,0.081534,0.425348,0.113685,211.172714,0.866025,0.500000
2017,2,15.000000,125.000000,17.500000,127.500000,4005.830000,11.319252,1.106387,7.918708,20.344348,26.285818,0.919858,66.965073,0.212492,1.684851,0.056942,0.114722,0.094839,207.101151,0.866025,0.500000
2017,2,15.000000,130.000000,17.500000,132.500000,3271.560000,9.060815,4.755224,21.599482,35.415520,26.269849,0.920376,62.455243,0.200937,3.132366,0.065880,0.182778,0.101421,206.566071,0.866025,0.500000
2017,2,15.000000,135.000000,17.500000,137.500000,2182.920000,5.982354,3.224580,16.132978,25.339912,26.394066,0.926801,63.557724,0.177903,1.209833,0.048737,0.080278,0.096411,206.415344,0.866025,0.500000
2017,2,15.000000,140.000000,17.500000,142.500000,1325.230000,7.142156,2.307524,10.530248,19.979928,26.884996,0.936956,68.025252,0.169716,2.144189,0.052612,0.096389,0.085925,206.085983,0.866025,0.500000
2017,2,15.000000,150.000000,17.500000,152.500000,1983.250000,6.172192,1.977058,10.980966,19.130216,27.132369,0.919321,49.858939,0.164031,1.587612,0.042116,0.054444,0.081020,205.095261,0.866025,0.500000
2017,2,15.000000,155.000000,17.500000,157.500000,1233.000000,6.230333,1.232766,19.626926,27.090024,27.040655,0.884282,41.551207,0.134051,0.977905,0.043357,0.018611,0.072441,205.326447,0.866025,0.500000
2017,2,15.000000,160.000000,17.500000,162.500000,1476.600000,4.632263,0.484221,3.466071,8.582555,26.969326,0.856113,37.890639,0.119779,1.360769,0.040044,0.064167,0.061924,205.458908,0.866025,0.500000
2017,2,15.000000,-160.000000,17.500000,-157.500000,8957.230000,8.282583,16.443141,0.000000,24.725724,,,,,,,,,,0.866025,0.500000
2017,2,15.000000,165.000000,17.500000,167.500000,2382.850000,3.081604,0.718467,2.912479,6.712550,27.076516,0.882987,38.423187,0.134047,1.462462,0.040859,0.049167,0.057310,205.746719,0.866025,0.500000
2017,2,15.000000,-165.000000,17.500000,-162.500000,6732.810000,8.259107,16.405037,1.419170,26.083314,,,,,,,,,,0.866025,0.500000
2017,2,15.000000,175.000000,17.500000,177.500000,1120.630000,10.643120,4.186931,13.390682,28.220733,26.832054,0.856405,39.708949,0.159694,1.261719,0.057273,0.051944,0.053678,207.170135,0.866025,0.500000
2017,2,-15.000000,-135.000000,-12.500000,-132.500000,21624.960000,3.813787,4.082551,24.621363,32.517702,,,,,,,,,,0.866025,0.500000
2017,2,-15.000000,-140.000000,-12.500000,-137.500000,7437.580000,3.121849,3.129647,24.729146,30.980642,,,,,,,,,,0.866025,0.500000
2017,2,-15.000000,-145.000000,-12.500000,-142.500000,4940.130000,5.117274,2.755191,10.850119,18.722584,,,,,,,,,,0.866025,0.500000
2017,2,-15.000000,150.000000,-12.500000,152.500000,5248.970000,27.594366,3.327891,10.631800,41.554057,29.834429,0.715642,14.320781,0.140869,133.332694,0.031030,0.026821,0.099347,197.660522,0.866025,0.500000
2017,2,-15.000000,-150.000000,-12.500000,-147.500000,1544.600000,4.151237,1.671630,7.548233,13.371099,,,,,,,,,,0.866025,0.500000
2017,2,-15.000000,155.000000,-12.500000,157.500000,5226.400000,24.588053,2.010179,15.728991,42.327223,29.994494,0.710031,16.619109,0.191222,0.727583,0.049582,0.000556,0.090934,197.421875,0.866025,0.500000
2017,2,-15.000000,160.000000,-12.500000,162.500000,2586.410000,12.529336,1.869773,13.842353,28.241462,29.687209,0.681323,17.142317,0.156732,133.441076,0.033176,0.018555,0.083701,197.447418,0.866025,0.500000
2017,2,-15.000000,170.000000,-12.500000,172.500000,7372.800000,7.722032,2.811957,16.760661,27.294651,29.824418,0.772261,22.579544,0.128748,0.471687,0.034432,0.000000,0.065763,196.980469,0.866025,0.500000
2017,2,-15.000000,-170.000000,-12.500000,-167.500000,2902.060000,5.152891,1.792864,9.332681,16.278437,,,,,,,,,,0.866025,0.500000
2017,2,-15.000000,175.000000,-12.500000,177.500000,2950.450000,12.354387,2.995136,15.547120,30.896643,29.767156,0.836956,29.422345,0.148063,0.423008,0.046092,0.000000,0.061429,196.783752,0.866025,0.500000
2017,2,-15.000000,-175.000000,-12.500000,-172.500000,7059.050000,6.117679,0.811157,17.051445,23.980281,,,,,,,,,,0.866025,0.500000
2017,2,20.000000,120.000000,22.500000,122.500000,1011.140000,5.359297,2.009613,2.910576,10.279487,24.335308,0.946710,71.570995,0.289962,110.833001,0.168858,0.278302,0.342016,213.309692,0.866025,0.500000
2017,2,20.000000,125.000000,22.500000,127.500000,1559.250000,9.323713,1.990701,11.306077,22.620491,23.776221,1.012660,81.264654,0.187462,76.375250,0.096214,0.395497,0.242817,217.494629,0.866025,0.500000
2017,2,20.000000,135.000000,22.500000,137.500000,2750.270000,3.900344,2.730277,21.748774,28.379395,23.590983,0.939822,73.151684,0.126680,3.986407,0.071262,0.431389,0.164880,215.340515,0.866025,0.500000
2017,2,20.000000,140.000000,22.500000,142.500000,2316.180000,4.948665,2.825342,27.454688,35.228696,24.319009,0.929378,68.719775,0.162349,45.597103,0.072018,0.441789,0.114438,214.082932,0.866025,0.500000
2017,2,20.000000,145.000000,22.500000,147.500000,4030.540000,7.072750,2.542091,28.132459,37.747299,24.426514,0.931651,59.694462,0.147169,4.602708,0.067412,0.454444,0.096237,212.897934,0.866025,0.500000
2017,2,20.000000,150.000000,22.500000,152.500000,2552.770000,5.300517,2.465949,27.694230,35.460696,24.904756,0.899996,54.742791,0.125319,5.061932,0.049148,0.319722,0.080251,212.347107,0.866025,0.500000
2017,2,20.000000,155.000000,22.500000,157.500000,2331.350000,4.871426,2.679563,31.504493,39.055483,24.910650,0.881385,50.106817,0.152475,3.606694,0.062364,0.381944,0.073959,211.985077,0.866025,0.500000
2017,2,-20.000000,-135.000000,-17.500000,-132.500000,5642.870000,1.960350,1.459364,18.309477,21.729191,,,,,,,,,,0.866025,0.500000
2017,2,-20.000000,-140.000000,-17.500000,-137.500000,1889.450000,1.147953,2.202228,17.387600,20.737781,,,,,,,,,,0.866025,0.500000
2017,2,-20.000000,-145.000000,-17.500000,-142.500000,2408.940000,7.624515,1.361595,8.455171,17.441281,,,,,,,,,,0.866025,0.500000
2017,2,-20.000000,-150.000000,-17.500000,-147.500000,2483.920000,5.418049,0.994396,6.702309,13.114754,,,,,,,,,,0.866025,0.500000
2017,2,-20.000000,-155.000000,-17.500000,-152.500000,1715.360000,2.733537,2.576136,8.806898,14.116570,,,,,,,,,,0.866025,0.500000
2017,2,-20.000000,165.000000,-17.500000,167.500000,1107.330000,31.419721,5.074368,7.974136,44.468225,28.875829,0.704992,16.434188,0.092663,131.383698,0.018289,0.077628,0.095375,199.701843,0.866025,0.500000
2017,2,-20.000000,170.000000,-17.500000,172.500000,21887.760000,5.038981,0.720860,37.800807,43.560648,28.995797,0.725457,15.925449,0.150535,1.802897,0.053523,0.052778,0.086047,199.726471,0.866025,0.500000
2017,2,-20.000000,-170.000000,-17.500000,-167.500000,1794.670000,1.920130,0.372770,8.989396,11.282297,,,,,,,,,,0.866025,0.500000
2017,2,-20.000000,175.000000,-17.500000,177.500000,14041.350000,11.119942,3.265356,12.572295,26.957593,29.178438,0.718578,14.475813,0.114404,134.111684,0.038733,0.181498,0.101018,199.229401,0.866025,0.500000
2017,2,-20.000000,-175.000000,-17.500000,-172.500000,5163.140000,4.761637,1.118699,11.635168,17.515504,,,,,,,,,,0.866025,0.500000
2017,2,-20.000000,-180.000000,-17.500000,-177.500000,3462.160000,11.010756,2.306652,8.149826,21.467234,,,,,,,,,,0.866025,0.500000
2017,2,25.000000,130.000000,27.500000,132.500000,2693.880000,3.737731,3.395474,27.918096,35.051301,21.823976,0.983071,122.050894,0.201008,44.713782,0.130717,0.311475,0.369677,220.760483,0.866025,0.500000
2017,2,25.000000,135.000000,27.500000,137.500000,5902.040000,2.112151,3.598078,41.916354,47.626583,20.198197,0.905102,125.826973,0.123799,2.885793,0.057053,0.330833,0.446327,223.409225,0.866025,0.500000
2017,2,25.000000,140.000000,27.500000,142.500000,5658.560000,1.510455,1.750799,46.651445,49.912699,20.819680,0.890170,109.485222,0.121613,45.026126,0.073929,0.537371,0.206487,229.854141,0.866025,0.500000
2017,2,25.000000,150.000000,27.500000,152.500000,1608.130000,1.826967,3.617245,46.915361,52.359573,21.039732,0.886525,92.802172,0.120861,7.043821,0.063888,0.491111,0.147151,229.544907,0.866025,0.500000
2017,2,25.000000,-155.000000,27.500000,-152.500000,3580.160000,8.611068,16.841985,0.570924,26.023977,,,,,,,,,,0.866025,0.500000
2017,2,25.000000,160.000000,27.500000,162.500000,1081.600000,10.511280,3.624260,23.556768,37.692308,21.122817,0.822420,79.574050,0.115307,5.858903,0.049874,0.599167,0.081536,230.269608,0.866025,0.500000
2017,2,25.000000,-160.000000,27.500000,-157.500000,6266.400000,4.990744,14.472744,1.647357,21.110845,,,,,,,,,,0.866025,0.500000
2017,2,25.000000,-165.000000,27.500000,-162.500000,3362.870000,4.878274,13.379940,3.542212,21.800426,,,,,,,,,,0.866025,0.500000
2017,2,25.000000,170.000000,27.500000,172.500000,2255.530000,1.872731,2.061600,8.065067,11.999397,21.047625,0.730515,67.899321,0.159185,8.232364,0.101467,0.606111,0.064109,227.687866,0.866025,0.500000
2017,2,-25.000000,150.000000,-22.500000,152.500000,1252.490000,14.462391,2.181255,1.049909,17.693554,28.494527,0.665195,20.032694,0.167302,129.558216,0.073688,0.218730,0.134531,200.388443,0.866025,0.500000
2017,2,-25.000000,-150.000000,-22.500000,-147.500000,1277.240000,5.455513,2.303404,14.983089,22.742006,,,,,,,,,,0.866025,0.500000
2017,2,-25.000000,-155.000000,-22.500000,-152.500000,1049.870000,4.017640,2.477450,11.346167,17.841257,,,,,,,,,,0.866025,0.500000
2017,2,-25.000000,160.000000,-22.500000,162.500000,1212.820000,4.774822,0.303425,19.778698,24.856945,27.278198,0.720134,17.866385,0.128621,128.986858,0.053370,0.217281,0.093764,203.550171,0.866025,0.500000
2017,2,-25.000000,165.000000,-22.500000,167.500000,2093.580000,9.728312,0.787646,29.053105,39.569064,27.114353,0.725177,17.097881,0.160610,127.481844,0.068863,0.252028,0.091715,204.579391,0.866025,0.500000
2017,2,-25.000000,-165.000000,-22.500000,-162.500000,1342.540000,1.961953,0.221222,8.907742,11.090917,,,,,,,,,,0.866025,0.500000
2017,2,-25.000000,170.000000,-22.500000,172.500000,5914.400000,1.139253,0.256831,25.543419,26.939504,27.058299,0.699574,17.927548,0.195177,1.847532,0.080306,0.106667,0.089358,204.632858,0.866025,0.500000
2017,2,-25.000000,175.000000,-22.500000,177.500000,6583.760000,5.518731,1.039528,34.673044,41.231302,27.161190,0.694794,17.976378,0.131857,1.642832,0.070329,0.109722,0.089900,204.469147,0.866025,0.500000
2017,2,-25.000000,-175.000000,-22.500000,-172.500000,1667.730000,29.678065,1.168055,5.745534,36.591655,,,,,,,,,,0.866025,0.500000
2017,2,-25.000000,-180.000000,-22.500000,-177.500000,2649.280000,15.901679,1.895609,22.856399,40.653687,,,,,,,,,,0.866025,0.500000
2017,2,30.000000,130.000000,32.500000,132.500000,13436.520000,3.952958,4.348001,30.094920,38.395879,17.889536,0.636347,93.469026,0.345731,94.527580,0.314034,0.712139,0.674092,230.956757,0.866025,0.500000
2017,2,30.000000,135.000000,32.500000,137.500000,9448.380000,3.088360,4.183998,31.953626,39.225984,18.360145,0.821524,151.915338,0.403822,80.256754,0.418429,0.420683,0.516663,224.889847,0.866025,0.500000
2017,2,30.000000,140.000000,32.500000,142.500000,11966.680000,1.267603,5.243727,14.689120,21.200450,18.677172,0.775886,147.586205,0.360720,29.877967,0.271418,0.416667,0.484102,226.546173,0.866025,0.500000
2017,2,30.000000,-160.000000,32.500000,-157.500000,2206.980000,7.123762,6.165439,16.108438,29.397638,,,,,,,,,,0.866025,0.500000
2017,2,30.000000,165.000000,32.500000,167.500000,3680.890000,5.385111,4.536403,18.553665,28.475179,17.622983,0.713403,139.852348,0.222845,2.405568,0.167821,0.361944,0.376325,246.113129,0.866025,0.500000
2017,2,30.000000,-165.000000,32.500000,-162.500000,3296.820000,10.924467,7.552126,33.496218,51.972810,,,,,,,,,,0.866025,0.500000
2017,2,30.000000,170.000000,32.500000,172.500000,8154.230000,6.535749,2.853979,20.355693,29.745420,17.247302,0.592595,120.257557,0.241661,2.858574,0.135421,0.416944,0.269911,248.374725,0.866025,0.500000
2017,2,30.000000,-170.000000,32.500000,-167.500000,1065.090000,13.102179,6.609770,19.176783,38.888732,,,,,,,,,,0.866025,0.500000
2017,2,30.000000,175.000000,32.500000,177.500000,3359.570000,18.617859,2.125272,26.505475,47.248606,17.219092,0.534349,94.296265,0.247693,5.716582,0.178762,0.538333,0.197732,248.274261,0.866025,0.500000
2017,2,30.000000,-175.000000,32.500000,-172.500000,3287.370000,14.808190,3.142634,24.201413,42.152237,,,,,,,,,,0.866025,0.500000
2017,2,30.000000,-180.000000,32.500000,-177.500000,1644.710000,20.783603,2.169987,15.020277,37.973868,,,,,,,,,,0.866025,0.500000
2017,2,-30.000000,150.000000,-27.500000,152.500000,1322.880000,10.042483,2.953405,0.786919,13.782807,27.421869,0.652533,20.044309,0.486591,126.669776,0.190607,0.320816,0.148808,204.366119,0.866025,0.500000
2017,2,-30.000000,155.000000,-27.500000,157.500000,1864.320000,3.690890,3.855025,3.516027,11.061942,26.641566,0.660187,20.826722,0.299197,2.828883,0.128012,0.130556,0.085759,207.661072,0.866025,0.500000
2017,2,-30.000000,175.000000,-27.500000,177.500000,1296.090000,1.274603,1.104090,20.056478,22.435170,25.055101,0.572286,20.727155,0.189795,2.925191,0.089724,0.188611,0.070894,212.355865,0.866025,0.500000
2017,2,35.000000,140.000000,37.500000,142.500000,1948.080000,0.710956,3.245760,12.217157,16.173874,13.333151,0.258978,86.902517,0.362027,75.543895,0.361813,0.755595,0.596875,228.829056,0.866025,0.500000
2017,3,0.000000,120.000000,2.500000,122.500000,4135.430000,6.426176,4.370767,0.000000,10.796943,28.904011,0.631556,12.596369,0.192407,133.791148,0.015816,0.063935,0.101694,200.856369,1.000000,0.000000
2017,3,0.000000,125.000000,2.500000,127.500000,5513.900000,6.426123,4.370772,0.000000,10.796895,28.817340,0.619269,13.561583,0.317077,135.517164,0.043433,0.121900,0.106437,200.090775,1.000000,0.000000
2017,3,0.000000,130.000000,2.500000,132.500000,1378.480000,6.425918,4.370756,0.000000,10.796675,29.021304,0.691808,13.073099,0.461326,116.554982,0.022959,0.007502,0.118386,200.223053,1.000000,0.000000
2017,3,0.000000,140.000000,2.500000,142.500000,1921.050000,13.959033,12.907004,0.835481,27.701517,29.864427,0.784822,21.718837,0.504523,0.430029,0.025619,0.000000,0.124663,199.369827,1.000000,0.000000
2017,3,0.000000,145.000000,2.500000,147.500000,5589.570000,11.317150,7.193756,2.834923,21.345828,30.073432,0.794120,23.076614,0.522755,0.618052,0.026617,0.000000,0.101817,198.005737,1.000000,0.000000
2017,3,0.000000,155.000000,2.500000,157.500000,2466.430000,11.552730,10.924697,0.261106,22.738533,29.693878,0.767087,26.181491,0.455546,0.429856,0.034836,0.000000,0.117355,197.407639,1.000000,0.000000
2017,3,0.000000,-155.000000,2.500000,-152.500000,12235.400000,1.899734,17.983801,0.000000,19.883535,,,,,,,,,,1.000000,0.000000
2017,3,0.000000,165.000000,2.500000,167.500000,1396.650000,1.597394,4.727025,0.087352,6.411771,28.405000,0.677192,19.303594,0.444709,92.089309,0.026713,0.007504,0.186824,200.553909,1.000000,0.000000
2017,3,0.000000,170.000000,2.500000,172.500000,1407.250000,2.793391,9.804228,2.200036,14.797655,28.192649,0.647516,20.508218,0.476897,125.892152,0.024475,0.022049,0.208574,202.180344,1.000000,0.000000
2017,3,0.000000,-170.000000,2.500000,-167.500000,1985.980000,2.050373,15.353629,0.000000,17.404002,,,,,,,,,,1.000000,0.000000
2017,3,0.000000,175.000000,2.500000,177.500000,4740.070000,2.907763,21.892504,0.230165,25.030432,28.128477,0.624648,25.292767,0.446932,0.890346,0.026500,0.006944,0.169846,203.035019,1.000000,0.000000
2017,3,0.000000,-175.000000,2.500000,-172.500000,1631.580000,2.084483,25.838145,0.000000,27.922627,,,,,,,,,,1.000000,0.000000
2017,3,0.000000,-180.000000,2.500000,-177.500000,1304.820000,1.837801,18.344293,0.009963,20.192057,,,,,,,,,,1.000000,0.000000
2017,3,5.000000,130.000000,7.500000,132.500000,3128.410000,11.164138,48.514421,0.000000,59.678559,28.689785,0.526597,17.104953,0.402663,128.490655,0.048542,0.007804,0.086452,199.903488,1.000000,0.000000
2017,3,5.000000,145.000000,7.500000,147.500000,2201.480000,19.775333,55.304159,0.202137,75.281629,29.208526,0.702537,37.319476,0.207068,1.007009,0.043874,0.006389,0.074478,198.082184,1.000000,0.000000
2017,3,5.000000,155.000000,7.500000,157.500000,1764.080000,10.487053,26.128067,0.340687,36.955807,29.163607,0.706217,45.531506,0.181113,124.527159,0.056920,0.007784,0.075267,198.193466,1.000000,0.000000
2017,3,5.000000,160.000000,7.500000,162.500000,2140.110000,7.669232,16.616436,0.552308,24.837976,29.145881,0.698890,50.042347,0.155808,0.602054,0.046567,0.000000,0.079319,198.036774,1.000000,0.000000
2017,3,5.000000,165.000000,7.500000,167.500000,11890.170000,4.454688,5.867704,0.184774,10.507167,28.872732,0.652516,43.669568,0.151138,130.989295,0.050796,0.057224,0.090200,198.488571,1.000000,0.000000
2017,3,5.000000,170.000000,7.500000,172.500000,2085.700000,4.076329,4.488661,2.149878,10.714868,28.774009,0.621848,41.223769,0.134763,130.151408,0.030910,0.057384,0.132385,199.725433,1.000000,0.000000
2017,3,5.000000,-170.000000,7.500000,-167.500000,2329.120000,1.570980,22.056828,0.868998,24.496806,,,,,,,,,,1.000000,0.000000
2017,3,5.000000,175.000000,7.500000,177.500000,7553.730000,6.098047,16.762050,0.475527,23.335624,28.543600,0.586579,42.727060,0.122987,0.428652,0.019674,0.000000,0.160387,201.184753,1.000000,0.000000
2017,3,5.000000,-175.000000,7.500000,-172.500000,2203.910000,4.104523,19.189078,0.990059,24.283659,,,,,,,,,,1.000000,0.000000
2017,3,5.000000,-180.000000,7.500000,-177.500000,7959.260000,8.000869,22.524205,0.665891,31.190965,,,,,,,,,,1.000000,0.000000
2017,3,-5.000000,120.000000,-2.500000,122.500000,5513.900000,6.426123,4.370772,0.000000,10.796895,29.792356,0.652516,13.203362,0.101102,137.528704,0.010651,0.235743,0.110081,199.537735,1.000000,0.000000
2017,3,-5.000000,125.000000,-2.500000,127.500000,8270.850000,6.426184,4.370772,0.000000,10.796956,29.456090,0.651514,16.992953,0.147549,133.745049,0.009803,0.138080,0.093355,198.411484,1.000000,0.000000
2017,3,-5.000000,130.000000,-2.500000,132.500000,2756.950000,6.426304,4.370772,0.000000,10.797076,29.437037,0.677821,16.308842,0.169014,134.369378,0.018803,0.206041,0.168443,198.133423,1.000000,0.000000
2017,3,-5.000000,160.000000,-2.500000,162.500000,1162.250000,3.656700,4.587653,1.639062,9.883416,29.675815,0.755831,21.458625,0.663484,0.664754,0.067105,0.000000,0.143813,200.026443,1.000000,0.000000
2017,3,-5.000000,-165.000000,-2.500000,-162.500000,3089.630000,2.239103,4.610908,0.933445,7.783456,,,,,,,,,,1.000000,0.000000
2017,3,-5.000000,-170.000000,-2.500000,-167.500000,1565.560000,3.799279,3.840798,0.231866,7.871944,,,,,,,,,,1.000000,0.000000
2017,3,-5.000000,175.000000,-2.500000,177.500000,1608.070000,9.995212,9.945463,0.574602,20.515276,28.632991,0.664053,21.718993,0.617303,89.494306,0.062074,0.016954,0.158529,203.702621,1.000000,0.000000
2017,3,-5.000000,-180.000000,-2.500000,-177.500000,3277.480000,8.841549,18.194466,0.720981,27.756996,,,,,,,,,,1.000000,0.000000
2017,3,10.000000,110.000000,12.500000,112.500000,44191.070000,7.390724,0.473331,0.000000,7.864055,27.434690,0.688686,17.044927,0.212764,2.644255,0.065222,0.113889,0.098275,206.360657,1.000000,0.000000
2017,3,10.000000,115.000000,12.500000,117.500000,44191.070000,7.390724,0.473331,0.000000,7.864055,27.858728,0.683699,17.014200,0.195384,125.970186,0.057976,0.092225,0.099520,204.973053,1.000000,0.000000
2017,3,10.000000,125.000000,12.500000,127.500000,6379.120000,2.857134,0.321361,0.037152,3.215647,27.807184,0.728807,30.748239,0.258010,122.283441,0.074299,0.068616,0.092575,202.559570,1.000000,0.000000
2017,3,10.000000,130.000000,12.500000,132.500000,27518.590000,5.822173,4.725715,0.242200,10.790088,28.208821,0.710671,28.644378,0.256596,0.805636,0.083021,0.003333,0.086758,201.673782,1.000000,0.000000
2017,3,10.000000,135.000000,12.500000,137.500000,16862.370000,3.758250,0.314013,1.051572,5.123835,28.421369,0.757055,29.114125,0.199807,115.586023,0.054302,0.002502,0.086253,201.193176,1.000000,0.000000
2017,3,10.000000,140.000000,12.500000,142.500000,3067.030000,2.581977,1.099109,0.656987,4.338073,28.457320,0.786242,30.770284,0.184659,89.333511,0.048337,0.004174,0.084745,201.014999,1.000000,0.000000
2017,3,10.000000,145.000000,12.500000,147.500000,1730.030000,8.845511,12.587065,2.119038,23.551615,28.449456,0.812188,32.455648,0.200215,88.865166,0.055504,0.004447,0.083130,201.250137,1.000000,0.000000
2017,3,10.000000,150.000000,12.500000,152.500000,8267.920000,2.894319,0.164249,0.339989,3.398557,28.300316,0.805109,33.487581,0.196267,0.702110,0.050603,0.000000,0.079934,201.780914,1.000000,0.000000
2017,3,10.000000,155.000000,12.500000,157.500000,22173.880000,2.766318,0.491614,0.983319,4.241251,28.080668,0.777845,33.090077,0.191690,0.663852,0.051959,0.000000,0.075144,202.813980,1.000000,0.000000
2017,3,10.000000,160.000000,12.500000,162.500000,2074.380000,2.052179,2.021809,0.491231,4.565219,27.884796,0.759901,35.424311,0.211368,124.283179,0.073930,0.005574,0.073350,203.420654,1.000000,0.000000
2017,3,10.000000,-160.000000,12.500000,-157.500000,2271.880000,3.149814,17.178284,0.000000,20.328098,,,,,,,,,,1.000000,0.000000
2017,3,10.000000,165.000000,12.500000,167.500000,3402.320000,5.907440,3.774189,2.297844,11.979473,27.648088,0.741744,35.082302,0.221452,124.784350,0.072961,0.037391,0.074642,203.538986,1.000000,0.000000
2017,3,10.000000,-165.000000,12.500000,-162.500000,3372.720000,5.054970,11.798193,0.554449,17.407612,,,,,,,,,,1.000000,0.000000
2017,3,10.000000,170.000000,12.500000,172.500000,5751.820000,4.494404,6.800456,1.065402,12.360262,27.569705,0.717765,43.476667,0.205288,56.188406,0.061516,0.007224,0.071088,204.192383,1.000000,0.000000
2017,3,10.000000,-170.000000,12.500000,-167.500000,12988.640000,6.743739,16.107999,1.774320,24.626058,,,,,,,,,,1.000000,0.000000
2017,3,10.000000,175.000000,12.500000,177.500000,16772.650000,4.378616,6.037150,2.252596,12.668362,27.280314,0.664803,40.936556,0.183476,0.961664,0.046559,0.031944,0.070014,205.090179,1.000000,0.000000
2017,3,10.000000,-175.000000,12.500000,-172.500000,13633.790000,7.077416,19.365562,3.147987,29.590965,,,,,,,,,,1.000000,0.000000
2017,3,10.000000,-180.000000,12.500000,-177.500000,13859.610000,8.333496,24.517212,2.608443,35.459151,,,,,,,,,,1.000000,0.000000
2017,3,-10.000000,-140.000000,-7.500000,-137.500000,2929.670000,10.441108,6.697341,10.206269,27.344718,,,,,,,,,,1.000000,0.000000
2017,3,-10.000000,-145.000000,-7.500000,-142.500000,8225.020000,19.042264,6.998524,10.931402,36.972190,,,,,,,,,,1.000000,0.000000
2017,3,-10.000000,-150.000000,-7.500000,-147.500000,2926.400000,4.570462,5.849166,10.839940,21.259568,,,,,,,,,,1.000000,0.000000
2017,3,-10.000000,155.000000,-7.500000,157.500000,3665.580000,19.111300,2.315323,2.270582,23.697205,30.355085,0.901220,15.097228,0.181203,137.080100,0.037782,0.102556,0.103181,196.885361,1.000000,0.000000
2017,3,-10.000000,160.000000,-7.500000,162.500000,1474.700000,16.314505,3.332881,0.000000,19.647386,30.248949,0.916583,18.527254,0.237583,135.512577,0.041463,0.032258,0.088807,196.686371,1.000000,0.000000
2017,3,-10.000000,165.000000,-7.500000,167.500000,4101.940000,16.506092,5.265313,2.913499,24.684905,30.138156,0.905106,19.667061,0.163543,0.270915,0.028583,0.000000,0.100416,197.438385,1.000000,0.000000
2017,3,-10.000000,-165.000000,-7.500000,-162.500000,6962.870000,3.844679,1.676464,2.239306,7.760449,,,,,,,,,,1.000000,0.000000
2017,3,-10.000000,170.000000,-7.500000,172.500000,2455.070000,14.588586,4.471156,10.022525,29.082266,29.985007,0.895244,21.600790,0.165559,0.244142,0.038151,0.000000,0.098682,197.486938,1.000000,0.000000
2017,3,-10.000000,-170.000000,-7.500000,-167.500000,2723.230000,4.284985,1.555506,4.061354,9.901845,,,,,,,,,,1.000000,0.000000
2017,3,-10.000000,-175.000000,-7.500000,-172.500000,1429.770000,7.056380,0.923225,10.447834,18.427439,,,,,,,,,,1.000000,0.000000
2017,3,-10.000000,-180.000000,-7.500000,-177.500000,2388.260000,4.732316,4.864629,1.693283,11.290228,,,,,,,,,,1.000000,0.000000
2017,3,15.000000,110.000000,17.500000,112.500000,44191.070000,7.390724,0.473331,0.000000,7.864055,25.721594,0.612223,15.088530,0.234112,108.099974,0.080968,0.344678,0.128622,213.216064,1.000000,0.000000
2017,3,15.000000,115.000000,17.500000,117.500000,44191.070000,7.390724,0.473331,0.000000,7.864055,26.221197,0.583241,14.653816,0.207381,123.088903,0.068775,0.321727,0.107639,210.990738,1.000000,0.000000
2017,3,15.000000,125.000000,17.500000,127.500000,8138.620000,5.886133,0.928536,1.806572,8.621240,26.339633,0.912171,32.734452,0.191027,1.378259,0.059510,0.054167,0.090085,207.793900,1.000000,0.000000
2017,3,15.000000,130.000000,17.500000,132.500000,4692.660000,7.059749,2.637523,7.351481,17.048753,26.327055,0.920121,37.683622,0.184032,1.436298,0.058580,0.089167,0.093496,207.633026,1.000000,0.000000
2017,3,15.000000,135.000000,17.500000,137.500000,4204.240000,13.568683,3.077370,23.828801,40.474854,26.625346,0.933098,30.610575,0.182126,1.754460,0.049877,0.066111,0.084104,207.427292,1.000000,0.000000
2017,3,15.000000,140.000000,17.500000,142.500000,4043.740000,6.897328,1.297314,28.111600,36.306241,26.713249,0.898816,29.882963,0.156255,3.066510,0.047186,0.099722,0.079497,206.226440,1.000000,0.000000
2017,3,15.000000,150.000000,17.500000,152.500000,3466.700000,6.935414,1.278161,25.018029,33.231604,27.156280,0.905946,28.847750,0.170715,2.267935,0.067942,0.088333,0.079928,205.601562,1.000000,0.000000
2017,3,15.000000,155.000000,17.500000,157.500000,1481.950000,5.795067,0.478424,11.389048,17.662539,27.116630,0.886162,30.477269,0.129068,1.491732,0.039319,0.053056,0.072646,205.672089,1.000000,0.000000
2017,3,15.000000,160.000000,17.500000,162.500000,2641.020000,0.924264,1.124566,3.233599,5.282429,27.248216,0.879709,28.026081,0.125223,1.293291,0.052734,0.020278,0.063238,205.503159,1.000000,0.000000
2017,3,15.000000,-160.000000,17.500000,-157.500000,5528.010000,3.287621,8.701504,0.181982,12.171107,,,,,,,,,,1.000000,0.000000
2017,3,15.000000,165.000000,17.500000,167.500000,2402.000000,0.839717,0.050791,0.241882,1.132390,27.244627,0.865978,28.322619,0.140473,1.398499,0.044574,0.049722,0.060086,205.681305,1.000000,0.000000
2017,3,15.000000,-165.000000,17.500000,-162.500000,6111.200000,3.937852,10.814734,0.822752,15.575337,,,,,,,,,,1.000000,0.000000
2017,3,15.000000,175.000000,17.500000,177.500000,1412.560000,3.753469,4.064252,12.368324,20.186045,26.770986,0.852741,28.327706,0.158976,1.041084,0.060294,0.009167,0.055748,207.384232,1.000000,0.000000
2017,3,-15.000000,-135.000000,-12.500000,-132.500000,20193.270000,3.341509,3.725746,24.195338,31.262594,,,,,,,,,,1.000000,0.000000
2017,3,-15.000000,-140.000000,-12.500000,-137.500000,4841.400000,2.944809,3.590490,20.491593,27.026893,,,,,,,,,,1.000000,0.000000
2017,3,-15.000000,145.000000,-12.500000,147.500000,4218.850000,46.114700,0.573853,4.974104,51.662657,29.839125,0.692316,13.832135,0.142359,136.845090,0.034020,0.037194,0.113629,197.552872,1.000000,0.000000
2017,3,-15.000000,-145.000000,-12.500000,-142.500000,6615.210000,4.797731,3.666097,10.457113,18.920941,,,,,,,,,,1.000000,0.000000
2017,3,-15.000000,150.000000,-12.500000,152.500000,5593.060000,17.905762,2.740003,12.509253,33.155017,29.855430,0.715382,13.805189,0.104374,134.040512,0.027035,0.036702,0.100421,197.655136,1.000000,0.000000
2017,3,-15.000000,-150.000000,-12.500000,-147.500000,2583.590000,2.979188,3.188586,7.921923,14.089697,,,,,,,,,,1.000000,0.000000
2017,3,-15.000000,155.000000,-12.500000,157.500000,5033.290000,19.890569,2.556380,28.578723,51.025671,30.120585,0.698032,15.561262,0.201838,0.506984,0.050224,0.000000,0.091936,197.544449,1.000000,0.000000
2017,3,-15.000000,160.000000,-12.500000,162.500000,5285.900000,14.947502,6.201404,33.148754,54.297660,30.064091,0.705021,14.516112,0.181120,135.592175,0.048620,0.019961,0.095448,197.647232,1.000000,0.000000
2017,3,-15.000000,-160.000000,-12.500000,-157.500000,1589.950000,1.880562,1.016384,8.110318,11.007264,,,,,,,,,,1.000000,0.000000
2017,3,-15.000000,170.000000,-12.500000,172.500000,4404.390000,6.169526,1.165428,9.735287,17.070241,29.900234,0.800641,16.664718,0.155807,0.642404,0.063401,0.000000,0.071916,197.435318,1.000000,0.000000
2017,3,-15.000000,-170.000000,-12.500000,-167.500000,2801.330000,11.810104,0.805332,19.166253,31.781689,,,,,,,,,,1.000000,0.000000
2017,3,-15.000000,175.000000,-12.500000,177.500000,10322.780000,11.911714,2.508045,12.164456,26.584215,29.819616,0.865494,21.022761,0.155296,0.511456,0.064286,0.000000,0.061553,197.239609,1.000000,0.000000
2017,3,-15.000000,-175.000000,-12.500000,-172.500000,10272.310000,6.538743,0.679691,15.780482,22.998917,,,,,,,,,,1.000000,0.000000
2017,3,-15.000000,-180.000000,-12.500000,-177.500000,2274.000000,14.280123,2.205365,7.673263,24.158751,,,,,,,,,,1.000000,0.000000
2017,3,20.000000,120.000000,22.500000,122.500000,1095.720000,5.607272,1.847187,1.310554,8.765013,24.367523,0.934939,36.389054,0.303592,112.663995,0.163763,0.355346,0.303928,215.175034,1.000000,0.000000
2017,3,20.000000,125.000000,22.500000,127.500000,1662.820000,10.073850,0.968235,6.140172,17.182257,23.815634,0.975872,41.870455,0.178839,73.848113,0.078450,0.368260,0.236730,219.038025,1.000000,0.000000
2017,3,20.000000,140.000000,22.500000,142.500000,1765.780000,9.018111,2.591489,26.826671,38.436272,24.357860,0.921755,35.560891,0.172235,48.279076,0.061770,0.400389,0.123290,215.300522,1.000000,0.000000
2017,3,20.000000,145.000000,22.500000,147.500000,3042.310000,4.509074,2.490542,32.084502,39.084117,24.418783,0.898643,32.699991,0.189889,3.436181,0.080530,0.433611,0.101241,215.274918,1.000000,0.000000
2017,3,20.000000,150.000000,22.500000,152.500000,1684.300000,16.432940,1.978270,35.906311,54.317521,24.824599,0.871617,27.847760,0.186936,2.731582,0.067105,0.419444,0.074072,214.176956,1.000000,0.000000
2017,3,20.000000,-155.000000,22.500000,-152.500000,2103.330000,2.500321,17.563578,0.000000,20.063899,,,,,,,,,,1.000000,0.000000
2017,3,-20.000000,-135.000000,-17.500000,-132.500000,1784.770000,2.967889,2.721359,14.318932,20.008180,,,,,,,,,,1.000000,0.000000
2017,3,-20.000000,-145.000000,-17.500000,-142.500000,1466.760000,6.973193,1.175380,13.627996,21.776569,,,,,,,,,,1.000000,0.000000
2017,3,-20.000000,-150.000000,-17.500000,-147.500000,3007.020000,3.974034,1.917846,7.784118,13.675998,,,,,,,,,,1.000000,0.000000
2017,3,-20.000000,155.000000,-17.500000,157.500000,1577.600000,7.711714,1.292470,44.405426,53.409610,29.261343,0.747396,16.408362,0.136257,1.314742,0.066115,0.021944,0.094021,198.760742,1.000000,0.000000
2017,3,-20.000000,-155.000000,-17.500000,-152.500000,2175.740000,4.507892,2.431357,7.906735,14.845983,,,,,,,,,,1.000000,0.000000
2017,3,-20.000000,165.000000,-17.500000,167.500000,4203.160000,5.046679,1.264287,16.211374,22.522340,29.102200,0.671366,14.478852,0.109848,132.576649,0.026678,0.083357,0.098763,199.080566,1.000000,0.000000
2017,3,-20.000000,170.000000,-17.500000,172.500000,32216.510000,4.109353,1.722067,31.809653,37.641073,28.959618,0.694837,14.685423,0.116523,1.056518,0.041354,0.031389,0.091546,199.209274,1.000000,0.000000
2017,3,-20.000000,175.000000,-17.500000,177.500000,15215.840000,11.243020,2.688646,8.373708,22.305374,28.910509,0.683816,15.312719,0.093924,131.132900,0.023959,0.106608,0.101234,199.235794,1.000000,0.000000
2017,3,-20.000000,-175.000000,-17.500000,-172.500000,2483.260000,8.095810,1.860860,14.184983,24.141653,,,,,,,,,,1.000000,0.000000
2017,3,-20.000000,-180.000000,-17.500000,-177.500000,9561.100000,12.661932,1.856272,8.945100,23.463304,,,,,,,,,,1.000000,0.000000
2017,3,25.000000,135.000000,27.500000,137.500000,2222.600000,5.721677,2.006209,32.058850,39.786736,19.871104,0.888750,84.062984,0.137479,3.616036,0.082971,0.422500,0.519936,227.073090,1.000000,0.000000
2017,3,25.000000,140.000000,27.500000,142.500000,1946.000000,0.789311,1.431141,29.206064,31.426516,20.793888,0.921045,75.582879,0.152148,44.399888,0.067511,0.570992,0.288243,231.937271,1.000000,0.000000
2017,3,25.000000,145.000000,27.500000,147.500000,1984.020000,1.888086,3.346740,42.664388,47.899215,20.399817,0.924836,69.433385,0.153949,4.686671,0.065579,0.536667,0.205841,231.710464,1.000000,0.000000
2017,3,25.000000,150.000000,27.500000,152.500000,1650.750000,3.257307,2.544298,34.461305,40.262911,20.855665,0.832785,63.505588,0.146737,8.415375,0.072021,0.638889,0.197731,232.137558,1.000000,0.000000
2017,3,25.000000,-155.000000,27.500000,-152.500000,5898.630000,4.372710,14.820899,0.297527,19.491136,,,,,,,,,,1.000000,0.000000
2017,3,25.000000,-160.000000,27.500000,-157.500000,5416.320000,6.362069,13.341531,0.064250,19.767850,,,,,,,,,,1.000000,0.000000
2017,3,-25.000000,150.000000,-22.500000,152.500000,1315.010000,17.247017,2.997696,1.395427,21.640140,28.602679,0.660886,21.643610,0.192839,128.295470,0.103919,0.148330,0.148725,199.815536,1.000000,0.000000
2017,3,-25.000000,155.000000,-22.500000,157.500000,2627.230000,11.530776,3.053406,11.209905,25.794087,27.702451,0.785885,20.598850,0.140028,56.629132,0.056186,0.100583,0.085598,202.797455,1.000000,0.000000
2017,3,-25.000000,-165.000000,-22.500000,-162.500000,1090.890000,4.747500,1.434608,6.097773,12.279882,,,,,,,,,,1.000000,0.000000
2017,3,-25.000000,-180.000000,-22.500000,-177.500000,2680.590000,10.991610,2.440134,8.469777,21.901522,,,,,,,,,,1.000000,0.000000
2017,3,30.000000,130.000000,32.500000,132.500000,12932.330000,4.420704,2.678326,39.401639,46.500669,17.980703,0.563779,67.164186,0.307016,92.273417,0.259742,0.699807,0.793316,236.340118,1.000000,0.000000
2017,3,30.000000,135.000000,32.500000,137.500000,15247.480000,2.991839,2.927828,39.910529,45.830196,17.983907,0.757695,136.888323,0.404798,81.930392,0.424405,0.465223,0.594585,227.360260,1.000000,0.000000
2017,3,30.000000,140.000000,32.500000,142.500000,13247.570000,1.666268,10.495283,23.355302,35.516853,18.242514,0.698363,131.858406,0.317447,29.264171,0.256223,0.436667,0.554052,230.320786,1.000000,0.000000
2017,3,30.000000,145.000000,32.500000,147.500000,9625.790000,0.177232,2.559063,3.459664,6.195959,17.934619,0.880838,179.113692,0.161552,2.038044,0.102668,0.173611,0.542217,235.027161,1.000000,0.000000
2017,3,30.000000,-165.000000,32.500000,-162.500000,1118.530000,5.321270,6.563078,4.574754,16.459103,,,,,,,,,,1.000000,0.000000
2017,3,30.000000,-170.000000,32.500000,-167.500000,1500.130000,5.934819,6.004813,7.763327,19.702959,,,,,,,,,,1.000000,0.000000
2017,3,-30.000000,150.000000,-27.500000,152.500000,1220.220000,12.872269,2.969137,0.331088,16.172493,26.891084,0.545640,20.457990,0.379393,124.271721,0.126665,0.431020,0.134020,203.614258,1.000000,0.000000
2017,3,-30.000000,155.000000,-27.500000,157.500000,1893.080000,10.715342,5.982315,9.514653,26.212310,26.106249,0.694077,25.429210,0.266450,3.045473,0.132451,0.336944,0.083031,208.145920,1.000000,0.000000
2017,3,-30.000000,170.000000,-27.500000,172.500000,1283.560000,2.524229,0.540684,6.664277,9.729191,25.095890,0.613290,25.405601,0.203882,2.605658,0.107482,0.288333,0.071886,211.338028,1.000000,0.000000
2017,3,35.000000,140.000000,37.500000,142.500000,1218.200000,0.751108,2.991299,7.089148,10.831555,12.075916,0.157332,72.266316,0.359425,69.810580,0.306841,0.762700,1.013586,234.411377,1.000000,0.000000
2017,3,-45.000000,150.000000,-42.500000,152.500000,2180.860000,0.000000,0.000000,3.556395,3.556395,,,,,,,,,,1.000000,0.000000
2017,3,-45.000000,155.000000,-42.500000,157.500000,2385.680000,0.000000,0.028503,3.037289,3.065793,,,,,,,,,,1.000000,0.000000
2017,4,0.000000,120.000000,2.500000,122.500000,3647.580000,7.285652,4.955340,0.000000,12.240993,29.515029,0.639901,11.229619,0.292101,136.796125,0.025064,0.066729,0.108047,200.868195,0.866025,-0.500000
2017,4,0.000000,125.000000,2.500000,127.500000,4863.430000,7.285599,4.955350,0.000000,12.240949,29.602474,0.663607,11.626759,0.368005,137.482500,0.035107,0.139746,0.116037,199.940079,0.866025,-0.500000
2017,4,0.000000,130.000000,2.500000,132.500000,1215.860000,7.285378,4.955340,0.000000,12.240719,29.728388,0.749540,13.594390,0.480999,116.836950,0.036010,0.010836,0.124327,200.371567,0.866025,-0.500000
2017,4,0.000000,140.000000,2.500000,142.500000,7008.770000,22.251408,12.097986,2.368889,36.718283,30.010034,0.776375,17.746345,0.338035,1.194940,0.018535,0.036944,0.096556,197.979202,0.866025,-0.500000
2017,4,0.000000,145.000000,2.500000,147.500000,5946.890000,14.378440,15.476325,1.297317,31.152081,30.066436,0.767280,17.694421,0.234201,0.461963,0.013444,0.000000,0.100725,197.288040,0.866025,-0.500000
2017,4,0.000000,155.000000,2.500000,157.500000,1682.740000,11.706502,18.791970,3.009972,33.508445,29.772605,0.727988,19.234970,0.229365,0.580724,0.012760,0.000000,0.121574,199.065125,0.866025,-0.500000
2017,4,0.000000,-155.000000,2.500000,-152.500000,1572.550000,1.701059,16.807733,0.013990,18.522781,,,,,,,,,,0.866025,-0.500000
2017,4,0.000000,170.000000,2.500000,172.500000,1399.910000,4.110264,15.698152,0.133580,19.941996,28.580662,0.652422,16.896719,0.355299,127.853246,0.013601,0.024840,0.204567,202.733109,0.866025,-0.500000
2017,4,0.000000,175.000000,2.500000,177.500000,5364.810000,4.662234,25.385801,0.000000,30.048035,28.370310,0.629527,19.611449,0.306562,0.581310,0.012546,0.000000,0.163413,203.388977,0.866025,-0.500000
2017,4,0.000000,-175.000000,2.500000,-172.500000,3872.710000,2.332217,19.716426,0.020916,22.069559,,,,,,,,,,0.866025,-0.500000
2017,4,0.000000,-180.000000,2.500000,-177.500000,3211.350000,6.073458,33.903499,0.000000,39.976957,,,,,,,,,,0.866025,-0.500000
2017,4,5.000000,130.000000,7.500000,132.500000,2858.990000,14.438665,40.338721,0.000000,54.777386,29.333038,0.600919,16.414927,0.443936,131.028787,0.080165,0.007804,0.102535,200.164856,0.866025,-0.500000
2017,4,5.000000,145.000000,7.500000,147.500000,1467.070000,15.221496,38.748662,0.121330,54.091488,29.258007,0.711080,29.485035,0.172766,0.620986,0.025895,0.000000,0.080380,198.671890,0.866025,-0.500000
2017,4,5.000000,160.000000,7.500000,162.500000,2005.830000,3.889662,25.911468,0.941755,30.742884,29.135174,0.671550,41.870634,0.110967,0.708571,0.020233,0.000000,0.076075,198.075241,0.866025,-0.500000
2017,4,5.000000,165.000000,7.500000,167.500000,8982.210000,2.401079,6.536587,0.101200,9.038867,28.910503,0.649590,37.729957,0.148341,130.096373,0.012662,0.043909,0.090119,198.667267,0.866025,-0.500000
2017,4,5.000000,170.000000,7.500000,172.500000,2912.830000,2.844656,5.845861,0.323740,9.014258,28.782480,0.625642,39.956972,0.186530,129.568671,0.030256,0.027848,0.137979,199.912994,0.866025,-0.500000
2017,4,5.000000,-170.000000,7.500000,-167.500000,1172.690000,1.346477,8.170957,0.068219,9.585653,,,,,,,,,,0.866025,-0.500000
2017,4,5.000000,175.000000,7.500000,177.500000,15466.450000,5.164921,22.765664,0.084570,28.015155,28.580723,0.584561,42.243426,0.209251,0.429346,0.025054,0.000000,0.128244,201.333221,0.866025,-0.500000
2017,4,5.000000,-175.000000,7.500000,-172.500000,2408.680000,2.457778,11.590581,0.015776,14.064135,,,,,,,,,,0.866025,-0.500000
2017,4,5.000000,-180.000000,7.500000,-177.500000,4983.210000,5.206684,20.422378,0.000000,25.629062,,,,,,,,,,0.866025,-0.500000
2017,4,-5.000000,120.000000,-2.500000,122.500000,4863.430000,7.285599,4.955350,0.000000,12.240949,30.138236,0.673399,11.901729,0.113228,140.338988,0.011696,0.238554,0.104654,199.395340,0.866025,-0.500000
2017,4,-5.000000,125.000000,-2.500000,127.500000,7295.150000,7.285662,4.955347,0.000000,12.241009,29.705797,0.673977,13.094142,0.117683,135.241373,0.008845,0.145511,0.093255,198.438110,0.866025,-0.500000
2017,4,-5.000000,130.000000,-2.500000,132.500000,2431.720000,7.285789,4.955340,0.000000,12.241130,29.520586,0.697669,14.430508,0.120252,135.502763,0.017462,0.225900,0.164393,198.210114,0.866025,-0.500000
2017,4,-5.000000,-155.000000,-2.500000,-152.500000,4164.450000,4.835933,19.616756,0.026654,24.479343,,,,,,,,,,0.866025,-0.500000
2017,4,-5.000000,-170.000000,-2.500000,-167.500000,1678.280000,6.912434,7.337274,0.403389,14.653097,,,,,,,,,,0.866025,-0.500000
2017,4,-5.000000,175.000000,-2.500000,177.500000,1358.440000,4.583198,9.935661,1.726981,16.245841,29.222815,0.672259,15.226218,0.429301,91.017389,0.041765,0.027237,0.158583,204.213852,0.866025,-0.500000
2017,4,10.000000,110.000000,12.500000,112.500000,38604.990000,8.460150,0.541821,0.000000,9.001971,28.761653,0.706487,13.843154,0.226625,1.499859,0.087275,0.042222,0.088045,203.314087,0.866025,-0.500000
2017,4,10.000000,115.000000,12.500000,117.500000,38604.990000,8.460150,0.541821,0.000000,9.001971,29.048019,0.710241,13.866177,0.162193,131.899537,0.043520,0.067537,0.094978,202.549622,0.866025,-0.500000
2017,4,10.000000,125.000000,12.500000,127.500000,5392.010000,2.325292,0.273924,0.052114,2.651330,28.677213,0.764764,19.401697,0.221229,127.924007,0.072173,0.037638,0.096709,201.382584,0.866025,-0.500000
2017,4,10.000000,130.000000,12.500000,132.500000,17683.410000,5.933641,12.625845,0.283373,18.842859,28.928639,0.783514,23.691902,0.205539,0.827140,0.066037,0.008611,0.090251,200.682419,0.866025,-0.500000
2017,4,10.000000,135.000000,12.500000,137.500000,19135.900000,2.192319,0.695656,0.613507,3.501482,28.901408,0.808103,26.651263,0.219819,116.595276,0.068319,0.001946,0.089716,200.141052,0.866025,-0.500000
2017,4,10.000000,140.000000,12.500000,142.500000,3895.790000,1.948000,0.390935,0.912780,3.251715,28.900042,0.856038,28.273779,0.186926,91.302727,0.045701,0.004730,0.087394,200.186600,0.866025,-0.500000
2017,4,10.000000,145.000000,12.500000,147.500000,1680.200000,4.655993,14.788120,0.130342,19.574455,28.803441,0.850241,28.568270,0.199670,90.449904,0.048826,0.004447,0.085214,200.380035,0.866025,-0.500000
2017,4,10.000000,150.000000,12.500000,152.500000,7598.610000,2.999628,0.410207,1.440395,4.850229,28.598661,0.835499,31.499893,0.191704,0.496415,0.044593,0.000000,0.082198,201.257812,0.866025,-0.500000
2017,4,10.000000,155.000000,12.500000,157.500000,19582.670000,1.959539,0.210543,1.473854,3.643936,28.481304,0.804597,30.599978,0.202683,0.488443,0.063531,0.000000,0.078379,201.773911,0.866025,-0.500000
2017,4,10.000000,160.000000,12.500000,162.500000,1094.260000,2.049787,0.992452,0.632391,3.674629,28.233108,0.783292,34.470905,0.222729,126.122103,0.073582,0.005574,0.076117,202.066544,0.866025,-0.500000
2017,4,10.000000,-160.000000,12.500000,-157.500000,3859.180000,1.704507,17.322592,0.000000,19.027099,,,,,,,,,,0.866025,-0.500000
2017,4,10.000000,-165.000000,12.500000,-162.500000,3785.260000,2.677491,15.446759,0.265768,18.390018,,,,,,,,,,0.866025,-0.500000
2017,4,10.000000,170.000000,12.500000,172.500000,3243.770000,2.311816,9.760248,1.102729,13.174794,27.804042,0.730656,41.613122,0.170395,56.810025,0.029566,0.003334,0.067780,204.278809,0.866025,-0.500000
2017,4,10.000000,-170.000000,12.500000,-167.500000,2405.010000,2.549678,19.349192,0.018295,21.917165,,,,,,,,,,0.866025,-0.500000
2017,4,10.000000,175.000000,12.500000,177.500000,17120.020000,1.771260,13.246655,0.768574,15.786489,27.601562,0.703842,45.346947,0.204217,0.790911,0.049558,0.001667,0.064278,204.634811,0.866025,-0.500000
2017,4,10.000000,-175.000000,12.500000,-172.500000,8050.100000,1.868921,19.779630,0.347325,21.995876,,,,,,,,,,0.866025,-0.500000
2017,4,10.000000,-180.000000,12.500000,-177.500000,8632.970000,1.896798,22.141163,0.391406,24.429368,,,,,,,,,,0.866025,-0.500000
2017,4,-10.000000,-135.000000,-7.500000,-132.500000,1788.450000,3.752411,37.108110,0.353938,41.214459,,,,,,,,,,0.866025,-0.500000
2017,4,-10.000000,-145.000000,-7.500000,-142.500000,1468.890000,17.042801,10.921172,9.053095,37.017067,,,,,,,,,,0.866025,-0.500000
2017,4,-10.000000,-150.000000,-7.500000,-147.500000,3129.740000,6.600229,6.055775,18.162851,30.818854,,,,,,,,,,0.866025,-0.500000
2017,4,-10.000000,155.000000,-7.500000,157.500000,2598.740000,15.969662,5.686217,5.734317,27.390197,30.270339,0.880782,13.672638,0.168623,136.856604,0.049987,0.102556,0.098910,196.632874,0.866025,-0.500000
2017,4,-10.000000,-160.000000,-7.500000,-157.500000,1184.390000,3.256529,1.004737,5.222097,9.483363,,,,,,,,,,0.866025,-0.500000
2017,4,-10.000000,-165.000000,-7.500000,-162.500000,7128.760000,6.213844,2.054495,9.896111,18.164449,,,,,,,,,,0.866025,-0.500000
2017,4,-10.000000,170.000000,-7.500000,172.500000,6483.700000,7.312800,3.546586,14.660456,25.519842,30.005156,0.834709,17.758128,0.091204,0.284062,0.030710,0.000000,0.084767,197.295883,0.866025,-0.500000
2017,4,-10.000000,-170.000000,-7.500000,-167.500000,5255.630000,4.185797,1.468330,5.742604,11.396731,,,,,,,,,,0.866025,-0.500000
2017,4,-10.000000,175.000000,-7.500000,177.500000,3553.750000,25.630109,3.993247,7.336476,36.959831,29.949715,0.800340,16.642380,0.100069,0.402399,0.022645,0.000000,0.084950,197.294571,0.866025,-0.500000
2017,4,-10.000000,-175.000000,-7.500000,-172.500000,2627.370000,7.322532,1.321474,13.239856,21.883861,,,,,,,,,,0.866025,-0.500000
2017,4,-10.000000,-180.000000,-7.500000,-177.500000,4226.500000,17.676801,3.707796,12.568319,33.952916,,,,,,,,,,0.866025,-0.500000
2017,4,15.000000,110.000000,17.500000,112.500000,38604.990000,8.460150,0.541821,0.000000,9.001971,27.541417,0.685442,13.451120,0.207267,118.465751,0.070941,0.232189,0.106697,207.542206,0.866025,-0.500000
2017,4,15.000000,115.000000,17.500000,117.500000,38604.990000,8.460150,0.541821,0.000000,9.001971,27.699358,0.598251,13.275127,0.205216,129.096354,0.093957,0.224234,0.099577,206.777298,0.866025,-0.500000
2017,4,15.000000,120.000000,17.500000,122.500000,1131.400000,11.647516,0.340286,0.415415,12.403217,27.680124,0.856706,16.450026,0.292178,129.970235,0.132803,0.233480,0.114595,204.624191,0.866025,-0.500000
2017,4,15.000000,125.000000,17.500000,127.500000,6061.610000,2.309452,0.300745,0.436848,3.047045,27.494107,0.916264,17.168824,0.216241,1.552058,0.053814,0.083056,0.100943,206.460297,0.866025,-0.500000
2017,4,15.000000,130.000000,17.500000,132.500000,2489.130000,5.552141,1.390446,4.933451,11.876037,27.669367,0.967129,19.015364,0.197231,1.166662,0.068576,0.033056,0.097576,206.154068,0.866025,-0.500000
2017,4,15.000000,135.000000,17.500000,137.500000,3625.390000,2.744532,1.452809,7.659314,11.856655,27.636554,0.956809,18.220738,0.182565,1.597644,0.064584,0.045556,0.090841,205.240448,0.866025,-0.500000
2017,4,15.000000,140.000000,17.500000,142.500000,5545.090000,2.505099,0.613696,8.762888,11.881683,27.670903,0.958433,18.995018,0.169579,1.361726,0.058300,0.024722,0.084628,204.206848,0.866025,-0.500000
2017,4,15.000000,150.000000,17.500000,152.500000,3444.910000,4.197497,0.587824,16.470387,21.255708,27.702671,0.889605,20.721052,0.175224,1.916784,0.048716,0.075833,0.085759,204.002365,0.866025,-0.500000
2017,4,15.000000,155.000000,17.500000,157.500000,5966.490000,4.359179,1.482614,20.412839,26.254632,27.608500,0.875463,22.659528,0.147004,1.617900,0.048513,0.037778,0.077953,204.037964,0.866025,-0.500000
2017,4,15.000000,-155.000000,17.500000,-152.500000,1148.640000,3.636474,12.789037,0.000000,16.425512,,,,,,,,,,0.866025,-0.500000
2017,4,15.000000,160.000000,17.500000,162.500000,3487.200000,1.019443,0.335513,6.012273,7.367229,27.693872,0.891721,25.057859,0.161188,1.253319,0.043882,0.034444,0.067664,203.780609,0.866025,-0.500000
2017,4,15.000000,-160.000000,17.500000,-157.500000,1544.820000,2.619723,17.023990,0.000000,19.643713,,,,,,,,,,0.866025,-0.500000
2017,4,15.000000,165.000000,17.500000,167.500000,1361.650000,1.473947,0.004406,1.327066,2.805420,27.581617,0.867246,26.196327,0.181250,1.802682,0.054095,0.052500,0.064748,204.239304,0.866025,-0.500000
2017,4,15.000000,-165.000000,17.500000,-162.500000,2367.760000,3.435314,14.203720,1.699074,19.338109,,,,,,,,,,0.866025,-0.500000
2017,4,15.000000,175.000000,17.500000,177.500000,1825.120000,0.738034,0.136977,0.060270,0.935281,27.115935,0.869011,29.016025,0.178633,0.702783,0.056026,0.000000,0.060744,206.315735,0.866025,-0.500000
2017,4,-15.000000,-135.000000,-12.500000,-132.500000,12292.800000,3.965004,4.015603,27.913250,35.893857,,,,,,,,,,0.866025,-0.500000
2017,4,-15.000000,-140.000000,-12.500000,-137.500000,3705.600000,7.637090,8.004372,15.577774,31.219236,,,,,,,,,,0.866025,-0.500000
2017,4,-15.000000,145.000000,-12.500000,147.500000,3861.860000,49.620908,0.890504,29.504954,80.016365,28.943301,0.680162,24.772664,0.160260,133.595386,0.048025,0.032685,0.106342,199.078186,0.866025,-0.500000
2017,4,-15.000000,-145.000000,-12.500000,-142.500000,3949.440000,10.082948,6.174799,14.553202,30.810950,,,,,,,,,,0.866025,-0.500000
2017,4,-15.000000,150.000000,-12.500000,152.500000,2657.730000,16.097948,2.266220,14.040930,32.405098,29.173993,0.704149,20.473294,0.130731,133.147263,0.030009,0.036420,0.085122,198.440536,0.866025,-0.500000
2017,4,-15.000000,-150.000000,-12.500000,-147.500000,1274.750000,7.584232,3.188076,14.959012,25.731320,,,,,,,,,,0.866025,-0.500000
2017,4,-15.000000,155.000000,-12.500000,157.500000,17572.310000,11.132629,2.172680,23.711510,37.016818,29.755170,0.698325,21.097913,0.231586,0.961932,0.064885,0.005278,0.085437,198.027832,0.866025,-0.500000
2017,4,-15.000000,-155.000000,-12.500000,-152.500000,1529.280000,6.108103,1.927705,18.268728,26.304535,,,,,,,,,,0.866025,-0.500000
2017,4,-15.000000,160.000000,-12.500000,162.500000,2411.450000,10.195526,3.798544,18.643140,32.637210,29.927764,0.727493,17.499410,0.242693,135.699270,0.080066,0.018555,0.092752,197.718643,0.866025,-0.500000
2017,4,-15.000000,-160.000000,-12.500000,-157.500000,9060.540000,3.215813,0.901602,11.150108,15.267523,,,,,,,,,,0.866025,-0.500000
2017,4,-15.000000,165.000000,-12.500000,167.500000,2474.260000,16.016910,1.971499,21.277877,39.266286,29.948371,0.752061,16.875109,0.204577,131.973636,0.078792,0.015355,0.091126,197.708374,0.866025,-0.500000
2017,4,-15.000000,-165.000000,-12.500000,-162.500000,1850.630000,1.722657,0.791082,6.043347,8.557086,,,,,,,,,,0.866025,-0.500000
2017,4,-15.000000,170.000000,-12.500000,172.500000,8932.390000,13.388130,2.265575,26.978894,42.632599,29.844971,0.808656,20.659506,0.093597,0.515733,0.051258,0.000000,0.076913,197.579987,0.866025,-0.500000
2017,4,-15.000000,-170.000000,-12.500000,-167.500000,6487.550000,7.337439,0.892325,19.322240,27.552003,,,,,,,,,,0.866025,-0.500000
2017,4,-15.000000,175.000000,-12.500000,177.500000,21445.310000,29.884296,2.619500,33.242746,65.746543,29.858332,0.806394,20.390562,0.112573,0.466424,0.033010,0.000000,0.062080,197.082169,0.866025,-0.500000
2017,4,-15.000000,-175.000000,-12.500000,-172.500000,11938.660000,8.674675,0.830160,22.027095,31.531931,,,,,,,,,,0.866025,-0.500000
2017,4,-15.000000,-180.000000,-12.500000,-177.500000,3085.670000,27.948225,1.975584,18.159427,48.083236,,,,,,,,,,0.866025,-0.500000
2017,4,20.000000,120.000000,22.500000,122.500000,5468.950000,7.070644,0.165663,0.470840,7.707147,25.583922,0.939341,20.045143,0.349814,116.460454,0.189623,0.464151,0.210678,212.093124,0.866025,-0.500000
2017,4,20.000000,125.000000,22.500000,127.500000,1899.810000,7.631289,1.052737,0.947990,9.632016,25.055400,0.995839,20.132887,0.196644,74.547862,0.094046,0.341301,0.148976,216.238617,0.866025,-0.500000
2017,4,20.000000,135.000000,22.500000,137.500000,1455.090000,0.964202,0.318881,1.481008,2.764090,25.529080,0.961073,18.158175,0.238633,4.839521,0.084904,0.487222,0.144817,215.537598,0.866025,-0.500000
2017,4,20.000000,145.000000,22.500000,147.500000,1336.020000,3.616712,0.262721,6.765617,10.645050,25.707454,0.899002,17.626432,0.195302,4.984602,0.061191,0.411667,0.093328,213.007202,0.866025,-0.500000
2017,4,20.000000,150.000000,22.500000,152.500000,2192.440000,4.729434,1.485103,16.446516,22.661053,26.036483,0.911739,18.689748,0.230989,3.230545,0.072126,0.411111,0.078013,212.439255,0.866025,-0.500000
2017,4,20.000000,155.000000,22.500000,157.500000,1546.910000,11.638686,2.120356,36.023427,49.782470,26.053413,0.904427,20.772933,0.209695,2.785716,0.073711,0.169444,0.073048,211.823792,0.866025,-0.500000
2017,4,20.000000,-155.000000,22.500000,-152.500000,1537.720000,1.396873,8.647868,0.000000,10.044742,,,,,,,,,,0.866025,-0.500000
2017,4,20.000000,160.000000,22.500000,162.500000,1944.440000,1.118574,0.162515,0.116743,1.397832,25.887249,0.876923,19.299398,0.171071,3.646614,0.086047,0.348889,0.068965,211.199707,0.866025,-0.500000
2017,4,20.000000,170.000000,22.500000,172.500000,2242.320000,1.071658,0.259999,0.049056,1.380713,25.913408,0.798317,18.603788,0.185463,2.299862,0.061931,0.269444,0.070270,209.724106,0.866025,-0.500000
2017,4,-20.000000,-135.000000,-17.500000,-132.500000,1673.620000,1.215330,5.522759,22.024713,28.762802,,,,,,,,,,0.866025,-0.500000
2017,4,-20.000000,-145.000000,-17.500000,-142.500000,1103.200000,5.627266,5.939993,14.170595,25.737854,,,,,,,,,,0.866025,-0.500000
2017,4,-20.000000,-150.000000,-17.500000,-147.500000,2171.770000,6.599226,2.524669,6.411360,15.535255,,,,,,,,,,0.866025,-0.500000
2017,4,-20.000000,-155.000000,-17.500000,-152.500000,1049.050000,3.973119,2.001811,5.959678,11.934608,,,,,,,,,,0.866025,-0.500000
2017,4,-20.000000,160.000000,-17.500000,162.500000,2414.730000,10.891487,7.900262,30.229053,49.020801,28.532703,0.688352,25.270243,0.119257,55.921571,0.047862,0.043901,0.089507,199.905823,0.866025,-0.500000
2017,4,-20.000000,165.000000,-17.500000,167.500000,6096.340000,22.917357,2.091911,31.636359,56.645627,28.590398,0.664572,20.786288,0.118937,131.748262,0.040318,0.076482,0.088596,199.791824,0.866025,-0.500000
2017,4,-20.000000,-165.000000,-17.500000,-162.500000,1679.610000,4.515929,0.702544,11.320485,16.538958,,,,,,,,,,0.866025,-0.500000
2017,4,-20.000000,170.000000,-17.500000,172.500000,20441.910000,12.299927,1.722931,44.170481,58.193339,28.576280,0.679305,19.409307,0.115577,1.265068,0.032404,0.037222,0.081863,199.675003,0.866025,-0.500000
2017,4,-20.000000,175.000000,-17.500000,177.500000,8295.990000,14.872246,1.678040,14.824753,31.375038,28.856126,0.707699,18.412163,0.102879,131.336895,0.028537,0.110132,0.092850,199.660675,0.866025,-0.500000
2017,4,-20.000000,-180.000000,-17.500000,-177.500000,7902.170000,14.808211,2.271022,11.154911,28.234143,,,,,,,,,,0.866025,-0.500000
2017,4,25.000000,125.000000,27.500000,127.500000,3531.640000,17.050719,0.050402,2.629656,19.730777,22.078104,0.813919,26.815967,0.268683,98.008062,0.239426,0.666667,0.360105,224.157425,0.866025,-0.500000
2017,4,25.000000,130.000000,27.500000,132.500000,7741.880000,12.274667,0.964494,13.296641,26.535803,21.925800,0.979666,31.673576,0.293267,45.183867,0.183605,0.360378,0.461615,229.893814,0.866025,-0.500000
2017,4,25.000000,135.000000,27.500000,137.500000,2306.150000,2.459510,1.511610,19.677384,23.648505,21.197070,0.927023,24.858980,0.147626,4.347048,0.080065,0.485000,0.421200,232.391266,0.866025,-0.500000
2017,4,25.000000,-155.000000,27.500000,-152.500000,5029.740000,2.736126,14.157193,0.000000,16.893319,,,,,,,,,,0.866025,-0.500000
2017,4,25.000000,160.000000,27.500000,162.500000,3396.300000,0.000000,0.292671,0.014133,0.306804,21.543519,0.784919,20.384967,0.134322,5.459068,0.043958,0.690278,0.098940,232.393738,0.866025,-0.500000
2017,4,25.000000,-160.000000,27.500000,-157.500000,2346.350000,2.610011,4.863298,0.000000,7.473310,,,,,,,,,,0.866025,-0.500000
2017,4,-25.000000,150.000000,-22.500000,152.500000,2300.280000,23.564523,4.348601,9.774462,37.687586,26.700889,0.713150,38.139845,0.168889,113.757358,0.064778,0.382449,0.151926,204.643234,0.866025,-0.500000
2017,4,-25.000000,155.000000,-22.500000,157.500000,2227.120000,16.201193,1.435037,18.194350,35.830579,26.567419,0.733551,39.439727,0.144677,54.029048,0.055471,0.171437,0.071112,204.957474,0.866025,-0.500000
2017,4,-25.000000,-160.000000,-22.500000,-157.500000,1312.080000,5.982105,1.166850,5.469941,12.618895,,,,,,,,,,0.866025,-0.500000
2017,4,-25.000000,165.000000,-22.500000,167.500000,1255.710000,22.326811,2.230611,15.216093,39.773515,26.729429,0.666280,26.891034,0.144561,122.413093,0.051603,0.221031,0.079923,205.024994,0.866025,-0.500000
2017,4,-25.000000,-180.000000,-22.500000,-177.500000,4182.360000,13.748697,2.849587,8.437342,25.035626,,,,,,,,,,0.866025,-0.500000
2017,4,30.000000,130.000000,32.500000,132.500000,5434.320000,6.275486,1.116607,13.445288,20.837382,19.229572,0.508440,26.710224,0.326036,90.760568,0.256530,0.734489,0.637383,238.291199,0.866025,-0.500000
2017,4,30.000000,135.000000,32.500000,137.500000,7763.170000,2.530925,2.819209,21.106970,26.457105,19.123919,0.796997,39.010906,0.408669,88.000668,0.431839,0.568639,0.631150,230.413483,0.866025,-0.500000
2017,4,30.000000,140.000000,32.500000,142.500000,14382.060000,4.882263,11.049460,11.569900,27.501624,18.810770,0.760466,44.746749,0.322907,25.474317,0.264542,0.481111,1.005488,240.515472,0.866025,-0.500000
2017,4,30.000000,145.000000,32.500000,147.500000,6741.170000,0.628674,9.932549,20.658283,31.219506,18.207207,0.931010,73.530834,0.151620,2.833460,0.097818,0.187778,1.106707,245.458572,0.866025,-0.500000
2017,4,30.000000,150.000000,32.500000,152.500000,2803.300000,0.897157,9.270146,24.653087,34.820390,17.485867,0.742913,60.859252,0.272651,3.871480,0.217893,0.279722,1.078090,250.115295,0.866025,-0.500000
2017,4,30.000000,-175.000000,32.500000,-172.500000,1106.700000,0.000000,0.086744,0.009939,0.096684,,,,,,,,,,0.866025,-0.500000
2017,4,-30.000000,-135.000000,-27.500000,-132.500000,2100.000000,1.043810,1.564762,25.019048,27.627619,,,,,,,,,,0.866025,-0.500000
2017,4,-30.000000,150.000000,-27.500000,152.500000,1334.190000,9.227321,6.847600,1.535014,17.609936,24.929440,0.550250,37.596688,0.294564,113.068070,0.134488,0.506939,0.199270,208.389435,0.866025,-0.500000
2017,4,-30.000000,155.000000,-27.500000,157.500000,1090.360000,5.569720,7.414982,5.053377,18.038079,25.005755,0.665943,45.105342,0.290959,4.085178,0.161395,0.335278,0.109900,211.301666,0.866025,-0.500000
2017,4,-30.000000,160.000000,-27.500000,162.500000,1546.700000,0.830155,0.382750,30.802353,32.015258,24.591824,0.622809,42.067690,0.178102,3.158924,0.079375,0.252500,0.063956,212.110260,0.866025,-0.500000
2017,4,35.000000,140.000000,37.500000,142.500000,2454.700000,2.866745,7.445716,8.025828,18.338290,13.503467,0.179988,27.017067,0.344452,69.473357,0.271615,0.818472,1.467961,244.791718,0.866025,-0.500000
2017,4,35.000000,145.000000,37.500000,147.500000,1697.140000,0.791921,10.171818,12.829230,23.792969,13.304417,0.117917,41.735717,0.326525,11.783146,0.237184,0.733333,1.250380,244.458572,0.866025,-0.500000
2017,4,-35.000000,-135.000000,-32.500000,-132.500000,5220.610000,0.822318,1.816263,45.189355,47.827936,,,,,,,,,,0.866025,-0.500000
2017,4,-35.000000,-140.000000,-32.500000,-137.500000,1050.000000,0.276190,1.224762,25.530476,27.031429,,,,,,,,,,0.866025,-0.500000
2017,4,-35.000000,-145.000000,-32.500000,-142.500000,1684.800000,5.516975,5.103276,21.826923,32.447175,,,,,,,,,,0.866025,-0.500000
2017,4,-35.000000,-150.000000,-32.500000,-147.500000,1279.200000,0.950594,1.605691,24.851470,27.407755,,,,,,,,,,0.866025,-0.500000
2017,4,-35.000000,-155.000000,-32.500000,-152.500000,1029.000000,1.156463,0.335277,38.166181,39.657920,,,,,,,,,,0.866025,-0.500000
2017,4,-40.000000,-135.000000,-37.500000,-132.500000,1050.000000,0.523810,0.478095,21.136190,22.138095,,,,,,,,,,0.866025,-0.500000
2017,4,-40.000000,-145.000000,-37.500000,-142.500000,1050.000000,0.223810,0.380000,22.695238,23.299048,,,,,,,,,,0.866025,-0.500000
2017,4,-40.000000,-165.000000,-37.500000,-162.500000,1567.630000,0.943462,1.153333,34.786270,36.883066,,,,,,,,,,0.866025,-0.500000
2017,4,-45.000000,150.000000,-42.500000,152.500000,10736.110000,0.000000,0.146701,3.933734,4.080435,,,,,,,,,,0.866025,-0.500000
2017,4,-45.000000,155.000000,-42.500000,157.500000,10146.420000,0.030158,0.553299,5.552599,6.136056,,,,,,,,,,0.866025,-0.500000
2017,4,-45.000000,165.000000,-42.500000,167.500000,1217.770000,0.000000,0.000000,7.749411,7.749411,,,,,,,,,,0.866025,-0.500000
2017,5,0.000000,120.000000,2.500000,122.500000,2656.470000,10.003877,6.804142,0.000000,16.808020,30.022299,0.623176,11.409727,0.233258,138.283386,0.019505,0.079143,0.101852,200.326904,0.500000,-0.866025
2017,5,0.000000,125.000000,2.500000,127.500000,3541.960000,10.003783,6.804142,0.000000,16.807926,30.183316,0.661493,11.562602,0.359812,139.148824,0.041972,0.121900,0.109109,199.766739,0.500000,-0.866025
2017,5,0.000000,140.000000,2.500000,142.500000,5232.890000,20.128457,6.554886,0.908294,27.591637,30.213927,0.744050,18.041526,0.260179,0.459835,0.008874,0.000000,0.090798,197.775131,0.500000,-0.866025
2017,5,0.000000,145.000000,2.500000,147.500000,2832.490000,12.261297,8.956431,0.201942,21.419670,30.073351,0.729832,22.126344,0.224623,0.435288,0.006463,0.000000,0.094353,197.717361,0.500000,-0.866025
2017,5,0.000000,155.000000,2.500000,157.500000,2434.700000,11.700004,12.933010,0.064895,24.697909,29.929571,0.707755,21.879992,0.224804,0.614319,0.007875,0.000000,0.123052,199.289536,0.500000,-0.866025
2017,5,0.000000,-155.000000,2.500000,-152.500000,4954.370000,3.930873,20.137172,0.013725,24.081770,,,,,,,,,,0.500000,-0.866025
2017,5,0.000000,160.000000,2.500000,162.500000,1617.450000,13.548487,10.905438,0.013602,24.467526,29.635957,0.684755,23.597506,0.237408,0.361333,0.016202,0.000000,0.155951,200.561035,0.500000,-0.866025
2017,5,0.000000,-160.000000,2.500000,-157.500000,1597.620000,11.856386,26.403024,0.095142,38.354552,,,,,,,,,,0.500000,-0.866025
2017,5,0.000000,165.000000,2.500000,167.500000,1955.220000,3.735130,11.480550,0.013298,15.228977,29.209834,0.658181,21.195861,0.263849,92.637320,0.013705,0.002779,0.166510,200.990784,0.500000,-0.866025
2017,5,0.000000,170.000000,2.500000,172.500000,1687.280000,13.231947,14.625314,0.000000,27.857261,28.854165,0.629217,20.532791,0.239691,128.363910,0.013296,0.019537,0.214265,201.946899,0.500000,-0.866025
2017,5,0.000000,-170.000000,2.500000,-167.500000,1505.810000,1.901966,28.365464,0.000000,30.267431,,,,,,,,,,0.500000,-0.866025
2017,5,0.000000,175.000000,2.500000,177.500000,1091.770000,3.153595,18.515805,0.007328,21.676727,28.686329,0.606103,21.084391,0.198014,0.292290,0.011719,0.000000,0.161244,202.368500,0.500000,-0.866025
2017,5,0.000000,-175.000000,2.500000,-172.500000,1110.960000,2.697667,43.456110,0.000000,46.153777,,,,,,,,,,0.500000,-0.866025
2017,5,5.000000,130.000000,7.500000,132.500000,3152.490000,12.689652,44.059458,0.010468,56.759577,29.996762,0.568933,15.685392,0.520443,134.148916,0.100037,0.008082,0.103772,199.746613,0.500000,-0.866025
2017,5,5.000000,145.000000,7.500000,147.500000,1321.030000,15.537876,40.578185,0.024981,56.141041,29.538085,0.716876,28.640944,0.148518,0.493891,0.016679,0.000000,0.083022,198.483475,0.500000,-0.866025
2017,5,5.000000,150.000000,7.500000,152.500000,2529.050000,17.448449,26.352978,1.225757,45.027184,29.558015,0.713939,32.260326,0.163560,118.527424,0.020629,0.004454,0.078106,198.343735,0.500000,-0.866025
2017,5,5.000000,155.000000,7.500000,157.500000,1050.090000,10.720986,24.855965,1.769372,37.346323,29.340097,0.699372,34.372947,0.125694,124.597580,0.018906,0.003336,0.074962,198.299362,0.500000,-0.866025
2017,5,5.000000,160.000000,7.500000,162.500000,1173.980000,7.689228,29.042232,1.076679,37.808140,29.206988,0.670127,36.379676,0.159305,0.298010,0.022898,0.000000,0.081396,198.571136,0.500000,-0.866025
2017,5,5.000000,165.000000,7.500000,167.500000,10577.430000,3.380311,9.375812,0.084992,12.841115,29.063911,0.637003,34.933710,0.176668,130.604415,0.029299,0.041643,0.118199,199.236267,0.500000,-0.866025
2017,5,5.000000,170.000000,7.500000,172.500000,4132.340000,2.513104,9.253353,0.249495,12.015952,28.830093,0.589547,36.252171,0.203404,130.138315,0.039036,0.028411,0.154352,200.504883,0.500000,-0.866025
2017,5,5.000000,-170.000000,7.500000,-167.500000,1534.000000,1.956975,14.428292,0.000000,16.385267,,,,,,,,,,0.500000,-0.866025
2017,5,5.000000,175.000000,7.500000,177.500000,2494.530000,4.288583,13.404529,0.000000,17.693113,28.708170,0.551342,37.110213,0.221335,0.484260,0.031577,0.000000,0.130136,201.303802,0.500000,-0.866025
2017,5,5.000000,-175.000000,7.500000,-172.500000,1441.600000,1.052303,12.903024,0.091565,14.046892,,,,,,,,,,0.500000,-0.866025
2017,5,-5.000000,120.000000,-2.500000,122.500000,3541.960000,10.003783,6.804142,0.000000,16.807926,29.714692,0.625306,15.469331,0.132694,136.999933,0.010905,0.231727,0.098320,199.026382,0.500000,-0.866025
2017,5,-5.000000,125.000000,-2.500000,127.500000,5312.940000,10.003877,6.804142,0.000000,16.808020,29.632009,0.630750,13.445719,0.227319,136.723551,0.011664,0.172755,0.102092,198.895340,0.500000,-0.866025
2017,5,-5.000000,130.000000,-2.500000,132.500000,1770.980000,10.004066,6.804142,0.000000,16.808208,29.661522,0.658681,12.446994,0.203268,139.276583,0.042493,0.269756,0.143352,198.052292,0.500000,-0.866025
2017,5,-5.000000,-155.000000,-2.500000,-152.500000,3342.400000,3.426879,20.368897,0.000000,23.795775,,,,,,,,,,0.500000,-0.866025
2017,5,-5.000000,160.000000,-2.500000,162.500000,1953.990000,14.028219,2.751805,17.328645,34.108670,29.882019,0.721510,18.895197,0.354960,0.354031,0.029820,0.000000,0.151902,200.739105,0.500000,-0.866025
2017,5,-5.000000,-165.000000,-2.500000,-162.500000,1778.570000,10.543302,11.575029,1.046346,23.164677,,,,,,,,,,0.500000,-0.866025
2017,5,-5.000000,170.000000,-2.500000,172.500000,3041.960000,14.455154,5.795934,5.374824,25.625912,29.489163,0.674732,18.635004,0.346949,130.364055,0.033774,0.009755,0.155402,202.450455,0.500000,-0.866025
2017,5,-5.000000,-170.000000,-2.500000,-167.500000,3671.420000,3.475767,12.187383,0.035409,15.698558,,,,,,,,,,0.500000,-0.866025
2017,5,-5.000000,175.000000,-2.500000,177.500000,2870.760000,23.362803,8.708844,4.009391,36.081038,29.402956,0.638097,18.438380,0.272105,92.150097,0.028339,0.001668,0.148458,202.969147,0.500000,-0.866025
2017,5,10.000000,110.000000,12.500000,112.500000,23077.730000,14.152345,0.906372,0.000000,15.058717,29.992348,0.723988,13.072943,0.246034,1.368898,0.085997,0.020278,0.083866,199.660370,0.500000,-0.866025
2017,5,10.000000,115.000000,12.500000,117.500000,23077.730000,14.152345,0.906372,0.000000,15.058717,30.218051,0.705485,12.327305,0.126844,136.369453,0.037222,0.051078,0.090264,198.798157,0.500000,-0.866025
2017,5,10.000000,125.000000,12.500000,127.500000,2109.550000,8.407954,2.370174,0.077268,10.855396,29.787992,0.794899,15.564882,0.196292,133.527695,0.064178,0.040822,0.107683,198.976379,0.500000,-0.866025
2017,5,10.000000,130.000000,12.500000,132.500000,7165.040000,7.092633,7.998560,1.031397,16.122590,29.725313,0.828791,18.422245,0.230462,0.270360,0.075414,0.000000,0.099889,198.885376,0.500000,-0.866025
2017,5,10.000000,135.000000,12.500000,137.500000,3026.900000,7.258581,10.504477,0.848393,18.611451,29.545442,0.870461,21.524544,0.207157,118.097532,0.062958,0.001946,0.093415,198.997238,0.500000,-0.866025
2017,5,10.000000,150.000000,12.500000,152.500000,5913.220000,2.674178,1.361526,2.260021,6.295724,29.010369,0.847855,26.320478,0.174011,0.384735,0.048617,0.000000,0.084993,200.179382,0.500000,-0.866025
2017,5,10.000000,155.000000,12.500000,157.500000,4651.810000,2.901881,3.259806,6.672671,12.834359,28.783202,0.823331,28.809093,0.191936,0.347270,0.060232,0.000000,0.079944,200.397263,0.500000,-0.866025
2017,5,10.000000,-160.000000,12.500000,-157.500000,2287.910000,2.393014,23.487375,0.000000,25.880389,,,,,,,,,,0.500000,-0.866025
2017,5,10.000000,-165.000000,12.500000,-162.500000,2992.490000,2.807361,27.254895,0.009023,30.071278,,,,,,,,,,0.500000,-0.866025
2017,5,10.000000,170.000000,12.500000,172.500000,4011.220000,7.528632,14.465175,3.270327,25.264134,28.032513,0.736558,40.444150,0.177091,56.862587,0.044455,0.003056,0.067176,203.032608,0.500000,-0.866025
2017,5,10.000000,-170.000000,12.500000,-167.500000,1357.780000,1.307281,27.332852,0.000000,28.640133,,,,,,,,,,0.500000,-0.866025
2017,5,10.000000,175.000000,12.500000,177.500000,20387.330000,5.717473,26.954682,1.677120,34.349275,27.833051,0.682678,37.662725,0.177802,0.756374,0.033023,0.003333,0.059324,203.477325,0.500000,-0.866025
2017,5,10.000000,-175.000000,12.500000,-172.500000,4566.200000,2.226578,20.004380,0.157461,22.388419,,,,,,,,,,0.500000,-0.866025
2017,5,10.000000,-180.000000,12.500000,-177.500000,9439.140000,1.707783,23.410395,0.178194,25.296372,,,,,,,,,,0.500000,-0.866025
2017,5,-10.000000,-145.000000,-7.500000,-142.500000,1686.290000,35.658161,8.350284,9.460413,53.468858,,,,,,,,,,0.500000,-0.866025
2017,5,-10.000000,-150.000000,-7.500000,-147.500000,13984.030000,9.558689,3.414109,19.618880,32.591678,,,,,,,,,,0.500000,-0.866025
2017,5,-10.000000,155.000000,-7.500000,157.500000,4261.970000,21.011645,4.253432,12.153535,37.418612,30.079998,0.791581,19.550672,0.148676,135.809981,0.018962,0.100773,0.114663,197.293137,0.500000,-0.866025
2017,5,-10.000000,160.000000,-7.500000,162.500000,1745.310000,12.483742,2.583495,23.851350,38.918588,29.915287,0.806310,23.833101,0.142955,134.251455,0.021353,0.031973,0.094980,197.211548,0.500000,-0.866025
2017,5,-10.000000,165.000000,-7.500000,167.500000,5172.020000,22.967429,10.970375,2.699139,36.636943,29.806594,0.796724,25.326761,0.105213,0.465407,0.020061,0.000000,0.084965,197.460159,0.500000,-0.866025
2017,5,-10.000000,-165.000000,-7.500000,-162.500000,1797.210000,7.944536,2.835506,12.646268,23.426311,,,,,,,,,,0.500000,-0.866025
2017,5,-10.000000,170.000000,-7.500000,172.500000,20685.650000,15.197492,4.601741,13.282445,33.081677,29.745457,0.771277,24.612586,0.100562,0.265652,0.015359,0.000000,0.079540,197.568649,0.500000,-0.866025
2017,5,-10.000000,-170.000000,-7.500000,-167.500000,2965.600000,8.407742,1.529202,21.081737,31.018681,,,,,,,,,,0.500000,-0.866025
2017,5,-10.000000,175.000000,-7.500000,177.500000,13723.180000,14.792125,3.845464,12.955671,31.593260,29.883433,0.753100,21.381226,0.144745,0.235852,0.025909,0.000000,0.062946,196.761169,0.500000,-0.866025
2017,5,-10.000000,-175.000000,-7.500000,-172.500000,3307.660000,4.933095,0.707449,20.560154,26.200698,,,,,,,,,,0.500000,-0.866025
2017,5,-10.000000,-180.000000,-7.500000,-177.500000,1676.280000,24.887847,3.292409,9.660081,37.840337,,,,,,,,,,0.500000,-0.866025
2017,5,15.000000,110.000000,17.500000,112.500000,23077.730000,14.152345,0.906372,0.000000,15.058717,29.334473,0.667498,11.253470,0.223459,130.337464,0.072381,0.203346,0.089415,200.915024,0.500000,-0.866025
2017,5,15.000000,115.000000,17.500000,117.500000,23077.730000,14.152345,0.906372,0.000000,15.058717,29.661754,0.614444,10.959758,0.168889,137.624944,0.087134,0.168245,0.090223,200.857132,0.500000,-0.866025
2017,5,15.000000,125.000000,17.500000,127.500000,7482.990000,3.327413,0.397836,0.211814,3.937063,29.500260,0.964456,11.869285,0.195811,1.031492,0.068286,0.025556,0.111795,200.470474,0.500000,-0.866025
2017,5,15.000000,130.000000,17.500000,132.500000,4445.190000,3.882624,0.641142,4.421183,8.944949,29.241516,0.986240,13.600574,0.181044,0.983793,0.059874,0.010556,0.102821,200.819901,0.500000,-0.866025
2017,5,15.000000,135.000000,17.500000,137.500000,2917.950000,6.066245,0.936616,5.885296,12.888158,29.003454,0.978953,14.138421,0.183770,0.838183,0.064011,0.007222,0.099004,200.793243,0.500000,-0.866025
2017,5,15.000000,140.000000,17.500000,142.500000,2099.540000,5.031102,1.447936,17.064690,23.543729,28.810272,0.954490,15.788497,0.192536,1.295694,0.091094,0.013611,0.094013,200.964722,0.500000,-0.866025
2017,5,15.000000,150.000000,17.500000,152.500000,9347.890000,5.969368,1.081421,34.662261,41.713050,28.600529,0.899131,21.053110,0.156688,0.998694,0.046655,0.010556,0.092000,201.670395,0.500000,-0.866025
2017,5,15.000000,155.000000,17.500000,157.500000,9084.240000,4.199911,1.487851,27.813004,33.500766,28.285442,0.887408,22.773294,0.191727,0.789509,0.056391,0.004167,0.081134,201.981430,0.500000,-0.866025
2017,5,15.000000,-155.000000,17.500000,-152.500000,2492.530000,2.547612,16.730792,0.000000,19.278404,,,,,,,,,,0.500000,-0.866025
2017,5,15.000000,-160.000000,17.500000,-157.500000,8508.150000,2.668735,15.098935,0.118240,17.885909,,,,,,,,,,0.500000,-0.866025
2017,5,15.000000,-165.000000,17.500000,-162.500000,2346.550000,2.656240,14.205110,0.857003,17.718352,,,,,,,,,,0.500000,-0.866025
2017,5,-15.000000,-135.000000,-12.500000,-132.500000,5985.380000,8.469972,4.470059,26.066515,39.006546,,,,,,,,,,0.500000,-0.866025
2017,5,-15.000000,-140.000000,-12.500000,-137.500000,4426.130000,28.783836,9.393533,25.963087,64.140457,,,,,,,,,,0.500000,-0.866025
2017,5,-15.000000,145.000000,-12.500000,147.500000,5124.120000,33.343286,1.268510,36.378149,70.989946,27.636779,0.647424,33.714183,0.193029,125.290423,0.042958,0.070724,0.096547,202.454681,0.500000,-0.866025
2017,5,-15.000000,-145.000000,-12.500000,-142.500000,4501.900000,21.647749,5.506342,16.908194,44.062285,,,,,,,,,,0.500000,-0.866025
2017,5,-15.000000,150.000000,-12.500000,152.500000,2348.500000,35.078135,2.314243,37.216521,74.608899,28.322895,0.689509,28.452997,0.146421,129.109773,0.032971,0.103896,0.083882,201.075424,0.500000,-0.866025
2017,5,-15.000000,-150.000000,-12.500000,-147.500000,6742.300000,9.769663,3.631995,20.828352,34.230011,,,,,,,,,,0.500000,-0.866025
2017,5,-15.000000,155.000000,-12.500000,157.500000,12829.660000,17.961505,2.359610,30.321848,50.642963,28.951552,0.644922,29.550057,0.237174,1.400821,0.057766,0.035556,0.087988,199.502075,0.500000,-0.866025
2017,5,-15.000000,160.000000,-12.500000,162.500000,2194.580000,25.551131,1.153296,30.757138,57.461564,28.871678,0.627738,24.967308,0.263173,133.407673,0.107141,0.116671,0.099625,199.940475,0.500000,-0.866025
2017,5,-15.000000,-160.000000,-12.500000,-157.500000,13164.130000,8.312437,0.989811,17.534543,26.836791,,,,,,,,,,0.500000,-0.866025
2017,5,-15.000000,165.000000,-12.500000,167.500000,2638.740000,23.789005,1.953963,14.359505,40.102473,29.122201,0.715587,23.782755,0.208866,126.893508,0.073990,0.070352,0.086271,198.733200,0.500000,-0.866025
2017,5,-15.000000,-165.000000,-12.500000,-162.500000,10889.150000,11.595579,0.689953,21.338764,33.624296,,,,,,,,,,0.500000,-0.866025
2017,5,-15.000000,170.000000,-12.500000,172.500000,20250.370000,11.917511,1.321359,28.633502,41.872371,29.309781,0.744893,29.450448,0.077405,0.697905,0.020566,0.000833,0.071870,198.276566,0.500000,-0.866025
2017,5,-15.000000,-170.000000,-12.500000,-167.500000,9315.120000,10.843017,0.810081,25.093289,36.746387,,,,,,,,,,0.500000,-0.866025
2017,5,-15.000000,175.000000,-12.500000,177.500000,13251.820000,15.188933,2.110503,15.855256,33.154691,29.452051,0.737119,27.779432,0.106219,0.646122,0.028821,0.000000,0.058594,197.476868,0.500000,-0.866025
2017,5,-15.000000,-175.000000,-12.500000,-172.500000,12211.650000,9.941490,0.947128,26.966626,37.855245,,,,,,,,,,0.500000,-0.866025
2017,5,-15.000000,-180.000000,-12.500000,-177.500000,1807.970000,11.117441,7.693159,1.545380,20.355979,,,,,,,,,,0.500000,-0.866025
2017,5,20.000000,115.000000,22.500000,117.500000,1361.440000,0.972500,0.029381,0.000000,1.001880,26.935876,0.536510,11.365469,0.227106,117.506975,0.098166,0.497137,0.223316,207.636887,0.500000,-0.866025
2017,5,20.000000,120.000000,22.500000,122.500000,3795.580000,6.625601,0.245549,1.386613,8.257763,27.588316,0.916356,11.348903,0.397719,125.852192,0.210266,0.353459,0.153510,204.880493,0.500000,-0.866025
2017,5,20.000000,125.000000,22.500000,127.500000,8614.530000,11.547815,0.180045,0.491611,12.219471,27.446920,1.025975,11.418571,0.219485,81.752097,0.085168,0.313230,0.111230,207.887329,0.500000,-0.866025
2017,5,20.000000,135.000000,22.500000,137.500000,4860.130000,1.123632,0.124277,1.731847,2.979756,27.564678,0.975020,11.842157,0.229735,2.654962,0.092240,0.240556,0.094209,206.775726,0.500000,-0.866025
2017,5,20.000000,145.000000,22.500000,147.500000,3755.830000,3.687867,0.027424,1.045574,4.760865,27.548892,0.881704,12.421797,0.203360,2.111920,0.075762,0.211111,0.089548,206.076599,0.500000,-0.866025
2017,5,20.000000,150.000000,22.500000,152.500000,1284.410000,3.653818,0.413419,18.073668,22.140905,27.650432,0.925522,14.563561,0.245556,2.844211,0.085070,0.224167,0.088792,205.938065,0.500000,-0.866025
2017,5,20.000000,155.000000,22.500000,157.500000,2864.400000,4.830680,0.333054,9.204720,14.368454,27.345703,0.920897,17.267416,0.225548,2.391746,0.088076,0.148056,0.084123,206.338989,0.500000,-0.866025
2017,5,20.000000,160.000000,22.500000,162.500000,2804.860000,2.217579,0.105175,0.449220,2.771974,26.715702,0.827448,16.950193,0.184403,2.363335,0.075301,0.198333,0.081868,206.703186,0.500000,-0.866025
2017,5,20.000000,170.000000,22.500000,172.500000,2007.300000,1.127883,0.076222,0.049818,1.253923,26.299666,0.776541,22.381259,0.162683,4.013448,0.073312,0.171667,0.074581,207.934616,0.500000,-0.866025
2017,5,-20.000000,-135.000000,-17.500000,-132.500000,2142.300000,2.921626,6.244690,13.070065,22.236381,,,,,,,,,,0.500000,-0.866025
2017,5,-20.000000,-150.000000,-17.500000,-147.500000,1206.000000,5.514096,4.290216,8.081260,17.885572,,,,,,,,,,0.500000,-0.866025
2017,5,-20.000000,-160.000000,-17.500000,-157.500000,1066.690000,6.516420,1.486842,14.764365,22.767627,,,,,,,,,,0.500000,-0.866025
2017,5,-20.000000,-165.000000,-17.500000,-162.500000,1815.070000,12.336163,0.655071,17.635133,30.626367,,,,,,,,,,0.500000,-0.866025
2017,5,-20.000000,170.000000,-17.500000,172.500000,24621.550000,6.409913,1.114065,30.799036,38.323014,27.922733,0.695922,27.149861,0.124649,1.242649,0.034545,0.080556,0.070256,201.606308,0.500000,-0.866025
2017,5,-20.000000,175.000000,-17.500000,177.500000,16630.830000,9.091549,1.764975,14.224846,25.081370,28.194331,0.752703,31.337805,0.121439,127.557533,0.027427,0.138620,0.083862,201.270996,0.500000,-0.866025
2017,5,-20.000000,-175.000000,-17.500000,-172.500000,3185.210000,13.287036,3.305277,32.034936,48.627249,,,,,,,,,,0.500000,-0.866025
2017,5,-20.000000,-180.000000,-17.500000,-177.500000,4469.360000,13.296087,2.953890,20.159486,36.409464,,,,,,,,,,0.500000,-0.866025
2017,5,25.000000,125.000000,27.500000,127.500000,11281.750000,27.887517,0.048840,0.602655,28.539012,24.213320,0.810369,14.567125,0.263244,107.511049,0.245473,0.608537,0.176024,217.597702,0.500000,-0.866025
2017,5,25.000000,130.000000,27.500000,132.500000,3227.220000,14.101301,0.135101,1.948426,16.184828,23.848460,0.957465,12.684092,0.308087,49.623385,0.163788,0.498472,0.181254,222.082245,0.500000,-0.866025
2017,5,25.000000,135.000000,27.500000,137.500000,6090.120000,0.635948,0.113134,1.253341,2.002424,24.344331,1.010328,12.761697,0.183768,4.498822,0.103714,0.602500,0.170169,222.243149,0.500000,-0.866025
2017,5,25.000000,145.000000,27.500000,147.500000,3298.880000,0.909096,0.051533,0.241294,1.201923,23.456612,0.859122,11.581478,0.184066,4.557515,0.102352,0.605000,0.119802,224.020416,0.500000,-0.866025
2017,5,25.000000,150.000000,27.500000,152.500000,2482.000000,0.953666,0.102740,0.032232,1.088638,24.326266,0.834955,11.843302,0.171283,4.217104,0.071340,0.540278,0.128991,223.351608,0.500000,-0.866025
2017,5,25.000000,155.000000,27.500000,157.500000,2212.160000,0.725535,0.134258,0.035260,0.895053,24.216602,0.795421,12.191848,0.184741,4.040468,0.084667,0.644722,0.124692,223.346954,0.500000,-0.866025
2017,5,25.000000,-155.000000,27.500000,-152.500000,5383.180000,2.522115,18.042124,0.000000,20.564239,,,,,,,,,,0.500000,-0.866025
2017,5,25.000000,160.000000,27.500000,162.500000,4547.920000,0.410737,0.551021,0.085534,1.047292,23.936796,0.769425,12.381657,0.172665,7.815596,0.065026,0.446389,0.081926,223.020386,0.500000,-0.866025
2017,5,25.000000,-160.000000,27.500000,-157.500000,3537.170000,3.153368,18.569082,0.000000,21.722450,,,,,,,,,,0.500000,-0.866025
2017,5,25.000000,165.000000,27.500000,167.500000,4499.800000,0.705365,0.366238,0.096893,1.168496,23.683834,0.713985,12.953921,0.201154,6.233770,0.110429,0.473611,0.073610,222.135178,0.500000,-0.866025
2017,5,-25.000000,150.000000,-22.500000,152.500000,2023.970000,20.877286,8.975924,3.637406,33.490615,25.193330,0.671091,42.661311,0.157349,104.427548,0.068809,0.474787,0.200628,209.858948,0.500000,-0.866025
2017,5,-25.000000,160.000000,-22.500000,162.500000,2772.330000,9.745593,1.328846,33.437578,44.512017,25.063077,0.661511,47.347713,0.116494,116.783716,0.036091,0.188010,0.065060,209.415924,0.500000,-0.866025
2017,5,-25.000000,-160.000000,-22.500000,-157.500000,1295.740000,6.255885,3.593313,9.070493,18.919691,,,,,,,,,,0.500000,-0.866025
2017,5,-25.000000,-165.000000,-22.500000,-162.500000,1396.600000,8.888730,6.032508,25.141773,40.063010,,,,,,,,,,0.500000,-0.866025
2017,5,-25.000000,175.000000,-22.500000,177.500000,2586.410000,10.178974,2.786874,26.213555,39.179403,25.572644,0.683918,43.453273,0.109469,2.891735,0.061036,0.198889,0.069342,208.656586,0.500000,-0.866025
2017,5,-25.000000,-180.000000,-22.500000,-177.500000,1051.200000,14.613775,1.644787,6.854072,23.112633,,,,,,,,,,0.500000,-0.866025
2017,5,30.000000,130.000000,32.500000,132.500000,1627.910000,9.071140,0.382699,6.694473,16.148313,21.485106,0.533987,13.268849,0.402230,98.246758,0.359491,0.724855,0.318947,229.132584,0.500000,-0.866025
2017,5,30.000000,135.000000,32.500000,137.500000,3611.240000,0.324265,0.898860,17.990496,19.213622,22.018686,0.843436,15.287558,0.389037,94.328699,0.437428,0.496644,0.329656,227.565094,0.500000,-0.866025
2017,5,30.000000,140.000000,32.500000,142.500000,3441.440000,0.743003,5.358513,25.867660,31.969176,21.150863,0.828323,15.729241,0.324310,29.846720,0.236127,0.491667,0.545006,236.598831,0.500000,-0.866025
2017,5,30.000000,145.000000,32.500000,147.500000,11791.160000,0.754972,8.949925,34.137099,43.841997,19.787845,0.855071,13.693656,0.243442,5.198056,0.174680,0.143333,0.644235,244.961868,0.500000,-0.866025
2017,5,30.000000,150.000000,32.500000,152.500000,8732.250000,0.184947,8.263620,25.735635,34.184202,19.693675,0.754081,14.371506,0.295872,3.360727,0.176736,0.366667,0.603417,247.091568,0.500000,-0.866025
2017,5,30.000000,155.000000,32.500000,157.500000,1386.340000,0.167347,0.411876,1.324350,1.903573,19.843844,0.700512,14.055597,0.249806,3.464593,0.254417,0.517778,0.535833,247.298843,0.500000,-0.866025
2017,5,30.000000,160.000000,32.500000,162.500000,1601.240000,0.114911,1.175964,0.871824,2.162699,19.046833,0.654090,13.767239,0.298256,4.746389,0.231614,0.631944,0.490493,249.387497,0.500000,-0.866025
2017,5,-30.000000,-135.000000,-27.500000,-132.500000,7290.500000,1.001852,2.915849,26.251835,30.169536,,,,,,,,,,0.500000,-0.866025
2017,5,-30.000000,150.000000,-27.500000,152.500000,1620.730000,12.483264,8.453598,4.668884,25.605746,23.812858,0.543272,41.450615,0.284888,108.937147,0.138800,0.532245,0.271284,212.740143,0.500000,-0.866025
2017,5,-30.000000,-155.000000,-27.500000,-152.500000,1080.000000,1.481481,1.395370,28.703704,31.580556,,,,,,,,,,0.500000,-0.866025
2017,5,-30.000000,165.000000,-27.500000,167.500000,1962.200000,1.332178,0.593212,34.335949,36.261339,22.990575,0.608755,60.736973,0.157543,92.916708,0.082648,0.302364,0.059729,218.493744,0.500000,-0.866025
2017,5,-30.000000,170.000000,-27.500000,172.500000,1849.390000,0.000000,0.449878,32.164119,32.613997,23.090302,0.590138,59.070104,0.178818,2.811075,0.118901,0.236389,0.053720,218.071426,0.500000,-0.866025
2017,5,-30.000000,-170.000000,-27.500000,-167.500000,2355.430000,4.310890,1.767830,20.230276,26.308997,,,,,,,,,,0.500000,-0.866025
2017,5,-30.000000,-175.000000,-27.500000,-172.500000,1088.710000,1.052622,4.753332,30.821798,36.627752,,,,,,,,,,0.500000,-0.866025
2017,5,35.000000,140.000000,37.500000,142.500000,1076.100000,0.325249,0.900474,13.834216,15.059939,16.831885,0.223409,13.141498,0.356096,83.855582,0.310873,0.859325,0.950085,245.818497,0.500000,-0.866025
2017,5,35.000000,145.000000,37.500000,147.500000,4868.850000,1.056718,8.947082,54.531358,64.535157,16.057101,0.119859,12.978590,0.301145,10.548150,0.195701,0.681389,0.916681,246.454895,0.500000,-0.866025
2017,5,35.000000,150.000000,37.500000,152.500000,1320.450000,0.027263,4.308380,12.199629,16.535272,16.347955,0.213485,15.678207,0.326657,8.569252,0.133253,0.674167,1.213136,260.460236,0.500000,-0.866025
2017,5,-35.000000,-135.000000,-32.500000,-132.500000,5109.600000,0.429192,2.289416,29.447119,32.165727,,,,,,,,,,0.500000,-0.866025
2017,5,-35.000000,-140.000000,-32.500000,-137.500000,3735.000000,0.555556,1.117269,40.007229,41.680054,,,,,,,,,,0.500000,-0.866025
2017,5,-35.000000,-150.000000,-32.500000,-147.500000,1085.000000,0.190783,1.079263,41.729954,43.000000,,,,,,,,,,0.500000,-0.866025
2017,5,-35.000000,155.000000,-32.500000,157.500000,1542.700000,4.182278,16.887276,35.986258,57.055811,21.747296,0.666773,77.999818,0.296337,67.599081,0.222627,0.313230,0.400354,217.496002,0.500000,-0.866025
2017,5,-35.000000,-155.000000,-32.500000,-152.500000,6321.480000,1.193075,0.233648,37.589141,39.015863,,,,,,,,,,0.500000,-0.866025
2017,5,-35.000000,160.000000,-32.500000,162.500000,3559.160000,0.131211,0.801875,38.098877,39.031963,20.918730,0.513077,73.683087,0.188991,4.186553,0.113177,0.429167,0.320567,221.699524,0.500000,-0.866025
2017,5,-35.000000,-160.000000,-32.500000,-157.500000,2720.300000,0.643679,2.116678,40.039702,42.800059,,,,,,,,,,0.500000,-0.866025
2017,5,-35.000000,165.000000,-32.500000,167.500000,2158.770000,0.023161,0.938034,24.027571,24.988767,20.368720,0.469713,68.349935,0.158087,4.444395,0.130806,0.514444,0.261310,224.996048,0.500000,-0.866025
2017,5,-35.000000,-165.000000,-32.500000,-162.500000,3116.290000,1.001832,0.846519,34.393782,36.242134,,,,,,,,,,0.500000,-0.866025
2017,5,-35.000000,-170.000000,-32.500000,-167.500000,1745.260000,0.546623,2.019183,39.317351,41.883158,,,,,,,,,,0.500000,-0.866025
2017,5,-35.000000,-175.000000,-32.500000,-172.500000,4823.010000,0.811526,2.236155,38.044499,41.092181,,,,,,,,,,0.500000,-0.866025
2017,5,-40.000000,150.000000,-37.500000,152.500000,1376.200000,6.787531,8.823572,19.522598,35.133701,,,,,,,,,,0.500000,-0.866025
2017,5,-40.000000,155.000000,-37.500000,157.500000,11635.810000,0.315578,4.904257,42.296153,47.515987,,,,,,,,,,0.500000,-0.866025
2017,5,-40.000000,160.000000,-37.500000,162.500000,1671.840000,0.192602,2.057613,50.294287,52.544502,,,,,,,,,,0.500000,-0.866025
2017,5,-40.000000,175.000000,-37.500000,177.500000,1343.010000,0.000000,1.649280,33.190371,34.839651,,,,,,,,,,0.500000,-0.866025
2017,5,-40.000000,-175.000000,-37.500000,-172.500000,4826.380000,0.007666,1.293930,42.854479,44.156076,,,,,,,,,,0.500000,-0.866025
2017,5,-40.000000,-180.000000,-37.500000,-177.500000,1826.880000,0.000000,0.869242,42.440664,43.309905,,,,,,,,,,0.500000,-0.866025
2017,5,-45.000000,150.000000,-42.500000,152.500000,10006.400000,0.151803,0.834766,19.627438,20.614007,,,,,,,,,,0.500000,-0.866025
2017,5,-45.000000,155.000000,-42.500000,157.500000,9821.270000,0.061805,1.493086,10.846764,12.401655,,,,,,,,,,0.500000,-0.866025
2017,6,0.000000,120.000000,2.500000,122.500000,2762.090000,9.621337,6.543958,0.000000,16.165295,29.837223,0.634483,12.564543,0.221359,136.224425,0.021022,0.074798,0.103989,200.352325,0.000000,-1.000000
2017,6,0.000000,125.000000,2.500000,127.500000,3682.790000,9.621238,6.543952,0.000000,16.165190,29.733899,0.669269,14.369086,0.373079,137.704955,0.045075,0.146400,0.128619,199.494125,0.000000,-1.000000
2017,6,0.000000,140.000000,2.500000,142.500000,3215.500000,8.307262,7.665993,0.014617,15.987871,30.219672,0.731405,19.115015,0.185919,0.298726,0.008929,0.000000,0.084768,197.975998,0.000000,-1.000000
2017,6,0.000000,145.000000,2.500000,147.500000,3647.310000,8.496673,6.181816,0.078140,14.756629,30.216662,0.715623,19.944737,0.144993,0.486113,0.011311,0.000000,0.110822,198.199127,0.000000,-1.000000
2017,6,0.000000,150.000000,2.500000,152.500000,2087.640000,12.825008,9.347876,1.398230,23.571114,30.039383,0.685955,19.911039,0.180480,0.569788,0.011568,0.000000,0.117171,198.797928,0.000000,-1.000000
2017,6,0.000000,155.000000,2.500000,157.500000,1900.420000,12.509340,4.292735,0.000000,16.802075,29.997177,0.667864,20.015862,0.222942,0.373351,0.013347,0.000000,0.110871,199.234634,0.000000,-1.000000
2017,6,0.000000,-155.000000,2.500000,-152.500000,2388.100000,2.895189,22.548469,0.056112,25.499770,,,,,,,,,,0.000000,-1.000000
2017,6,0.000000,160.000000,2.500000,162.500000,2278.430000,12.145205,11.666367,0.017117,23.828689,29.793580,0.646580,20.162054,0.200065,0.376522,0.018380,0.000000,0.145892,200.599258,0.000000,-1.000000
2017,6,0.000000,165.000000,2.500000,167.500000,5488.960000,6.440018,14.047288,0.004555,20.491860,29.588038,0.621816,18.357800,0.207453,92.906468,0.023375,0.002779,0.156252,201.494675,0.000000,-1.000000
2017,6,0.000000,170.000000,2.500000,172.500000,2944.370000,5.844374,14.715542,0.000000,20.559916,29.411949,0.607731,18.021849,0.164663,131.334545,0.018364,0.019537,0.212185,202.391037,0.000000,-1.000000
2017,6,0.000000,-170.000000,2.500000,-167.500000,1841.100000,2.243224,23.177448,0.000000,25.420672,,,,,,,,,,0.000000,-1.000000
2017,6,0.000000,-175.000000,2.500000,-172.500000,1305.620000,6.020894,31.536741,0.000000,37.557635,,,,,,,,,,0.000000,-1.000000
2017,6,5.000000,130.000000,7.500000,132.500000,2386.870000,16.662826,34.562000,0.197330,51.422155,30.205495,0.615955,15.452378,0.519954,135.707980,0.086455,0.008361,0.098104,199.064636,0.000000,-1.000000
2017,6,5.000000,150.000000,7.500000,152.500000,1505.460000,6.657101,25.807394,0.000000,32.464496,29.768408,0.706523,23.404775,0.160206,119.079711,0.039705,0.004454,0.079585,198.262909,0.000000,-1.000000
2017,6,5.000000,155.000000,7.500000,157.500000,3984.900000,5.862130,20.207282,0.289342,26.358754,29.544032,0.685516,24.529221,0.176369,125.287444,0.040238,0.003336,0.074157,198.363190,0.000000,-1.000000
2017,6,5.000000,165.000000,7.500000,167.500000,8328.630000,4.723226,9.417395,0.014528,14.155149,29.157762,0.591315,26.849460,0.190151,131.066599,0.037095,0.041643,0.150268,199.620728,0.000000,-1.000000
2017,6,5.000000,170.000000,7.500000,172.500000,3757.900000,5.421379,10.504271,0.000000,15.925650,28.972548,0.559525,30.445155,0.220195,130.383350,0.044135,0.027848,0.139265,200.396255,0.000000,-1.000000
2017,6,-5.000000,120.000000,-2.500000,122.500000,3682.790000,9.621238,6.543952,0.000000,16.165190,28.789187,0.615498,16.773844,0.123317,134.833894,0.016162,0.278313,0.104254,199.445267,0.000000,-1.000000
2017,6,-5.000000,125.000000,-2.500000,127.500000,5524.190000,9.621320,6.543946,0.000000,16.165266,28.814526,0.613491,16.701609,0.202693,134.564566,0.022989,0.229102,0.153752,199.870209,0.000000,-1.000000
2017,6,-5.000000,130.000000,-2.500000,132.500000,1841.400000,9.621484,6.543934,0.000000,16.165418,28.754751,0.643257,14.896809,0.242447,132.626845,0.061328,0.363260,0.180598,199.909668,0.000000,-1.000000
2017,6,-5.000000,155.000000,-2.500000,157.500000,2732.740000,22.787751,3.339139,0.007685,26.134576,30.232664,0.684545,18.767655,0.243292,0.430240,0.012525,0.000000,0.162950,200.502731,0.000000,-1.000000
2017,6,-5.000000,-155.000000,-2.500000,-152.500000,2080.000000,2.448077,18.342788,0.092308,20.883173,,,,,,,,,,0.000000,-1.000000
2017,6,-5.000000,160.000000,-2.500000,162.500000,6574.750000,16.567018,8.234229,3.521046,28.322294,30.149120,0.673663,17.541574,0.223607,0.327914,0.019569,0.000000,0.138643,201.034225,0.000000,-1.000000
2017,6,-5.000000,-165.000000,-2.500000,-162.500000,1084.270000,10.276961,17.604471,0.591181,28.472613,,,,,,,,,,0.000000,-1.000000
2017,6,-5.000000,170.000000,-2.500000,172.500000,3104.600000,25.392965,9.209238,3.651034,38.253237,29.825373,0.626321,17.967178,0.148129,133.455494,0.011390,0.009755,0.148755,202.599869,0.000000,-1.000000
2017,6,-5.000000,-170.000000,-2.500000,-167.500000,3739.710000,8.771268,12.896455,1.964858,23.632581,,,,,,,,,,0.000000,-1.000000
2017,6,-5.000000,175.000000,-2.500000,177.500000,1130.420000,15.031581,7.831602,6.431238,29.294422,29.752897,0.614293,21.123381,0.165773,94.259153,0.010976,0.001668,0.148696,202.997421,0.000000,-1.000000
2017,6,10.000000,110.000000,12.500000,112.500000,21435.740000,15.236423,0.975800,0.000000,16.212223,29.725546,0.745408,18.592725,0.273045,2.124810,0.052434,0.018056,0.084765,199.187012,0.000000,-1.000000
2017,6,10.000000,115.000000,12.500000,117.500000,21435.740000,15.236423,0.975800,0.000000,16.212223,30.330330,0.742970,16.921752,0.105034,138.625704,0.028946,0.040579,0.084460,197.464462,0.000000,-1.000000
2017,6,10.000000,130.000000,12.500000,132.500000,14118.490000,8.643134,7.832920,0.297199,16.773253,30.376535,0.933198,17.887747,0.220943,0.360191,0.074483,0.000000,0.096774,197.867722,0.000000,-1.000000
2017,6,10.000000,135.000000,12.500000,137.500000,1066.130000,8.326377,18.916080,0.074100,27.316556,30.261064,0.931981,19.586402,0.191480,119.976224,0.069174,0.001946,0.097524,198.004547,0.000000,-1.000000
2017,6,10.000000,155.000000,12.500000,157.500000,2932.570000,4.272021,4.227009,15.722728,24.221758,29.309811,0.850867,24.473514,0.160103,0.269834,0.055839,0.000000,0.087176,199.159576,0.000000,-1.000000
2017,6,10.000000,-160.000000,12.500000,-157.500000,1427.660000,4.849194,44.771864,0.000000,49.621058,,,,,,,,,,0.000000,-1.000000
2017,6,10.000000,-165.000000,12.500000,-162.500000,4343.000000,3.488372,35.645406,0.067925,39.201704,,,,,,,,,,0.000000,-1.000000
2017,6,10.000000,170.000000,12.500000,172.500000,1173.840000,6.244463,24.595345,0.609964,31.449772,28.374894,0.738228,38.087000,0.185924,57.292073,0.034753,0.003056,0.064035,201.636475,0.000000,-1.000000
2017,6,10.000000,-170.000000,12.500000,-167.500000,1882.230000,4.048921,25.792278,0.049941,29.891140,,,,,,,,,,0.000000,-1.000000
2017,6,10.000000,175.000000,12.500000,177.500000,11381.390000,7.139725,26.084775,0.831796,34.056297,28.276639,0.713844,46.082231,0.171327,0.801462,0.037664,0.003889,0.055847,202.198196,0.000000,-1.000000
2017,6,10.000000,-175.000000,12.500000,-172.500000,1508.410000,5.521045,35.243071,0.000000,40.764116,,,,,,,,,,0.000000,-1.000000
2017,6,10.000000,-180.000000,12.500000,-177.500000,4235.510000,3.605469,31.667497,0.677604,35.950570,,,,,,,,,,0.000000,-1.000000
2017,6,-10.000000,-135.000000,-7.500000,-132.500000,7906.300000,8.730759,23.653542,0.478732,32.863033,,,,,,,,,,0.000000,-1.000000
2017,6,-10.000000,-140.000000,-7.500000,-137.500000,2528.930000,6.533198,13.020922,0.187036,19.741155,,,,,,,,,,0.000000,-1.000000
2017,6,-10.000000,-145.000000,-7.500000,-142.500000,4160.090000,11.604076,8.404145,6.330632,26.338853,,,,,,,,,,0.000000,-1.000000
2017,6,-10.000000,-150.000000,-7.500000,-147.500000,3826.030000,4.484283,10.106560,1.608717,16.199559,,,,,,,,,,0.000000,-1.000000
2017,6,-10.000000,155.000000,-7.500000,157.500000,4647.990000,23.796523,4.137487,2.820789,30.754799,29.499915,0.682068,26.683875,0.141380,133.494229,0.025786,0.145660,0.181036,197.815674,0.000000,-1.000000
2017,6,-10.000000,160.000000,-7.500000,162.500000,9734.230000,24.220098,5.308278,11.422783,40.951159,29.643308,0.706634,28.310079,0.109990,131.568747,0.015551,0.034827,0.099274,197.510010,0.000000,-1.000000
2017,6,-10.000000,165.000000,-7.500000,167.500000,7177.650000,17.407926,10.324410,12.543521,40.275856,29.732410,0.701070,27.354589,0.118015,0.557570,0.014867,0.000000,0.089424,197.822876,0.000000,-1.000000
2017,6,-10.000000,-165.000000,-7.500000,-162.500000,5424.090000,15.441853,4.203839,13.129023,32.774714,,,,,,,,,,0.000000,-1.000000
2017,6,-10.000000,170.000000,-7.500000,172.500000,23501.230000,23.387542,6.830451,16.534666,46.752659,29.732032,0.704811,26.222268,0.134605,0.383929,0.026791,0.000000,0.079344,197.575546,0.000000,-1.000000
2017,6,-10.000000,-170.000000,-7.500000,-167.500000,14278.190000,13.893848,2.721143,13.514738,30.129729,,,,,,,,,,0.000000,-1.000000
2017,6,-10.000000,175.000000,-7.500000,177.500000,14178.610000,36.359700,4.830516,15.811635,57.001850,29.836712,0.679156,24.615426,0.135600,0.220885,0.031467,0.000000,0.082917,197.216248,0.000000,-1.000000
2017,6,-10.000000,-175.000000,-7.500000,-172.500000,2455.930000,9.543432,0.880318,22.964824,33.388574,,,,,,,,,,0.000000,-1.000000
2017,6,-10.000000,-180.000000,-7.500000,-177.500000,6096.270000,42.592602,2.817625,24.162316,69.572542,,,,,,,,,,0.000000,-1.000000
2017,6,15.000000,110.000000,17.500000,112.500000,21435.740000,15.236423,0.975800,0.000000,16.212223,29.549028,0.621130,12.639831,0.218995,130.545612,0.068896,0.191520,0.096220,198.614166,0.000000,-1.000000
2017,6,15.000000,115.000000,17.500000,117.500000,21435.740000,15.236423,0.975800,0.000000,16.212223,29.903370,0.670387,14.590058,0.192074,138.795179,0.082203,0.107799,0.085564,198.135925,0.000000,-1.000000
2017,6,15.000000,125.000000,17.500000,127.500000,3177.310000,2.347583,0.956784,0.060114,3.364481,30.413416,0.980342,13.307130,0.201403,1.609208,0.055085,0.032222,0.109669,197.738205,0.000000,-1.000000
2017,6,15.000000,130.000000,17.500000,132.500000,1134.020000,1.895028,0.136682,0.398582,2.430292,30.555133,1.031289,13.066500,0.243610,0.556527,0.090941,0.000000,0.107274,198.295456,0.000000,-1.000000
2017,6,15.000000,135.000000,17.500000,137.500000,1039.620000,4.745003,0.480945,13.925280,19.151228,30.480226,1.043656,13.576372,0.198724,0.780295,0.060903,0.008333,0.106371,198.299545,0.000000,-1.000000
2017,6,15.000000,150.000000,17.500000,152.500000,2428.400000,6.927607,0.971833,28.124279,36.023719,29.617618,0.947048,19.249466,0.170590,0.792429,0.051860,0.004722,0.099813,199.497345,0.000000,-1.000000
2017,6,15.000000,155.000000,17.500000,157.500000,3320.940000,3.482749,0.861202,31.275482,35.619433,29.191965,0.918621,21.013817,0.150556,0.750801,0.046086,0.000833,0.083955,200.039734,0.000000,-1.000000
2017,6,15.000000,-155.000000,17.500000,-152.500000,2239.120000,4.966237,19.274536,0.000000,24.240773,,,,,,,,,,0.000000,-1.000000
2017,6,15.000000,160.000000,17.500000,162.500000,2229.600000,2.927431,1.165680,28.607822,32.700933,28.823026,0.868033,22.386387,0.173025,0.894809,0.068480,0.011944,0.075759,200.846725,0.000000,-1.000000
2017,6,15.000000,-160.000000,17.500000,-157.500000,1418.220000,3.755412,13.501431,0.000000,17.256843,,,,,,,,,,0.000000,-1.000000
2017,6,-15.000000,-135.000000,-12.500000,-132.500000,6933.450000,4.486223,6.082109,18.440603,29.008935,,,,,,,,,,0.000000,-1.000000
2017,6,-15.000000,-140.000000,-12.500000,-137.500000,2707.970000,11.419255,7.536273,18.747992,37.703520,,,,,,,,,,0.000000,-1.000000
2017,6,-15.000000,145.000000,-12.500000,147.500000,2813.400000,28.394114,0.945831,30.301415,59.641359,26.664376,0.654351,49.943599,0.195574,118.112630,0.039611,0.106791,0.111440,205.328003,0.000000,-1.000000
2017,6,-15.000000,-145.000000,-12.500000,-142.500000,3263.080000,14.356988,7.732265,11.688650,33.777903,,,,,,,,,,0.000000,-1.000000
2017,6,-15.000000,150.000000,-12.500000,152.500000,5414.200000,37.892948,3.914152,27.975324,69.782424,27.473360,0.698791,42.244572,0.201449,124.239227,0.027804,0.107002,0.107773,202.649094,0.000000,-1.000000
2017,6,-15.000000,-150.000000,-12.500000,-147.500000,1258.480000,5.573390,2.400515,13.783294,21.757199,,,,,,,,,,0.000000,-1.000000
2017,6,-15.000000,155.000000,-12.500000,157.500000,10611.480000,28.715127,3.439200,27.159548,59.313875,27.924811,0.645297,43.979294,0.155543,1.185455,0.036477,0.063889,0.109013,201.273697,0.000000,-1.000000
2017,6,-15.000000,160.000000,-12.500000,162.500000,2845.650000,15.404916,3.218948,21.166693,39.790558,28.179631,0.666259,37.960283,0.166906,129.329253,0.078860,0.092775,0.090521,200.535980,0.000000,-1.000000
2017,6,-15.000000,-160.000000,-12.500000,-157.500000,4766.620000,9.510303,1.507567,18.950325,29.968195,,,,,,,,,,0.000000,-1.000000
2017,6,-15.000000,165.000000,-12.500000,167.500000,2607.100000,13.615511,1.573012,25.772698,40.961221,28.507691,0.704651,34.308489,0.123312,124.203546,0.025666,0.072027,0.079268,199.692154,0.000000,-1.000000
2017,6,-15.000000,-165.000000,-12.500000,-162.500000,6963.540000,3.646708,3.870876,15.425775,22.943359,,,,,,,,,,0.000000,-1.000000
2017,6,-15.000000,170.000000,-12.500000,172.500000,19045.150000,18.207050,3.180022,48.353150,69.740223,28.824377,0.722831,35.400201,0.123867,0.611203,0.026926,0.000000,0.066227,199.347565,0.000000,-1.000000
2017,6,-15.000000,-170.000000,-12.500000,-167.500000,7201.880000,13.365260,0.592623,21.590890,35.548773,,,,,,,,,,0.000000,-1.000000
2017,6,-15.000000,175.000000,-12.500000,177.500000,5161.060000,11.840591,3.365006,20.759689,35.965286,29.027828,0.712761,33.871987,0.134881,0.943958,0.028220,0.024722,0.059214,198.748459,0.000000,-1.000000
2017,6,-15.000000,-175.000000,-12.500000,-172.500000,15439.430000,19.870747,0.929374,31.349732,52.149853,,,,,,,,,,0.000000,-1.000000
2017,6,-15.000000,-180.000000,-12.500000,-177.500000,2262.160000,13.002617,10.054992,14.904339,37.961948,,,,,,,,,,0.000000,-1.000000
2017,6,20.000000,120.000000,22.500000,122.500000,1276.360000,10.151525,1.939892,0.203704,12.295120,29.027747,0.898604,11.240265,0.354173,131.130823,0.163771,0.284591,0.146879,200.567337,0.000000,-1.000000
2017,6,20.000000,125.000000,22.500000,127.500000,6780.450000,13.368434,0.332869,0.231843,13.933146,28.939657,1.099239,11.409283,0.231223,89.722720,0.070890,0.279600,0.109241,203.449722,0.000000,-1.000000
2017,6,20.000000,135.000000,22.500000,137.500000,2482.730000,2.170997,0.343976,8.002884,10.517857,29.204719,0.979371,11.204235,0.249593,2.918687,0.113506,0.213056,0.106070,201.965042,0.000000,-1.000000
2017,6,20.000000,145.000000,22.500000,147.500000,2267.020000,3.156567,0.336124,18.299353,21.792044,29.334870,0.951545,12.528188,0.212235,2.085347,0.096342,0.115278,0.102619,201.183731,0.000000,-1.000000
2017,6,20.000000,150.000000,22.500000,152.500000,5261.260000,5.705097,0.539034,71.926117,78.170248,29.085491,0.930441,13.423694,0.218413,2.252861,0.110981,0.088333,0.103291,200.663574,0.000000,-1.000000
2017,6,20.000000,155.000000,22.500000,157.500000,2275.560000,4.072404,0.928123,42.962172,47.962699,28.939439,0.936787,14.125874,0.265913,1.837394,0.112580,0.080278,0.099833,201.086990,0.000000,-1.000000
2017,6,-20.000000,-135.000000,-17.500000,-132.500000,3245.000000,1.908783,3.119877,19.755316,24.783975,,,,,,,,,,0.000000,-1.000000
2017,6,-20.000000,-150.000000,-17.500000,-147.500000,2209.120000,2.167832,5.083925,15.423336,22.675092,,,,,,,,,,0.000000,-1.000000
2017,6,-20.000000,155.000000,-17.500000,157.500000,1295.360000,13.328341,1.956213,50.578218,65.862772,26.051036,0.690269,53.310116,0.136750,1.914051,0.053608,0.149167,0.077463,207.346252,0.000000,-1.000000
2017,6,-20.000000,-155.000000,-17.500000,-152.500000,2552.620000,3.360861,6.217533,11.252752,20.831146,,,,,,,,,,0.000000,-1.000000
2017,6,-20.000000,-160.000000,-17.500000,-157.500000,3310.120000,8.412082,1.135306,23.312146,32.859534,,,,,,,,,,0.000000,-1.000000
2017,6,-20.000000,165.000000,-17.500000,167.500000,4651.650000,11.747229,2.114519,18.147754,32.009502,26.500517,0.658249,36.982080,0.120783,122.712042,0.039361,0.278144,0.078912,205.273636,0.000000,-1.000000
2017,6,-20.000000,-165.000000,-17.500000,-162.500000,6084.960000,3.542998,0.767302,20.083945,24.394244,,,,,,,,,,0.000000,-1.000000
2017,6,-20.000000,170.000000,-17.500000,172.500000,27286.550000,14.286709,1.472374,23.049598,38.808680,27.235051,0.741359,38.155980,0.108880,1.839572,0.033647,0.162222,0.069633,203.994705,0.000000,-1.000000
2017,6,-20.000000,175.000000,-17.500000,177.500000,14520.550000,10.859162,1.744837,15.916339,28.520338,27.227176,0.763759,38.838054,0.099610,121.890145,0.024126,0.271072,0.084558,204.109161,0.000000,-1.000000
2017,6,-20.000000,-175.000000,-17.500000,-172.500000,5647.490000,22.796853,2.786725,42.200694,67.784272,,,,,,,,,,0.000000,-1.000000
2017,6,-20.000000,-180.000000,-17.500000,-177.500000,4387.880000,14.239678,2.518528,24.825884,41.584091,,,,,,,,,,0.000000,-1.000000
2017,6,25.000000,125.000000,27.500000,127.500000,12340.120000,33.220504,0.054213,0.169042,33.443759,26.432556,0.834599,11.948755,0.286071,117.373838,0.242981,0.568941,0.144556,208.974640,0.000000,-1.000000
2017,6,25.000000,130.000000,27.500000,132.500000,3742.480000,35.918428,0.051570,0.290449,36.260448,25.693954,0.957179,12.148555,0.281815,53.225618,0.149611,0.290358,0.120058,212.280746,0.000000,-1.000000
2017,6,25.000000,135.000000,27.500000,137.500000,2773.110000,0.628897,0.028848,0.173451,0.831197,25.930190,1.061735,12.448797,0.202861,3.831712,0.118434,0.366944,0.106594,214.601562,0.000000,-1.000000
2017,6,25.000000,145.000000,27.500000,147.500000,2863.970000,0.637577,0.075071,0.202516,0.915163,25.749434,0.863951,10.864505,0.189208,3.218032,0.084932,0.553611,0.099679,214.308945,0.000000,-1.000000
2017,6,25.000000,150.000000,27.500000,152.500000,1880.710000,0.447703,0.173339,0.496089,1.117131,26.748244,0.861150,11.402182,0.186802,3.684252,0.081174,0.514722,0.099539,212.360046,0.000000,-1.000000
2017,6,25.000000,-155.000000,27.500000,-152.500000,12791.690000,1.858629,17.233610,0.078645,19.170884,,,,,,,,,,0.000000,-1.000000
2017,6,25.000000,-160.000000,27.500000,-157.500000,7650.360000,2.787451,13.013767,0.131497,15.932714,,,,,,,,,,0.000000,-1.000000
2017,6,-25.000000,160.000000,-22.500000,162.500000,1062.360000,7.729018,1.274521,34.279340,43.282880,23.975411,0.639622,52.666807,0.126037,111.973722,0.051235,0.251900,0.065156,213.061554,0.000000,-1.000000
2017,6,-25.000000,-160.000000,-22.500000,-157.500000,1279.560000,3.607490,2.824408,12.894276,19.326175,,,,,,,,,,0.000000,-1.000000
2017,6,-25.000000,170.000000,-22.500000,172.500000,4290.030000,20.170488,2.192525,40.613702,62.976716,24.371492,0.688425,53.696091,0.113005,3.309951,0.054530,0.281389,0.062467,212.701706,0.000000,-1.000000
2017,6,-25.000000,175.000000,-22.500000,177.500000,8353.110000,10.769282,1.992671,32.564997,45.326950,24.382452,0.673368,53.345128,0.126664,2.652757,0.070838,0.378611,0.067291,212.001312,0.000000,-1.000000
2017,6,-25.000000,-175.000000,-22.500000,-172.500000,1797.150000,4.964527,3.878363,43.251259,52.094149,,,,,,,,,,0.000000,-1.000000
2017,6,-25.000000,-180.000000,-22.500000,-177.500000,2929.540000,14.667490,3.598176,27.995863,46.261529,,,,,,,,,,0.000000,-1.000000
2017,6,30.000000,130.000000,32.500000,132.500000,1729.120000,16.046313,0.036435,0.915495,16.998242,23.825712,0.625799,12.658420,0.443055,113.282237,0.373786,0.663198,0.295523,219.399719,0.000000,-1.000000
2017,6,30.000000,135.000000,32.500000,137.500000,2134.480000,3.793430,0.752877,3.322121,7.868427,23.991085,0.878552,16.475248,0.468028,103.124740,0.441351,0.472239,0.234324,220.630844,0.000000,-1.000000
2017,6,30.000000,145.000000,32.500000,147.500000,3727.070000,0.270454,1.171161,4.407484,5.849099,21.822332,0.905028,12.292771,0.259829,2.485991,0.154854,0.314167,0.171310,230.581314,0.000000,-1.000000
2017,6,30.000000,150.000000,32.500000,152.500000,1342.260000,0.018625,1.869235,6.030128,7.917989,22.047598,0.822334,12.337108,0.298221,3.400370,0.163029,0.455278,0.167135,232.117126,0.000000,-1.000000
2017,6,30.000000,160.000000,32.500000,162.500000,1814.200000,0.203395,8.728916,0.000000,8.932312,22.145694,0.629317,10.812412,0.281302,4.582526,0.248022,0.659444,0.234260,233.881058,0.000000,-1.000000
2017,6,-30.000000,-135.000000,-27.500000,-132.500000,1191.710000,0.816474,5.028908,27.721509,33.566891,,,,,,,,,,0.000000,-1.000000
2017,6,-30.000000,150.000000,-27.500000,152.500000,1154.040000,17.545319,4.115109,6.909639,28.570067,22.902259,0.545899,49.409220,0.229813,100.840620,0.090595,0.544490,0.405270,214.151642,0.000000,-1.000000
2017,6,-30.000000,-155.000000,-27.500000,-152.500000,2472.240000,0.579232,0.898780,42.529042,44.007054,,,,,,,,,,0.000000,-1.000000
2017,6,-30.000000,160.000000,-27.500000,162.500000,5891.890000,0.479473,1.480510,42.252656,44.212638,22.362598,0.634382,73.753322,0.153005,2.922644,0.074003,0.388333,0.131851,221.207260,0.000000,-1.000000
2017,6,-30.000000,-160.000000,-27.500000,-157.500000,4359.350000,0.581509,1.021712,44.241458,45.844679,,,,,,,,,,0.000000,-1.000000
2017,6,-30.000000,-165.000000,-27.500000,-162.500000,4085.310000,0.871170,1.121580,47.292861,49.285611,,,,,,,,,,0.000000,-1.000000
2017,6,-30.000000,-170.000000,-27.500000,-167.500000,3871.080000,0.722021,1.315654,57.776641,59.814315,,,,,,,,,,0.000000,-1.000000
2017,6,-30.000000,175.000000,-27.500000,177.500000,3175.240000,1.586652,0.440597,39.739988,41.767236,21.659350,0.522551,67.744143,0.172294,4.412107,0.107934,0.415278,0.057915,223.191605,0.000000,-1.000000
2017,6,-30.000000,-175.000000,-27.500000,-172.500000,6351.010000,0.777042,1.232875,44.689585,46.699501,,,,,,,,,,0.000000,-1.000000
2017,6,35.000000,140.000000,37.500000,142.500000,1204.810000,0.000000,0.175961,0.035690,0.211652,19.495349,0.267287,13.020834,0.382927,95.849647,0.389606,0.862522,0.435647,234.021591,0.000000,-1.000000
2017,6,35.000000,145.000000,37.500000,147.500000,4692.860000,0.169832,0.058173,0.652907,0.880913,18.806407,0.146002,12.685909,0.348203,7.586140,0.242318,0.703611,0.381316,234.949982,0.000000,-1.000000
2017,6,35.000000,150.000000,37.500000,152.500000,1756.940000,0.035289,0.138309,2.995549,3.169146,18.222365,0.231563,13.103843,0.337649,8.220642,0.165629,0.580833,0.468505,243.282974,0.000000,-1.000000
2017,6,35.000000,160.000000,37.500000,162.500000,2448.170000,0.022057,2.132205,0.000000,2.154262,16.842815,0.177954,11.144852,0.217507,5.681632,0.158616,0.769167,0.517174,257.156128,0.000000,-1.000000
2017,6,35.000000,165.000000,37.500000,167.500000,1169.140000,0.000000,2.092991,0.000000,2.092991,16.122152,0.226626,10.921854,0.216783,6.555814,0.183703,0.651667,0.511134,260.337921,0.000000,-1.000000
2017,6,-35.000000,155.000000,-32.500000,157.500000,3020.160000,3.025668,6.260264,37.549335,46.835267,20.645879,0.579581,91.322785,0.280751,64.366064,0.189977,0.410506,0.426989,219.699234,0.000000,-1.000000
2017,6,-35.000000,-155.000000,-32.500000,-152.500000,2364.500000,0.872066,0.438148,33.434976,34.745189,,,,,,,,,,0.000000,-1.000000
2017,6,-35.000000,160.000000,-32.500000,162.500000,7861.160000,0.261921,1.466196,50.836009,52.564125,19.982137,0.514545,96.902800,0.217168,5.181495,0.114305,0.534722,0.396587,223.862396,0.000000,-1.000000
2017,6,-35.000000,-160.000000,-32.500000,-157.500000,2312.870000,1.694864,0.575475,44.804507,47.074846,,,,,,,,,,0.000000,-1.000000
2017,6,-35.000000,165.000000,-32.500000,167.500000,1584.620000,0.070048,1.208492,35.957517,37.236057,19.215499,0.444688,85.677922,0.146136,3.839505,0.130255,0.465556,0.357243,227.375198,0.000000,-1.000000
2017,6,-35.000000,-165.000000,-32.500000,-162.500000,4871.430000,0.240586,0.551173,48.751188,49.542947,,,,,,,,,,0.000000,-1.000000
2017,6,-35.000000,170.000000,-32.500000,172.500000,1055.420000,0.133596,7.321256,16.019215,23.474067,18.929234,0.411093,94.984904,0.132894,80.216389,0.111045,0.403685,0.316069,229.526245,0.000000,-1.000000
2017,6,-35.000000,-170.000000,-32.500000,-167.500000,3229.330000,0.360446,1.043870,45.689973,47.094289,,,,,,,,,,0.000000,-1.000000
2017,6,-35.000000,-175.000000,-32.500000,-172.500000,2997.800000,0.638468,2.151244,47.410768,50.200480,,,,,,,,,,0.000000,-1.000000
2017,6,-40.000000,150.000000,-37.500000,152.500000,1627.970000,0.676302,4.005602,18.236208,22.918113,,,,,,,,,,0.000000,-1.000000
2017,6,-40.000000,155.000000,-37.500000,157.500000,12019.080000,1.776509,4.259727,45.483348,51.519584,,,,,,,,,,0.000000,-1.000000
2017,6,-40.000000,160.000000,-37.500000,162.500000,1478.680000,0.043282,6.089215,18.250737,24.383234,,,,,,,,,,0.000000,-1.000000
2017,6,-40.000000,175.000000,-37.500000,177.500000,1777.170000,0.000000,0.934069,11.967904,12.901973,,,,,,,,,,0.000000,-1.000000
2017,6,-40.000000,-175.000000,-37.500000,-172.500000,1245.670000,0.000000,0.857370,74.078207,74.935577,,,,,,,,,,0.000000,-1.000000
2017,6,-40.000000,-180.000000,-37.500000,-177.500000,1762.340000,0.000000,1.848111,56.675783,58.523894,,,,,,,,,,0.000000,-1.000000
2017,6,-45.000000,150.000000,-42.500000,152.500000,1289.900000,0.000000,0.144197,4.829057,4.973254,,,,,,,,,,0.000000,-1.000000
2017,6,-45.000000,155.000000,-42.500000,157.500000,2053.600000,0.000000,0.060382,3.594176,3.654558,,,,,,,,,,0.000000,-1.000000
2017,7,0.000000,120.000000,2.500000,122.500000,2206.010000,12.046636,8.193526,0.000000,20.240162,29.508722,0.629680,14.725655,0.231045,133.568978,0.027478,0.098076,0.104814,200.357880,-0.500000,-0.866025
2017,7,0.000000,125.000000,2.500000,127.500000,2941.340000,12.046550,8.193544,0.000000,20.240095,29.396930,0.646536,16.394468,0.340220,136.122487,0.034037,0.236237,0.106746,199.617188,-0.500000,-0.866025
2017,7,0.000000,135.000000,2.500000,137.500000,2285.540000,14.812254,7.953044,0.026690,22.791988,29.807039,0.692917,20.272684,0.206289,0.764909,0.019677,0.001389,0.091155,198.777390,-0.500000,-0.866025
2017,7,0.000000,140.000000,2.500000,142.500000,5931.080000,13.696325,7.122312,0.031023,20.849660,29.980360,0.682583,18.740188,0.155257,0.204046,0.013044,0.000000,0.086644,198.603531,-0.500000,-0.866025
2017,7,0.000000,145.000000,2.500000,147.500000,9823.320000,14.980780,8.388101,0.216526,23.585407,30.111973,0.672614,18.215058,0.136804,0.390015,0.013478,0.000000,0.084335,198.399841,-0.500000,-0.866025
2017,7,0.000000,155.000000,2.500000,157.500000,2129.830000,12.348873,21.228455,0.008451,33.585779,29.987774,0.657879,17.558613,0.163036,0.353444,0.017058,0.000000,0.097295,198.957932,-0.500000,-0.866025
2017,7,0.000000,160.000000,2.500000,162.500000,4108.720000,21.183970,26.766244,0.145057,48.095271,29.972186,0.656718,21.263433,0.230983,0.395310,0.017875,0.000000,0.120940,200.186584,-0.500000,-0.866025
2017,7,0.000000,165.000000,2.500000,167.500000,9398.420000,5.362497,14.506481,0.011917,19.880895,29.760232,0.649081,23.551376,0.256694,94.150296,0.018032,0.002779,0.148303,200.854538,-0.500000,-0.866025
2017,7,0.000000,170.000000,2.500000,172.500000,2269.080000,16.142666,10.182982,0.000000,26.325647,29.583105,0.632183,22.694767,0.249999,132.411556,0.022759,0.019537,0.192993,201.008408,-0.500000,-0.866025
2017,7,0.000000,-175.000000,2.500000,-172.500000,1970.730000,5.322393,25.529626,0.000000,30.852019,,,,,,,,,,-0.500000,-0.866025
2017,7,0.000000,-180.000000,2.500000,-177.500000,1031.750000,7.245941,27.306033,0.000000,34.551975,,,,,,,,,,-0.500000,-0.866025
2017,7,5.000000,130.000000,7.500000,132.500000,5037.840000,19.350952,31.490877,0.047242,50.889072,29.883111,0.571437,16.267396,0.408500,134.397546,0.072350,0.008919,0.094802,198.998535,-0.500000,-0.866025
2017,7,5.000000,150.000000,7.500000,152.500000,1206.210000,10.273501,22.263122,0.053059,32.589682,29.691060,0.657394,19.364131,0.176951,118.571423,0.047090,0.004454,0.079489,197.897751,-0.500000,-0.866025
2017,7,5.000000,155.000000,7.500000,157.500000,2309.560000,3.097560,14.763418,0.066679,17.927657,29.557094,0.635899,21.415307,0.162288,125.467692,0.039038,0.003336,0.069498,197.971741,-0.500000,-0.866025
2017,7,5.000000,160.000000,7.500000,162.500000,1230.490000,4.249527,20.482084,0.110525,24.842136,29.326658,0.611661,25.878171,0.170089,0.405937,0.030280,0.000000,0.077272,198.325897,-0.500000,-0.866025
2017,7,5.000000,165.000000,7.500000,167.500000,6253.030000,3.398992,8.492523,0.003998,11.895513,29.140792,0.588829,25.222166,0.197751,131.345026,0.033215,0.041643,0.132600,199.735855,-0.500000,-0.866025
2017,7,5.000000,170.000000,7.500000,172.500000,2758.070000,4.769640,7.900452,0.000000,12.670092,29.038027,0.582669,30.621656,0.250344,130.520901,0.051944,0.027848,0.139483,200.435379,-0.500000,-0.866025
2017,7,5.000000,-175.000000,7.500000,-172.500000,1755.150000,4.453750,30.902772,0.050138,35.406660,,,,,,,,,,-0.500000,-0.866025
2017,7,5.000000,-180.000000,7.500000,-177.500000,1312.170000,6.960226,28.709695,1.290991,36.960912,,,,,,,,,,-0.500000,-0.866025
2017,7,-5.000000,120.000000,-2.500000,122.500000,2941.340000,12.046550,8.193544,0.000000,20.240095,28.208106,0.595084,17.293578,0.146688,132.218099,0.017399,0.332530,0.118504,200.801605,-0.500000,-0.866025
2017,7,-5.000000,125.000000,-2.500000,127.500000,4412.010000,12.046664,8.193544,0.000000,20.240208,28.273356,0.592433,17.397913,0.213887,131.123098,0.022985,0.373375,0.156290,200.008789,-0.500000,-0.866025
2017,7,-5.000000,130.000000,-2.500000,132.500000,1470.670000,12.046890,8.193544,0.000000,20.240435,28.424386,0.615581,15.470057,0.215053,133.067677,0.056258,0.358709,0.181841,200.924789,-0.500000,-0.866025
2017,7,-5.000000,-155.000000,-2.500000,-152.500000,2396.110000,4.373338,21.450601,0.414422,26.238361,,,,,,,,,,-0.500000,-0.866025
2017,7,-5.000000,160.000000,-2.500000,162.500000,16628.010000,23.512615,8.884286,2.620759,35.017660,30.005789,0.672053,25.166158,0.177578,0.530896,0.009850,0.000000,0.139912,201.444809,-0.500000,-0.866025
2017,7,-5.000000,165.000000,-2.500000,167.500000,4378.060000,27.096705,8.290202,1.189796,36.576703,29.773861,0.661842,26.293477,0.208643,0.335925,0.011697,0.000000,0.143827,201.652435,-0.500000,-0.866025
2017,7,-5.000000,-165.000000,-2.500000,-162.500000,6548.910000,6.978108,11.106886,0.785322,18.870316,,,,,,,,,,-0.500000,-0.866025
2017,7,-5.000000,170.000000,-2.500000,172.500000,5389.000000,12.384301,9.386157,4.776953,26.547411,29.690042,0.648542,29.877563,0.232375,132.896746,0.012917,0.009476,0.154684,201.824219,-0.500000,-0.866025
2017,7,-5.000000,-170.000000,-2.500000,-167.500000,5930.460000,12.011379,6.219922,0.766045,18.997346,,,,,,,,,,-0.500000,-0.866025
2017,7,10.000000,110.000000,12.500000,112.500000,16515.010000,19.776191,1.266545,0.000000,21.042736,29.009169,0.698730,20.442613,0.252368,2.995048,0.042619,0.025556,0.096779,200.526871,-0.500000,-0.866025
2017,7,10.000000,115.000000,12.500000,117.500000,16515.010000,19.776191,1.266545,0.000000,21.042736,29.695660,0.730184,24.584029,0.106623,135.845370,0.023850,0.061010,0.081004,198.072357,-0.500000,-0.866025
2017,7,10.000000,125.000000,12.500000,127.500000,2214.820000,12.627663,4.868116,0.052826,17.548604,30.201746,0.900443,22.283594,0.200822,136.204691,0.073703,0.066589,0.091591,197.340530,-0.500000,-0.866025
2017,7,10.000000,130.000000,12.500000,132.500000,11651.700000,11.503386,6.978123,4.542256,23.023765,30.141865,0.936240,25.963411,0.217525,0.433035,0.098956,0.000000,0.088918,197.288620,-0.500000,-0.866025
2017,7,10.000000,155.000000,12.500000,157.500000,2057.300000,8.721625,1.097069,10.277062,20.095757,29.451375,0.844993,26.120158,0.170754,0.193371,0.054543,0.000000,0.082301,198.782349,-0.500000,-0.866025
2017,7,10.000000,-160.000000,12.500000,-157.500000,1220.360000,5.070635,21.182274,0.000000,26.252909,,,,,,,,,,-0.500000,-0.866025
2017,7,10.000000,170.000000,12.500000,172.500000,2959.200000,6.975872,17.907205,0.620776,25.503852,28.621219,0.774183,38.304844,0.180199,57.765188,0.041058,0.003056,0.057604,201.051102,-0.500000,-0.866025
2017,7,10.000000,-170.000000,12.500000,-167.500000,1208.980000,9.949710,35.335572,0.151367,45.436649,,,,,,,,,,-0.500000,-0.866025
2017,7,10.000000,175.000000,12.500000,177.500000,4350.630000,2.272085,15.412710,0.396954,18.081749,28.371128,0.758917,46.299760,0.233267,0.519366,0.072030,0.000000,0.057353,201.842010,-0.500000,-0.866025
2017,7,10.000000,-175.000000,12.500000,-172.500000,2422.920000,10.649547,28.422317,0.264557,39.336421,,,,,,,,,,-0.500000,-0.866025
2017,7,10.000000,-180.000000,12.500000,-177.500000,3036.790000,2.343264,19.278251,0.224250,21.845765,,,,,,,,,,-0.500000,-0.866025
2017,7,-10.000000,-135.000000,-7.500000,-132.500000,13701.600000,5.123854,17.030493,1.068342,23.222689,,,,,,,,,,-0.500000,-0.866025
2017,7,-10.000000,-140.000000,-7.500000,-137.500000,2977.450000,5.914457,7.392903,0.034929,13.342290,,,,,,,,,,-0.500000,-0.866025
2017,7,-10.000000,-145.000000,-7.500000,-142.500000,3785.630000,18.076516,15.940279,1.301501,35.318296,,,,,,,,,,-0.500000,-0.866025
2017,7,-10.000000,150.000000,-7.500000,152.500000,3247.150000,69.194216,6.020048,0.454244,75.668509,28.115306,0.613245,28.951498,0.293520,130.292556,0.043641,0.228486,0.385538,199.643387,-0.500000,-0.866025
2017,7,-10.000000,-150.000000,-7.500000,-147.500000,2238.600000,6.235594,13.546860,1.360225,21.142678,,,,,,,,,,-0.500000,-0.866025
2017,7,-10.000000,155.000000,-7.500000,157.500000,4489.600000,36.966322,4.688391,2.520492,44.175205,28.676699,0.610921,35.631314,0.161233,129.978782,0.027893,0.172117,0.342432,198.571381,-0.500000,-0.866025
2017,7,-10.000000,160.000000,-7.500000,162.500000,13005.570000,27.580414,7.057207,9.622569,44.260190,29.153895,0.656454,37.815118,0.171842,127.547971,0.023605,0.045104,0.154533,198.381180,-0.500000,-0.866025
2017,7,-10.000000,165.000000,-7.500000,167.500000,21976.470000,23.796451,7.898539,9.345723,41.040713,29.379837,0.687875,36.876576,0.117608,0.595098,0.010867,0.000000,0.130857,198.487579,-0.500000,-0.866025
2017,7,-10.000000,-165.000000,-7.500000,-162.500000,2533.880000,18.277898,5.503812,10.225030,34.006741,,,,,,,,,,-0.500000,-0.866025
2017,7,-10.000000,170.000000,-7.500000,172.500000,20066.690000,17.462970,6.969710,15.914981,40.347661,29.475348,0.679248,36.148540,0.129962,0.398149,0.015791,0.000000,0.097810,198.252640,-0.500000,-0.866025
2017,7,-10.000000,-170.000000,-7.500000,-167.500000,17125.560000,16.831333,2.998792,7.758053,27.588178,,,,,,,,,,-0.500000,-0.866025
2017,7,-10.000000,175.000000,-7.500000,177.500000,12332.910000,12.558512,2.920073,12.503943,27.982528,29.635071,0.671806,35.036649,0.173531,0.268273,0.034338,0.000000,0.120074,198.146774,-0.500000,-0.866025
2017,7,-10.000000,-175.000000,-7.500000,-172.500000,3663.140000,4.980154,1.608456,20.663693,27.252303,,,,,,,,,,-0.500000,-0.866025
2017,7,-10.000000,-180.000000,-7.500000,-177.500000,3568.430000,13.273905,4.222305,15.464224,32.960434,,,,,,,,,,-0.500000,-0.866025
2017,7,15.000000,110.000000,17.500000,112.500000,16515.010000,19.776191,1.266545,0.000000,21.042736,29.118262,0.597391,13.782052,0.203757,129.416375,0.062224,0.144794,0.094424,199.249832,-0.500000,-0.866025
2017,7,15.000000,115.000000,17.500000,117.500000,16515.010000,19.776191,1.266545,0.000000,21.042736,29.826102,0.708818,20.804231,0.169506,135.828000,0.057812,0.078552,0.081942,197.797211,-0.500000,-0.866025
2017,7,15.000000,125.000000,17.500000,127.500000,1140.900000,3.919713,0.234902,0.000000,4.154615,30.399592,1.052742,18.928259,0.207529,0.563798,0.093482,0.000000,0.097758,196.622208,-0.500000,-0.866025
2017,7,15.000000,135.000000,17.500000,137.500000,1185.360000,9.919349,0.565229,15.346393,25.830971,30.391292,1.008580,18.575261,0.222055,0.571469,0.100846,0.000000,0.095342,196.671310,-0.500000,-0.866025
2017,7,15.000000,150.000000,17.500000,152.500000,6112.900000,4.795269,1.266502,21.051547,27.113318,29.839793,0.998618,21.922676,0.161987,0.545683,0.053576,0.000000,0.091446,197.993927,-0.500000,-0.866025
2017,7,15.000000,155.000000,17.500000,157.500000,1333.320000,2.758528,0.411754,19.571446,22.741727,29.583460,0.964465,24.684940,0.158650,0.778479,0.042334,0.001944,0.080807,198.796265,-0.500000,-0.866025
2017,7,15.000000,-155.000000,17.500000,-152.500000,9257.760000,4.355481,12.648092,0.000000,17.003573,,,,,,,,,,-0.500000,-0.866025
2017,7,15.000000,160.000000,17.500000,162.500000,1530.000000,4.659477,1.801961,41.148366,47.609804,29.302077,0.912671,22.663597,0.179911,0.482224,0.070727,0.000000,0.075905,199.637344,-0.500000,-0.866025
2017,7,15.000000,-160.000000,17.500000,-157.500000,10526.640000,7.267276,9.094355,0.095567,16.457198,,,,,,,,,,-0.500000,-0.866025
2017,7,15.000000,-165.000000,17.500000,-162.500000,2810.920000,4.440183,9.681884,0.357890,14.479957,,,,,,,,,,-0.500000,-0.866025
2017,7,-15.000000,-135.000000,-12.500000,-132.500000,3389.770000,3.652755,19.688356,2.609027,25.950138,,,,,,,,,,-0.500000,-0.866025
2017,7,-15.000000,145.000000,-12.500000,147.500000,2458.670000,35.984902,0.958242,34.683792,71.626937,25.981670,0.684731,53.839761,0.182821,115.794835,0.023770,0.099183,0.133807,207.360138,-0.500000,-0.866025
2017,7,-15.000000,-145.000000,-12.500000,-142.500000,1254.550000,13.608067,15.776972,9.594675,38.979714,,,,,,,,,,-0.500000,-0.866025
2017,7,-15.000000,150.000000,-12.500000,152.500000,5742.420000,43.784676,5.392674,22.968365,72.145716,26.643543,0.702204,45.563482,0.231961,121.960551,0.026912,0.200169,0.158202,204.630981,-0.500000,-0.866025
2017,7,-15.000000,155.000000,-12.500000,157.500000,9419.780000,39.817278,3.318655,25.888397,69.024330,27.249597,0.677159,53.056262,0.221155,1.347670,0.058179,0.251389,0.134681,203.348450,-0.500000,-0.866025
2017,7,-15.000000,-160.000000,-12.500000,-157.500000,8438.910000,6.334467,1.584446,30.285428,38.204342,,,,,,,,,,-0.500000,-0.866025
2017,7,-15.000000,165.000000,-12.500000,167.500000,3039.520000,7.009001,0.865268,32.743657,40.617927,27.809920,0.704026,46.083207,0.177943,121.002914,0.040342,0.050530,0.083409,202.063370,-0.500000,-0.866025
2017,7,-15.000000,-165.000000,-12.500000,-162.500000,1782.710000,7.556473,1.048965,21.047731,29.653168,,,,,,,,,,-0.500000,-0.866025
2017,7,-15.000000,170.000000,-12.500000,172.500000,15488.190000,10.808429,1.642348,35.001895,47.452672,28.186585,0.711434,44.830675,0.168082,0.724877,0.032271,0.009167,0.073982,201.222717,-0.500000,-0.866025
2017,7,-15.000000,-170.000000,-12.500000,-167.500000,5821.620000,6.173711,1.084921,19.643845,26.902477,,,,,,,,,,-0.500000,-0.866025
2017,7,-15.000000,175.000000,-12.500000,177.500000,3655.020000,6.864532,1.920920,21.521633,30.307085,28.602445,0.747241,46.307432,0.147137,1.416906,0.026082,0.062222,0.083951,200.299301,-0.500000,-0.866025
2017,7,-15.000000,-175.000000,-12.500000,-172.500000,15266.450000,6.679418,1.067308,23.035938,30.782664,,,,,,,,,,-0.500000,-0.866025
2017,7,20.000000,135.000000,22.500000,137.500000,1370.870000,4.188581,1.139422,3.452552,8.780555,30.110135,0.973113,12.641106,0.219678,0.926966,0.099305,0.031111,0.104330,198.046753,-0.500000,-0.866025
2017,7,20.000000,145.000000,22.500000,147.500000,1549.210000,3.151284,0.526720,4.338986,8.016989,30.095384,1.025280,16.064266,0.215970,1.363104,0.091917,0.049167,0.095189,197.847778,-0.500000,-0.866025
2017,7,20.000000,150.000000,22.500000,152.500000,4239.510000,5.342363,0.720602,22.533972,28.596937,29.894149,0.950867,15.598689,0.231776,1.405997,0.122623,0.075556,0.094611,197.809036,-0.500000,-0.866025
2017,7,20.000000,160.000000,22.500000,162.500000,1444.490000,4.884077,1.688485,51.210462,57.783024,29.320716,0.904082,18.831913,0.172934,0.851266,0.067134,0.006389,0.090506,199.326187,-0.500000,-0.866025
2017,7,-20.000000,-135.000000,-17.500000,-132.500000,1948.070000,1.833096,13.184331,16.412141,31.429569,,,,,,,,,,-0.500000,-0.866025
2017,7,-20.000000,-150.000000,-17.500000,-147.500000,4915.600000,7.521971,6.185003,20.843641,34.550614,,,,,,,,,,-0.500000,-0.866025
2017,7,-20.000000,-155.000000,-17.500000,-152.500000,7625.100000,5.798350,4.514170,24.171880,34.484400,,,,,,,,,,-0.500000,-0.866025
2017,7,-20.000000,160.000000,-17.500000,162.500000,1890.310000,8.174850,1.083420,30.071258,39.329528,25.222806,0.681521,52.520967,0.138569,48.336004,0.038316,0.293971,0.094278,209.224396,-0.500000,-0.866025
2017,7,-20.000000,-160.000000,-17.500000,-157.500000,2981.640000,4.348949,0.934050,31.447458,36.730457,,,,,,,,,,-0.500000,-0.866025
2017,7,-20.000000,165.000000,-17.500000,167.500000,5178.680000,3.208733,0.651710,31.404142,35.264585,25.866936,0.743929,49.409478,0.124188,120.223413,0.044132,0.341163,0.080529,208.434692,-0.500000,-0.866025
2017,7,-20.000000,-165.000000,-17.500000,-162.500000,5682.190000,5.379968,1.342616,25.329318,32.051903,,,,,,,,,,-0.500000,-0.866025
2017,7,-20.000000,170.000000,-17.500000,172.500000,17814.760000,19.322741,1.650934,44.447582,65.421257,26.044196,0.773749,48.738316,0.110917,2.352628,0.034684,0.191389,0.066030,207.831421,-0.500000,-0.866025
2017,7,-20.000000,-170.000000,-17.500000,-167.500000,1341.620000,10.340484,1.803044,29.862405,42.005933,,,,,,,,,,-0.500000,-0.866025
2017,7,-20.000000,175.000000,-17.500000,177.500000,12877.900000,5.933654,2.168055,20.287857,28.389567,26.061850,0.770074,42.657305,0.106239,118.631922,0.043286,0.377680,0.091507,207.309448,-0.500000,-0.866025
2017,7,-20.000000,-175.000000,-17.500000,-172.500000,3410.940000,14.556398,4.452438,26.830434,45.839270,,,,,,,,,,-0.500000,-0.866025
2017,7,-20.000000,-180.000000,-17.500000,-177.500000,5483.200000,14.264298,3.108586,13.197403,30.570287,,,,,,,,,,-0.500000,-0.866025
2017,7,25.000000,125.000000,27.500000,127.500000,4261.720000,27.911735,0.067109,0.054907,28.033752,29.533286,0.845283,10.967381,0.321086,132.257673,0.217061,0.240101,0.110565,200.161026,-0.500000,-0.866025
2017,7,25.000000,130.000000,27.500000,132.500000,3359.410000,23.635400,0.164612,1.237420,25.037432,29.422696,1.035668,10.591255,0.237981,59.495793,0.104840,0.134760,0.122589,201.963791,-0.500000,-0.866025
2017,7,25.000000,135.000000,27.500000,137.500000,1550.300000,0.864994,0.146423,0.045153,1.056570,28.796436,1.134529,10.942327,0.170003,2.099801,0.127786,0.178611,0.128619,204.714661,-0.500000,-0.866025
2017,7,25.000000,145.000000,27.500000,147.500000,3009.680000,3.244863,0.484437,0.106988,3.836288,28.785180,0.921701,11.273835,0.175758,3.508844,0.085637,0.369444,0.100618,204.463043,-0.500000,-0.866025
2017,7,25.000000,150.000000,27.500000,152.500000,1188.340000,0.550348,0.281906,0.054698,0.886952,29.082633,0.894233,11.199488,0.184959,2.995238,0.090453,0.259167,0.099251,203.543259,-0.500000,-0.866025
2017,7,25.000000,-155.000000,27.500000,-152.500000,1224.720000,2.535273,5.820106,0.000000,8.355379,,,,,,,,,,-0.500000,-0.866025
2017,7,25.000000,-160.000000,27.500000,-157.500000,2963.140000,5.184028,5.519820,0.339505,11.043353,,,,,,,,,,-0.500000,-0.866025
2017,7,-25.000000,-145.000000,-22.500000,-142.500000,1311.260000,4.625322,7.246465,39.699983,51.571771,,,,,,,,,,-0.500000,-0.866025
2017,7,-25.000000,-150.000000,-22.500000,-147.500000,1451.250000,3.890439,2.495780,27.743669,34.129888,,,,,,,,,,-0.500000,-0.866025
2017,7,-25.000000,155.000000,-22.500000,157.500000,1223.580000,15.900064,1.432681,44.868337,62.201082,23.150810,0.697295,75.322678,0.124796,46.810155,0.047345,0.179494,0.138284,216.221054,-0.500000,-0.866025
2017,7,-25.000000,-155.000000,-22.500000,-152.500000,2244.110000,6.497453,6.255932,25.733587,38.486973,,,,,,,,,,-0.500000,-0.866025
2017,7,-25.000000,160.000000,-22.500000,162.500000,1923.200000,3.814476,1.234401,47.392887,52.441764,23.040111,0.647946,68.892296,0.110802,105.075118,0.050859,0.172812,0.091697,215.892410,-0.500000,-0.866025
2017,7,-25.000000,-160.000000,-22.500000,-157.500000,8350.570000,4.598967,2.370257,31.626344,38.595569,,,,,,,,,,-0.500000,-0.866025
2017,7,-25.000000,-165.000000,-22.500000,-162.500000,5680.370000,3.419143,2.414984,43.617757,49.451884,,,,,,,,,,-0.500000,-0.866025
2017,7,-25.000000,170.000000,-22.500000,172.500000,6591.340000,5.230955,1.060331,39.916314,46.207600,23.446281,0.707596,61.684820,0.122043,3.000899,0.052194,0.385278,0.067002,216.203964,-0.500000,-0.866025
2017,7,-25.000000,-170.000000,-22.500000,-167.500000,5219.400000,2.743802,2.411771,41.079434,46.235008,,,,,,,,,,-0.500000,-0.866025
2017,7,-25.000000,175.000000,-22.500000,177.500000,9894.170000,6.288451,1.916280,34.426334,42.631065,23.358844,0.664505,57.109120,0.159594,2.537157,0.064232,0.347222,0.069693,215.206818,-0.500000,-0.866025
2017,7,-25.000000,-175.000000,-22.500000,-172.500000,2189.520000,3.114838,1.396653,35.316873,39.828364,,,,,,,,,,-0.500000,-0.866025
2017,7,-25.000000,-180.000000,-22.500000,-177.500000,4602.200000,18.997436,2.864934,27.314763,49.177133,,,,,,,,,,-0.500000,-0.866025
2017,7,30.000000,130.000000,32.500000,132.500000,3264.530000,37.204743,0.056057,0.089446,37.350246,27.869724,0.695608,10.489900,0.413551,130.358520,0.344781,0.656262,0.291700,207.478638,-0.500000,-0.866025
2017,7,30.000000,-155.000000,32.500000,-152.500000,1162.160000,2.596028,10.537275,0.000000,13.133304,,,,,,,,,,-0.500000,-0.866025
2017,7,30.000000,160.000000,32.500000,162.500000,2663.860000,0.488389,15.988077,0.126508,16.602975,25.421441,0.690375,10.943684,0.329760,2.778199,0.223800,0.640556,0.115431,217.072311,-0.500000,-0.866025
2017,7,-30.000000,150.000000,-27.500000,152.500000,2171.250000,36.479908,2.906160,12.399770,51.785838,22.258839,0.554653,46.797334,0.314964,99.381726,0.121520,0.668571,0.455704,214.936798,-0.500000,-0.866025
2017,7,-30.000000,155.000000,-27.500000,157.500000,1894.490000,4.868329,4.507282,29.653891,39.029501,21.742996,0.652926,74.095384,0.212700,3.803392,0.114707,0.371389,0.308670,221.036179,-0.500000,-0.866025
2017,7,-30.000000,-155.000000,-27.500000,-152.500000,4850.630000,5.817183,0.219353,42.272447,48.308983,,,,,,,,,,-0.500000,-0.866025
2017,7,-30.000000,160.000000,-27.500000,162.500000,7587.620000,0.852837,1.723202,51.802805,54.378843,21.363479,0.636286,99.052066,0.139027,2.566526,0.059408,0.335000,0.230639,223.713394,-0.500000,-0.866025
2017,7,-30.000000,-160.000000,-27.500000,-157.500000,3831.690000,4.806756,1.237574,44.689158,50.733488,,,,,,,,,,-0.500000,-0.866025
2017,7,-30.000000,165.000000,-27.500000,167.500000,1939.850000,0.462922,0.244349,59.937109,60.644380,21.064116,0.620307,102.217911,0.152096,82.256051,0.103657,0.346592,0.201960,225.536423,-0.500000,-0.866025
2017,7,-30.000000,-165.000000,-27.500000,-162.500000,13706.490000,2.753951,2.579727,44.984164,50.317842,,,,,,,,,,-0.500000,-0.866025
2017,7,-30.000000,170.000000,-27.500000,172.500000,9039.540000,0.740414,1.502289,41.150767,43.393469,20.633806,0.564115,101.257325,0.175692,4.245623,0.101966,0.443056,0.159801,227.958755,-0.500000,-0.866025
2017,7,-30.000000,-170.000000,-27.500000,-167.500000,10340.150000,2.177725,2.132754,49.813687,54.124166,,,,,,,,,,-0.500000,-0.866025
2017,7,-30.000000,175.000000,-27.500000,177.500000,4846.750000,0.872543,2.083871,32.798886,35.755300,20.686436,0.515971,90.137100,0.182826,3.703593,0.097081,0.566667,0.092980,228.010300,-0.500000,-0.866025
2017,7,-30.000000,-175.000000,-27.500000,-172.500000,12740.060000,2.042848,1.712629,47.519399,51.274876,,,,,,,,,,-0.500000,-0.866025
2017,7,35.000000,145.000000,37.500000,147.500000,1431.920000,0.000000,0.243030,0.000000,0.243030,23.111274,0.277201,10.647654,0.426428,7.602230,0.338873,0.671944,0.143246,221.605835,-0.500000,-0.866025
2017,7,35.000000,150.000000,37.500000,152.500000,3727.940000,0.149949,0.305531,0.006974,0.462454,22.120678,0.278280,10.572036,0.337666,5.717797,0.167686,0.561944,0.173105,228.112167,-0.500000,-0.866025
2017,7,35.000000,155.000000,37.500000,157.500000,6775.460000,0.386837,12.420559,0.499745,13.307141,21.031507,0.176848,10.619340,0.276401,6.553810,0.158858,0.640556,0.208191,234.327408,-0.500000,-0.866025
2017,7,35.000000,160.000000,37.500000,162.500000,2843.600000,0.429737,7.799269,0.065762,8.294767,20.946120,0.265898,10.788463,0.264367,6.818197,0.221858,0.802500,0.253449,237.962448,-0.500000,-0.866025
2017,7,35.000000,165.000000,37.500000,167.500000,3589.290000,0.422925,12.586890,0.562785,13.572601,20.581939,0.298338,10.780706,0.283791,8.812125,0.200229,0.692500,0.284291,240.461624,-0.500000,-0.866025
2017,7,-35.000000,150.000000,-32.500000,152.500000,1261.440000,7.623827,11.077023,38.533739,57.234589,20.300432,0.616160,117.942613,0.382466,89.541724,0.220359,0.440793,0.490921,219.742828,-0.500000,-0.866025
2017,7,-35.000000,-155.000000,-32.500000,-152.500000,2469.930000,0.403250,0.355476,43.604070,44.362796,,,,,,,,,,-0.500000,-0.866025
2017,7,-35.000000,160.000000,-32.500000,162.500000,2695.700000,2.939125,1.055755,23.672886,27.667767,18.839882,0.482456,124.067835,0.203285,2.826368,0.120812,0.487778,0.400562,226.170212,-0.500000,-0.866025
2017,7,-35.000000,170.000000,-32.500000,172.500000,1549.150000,0.236259,8.367815,10.747829,19.351903,17.725356,0.378955,123.470210,0.157469,70.433944,0.101913,0.481575,0.368478,230.629349,-0.500000,-0.866025
2017,7,-35.000000,-170.000000,-32.500000,-167.500000,1138.200000,0.473555,0.212616,51.400457,52.086628,,,,,,,,,,-0.500000,-0.866025
2017,7,-35.000000,175.000000,-32.500000,177.500000,1881.410000,0.076538,17.229631,15.765304,33.071473,18.150602,0.415719,127.519902,0.136191,4.562716,0.073779,0.375556,0.358059,231.127457,-0.500000,-0.866025
2017,7,-40.000000,155.000000,-37.500000,157.500000,3084.950000,5.696689,1.520284,66.600755,73.817728,,,,,,,,,,-0.500000,-0.866025
2017,7,-40.000000,175.000000,-37.500000,177.500000,1743.870000,0.000000,0.894562,6.084743,6.979305,,,,,,,,,,-0.500000,-0.866025
2017,8,0.000000,120.000000,2.500000,122.500000,2393.300000,11.103915,7.552334,0.000000,18.656249,29.454557,0.621325,13.940149,0.269921,133.228351,0.028098,0.143079,0.100046,199.857544,-0.866025,-0.500000
2017,8,0.000000,125.000000,2.500000,127.500000,3191.060000,11.103834,7.552349,0.000000,18.656183,29.268387,0.626241,16.363128,0.389407,134.510554,0.037578,0.243799,0.101447,199.618210,-0.866025,-0.500000
2017,8,0.000000,135.000000,2.500000,137.500000,3480.230000,24.435454,5.586125,0.127865,30.149444,29.781836,0.674392,15.142607,0.347927,0.697455,0.023459,0.003333,0.091767,198.858475,-0.866025,-0.500000
2017,8,0.000000,140.000000,2.500000,142.500000,7188.630000,8.104187,4.938354,0.006538,13.049079,29.752712,0.662999,16.026457,0.307875,0.609553,0.018835,0.002500,0.096590,199.307251,-0.866025,-0.500000
2017,8,0.000000,145.000000,2.500000,147.500000,17152.230000,12.858503,6.151795,0.069437,19.079735,29.988877,0.660479,16.427182,0.243579,0.389919,0.019311,0.000000,0.094102,198.877502,-0.866025,-0.500000
2017,8,0.000000,150.000000,2.500000,152.500000,3013.300000,11.430657,12.534099,0.081306,24.046062,30.164658,0.678024,15.927738,0.287784,0.342804,0.011587,0.000000,0.090311,198.699066,-0.866025,-0.500000
2017,8,0.000000,155.000000,2.500000,157.500000,7465.350000,11.316013,13.306141,0.338363,24.960518,30.342035,0.683935,18.734339,0.319425,0.325103,0.014784,0.000000,0.089140,198.998886,-0.866025,-0.500000
2017,8,0.000000,-155.000000,2.500000,-152.500000,1638.630000,6.340052,18.903596,0.048211,25.291860,,,,,,,,,,-0.866025,-0.500000
2017,8,0.000000,160.000000,2.500000,162.500000,7285.570000,14.253655,17.844451,0.369909,32.468016,30.323884,0.673499,20.059224,0.323311,0.293536,0.014848,0.000000,0.098027,199.665115,-0.866025,-0.500000
2017,8,0.000000,165.000000,2.500000,167.500000,9360.840000,5.877891,12.290777,0.100205,18.268873,29.983074,0.666325,21.098783,0.329491,95.331052,0.017656,0.002779,0.127251,199.526001,-0.866025,-0.500000
2017,8,0.000000,170.000000,2.500000,172.500000,3086.460000,5.924587,12.348451,0.144826,18.417864,29.769066,0.651169,24.479415,0.297715,134.272747,0.017174,0.019537,0.215817,200.155167,-0.866025,-0.500000
2017,8,0.000000,-170.000000,2.500000,-167.500000,1912.100000,11.571048,25.968307,0.000000,37.539355,,,,,,,,,,-0.866025,-0.500000
2017,8,0.000000,175.000000,2.500000,177.500000,2187.940000,8.517601,16.172290,0.000000,24.689891,29.380318,0.639883,25.265131,0.299327,0.453011,0.015227,0.000000,0.185821,199.473328,-0.866025,-0.500000
2017,8,0.000000,-175.000000,2.500000,-172.500000,5809.290000,7.395912,22.228534,0.009812,29.634258,,,,,,,,,,-0.866025,-0.500000
2017,8,0.000000,-180.000000,2.500000,-177.500000,1705.560000,10.206032,26.538498,0.328924,37.073454,,,,,,,,,,-0.866025,-0.500000
2017,8,5.000000,130.000000,7.500000,132.500000,6001.420000,12.817300,32.654772,0.020995,45.493067,29.854944,0.621972,16.624125,0.281941,133.904686,0.071378,0.010591,0.097706,198.887772,-0.866025,-0.500000
2017,8,5.000000,140.000000,7.500000,142.500000,1126.450000,10.237472,44.543477,0.031959,54.812908,30.265041,0.666509,14.962505,0.138498,0.340997,0.040977,0.000000,0.095064,198.631348,-0.866025,-0.500000
2017,8,5.000000,155.000000,7.500000,157.500000,1638.500000,3.530058,12.532804,0.021971,16.084834,30.190600,0.641468,15.376044,0.139006,128.586591,0.027426,0.003336,0.075904,197.578171,-0.866025,-0.500000
2017,8,5.000000,165.000000,7.500000,167.500000,6505.820000,3.699149,7.948883,0.031818,11.679850,29.753618,0.604264,15.725765,0.214378,133.654644,0.037730,0.041643,0.087975,198.558228,-0.866025,-0.500000
2017,8,5.000000,170.000000,7.500000,172.500000,4273.060000,6.761197,6.044848,0.306572,13.112617,29.467700,0.584279,18.120012,0.215308,132.649715,0.033138,0.027848,0.124884,199.903549,-0.866025,-0.500000
2017,8,5.000000,175.000000,7.500000,177.500000,3792.260000,3.590735,12.382062,0.050366,16.023163,29.235647,0.576108,23.000996,0.175550,0.540924,0.024064,0.000000,0.140489,201.049591,-0.866025,-0.500000
2017,8,5.000000,-175.000000,7.500000,-172.500000,5058.800000,5.344548,22.013126,0.073733,27.431407,,,,,,,,,,-0.866025,-0.500000
2017,8,-5.000000,120.000000,-2.500000,122.500000,3191.060000,11.103834,7.552349,0.000000,18.656183,28.028252,0.577430,17.476382,0.159403,131.338889,0.018846,0.334940,0.108227,201.601379,-0.866025,-0.500000
2017,8,-5.000000,125.000000,-2.500000,127.500000,4786.590000,11.103938,7.552349,0.000000,18.656288,28.021940,0.568517,18.942736,0.223145,129.456820,0.026067,0.406811,0.144987,200.473236,-0.866025,-0.500000
2017,8,-5.000000,130.000000,-2.500000,132.500000,1595.530000,11.104147,7.552349,0.000000,18.656497,28.099731,0.584365,18.324806,0.236089,133.095890,0.059912,0.410426,0.194116,201.257599,-0.866025,-0.500000
2017,8,-5.000000,150.000000,-2.500000,152.500000,1446.500000,30.139647,13.124784,1.852057,45.116488,29.730642,0.664948,17.779425,0.317752,132.175062,0.013794,0.116027,0.182244,199.681412,-0.866025,-0.500000
2017,8,-5.000000,155.000000,-2.500000,157.500000,2814.200000,22.741809,7.853031,0.462654,31.057494,30.033092,0.681343,21.522502,0.317506,1.066201,0.012508,0.018889,0.143221,200.330780,-0.866025,-0.500000
2017,8,-5.000000,-155.000000,-2.500000,-152.500000,1069.140000,4.366126,16.352395,0.026189,20.744711,,,,,,,,,,-0.866025,-0.500000
2017,8,-5.000000,160.000000,-2.500000,162.500000,18124.490000,23.599340,8.928748,1.478497,34.006584,30.077261,0.684945,25.669543,0.340615,0.463309,0.019073,0.000000,0.142340,201.687805,-0.866025,-0.500000
2017,8,-5.000000,165.000000,-2.500000,167.500000,6380.770000,16.226098,12.307135,1.899771,30.433004,29.838784,0.681307,25.050145,0.358565,0.315732,0.024712,0.000000,0.147972,201.292175,-0.866025,-0.500000
2017,8,-5.000000,-165.000000,-2.500000,-162.500000,2109.860000,8.028021,15.051236,0.376328,23.455585,,,,,,,,,,-0.866025,-0.500000
2017,8,-5.000000,170.000000,-2.500000,172.500000,2344.650000,12.015013,9.327618,2.042096,23.384727,29.653146,0.673460,27.909467,0.392962,131.866952,0.032089,0.011427,0.159587,201.065292,-0.866025,-0.500000
2017,8,-5.000000,-170.000000,-2.500000,-167.500000,3356.220000,7.588895,9.300642,0.705854,17.595390,,,,,,,,,,-0.866025,-0.500000
2017,8,-5.000000,-180.000000,-2.500000,-177.500000,1693.060000,19.596470,9.562567,1.050760,30.209798,,,,,,,,,,-0.866025,-0.500000
2017,8,10.000000,110.000000,12.500000,112.500000,18630.520000,17.530590,1.122728,0.000000,18.653317,29.108589,0.705879,13.401611,0.355086,1.610296,0.108642,0.073056,0.121866,201.513901,-0.866025,-0.500000
2017,8,10.000000,115.000000,12.500000,117.500000,18630.520000,17.530590,1.122728,0.000000,18.653317,29.512718,0.786738,17.496442,0.120677,134.618669,0.024297,0.080590,0.080771,199.603470,-0.866025,-0.500000
2017,8,10.000000,125.000000,12.500000,127.500000,1646.920000,5.621402,7.295436,0.183373,13.100211,30.170410,0.945527,19.796388,0.181516,134.611504,0.077568,0.055588,0.094733,197.433350,-0.866025,-0.500000
2017,8,10.000000,130.000000,12.500000,132.500000,14974.480000,7.511379,8.761239,0.662060,16.934678,30.322316,0.913254,18.052632,0.151466,0.570566,0.053870,0.000000,0.098198,197.316452,-0.866025,-0.500000
2017,8,10.000000,150.000000,12.500000,152.500000,1605.300000,5.852489,1.076434,1.730518,8.659441,30.249206,0.880321,19.041601,0.149605,0.377283,0.055581,0.000000,0.093914,197.923264,-0.866025,-0.500000
2017,8,10.000000,155.000000,12.500000,157.500000,2618.300000,6.204026,2.020395,3.524042,11.748463,30.046792,0.849274,20.256153,0.164375,0.258504,0.065672,0.000000,0.090518,198.396057,-0.866025,-0.500000
2017,8,10.000000,-165.000000,12.500000,-162.500000,3396.170000,6.842119,13.563220,0.000000,20.405339,,,,,,,,,,-0.866025,-0.500000
2017,8,10.000000,170.000000,12.500000,172.500000,1187.250000,12.957675,8.894504,4.352074,26.204254,29.033879,0.788794,27.061329,0.221137,58.590615,0.082336,0.003056,0.060112,200.030930,-0.866025,-0.500000
2017,8,10.000000,-170.000000,12.500000,-167.500000,1342.170000,9.783410,13.725534,0.868742,24.377687,,,,,,,,,,-0.866025,-0.500000
2017,8,10.000000,175.000000,12.500000,177.500000,1712.790000,21.085480,14.975566,0.173401,36.234448,28.714962,0.749344,31.695847,0.226746,0.279730,0.087443,0.000000,0.072928,201.052155,-0.866025,-0.500000
2017,8,-10.000000,-135.000000,-7.500000,-132.500000,8949.810000,6.373208,24.345210,0.790631,31.509049,,,,,,,,,,-0.866025,-0.500000
2017,8,-10.000000,-140.000000,-7.500000,-137.500000,1908.440000,11.627822,33.690868,0.826853,46.145543,,,,,,,,,,-0.866025,-0.500000
2017,8,-10.000000,145.000000,-7.500000,147.500000,1263.240000,50.638042,3.341408,2.883854,56.863304,27.225690,0.701620,22.415634,0.337261,130.441756,0.052736,0.364314,0.288465,204.263229,-0.866025,-0.500000
2017,8,-10.000000,-145.000000,-7.500000,-142.500000,3121.980000,6.137772,11.369067,1.501931,19.008770,,,,,,,,,,-0.866025,-0.500000
2017,8,-10.000000,150.000000,-7.500000,152.500000,4516.430000,60.206845,4.936864,2.872623,68.016331,28.082464,0.625204,24.277453,0.304039,130.777440,0.046957,0.290855,0.309642,200.477783,-0.866025,-0.500000
2017,8,-10.000000,-150.000000,-7.500000,-147.500000,5817.570000,5.383519,15.596203,1.245193,22.224915,,,,,,,,,,-0.866025,-0.500000
2017,8,-10.000000,155.000000,-7.500000,157.500000,3081.080000,26.386527,1.154465,0.770509,28.311501,28.639047,0.614951,27.154897,0.164815,129.578848,0.041644,0.207194,0.355597,199.415237,-0.866025,-0.500000
2017,8,-10.000000,-155.000000,-7.500000,-152.500000,1179.800000,16.868961,19.273606,6.061197,42.203763,,,,,,,,,,-0.866025,-0.500000
2017,8,-10.000000,160.000000,-7.500000,162.500000,12168.430000,20.742446,4.990126,6.100130,31.832702,29.008831,0.646740,31.629522,0.141601,128.492357,0.018205,0.078504,0.173394,198.637589,-0.866025,-0.500000
2017,8,-10.000000,165.000000,-7.500000,167.500000,9085.580000,15.886162,6.622802,6.214573,28.723538,29.303532,0.676324,31.332084,0.135746,0.733244,0.018858,0.005000,0.140225,198.737091,-0.866025,-0.500000
2017,8,-10.000000,-165.000000,-7.500000,-162.500000,3969.500000,12.155687,7.709535,4.289961,24.155183,,,,,,,,,,-0.866025,-0.500000
2017,8,-10.000000,170.000000,-7.500000,172.500000,7539.730000,17.017586,5.253239,11.518317,33.789141,29.522277,0.702979,32.949522,0.118089,0.398331,0.016217,0.000000,0.118786,198.737930,-0.866025,-0.500000
2017,8,-10.000000,-170.000000,-7.500000,-167.500000,8357.220000,14.853504,2.977306,9.972096,27.802906,,,,,,,,,,-0.866025,-0.500000
2017,8,-10.000000,175.000000,-7.500000,177.500000,7048.750000,15.118000,8.164143,8.367299,31.649441,29.536414,0.708975,35.663932,0.125340,0.479027,0.016259,0.000000,0.138835,198.509949,-0.866025,-0.500000
2017,8,-10.000000,-175.000000,-7.500000,-172.500000,2535.160000,3.152069,1.472491,24.121554,28.746115,,,,,,,,,,-0.866025,-0.500000
2017,8,-10.000000,-180.000000,-7.500000,-177.500000,6266.500000,15.836591,6.826139,16.579271,39.242001,,,,,,,,,,-0.866025,-0.500000
2017,8,15.000000,110.000000,17.500000,112.500000,18630.520000,17.530590,1.122728,0.000000,18.653317,29.710781,0.679129,13.771181,0.202532,129.468260,0.069087,0.068070,0.091256,198.476822,-0.866025,-0.500000
2017,8,15.000000,115.000000,17.500000,117.500000,18630.520000,17.530590,1.122728,0.000000,18.653317,29.762804,0.732238,16.782503,0.175130,135.249327,0.071578,0.058217,0.080830,198.524551,-0.866025,-0.500000
2017,8,15.000000,150.000000,17.500000,152.500000,1018.520000,5.996937,0.751090,9.183914,15.931940,30.262118,0.997813,20.809979,0.181384,0.762509,0.054306,0.010278,0.094436,197.048889,-0.866025,-0.500000
2017,8,15.000000,155.000000,17.500000,157.500000,2242.760000,9.538693,1.850399,55.532915,66.922007,29.984101,0.964669,23.828981,0.154511,0.467854,0.057674,0.000000,0.085089,197.502655,-0.866025,-0.500000
2017,8,15.000000,-155.000000,17.500000,-152.500000,4904.690000,3.690753,11.417439,0.000000,15.108192,,,,,,,,,,-0.866025,-0.500000
2017,8,15.000000,160.000000,17.500000,162.500000,2559.600000,6.705735,1.251367,57.465620,65.422722,29.842684,0.952406,25.118557,0.139966,0.699736,0.050588,0.002222,0.081711,198.107986,-0.866025,-0.500000
2017,8,15.000000,-160.000000,17.500000,-157.500000,5484.550000,4.217301,6.607288,0.000000,10.824589,,,,,,,,,,-0.866025,-0.500000
2017,8,15.000000,-165.000000,17.500000,-162.500000,4212.170000,6.516119,10.335290,0.238832,17.090241,,,,,,,,,,-0.866025,-0.500000
2017,8,-15.000000,-135.000000,-12.500000,-132.500000,12666.570000,2.731284,15.189511,16.232255,34.153050,,,,,,,,,,-0.866025,-0.500000
2017,8,-15.000000,-140.000000,-12.500000,-137.500000,1074.740000,1.446862,6.433184,26.146789,34.026834,,,,,,,,,,-0.866025,-0.500000
2017,8,-15.000000,145.000000,-12.500000,147.500000,1448.040000,29.825834,0.234800,27.255463,57.316096,25.699773,0.686532,48.861263,0.170090,115.785982,0.034658,0.089603,0.129865,208.095612,-0.866025,-0.500000
2017,8,-15.000000,-145.000000,-12.500000,-142.500000,1802.090000,9.000105,24.858359,4.520862,38.379326,,,,,,,,,,-0.866025,-0.500000
2017,8,-15.000000,150.000000,-12.500000,152.500000,2221.630000,30.404703,3.178747,14.770236,48.353686,26.613555,0.724301,38.915280,0.227738,121.585472,0.040322,0.279785,0.143810,205.634674,-0.866025,-0.500000
2017,8,-15.000000,-150.000000,-12.500000,-147.500000,2492.280000,2.725215,14.741522,2.061566,19.528303,,,,,,,,,,-0.866025,-0.500000
2017,8,-15.000000,155.000000,-12.500000,157.500000,6325.190000,17.662711,1.581454,19.780433,39.024598,27.156445,0.687829,38.467269,0.224867,1.442977,0.060682,0.136944,0.157356,204.100449,-0.866025,-0.500000
2017,8,-15.000000,160.000000,-12.500000,162.500000,4991.400000,14.340666,2.019674,22.597668,38.958008,27.308252,0.710889,41.378751,0.184298,125.769325,0.048380,0.142817,0.093393,204.156174,-0.866025,-0.500000
2017,8,-15.000000,-160.000000,-12.500000,-157.500000,12419.670000,3.624976,1.346010,31.661067,36.632052,,,,,,,,,,-0.866025,-0.500000
2017,8,-15.000000,165.000000,-12.500000,167.500000,1076.160000,9.007954,2.323075,20.854706,32.185734,27.628855,0.715919,40.451681,0.163756,119.111301,0.040474,0.068118,0.088371,203.272186,-0.866025,-0.500000
2017,8,-15.000000,-165.000000,-12.500000,-162.500000,12288.230000,1.904424,1.874558,22.359852,26.138834,,,,,,,,,,-0.866025,-0.500000
2017,8,-15.000000,170.000000,-12.500000,172.500000,18645.700000,10.286554,1.731552,40.701020,52.719126,28.131232,0.758685,42.271486,0.157855,0.969584,0.041160,0.027222,0.080295,201.816742,-0.866025,-0.500000
2017,8,-15.000000,-170.000000,-12.500000,-167.500000,7615.710000,1.760440,1.180849,25.076060,28.017348,,,,,,,,,,-0.866025,-0.500000
2017,8,-15.000000,175.000000,-12.500000,177.500000,3931.690000,5.182250,1.474430,16.349204,23.005883,28.502269,0.768552,43.313948,0.135863,1.081755,0.025032,0.071667,0.105524,200.866562,-0.866025,-0.500000
2017,8,-15.000000,-175.000000,-12.500000,-172.500000,17786.540000,4.003870,1.118767,25.298119,30.420756,,,,,,,,,,-0.866025,-0.500000
2017,8,20.000000,135.000000,22.500000,137.500000,1627.850000,5.142366,1.941211,5.208711,12.292287,29.857885,0.963171,13.929750,0.208148,1.861085,0.089208,0.160278,0.094532,197.196548,-0.866025,-0.500000
2017,8,20.000000,-155.000000,22.500000,-152.500000,1625.470000,3.198460,8.179788,0.000000,11.378248,,,,,,,,,,-0.866025,-0.500000
2017,8,-20.000000,-150.000000,-17.500000,-147.500000,2516.580000,2.024176,4.656717,14.220887,20.901779,,,,,,,,,,-0.866025,-0.500000
2017,8,-20.000000,-155.000000,-17.500000,-152.500000,5540.430000,2.849418,4.250031,15.302964,22.402413,,,,,,,,,,-0.866025,-0.500000
2017,8,-20.000000,160.000000,-17.500000,162.500000,3265.970000,12.822531,1.405402,29.559059,43.786991,25.105482,0.708837,35.949983,0.130590,48.415479,0.038272,0.369547,0.095462,211.897324,-0.866025,-0.500000
2017,8,-20.000000,165.000000,-17.500000,167.500000,5790.430000,9.225740,1.170897,25.420737,35.817375,25.569638,0.768998,39.673846,0.106565,118.423485,0.029596,0.321398,0.082342,210.864136,-0.866025,-0.500000
2017,8,-20.000000,-165.000000,-17.500000,-162.500000,3333.440000,2.978605,0.781175,19.919963,23.679742,,,,,,,,,,-0.866025,-0.500000
2017,8,-20.000000,170.000000,-17.500000,172.500000,23228.630000,10.368799,1.437192,37.192637,48.998628,25.675099,0.780753,34.744647,0.102798,1.597590,0.055960,0.362222,0.064314,209.858490,-0.866025,-0.500000
2017,8,-20.000000,175.000000,-17.500000,177.500000,17023.110000,6.757755,1.861058,17.450337,26.069150,25.975385,0.778803,33.070459,0.108031,120.345958,0.049670,0.413216,0.105148,208.861343,-0.866025,-0.500000
2017,8,-20.000000,-180.000000,-17.500000,-177.500000,4303.390000,8.482847,2.458759,19.216478,30.158085,,,,,,,,,,-0.866025,-0.500000
2017,8,25.000000,125.000000,27.500000,127.500000,2343.480000,14.501511,1.038200,1.674433,17.214143,30.474744,0.928950,14.142129,0.297107,137.039973,0.205384,0.106431,0.100698,195.888290,-0.866025,-0.500000
2017,8,25.000000,135.000000,27.500000,137.500000,1492.190000,0.294198,0.023455,0.000000,0.317654,29.125575,1.175581,12.774710,0.160942,1.896229,0.141759,0.059167,0.107989,200.875885,-0.866025,-0.500000
2017,8,25.000000,145.000000,27.500000,147.500000,2908.170000,1.381281,0.627199,0.022695,2.031174,29.348788,0.935314,11.795108,0.143293,1.538337,0.067053,0.183056,0.101087,200.901871,-0.866025,-0.500000
2017,8,25.000000,150.000000,27.500000,152.500000,1758.480000,1.045221,0.436741,0.014217,1.496179,28.893456,0.872411,12.271875,0.121323,1.405167,0.072398,0.141111,0.095936,201.725113,-0.866025,-0.500000
2017,8,25.000000,155.000000,27.500000,157.500000,1123.040000,0.690982,0.306311,0.171855,1.169148,28.018004,0.808314,12.516192,0.128045,1.548753,0.052229,0.146944,0.092436,203.413177,-0.866025,-0.500000
2017,8,25.000000,-155.000000,27.500000,-152.500000,1017.690000,3.136515,4.185951,0.000000,7.322466,,,,,,,,,,-0.866025,-0.500000
2017,8,25.000000,-160.000000,27.500000,-157.500000,1248.220000,5.036772,4.148307,0.876448,10.061528,,,,,,,,,,-0.866025,-0.500000
2017,8,-25.000000,150.000000,-22.500000,152.500000,1013.160000,43.849935,2.871215,10.465277,57.186427,23.361232,0.664154,33.569812,0.141029,98.790723,0.076135,0.575639,0.292134,217.788208,-0.866025,-0.500000
2017,8,-25.000000,-150.000000,-22.500000,-147.500000,1785.200000,2.379565,2.382366,24.261707,29.023639,,,,,,,,,,-0.866025,-0.500000
2017,8,-25.000000,-155.000000,-22.500000,-152.500000,1726.720000,3.069982,4.316276,21.678674,29.064932,,,,,,,,,,-0.866025,-0.500000
2017,8,-25.000000,160.000000,-22.500000,162.500000,1672.820000,17.793307,0.873375,24.866393,43.533076,22.904878,0.643562,48.052568,0.124568,107.488581,0.054772,0.213622,0.147708,218.241196,-0.866025,-0.500000
2017,8,-25.000000,-160.000000,-22.500000,-157.500000,1931.030000,2.647810,2.202969,9.741433,14.592212,,,,,,,,,,-0.866025,-0.500000
2017,8,-25.000000,-165.000000,-22.500000,-162.500000,1198.970000,2.536344,3.784915,14.727641,21.048900,,,,,,,,,,-0.866025,-0.500000
2017,8,-25.000000,170.000000,-22.500000,172.500000,3636.120000,8.605052,1.295887,41.563260,51.464198,22.995333,0.685800,35.528803,0.147408,2.451390,0.067146,0.468333,0.078526,218.840057,-0.866025,-0.500000
2017,8,-25.000000,175.000000,-22.500000,177.500000,11816.000000,8.195328,2.575068,32.200237,42.970633,22.960489,0.652175,39.667537,0.150517,2.629571,0.058683,0.414167,0.075464,217.836365,-0.866025,-0.500000
2017,8,-25.000000,-175.000000,-22.500000,-172.500000,1127.680000,11.980349,1.174092,19.730775,32.885216,,,,,,,,,,-0.866025,-0.500000
2017,8,-25.000000,-180.000000,-22.500000,-177.500000,6336.630000,14.581252,2.385180,33.874473,50.840904,,,,,,,,,,-0.866025,-0.500000
2017,8,30.000000,155.000000,32.500000,157.500000,1567.960000,0.225771,3.961198,0.000000,4.186969,27.119970,0.860121,11.616447,0.295256,1.507221,0.188522,0.181111,0.100848,208.578110,-0.866025,-0.500000
2017,8,30.000000,160.000000,32.500000,162.500000,1078.420000,0.391313,12.160383,0.024109,12.575805,26.349133,0.742028,10.909096,0.326394,1.614215,0.213493,0.187500,0.089354,209.919739,-0.866025,-0.500000
2017,8,-30.000000,150.000000,-27.500000,152.500000,1125.980000,37.222686,3.699888,7.945079,48.867653,22.429773,0.615764,36.973487,0.289331,99.280088,0.108279,0.704490,0.480655,217.103195,-0.866025,-0.500000
2017,8,-30.000000,-150.000000,-27.500000,-147.500000,1864.990000,4.626298,5.162494,44.090853,53.879645,,,,,,,,,,-0.866025,-0.500000
2017,8,-30.000000,155.000000,-27.500000,157.500000,3188.750000,15.463740,3.961740,28.922932,48.348412,21.269419,0.613225,59.778854,0.236984,3.730476,0.105486,0.443056,0.341184,223.216034,-0.866025,-0.500000
2017,8,-30.000000,-155.000000,-27.500000,-152.500000,4474.820000,6.107061,1.112670,43.123075,50.342807,,,,,,,,,,-0.866025,-0.500000
2017,8,-30.000000,160.000000,-27.500000,162.500000,2558.250000,5.759406,0.569139,44.723541,51.052086,20.934796,0.615668,70.746783,0.140555,2.906408,0.064158,0.407500,0.293927,225.617813,-0.866025,-0.500000
2017,8,-30.000000,-160.000000,-27.500000,-157.500000,10589.340000,4.008371,1.498866,50.065726,55.572963,,,,,,,,,,-0.866025,-0.500000
2017,8,-30.000000,165.000000,-27.500000,167.500000,1542.100000,1.426626,1.003826,45.956164,48.386616,20.362416,0.577483,69.488527,0.134515,82.818616,0.087552,0.398053,0.287246,227.653473,-0.866025,-0.500000
2017,8,-30.000000,-165.000000,-27.500000,-162.500000,12252.460000,4.032251,2.868893,45.734652,52.635797,,,,,,,,,,-0.866025,-0.500000
2017,8,-30.000000,170.000000,-27.500000,172.500000,8173.120000,3.838803,2.468580,43.214464,49.521847,20.186694,0.537773,58.678111,0.178562,3.645530,0.123201,0.486944,0.212101,231.126617,-0.866025,-0.500000
2017,8,-30.000000,-170.000000,-27.500000,-167.500000,14729.960000,4.509313,1.742503,48.607939,54.859755,,,,,,,,,,-0.866025,-0.500000
2017,8,-30.000000,175.000000,-27.500000,177.500000,7494.600000,3.331465,5.432178,32.041336,40.804980,20.453648,0.536572,66.592578,0.168008,4.405130,0.088097,0.550556,0.134812,231.580902,-0.866025,-0.500000
2017,8,-30.000000,-175.000000,-27.500000,-172.500000,15520.430000,5.070349,2.458179,43.432173,50.960701,,,,,,,,,,-0.866025,-0.500000
2017,8,-30.000000,-180.000000,-27.500000,-177.500000,1774.570000,6.773472,1.341170,36.090433,44.205075,,,,,,,,,,-0.866025,-0.500000
2017,8,35.000000,145.000000,37.500000,147.500000,1440.110000,0.020832,0.399969,0.000000,0.420801,25.182160,0.359802,11.145996,0.447738,5.354950,0.346160,0.694444,0.118740,213.221603,-0.866025,-0.500000
2017,8,35.000000,150.000000,37.500000,152.500000,1256.480000,0.707532,3.997676,0.042977,4.748185,24.528601,0.316838,10.910876,0.307913,3.494491,0.155836,0.520000,0.107726,216.551559,-0.866025,-0.500000
2017,8,35.000000,155.000000,37.500000,157.500000,12872.920000,0.324091,10.956333,0.056164,11.336589,23.952612,0.253639,10.957587,0.279543,5.238310,0.162433,0.652222,0.102789,218.708450,-0.866025,-0.500000
2017,8,35.000000,160.000000,37.500000,162.500000,13591.330000,0.141634,11.541770,0.015672,11.699076,23.907777,0.371839,11.268579,0.278353,3.872769,0.251171,0.675278,0.118585,220.060135,-0.866025,-0.500000
2017,8,35.000000,165.000000,37.500000,167.500000,3506.480000,0.341653,7.475588,0.060745,7.877986,23.548654,0.349368,10.877475,0.261688,7.335235,0.145658,0.556389,0.164381,222.927551,-0.866025,-0.500000
2017,8,35.000000,175.000000,37.500000,177.500000,1061.600000,0.086662,0.078184,0.000000,0.164846,23.867690,0.425356,11.141503,0.234026,4.583305,0.188550,0.598056,0.205119,224.322205,-0.866025,-0.500000
2017,8,-35.000000,-135.000000,-32.500000,-132.500000,1066.000000,0.157598,4.880863,44.429644,49.468105,,,,,,,,,,-0.866025,-0.500000
2017,8,-35.000000,160.000000,-32.500000,162.500000,2120.700000,6.716650,1.309945,28.444853,36.471448,18.394013,0.436497,92.702054,0.191709,2.934005,0.136461,0.528611,0.433952,230.887222,-0.866025,-0.500000
2017,8,-35.000000,170.000000,-32.500000,172.500000,1243.610000,2.836902,10.740505,8.947339,22.524747,17.229736,0.340509,76.703787,0.168303,68.164519,0.085221,0.547180,0.390700,234.739136,-0.866025,-0.500000
2017,8,-35.000000,175.000000,-32.500000,177.500000,3109.940000,0.908056,15.352386,11.946533,28.206975,17.478242,0.395946,99.322494,0.113033,3.730115,0.066887,0.425833,0.385051,234.730270,-0.866025,-0.500000
2017,8,40.000000,145.000000,42.500000,147.500000,1160.620000,0.000000,0.000000,0.000000,0.000000,17.346292,-0.033356,10.607595,0.193276,79.545596,0.107037,0.829393,0.184623,243.549866,-0.866025,-0.500000
2017,8,40.000000,150.000000,42.500000,152.500000,1213.150000,0.839138,0.076660,0.024729,0.940527,17.569181,-0.041978,10.779011,0.179596,6.778943,0.114732,0.847778,0.206725,242.523727,-0.866025,-0.500000
2017,8,40.000000,170.000000,42.500000,172.500000,1443.540000,0.000000,0.000000,0.000000,0.000000,17.415158,0.090938,10.794228,0.139033,6.303401,0.104941,0.814167,0.303014,253.414368,-0.866025,-0.500000
2017,8,40.000000,175.000000,42.500000,177.500000,1002.080000,0.000000,0.000000,0.009979,0.009979,17.881492,0.126871,10.822839,0.112130,3.596626,0.085546,0.835556,0.291433,252.637543,-0.866025,-0.500000
2017,8,-40.000000,175.000000,-37.500000,177.500000,1367.790000,0.000000,2.449937,2.776742,5.226680,,,,,,,,,,-0.866025,-0.500000
2017,9,0.000000,120.000000,2.500000,122.500000,2551.600000,10.415034,7.083791,0.000000,17.498824,29.572514,0.617802,13.604654,0.318690,133.756809,0.031143,0.129112,0.100630,199.782516,-1.000000,-0.000000
2017,9,0.000000,125.000000,2.500000,127.500000,3402.140000,10.414915,7.083777,0.000000,17.498692,29.363832,0.640081,14.364701,0.409523,134.182748,0.049643,0.314580,0.103939,199.929352,-1.000000,-0.000000
2017,9,0.000000,135.000000,2.500000,137.500000,5589.240000,11.426240,3.697462,1.511476,16.635178,29.994996,0.699764,15.684353,0.498219,0.517512,0.021934,0.000000,0.093126,199.107132,-1.000000,-0.000000
2017,9,0.000000,140.000000,2.500000,142.500000,12796.640000,10.676474,5.236687,0.590155,16.503316,30.094226,0.707714,16.752416,0.525706,0.422880,0.026926,0.000000,0.093589,199.755875,-1.000000,-0.000000
2017,9,0.000000,145.000000,2.500000,147.500000,9576.170000,10.357272,3.838695,2.200984,16.396952,30.259786,0.709634,19.172195,0.530834,0.481190,0.027894,0.000000,0.094511,199.229935,-1.000000,-0.000000
2017,9,0.000000,150.000000,2.500000,152.500000,2752.090000,8.781326,4.405016,0.212202,13.398544,30.274853,0.706243,19.245990,0.492891,0.487729,0.030687,0.000000,0.125613,199.055466,-1.000000,-0.000000
2017,9,0.000000,155.000000,2.500000,157.500000,6393.550000,15.089895,4.219721,0.297174,19.606791,30.177171,0.693144,21.106560,0.484281,0.368049,0.030343,0.000000,0.128160,198.788239,-1.000000,-0.000000
2017,9,0.000000,160.000000,2.500000,162.500000,3454.380000,12.746426,4.126935,0.112321,16.985682,30.103551,0.691718,21.251607,0.523531,0.705809,0.039533,0.001944,0.145252,198.827377,-1.000000,-0.000000
2017,9,0.000000,165.000000,2.500000,167.500000,5740.570000,3.166585,9.939083,0.088493,13.194160,29.763092,0.681424,22.031515,0.499079,95.779054,0.041464,0.002779,0.187398,198.821503,-1.000000,-0.000000
2017,9,0.000000,170.000000,2.500000,172.500000,1635.310000,4.130104,5.474191,0.026906,9.631201,29.372969,0.679447,24.196546,0.611743,132.035889,0.053329,0.040190,0.214712,199.720978,-1.000000,-0.000000
2017,9,0.000000,-170.000000,2.500000,-167.500000,9170.580000,9.827187,24.454506,0.057357,34.339049,,,,,,,,,,-1.000000,-0.000000
2017,9,0.000000,175.000000,2.500000,177.500000,1504.040000,7.084918,20.178320,0.447462,27.710699,29.219978,0.681143,29.842865,0.636004,0.670357,0.065057,0.002778,0.173280,200.916031,-1.000000,-0.000000
2017,9,0.000000,-175.000000,2.500000,-172.500000,3861.000000,8.552448,25.249935,0.000000,33.802383,,,,,,,,,,-1.000000,-0.000000
2017,9,0.000000,-180.000000,2.500000,-177.500000,2964.390000,10.789404,29.037003,0.022939,39.849345,,,,,,,,,,-1.000000,-0.000000
2017,9,5.000000,130.000000,7.500000,132.500000,3761.160000,17.560008,45.311021,0.073382,62.944411,30.253943,0.657033,17.500001,0.274801,136.723612,0.053027,0.015329,0.097211,198.783386,-1.000000,-0.000000
2017,9,5.000000,145.000000,7.500000,147.500000,1972.900000,30.995996,21.008161,2.929697,54.933854,30.457713,0.674632,18.425085,0.141928,0.416340,0.020545,0.000000,0.093161,198.168808,-1.000000,-0.000000
2017,9,5.000000,150.000000,7.500000,152.500000,4129.160000,10.712106,8.793314,1.450658,20.956078,30.326416,0.648672,18.111275,0.180334,121.874706,0.028923,0.004454,0.086707,197.322693,-1.000000,-0.000000
2017,9,5.000000,155.000000,7.500000,157.500000,1457.920000,4.395303,8.054626,0.792225,13.242153,30.336315,0.653707,20.672452,0.164473,129.363450,0.021224,0.003336,0.081206,197.201492,-1.000000,-0.000000
2017,9,5.000000,165.000000,7.500000,167.500000,8072.680000,4.158099,6.288990,0.083987,10.531075,30.091396,0.661481,20.602156,0.179408,135.327168,0.038458,0.041643,0.077107,197.366776,-1.000000,-0.000000
2017,9,5.000000,170.000000,7.500000,172.500000,2897.280000,5.047838,5.192802,0.033135,10.273774,29.853908,0.657949,21.669988,0.207508,134.955712,0.063411,0.037412,0.088695,198.255310,-1.000000,-0.000000
2017,9,5.000000,-170.000000,7.500000,-167.500000,3657.990000,9.214350,26.517022,0.007381,35.738753,,,,,,,,,,-1.000000,-0.000000
2017,9,5.000000,175.000000,7.500000,177.500000,4440.000000,4.175000,14.052027,0.005180,18.232207,29.647487,0.638591,23.574660,0.245043,0.818413,0.077108,0.015833,0.118286,199.795197,-1.000000,-0.000000
2017,9,5.000000,-175.000000,7.500000,-172.500000,1997.140000,6.370610,16.282284,0.197282,22.850176,,,,,,,,,,-1.000000,-0.000000
2017,9,5.000000,-180.000000,7.500000,-177.500000,3441.520000,11.042504,24.754178,0.072352,35.869035,,,,,,,,,,-1.000000,-0.000000
2017,9,-5.000000,120.000000,-2.500000,122.500000,3402.140000,10.414915,7.083777,0.000000,17.498692,28.125357,0.578058,13.827214,0.163497,132.068418,0.021770,0.325703,0.106327,201.818466,-1.000000,-0.000000
2017,9,-5.000000,125.000000,-2.500000,127.500000,5103.210000,10.415013,7.083777,0.000000,17.498790,28.115865,0.573391,14.603344,0.248128,129.783879,0.029123,0.385449,0.126364,200.914062,-1.000000,-0.000000
2017,9,-5.000000,130.000000,-2.500000,132.500000,1701.070000,10.415209,7.083777,0.000000,17.498986,28.169719,0.595745,14.218886,0.253994,132.196055,0.063052,0.458833,0.202481,201.230042,-1.000000,-0.000000
2017,9,-5.000000,150.000000,-2.500000,152.500000,1630.220000,22.128915,20.096061,5.733582,47.958558,30.057221,0.688067,21.030232,0.554339,133.922594,0.024018,0.093466,0.174532,199.954865,-1.000000,-0.000000
2017,9,-5.000000,155.000000,-2.500000,157.500000,1346.100000,15.228438,5.104376,0.826833,21.159646,30.061469,0.704050,27.064790,0.594718,1.216673,0.041006,0.026667,0.154597,200.166229,-1.000000,-0.000000
2017,9,-5.000000,160.000000,-2.500000,162.500000,12256.870000,14.861053,9.917132,0.964194,25.742380,29.944213,0.698544,28.076818,0.573438,0.427493,0.048199,0.000000,0.155028,200.396622,-1.000000,-0.000000
2017,9,-5.000000,165.000000,-2.500000,167.500000,3208.890000,6.864679,9.169214,1.041482,17.075375,29.627839,0.685753,27.780789,0.573108,0.303902,0.049328,0.000000,0.162294,200.130508,-1.000000,-0.000000
2017,9,-5.000000,-165.000000,-2.500000,-162.500000,4182.680000,7.017032,14.080446,1.519361,22.616839,,,,,,,,,,-1.000000,-0.000000
2017,9,-5.000000,170.000000,-2.500000,172.500000,1169.250000,11.397905,8.236904,0.000000,19.634809,29.306105,0.666512,29.522577,0.556367,129.607495,0.046492,0.024805,0.166715,200.633606,-1.000000,-0.000000
2017,9,-5.000000,-170.000000,-2.500000,-167.500000,2659.920000,6.812611,11.465758,0.636485,18.914855,,,,,,,,,,-1.000000,-0.000000
2017,9,-5.000000,-180.000000,-2.500000,-177.500000,2202.970000,9.129039,15.832263,0.021789,24.983091,,,,,,,,,,-1.000000,-0.000000
2017,9,10.000000,110.000000,12.500000,112.500000,20406.160000,16.005167,1.025034,0.000000,17.030201,29.465902,0.724370,12.029253,0.322620,1.502256,0.120927,0.034167,0.113297,200.825821,-1.000000,-0.000000
2017,9,10.000000,115.000000,12.500000,117.500000,20406.160000,16.005167,1.025034,0.000000,17.030201,29.604688,0.763895,15.110214,0.094070,135.650962,0.016428,0.044835,0.085260,198.933228,-1.000000,-0.000000
2017,9,10.000000,125.000000,12.500000,127.500000,1259.220000,11.254586,10.637538,0.000000,21.892124,30.216429,0.867053,20.156354,0.137475,135.573815,0.039926,0.054430,0.095644,197.206894,-1.000000,-0.000000
2017,9,10.000000,130.000000,12.500000,132.500000,11983.140000,12.029985,10.989190,8.747123,31.766298,30.314357,0.884874,22.772616,0.174377,0.497865,0.061671,0.000000,0.095427,197.330368,-1.000000,-0.000000
2017,9,10.000000,135.000000,12.500000,137.500000,2027.230000,9.378314,12.851526,22.374866,44.604707,30.406715,0.926693,22.022750,0.196066,122.036562,0.087475,0.001946,0.096268,197.299347,-1.000000,-0.000000
2017,9,10.000000,150.000000,12.500000,152.500000,4639.790000,19.733436,3.709651,17.984435,41.427522,30.079689,0.830483,25.130002,0.177999,0.326616,0.064008,0.000000,0.081982,197.463043,-1.000000,-0.000000
2017,9,10.000000,155.000000,12.500000,157.500000,1947.300000,9.513172,2.823910,4.767627,17.104709,29.991103,0.812126,26.028560,0.171528,0.228823,0.062934,0.000000,0.082723,197.927872,-1.000000,-0.000000
2017,9,10.000000,165.000000,12.500000,167.500000,1588.570000,24.093996,11.113769,3.371586,38.579351,29.521527,0.772446,26.924542,0.228390,132.757795,0.084885,0.031487,0.072815,198.724487,-1.000000,-0.000000
2017,9,10.000000,-165.000000,12.500000,-162.500000,1105.810000,8.906593,10.990134,0.000000,19.896727,,,,,,,,,,-1.000000,-0.000000
2017,9,10.000000,170.000000,12.500000,172.500000,4367.890000,23.991218,13.222632,1.314136,38.527985,29.240705,0.744988,28.007327,0.248309,58.818403,0.096275,0.003056,0.062361,199.473129,-1.000000,-0.000000
2017,9,10.000000,-170.000000,12.500000,-167.500000,1566.450000,5.561620,12.253822,0.040857,17.856299,,,,,,,,,,-1.000000,-0.000000
2017,9,10.000000,175.000000,12.500000,177.500000,7292.800000,19.832163,13.126234,0.916658,33.875055,28.877875,0.691567,29.027215,0.228173,0.256962,0.085437,0.000000,0.090448,200.450333,-1.000000,-0.000000
2017,9,-10.000000,-135.000000,-7.500000,-132.500000,12236.390000,4.022510,18.634091,0.824671,23.481272,,,,,,,,,,-1.000000,-0.000000
2017,9,-10.000000,-140.000000,-7.500000,-137.500000,5262.080000,8.801843,27.253101,0.790752,36.845696,,,,,,,,,,-1.000000,-0.000000
2017,9,-10.000000,-145.000000,-7.500000,-142.500000,4710.520000,5.367773,24.606625,0.966560,30.940958,,,,,,,,,,-1.000000,-0.000000
2017,9,-10.000000,150.000000,-7.500000,152.500000,2861.180000,52.736983,4.921396,0.303721,57.962100,28.360958,0.635665,17.864447,0.355731,132.742435,0.055427,0.311244,0.248860,200.418900,-1.000000,-0.000000
2017,9,-10.000000,-150.000000,-7.500000,-147.500000,5851.020000,3.958284,19.963186,1.161678,25.083148,,,,,,,,,,-1.000000,-0.000000
2017,9,-10.000000,155.000000,-7.500000,157.500000,4342.630000,18.071307,7.818534,9.787847,35.677688,28.924688,0.671101,24.419481,0.166565,130.224158,0.039999,0.206599,0.261044,199.522278,-1.000000,-0.000000
2017,9,-10.000000,-155.000000,-7.500000,-152.500000,2663.740000,9.245272,20.923213,2.343697,32.512182,,,,,,,,,,-1.000000,-0.000000
2017,9,-10.000000,160.000000,-7.500000,162.500000,7559.770000,13.887724,5.290769,6.924814,26.103307,29.211668,0.691911,27.899695,0.141853,128.402900,0.036015,0.053668,0.178334,198.636353,-1.000000,-0.000000
2017,9,-10.000000,-160.000000,-7.500000,-157.500000,3078.750000,8.156882,4.946813,9.199513,22.303207,,,,,,,,,,-1.000000,-0.000000
2017,9,-10.000000,165.000000,-7.500000,167.500000,6400.210000,13.912044,9.654996,5.723718,29.290758,29.529000,0.721892,33.229445,0.117369,0.494571,0.030676,0.000000,0.132512,198.509079,-1.000000,-0.000000
2017,9,-10.000000,-165.000000,-7.500000,-162.500000,8799.620000,10.574434,7.923751,3.337644,21.835829,,,,,,,,,,-1.000000,-0.000000
2017,9,-10.000000,170.000000,-7.500000,172.500000,1834.200000,9.627631,9.064987,2.862828,21.555447,29.603692,0.726955,41.025949,0.113912,0.370130,0.012146,0.000000,0.127678,198.587936,-1.000000,-0.000000
2017,9,-10.000000,-170.000000,-7.500000,-167.500000,7333.680000,10.734311,5.810044,5.895539,22.439894,,,,,,,,,,-1.000000,-0.000000
2017,9,-10.000000,175.000000,-7.500000,177.500000,3031.190000,5.578007,4.153814,3.635866,13.367687,29.478464,0.719478,36.412314,0.114010,0.468822,0.014435,0.000000,0.144419,198.569702,-1.000000,-0.000000
2017,9,-10.000000,-175.000000,-7.500000,-172.500000,2034.120000,1.180363,1.448292,19.336126,21.964781,,,,,,,,,,-1.000000,-0.000000
2017,9,15.000000,110.000000,17.500000,112.500000,20406.160000,16.005167,1.025034,0.000000,17.030201,29.719952,0.672876,14.583790,0.158819,134.057655,0.060001,0.055668,0.086989,198.565613,-1.000000,-0.000000
2017,9,15.000000,115.000000,17.500000,117.500000,20406.160000,16.005167,1.025034,0.000000,17.030201,29.609542,0.699734,15.976866,0.151730,134.195518,0.048200,0.035097,0.082229,198.506989,-1.000000,-0.000000
2017,9,15.000000,135.000000,17.500000,137.500000,2094.930000,3.740459,2.545192,40.985618,47.271269,30.134524,0.987838,21.572306,0.175163,0.387929,0.081796,0.000000,0.089914,196.391647,-1.000000,-0.000000
2017,9,15.000000,150.000000,17.500000,152.500000,6293.410000,12.727122,2.435246,30.863713,46.026081,29.891158,1.008806,30.236003,0.184287,0.720183,0.059521,0.009167,0.084644,196.992416,-1.000000,-0.000000
2017,9,15.000000,155.000000,17.500000,157.500000,2906.010000,9.024745,1.298344,29.621715,39.944804,29.761590,0.958726,31.773797,0.203614,1.082792,0.071084,0.012778,0.075960,197.355209,-1.000000,-0.000000
2017,9,15.000000,-160.000000,17.500000,-157.500000,1002.760000,4.277195,4.009933,0.000000,8.287128,,,,,,,,,,-1.000000,-0.000000
2017,9,15.000000,-165.000000,17.500000,-162.500000,4160.780000,7.342614,10.400694,0.262931,18.006239,,,,,,,,,,-1.000000,-0.000000
2017,9,-15.000000,-135.000000,-12.500000,-132.500000,13253.440000,2.406922,20.679084,4.124212,27.210219,,,,,,,,,,-1.000000,-0.000000
2017,9,-15.000000,-140.000000,-12.500000,-137.500000,1287.120000,3.257661,19.197899,10.857573,33.313133,,,,,,,,,,-1.000000,-0.000000
2017,9,-15.000000,145.000000,-12.500000,147.500000,2728.190000,25.046643,0.904629,23.414791,49.366063,25.726491,0.679004,37.167015,0.184491,117.214850,0.028144,0.116089,0.130516,207.731033,-1.000000,-0.000000
2017,9,-15.000000,-145.000000,-12.500000,-142.500000,7338.150000,5.751450,17.066563,6.902012,29.720025,,,,,,,,,,-1.000000,-0.000000
2017,9,-15.000000,150.000000,-12.500000,152.500000,4306.790000,41.220491,3.202385,18.316426,62.739302,26.744134,0.736487,30.744039,0.226809,122.598877,0.035293,0.212874,0.140173,205.095322,-1.000000,-0.000000
2017,9,-15.000000,-150.000000,-12.500000,-147.500000,4993.050000,3.393116,9.842281,8.377044,21.612441,,,,,,,,,,-1.000000,-0.000000
2017,9,-15.000000,155.000000,-12.500000,157.500000,12146.790000,15.351134,2.483454,18.622533,36.457122,27.372414,0.690500,33.745886,0.238529,1.246674,0.060116,0.075833,0.123391,204.103531,-1.000000,-0.000000
2017,9,-15.000000,160.000000,-12.500000,162.500000,6503.970000,16.603090,1.732327,15.975320,34.310736,27.744301,0.726438,32.414871,0.213339,126.281948,0.051628,0.047512,0.090850,203.521408,-1.000000,-0.000000
2017,9,-15.000000,-160.000000,-12.500000,-157.500000,16433.550000,2.987608,1.083941,21.411442,25.482991,,,,,,,,,,-1.000000,-0.000000
2017,9,-15.000000,165.000000,-12.500000,167.500000,1084.760000,5.597552,0.765146,19.263247,25.625945,28.119746,0.762051,37.005100,0.196360,121.379464,0.045002,0.077331,0.082736,201.948669,-1.000000,-0.000000
2017,9,-15.000000,-165.000000,-12.500000,-162.500000,4411.930000,1.889423,1.554195,14.857217,18.300834,,,,,,,,,,-1.000000,-0.000000
2017,9,-15.000000,170.000000,-12.500000,172.500000,17434.650000,13.058880,2.109649,47.288761,62.457291,28.503358,0.789558,38.938441,0.162728,0.905331,0.033289,0.060556,0.095937,201.017700,-1.000000,-0.000000
2017,9,-15.000000,-170.000000,-12.500000,-167.500000,5178.090000,0.854755,1.116435,20.132327,22.103517,,,,,,,,,,-1.000000,-0.000000
2017,9,-15.000000,175.000000,-12.500000,177.500000,4860.680000,4.983871,1.305373,22.231046,28.520289,28.560234,0.781130,39.665333,0.132170,0.862960,0.022528,0.046389,0.097229,200.137115,-1.000000,-0.000000
2017,9,-15.000000,-175.000000,-12.500000,-172.500000,15492.100000,0.820612,0.902137,20.397299,22.120048,,,,,,,,,,-1.000000,-0.000000
2017,9,-15.000000,-180.000000,-12.500000,-177.500000,1503.220000,6.065646,13.575525,16.692167,36.333338,,,,,,,,,,-1.000000,-0.000000
2017,9,20.000000,135.000000,22.500000,137.500000,1345.370000,2.160001,1.028713,3.943896,7.132610,29.867483,1.009938,16.646491,0.209413,1.333954,0.108394,0.041944,0.086686,197.028717,-1.000000,-0.000000
2017,9,-20.000000,-135.000000,-17.500000,-132.500000,2375.000000,0.633263,9.938105,4.863158,15.434526,,,,,,,,,,-1.000000,-0.000000
2017,9,-20.000000,-150.000000,-17.500000,-147.500000,2386.570000,1.740573,2.794806,9.720226,14.255605,,,,,,,,,,-1.000000,-0.000000
2017,9,-20.000000,155.000000,-17.500000,157.500000,1805.420000,10.528852,1.010845,34.307253,45.846950,25.120261,0.745872,34.495878,0.164981,2.543939,0.047558,0.341667,0.119226,212.935898,-1.000000,-0.000000
2017,9,-20.000000,-155.000000,-17.500000,-152.500000,3314.410000,1.965659,3.399097,11.775550,17.140306,,,,,,,,,,-1.000000,-0.000000
2017,9,-20.000000,160.000000,-17.500000,162.500000,3898.890000,8.449071,0.766115,30.171664,39.386851,25.565292,0.760172,31.549814,0.137531,49.983643,0.030221,0.354265,0.091953,211.786041,-1.000000,-0.000000
2017,9,-20.000000,-160.000000,-17.500000,-157.500000,1019.730000,2.204505,0.852186,16.734822,19.791513,,,,,,,,,,-1.000000,-0.000000
2017,9,-20.000000,165.000000,-17.500000,167.500000,6463.420000,7.328937,1.169350,24.668674,33.166961,25.650784,0.780878,31.588669,0.140093,119.767454,0.053603,0.395302,0.078004,210.992188,-1.000000,-0.000000
2017,9,-20.000000,170.000000,-17.500000,172.500000,14447.040000,11.969095,1.039244,35.358316,48.366655,25.857573,0.774421,26.429158,0.151425,3.805290,0.059562,0.476111,0.066930,209.529572,-1.000000,-0.000000
2017,9,-20.000000,175.000000,-17.500000,177.500000,12202.030000,6.136274,1.137188,10.216825,17.490286,26.391220,0.794996,24.248503,0.131106,121.900857,0.058481,0.365051,0.090404,208.117203,-1.000000,-0.000000
2017,9,-20.000000,-180.000000,-17.500000,-177.500000,7244.350000,5.777468,1.658396,14.813475,22.249339,,,,,,,,,,-1.000000,-0.000000
2017,9,25.000000,135.000000,27.500000,137.500000,2795.410000,1.229516,7.423598,1.232377,9.885491,29.034737,1.132422,16.504707,0.164892,1.724263,0.102655,0.090278,0.089840,199.709518,-1.000000,-0.000000
2017,9,25.000000,145.000000,27.500000,147.500000,1786.940000,1.050399,0.617256,0.030779,1.698434,28.451042,0.967599,14.340775,0.148274,1.370362,0.066149,0.103889,0.091223,202.984024,-1.000000,-0.000000
2017,9,25.000000,150.000000,27.500000,152.500000,1655.880000,0.989202,0.574921,0.235524,1.799647,28.987692,0.926612,14.960301,0.125574,1.188219,0.082363,0.065556,0.089594,202.491974,-1.000000,-0.000000
2017,9,25.000000,155.000000,27.500000,157.500000,1464.720000,1.790103,1.480146,0.204817,3.475067,28.917786,0.860163,15.610006,0.144144,1.594480,0.068234,0.046389,0.090030,202.118958,-1.000000,-0.000000
2017,9,-25.000000,-135.000000,-22.500000,-132.500000,2317.600000,1.032534,3.239558,37.864170,42.136262,,,,,,,,,,-1.000000,-0.000000
2017,9,-25.000000,-160.000000,-22.500000,-157.500000,1213.100000,1.993240,1.884428,5.420823,9.298491,,,,,,,,,,-1.000000,-0.000000
2017,9,-25.000000,165.000000,-22.500000,167.500000,1499.380000,8.826315,0.466860,21.040697,30.333871,23.020520,0.680545,30.453575,0.149659,109.399408,0.053163,0.391947,0.120398,219.951889,-1.000000,-0.000000
2017,9,-25.000000,-165.000000,-22.500000,-162.500000,1411.190000,3.002431,1.128835,10.873802,15.005067,,,,,,,,,,-1.000000,-0.000000
2017,9,-25.000000,170.000000,-22.500000,172.500000,4379.140000,8.851053,1.554415,22.141105,32.546573,23.043546,0.665262,27.493194,0.166037,2.703200,0.081413,0.391944,0.076644,219.624313,-1.000000,-0.000000
2017,9,-25.000000,-170.000000,-22.500000,-167.500000,1114.180000,3.250821,0.930729,19.583012,23.764562,,,,,,,,,,-1.000000,-0.000000
2017,9,-25.000000,175.000000,-22.500000,177.500000,8020.490000,5.917095,1.803381,16.421939,24.142415,23.296075,0.666196,24.502677,0.191596,3.741976,0.081062,0.581944,0.070200,218.791718,-1.000000,-0.000000
2017,9,-25.000000,-180.000000,-22.500000,-177.500000,5368.540000,6.729390,1.316559,15.530666,23.576615,,,,,,,,,,-1.000000,-0.000000
2017,9,30.000000,155.000000,32.500000,157.500000,1708.380000,0.134045,5.427364,0.042145,5.603554,27.177240,0.792673,16.654333,0.380986,2.000049,0.257058,0.287500,0.093830,207.608002,-1.000000,-0.000000
2017,9,30.000000,160.000000,32.500000,162.500000,1695.810000,0.232337,11.123298,0.519516,11.875151,27.453079,0.843413,16.615634,0.272067,3.037076,0.182224,0.217500,0.091167,208.076477,-1.000000,-0.000000
2017,9,-30.000000,-135.000000,-27.500000,-132.500000,3591.520000,0.516494,1.583174,28.070845,30.170513,,,,,,,,,,-1.000000,-0.000000
2017,9,-30.000000,150.000000,-27.500000,152.500000,1959.300000,28.774562,3.821773,11.795029,44.391364,22.573553,0.539239,28.108545,0.351480,101.887035,0.136710,0.652245,0.411272,219.656738,-1.000000,-0.000000
2017,9,-30.000000,-150.000000,-27.500000,-147.500000,1088.800000,0.602498,1.891073,20.564842,23.058413,,,,,,,,,,-1.000000,-0.000000
2017,9,-30.000000,155.000000,-27.500000,157.500000,2772.150000,14.823152,3.188500,14.498133,32.509785,21.493714,0.637465,39.059879,0.226414,4.358627,0.104675,0.428333,0.324392,226.305450,-1.000000,-0.000000
2017,9,-30.000000,-155.000000,-27.500000,-152.500000,3067.690000,1.584580,2.383878,35.777735,39.746193,,,,,,,,,,-1.000000,-0.000000
2017,9,-30.000000,160.000000,-27.500000,162.500000,1424.300000,2.665169,0.509724,30.264691,33.439584,20.898834,0.602746,48.771251,0.189647,4.817466,0.084569,0.410278,0.309303,228.770248,-1.000000,-0.000000
2017,9,-30.000000,-160.000000,-27.500000,-157.500000,5602.130000,1.753619,1.313608,32.090473,35.157699,,,,,,,,,,-1.000000,-0.000000
2017,9,-30.000000,-165.000000,-27.500000,-162.500000,5784.020000,1.365486,1.688272,32.456665,35.510424,,,,,,,,,,-1.000000,-0.000000
2017,9,-30.000000,170.000000,-27.500000,172.500000,3232.860000,2.095358,1.161820,32.071602,35.328780,20.070024,0.518842,48.451442,0.197916,3.398953,0.122267,0.563889,0.234085,233.514832,-1.000000,-0.000000
2017,9,-30.000000,-170.000000,-27.500000,-167.500000,4068.100000,3.950001,2.220693,38.611391,44.782085,,,,,,,,,,-1.000000,-0.000000
2017,9,-30.000000,175.000000,-27.500000,177.500000,6475.030000,3.111800,1.471190,33.323398,37.906388,20.485222,0.563460,52.756714,0.183680,3.172356,0.085358,0.595833,0.155473,233.715332,-1.000000,-0.000000
2017,9,-30.000000,-175.000000,-27.500000,-172.500000,6203.800000,3.472066,3.005738,31.262613,37.740417,,,,,,,,,,-1.000000,-0.000000
2017,9,35.000000,145.000000,37.500000,147.500000,5690.990000,0.419259,12.299266,0.154982,12.873507,23.736830,0.329814,17.946071,0.404281,7.731243,0.313190,0.634167,0.110380,214.969498,-1.000000,-0.000000
2017,9,35.000000,150.000000,37.500000,152.500000,20715.380000,0.359636,16.790954,0.415344,17.565934,23.957599,0.436266,21.151066,0.371555,5.950524,0.234703,0.663333,0.107389,219.070496,-1.000000,-0.000000
2017,9,35.000000,155.000000,37.500000,157.500000,5569.950000,0.465534,11.028824,0.240038,11.734396,23.304341,0.273492,18.583272,0.263849,5.149308,0.162310,0.526944,0.099532,220.614487,-1.000000,-0.000000
2017,9,35.000000,160.000000,37.500000,162.500000,4259.740000,0.100710,10.351806,0.080521,10.533037,23.939285,0.378275,18.854972,0.301656,3.617444,0.216538,0.683056,0.099101,219.362167,-1.000000,-0.000000
2017,9,35.000000,165.000000,37.500000,167.500000,2019.950000,0.111389,7.453650,0.094062,7.659100,23.792950,0.380447,16.919123,0.207734,6.636764,0.148561,0.562778,0.135631,222.024109,-1.000000,-0.000000
2017,9,35.000000,170.000000,37.500000,172.500000,1492.600000,0.402653,5.448881,0.975479,6.827013,23.430516,0.367748,15.198049,0.185009,6.676448,0.102508,0.633056,0.164872,223.860748,-1.000000,-0.000000
2017,9,35.000000,175.000000,37.500000,177.500000,1678.520000,0.320520,0.072683,0.000000,0.393204,23.942632,0.423184,17.789494,0.226440,4.805587,0.204170,0.541389,0.167043,222.614899,-1.000000,-0.000000
2017,9,-35.000000,-135.000000,-32.500000,-132.500000,10584.420000,0.482880,1.003078,28.125774,29.611731,,,,,,,,,,-1.000000,-0.000000
2017,9,-35.000000,-140.000000,-32.500000,-137.500000,5557.670000,0.216278,1.818208,33.768648,35.803133,,,,,,,,,,-1.000000,-0.000000
2017,9,-35.000000,-145.000000,-32.500000,-142.500000,1801.070000,0.017212,1.901092,37.211769,39.130073,,,,,,,,,,-1.000000,-0.000000
2017,9,-35.000000,150.000000,-32.500000,152.500000,1028.660000,66.891879,1.325025,4.612797,72.829701,19.890282,0.524659,48.435783,0.448321,92.134448,0.236270,0.674722,0.532258,225.026688,-1.000000,-0.000000
2017,9,-35.000000,-150.000000,-32.500000,-147.500000,1186.330000,0.360777,1.610850,21.531109,23.502735,,,,,,,,,,-1.000000,-0.000000
2017,9,-35.000000,-155.000000,-32.500000,-152.500000,1334.760000,0.833858,2.432647,28.993227,32.259732,,,,,,,,,,-1.000000,-0.000000
2017,9,-35.000000,-170.000000,-32.500000,-167.500000,1034.560000,0.527761,8.055599,26.691540,35.274899,,,,,,,,,,-1.000000,-0.000000
2017,9,40.000000,150.000000,42.500000,152.500000,3731.300000,0.000000,0.000000,0.000000,0.000000,16.036255,-0.046125,13.122154,0.181940,8.988167,0.119039,0.762778,0.245581,245.305573,-1.000000,-0.000000
2017,9,40.000000,155.000000,42.500000,157.500000,1991.060000,0.000000,0.046207,0.000000,0.046207,16.943222,-0.013536,16.860969,0.123638,6.211994,0.108672,0.797500,0.231219,243.420258,-1.000000,-0.000000
2017,10,0.000000,120.000000,2.500000,122.500000,2422.490000,10.970118,7.461331,0.000000,18.431449,30.032078,0.673406,15.120255,0.195424,136.737769,0.021596,0.094351,0.103975,199.742340,-0.866025,0.500000
2017,10,0.000000,125.000000,2.500000,127.500000,3229.980000,10.970037,7.461347,0.000000,18.431383,29.815453,0.688235,15.118894,0.350963,135.579771,0.045079,0.135511,0.103830,199.566422,-0.866025,0.500000
2017,10,0.000000,135.000000,2.500000,137.500000,2119.790000,12.796551,2.798862,0.066516,15.661929,30.156467,0.759418,18.421312,0.506668,0.395358,0.024498,0.000000,0.091466,199.075684,-0.866025,0.500000
2017,10,0.000000,140.000000,2.500000,142.500000,13354.700000,13.381281,3.615506,0.329098,17.325885,30.302360,0.764010,17.436200,0.488229,0.337174,0.026595,0.000000,0.088629,199.213196,-0.866025,0.500000
2017,10,0.000000,145.000000,2.500000,147.500000,13421.180000,11.029880,5.308848,0.028164,16.366892,30.259382,0.761566,16.682181,0.523757,0.358072,0.037892,0.000000,0.092112,198.877289,-0.866025,0.500000
2017,10,0.000000,150.000000,2.500000,152.500000,2304.360000,7.426357,7.554809,0.061622,15.042788,30.168035,0.757765,17.242365,0.553568,0.357589,0.046150,0.000000,0.142697,199.515442,-0.866025,0.500000
2017,10,0.000000,155.000000,2.500000,157.500000,6986.310000,13.017315,4.344926,0.707097,18.069338,30.042806,0.745182,16.168580,0.581973,0.435594,0.049055,0.000000,0.177665,199.239243,-0.866025,0.500000
2017,10,0.000000,-155.000000,2.500000,-152.500000,1206.960000,2.787996,18.341121,0.015742,21.144860,,,,,,,,,,-0.866025,0.500000
2017,10,0.000000,160.000000,2.500000,162.500000,4022.250000,11.907514,3.325751,0.127541,15.360806,29.657345,0.720072,15.656717,0.590781,0.481105,0.056195,0.000000,0.187512,199.109192,-0.866025,0.500000
2017,10,0.000000,-160.000000,2.500000,-157.500000,1075.200000,2.661830,9.236421,0.509673,12.407924,,,,,,,,,,-0.866025,0.500000
2017,10,0.000000,165.000000,2.500000,167.500000,1306.870000,2.260363,9.939015,0.039790,12.239167,29.275132,0.695193,15.506381,0.600037,94.860863,0.060880,0.002779,0.194531,199.941422,-0.866025,0.500000
2017,10,0.000000,-170.000000,2.500000,-167.500000,2060.920000,5.447567,15.364012,0.444947,21.256526,,,,,,,,,,-0.866025,0.500000
2017,10,0.000000,175.000000,2.500000,177.500000,3046.750000,5.401165,14.451136,1.723148,21.575449,29.225562,0.674841,19.073052,0.578828,0.551305,0.056108,0.000000,0.166879,202.176315,-0.866025,0.500000
2017,10,0.000000,-175.000000,2.500000,-172.500000,3074.300000,9.331555,23.994080,0.021794,33.347429,,,,,,,,,,-0.866025,0.500000
2017,10,0.000000,-180.000000,2.500000,-177.500000,1404.780000,6.578966,6.684321,0.000000,13.263287,,,,,,,,,,-0.866025,0.500000
2017,10,5.000000,130.000000,7.500000,132.500000,5747.020000,26.134936,36.687361,0.587783,63.410080,30.060947,0.651285,23.566746,0.245575,136.073342,0.041197,0.007804,0.090762,198.398483,-0.866025,0.500000
2017,10,5.000000,145.000000,7.500000,147.500000,1637.120000,16.746482,30.339865,0.263267,47.349614,30.272452,0.689638,22.963272,0.178742,0.515346,0.031537,0.000000,0.087746,197.886047,-0.866025,0.500000
2017,10,5.000000,150.000000,7.500000,152.500000,2786.250000,5.737820,14.572633,0.120951,20.431404,30.273628,0.693167,22.348607,0.204221,121.138585,0.039767,0.004454,0.083033,197.123398,-0.866025,0.500000
2017,10,5.000000,155.000000,7.500000,157.500000,7544.040000,6.622579,11.892699,0.511530,19.026808,30.313261,0.726431,23.779749,0.149222,129.155258,0.043391,0.003336,0.084253,197.081284,-0.866025,0.500000
2017,10,5.000000,160.000000,7.500000,162.500000,4734.890000,7.582436,10.133076,0.203173,17.918684,30.190229,0.752564,22.034195,0.198770,0.453398,0.066830,0.000000,0.080692,197.257996,-0.866025,0.500000
2017,10,5.000000,165.000000,7.500000,167.500000,4847.550000,5.096183,8.563089,0.085610,13.744881,30.035766,0.710073,19.292627,0.186161,134.514485,0.066550,0.041643,0.085054,197.504242,-0.866025,0.500000
2017,10,5.000000,170.000000,7.500000,172.500000,1308.700000,9.469703,7.528081,0.025980,17.023764,29.783289,0.656459,18.481942,0.234781,134.227546,0.083577,0.029255,0.094716,198.207809,-0.866025,0.500000
2017,10,5.000000,175.000000,7.500000,177.500000,7062.580000,9.770792,12.336427,0.365730,22.472949,29.702686,0.638445,20.248862,0.232518,0.755679,0.075483,0.032222,0.096206,198.516327,-0.866025,0.500000
2017,10,5.000000,-175.000000,7.500000,-172.500000,1656.810000,7.017703,22.198683,0.000000,29.216386,,,,,,,,,,-0.866025,0.500000
2017,10,5.000000,-180.000000,7.500000,-177.500000,3170.140000,5.062552,21.154271,0.138164,26.354987,,,,,,,,,,-0.866025,0.500000
2017,10,-5.000000,120.000000,-2.500000,122.500000,3229.980000,10.970037,7.461347,0.000000,18.431383,29.245763,0.621425,11.710774,0.125196,137.157583,0.014699,0.301606,0.113357,201.410355,-0.866025,0.500000
2017,10,-5.000000,125.000000,-2.500000,127.500000,4844.970000,10.970140,7.461347,0.000000,18.431487,29.252466,0.630133,12.081693,0.242342,132.183581,0.022076,0.198452,0.107044,200.783600,-0.866025,0.500000
2017,10,-5.000000,130.000000,-2.500000,132.500000,1614.990000,10.970347,7.461347,0.000000,18.431693,29.293568,0.670494,11.820273,0.213276,137.126932,0.046691,0.298717,0.129378,200.206909,-0.866025,0.500000
2017,10,-5.000000,155.000000,-2.500000,157.500000,1860.430000,17.309977,3.768484,1.797971,22.876432,29.871071,0.724460,19.043932,0.489336,0.440970,0.037886,0.000000,0.172681,199.427643,-0.866025,0.500000
2017,10,-5.000000,-155.000000,-2.500000,-152.500000,1504.210000,1.605494,15.035800,0.301155,16.942448,,,,,,,,,,-0.866025,0.500000
2017,10,-5.000000,160.000000,-2.500000,162.500000,5858.010000,14.596766,3.829628,0.216285,18.642679,29.717996,0.711203,19.528965,0.517918,0.414065,0.047151,0.000000,0.172110,199.783844,-0.866025,0.500000
2017,10,-5.000000,165.000000,-2.500000,167.500000,2659.900000,13.627956,10.424452,0.069927,24.122335,29.586264,0.690070,20.322064,0.536137,0.456389,0.049333,0.000000,0.166303,200.826675,-0.866025,0.500000
2017,10,-5.000000,-165.000000,-2.500000,-162.500000,6976.710000,4.324531,14.561305,1.124742,20.010578,,,,,,,,,,-0.866025,0.500000
2017,10,-5.000000,170.000000,-2.500000,172.500000,1705.160000,6.885571,5.505642,0.012902,12.404115,29.359382,0.671000,22.908319,0.558492,129.668272,0.050786,0.026198,0.172444,201.826172,-0.866025,0.500000
2017,10,-5.000000,-170.000000,-2.500000,-167.500000,4688.840000,4.375496,29.703722,0.281093,34.360311,,,,,,,,,,-0.866025,0.500000
2017,10,-5.000000,-180.000000,-2.500000,-177.500000,2428.250000,9.746525,31.061876,0.029239,40.837640,,,,,,,,,,-0.866025,0.500000
2017,10,10.000000,110.000000,12.500000,112.500000,19739.620000,16.545607,1.059646,0.000000,17.605253,29.152020,0.718485,15.282060,0.319784,0.715149,0.103898,0.003889,0.096751,200.781372,-0.866025,0.500000
2017,10,10.000000,115.000000,12.500000,117.500000,19739.620000,16.545607,1.059646,0.000000,17.605253,29.520959,0.765092,16.012909,0.118003,134.584425,0.039133,0.041146,0.085331,198.798492,-0.866025,0.500000
2017,10,10.000000,130.000000,12.500000,132.500000,8297.090000,9.188884,7.738496,2.232831,19.160212,29.907808,0.862890,33.417007,0.155839,0.392777,0.076275,0.000000,0.103327,197.906754,-0.866025,0.500000
2017,10,10.000000,135.000000,12.500000,137.500000,1359.360000,4.834628,2.818238,10.772717,18.425583,29.977486,0.859599,29.487355,0.151870,120.521870,0.071303,0.001946,0.094148,197.205139,-0.866025,0.500000
2017,10,10.000000,150.000000,12.500000,152.500000,2668.010000,8.061064,1.317836,12.445980,21.824881,29.768385,0.784462,30.048653,0.157049,0.362905,0.054159,0.000000,0.077159,197.441971,-0.866025,0.500000
2017,10,10.000000,155.000000,12.500000,157.500000,2941.490000,9.017879,1.778350,7.345597,18.141826,29.757952,0.782137,32.017775,0.169792,0.265076,0.074370,0.000000,0.082504,197.995911,-0.866025,0.500000
2017,10,10.000000,165.000000,12.500000,167.500000,3949.960000,18.362211,10.358839,1.680777,30.401827,29.428845,0.751018,31.347453,0.234130,132.195373,0.095699,0.031487,0.070199,198.624924,-0.866025,0.500000
2017,10,10.000000,170.000000,12.500000,172.500000,13362.650000,17.295970,11.616708,0.963357,29.876035,29.166662,0.707603,34.224488,0.231632,58.941490,0.093509,0.003056,0.067759,199.299454,-0.866025,0.500000
2017,10,10.000000,175.000000,12.500000,177.500000,18121.280000,19.501106,11.060643,0.934481,31.496230,28.939010,0.658058,32.066223,0.254325,0.689857,0.112072,0.004167,0.079337,200.321030,-0.866025,0.500000
2017,10,10.000000,-175.000000,12.500000,-172.500000,3340.460000,16.479766,8.570676,0.571778,25.622220,,,,,,,,,,-0.866025,0.500000
2017,10,10.000000,-180.000000,12.500000,-177.500000,8465.170000,18.984261,14.103910,1.266129,34.354301,,,,,,,,,,-0.866025,0.500000
2017,10,-10.000000,-135.000000,-7.500000,-132.500000,13400.890000,2.464165,15.501433,0.213120,18.178718,,,,,,,,,,-0.866025,0.500000
2017,10,-10.000000,-140.000000,-7.500000,-137.500000,2300.530000,6.199006,22.608703,0.329924,29.137634,,,,,,,,,,-0.866025,0.500000
2017,10,-10.000000,145.000000,-7.500000,147.500000,2018.710000,57.652659,3.766762,2.630393,64.049814,28.490031,0.712660,13.122656,0.236877,134.402132,0.024452,0.404076,0.178658,201.759521,-0.866025,0.500000
2017,10,-10.000000,-145.000000,-7.500000,-142.500000,3495.380000,13.063243,23.060440,5.875470,41.999153,,,,,,,,,,-0.866025,0.500000
2017,10,-10.000000,150.000000,-7.500000,152.500000,1475.720000,26.484699,3.487111,0.171442,30.143252,29.178016,0.671845,14.593476,0.320973,134.930814,0.054046,0.268366,0.208750,200.186142,-0.866025,0.500000
2017,10,-10.000000,-150.000000,-7.500000,-147.500000,9363.630000,3.634595,24.779706,0.574563,28.988864,,,,,,,,,,-0.866025,0.500000
2017,10,-10.000000,155.000000,-7.500000,157.500000,8777.030000,17.635920,2.784883,1.429413,21.850216,29.360498,0.707425,20.356364,0.172689,132.084147,0.044445,0.204816,0.213962,199.026474,-0.866025,0.500000
2017,10,-10.000000,-155.000000,-7.500000,-152.500000,2088.000000,6.537835,34.323276,1.656609,42.517720,,,,,,,,,,-0.866025,0.500000
2017,10,-10.000000,160.000000,-7.500000,162.500000,9949.600000,12.398689,3.899956,5.783851,22.082496,29.408894,0.725113,26.599021,0.154760,129.873302,0.045100,0.047959,0.193964,197.834122,-0.866025,0.500000
2017,10,-10.000000,165.000000,-7.500000,167.500000,1280.280000,10.316493,7.068766,2.212016,19.597276,29.710963,0.755220,28.533155,0.092448,0.533574,0.016697,0.000000,0.135176,198.186172,-0.866025,0.500000
2017,10,-10.000000,-165.000000,-7.500000,-162.500000,3726.380000,8.602987,17.735175,2.580521,28.918682,,,,,,,,,,-0.866025,0.500000
2017,10,-10.000000,170.000000,-7.500000,172.500000,2605.570000,6.648065,7.950276,6.021331,20.619672,29.755790,0.764706,34.632576,0.077695,0.510745,0.011410,0.000000,0.128163,198.551773,-0.866025,0.500000
2017,10,-10.000000,-170.000000,-7.500000,-167.500000,17145.160000,15.398165,8.495400,7.296170,31.189735,,,,,,,,,,-0.866025,0.500000
2017,10,-10.000000,-175.000000,-7.500000,-172.500000,4782.390000,3.558472,2.910051,15.162293,21.630816,,,,,,,,,,-0.866025,0.500000
2017,10,-10.000000,-180.000000,-7.500000,-177.500000,1585.920000,5.447311,3.553773,6.220995,15.222079,,,,,,,,,,-0.866025,0.500000
2017,10,15.000000,110.000000,17.500000,112.500000,19739.620000,16.545607,1.059646,0.000000,17.605253,28.905996,0.695994,30.912822,0.218244,128.241788,0.082328,0.017594,0.096860,200.066528,-0.866025,0.500000
2017,10,15.000000,115.000000,17.500000,117.500000,19739.620000,16.545607,1.059646,0.000000,17.605253,29.170291,0.695480,24.766579,0.170434,133.555142,0.055817,0.045682,0.085627,199.018707,-0.866025,0.500000
2017,10,15.000000,150.000000,17.500000,152.500000,3947.660000,4.228834,5.152673,9.002548,18.384055,29.519264,0.993006,37.689937,0.179465,0.335573,0.062902,0.000000,0.080131,197.787399,-0.866025,0.500000
2017,10,15.000000,155.000000,17.500000,157.500000,1945.890000,3.220120,1.324330,4.447322,8.991772,29.578504,0.970252,43.489514,0.173036,0.629508,0.063539,0.000556,0.071758,197.938416,-0.866025,0.500000
2017,10,15.000000,-155.000000,17.500000,-152.500000,9083.890000,3.549140,10.507393,0.000000,14.056533,,,,,,,,,,-0.866025,0.500000
2017,10,15.000000,-160.000000,17.500000,-157.500000,4180.220000,4.500242,7.275454,0.000000,11.775696,,,,,,,,,,-0.866025,0.500000
2017,10,15.000000,-165.000000,17.500000,-162.500000,5871.740000,5.080947,5.987493,0.691788,11.760228,,,,,,,,,,-0.866025,0.500000
2017,10,-15.000000,-135.000000,-12.500000,-132.500000,11672.620000,1.366274,14.508825,4.928714,20.803813,,,,,,,,,,-0.866025,0.500000
2017,10,-15.000000,-140.000000,-12.500000,-137.500000,2765.250000,2.458006,11.802549,7.941777,22.202333,,,,,,,,,,-0.866025,0.500000
2017,10,-15.000000,145.000000,-12.500000,147.500000,4011.960000,30.895622,0.640086,11.330621,42.866330,26.869366,0.730807,18.043242,0.191293,123.064096,0.041936,0.078614,0.105343,205.021255,-0.866025,0.500000
2017,10,-15.000000,-145.000000,-12.500000,-142.500000,4527.360000,5.516018,14.493656,5.979423,25.989097,,,,,,,,,,-0.866025,0.500000
2017,10,-15.000000,150.000000,-12.500000,152.500000,5222.140000,20.666432,4.014063,17.932304,42.612799,27.718916,0.761814,19.670309,0.219359,125.244357,0.048189,0.083569,0.097689,203.576767,-0.866025,0.500000
2017,10,-15.000000,-150.000000,-12.500000,-147.500000,2639.630000,3.006482,12.100560,10.427598,25.534639,,,,,,,,,,-0.866025,0.500000
2017,10,-15.000000,155.000000,-12.500000,157.500000,3435.940000,9.657037,4.147337,9.057492,22.861866,28.222401,0.737313,25.407169,0.220230,0.926338,0.066616,0.021667,0.109662,202.564713,-0.866025,0.500000
2017,10,-15.000000,160.000000,-12.500000,162.500000,4563.670000,7.082896,1.878751,11.109918,20.071565,28.193093,0.772446,30.247517,0.204405,128.360640,0.069294,0.056789,0.102020,201.570862,-0.866025,0.500000
2017,10,-15.000000,-160.000000,-12.500000,-157.500000,11563.620000,2.755625,1.080025,24.687771,28.523421,,,,,,,,,,-0.866025,0.500000
2017,10,-15.000000,165.000000,-12.500000,167.500000,5254.250000,3.416282,1.542370,22.054527,27.013180,28.482330,0.787358,32.753042,0.165928,122.812911,0.047652,0.065047,0.085310,200.898178,-0.866025,0.500000
2017,10,-15.000000,-165.000000,-12.500000,-162.500000,1602.920000,2.269608,2.182891,27.654530,32.107030,,,,,,,,,,-0.866025,0.500000
2017,10,-15.000000,170.000000,-12.500000,172.500000,12538.670000,6.433059,2.930933,54.401384,63.765375,28.723125,0.796304,34.982988,0.142855,0.964896,0.036260,0.011944,0.113380,200.038040,-0.866025,0.500000
2017,10,-15.000000,-170.000000,-12.500000,-167.500000,9737.310000,6.857952,2.625058,19.033285,28.516295,,,,,,,,,,-0.866025,0.500000
2017,10,-15.000000,175.000000,-12.500000,177.500000,10563.060000,4.918461,1.603702,24.795940,31.318103,28.602114,0.789407,33.923275,0.121802,0.771518,0.024498,0.009167,0.079142,199.817657,-0.866025,0.500000
2017,10,-15.000000,-175.000000,-12.500000,-172.500000,11245.140000,2.823175,1.340223,14.522274,18.685672,,,,,,,,,,-0.866025,0.500000
2017,10,20.000000,130.000000,22.500000,132.500000,4122.610000,7.785602,7.497435,33.421061,48.704098,29.120813,0.982836,32.345680,0.205392,0.883863,0.103570,0.004444,0.079854,199.088684,-0.866025,0.500000
2017,10,20.000000,135.000000,22.500000,137.500000,3810.090000,4.419318,3.606214,31.084830,39.110362,29.499773,1.078802,32.409175,0.235557,1.900358,0.106941,0.064444,0.079950,198.533249,-0.866025,0.500000
2017,10,20.000000,140.000000,22.500000,142.500000,2113.020000,14.972882,11.677126,28.704414,55.354422,29.525737,1.064567,31.187730,0.224695,58.045030,0.088328,0.100583,0.081416,198.479294,-0.866025,0.500000
2017,10,20.000000,145.000000,22.500000,147.500000,1084.780000,6.219694,0.928299,8.628478,15.776471,29.331757,0.960960,27.427749,0.231012,0.890847,0.124111,0.027778,0.083226,198.411530,-0.866025,0.500000
2017,10,20.000000,-155.000000,22.500000,-152.500000,20423.440000,1.807433,8.562955,0.000000,10.370388,,,,,,,,,,-0.866025,0.500000
2017,10,20.000000,-160.000000,22.500000,-157.500000,9489.260000,1.059830,7.955626,0.000000,9.015455,,,,,,,,,,-0.866025,0.500000
2017,10,20.000000,-165.000000,22.500000,-162.500000,1373.100000,3.661787,8.739349,0.000000,12.401136,,,,,,,,,,-0.866025,0.500000
2017,10,-20.000000,-135.000000,-17.500000,-132.500000,6282.190000,1.221549,1.482763,18.991307,21.695619,,,,,,,,,,-0.866025,0.500000
2017,10,-20.000000,-140.000000,-17.500000,-137.500000,1827.170000,1.806072,5.517823,16.153396,23.477290,,,,,,,,,,-0.866025,0.500000
2017,10,-20.000000,-150.000000,-17.500000,-147.500000,2712.210000,1.176163,3.570889,12.276704,17.023756,,,,,,,,,,-0.866025,0.500000
2017,10,-20.000000,155.000000,-17.500000,157.500000,1497.330000,5.769603,0.928987,44.698230,51.396820,26.205155,0.780974,20.990589,0.165465,2.967569,0.052153,0.286389,0.088318,210.008514,-0.866025,0.500000
2017,10,-20.000000,-155.000000,-17.500000,-152.500000,3498.640000,1.676366,4.669815,16.151705,22.497885,,,,,,,,,,-0.866025,0.500000
2017,10,-20.000000,160.000000,-17.500000,162.500000,3178.560000,6.750227,1.050476,18.562179,26.362881,26.257934,0.805732,25.089455,0.138640,51.303825,0.033346,0.234787,0.085221,209.483032,-0.866025,0.500000
2017,10,-20.000000,165.000000,-17.500000,167.500000,6762.140000,3.337405,0.746509,16.502468,20.586382,26.274428,0.792780,22.165391,0.145077,121.175327,0.052927,0.311086,0.080139,209.423141,-0.866025,0.500000
2017,10,-20.000000,170.000000,-17.500000,172.500000,21103.750000,6.922609,1.421643,37.329053,45.673305,26.580054,0.794357,21.139240,0.162668,3.078341,0.074009,0.401389,0.071851,208.196640,-0.866025,0.500000
2017,10,-20.000000,175.000000,-17.500000,177.500000,20234.030000,4.377625,1.741077,14.969583,21.088285,26.791625,0.815671,23.730405,0.144448,123.353240,0.047245,0.287225,0.084015,206.686981,-0.866025,0.500000
2017,10,-20.000000,-175.000000,-17.500000,-172.500000,1313.780000,5.347166,1.695870,10.701183,17.744219,,,,,,,,,,-0.866025,0.500000
2017,10,-20.000000,-180.000000,-17.500000,-177.500000,5092.390000,5.849513,1.571168,11.214381,18.635061,,,,,,,,,,-0.866025,0.500000
2017,10,25.000000,130.000000,27.500000,132.500000,1567.650000,2.926036,11.751348,13.809205,28.486588,28.330938,1.148569,33.221549,0.221735,56.919282,0.152386,0.146707,0.093803,200.733887,-0.866025,0.500000
2017,10,25.000000,135.000000,27.500000,137.500000,1569.110000,0.890314,0.729713,1.917648,3.537674,28.083186,1.119316,29.164633,0.202469,2.588120,0.127204,0.131389,0.081930,202.362946,-0.866025,0.500000
2017,10,25.000000,145.000000,27.500000,147.500000,5375.420000,0.907464,1.117308,0.336160,2.360932,28.267391,0.991870,23.257818,0.139330,3.672093,0.081095,0.141667,0.082232,202.342224,-0.866025,0.500000
2017,10,25.000000,150.000000,27.500000,152.500000,1469.840000,0.845670,1.165433,0.227916,2.239019,28.205191,0.952335,22.375282,0.138435,2.534745,0.082838,0.094444,0.082253,202.798523,-0.866025,0.500000
2017,10,25.000000,155.000000,27.500000,157.500000,1730.650000,1.167769,4.594805,4.019299,9.781874,27.944626,0.872046,24.622292,0.146437,5.184087,0.064824,0.245000,0.081118,203.793091,-0.866025,0.500000
2017,10,25.000000,-155.000000,27.500000,-152.500000,1685.120000,1.246202,5.396648,0.000000,6.642850,,,,,,,,,,-0.866025,0.500000
2017,10,25.000000,160.000000,27.500000,162.500000,1203.660000,1.474669,4.482163,3.176977,9.133809,27.725450,0.812839,28.453934,0.162463,1.947209,0.077846,0.134722,0.078391,204.454086,-0.866025,0.500000
2017,10,25.000000,-160.000000,27.500000,-157.500000,4357.220000,1.478925,5.647867,0.128522,7.255314,,,,,,,,,,-0.866025,0.500000
2017,10,-25.000000,150.000000,-22.500000,152.500000,1034.250000,31.683829,0.809282,4.036742,36.529853,25.267943,0.609711,16.063439,0.206991,114.596411,0.111183,0.413883,0.150473,212.850784,-0.866025,0.500000
2017,10,-25.000000,-150.000000,-22.500000,-147.500000,1152.180000,3.932545,4.082695,22.804597,30.819837,,,,,,,,,,-0.866025,0.500000
2017,10,-25.000000,155.000000,-22.500000,157.500000,1159.710000,14.584681,1.355511,19.730795,35.670987,24.514791,0.720413,17.908447,0.190042,49.471537,0.082263,0.318700,0.093614,216.396851,-0.866025,0.500000
2017,10,-25.000000,160.000000,-22.500000,162.500000,1707.770000,5.487273,0.627134,24.743379,30.857785,24.055506,0.678625,19.213821,0.156527,114.324267,0.067498,0.273853,0.080903,217.645920,-0.866025,0.500000
2017,10,-25.000000,-160.000000,-22.500000,-157.500000,1154.390000,2.999853,1.606909,7.284367,11.891129,,,,,,,,,,-0.866025,0.500000
2017,10,-25.000000,170.000000,-22.500000,172.500000,2479.610000,2.168486,0.552103,12.226519,14.947109,23.960729,0.670921,19.000528,0.193639,2.815814,0.080608,0.370833,0.072033,217.920059,-0.866025,0.500000
2017,10,-25.000000,-170.000000,-22.500000,-167.500000,2412.800000,3.581316,1.315070,12.649204,17.545590,,,,,,,,,,-0.866025,0.500000
2017,10,-25.000000,175.000000,-22.500000,177.500000,2867.890000,3.841152,0.977374,12.148304,16.966829,23.955081,0.654924,17.703661,0.214315,3.377180,0.082309,0.517222,0.068923,217.083420,-0.866025,0.500000
2017,10,-25.000000,-180.000000,-22.500000,-177.500000,1346.180000,4.168090,1.282889,9.142165,14.593145,,,,,,,,,,-0.866025,0.500000
2017,10,30.000000,145.000000,32.500000,147.500000,3529.350000,0.169436,13.952711,0.975817,15.097964,25.916752,1.114852,35.219082,0.193900,5.125895,0.134290,0.260278,0.085741,211.162903,-0.866025,0.500000
2017,10,30.000000,150.000000,32.500000,152.500000,3707.670000,0.136744,15.526193,4.626356,20.289292,26.044364,1.001413,34.136353,0.244704,2.700298,0.145861,0.350000,0.078235,211.862167,-0.866025,0.500000
2017,10,30.000000,155.000000,32.500000,157.500000,2924.650000,0.187715,12.132734,8.236199,20.556648,25.362492,0.734420,24.873773,0.347648,3.751428,0.246405,0.506944,0.078499,212.584335,-0.866025,0.500000
2017,10,30.000000,160.000000,32.500000,162.500000,1281.190000,0.385579,12.837284,8.402345,21.625208,25.999324,0.912423,28.005905,0.226269,2.343416,0.177975,0.322778,0.079238,213.533066,-0.866025,0.500000
2017,10,30.000000,-160.000000,32.500000,-157.500000,1138.330000,0.102782,0.218741,1.624309,1.945833,,,,,,,,,,-0.866025,0.500000
2017,10,30.000000,-165.000000,32.500000,-162.500000,2094.330000,3.221078,6.253074,2.224578,11.698729,,,,,,,,,,-0.866025,0.500000
2017,10,30.000000,170.000000,32.500000,172.500000,3235.220000,2.707080,23.392845,4.360445,30.460371,25.146720,0.774860,31.386423,0.196761,2.655578,0.187182,0.361111,0.074623,214.203323,-0.866025,0.500000
2017,10,-30.000000,155.000000,-27.500000,157.500000,2806.710000,17.712553,3.581774,4.631401,25.925728,22.570260,0.631047,19.137353,0.251802,3.833148,0.111001,0.469167,0.190405,226.104980,-0.866025,0.500000
2017,10,-30.000000,160.000000,-27.500000,162.500000,2537.200000,2.356929,0.830443,22.258395,25.445767,21.856819,0.608677,21.903008,0.187869,2.547726,0.097799,0.351389,0.169442,229.561523,-0.866025,0.500000
2017,10,-30.000000,-170.000000,-27.500000,-167.500000,1518.050000,2.884622,2.681730,33.996245,39.562597,,,,,,,,,,-0.866025,0.500000
2017,10,35.000000,140.000000,37.500000,142.500000,1446.060000,0.031811,9.172510,0.771752,9.976073,21.355466,0.295075,31.366795,0.374114,109.771707,0.272097,0.731083,0.237650,216.796768,-0.866025,0.500000
2017,10,35.000000,145.000000,37.500000,147.500000,16881.110000,0.399500,19.305899,0.647173,20.352572,21.822727,0.389355,35.464205,0.440677,11.596814,0.361309,0.702500,0.211834,220.566223,-0.866025,0.500000
2017,10,35.000000,150.000000,37.500000,152.500000,13220.320000,0.328131,15.893942,1.656843,17.878917,22.439468,0.498575,38.589258,0.387664,5.567319,0.266847,0.706667,0.174588,224.558365,-0.866025,0.500000
2017,10,35.000000,155.000000,37.500000,157.500000,4666.550000,0.138218,17.787016,0.879451,18.804684,21.177347,0.273667,31.963859,0.238942,5.564626,0.170229,0.684722,0.166518,227.670395,-0.866025,0.500000
2017,10,35.000000,-155.000000,37.500000,-152.500000,1435.000000,1.411150,0.502439,9.225087,11.138676,,,,,,,,,,-0.866025,0.500000
2017,10,35.000000,160.000000,37.500000,162.500000,1396.940000,0.107378,8.795653,0.498232,9.401263,21.864570,0.424729,33.336726,0.264545,5.304469,0.177178,0.656111,0.125889,227.454010,-0.866025,0.500000
2017,10,35.000000,-160.000000,37.500000,-157.500000,1906.760000,0.425329,2.402505,11.772326,14.600159,,,,,,,,,,-0.866025,0.500000
2017,10,35.000000,-165.000000,37.500000,-162.500000,1349.600000,2.777119,2.611144,25.195614,30.583877,,,,,,,,,,-0.866025,0.500000
2017,10,35.000000,-170.000000,37.500000,-167.500000,4580.870000,1.838079,2.327287,14.194465,18.359831,,,,,,,,,,-0.866025,0.500000
2017,10,-35.000000,-140.000000,-32.500000,-137.500000,1774.970000,0.127889,4.412469,37.931345,42.471704,,,,,,,,,,-0.866025,0.500000
2017,10,-35.000000,-145.000000,-32.500000,-142.500000,1096.200000,1.223317,6.736909,21.318190,29.278416,,,,,,,,,,-0.866025,0.500000
2017,10,-35.000000,150.000000,-32.500000,152.500000,1177.030000,38.473106,2.955745,4.097602,45.526452,21.368949,0.568723,20.389433,0.509580,97.000418,0.283904,0.573224,0.452484,222.346954,-0.866025,0.500000
2017,10,40.000000,150.000000,42.500000,152.500000,4403.780000,0.000000,0.062673,0.000000,0.062673,14.366744,-0.005444,24.858684,0.182446,9.757431,0.115978,0.719444,0.325415,249.494904,-0.866025,0.500000
2017,10,40.000000,155.000000,42.500000,157.500000,2261.500000,0.011055,0.244528,0.000000,0.255583,15.585171,0.051248,33.926327,0.121902,6.234590,0.106443,0.772500,0.323138,247.817383,-0.866025,0.500000
2017,11,0.000000,120.000000,2.500000,122.500000,1739.610000,15.276413,10.390260,0.000000,25.666672,30.087936,0.666980,12.178704,0.234116,138.121999,0.016836,0.090627,0.109756,199.670029,-0.500000,0.866025
2017,11,0.000000,125.000000,2.500000,127.500000,2319.480000,15.276269,10.390260,0.000000,25.666529,30.019523,0.664268,12.115138,0.318539,137.528683,0.030759,0.127647,0.107020,198.997162,-0.500000,0.866025
2017,11,0.000000,130.000000,2.500000,132.500000,1439.620000,84.218058,46.697740,0.083355,130.999153,29.943303,0.715941,13.671810,0.299439,119.980673,0.026981,0.005279,0.098803,198.817581,-0.500000,0.866025
2017,11,0.000000,135.000000,2.500000,137.500000,4170.720000,24.255284,4.019929,0.236650,28.511864,30.145715,0.744369,14.009056,0.318270,0.365897,0.026441,0.000000,0.093303,198.266815,-0.500000,0.866025
2017,11,0.000000,140.000000,2.500000,142.500000,16268.650000,16.670775,7.397049,1.194567,25.262391,30.252740,0.767941,14.465817,0.262000,0.500946,0.017695,0.000000,0.087048,198.067337,-0.500000,0.866025
2017,11,0.000000,145.000000,2.500000,147.500000,10392.630000,23.431894,7.173160,0.989355,31.594409,30.340991,0.789760,14.782234,0.356460,0.484356,0.026767,0.000000,0.083667,198.088287,-0.500000,0.866025
2017,11,0.000000,150.000000,2.500000,152.500000,1316.850000,23.345863,7.631089,0.577894,31.554847,30.434846,0.790265,17.061713,0.373314,0.403805,0.023012,0.000000,0.124001,200.001907,-0.500000,0.866025
2017,11,0.000000,155.000000,2.500000,157.500000,10452.590000,17.060748,6.111021,10.444971,33.616740,30.117315,0.768547,15.039904,0.379948,0.296834,0.030185,0.000000,0.152835,200.104996,-0.500000,0.866025
2017,11,0.000000,160.000000,2.500000,162.500000,2594.480000,17.783910,5.357914,0.966282,24.108106,29.844238,0.754768,15.954823,0.377757,0.317785,0.030948,0.000000,0.162785,200.545502,-0.500000,0.866025
2017,11,0.000000,165.000000,2.500000,167.500000,2143.240000,2.703850,8.475952,0.031261,11.211064,29.431242,0.732506,15.843671,0.381241,94.291590,0.026498,0.002779,0.173103,201.459030,-0.500000,0.866025
2017,11,0.000000,170.000000,2.500000,172.500000,1072.870000,6.350257,11.168175,0.074566,17.592998,29.300934,0.709645,20.131655,0.317583,131.801977,0.022111,0.025677,0.209571,201.676987,-0.500000,0.866025
2017,11,0.000000,175.000000,2.500000,177.500000,2970.630000,5.534853,22.914668,0.035346,28.484867,28.727724,0.697190,26.483116,0.390584,0.627576,0.033161,0.000000,0.167468,202.174713,-0.500000,0.866025
2017,11,0.000000,-175.000000,2.500000,-172.500000,1451.590000,6.151875,23.423970,0.000000,29.575844,,,,,,,,,,-0.500000,0.866025
2017,11,5.000000,130.000000,7.500000,132.500000,2435.170000,15.389069,14.386675,0.457874,30.233618,29.825234,0.608367,20.457524,0.326479,134.214251,0.045793,0.007804,0.090605,198.045746,-0.500000,0.866025
2017,11,5.000000,140.000000,7.500000,142.500000,1798.640000,18.411133,65.526175,0.024463,83.961771,29.807602,0.704237,28.840332,0.168819,0.450615,0.024123,0.000000,0.081333,197.410110,-0.500000,0.866025
2017,11,5.000000,150.000000,7.500000,152.500000,1524.310000,13.914492,15.776318,0.949938,30.640749,30.031332,0.752696,30.608869,0.208342,120.176889,0.041270,0.004454,0.084644,197.327377,-0.500000,0.866025
2017,11,5.000000,155.000000,7.500000,157.500000,4271.940000,11.967162,16.357205,1.872685,30.197053,29.991010,0.751963,30.176758,0.177696,128.007540,0.073307,0.003336,0.081657,197.214935,-0.500000,0.866025
2017,11,5.000000,-155.000000,7.500000,-152.500000,1310.250000,3.306239,0.000000,0.000000,3.306239,,,,,,,,,,-0.500000,0.866025
2017,11,5.000000,160.000000,7.500000,162.500000,8261.140000,21.594477,15.910274,1.043440,38.548191,29.968290,0.698386,32.160915,0.127842,0.401696,0.050011,0.000000,0.095201,197.575745,-0.500000,0.866025
2017,11,5.000000,165.000000,7.500000,167.500000,4101.810000,9.039912,5.052647,0.408844,14.501403,29.881703,0.698401,26.893249,0.145278,134.022494,0.053657,0.043343,0.109090,198.347214,-0.500000,0.866025
2017,11,5.000000,170.000000,7.500000,172.500000,2455.140000,28.231791,10.027534,0.034214,38.293539,29.687368,0.618374,25.423722,0.206301,133.918000,0.064595,0.033755,0.120452,198.980698,-0.500000,0.866025
2017,11,5.000000,175.000000,7.500000,177.500000,2147.180000,6.013469,10.312130,0.082434,16.408033,29.450370,0.643955,30.158265,0.256454,0.724968,0.086399,0.000833,0.134825,199.433456,-0.500000,0.866025
2017,11,-5.000000,120.000000,-2.500000,122.500000,2319.480000,15.276269,10.390260,0.000000,25.666529,30.248969,0.668008,11.156661,0.094953,141.904593,0.008088,0.255422,0.117370,201.040573,-0.500000,0.866025
2017,11,-5.000000,125.000000,-2.500000,127.500000,3479.220000,15.276413,10.390260,0.000000,25.666672,30.091275,0.667650,12.375445,0.174246,136.388544,0.009713,0.145201,0.111079,200.305115,-0.500000,0.866025
2017,11,-5.000000,130.000000,-2.500000,132.500000,1159.740000,15.276700,10.390260,0.000000,25.666960,30.065810,0.691111,11.959544,0.133273,141.356865,0.022466,0.279686,0.125465,199.254745,-0.500000,0.866025
2017,11,-5.000000,155.000000,-2.500000,157.500000,6020.190000,15.839035,8.382792,6.647963,30.869790,30.217388,0.766663,15.167869,0.230924,0.404300,0.025660,0.000000,0.178990,200.940552,-0.500000,0.866025
2017,11,-5.000000,-155.000000,-2.500000,-152.500000,4124.830000,4.373998,15.926959,0.148370,20.449328,,,,,,,,,,-0.500000,0.866025
2017,11,-5.000000,160.000000,-2.500000,162.500000,4942.710000,11.266087,4.115961,2.641466,18.023513,30.052181,0.756509,16.789759,0.338364,0.406439,0.034631,0.000000,0.159218,201.598267,-0.500000,0.866025
2017,11,-5.000000,165.000000,-2.500000,167.500000,1358.300000,13.204005,11.893543,0.047854,25.145402,29.789680,0.736242,17.946198,0.387361,0.468197,0.033050,0.000000,0.162364,202.256012,-0.500000,0.866025
2017,11,-5.000000,-165.000000,-2.500000,-162.500000,10575.680000,3.736781,16.415966,0.252561,20.405307,,,,,,,,,,-0.500000,0.866025
2017,11,-5.000000,170.000000,-2.500000,172.500000,5020.850000,3.587241,5.599849,2.909866,12.096956,29.445737,0.714313,23.866658,0.384048,129.520961,0.036073,0.010033,0.171346,202.216736,-0.500000,0.866025
2017,11,-5.000000,-170.000000,-2.500000,-167.500000,6193.810000,11.851833,30.774757,0.060060,42.686650,,,,,,,,,,-0.500000,0.866025
2017,11,-5.000000,175.000000,-2.500000,177.500000,1078.620000,9.777308,27.053086,0.134431,36.964825,28.920892,0.697552,31.148729,0.368248,91.467176,0.035207,0.011673,0.165305,202.677826,-0.500000,0.866025
2017,11,-5.000000,-180.000000,-2.500000,-177.500000,12675.660000,13.588405,27.474072,0.057512,41.119989,,,,,,,,,,-0.500000,0.866025
2017,11,10.000000,110.000000,12.500000,112.500000,13878.040000,23.533871,1.507201,0.000000,25.041072,28.159785,0.633022,16.154168,0.231191,1.129425,0.077817,0.075556,0.089310,202.759720,-0.500000,0.866025
2017,11,10.000000,115.000000,12.500000,117.500000,13878.040000,23.533871,1.507201,0.000000,25.041072,29.173121,0.769277,19.368083,0.182590,133.522053,0.038857,0.065267,0.082959,200.085236,-0.500000,0.866025
2017,11,10.000000,130.000000,12.500000,132.500000,4534.230000,5.305642,6.244059,1.964391,13.514092,29.334779,0.844082,38.633637,0.245567,0.394565,0.066837,0.000000,0.088785,198.037552,-0.500000,0.866025
2017,11,10.000000,150.000000,12.500000,152.500000,2361.260000,16.282409,8.198589,7.487951,31.968949,29.540531,0.809194,47.777068,0.202995,0.427944,0.065499,0.000000,0.079819,198.120941,-0.500000,0.866025
2017,11,10.000000,155.000000,12.500000,157.500000,2296.580000,8.911076,1.685114,4.677825,15.274016,29.359143,0.773612,50.448285,0.239233,0.388229,0.089131,0.000000,0.073854,198.475586,-0.500000,0.866025
2017,11,10.000000,160.000000,12.500000,162.500000,1316.190000,19.139334,6.302282,5.903403,31.345019,29.179107,0.743456,46.456778,0.251600,130.320093,0.087981,0.005574,0.070660,198.795929,-0.500000,0.866025
2017,11,10.000000,165.000000,12.500000,167.500000,5699.310000,19.861527,9.632394,4.106111,33.600032,29.054243,0.715401,44.318764,0.241762,130.807833,0.097455,0.031487,0.069067,199.161606,-0.500000,0.866025
2017,11,10.000000,170.000000,12.500000,172.500000,7810.390000,26.666658,10.398841,0.662451,37.727950,28.917898,0.689112,42.674783,0.263784,58.599591,0.108760,0.003056,0.062736,199.840012,-0.500000,0.866025
2017,11,10.000000,-170.000000,12.500000,-167.500000,1645.400000,18.932782,5.257080,0.052267,24.242130,,,,,,,,,,-0.500000,0.866025
2017,11,10.000000,175.000000,12.500000,177.500000,11824.810000,24.268381,7.290773,1.110631,32.669785,28.713364,0.647934,40.263919,0.244443,0.602079,0.106385,0.000000,0.059327,201.021210,-0.500000,0.866025
2017,11,10.000000,-175.000000,12.500000,-172.500000,5428.640000,14.371371,5.166119,0.446152,19.983642,,,,,,,,,,-0.500000,0.866025
2017,11,10.000000,-180.000000,12.500000,-177.500000,8490.340000,14.369271,6.992771,1.681911,23.043953,,,,,,,,,,-0.500000,0.866025
2017,11,-10.000000,-135.000000,-7.500000,-132.500000,10716.080000,1.248124,11.329143,0.118887,12.696154,,,,,,,,,,-0.500000,0.866025
2017,11,-10.000000,-140.000000,-7.500000,-137.500000,2132.240000,2.675121,14.569654,0.055810,17.300585,,,,,,,,,,-0.500000,0.866025
2017,11,-10.000000,-145.000000,-7.500000,-142.500000,5098.020000,9.550963,24.396138,0.591798,34.538899,,,,,,,,,,-0.500000,0.866025
2017,11,-10.000000,-150.000000,-7.500000,-147.500000,14468.040000,4.416839,26.203273,0.497027,31.117138,,,,,,,,,,-0.500000,0.866025
2017,11,-10.000000,155.000000,-7.500000,157.500000,4021.540000,15.156880,1.210730,2.702447,19.070058,30.215857,0.757309,12.656246,0.175006,136.351275,0.040035,0.115933,0.169612,199.444290,-0.500000,0.866025
2017,11,-10.000000,-155.000000,-7.500000,-152.500000,3770.970000,4.284574,7.705710,1.253258,13.243542,,,,,,,,,,-0.500000,0.866025
2017,11,-10.000000,160.000000,-7.500000,162.500000,11833.200000,16.390748,2.383717,0.848207,19.622672,30.103580,0.785430,13.230816,0.159190,134.261284,0.037749,0.035113,0.161673,198.575745,-0.500000,0.866025
2017,11,-10.000000,165.000000,-7.500000,167.500000,4164.950000,17.672961,2.735927,1.620668,22.029556,30.127759,0.787999,15.434949,0.087618,0.447197,0.016803,0.000000,0.111390,198.593613,-0.500000,0.866025
2017,11,-10.000000,-165.000000,-7.500000,-162.500000,2388.770000,3.331003,28.683800,0.811296,32.826099,,,,,,,,,,-0.500000,0.866025
2017,11,-10.000000,170.000000,-7.500000,172.500000,5174.710000,5.408419,2.925381,1.651494,9.985294,30.103054,0.784696,25.877536,0.060539,0.331209,0.008157,0.000000,0.106728,198.640350,-0.500000,0.866025
2017,11,-10.000000,-170.000000,-7.500000,-167.500000,3976.740000,10.124625,8.457933,3.132968,21.715526,,,,,,,,,,-0.500000,0.866025
2017,11,-10.000000,-175.000000,-7.500000,-172.500000,1547.130000,2.069639,6.178537,5.880566,14.128742,,,,,,,,,,-0.500000,0.866025
2017,11,15.000000,110.000000,17.500000,112.500000,13878.040000,23.533871,1.507201,0.000000,25.041072,27.301965,0.692832,39.663853,0.223073,117.670546,0.075071,0.082204,0.122849,205.006256,-0.500000,0.866025
2017,11,15.000000,115.000000,17.500000,117.500000,13878.040000,23.533871,1.507201,0.000000,25.041072,28.052974,0.637397,25.273450,0.185630,130.376127,0.069995,0.161838,0.087308,202.336288,-0.500000,0.866025
2017,11,15.000000,125.000000,17.500000,127.500000,1058.970000,3.289989,1.729983,2.792336,7.812308,28.225428,0.870311,29.971848,0.158057,1.763763,0.065653,0.101111,0.081237,201.122986,-0.500000,0.866025
2017,11,15.000000,135.000000,17.500000,137.500000,1042.060000,6.096578,0.487496,25.277815,31.861889,29.244501,1.014106,40.503913,0.227165,1.043676,0.079074,0.030000,0.085905,198.660873,-0.500000,0.866025
2017,11,15.000000,155.000000,17.500000,157.500000,1886.380000,14.696933,2.093958,6.883555,23.674445,29.050506,0.972906,63.025727,0.147911,0.519622,0.052462,0.000000,0.064518,199.393829,-0.500000,0.866025
2017,11,15.000000,-155.000000,17.500000,-152.500000,10871.960000,3.100729,6.555396,0.000000,9.656125,,,,,,,,,,-0.500000,0.866025
2017,11,15.000000,-160.000000,17.500000,-157.500000,14525.110000,4.872115,5.896961,0.000000,10.769075,,,,,,,,,,-0.500000,0.866025
2017,11,15.000000,-165.000000,17.500000,-162.500000,12900.970000,6.865608,9.500216,0.000000,16.365824,,,,,,,,,,-0.500000,0.866025
2017,11,15.000000,-175.000000,17.500000,-172.500000,1999.750000,12.901613,2.390799,3.500438,18.792849,,,,,,,,,,-0.500000,0.866025
2017,11,15.000000,-180.000000,17.500000,-177.500000,1972.750000,13.078190,2.423520,2.281080,17.782791,,,,,,,,,,-0.500000,0.866025
2017,11,-15.000000,-135.000000,-12.500000,-132.500000,8095.510000,0.926439,20.804372,5.447711,27.178522,,,,,,,,,,-0.500000,0.866025
2017,11,-15.000000,145.000000,-12.500000,147.500000,5511.870000,29.375149,1.163489,4.413928,34.952566,27.741265,0.737755,19.845287,0.210233,125.401168,0.055105,0.092420,0.094673,203.235077,-0.500000,0.866025
2017,11,-15.000000,-145.000000,-12.500000,-142.500000,3338.560000,4.042461,25.067095,3.465566,32.575122,,,,,,,,,,-0.500000,0.866025
2017,11,-15.000000,150.000000,-12.500000,152.500000,1433.770000,18.897731,4.979878,7.446104,31.323713,28.491248,0.765538,18.689615,0.186004,129.712252,0.031735,0.138058,0.092824,201.949753,-0.500000,0.866025
2017,11,-15.000000,155.000000,-12.500000,157.500000,2330.640000,10.584646,2.765764,9.720935,23.071345,29.024084,0.738322,19.789093,0.205001,0.897864,0.063418,0.030000,0.091983,200.323746,-0.500000,0.866025
2017,11,-15.000000,160.000000,-12.500000,162.500000,2806.420000,6.360773,2.159691,14.113711,22.634174,29.089826,0.762677,14.114790,0.140817,132.571079,0.036391,0.067473,0.075924,199.819717,-0.500000,0.866025
2017,11,-15.000000,-160.000000,-12.500000,-157.500000,1973.010000,3.571193,0.640139,33.653149,37.864481,,,,,,,,,,-0.500000,0.866025
2017,11,-15.000000,165.000000,-12.500000,167.500000,6748.220000,5.923488,1.578342,24.538767,32.040597,29.402012,0.786322,14.621153,0.117573,127.554955,0.031677,0.028476,0.074881,199.122452,-0.500000,0.866025
2017,11,-15.000000,-165.000000,-12.500000,-162.500000,3651.780000,2.169627,1.650702,24.411383,28.231712,,,,,,,,,,-0.500000,0.866025
2017,11,-15.000000,170.000000,-12.500000,172.500000,31741.350000,5.647365,0.496482,23.921289,30.065136,29.432227,0.791622,17.535767,0.093294,0.862880,0.026628,0.012222,0.071122,198.985046,-0.500000,0.866025
2017,11,-15.000000,-170.000000,-12.500000,-167.500000,4706.180000,4.601821,1.641884,10.294124,16.537829,,,,,,,,,,-0.500000,0.866025
2017,11,-15.000000,175.000000,-12.500000,177.500000,2256.580000,2.905281,0.859265,24.869050,28.633596,29.345649,0.750603,17.099606,0.098915,0.690864,0.018410,0.001111,0.067467,198.990311,-0.500000,0.866025
2017,11,-15.000000,-175.000000,-12.500000,-172.500000,16014.720000,3.286601,1.726537,13.856315,18.869453,,,,,,,,,,-0.500000,0.866025
2017,11,20.000000,125.000000,22.500000,127.500000,2489.090000,1.954931,9.018959,27.091427,38.065317,26.877248,0.944716,41.060290,0.264149,83.224231,0.131246,0.090050,0.073034,204.568192,-0.500000,0.866025
2017,11,20.000000,130.000000,22.500000,132.500000,4422.880000,6.607459,8.534937,34.966357,50.108753,27.787538,1.053289,47.565134,0.207489,1.780989,0.113037,0.211389,0.072279,203.399979,-0.500000,0.866025
2017,11,20.000000,135.000000,22.500000,137.500000,5542.730000,5.216924,3.563046,23.287983,32.067952,28.257055,1.082482,47.443272,0.193807,2.291387,0.078708,0.255833,0.074203,201.676849,-0.500000,0.866025
2017,11,20.000000,140.000000,22.500000,142.500000,4275.110000,13.594036,12.771601,35.960244,62.325882,28.466760,1.020441,40.816240,0.196212,55.451709,0.109791,0.131703,0.076852,200.460541,-0.500000,0.866025
2017,11,20.000000,145.000000,22.500000,147.500000,4155.960000,11.354296,2.395114,15.732586,29.481997,28.683888,0.978423,42.006823,0.212176,1.714493,0.125281,0.073056,0.077409,200.475494,-0.500000,0.866025
2017,11,20.000000,150.000000,22.500000,152.500000,1294.440000,12.393004,5.471092,31.622941,49.487037,28.394490,0.937748,45.700877,0.183539,1.025683,0.096802,0.038333,0.076978,200.977417,-0.500000,0.866025
2017,11,20.000000,-155.000000,22.500000,-152.500000,6458.250000,2.056285,6.915496,0.000000,8.971780,,,,,,,,,,-0.500000,0.866025
2017,11,20.000000,-160.000000,22.500000,-157.500000,15617.230000,1.106278,6.966792,0.000000,8.073071,,,,,,,,,,-0.500000,0.866025
2017,11,20.000000,-165.000000,22.500000,-162.500000,8014.090000,3.548999,9.989780,0.000000,13.538780,,,,,,,,,,-0.500000,0.866025
2017,11,-20.000000,-135.000000,-17.500000,-132.500000,16022.320000,0.984190,1.531801,36.439791,38.955782,,,,,,,,,,-0.500000,0.866025
2017,11,-20.000000,-150.000000,-17.500000,-147.500000,4837.980000,2.160819,2.371858,20.259282,24.791959,,,,,,,,,,-0.500000,0.866025
2017,11,-20.000000,-155.000000,-17.500000,-152.500000,2913.960000,2.593035,1.821919,20.042142,24.457096,,,,,,,,,,-0.500000,0.866025
2017,11,-20.000000,160.000000,-17.500000,162.500000,3620.360000,4.299849,0.797711,27.318830,32.416390,27.016858,0.759020,19.972962,0.165205,52.983676,0.037920,0.195610,0.090004,206.557922,-0.500000,0.866025
2017,11,-20.000000,165.000000,-17.500000,167.500000,11857.250000,2.644121,0.460140,20.395370,23.499631,27.298290,0.775904,18.405433,0.146319,126.850073,0.051503,0.253509,0.090305,206.332703,-0.500000,0.866025
2017,11,-20.000000,170.000000,-17.500000,172.500000,38505.970000,3.071861,0.436504,22.851236,26.359601,27.571627,0.775112,16.966681,0.175411,3.052418,0.074920,0.242778,0.079727,205.069824,-0.500000,0.866025
2017,11,-20.000000,-170.000000,-17.500000,-167.500000,5170.810000,9.098574,2.065054,22.007771,33.171399,,,,,,,,,,-0.500000,0.866025
2017,11,-20.000000,175.000000,-17.500000,177.500000,20600.300000,4.001981,1.165663,15.941176,21.108819,27.714003,0.771982,17.089828,0.150210,127.913529,0.040410,0.249927,0.087555,204.539108,-0.500000,0.866025
2017,11,-20.000000,-175.000000,-17.500000,-172.500000,1935.730000,7.018541,0.682946,21.799011,29.500499,,,,,,,,,,-0.500000,0.866025
2017,11,-20.000000,-180.000000,-17.500000,-177.500000,2973.730000,10.118605,2.769922,7.071590,19.960117,,,,,,,,,,-0.500000,0.866025
2017,11,25.000000,130.000000,27.500000,132.500000,4330.930000,1.378919,9.044709,24.294551,34.718178,25.623314,1.116552,62.829677,0.209418,51.247876,0.147170,0.210892,0.111214,208.433853,-0.500000,0.866025
2017,11,25.000000,135.000000,27.500000,137.500000,4588.610000,2.066857,5.961064,16.897056,24.924977,25.834817,1.074978,58.819937,0.221534,3.126371,0.108292,0.245000,0.081756,209.761169,-0.500000,0.866025
2017,11,25.000000,140.000000,27.500000,142.500000,1749.870000,6.714213,15.294850,22.650825,44.659889,26.290384,1.002197,48.116770,0.176479,52.519392,0.085526,0.422617,0.077843,207.885696,-0.500000,0.866025
2017,11,25.000000,145.000000,27.500000,147.500000,6966.840000,3.257000,4.166882,15.034076,22.457958,26.361529,0.969977,43.720353,0.140545,3.036193,0.082039,0.318333,0.071326,207.812851,-0.500000,0.866025
2017,11,25.000000,150.000000,27.500000,152.500000,4101.530000,0.695106,8.076254,19.294995,28.066356,26.117378,0.920144,44.424864,0.140290,2.623368,0.071937,0.347778,0.067986,208.456390,-0.500000,0.866025
2017,11,25.000000,155.000000,27.500000,157.500000,3271.840000,1.134530,6.507042,24.498142,32.139713,25.806926,0.837388,43.037840,0.127121,3.042148,0.061876,0.395833,0.064516,210.067780,-0.500000,0.866025
2017,11,25.000000,-155.000000,27.500000,-152.500000,2599.330000,0.842140,7.553870,0.000000,8.396010,,,,,,,,,,-0.500000,0.866025
2017,11,25.000000,-160.000000,27.500000,-157.500000,7264.130000,1.561921,6.617861,0.000000,8.179782,,,,,,,,,,-0.500000,0.866025
2017,11,25.000000,-165.000000,27.500000,-162.500000,9421.240000,2.821391,10.738502,0.000000,13.559892,,,,,,,,,,-0.500000,0.866025
2017,11,-25.000000,-150.000000,-22.500000,-147.500000,2355.740000,4.079398,3.320825,26.110267,33.510489,,,,,,,,,,-0.500000,0.866025
2017,11,-25.000000,160.000000,-22.500000,162.500000,2457.800000,3.134511,0.103751,34.797380,38.035642,24.737711,0.674694,20.149518,0.171793,118.636984,0.058913,0.283422,0.078256,214.054016,-0.500000,0.866025
2017,11,-25.000000,-160.000000,-22.500000,-157.500000,1286.780000,1.475000,1.161815,6.799142,9.435956,,,,,,,,,,-0.500000,0.866025
2017,11,-25.000000,170.000000,-22.500000,172.500000,2035.690000,2.981790,0.394952,31.521008,34.897750,24.914910,0.682281,19.654981,0.235435,4.169903,0.102297,0.318611,0.082407,213.166061,-0.500000,0.866025
2017,11,-25.000000,175.000000,-22.500000,177.500000,1748.980000,1.512882,0.475134,17.167149,19.155165,24.766577,0.635622,18.863958,0.231232,2.982109,0.105767,0.538889,0.074189,213.205170,-0.500000,0.866025
2017,11,-25.000000,-180.000000,-22.500000,-177.500000,2257.090000,6.685157,1.130659,16.486715,24.302531,,,,,,,,,,-0.500000,0.866025
2017,11,30.000000,140.000000,32.500000,142.500000,1034.910000,0.478302,5.530916,5.725136,11.734354,23.974798,1.022203,67.666490,0.219735,34.903867,0.188887,0.298889,0.197603,214.984009,-0.500000,0.866025
2017,11,30.000000,145.000000,32.500000,147.500000,7275.970000,0.386203,7.491785,10.755817,18.633804,23.716152,1.046068,61.770653,0.160641,3.688525,0.102361,0.310833,0.156861,218.255905,-0.500000,0.866025
2017,11,30.000000,150.000000,32.500000,152.500000,5907.370000,0.106139,12.029211,16.662237,28.797587,23.597326,1.017806,65.171517,0.179134,4.102198,0.118720,0.318611,0.097688,221.115433,-0.500000,0.866025
2017,11,30.000000,155.000000,32.500000,157.500000,6370.450000,0.154149,17.844736,15.174595,33.173481,22.770739,0.775367,57.795998,0.326727,3.925807,0.253718,0.381389,0.077991,221.842010,-0.500000,0.866025
2017,11,30.000000,-155.000000,32.500000,-152.500000,2032.930000,11.328969,3.296228,21.442450,36.067646,,,,,,,,,,-0.500000,0.866025
2017,11,30.000000,-160.000000,32.500000,-157.500000,4082.000000,12.506859,6.224645,25.195492,43.926997,,,,,,,,,,-0.500000,0.866025
2017,11,30.000000,-165.000000,32.500000,-162.500000,6290.270000,5.618678,3.906351,18.192224,27.717252,,,,,,,,,,-0.500000,0.866025
2017,11,30.000000,170.000000,32.500000,172.500000,2539.340000,4.355069,20.360409,14.060740,38.776217,22.418153,0.707315,46.063538,0.179655,2.847704,0.184921,0.382222,0.093095,224.296310,-0.500000,0.866025
2017,11,30.000000,-170.000000,32.500000,-167.500000,1606.670000,3.092110,4.751442,6.337954,14.181506,,,,,,,,,,-0.500000,0.866025
2017,11,30.000000,175.000000,32.500000,177.500000,3800.190000,5.741292,21.332091,26.380786,53.454169,22.231805,0.700492,49.799174,0.167516,3.539294,0.164853,0.400833,0.081964,224.181793,-0.500000,0.866025
2017,11,30.000000,-175.000000,32.500000,-172.500000,1375.000000,3.175273,14.443636,5.381091,23.000000,,,,,,,,,,-0.500000,0.866025
2017,11,30.000000,-180.000000,32.500000,-177.500000,1092.530000,9.229952,11.894410,29.644953,50.769315,,,,,,,,,,-0.500000,0.866025
2017,11,-30.000000,155.000000,-27.500000,157.500000,4047.040000,14.211868,2.734097,2.009123,18.955088,23.123805,0.664001,22.341076,0.235847,2.931889,0.107236,0.358333,0.112084,221.883804,-0.500000,0.866025
2017,11,35.000000,140.000000,37.500000,142.500000,3840.280000,0.191913,9.762830,3.366682,13.321424,19.210697,0.313572,50.260898,0.398216,96.427784,0.299107,0.791829,0.444824,219.143707,-0.500000,0.866025
2017,11,35.000000,145.000000,37.500000,147.500000,11655.000000,0.083483,11.351180,4.809266,16.243930,18.699545,0.261106,48.338185,0.361682,9.872764,0.300948,0.753889,0.414580,227.428497,-0.500000,0.866025
2017,11,35.000000,150.000000,37.500000,152.500000,4193.640000,0.019553,12.094743,3.458571,15.572867,20.196519,0.466627,60.252315,0.398301,7.025420,0.224448,0.685278,0.374100,232.214371,-0.500000,0.866025
2017,11,35.000000,-155.000000,37.500000,-152.500000,2118.130000,5.741857,2.510233,29.503855,37.755945,,,,,,,,,,-0.500000,0.866025
2017,11,35.000000,160.000000,37.500000,162.500000,1277.820000,0.000000,2.338358,0.467202,2.805559,19.275172,0.392708,55.402584,0.223737,5.277658,0.158592,0.608889,0.262685,236.985992,-0.500000,0.866025
2017,11,35.000000,-160.000000,37.500000,-157.500000,6287.690000,9.703882,2.327723,42.379952,54.411557,,,,,,,,,,-0.500000,0.866025
2017,11,35.000000,-165.000000,37.500000,-162.500000,4628.730000,6.975131,0.714883,35.552517,43.242531,,,,,,,,,,-0.500000,0.866025
2017,11,35.000000,-170.000000,37.500000,-167.500000,2322.870000,5.097143,0.096432,17.824071,23.017646,,,,,,,,,,-0.500000,0.866025
2017,11,35.000000,-180.000000,37.500000,-177.500000,2196.400000,3.948279,1.857130,12.625205,18.430614,,,,,,,,,,-0.500000,0.866025
2017,11,40.000000,150.000000,42.500000,152.500000,4618.360000,0.000000,0.000000,0.000000,0.000000,10.683566,-0.033157,39.774733,0.188022,13.028555,0.127709,0.806667,0.423487,259.021088,-0.500000,0.866025
2017,12,0.000000,120.000000,2.500000,122.500000,2074.230000,12.811983,8.714077,0.000000,21.526060,29.508844,0.699679,15.532899,0.333136,134.483572,0.022848,0.089385,0.103853,199.596130,-0.000000,1.000000
2017,12,0.000000,125.000000,2.500000,127.500000,2765.640000,12.811863,8.714077,0.000000,21.525940,29.577074,0.667250,16.924527,0.323916,136.927013,0.043897,0.118875,0.100924,199.080444,-0.000000,1.000000
2017,12,0.000000,130.000000,2.500000,132.500000,1203.850000,50.181501,34.330689,1.302488,85.814678,29.708483,0.692560,18.724154,0.304178,119.905881,0.024319,0.005279,0.100043,198.941193,-0.000000,1.000000
2017,12,0.000000,135.000000,2.500000,137.500000,4344.570000,21.063304,7.871205,0.652769,29.587278,29.773730,0.706559,19.607550,0.220836,0.308367,0.021823,0.000000,0.100711,198.528854,-0.000000,1.000000
2017,12,0.000000,140.000000,2.500000,142.500000,19065.200000,11.566152,4.821717,1.686056,18.073925,30.053056,0.720178,21.509319,0.142561,0.378094,0.010220,0.000000,0.093223,198.529694,-0.000000,1.000000
2017,12,0.000000,145.000000,2.500000,147.500000,18640.750000,13.862371,5.455360,1.703365,21.021096,30.143919,0.751626,19.047790,0.192164,0.637866,0.014415,0.000000,0.108814,199.029770,-0.000000,1.000000
2017,12,0.000000,150.000000,2.500000,152.500000,3009.080000,14.983317,14.981656,0.422056,30.387029,30.130684,0.777954,16.353768,0.194409,0.539264,0.008580,0.000000,0.105936,199.019348,-0.000000,1.000000
2017,12,0.000000,155.000000,2.500000,157.500000,5715.950000,19.149573,7.251463,1.605507,28.006543,29.998014,0.782360,19.023459,0.217693,0.344498,0.011021,0.000000,0.125997,199.471863,-0.000000,1.000000
2017,12,0.000000,160.000000,2.500000,162.500000,4758.610000,11.100721,12.470448,0.810531,24.381700,29.779482,0.780258,24.325330,0.208292,0.395867,0.009860,0.000000,0.154336,200.289597,-0.000000,1.000000
2017,12,0.000000,165.000000,2.500000,167.500000,2807.660000,7.651924,11.399528,0.008904,19.060356,29.342762,0.761936,23.335295,0.284082,93.183035,0.020313,0.002779,0.176219,199.983673,-0.000000,1.000000
2017,12,0.000000,-165.000000,2.500000,-162.500000,2794.380000,7.158654,11.674862,0.013241,18.846757,,,,,,,,,,-0.000000,1.000000
2017,12,0.000000,170.000000,2.500000,172.500000,1999.540000,13.459596,17.720576,1.599368,32.779539,28.624983,0.732063,28.433236,0.340600,127.347823,0.020543,0.019537,0.216375,201.015823,-0.000000,1.000000
2017,12,0.000000,-170.000000,2.500000,-167.500000,5686.870000,11.458500,22.338123,0.000000,33.796623,,,,,,,,,,-0.000000,1.000000
2017,12,0.000000,175.000000,2.500000,177.500000,3672.450000,8.387316,13.948454,0.030225,22.365995,28.598463,0.702536,31.557030,0.306574,0.637963,0.019271,0.000000,0.180896,202.078125,-0.000000,1.000000
2017,12,0.000000,-175.000000,2.500000,-172.500000,3521.000000,15.834138,27.689861,0.009940,43.533939,,,,,,,,,,-0.000000,1.000000
2017,12,5.000000,130.000000,7.500000,132.500000,1119.880000,10.106440,35.005536,0.000000,45.111976,29.572651,0.572486,22.192945,0.346924,132.940901,0.057621,0.007804,0.088290,198.261734,-0.000000,1.000000
2017,12,5.000000,140.000000,7.500000,142.500000,2534.990000,6.613044,53.215595,0.024458,59.853096,29.559527,0.683553,26.066496,0.149469,0.349426,0.023465,0.000000,0.080876,197.913010,-0.000000,1.000000
2017,12,5.000000,150.000000,7.500000,152.500000,4074.270000,9.840045,15.914507,0.269251,26.023803,29.593408,0.699964,35.297011,0.146852,118.942003,0.049268,0.004454,0.086936,198.120850,-0.000000,1.000000
2017,12,5.000000,155.000000,7.500000,157.500000,4204.320000,10.912347,13.861219,0.893843,25.667409,29.448135,0.673391,39.217559,0.197472,125.150718,0.041530,0.003614,0.083616,197.936142,-0.000000,1.000000
2017,12,5.000000,-155.000000,7.500000,-152.500000,2309.000000,2.544392,1.575141,0.000000,4.119532,,,,,,,,,,-0.000000,1.000000
2017,12,5.000000,160.000000,7.500000,162.500000,5166.830000,20.422580,17.838597,0.239605,38.500783,29.427521,0.707668,45.268362,0.131220,0.413529,0.044811,0.000000,0.122888,198.767883,-0.000000,1.000000
2017,12,5.000000,165.000000,7.500000,167.500000,12771.390000,12.949961,9.860399,0.131544,22.941904,29.313589,0.677927,44.080790,0.161706,131.620523,0.063373,0.041926,0.134500,199.105759,-0.000000,1.000000
2017,12,5.000000,-165.000000,7.500000,-162.500000,1082.800000,5.116365,12.153676,0.034171,17.304211,,,,,,,,,,-0.000000,1.000000
2017,12,5.000000,170.000000,7.500000,172.500000,1506.730000,16.558375,5.977182,0.187160,22.722717,28.968166,0.643291,39.609679,0.215555,130.969661,0.090111,0.027848,0.161583,199.484039,-0.000000,1.000000
2017,12,5.000000,-170.000000,7.500000,-167.500000,3761.610000,6.272048,18.717251,0.033762,25.023062,,,,,,,,,,-0.000000,1.000000
2017,12,5.000000,175.000000,7.500000,177.500000,11443.470000,10.720699,20.932200,0.019400,31.672299,28.869705,0.633274,45.157393,0.223658,0.723510,0.089528,0.003333,0.170318,199.957260,-0.000000,1.000000
2017,12,5.000000,-175.000000,7.500000,-172.500000,1051.840000,14.206533,28.901734,0.165424,43.273692,,,,,,,,,,-0.000000,1.000000
2017,12,5.000000,-180.000000,7.500000,-177.500000,2033.710000,6.680402,16.301243,0.046221,23.027865,,,,,,,,,,-0.000000,1.000000
2017,12,-5.000000,120.000000,-2.500000,122.500000,2765.640000,12.811863,8.714077,0.000000,21.525940,29.899484,0.694879,13.577122,0.144544,138.020095,0.015482,0.235341,0.111386,200.192154,-0.000000,1.000000
2017,12,-5.000000,125.000000,-2.500000,127.500000,4148.460000,12.811983,8.714077,0.000000,21.526060,29.711058,0.689111,14.612414,0.190782,134.361897,0.014035,0.137771,0.097946,199.282333,-0.000000,1.000000
2017,12,-5.000000,130.000000,-2.500000,132.500000,1382.820000,12.812224,8.714077,0.000000,21.526301,29.939288,0.708734,14.515485,0.155459,137.884778,0.012676,0.240794,0.125720,198.482452,-0.000000,1.000000
2017,12,-5.000000,155.000000,-2.500000,157.500000,2169.900000,25.262915,8.962164,3.806627,38.031707,30.122600,0.789616,16.613006,0.193369,0.341771,0.012528,0.000000,0.190768,199.208374,-0.000000,1.000000
2017,12,-5.000000,-155.000000,-2.500000,-152.500000,3517.400000,4.093080,20.474498,0.036675,24.604253,,,,,,,,,,-0.000000,1.000000
2017,12,-5.000000,160.000000,-2.500000,162.500000,3544.180000,21.582143,4.889424,3.184658,29.656225,30.168144,0.797382,20.114411,0.191234,0.324455,0.025591,0.000000,0.156148,200.324921,-0.000000,1.000000
2017,12,-5.000000,-165.000000,-2.500000,-162.500000,6489.420000,5.404335,13.623560,0.142694,19.170588,,,,,,,,,,-0.000000,1.000000
2017,12,-5.000000,170.000000,-2.500000,172.500000,2940.630000,8.685894,6.633613,5.683476,21.002982,29.283795,0.749424,22.777203,0.309966,128.456314,0.038309,0.013099,0.165401,201.447250,-0.000000,1.000000
2017,12,-5.000000,-170.000000,-2.500000,-167.500000,8105.860000,5.646902,19.374132,0.095240,25.116274,,,,,,,,,,-0.000000,1.000000
2017,12,-5.000000,-180.000000,-2.500000,-177.500000,4762.620000,7.802848,12.181110,0.016378,20.000336,,,,,,,,,,-0.000000,1.000000
2017,12,10.000000,110.000000,12.500000,112.500000,16189.400000,20.173941,1.292018,0.000000,21.465959,27.199235,0.653612,29.181122,0.222687,1.358833,0.056002,0.096944,0.090200,205.447144,-0.000000,1.000000
2017,12,10.000000,115.000000,12.500000,117.500000,16189.400000,20.173941,1.292018,0.000000,21.465959,28.496106,0.762849,29.842626,0.161098,129.979133,0.037966,0.072645,0.086157,201.716232,-0.000000,1.000000
2017,12,10.000000,130.000000,12.500000,132.500000,2278.030000,7.363819,3.014008,2.726040,13.103866,29.166931,0.841972,42.069683,0.218935,0.349814,0.057168,0.000000,0.088192,198.487640,-0.000000,1.000000
2017,12,10.000000,150.000000,12.500000,152.500000,1620.280000,3.702446,2.379218,1.776236,7.857901,28.858695,0.795229,59.016612,0.256584,0.267560,0.091769,0.000000,0.076083,199.715820,-0.000000,1.000000
2017,12,10.000000,155.000000,12.500000,157.500000,1516.280000,6.168386,2.844461,1.301870,10.314718,28.707485,0.746853,59.083074,0.255866,0.298151,0.079904,0.000000,0.073311,200.093048,-0.000000,1.000000
2017,12,10.000000,165.000000,12.500000,167.500000,1354.860000,16.712428,6.720990,3.392970,26.826388,28.305431,0.695416,65.203052,0.266010,127.791674,0.089284,0.031487,0.069010,201.184875,-0.000000,1.000000
2017,12,10.000000,170.000000,12.500000,172.500000,4543.060000,24.325455,11.602092,1.820799,37.748346,27.969181,0.671079,69.483035,0.281641,57.489899,0.103351,0.003056,0.061462,202.386490,-0.000000,1.000000
2017,12,10.000000,175.000000,12.500000,177.500000,16416.710000,21.579598,9.143732,1.305134,32.028464,27.680685,0.614677,63.607486,0.243726,0.675656,0.086804,0.000556,0.060838,203.661606,-0.000000,1.000000
2017,12,10.000000,-175.000000,12.500000,-172.500000,1554.570000,12.445242,16.196762,0.017368,28.659372,,,,,,,,,,-0.000000,1.000000
2017,12,10.000000,-180.000000,12.500000,-177.500000,6192.810000,24.303830,6.168444,0.743443,31.215716,,,,,,,,,,-0.000000,1.000000
2017,12,-10.000000,-135.000000,-7.500000,-132.500000,6781.760000,5.749540,17.918357,0.556198,24.224095,,,,,,,,,,-0.000000,1.000000
2017,12,-10.000000,-140.000000,-7.500000,-137.500000,3241.120000,6.537555,13.009392,0.571716,20.118663,,,,,,,,,,-0.000000,1.000000
2017,12,-10.000000,145.000000,-7.500000,147.500000,1049.900000,33.421278,0.181922,0.014287,33.617487,29.809946,0.730418,10.926901,0.162572,135.965248,0.023825,0.236581,0.157620,199.174973,-0.000000,1.000000
2017,12,-10.000000,-145.000000,-7.500000,-142.500000,2936.460000,5.365644,22.848259,0.812884,29.026787,,,,,,,,,,-0.000000,1.000000
2017,12,-10.000000,-150.000000,-7.500000,-147.500000,9922.360000,4.961017,23.624017,0.234622,28.819656,,,,,,,,,,-0.000000,1.000000
2017,12,-10.000000,155.000000,-7.500000,157.500000,8927.520000,25.433827,1.556871,3.065577,30.056275,30.198454,0.764042,14.822117,0.151088,136.546011,0.027660,0.103151,0.175785,198.728806,-0.000000,1.000000
2017,12,-10.000000,-155.000000,-7.500000,-152.500000,1250.020000,4.628726,11.966209,0.100798,16.695733,,,,,,,,,,-0.000000,1.000000
2017,12,-10.000000,160.000000,-7.500000,162.500000,11299.420000,22.607621,2.734034,0.788713,26.130368,30.077945,0.801935,21.328588,0.184064,134.779156,0.049013,0.033400,0.167642,197.809616,-0.000000,1.000000
2017,12,-10.000000,165.000000,-7.500000,167.500000,5965.410000,16.102833,2.014111,0.458812,18.575756,30.027903,0.819354,19.127731,0.103921,0.393902,0.021150,0.000000,0.102078,197.589630,-0.000000,1.000000
2017,12,-10.000000,-165.000000,-7.500000,-162.500000,1121.970000,5.939553,10.931665,0.344929,17.216147,,,,,,,,,,-0.000000,1.000000
2017,12,-10.000000,170.000000,-7.500000,172.500000,4218.660000,6.193910,4.715241,4.175971,15.085122,30.045305,0.818266,22.225529,0.086954,0.555370,0.009161,0.000000,0.102243,197.853302,-0.000000,1.000000
2017,12,-10.000000,-170.000000,-7.500000,-167.500000,5068.110000,3.247956,7.224587,8.266592,18.739135,,,,,,,,,,-0.000000,1.000000
2017,12,-10.000000,-175.000000,-7.500000,-172.500000,1770.780000,2.741165,2.266233,8.469149,13.476547,,,,,,,,,,-0.000000,1.000000
2017,12,-10.000000,-180.000000,-7.500000,-177.500000,1269.710000,9.171386,4.337998,0.341810,13.851194,,,,,,,,,,-0.000000,1.000000
2017,12,15.000000,110.000000,17.500000,112.500000,16189.400000,20.173941,1.292018,0.000000,21.465959,25.697102,0.680928,57.960480,0.255851,104.845969,0.078590,0.232189,0.147257,210.034180,-0.000000,1.000000
2017,12,15.000000,115.000000,17.500000,117.500000,16189.400000,20.173941,1.292018,0.000000,21.465959,26.548842,0.580382,35.949021,0.179829,126.693538,0.060980,0.308914,0.090835,206.225723,-0.000000,1.000000
2017,12,15.000000,130.000000,17.500000,132.500000,2039.940000,5.381041,7.282077,17.669637,30.332755,28.252084,0.985383,51.717304,0.198869,1.254113,0.077463,0.077222,0.094515,200.848999,-0.000000,1.000000
2017,12,15.000000,135.000000,17.500000,137.500000,1632.430000,5.610654,3.450071,16.201001,25.261726,28.698931,1.017897,48.279013,0.209634,1.120496,0.083512,0.036111,0.086906,199.793182,-0.000000,1.000000
2017,12,15.000000,-155.000000,17.500000,-152.500000,3018.730000,4.342886,6.960874,0.000000,11.303760,,,,,,,,,,-0.000000,1.000000
2017,12,15.000000,-160.000000,17.500000,-157.500000,7844.870000,6.879273,7.585849,0.000000,14.465122,,,,,,,,,,-0.000000,1.000000
2017,12,15.000000,-165.000000,17.500000,-162.500000,15765.330000,7.406632,9.360603,0.000825,16.768060,,,,,,,,,,-0.000000,1.000000
2017,12,15.000000,-170.000000,17.500000,-167.500000,1199.340000,9.105842,10.015509,0.000000,19.121350,,,,,,,,,,-0.000000,1.000000
2017,12,15.000000,-180.000000,17.500000,-177.500000,4205.000000,5.386445,3.825208,3.448276,12.659929,,,,,,,,,,-0.000000,1.000000
2017,12,-15.000000,-135.000000,-12.500000,-132.500000,10195.420000,2.690816,36.813098,3.044700,42.548615,,,,,,,,,,-0.000000,1.000000
2017,12,-15.000000,145.000000,-12.500000,147.500000,2003.180000,26.582733,0.753801,1.365828,28.702363,29.106159,0.736862,13.884074,0.149186,133.435746,0.041425,0.043111,0.105071,201.227997,-0.000000,1.000000
2017,12,-15.000000,-145.000000,-12.500000,-142.500000,5134.460000,5.497170,18.115440,8.894411,32.507021,,,,,,,,,,-0.000000,1.000000
2017,12,-15.000000,150.000000,-12.500000,152.500000,2965.450000,23.169502,2.263400,6.908901,32.341803,29.357212,0.740489,13.216488,0.128507,131.961177,0.020976,0.100226,0.097164,199.777908,-0.000000,1.000000
2017,12,-15.000000,-150.000000,-12.500000,-147.500000,2338.500000,3.858884,11.284157,4.805217,19.948257,,,,,,,,,,-0.000000,1.000000
2017,12,-15.000000,155.000000,-12.500000,157.500000,1361.850000,16.640599,2.476778,3.564269,22.681646,29.694103,0.734480,14.481457,0.152998,0.924288,0.043328,0.008611,0.089547,198.606781,-0.000000,1.000000
2017,12,-15.000000,165.000000,-12.500000,167.500000,8330.720000,8.483901,1.543324,14.282919,24.310144,29.480896,0.764952,15.861702,0.090210,129.317862,0.020261,0.031267,0.069165,197.942474,-0.000000,1.000000
2017,12,-15.000000,-165.000000,-12.500000,-162.500000,3733.850000,6.626137,2.433145,18.024291,27.083573,,,,,,,,,,-0.000000,1.000000
2017,12,-15.000000,170.000000,-12.500000,172.500000,23874.060000,5.784647,0.881794,21.859960,28.526401,29.666538,0.756738,16.918064,0.104253,1.178034,0.025425,0.035000,0.064448,198.218948,-0.000000,1.000000
2017,12,-15.000000,-170.000000,-12.500000,-167.500000,2205.120000,3.192570,0.897910,16.393666,20.484146,,,,,,,,,,-0.000000,1.000000
2017,12,-15.000000,175.000000,-12.500000,177.500000,1235.030000,4.888950,5.174773,25.605046,35.668769,29.741571,0.765689,17.818911,0.117780,0.965296,0.029761,0.013611,0.067131,198.212357,-0.000000,1.000000
2017,12,-15.000000,-175.000000,-12.500000,-172.500000,10056.680000,2.695124,1.153760,11.847250,15.696134,,,,,,,,,,-0.000000,1.000000
2017,12,20.000000,125.000000,22.500000,127.500000,1638.650000,2.682086,8.670552,17.608397,28.961035,25.598872,1.000339,61.063444,0.189739,78.812301,0.087550,0.274041,0.089951,208.314301,-0.000000,1.000000
2017,12,20.000000,130.000000,22.500000,132.500000,4174.460000,7.002582,9.335339,28.552675,44.890597,26.435517,1.111518,73.316399,0.226459,2.062094,0.102608,0.256111,0.085617,208.264633,-0.000000,1.000000
2017,12,20.000000,135.000000,22.500000,137.500000,5275.420000,6.990154,3.225336,28.153777,38.369267,26.545843,1.022431,59.272713,0.195387,3.267086,0.070638,0.357500,0.079008,206.236664,-0.000000,1.000000
2017,12,20.000000,140.000000,22.500000,142.500000,4454.290000,10.416026,9.588509,27.473290,47.477825,26.761539,0.938256,44.117607,0.217147,50.656079,0.136388,0.275910,0.075157,204.358383,-0.000000,1.000000
2017,12,20.000000,145.000000,22.500000,147.500000,6571.650000,12.541751,3.929607,20.185037,36.656395,27.759486,1.010252,46.785513,0.210272,2.533189,0.114926,0.141389,0.072292,203.621445,-0.000000,1.000000
2017,12,20.000000,150.000000,22.500000,152.500000,1588.590000,11.576304,2.813187,19.340421,33.729911,27.371516,0.931547,47.271817,0.138800,2.577679,0.064442,0.130278,0.073734,203.864761,-0.000000,1.000000
2017,12,20.000000,-155.000000,22.500000,-152.500000,11001.800000,2.543766,9.708684,0.000000,12.252450,,,,,,,,,,-0.000000,1.000000
2017,12,20.000000,-160.000000,22.500000,-157.500000,18758.820000,2.607627,8.530227,0.053628,11.191482,,,,,,,,,,-0.000000,1.000000
2017,12,20.000000,-165.000000,22.500000,-162.500000,6052.280000,5.557245,9.273860,0.000000,14.831105,,,,,,,,,,-0.000000,1.000000
2017,12,-20.000000,-135.000000,-17.500000,-132.500000,12334.090000,1.154443,2.573923,35.571899,39.300265,,,,,,,,,,-0.000000,1.000000
2017,12,-20.000000,-150.000000,-17.500000,-147.500000,2405.190000,2.179869,1.997763,9.491558,13.669190,,,,,,,,,,-0.000000,1.000000
2017,12,-20.000000,-155.000000,-17.500000,-152.500000,2174.870000,2.867298,3.384570,9.744031,15.995899,,,,,,,,,,-0.000000,1.000000
2017,12,-20.000000,160.000000,-17.500000,162.500000,2238.130000,4.607865,0.986091,25.768834,31.362789,27.922190,0.756614,14.818692,0.137510,54.892935,0.040006,0.140039,0.090391,203.602875,-0.000000,1.000000
2017,12,-20.000000,165.000000,-17.500000,167.500000,14614.430000,2.836648,0.464815,20.027192,23.328655,27.841487,0.763223,16.923830,0.151478,127.924670,0.050518,0.201375,0.091062,204.076950,-0.000000,1.000000
2017,12,-20.000000,-165.000000,-17.500000,-162.500000,3855.570000,16.482388,7.239397,9.108381,32.830165,,,,,,,,,,-0.000000,1.000000
2017,12,-20.000000,170.000000,-17.500000,172.500000,39998.620000,3.703803,0.561719,25.351325,29.616847,27.684274,0.744965,17.803736,0.159674,1.925603,0.048667,0.195833,0.081443,203.729294,-0.000000,1.000000
2017,12,-20.000000,-170.000000,-17.500000,-167.500000,2385.770000,11.615118,2.957536,9.765401,24.338054,,,,,,,,,,-0.000000,1.000000
2017,12,-20.000000,175.000000,-17.500000,177.500000,21216.070000,5.627527,1.623958,16.032847,23.284331,28.113016,0.746037,18.211395,0.132616,130.180879,0.046311,0.229075,0.091397,203.394348,-0.000000,1.000000
2017,12,-20.000000,-175.000000,-17.500000,-172.500000,2080.530000,8.787184,0.646470,17.370093,26.803747,,,,,,,,,,-0.000000,1.000000
2017,12,-20.000000,-180.000000,-17.500000,-177.500000,3437.330000,6.929797,1.639645,5.895273,14.464715,,,,,,,,,,-0.000000,1.000000
2017,12,25.000000,130.000000,27.500000,132.500000,5803.430000,1.077639,7.660470,26.096636,34.834744,23.644488,1.036402,89.629025,0.206898,47.414299,0.115503,0.377327,0.186302,215.566605,-0.000000,1.000000
2017,12,25.000000,135.000000,27.500000,137.500000,8846.950000,1.749303,6.230622,24.783117,32.763043,23.735149,1.072569,91.147602,0.195072,4.586309,0.110896,0.308333,0.188434,216.608902,-0.000000,1.000000
2017,12,25.000000,140.000000,27.500000,142.500000,3571.270000,3.721365,6.585612,47.145973,57.452951,23.897432,0.988652,73.394220,0.161379,49.249501,0.082099,0.358155,0.124641,215.281876,-0.000000,1.000000
2017,12,25.000000,145.000000,27.500000,147.500000,4543.950000,3.475830,5.865381,17.916350,27.257562,24.444323,0.960525,51.810598,0.120388,4.471562,0.092252,0.552500,0.093772,215.526367,-0.000000,1.000000
2017,12,25.000000,150.000000,27.500000,152.500000,1586.900000,2.943475,2.910076,14.395992,20.249543,24.433313,0.943344,48.771463,0.143817,3.486704,0.073595,0.442500,0.061470,214.789459,-0.000000,1.000000
2017,12,25.000000,-155.000000,27.500000,-152.500000,2631.260000,5.314564,13.907026,1.475719,20.697309,,,,,,,,,,-0.000000,1.000000
2017,12,25.000000,-160.000000,27.500000,-157.500000,16009.400000,3.807076,9.033318,0.000000,12.840394,,,,,,,,,,-0.000000,1.000000
2017,12,25.000000,-165.000000,27.500000,-162.500000,8121.330000,3.784848,11.623466,0.818216,16.226529,,,,,,,,,,-0.000000,1.000000
2017,12,-25.000000,-145.000000,-22.500000,-142.500000,1083.870000,7.064500,1.007501,21.914067,29.986068,,,,,,,,,,-0.000000,1.000000
2017,12,-25.000000,150.000000,-22.500000,152.500000,1056.060000,16.586179,1.963904,0.085222,18.635305,27.190196,0.650684,15.641436,0.249869,123.196931,0.158454,0.374263,0.114386,206.245392,-0.000000,1.000000
2017,12,-25.000000,-150.000000,-22.500000,-147.500000,1433.970000,1.410769,1.501426,16.335070,19.247265,,,,,,,,,,-0.000000,1.000000
2017,12,-25.000000,-155.000000,-22.500000,-152.500000,1635.130000,1.891593,2.675628,14.205598,18.772819,,,,,,,,,,-0.000000,1.000000
2017,12,-25.000000,160.000000,-22.500000,162.500000,3033.720000,2.764593,0.055707,56.610366,59.430666,25.766958,0.704451,13.265288,0.167029,123.207638,0.064718,0.220940,0.087288,210.135406,-0.000000,1.000000
2017,12,-25.000000,165.000000,-22.500000,167.500000,1255.260000,11.939359,0.522601,17.773210,30.235170,25.816469,0.702462,15.173765,0.195489,122.164601,0.063846,0.239861,0.091050,210.544495,-0.000000,1.000000
2017,12,-25.000000,170.000000,-22.500000,172.500000,2831.390000,2.472637,0.268773,32.583289,35.324699,25.484924,0.687815,18.977088,0.240230,1.993565,0.095888,0.243889,0.088618,210.770844,-0.000000,1.000000
2017,12,-25.000000,175.000000,-22.500000,177.500000,6827.260000,3.823056,0.676406,29.838910,34.338373,25.506782,0.653871,17.615454,0.181086,3.190892,0.087489,0.321944,0.079495,211.240707,-0.000000,1.000000
2017,12,-25.000000,-180.000000,-22.500000,-177.500000,3894.870000,7.257495,0.484997,27.991435,35.733927,,,,,,,,,,-0.000000,1.000000
2017,12,30.000000,130.000000,32.500000,132.500000,2364.750000,2.630299,7.071783,19.229940,28.932022,20.286720,0.700313,74.457464,0.482210,100.094102,0.480901,0.577649,0.557928,222.616028,-0.000000,1.000000
2017,12,30.000000,135.000000,32.500000,137.500000,2903.670000,1.784294,9.220745,21.636412,32.641450,20.817753,0.619974,82.318982,0.493484,84.550630,0.476138,0.523185,0.572039,221.423767,-0.000000,1.000000
2017,12,30.000000,140.000000,32.500000,142.500000,9985.850000,0.684969,6.809235,13.050767,20.544971,21.720348,0.984201,98.916343,0.183069,30.084214,0.171005,0.253611,0.380176,221.080032,-0.000000,1.000000
2017,12,30.000000,145.000000,32.500000,147.500000,3220.710000,0.140342,5.021564,10.193715,15.355620,21.447339,1.016484,90.133370,0.167888,2.684581,0.087828,0.203889,0.331849,224.260025,-0.000000,1.000000
2017,12,30.000000,150.000000,32.500000,152.500000,2477.780000,0.103722,10.270888,13.649315,24.023925,21.188906,0.917261,76.470063,0.236521,3.762831,0.192006,0.453889,0.216736,229.214310,-0.000000,1.000000
2017,12,30.000000,155.000000,32.500000,157.500000,4615.480000,0.294227,16.536742,20.977233,37.808202,21.487357,0.843843,74.507723,0.252170,3.484323,0.182398,0.309722,0.155122,229.053101,-0.000000,1.000000
2017,12,30.000000,-155.000000,32.500000,-152.500000,11374.700000,9.730806,5.484628,34.332070,49.547505,,,,,,,,,,-0.000000,1.000000
2017,12,30.000000,-160.000000,32.500000,-157.500000,9606.200000,7.428848,8.903312,23.208241,39.540401,,,,,,,,,,-0.000000,1.000000
2017,12,30.000000,-165.000000,32.500000,-162.500000,6415.130000,5.600666,8.041614,19.260872,32.903152,,,,,,,,,,-0.000000,1.000000
2017,12,30.000000,170.000000,32.500000,172.500000,1868.960000,3.070692,23.970550,30.699426,57.740669,20.920606,0.713333,63.536785,0.198761,2.455823,0.156891,0.443333,0.110665,230.728073,-0.000000,1.000000
2017,12,30.000000,-170.000000,32.500000,-167.500000,2947.000000,6.809637,11.248388,21.640312,39.698337,,,,,,,,,,-0.000000,1.000000
2017,12,30.000000,175.000000,32.500000,177.500000,1847.560000,4.059949,15.049579,21.740025,40.849553,20.298551,0.662302,66.650097,0.175857,4.781655,0.180098,0.432222,0.092514,230.029282,-0.000000,1.000000
2017,12,30.000000,-175.000000,32.500000,-172.500000,3943.790000,5.029426,16.413906,13.165001,34.608334,,,,,,,,,,-0.000000,1.000000
2017,12,30.000000,-180.000000,32.500000,-177.500000,1137.730000,6.776652,4.884287,26.740967,38.401906,,,,,,,,,,-0.000000,1.000000
2017,12,-30.000000,155.000000,-27.500000,157.500000,2007.530000,7.262656,2.731217,1.471460,11.465333,25.039064,0.745844,14.068694,0.213167,2.236709,0.097038,0.271944,0.084349,215.690292,-0.000000,1.000000
2017,12,35.000000,140.000000,37.500000,142.500000,11768.020000,0.465839,16.125652,10.542470,27.133961,16.506610,0.247552,80.893352,0.353523,83.695273,0.299231,0.812789,0.531707,222.403900,-0.000000,1.000000
2017,12,35.000000,145.000000,37.500000,147.500000,1110.340000,0.181926,10.469766,9.308860,19.960553,17.466497,0.330058,79.656365,0.334768,8.288524,0.259926,0.780833,0.410919,229.825699,-0.000000,1.000000
