year,month,lat,lon,lat5c,lon5c,hhooks,cpue_yft,cpue_bet,cpue_alb,cpue_total,sst,ssh,mld,current_speed,sst_gradient_max,ssh_variance,front_strength,chl,do_surface,season_sin,season_cos
2014,1,0.000000,120.000000,2.500000,122.500000,23538.290000,15.256546,3.887283,0.000000,19.143829,29.051121,0.663248,19.704852,0.338127,131.311007,0.030496,0.066108,0.107224,201.176254,0.500000,0.866025
2014,1,0.000000,125.000000,2.500000,127.500000,31242.920000,15.284807,3.888081,0.000000,19.172888,28.948189,0.628049,20.253223,0.358374,134.957672,0.052064,0.117665,0.099635,200.332321,0.500000,0.866025
2014,1,0.000000,130.000000,2.500000,132.500000,11278.110000,13.530015,7.794391,0.000000,21.324406,29.301486,0.658266,19.384809,0.261025,117.333540,0.022530,0.005279,0.118899,200.598541,0.500000,0.866025
2014,1,0.000000,135.000000,2.500000,137.500000,4032.770000,11.823387,9.280222,0.127704,21.231312,29.697364,0.695430,20.385602,0.151335,0.442984,0.013513,0.000000,0.093611,200.103882,0.500000,0.866025
2014,1,0.000000,140.000000,2.500000,142.500000,5759.420000,3.537162,23.677037,1.598251,28.812450,29.889995,0.723766,25.452820,0.116874,0.296085,0.010487,0.000000,0.100594,199.316666,0.500000,0.866025
2014,1,0.000000,145.000000,2.500000,147.500000,1859.780000,3.989182,15.488391,0.753853,20.231425,29.916465,0.748786,25.424675,0.089983,0.515678,0.009304,0.000000,0.094136,198.876892,0.500000,0.866025
2014,1,0.000000,150.000000,2.500000,152.500000,2743.020000,12.235784,29.251701,0.231861,41.719346,29.901331,0.765138,25.517841,0.165162,0.457414,0.008387,0.000000,0.075390,198.618881,0.500000,0.866025
2014,1,0.000000,155.000000,2.500000,157.500000,1817.010000,5.809544,6.985652,2.501912,15.297109,29.669481,0.771267,32.669091,0.268924,0.582696,0.018556,0.000000,0.113824,199.001328,0.500000,0.866025
2014,1,0.000000,160.000000,2.500000,162.500000,7341.080000,7.294976,7.267051,1.463000,16.025026,29.486346,0.742835,35.591027,0.245591,0.509253,0.020299,0.000000,0.180750,198.925308,0.500000,0.866025
2014,1,0.000000,-160.000000,2.500000,-157.500000,1438.920000,15.273261,18.725155,0.013204,34.011620,,,,,,,,,,0.500000,0.866025
2014,1,0.000000,165.000000,2.500000,167.500000,11308.790000,6.811781,11.823635,0.587242,19.222658,29.088722,0.718716,24.951003,0.350517,91.850740,0.020587,0.002779,0.204846,198.358673,0.500000,0.866025
2014,1,0.000000,-165.000000,2.500000,-162.500000,3057.920000,24.418559,27.264611,0.000000,51.683170,,,,,,,,,,0.500000,0.866025
2014,1,0.000000,170.000000,2.500000,172.500000,9552.780000,12.029273,11.404010,3.643861,27.077144,28.716821,0.694719,28.686974,0.387435,128.340003,0.021255,0.019537,0.220931,199.212418,0.500000,0.866025
2014,1,0.000000,175.000000,2.500000,177.500000,3063.670000,10.271341,15.910656,0.107388,26.289385,28.336778,0.676301,37.358345,0.409925,0.428586,0.025636,0.000000,0.192212,199.796936,0.500000,0.866025
2014,1,0.000000,-175.000000,2.500000,-172.500000,4253.660000,5.077980,24.923007,0.079696,30.080683,,,,,,,,,,0.500000,0.866025
2014,1,0.000000,-180.000000,2.500000,-177.500000,1743.060000,11.661102,25.638245,0.074008,37.373355,,,,,,,,,,0.500000,0.866025
2014,1,5.000000,135.000000,7.500000,137.500000,1972.420000,13.137161,18.137111,0.000000,31.274272,29.242421,0.617450,26.301099,0.263321,128.880801,0.053876,0.006954,0.082996,199.377289,0.500000,0.866025
2014,1,5.000000,165.000000,7.500000,167.500000,2212.230000,13.616577,11.653852,0.273028,25.543456,28.730448,0.647608,41.030279,0.161123,129.391790,0.055550,0.057224,0.111689,199.893875,0.500000,0.866025
2014,1,5.000000,-165.000000,7.500000,-162.500000,1087.390000,9.022522,32.884246,0.000000,41.906768,,,,,,,,,,0.500000,0.866025
2014,1,5.000000,170.000000,7.500000,172.500000,1515.480000,18.569034,19.151028,0.723203,38.443266,28.590489,0.631103,42.830648,0.150764,129.376408,0.054563,0.029536,0.144222,200.236008,0.500000,0.866025
2014,1,5.000000,175.000000,7.500000,177.500000,4703.290000,10.006400,16.430626,0.104182,26.541208,28.441465,0.613186,61.114632,0.113157,0.663620,0.044557,0.000000,0.176278,200.439407,0.500000,0.866025
2014,1,-5.000000,120.000000,-2.500000,122.500000,30818.500000,15.371189,3.890520,0.000000,19.261710,29.471461,0.676677,18.382255,0.178947,133.963664,0.018919,0.211647,0.108079,200.064819,0.500000,0.866025
2014,1,-5.000000,125.000000,-2.500000,127.500000,46227.750000,15.371179,3.890520,0.000000,19.261699,29.346257,0.676423,25.144088,0.259723,132.936661,0.010800,0.138390,0.092536,199.553864,0.500000,0.866025
2014,1,-5.000000,130.000000,-2.500000,132.500000,15409.250000,15.371157,3.890520,0.000000,19.261677,29.481832,0.701342,29.725371,0.201529,133.186394,0.023312,0.208523,0.129040,198.738480,0.500000,0.866025
2014,1,-5.000000,145.000000,-2.500000,147.500000,3547.150000,6.305062,0.016069,0.000000,6.321131,29.297066,0.729206,26.380324,0.320769,126.551271,0.026317,0.039920,0.303376,200.459747,0.500000,0.866025
2014,1,-5.000000,150.000000,-2.500000,152.500000,1143.600000,5.683806,0.062085,0.000000,5.745890,29.975576,0.751003,22.675978,0.221093,135.293748,0.013800,0.084090,0.210383,199.551147,0.500000,0.866025
2014,1,-5.000000,-155.000000,-2.500000,-152.500000,2815.970000,2.348036,13.487360,0.408385,16.243781,,,,,,,,,,0.500000,0.866025
2014,1,-5.000000,160.000000,-2.500000,162.500000,3554.790000,11.474096,4.761744,1.865933,18.101773,29.974259,0.778808,26.135671,0.295290,0.377704,0.041802,0.000000,0.149782,199.125198,0.500000,0.866025
2014,1,-5.000000,-160.000000,-2.500000,-157.500000,5553.850000,3.113516,16.119989,0.045194,19.278699,,,,,,,,,,0.500000,0.866025
2014,1,-5.000000,165.000000,-2.500000,167.500000,1221.850000,9.716414,2.993821,9.770430,22.480665,29.828280,0.754947,18.090356,0.416126,0.399897,0.047441,0.000000,0.149581,200.473999,0.500000,0.866025
2014,1,-5.000000,-165.000000,-2.500000,-162.500000,3088.650000,4.725365,17.389798,0.034319,22.149483,,,,,,,,,,0.500000,0.866025
2014,1,-5.000000,170.000000,-2.500000,172.500000,1643.070000,10.448733,7.982618,1.953660,20.385011,29.456418,0.729348,17.864046,0.469375,129.268284,0.050144,0.010870,0.157166,201.306992,0.500000,0.866025
2014,1,-5.000000,-170.000000,-2.500000,-167.500000,3770.680000,8.149724,24.171767,0.484263,32.805754,,,,,,,,,,0.500000,0.866025
2014,1,-5.000000,175.000000,-2.500000,177.500000,2120.520000,4.863430,17.041103,0.079697,21.984230,28.946864,0.710018,26.643771,0.491389,91.570985,0.054080,0.001668,0.162154,201.723129,0.500000,0.866025
2014,1,-5.000000,-175.000000,-2.500000,-172.500000,5878.450000,21.612840,14.810537,0.132008,36.555384,,,,,,,,,,0.500000,0.866025
2014,1,-5.000000,-180.000000,-2.500000,-177.500000,4228.520000,7.392421,15.187820,0.148279,22.728520,,,,,,,,,,0.500000,0.866025
2014,1,10.000000,110.000000,12.500000,112.500000,15917.220000,15.186634,3.075788,0.000000,18.262423,25.893771,0.631379,33.940569,0.203396,1.970765,0.026512,0.116389,0.100696,210.349731,0.500000,0.866025
2014,1,10.000000,115.000000,12.500000,117.500000,17487.930000,14.616310,2.953580,0.000000,17.569890,27.391940,0.689421,30.447064,0.136254,123.929196,0.034561,0.076050,0.103313,205.696991,0.500000,0.866025
2014,1,10.000000,130.000000,12.500000,132.500000,1103.740000,1.731386,0.726620,0.177578,2.635584,28.390474,0.794564,59.381859,0.277962,0.383254,0.087673,0.000000,0.074399,200.661499,0.500000,0.866025
2014,1,10.000000,155.000000,12.500000,157.500000,2342.780000,2.525632,4.338436,0.240740,7.104807,28.015758,0.738049,47.873710,0.169405,0.623544,0.031395,0.000000,0.083126,201.657089,0.500000,0.866025
2014,1,10.000000,-165.000000,12.500000,-162.500000,1716.920000,2.107262,17.360739,0.316846,19.784847,,,,,,,,,,0.500000,0.866025
2014,1,10.000000,-170.000000,12.500000,-167.500000,2186.620000,5.556064,25.801008,3.041681,34.398752,,,,,,,,,,0.500000,0.866025
2014,1,10.000000,-175.000000,12.500000,-172.500000,3728.780000,4.587291,31.352882,2.975236,38.915409,,,,,,,,,,0.500000,0.866025
2014,1,10.000000,-180.000000,12.500000,-177.500000,1681.730000,2.332122,18.416155,0.968051,21.716328,,,,,,,,,,0.500000,0.866025
2014,1,-10.000000,-135.000000,-7.500000,-132.500000,4911.950000,2.955242,23.286882,0.025652,26.267776,,,,,,,,,,0.500000,0.866025
2014,1,-10.000000,-140.000000,-7.500000,-137.500000,6032.750000,2.758112,16.085533,0.033981,18.877626,,,,,,,,,,0.500000,0.866025
2014,1,-10.000000,-145.000000,-7.500000,-142.500000,2815.890000,6.820579,15.616377,0.138145,22.575101,,,,,,,,,,0.500000,0.866025
2014,1,-10.000000,-150.000000,-7.500000,-147.500000,12429.680000,6.393487,22.703320,0.210223,29.307030,,,,,,,,,,0.500000,0.866025
2014,1,-10.000000,155.000000,-7.500000,157.500000,20732.890000,15.309202,3.667072,3.880501,22.856775,30.028086,0.742633,17.954936,0.244843,135.123757,0.034822,0.102259,0.156412,199.252548,0.500000,0.866025
2014,1,-10.000000,-155.000000,-7.500000,-152.500000,10140.750000,6.756206,18.554841,0.159751,25.470799,,,,,,,,,,0.500000,0.866025
2014,1,-10.000000,160.000000,-7.500000,162.500000,11625.690000,9.202809,5.698586,0.059437,14.960832,30.085221,0.763774,20.185821,0.246861,135.547615,0.048171,0.031973,0.126493,198.575562,0.500000,0.866025
2014,1,-10.000000,-160.000000,-7.500000,-157.500000,2036.480000,6.764122,13.905857,0.254852,20.924831,,,,,,,,,,0.500000,0.866025
2014,1,-10.000000,165.000000,-7.500000,167.500000,4810.610000,12.720216,5.085842,6.321236,24.127294,29.992726,0.766999,18.294533,0.239790,0.324474,0.073166,0.000000,0.089654,197.449890,0.500000,0.866025
2014,1,-10.000000,-165.000000,-7.500000,-162.500000,4182.040000,9.696225,13.461612,1.076747,24.234584,,,,,,,,,,0.500000,0.866025
2014,1,-10.000000,170.000000,-7.500000,172.500000,8165.090000,15.092791,5.996627,3.367630,24.457048,29.983395,0.791502,18.070985,0.235313,0.584639,0.068000,0.000000,0.082592,197.104797,0.500000,0.866025
2014,1,-10.000000,-170.000000,-7.500000,-167.500000,6408.570000,7.174924,14.177266,1.341329,22.693518,,,,,,,,,,0.500000,0.866025
2014,1,-10.000000,175.000000,-7.500000,177.500000,1212.760000,15.130776,5.705993,0.441967,21.278736,29.836189,0.786735,19.964150,0.241273,0.570736,0.064295,0.000000,0.091961,197.376205,0.500000,0.866025
2014,1,-10.000000,-175.000000,-7.500000,-172.500000,5144.250000,30.407931,8.131992,2.304320,40.844244,,,,,,,,,,0.500000,0.866025
2014,1,-10.000000,-180.000000,-7.500000,-177.500000,5502.570000,11.472821,12.390392,1.220884,25.084097,,,,,,,,,,0.500000,0.866025
2014,1,15.000000,110.000000,17.500000,112.500000,15917.220000,15.186634,3.075788,0.000000,18.262423,23.812580,0.644941,56.640622,0.141367,96.284562,0.029855,0.214883,0.216850,216.620972,0.500000,0.866025
2014,1,15.000000,115.000000,17.500000,117.500000,19648.940000,15.074808,2.623857,0.020815,17.719480,24.614861,0.554934,39.014558,0.190592,117.292391,0.075885,0.477994,0.130730,211.969391,0.500000,0.866025
2014,1,15.000000,125.000000,17.500000,127.500000,1252.530000,5.048981,3.323673,5.425020,13.797674,25.781526,0.840896,62.940105,0.222125,3.092590,0.073427,0.449722,0.090844,207.514297,0.500000,0.866025
2014,1,15.000000,150.000000,17.500000,152.500000,1449.620000,4.599136,4.334239,29.660187,38.593562,27.633506,0.947618,64.221332,0.148206,1.607958,0.051922,0.092500,0.065262,202.701111,0.500000,0.866025
2014,1,15.000000,-160.000000,17.500000,-157.500000,4761.610000,5.781028,9.876491,0.067624,15.725143,,,,,,,,,,0.500000,0.866025
2014,1,15.000000,-165.000000,17.500000,-162.500000,9343.890000,4.663154,12.910897,0.714585,18.288636,,,,,,,,,,0.500000,0.866025
2014,1,15.000000,-170.000000,17.500000,-167.500000,2402.260000,2.006444,20.356248,1.668013,24.030704,,,,,,,,,,0.500000,0.866025
2014,1,15.000000,175.000000,17.500000,177.500000,7946.090000,0.853376,1.961845,10.282667,13.097888,26.493215,0.799526,60.630787,0.116210,1.521069,0.040556,0.070000,0.053579,205.749924,0.500000,0.866025
2014,1,15.000000,-180.000000,17.500000,-177.500000,1394.520000,3.052663,4.125434,17.591716,24.769813,,,,,,,,,,0.500000,0.866025
2014,1,-15.000000,-135.000000,-12.500000,-132.500000,7752.260000,0.931986,21.581964,6.852324,29.366275,,,,,,,,,,0.500000,0.866025
2014,1,-15.000000,145.000000,-12.500000,147.500000,2186.480000,32.141158,5.136567,8.401174,45.678899,29.116172,0.721674,13.501539,0.178999,132.854425,0.047368,0.041138,0.101309,199.793594,0.500000,0.866025
2014,1,-15.000000,-145.000000,-12.500000,-142.500000,2689.350000,6.008887,14.094484,1.574358,21.677729,,,,,,,,,,0.500000,0.866025
2014,1,-15.000000,-150.000000,-12.500000,-147.500000,2027.700000,6.483701,12.922523,2.534399,21.940622,,,,,,,,,,0.500000,0.866025
2014,1,-15.000000,155.000000,-12.500000,157.500000,38764.700000,6.655927,1.459679,25.328766,33.444371,29.437445,0.605675,14.205392,0.231905,0.588430,0.061152,0.000000,0.094448,198.645065,0.500000,0.866025
2014,1,-15.000000,160.000000,-12.500000,162.500000,7350.750000,4.838826,1.305989,13.032140,19.176955,29.601995,0.670666,15.458050,0.156521,134.571490,0.041861,0.019961,0.083361,197.890961,0.500000,0.866025
2014,1,-15.000000,165.000000,-12.500000,167.500000,1282.700000,2.578155,1.114056,18.914789,22.607001,29.873247,0.696998,17.869815,0.089328,131.559606,0.044354,0.015355,0.076083,197.087494,0.500000,0.866025
2014,1,-15.000000,-165.000000,-12.500000,-162.500000,2194.420000,3.680244,2.110353,10.050492,15.841088,,,,,,,,,,0.500000,0.866025
2014,1,-15.000000,170.000000,-12.500000,172.500000,5360.260000,3.264954,2.053818,6.971863,12.290635,30.085939,0.704399,17.800684,0.098174,0.421110,0.050084,0.000000,0.074443,197.341568,0.500000,0.866025
2014,1,-15.000000,-170.000000,-12.500000,-167.500000,2747.120000,5.206544,1.942034,13.568756,20.717333,,,,,,,,,,0.500000,0.866025
2014,1,-15.000000,-175.000000,-12.500000,-172.500000,3429.850000,7.846407,1.030074,7.879645,16.756126,,,,,,,,,,0.500000,0.866025
2014,1,20.000000,120.000000,22.500000,122.500000,2882.200000,4.564916,1.517938,2.004025,8.086878,23.997378,0.822815,74.524284,0.275028,108.245297,0.148563,0.492453,0.293328,214.486786,0.500000,0.866025
2014,1,20.000000,125.000000,22.500000,127.500000,3678.080000,0.432563,3.744073,15.909931,20.086567,23.248323,0.856696,70.928353,0.187455,72.885194,0.076877,0.377710,0.184886,217.629059,0.500000,0.866025
2014,1,20.000000,130.000000,22.500000,132.500000,4364.890000,0.735872,4.075475,16.408432,21.219779,24.138938,0.934698,68.770624,0.182684,5.640925,0.067227,0.428611,0.106628,213.599411,0.500000,0.866025
2014,1,20.000000,135.000000,22.500000,137.500000,5764.100000,4.076959,5.779740,17.551569,27.408268,24.884537,1.023867,77.928339,0.194770,4.524166,0.077864,0.379722,0.087343,214.322037,0.500000,0.866025
2014,1,20.000000,145.000000,22.500000,147.500000,2230.280000,1.734760,4.217856,4.907456,10.860071,25.167270,0.919838,72.377616,0.137198,2.380515,0.053196,0.305556,0.076269,210.253723,0.500000,0.866025
2014,1,20.000000,150.000000,22.500000,152.500000,2982.770000,5.777180,6.317618,15.032671,27.127469,25.421567,0.937693,68.597050,0.161532,3.741387,0.073509,0.319167,0.079833,209.718735,0.500000,0.866025
2014,1,20.000000,-155.000000,22.500000,-152.500000,2291.250000,0.941408,10.945117,0.035352,11.921877,,,,,,,,,,0.500000,0.866025
2014,1,20.000000,160.000000,22.500000,162.500000,1173.600000,2.758180,8.303511,30.093729,41.155419,25.656148,0.885917,67.792549,0.129681,3.876337,0.049188,0.276944,0.065718,209.460449,0.500000,0.866025
2014,1,20.000000,-160.000000,22.500000,-157.500000,3177.260000,0.964038,8.884699,0.193563,10.042301,,,,,,,,,,0.500000,0.866025
2014,1,20.000000,-165.000000,22.500000,-162.500000,2259.380000,2.758279,11.899282,0.628934,15.286495,,,,,,,,,,0.500000,0.866025
2014,1,20.000000,170.000000,22.500000,172.500000,2537.300000,1.172506,10.932093,11.547314,23.651913,25.038966,0.786813,67.506904,0.124937,2.429795,0.066739,0.346667,0.061238,209.599167,0.500000,0.866025
2014,1,20.000000,175.000000,22.500000,177.500000,1479.520000,3.768790,8.921137,15.229939,27.919866,25.022679,0.729195,67.247708,0.161950,2.826393,0.072663,0.231111,0.058982,210.648560,0.500000,0.866025
2014,1,-20.000000,-135.000000,-17.500000,-132.500000,15365.520000,1.138198,1.323743,28.989712,31.451653,,,,,,,,,,0.500000,0.866025
2014,1,-20.000000,-140.000000,-17.500000,-137.500000,1011.880000,3.396648,2.019014,23.107483,28.523145,,,,,,,,,,0.500000,0.866025
2014,1,-20.000000,-145.000000,-17.500000,-142.500000,2293.390000,5.679365,3.836242,18.074989,27.590597,,,,,,,,,,0.500000,0.866025
2014,1,-20.000000,-150.000000,-17.500000,-147.500000,4448.930000,2.074431,0.901790,14.624640,17.600861,,,,,,,,,,0.500000,0.866025
2014,1,-20.000000,155.000000,-17.500000,157.500000,2880.640000,2.395301,0.649161,26.744404,29.788866,27.987986,0.777158,19.292743,0.180972,1.608404,0.059766,0.124444,0.091903,202.597397,0.500000,0.866025
2014,1,-20.000000,-155.000000,-17.500000,-152.500000,2926.470000,1.480965,0.709045,12.695842,14.885852,,,,,,,,,,0.500000,0.866025
2014,1,-20.000000,160.000000,-17.500000,162.500000,1296.570000,3.941939,0.791319,48.458625,53.191883,28.228634,0.750366,17.417556,0.141607,55.798870,0.031052,0.026674,0.093775,201.976410,0.500000,0.866025
2014,1,-20.000000,165.000000,-17.500000,167.500000,8548.530000,2.142006,0.257003,12.415585,14.814594,28.588116,0.756745,15.378366,0.151200,131.879279,0.041361,0.132913,0.097422,201.387680,0.500000,0.866025
2014,1,-20.000000,170.000000,-17.500000,172.500000,12919.400000,2.215118,0.497237,16.832361,19.544716,29.057088,0.778001,14.291692,0.139560,2.653709,0.049580,0.127778,0.095649,200.637482,0.500000,0.866025
2014,1,-20.000000,175.000000,-17.500000,177.500000,15208.300000,1.828015,2.093528,14.870038,18.791581,29.486477,0.791157,13.762325,0.081423,136.215946,0.018774,0.107783,0.105143,199.866379,0.500000,0.866025
2014,1,25.000000,130.000000,27.500000,132.500000,16472.980000,2.278944,4.404546,27.115495,33.798985,21.070607,0.972931,103.821490,0.209163,43.127977,0.150263,0.300639,0.344587,221.469986,0.500000,0.866025
2014,1,25.000000,135.000000,27.500000,137.500000,8961.520000,0.779778,2.430057,22.622613,25.832448,20.776571,0.890438,99.858136,0.186224,4.659186,0.110609,0.335278,0.349949,222.805511,0.500000,0.866025
2014,1,25.000000,140.000000,27.500000,142.500000,6160.370000,1.357224,2.756653,38.107776,42.221652,21.501269,0.889442,87.462542,0.110972,45.213269,0.054890,0.544040,0.288277,224.392212,0.500000,0.866025
2014,1,25.000000,145.000000,27.500000,147.500000,9784.410000,0.909610,2.299577,21.654039,24.863226,21.277274,0.921304,86.323728,0.149904,4.459184,0.096965,0.527500,0.157315,227.053070,0.500000,0.866025
2014,1,25.000000,150.000000,27.500000,152.500000,3172.150000,0.379238,1.670791,18.935107,20.985136,21.990391,0.879338,81.355483,0.129314,6.840012,0.070686,0.508056,0.064523,225.554123,0.500000,0.866025
2014,1,25.000000,-155.000000,27.500000,-152.500000,2096.690000,1.604911,11.418474,2.694724,15.718108,,,,,,,,,,0.500000,0.866025
2014,1,25.000000,160.000000,27.500000,162.500000,1379.550000,0.018122,3.387336,37.323765,40.729223,21.350997,0.788448,84.460191,0.121088,4.596983,0.047728,0.567778,0.053907,225.673630,0.500000,0.866025
2014,1,25.000000,-160.000000,27.500000,-157.500000,5111.630000,1.943803,11.571847,2.184822,15.700471,,,,,,,,,,0.500000,0.866025
2014,1,25.000000,165.000000,27.500000,167.500000,2659.360000,0.242916,4.616524,46.643929,51.503369,21.190101,0.742801,78.943589,0.134308,5.143988,0.054425,0.474722,0.057095,224.735794,0.500000,0.866025
2014,1,25.000000,-165.000000,27.500000,-162.500000,9615.390000,3.507814,10.331146,5.346533,19.185493,,,,,,,,,,0.500000,0.866025
2014,1,25.000000,170.000000,27.500000,172.500000,4051.780000,0.236439,8.127045,23.673052,32.036537,21.571917,0.736820,85.042586,0.139920,5.129511,0.082077,0.416389,0.049041,224.375702,0.500000,0.866025
2014,1,25.000000,175.000000,27.500000,177.500000,2350.550000,0.896386,5.599541,20.517751,27.013678,21.340064,0.673792,81.874001,0.093461,3.646909,0.040467,0.537222,0.047273,225.303131,0.500000,0.866025
2014,1,-25.000000,150.000000,-22.500000,152.500000,1367.070000,31.142516,4.693981,2.592406,38.428903,27.362853,0.645641,22.980219,0.230531,124.111669,0.100231,0.224951,0.132158,203.727875,0.500000,0.866025
2014,1,-25.000000,-150.000000,-22.500000,-147.500000,1391.090000,0.772775,1.298263,27.343306,29.414344,,,,,,,,,,0.500000,0.866025
2014,1,-25.000000,160.000000,-22.500000,162.500000,1660.750000,2.554870,0.362487,70.399518,73.316875,26.273294,0.686831,20.869662,0.195073,124.082171,0.095051,0.190825,0.089320,207.691513,0.500000,0.866025
2014,1,-25.000000,165.000000,-22.500000,167.500000,2909.270000,6.225273,0.642429,18.263344,25.131047,26.415894,0.729643,20.701045,0.171752,123.741453,0.096324,0.227404,0.091410,207.688950,0.500000,0.866025
2014,1,-25.000000,170.000000,-22.500000,172.500000,1957.110000,0.626945,0.045986,20.529250,21.202181,26.619103,0.690682,15.831138,0.212913,2.584674,0.084413,0.192500,0.090823,206.578705,0.500000,0.866025
2014,1,-25.000000,175.000000,-22.500000,177.500000,1580.430000,2.760641,0.247401,10.225698,13.233740,27.329766,0.730303,14.641637,0.171457,1.758874,0.067747,0.240556,0.096181,205.610626,0.500000,0.866025
2014,1,30.000000,130.000000,32.500000,132.500000,12445.220000,4.442830,3.651603,19.331036,27.425469,18.268935,0.601295,84.551564,0.374772,88.485935,0.394411,0.693256,0.579137,230.206345,0.500000,0.866025
2014,1,30.000000,135.000000,32.500000,137.500000,8154.180000,8.305679,3.970969,15.700291,27.976939,18.430010,0.721838,119.410889,0.365263,79.862127,0.446708,0.492984,0.520641,223.731659,0.500000,0.866025
2014,1,30.000000,140.000000,32.500000,142.500000,12447.770000,0.612801,1.660699,4.127486,6.400986,18.931525,0.899484,137.591816,0.215155,25.909938,0.229013,0.298333,0.450478,227.423828,0.500000,0.866025
2014,1,30.000000,145.000000,32.500000,147.500000,2027.800000,0.031561,0.128711,0.424598,0.584870,18.822586,0.959641,135.920674,0.239805,8.673948,0.174654,0.378889,0.353661,234.115372,0.500000,0.866025
2014,1,30.000000,150.000000,32.500000,152.500000,1688.890000,0.389605,1.124999,4.949997,6.464601,18.747089,0.911763,128.213054,0.215822,5.039400,0.112705,0.288611,0.352742,238.017349,0.500000,0.866025
2014,1,30.000000,-155.000000,32.500000,-152.500000,11391.970000,1.115698,3.387913,40.788555,45.292166,,,,,,,,,,0.500000,0.866025
2014,1,30.000000,-160.000000,32.500000,-157.500000,1441.200000,2.560366,1.319040,20.199833,24.079240,,,,,,,,,,0.500000,0.866025
2014,1,30.000000,-165.000000,32.500000,-162.500000,1150.910000,4.043757,0.910584,45.360628,50.314968,,,,,,,,,,0.500000,0.866025
2014,1,30.000000,170.000000,32.500000,172.500000,2290.800000,0.347040,8.488301,35.884844,44.720185,17.878524,0.636292,110.014527,0.205097,2.668449,0.122314,0.259722,0.188598,244.282501,0.500000,0.866025
2014,1,30.000000,175.000000,32.500000,177.500000,2327.700000,1.769988,6.118486,53.015423,60.903897,17.494133,0.555098,103.459532,0.197622,4.154801,0.117531,0.368333,0.199384,245.629410,0.500000,0.866025
2014,1,30.000000,-175.000000,32.500000,-172.500000,1164.000000,1.943299,21.151203,17.974227,41.068729,,,,,,,,,,0.500000,0.866025
2014,1,-30.000000,155.000000,-27.500000,157.500000,1532.250000,9.606135,5.328765,3.560777,18.495676,25.053518,0.682031,23.188134,0.226297,4.130880,0.167950,0.266667,0.079097,213.925278,0.500000,0.866025
2014,1,35.000000,140.000000,37.500000,142.500000,2160.040000,0.238884,9.492417,3.642525,13.373826,13.857913,0.257427,100.457235,0.396322,72.319721,0.398714,0.748135,0.529076,228.366455,0.500000,0.866025
2014,1,-40.000000,175.000000,-37.500000,177.500000,1409.770000,0.119168,11.565716,5.131333,16.816218,,,,,,,,,,0.500000,0.866025
2014,2,0.000000,120.000000,2.500000,122.500000,20968.900000,17.125982,4.363605,0.000000,21.489587,28.813434,0.629402,13.279388,0.189749,131.807958,0.016192,0.064556,0.110928,202.112030,0.866025,0.500000
2014,2,0.000000,125.000000,2.500000,127.500000,27832.510000,17.157705,4.364500,0.000000,21.522206,28.538106,0.598099,17.684489,0.319708,133.447953,0.055096,0.117362,0.107423,201.271698,0.866025,0.500000
2014,2,0.000000,130.000000,2.500000,132.500000,6863.600000,17.254648,4.367242,0.000000,21.621889,28.756355,0.613185,15.796742,0.342266,115.985136,0.032097,0.005835,0.112429,201.480896,0.866025,0.500000
2014,2,0.000000,135.000000,2.500000,137.500000,3323.830000,13.710689,12.946811,0.000000,26.657501,29.309293,0.657510,15.425920,0.194569,0.519018,0.020051,0.000000,0.119703,200.303375,0.866025,0.500000
2014,2,0.000000,140.000000,2.500000,142.500000,1173.940000,12.856705,10.909416,0.258105,24.024226,29.539701,0.699731,18.825428,0.191506,0.221702,0.012690,0.000000,0.121665,199.580872,0.866025,0.500000
2014,2,0.000000,145.000000,2.500000,147.500000,3182.820000,11.591293,12.211812,0.012882,23.815987,29.676488,0.733123,25.835022,0.177052,0.338288,0.013734,0.000000,0.146215,199.781586,0.866025,0.500000
2014,2,0.000000,150.000000,2.500000,152.500000,1893.130000,26.517461,24.111392,0.165335,50.794187,29.821359,0.761433,24.958589,0.101522,0.373746,0.006580,0.000000,0.119259,199.999664,0.866025,0.500000
2014,2,0.000000,155.000000,2.500000,157.500000,6543.650000,17.936167,16.913955,0.242372,35.092494,29.735112,0.767018,23.303511,0.132927,0.641351,0.005567,0.000000,0.097803,198.864456,0.866025,0.500000
2014,2,0.000000,-155.000000,2.500000,-152.500000,3892.040000,5.167727,21.505689,0.022867,26.696283,,,,,,,,,,0.866025,0.500000
2014,2,0.000000,160.000000,2.500000,162.500000,4357.580000,16.772153,17.041798,0.518178,34.332129,29.675056,0.756321,24.203383,0.200699,0.657649,0.009463,0.000000,0.133909,199.434433,0.866025,0.500000
2014,2,0.000000,-160.000000,2.500000,-157.500000,3112.050000,21.254157,21.387831,0.835462,43.477451,,,,,,,,,,0.866025,0.500000
2014,2,0.000000,-165.000000,2.500000,-162.500000,2804.450000,12.630641,26.475066,0.000000,39.105707,,,,,,,,,,0.866025,0.500000
2014,2,0.000000,170.000000,2.500000,172.500000,5809.310000,5.951137,14.446638,2.608399,23.006175,29.214171,0.727051,19.252470,0.177990,130.405586,0.012142,0.019537,0.230401,201.019562,0.866025,0.500000
2014,2,0.000000,-170.000000,2.500000,-167.500000,2712.000000,1.705383,25.635324,0.000000,27.340708,,,,,,,,,,0.866025,0.500000
2014,2,0.000000,175.000000,2.500000,177.500000,6166.520000,6.385773,17.416144,0.078164,23.880081,28.660650,0.713164,23.534519,0.290038,0.323240,0.013374,0.000000,0.192692,201.352966,0.866025,0.500000
2014,2,0.000000,-175.000000,2.500000,-172.500000,2169.860000,4.538081,20.563539,0.013826,25.115445,,,,,,,,,,0.866025,0.500000
2014,2,5.000000,130.000000,7.500000,132.500000,1699.810000,9.176908,11.901330,0.000000,21.078238,28.410941,0.444948,21.632376,0.359633,126.577595,0.050208,0.007804,0.083777,201.053589,0.866025,0.500000
2014,2,5.000000,135.000000,7.500000,137.500000,3860.120000,2.724786,48.692787,0.006995,51.424567,28.768014,0.592830,22.790027,0.275542,128.462856,0.059111,0.006954,0.081155,199.692047,0.866025,0.500000
2014,2,5.000000,160.000000,7.500000,162.500000,2138.920000,18.044153,13.950498,1.024349,33.019000,28.862051,0.668536,42.836163,0.128873,0.687620,0.031370,0.000000,0.091297,200.033920,0.866025,0.500000
2014,2,5.000000,165.000000,7.500000,167.500000,10089.570000,5.860210,16.691990,0.282767,22.834967,28.807752,0.658623,36.717746,0.163007,130.298481,0.031343,0.041643,0.117460,200.322708,0.866025,0.500000
2014,2,5.000000,-170.000000,7.500000,-167.500000,1508.030000,0.597468,15.828598,0.012599,16.438665,,,,,,,,,,0.866025,0.500000
2014,2,5.000000,175.000000,7.500000,177.500000,4820.110000,8.298358,15.495912,0.545008,24.339279,28.289509,0.581102,35.962632,0.213475,0.873622,0.051288,0.003611,0.165503,200.916687,0.866025,0.500000
2014,2,5.000000,-180.000000,7.500000,-177.500000,2372.680000,8.340358,20.306152,0.745570,29.392080,,,,,,,,,,0.866025,0.500000
2014,2,-5.000000,120.000000,-2.500000,122.500000,27454.420000,17.254672,4.367238,0.000000,21.621910,29.423286,0.680893,14.409395,0.112647,134.285457,0.018782,0.233333,0.121078,200.584412,0.866025,0.500000
2014,2,-5.000000,125.000000,-2.500000,127.500000,41181.630000,17.254659,4.367238,0.000000,21.621898,29.095230,0.671479,21.147249,0.177779,132.730937,0.010749,0.144272,0.101340,199.969971,0.866025,0.500000
2014,2,-5.000000,130.000000,-2.500000,132.500000,13727.210000,17.254635,4.367238,0.000000,21.621874,29.244137,0.681415,21.962974,0.158764,132.672622,0.029714,0.204386,0.144895,198.885941,0.866025,0.500000
2014,2,-5.000000,145.000000,-2.500000,147.500000,1448.050000,3.988813,0.107731,0.000000,4.096544,29.121641,0.706181,24.305988,0.272283,127.293538,0.024044,0.026233,0.348451,201.213318,0.866025,0.500000
2014,2,-5.000000,-155.000000,-2.500000,-152.500000,3421.160000,3.883770,19.323270,0.000000,23.207041,,,,,,,,,,0.866025,0.500000
2014,2,-5.000000,160.000000,-2.500000,162.500000,2127.010000,2.791712,2.906427,6.146657,11.844796,29.908601,0.794525,21.822261,0.194379,0.339516,0.037491,0.000000,0.153632,198.858810,0.866025,0.500000
2014,2,-5.000000,-160.000000,-2.500000,-157.500000,1365.380000,3.391730,27.810573,0.000000,31.202303,,,,,,,,,,0.866025,0.500000
2014,2,-5.000000,-165.000000,-2.500000,-162.500000,5248.340000,4.821334,26.750554,0.099651,31.671538,,,,,,,,,,0.866025,0.500000
2014,2,-5.000000,170.000000,-2.500000,172.500000,1951.820000,6.625099,14.121692,1.576990,22.323780,29.795029,0.769141,16.521759,0.288733,130.058166,0.039004,0.016444,0.158164,201.801849,0.866025,0.500000
2014,2,-5.000000,-170.000000,-2.500000,-167.500000,2296.120000,5.806317,13.502343,0.047907,19.356567,,,,,,,,,,0.866025,0.500000
2014,2,-5.000000,175.000000,-2.500000,177.500000,1486.990000,11.076066,13.692762,0.151312,24.920141,29.235765,0.740778,22.869841,0.340651,91.989264,0.034075,0.001668,0.159882,202.681824,0.866025,0.500000
2014,2,-5.000000,-175.000000,-2.500000,-172.500000,6273.570000,18.729687,12.892181,0.054036,31.675904,,,,,,,,,,0.866025,0.500000
2014,2,-5.000000,-180.000000,-2.500000,-177.500000,5114.880000,2.705244,17.222300,0.007234,19.934779,,,,,,,,,,0.866025,0.500000
2014,2,10.000000,110.000000,12.500000,112.500000,14570.040000,16.590826,3.360183,0.000000,19.951009,25.906319,0.634356,19.906038,0.156629,2.740187,0.031087,0.207222,0.099883,211.830521,0.866025,0.500000
2014,2,10.000000,115.000000,12.500000,117.500000,15822.080000,15.925529,3.231939,0.000000,19.157469,26.942175,0.665709,20.286453,0.144241,122.464343,0.028699,0.073780,0.116420,207.829895,0.866025,0.500000
2014,2,10.000000,130.000000,12.500000,132.500000,3090.490000,3.354484,6.760417,0.387317,10.502218,28.019829,0.774721,52.589201,0.292768,0.956632,0.094559,0.003889,0.074452,201.900314,0.866025,0.500000
2014,2,10.000000,155.000000,12.500000,157.500000,13309.960000,1.709622,1.577916,1.765295,5.052833,27.940978,0.758945,35.196066,0.180781,0.787468,0.036314,0.001944,0.094728,202.507599,0.866025,0.500000
2014,2,10.000000,-165.000000,12.500000,-162.500000,1935.270000,1.760995,17.166597,0.592682,19.520274,,,,,,,,,,0.866025,0.500000
2014,2,10.000000,170.000000,12.500000,172.500000,3972.400000,1.670275,2.195902,4.786275,8.652452,27.290343,0.686052,47.080039,0.239694,56.010332,0.078367,0.010558,0.067728,204.526810,0.866025,0.500000
2014,2,10.000000,-170.000000,12.500000,-167.500000,6196.140000,2.376964,19.663048,1.454615,23.494627,,,,,,,,,,0.866025,0.500000
2014,2,10.000000,-175.000000,12.500000,-172.500000,3923.360000,4.120193,29.588159,4.038375,37.746727,,,,,,,,,,0.866025,0.500000
2014,2,10.000000,-180.000000,12.500000,-177.500000,5638.450000,3.655260,32.406956,2.729828,38.792044,,,,,,,,,,0.866025,0.500000
2014,2,-10.000000,-135.000000,-7.500000,-132.500000,1672.950000,1.665322,13.650139,0.191279,15.506740,,,,,,,,,,0.866025,0.500000
2014,2,-10.000000,-140.000000,-7.500000,-137.500000,5150.680000,2.221454,13.989997,0.251811,16.463263,,,,,,,,,,0.866025,0.500000
2014,2,-10.000000,-145.000000,-7.500000,-142.500000,2683.390000,8.175107,14.864034,0.219126,23.258267,,,,,,,,,,0.866025,0.500000
2014,2,-10.000000,-150.000000,-7.500000,-147.500000,10702.380000,6.999658,15.539160,0.089046,22.627864,,,,,,,,,,0.866025,0.500000
2014,2,-10.000000,155.000000,-7.500000,157.500000,12460.030000,6.753595,4.248385,1.015246,12.017226,29.486943,0.769616,15.548564,0.254298,132.861623,0.041697,0.101367,0.160381,199.231247,0.866025,0.500000
2014,2,-10.000000,-155.000000,-7.500000,-152.500000,12148.900000,3.140449,23.736552,0.526138,27.403139,,,,,,,,,,0.866025,0.500000
2014,2,-10.000000,160.000000,-7.500000,162.500000,8798.140000,6.405786,2.214559,0.206976,8.827320,29.643287,0.789589,18.672572,0.309450,132.888810,0.079791,0.031973,0.155782,198.608673,0.866025,0.500000
2014,2,-10.000000,-160.000000,-7.500000,-157.500000,1646.710000,12.005757,23.939856,0.883580,36.829193,,,,,,,,,,0.866025,0.500000
2014,2,-10.000000,165.000000,-7.500000,167.500000,2922.900000,5.172945,2.723323,1.300079,9.196346,29.698054,0.807613,20.776324,0.311394,0.566237,0.089000,0.000000,0.119837,198.331207,0.866025,0.500000
2014,2,-10.000000,-165.000000,-7.500000,-162.500000,2711.390000,9.074681,18.859330,0.569081,28.503093,,,,,,,,,,0.866025,0.500000
2014,2,-10.000000,170.000000,-7.500000,172.500000,7867.610000,6.651702,4.654654,4.525771,15.832127,29.842060,0.812692,20.598427,0.246023,0.492516,0.072829,0.000000,0.091658,197.884430,0.866025,0.500000
2014,2,-10.000000,-170.000000,-7.500000,-167.500000,4963.550000,4.627938,13.848153,2.065457,20.541548,,,,,,,,,,0.866025,0.500000
2014,2,-10.000000,-175.000000,-7.500000,-172.500000,3449.260000,10.215524,10.287714,0.242081,20.745319,,,,,,,,,,0.866025,0.500000
2014,2,-10.000000,-180.000000,-7.500000,-177.500000,3389.070000,5.846147,8.539511,2.125657,16.511314,,,,,,,,,,0.866025,0.500000
2014,2,15.000000,110.000000,17.500000,112.500000,14570.040000,16.590826,3.360183,0.000000,19.951009,23.553083,0.649926,28.569270,0.144984,97.075814,0.054159,0.282954,0.211168,219.974045,0.866025,0.500000
2014,2,15.000000,115.000000,17.500000,117.500000,15731.870000,16.177225,3.425276,0.000000,19.602501,24.685742,0.534939,19.762181,0.179732,116.606025,0.087727,0.350139,0.123859,214.168945,0.866025,0.500000
2014,2,15.000000,125.000000,17.500000,127.500000,4097.340000,4.474854,2.196303,3.697033,10.368190,26.169674,0.953138,44.002649,0.180902,2.158471,0.066363,0.242778,0.086158,208.367966,0.866025,0.500000
2014,2,15.000000,130.000000,17.500000,132.500000,2501.650000,1.965503,1.899546,2.507545,6.372594,26.304545,0.933117,46.658353,0.178909,4.147862,0.051548,0.184444,0.088009,206.567169,0.866025,0.500000
2014,2,15.000000,135.000000,17.500000,137.500000,1097.200000,2.146373,2.686839,4.280897,9.114109,26.673908,0.923466,59.892239,0.159113,1.713461,0.052117,0.137500,0.082235,206.386566,0.866025,0.500000
2014,2,15.000000,150.000000,17.500000,152.500000,3537.960000,13.221744,3.831304,16.254847,33.307895,27.358200,0.896965,51.221548,0.141254,1.908087,0.040665,0.099722,0.066879,203.728256,0.866025,0.500000
2014,2,15.000000,155.000000,17.500000,157.500000,5656.540000,12.906653,4.849077,20.071457,37.827188,27.217292,0.881271,51.493714,0.109291,1.216400,0.038897,0.010833,0.061502,203.998474,0.866025,0.500000
2014,2,15.000000,-160.000000,17.500000,-157.500000,4195.870000,4.637417,10.738655,0.076742,15.452814,,,,,,,,,,0.866025,0.500000
2014,2,15.000000,-165.000000,17.500000,-162.500000,7372.040000,4.061834,12.828742,0.644055,17.534631,,,,,,,,,,0.866025,0.500000
2014,2,15.000000,170.000000,17.500000,172.500000,4632.700000,1.740670,4.196041,17.112051,23.048762,26.099031,0.814679,70.501787,0.122136,1.428117,0.045495,0.055833,0.054370,206.786621,0.866025,0.500000
2014,2,15.000000,-170.000000,17.500000,-167.500000,1995.980000,1.721460,18.071323,2.502029,22.294813,,,,,,,,,,0.866025,0.500000
2014,2,15.000000,175.000000,17.500000,177.500000,1155.740000,1.769429,2.084379,11.722360,15.576168,25.791508,0.756140,64.564411,0.152123,1.424147,0.051561,0.051667,0.065162,207.674271,0.866025,0.500000
2014,2,15.000000,-180.000000,17.500000,-177.500000,2712.970000,0.733145,0.714346,9.453846,10.901337,,,,,,,,,,0.866025,0.500000
2014,2,-15.000000,-135.000000,-12.500000,-132.500000,1900.580000,0.714519,11.965821,6.697429,19.377769,,,,,,,,,,0.866025,0.500000
2014,2,-15.000000,-145.000000,-12.500000,-142.500000,1235.560000,9.169931,15.590501,6.787206,31.547638,,,,,,,,,,0.866025,0.500000
2014,2,-15.000000,150.000000,-12.500000,152.500000,1193.670000,27.660911,0.314157,11.395109,39.370178,28.921431,0.673275,15.152415,0.217299,129.412776,0.056165,0.053077,0.091238,199.847229,0.866025,0.500000
2014,2,-15.000000,-150.000000,-12.500000,-147.500000,1458.800000,7.473951,7.242254,3.186180,17.902386,,,,,,,,,,0.866025,0.500000
2014,2,-15.000000,155.000000,-12.500000,157.500000,37139.660000,6.597341,1.291692,13.083399,20.972432,29.352922,0.600330,13.034668,0.230460,0.653088,0.057941,0.000000,0.087331,198.355942,0.866025,0.500000
2014,2,-15.000000,160.000000,-12.500000,162.500000,28634.530000,5.081313,1.024323,9.818880,15.924515,29.439749,0.671001,15.216056,0.146282,132.065333,0.043889,0.018274,0.078271,197.610840,0.866025,0.500000
2014,2,-15.000000,-160.000000,-12.500000,-157.500000,1954.250000,2.308814,1.617500,14.337470,18.263784,,,,,,,,,,0.866025,0.500000
2014,2,-15.000000,165.000000,-12.500000,167.500000,2203.820000,9.307021,0.735087,11.973301,22.015410,29.852609,0.668028,16.932960,0.104397,132.033233,0.042945,0.019542,0.080434,197.380524,0.866025,0.500000
2014,2,-15.000000,170.000000,-12.500000,172.500000,2419.520000,8.417785,3.738758,10.786850,22.943394,29.941720,0.674568,20.556676,0.077784,0.571519,0.030124,0.000000,0.071365,197.024292,0.866025,0.500000
2014,2,-15.000000,-170.000000,-12.500000,-167.500000,2445.740000,10.246388,1.587659,13.012830,24.846877,,,,,,,,,,0.866025,0.500000
2014,2,-15.000000,175.000000,-12.500000,177.500000,2322.800000,10.397365,3.344670,6.566644,20.308679,29.847019,0.676287,21.337271,0.093483,0.501545,0.038051,0.000000,0.067878,196.916931,0.866025,0.500000
2014,2,-15.000000,-175.000000,-12.500000,-172.500000,1011.330000,12.080132,0.756430,9.446966,22.283528,,,,,,,,,,0.866025,0.500000
2014,2,20.000000,120.000000,22.500000,122.500000,1203.670000,6.148695,1.265297,0.986981,8.400974,22.967771,0.777578,48.871844,0.240943,105.860296,0.110832,0.342453,0.336134,217.225845,0.866025,0.500000
2014,2,20.000000,125.000000,22.500000,127.500000,1318.640000,3.414882,1.544773,9.101043,14.060699,22.923881,0.848491,43.384888,0.211721,68.228362,0.095261,0.424125,0.220778,219.373474,0.866025,0.500000
2014,2,20.000000,130.000000,22.500000,132.500000,2217.430000,3.651525,6.618473,14.597981,24.867978,23.666046,0.960126,51.113292,0.166443,7.061675,0.070911,0.440000,0.127682,217.265488,0.866025,0.500000
2014,2,20.000000,135.000000,22.500000,137.500000,3000.190000,4.934354,4.474717,18.279842,27.688913,23.643758,0.980324,63.586335,0.166623,3.263910,0.075556,0.425556,0.112554,218.012772,0.866025,0.500000
2014,2,20.000000,145.000000,22.500000,147.500000,1515.510000,10.120685,5.817184,16.883425,32.821294,24.387590,0.928319,63.825481,0.140320,4.931934,0.061178,0.317222,0.080976,214.756897,0.866025,0.500000
2014,2,20.000000,150.000000,22.500000,152.500000,1380.860000,13.294614,2.546239,13.558217,29.399070,24.545726,0.862805,44.287997,0.152314,3.695972,0.062580,0.397500,0.086304,213.252319,0.866025,0.500000
2014,2,20.000000,-155.000000,22.500000,-152.500000,2078.940000,3.049150,9.799225,0.077443,12.925818,,,,,,,,,,0.866025,0.500000
2014,2,20.000000,160.000000,22.500000,162.500000,1497.780000,4.168169,3.788941,16.318151,24.275261,25.009814,0.847012,56.345606,0.138743,4.817136,0.041815,0.258611,0.070591,212.130844,0.866025,0.500000
2014,2,20.000000,-160.000000,22.500000,-157.500000,3739.740000,3.484199,9.942135,0.474365,13.900699,,,,,,,,,,0.866025,0.500000
2014,2,20.000000,-165.000000,22.500000,-162.500000,1161.030000,6.541605,9.185809,0.746751,16.474165,,,,,,,,,,0.866025,0.500000
2014,2,20.000000,170.000000,22.500000,172.500000,1737.920000,3.024305,8.921584,14.581799,26.527688,23.996090,0.739071,64.862983,0.131061,3.757275,0.054118,0.419167,0.069349,213.009888,0.866025,0.500000
2014,2,-20.000000,-135.000000,-17.500000,-132.500000,14508.790000,0.867681,2.306671,21.189431,24.363782,,,,,,,,,,0.866025,0.500000
2014,2,-20.000000,-140.000000,-17.500000,-137.500000,1348.940000,1.361810,1.686509,16.487761,19.536080,,,,,,,,,,0.866025,0.500000
2014,2,-20.000000,-145.000000,-17.500000,-142.500000,2687.190000,3.850863,2.801439,15.474529,22.126831,,,,,,,,,,0.866025,0.500000
2014,2,-20.000000,-150.000000,-17.500000,-147.500000,4395.180000,2.072725,0.981985,7.409480,10.464190,,,,,,,,,,0.866025,0.500000
2014,2,-20.000000,155.000000,-17.500000,157.500000,5153.440000,3.576640,1.257413,30.283655,35.117708,28.162778,0.722777,16.711513,0.174557,1.205733,0.062508,0.071111,0.084308,201.908157,0.866025,0.500000
2014,2,-20.000000,-155.000000,-17.500000,-152.500000,2332.150000,4.724396,1.526060,7.848123,14.098579,,,,,,,,,,0.866025,0.500000
2014,2,-20.000000,160.000000,-17.500000,162.500000,4867.730000,3.334408,0.860976,15.006379,19.201763,28.417614,0.736667,16.987762,0.105954,56.341992,0.027624,0.034176,0.086084,201.636490,0.866025,0.500000
2014,2,-20.000000,165.000000,-17.500000,167.500000,8346.960000,0.905839,0.454177,5.957378,7.317395,28.709276,0.739081,16.074889,0.130638,131.837696,0.033059,0.125752,0.095282,200.929367,0.866025,0.500000
2014,2,-20.000000,170.000000,-17.500000,172.500000,6072.860000,2.790777,1.234180,20.892133,24.917090,29.304839,0.772906,15.052450,0.130837,1.339267,0.043924,0.050556,0.096050,199.713196,0.866025,0.500000
2014,2,-20.000000,175.000000,-17.500000,177.500000,4642.030000,6.608747,1.634199,14.033946,22.276892,29.600208,0.789488,14.927047,0.084099,135.508003,0.020136,0.118062,0.105206,198.675903,0.866025,0.500000
2014,2,-20.000000,-180.000000,-17.500000,-177.500000,1718.870000,13.364594,1.321217,9.971667,24.657478,,,,,,,,,,0.866025,0.500000
2014,2,25.000000,130.000000,27.500000,132.500000,20496.090000,3.172020,3.853613,36.968954,43.994586,20.176089,0.911185,98.093990,0.253836,43.571640,0.148239,0.389275,0.420552,224.849411,0.866025,0.500000
2014,2,25.000000,135.000000,27.500000,137.500000,9218.520000,0.957746,2.596621,35.966402,39.520769,20.341875,0.877993,87.889666,0.181171,3.229475,0.093986,0.406667,0.367567,226.408432,0.866025,0.500000
2014,2,25.000000,140.000000,27.500000,142.500000,3268.310000,3.007059,3.222461,33.764545,39.994064,20.775605,0.906179,81.859821,0.116676,42.405650,0.063042,0.390664,0.288822,228.889069,0.866025,0.500000
2014,2,25.000000,145.000000,27.500000,147.500000,2152.820000,1.860351,6.058101,1.989948,9.908399,20.591786,0.883984,69.553806,0.118511,3.892173,0.064430,0.512222,0.235527,231.864487,0.866025,0.500000
2014,2,25.000000,-155.000000,27.500000,-152.500000,2069.920000,3.938316,13.872034,0.058456,17.868807,,,,,,,,,,0.866025,0.500000
2014,2,25.000000,-160.000000,27.500000,-157.500000,4191.100000,5.140894,10.956551,12.053876,28.151321,,,,,,,,,,0.866025,0.500000
2014,2,25.000000,165.000000,27.500000,167.500000,1965.970000,0.072229,7.266642,64.246657,71.585528,20.672698,0.739024,62.639540,0.128658,4.996480,0.057947,0.502222,0.067895,229.091888,0.866025,0.500000
2014,2,25.000000,-165.000000,27.500000,-162.500000,2629.800000,2.497528,6.287170,18.454255,27.238954,,,,,,,,,,0.866025,0.500000
2014,2,25.000000,-170.000000,27.500000,-167.500000,2556.860000,3.218010,1.740807,25.714744,30.673561,,,,,,,,,,0.866025,0.500000
2014,2,-25.000000,160.000000,-22.500000,162.500000,1410.080000,8.858363,0.443237,44.748525,54.050125,26.488669,0.700806,20.415278,0.196959,125.437324,0.091737,0.241486,0.084099,206.385529,0.866025,0.500000
2014,2,-25.000000,165.000000,-22.500000,167.500000,1580.200000,16.351095,0.758132,15.808758,32.917985,26.795727,0.716433,18.485182,0.185135,124.941246,0.102397,0.217265,0.087106,206.458450,0.866025,0.500000
2014,2,-25.000000,-165.000000,-22.500000,-162.500000,3069.390000,3.591593,2.726926,14.016792,20.335311,,,,,,,,,,0.866025,0.500000
2014,2,30.000000,130.000000,32.500000,132.500000,9861.060000,4.139920,3.211419,28.053576,35.404916,17.809562,0.647507,88.525733,0.401588,93.089359,0.418824,0.724470,0.612428,234.327988,0.866025,0.500000
2014,2,30.000000,135.000000,32.500000,137.500000,7371.020000,2.567080,5.105128,35.461171,43.133379,18.237982,0.756802,110.460112,0.341662,80.595235,0.410751,0.515863,0.527305,227.587173,0.866025,0.500000
2014,2,30.000000,140.000000,32.500000,142.500000,7241.210000,0.095288,2.458015,5.707195,8.260498,18.222365,0.901712,136.750989,0.239553,25.396945,0.258706,0.482778,0.439525,229.767670,0.866025,0.500000
2014,2,30.000000,145.000000,32.500000,147.500000,3145.880000,0.059443,0.552151,3.612980,4.224573,18.053876,0.897064,161.558851,0.273513,5.266344,0.191873,0.217222,0.378957,236.850052,0.866025,0.500000
2014,2,30.000000,150.000000,32.500000,152.500000,1082.770000,0.241048,0.539357,39.117264,39.897670,17.743979,0.869070,166.924175,0.215124,3.439907,0.167873,0.282778,0.402273,240.631836,0.866025,0.500000
2014,2,30.000000,-155.000000,32.500000,-152.500000,3907.580000,1.046428,4.869766,37.545489,43.461682,,,,,,,,,,0.866025,0.500000
2014,2,30.000000,160.000000,32.500000,162.500000,1154.800000,0.099584,0.079667,39.960166,40.139418,17.917399,0.790713,97.996083,0.190542,3.673846,0.082821,0.409722,0.270083,246.147949,0.866025,0.500000
2014,2,30.000000,-160.000000,32.500000,-157.500000,2034.080000,3.723059,12.697141,17.582396,34.002596,,,,,,,,,,0.866025,0.500000
2014,2,-30.000000,155.000000,-27.500000,157.500000,2782.070000,8.185632,4.488025,2.914377,15.588033,24.908160,0.636932,25.574258,0.262968,3.183963,0.136514,0.246944,0.077055,213.264160,0.866025,0.500000
2014,2,-35.000000,150.000000,-32.500000,152.500000,1206.980000,29.239921,0.621386,0.967705,30.829011,24.506242,0.560344,21.728767,0.433405,107.789429,0.250404,0.430643,0.227089,211.787720,0.866025,0.500000
2014,2,-40.000000,175.000000,-37.500000,177.500000,1928.960000,0.091241,11.967070,10.080562,22.138873,,,,,,,,,,0.866025,0.500000
2014,3,0.000000,120.000000,2.500000,122.500000,23181.220000,15.491549,3.947161,0.000000,19.438709,29.154965,0.619122,13.493880,0.264057,134.618282,0.022624,0.073867,0.112916,202.213379,1.000000,0.000000
2014,3,0.000000,125.000000,2.500000,127.500000,30768.960000,15.520252,3.947972,0.000000,19.468224,28.810058,0.582881,14.577297,0.353794,134.177121,0.049858,0.128252,0.111536,201.504196,1.000000,0.000000
2014,3,0.000000,130.000000,2.500000,132.500000,7587.750000,15.607921,3.950446,0.000000,19.558367,28.916003,0.586085,13.379217,0.284906,117.215791,0.016236,0.006391,0.111865,202.023071,1.000000,0.000000
2014,3,0.000000,135.000000,2.500000,137.500000,4765.430000,14.542864,7.753760,0.144793,22.441417,29.106783,0.588163,14.033217,0.208709,0.430788,0.012550,0.000000,0.135366,200.935898,1.000000,0.000000
2014,3,0.000000,140.000000,2.500000,142.500000,2794.790000,6.319974,13.173798,0.000000,19.493772,29.305204,0.635736,16.712445,0.230007,0.231723,0.015725,0.000000,0.145823,199.984772,1.000000,0.000000
2014,3,0.000000,145.000000,2.500000,147.500000,2955.250000,7.947551,5.862110,0.081211,13.890872,29.515404,0.679087,19.219710,0.127834,0.255204,0.012182,0.000000,0.159756,199.893417,1.000000,0.000000
2014,3,0.000000,150.000000,2.500000,152.500000,2623.460000,20.797344,8.386253,0.000000,29.183597,29.781613,0.715250,18.275671,0.121762,0.255355,0.011287,0.000000,0.146495,200.034470,1.000000,0.000000
2014,3,0.000000,155.000000,2.500000,157.500000,7561.460000,23.440314,12.216159,0.339881,35.996355,29.833044,0.743022,16.640600,0.169402,0.369055,0.011487,0.000000,0.115181,199.654083,1.000000,0.000000
2014,3,0.000000,-155.000000,2.500000,-152.500000,8354.410000,6.488908,24.677745,0.031002,31.197655,,,,,,,,,,1.000000,0.000000
2014,3,0.000000,160.000000,2.500000,162.500000,4559.540000,16.078157,18.158849,0.781658,35.018664,29.770368,0.757546,19.036430,0.180868,0.307588,0.008405,0.000000,0.126726,199.788589,1.000000,0.000000
2014,3,0.000000,-160.000000,2.500000,-157.500000,5828.110000,27.179652,18.505656,0.071378,45.756686,,,,,,,,,,1.000000,0.000000
2014,3,0.000000,165.000000,2.500000,167.500000,7194.700000,23.579440,21.745452,0.903165,46.228057,29.661979,0.749775,19.907136,0.105096,92.931938,0.011154,0.002779,0.141852,199.989334,1.000000,0.000000
2014,3,0.000000,-165.000000,2.500000,-162.500000,1980.840000,8.787181,18.720846,0.051998,27.560025,,,,,,,,,,1.000000,0.000000
2014,3,0.000000,170.000000,2.500000,172.500000,6350.240000,13.459176,9.023911,4.880760,27.363848,29.536187,0.737626,21.893348,0.139758,131.583168,0.015448,0.019537,0.167131,199.894211,1.000000,0.000000
2014,3,0.000000,-170.000000,2.500000,-167.500000,1185.900000,6.885909,23.753268,0.134919,30.774096,,,,,,,,,,1.000000,0.000000
2014,3,0.000000,175.000000,2.500000,177.500000,1904.140000,5.401389,16.565484,1.277217,23.244089,29.208939,0.711218,24.600082,0.157042,0.391608,0.013645,0.000000,0.197932,200.609940,1.000000,0.000000
2014,3,0.000000,-175.000000,2.500000,-172.500000,1825.490000,11.095103,25.946458,0.203781,37.245342,,,,,,,,,,1.000000,0.000000
2014,3,5.000000,130.000000,7.500000,132.500000,3020.220000,9.893981,4.793359,0.000000,14.687341,28.440663,0.437979,19.489914,0.395346,126.733351,0.053570,0.007804,0.088939,201.941696,1.000000,0.000000
2014,3,5.000000,135.000000,7.500000,137.500000,5838.870000,8.266154,14.570456,0.011646,22.848257,28.885665,0.565594,23.819549,0.287661,128.797287,0.059961,0.006954,0.084937,200.097000,1.000000,0.000000
2014,3,5.000000,140.000000,7.500000,142.500000,2338.170000,5.713015,28.886266,0.952882,35.552163,29.193930,0.612703,27.539057,0.162156,0.779652,0.021000,0.002500,0.081841,200.171692,1.000000,0.000000
2014,3,5.000000,155.000000,7.500000,157.500000,3324.830000,8.499081,29.295332,2.162517,39.956930,29.268521,0.663641,27.203982,0.142452,124.837043,0.017870,0.003336,0.074132,199.420700,1.000000,0.000000
2014,3,5.000000,-155.000000,7.500000,-152.500000,2020.990000,10.062395,24.353411,0.000000,34.415806,,,,,,,,,,1.000000,0.000000
2014,3,5.000000,165.000000,7.500000,167.500000,7408.060000,16.688985,15.282139,1.308035,33.279158,28.923152,0.645424,32.520413,0.164300,130.635204,0.025434,0.046742,0.115908,200.425644,1.000000,0.000000
2014,3,5.000000,170.000000,7.500000,172.500000,2316.290000,9.136162,9.462546,2.827798,21.426505,28.742350,0.604341,31.517681,0.173108,130.267361,0.042228,0.028129,0.150496,200.746872,1.000000,0.000000
2014,3,5.000000,175.000000,7.500000,177.500000,9861.650000,8.812014,16.764335,1.247661,26.824010,28.620974,0.573956,36.096447,0.211133,0.703703,0.050519,0.000000,0.139760,200.958282,1.000000,0.000000
2014,3,5.000000,-175.000000,7.500000,-172.500000,1802.200000,3.145045,20.279658,0.947731,24.372434,,,,,,,,,,1.000000,0.000000
2014,3,5.000000,-180.000000,7.500000,-177.500000,3391.990000,8.924260,40.550532,0.536853,50.011645,,,,,,,,,,1.000000,0.000000
2014,3,-5.000000,120.000000,-2.500000,122.500000,30350.980000,15.607964,3.950449,0.000000,19.558413,29.744921,0.659335,11.731548,0.090349,137.515881,0.011402,0.240161,0.116917,201.718216,1.000000,0.000000
2014,3,-5.000000,125.000000,-2.500000,127.500000,45526.470000,15.607953,3.950449,0.000000,19.558402,29.494724,0.656764,13.534204,0.137111,133.319883,0.011374,0.149536,0.108228,201.241989,1.000000,0.000000
2014,3,-5.000000,130.000000,-2.500000,132.500000,15175.490000,15.607931,3.950449,0.000000,19.558380,29.473539,0.645058,14.254051,0.169564,135.505351,0.029887,0.264377,0.158712,199.708466,1.000000,0.000000
2014,3,-5.000000,140.000000,-2.500000,142.500000,1466.320000,4.438322,0.092067,0.048421,4.578810,28.604587,0.624270,17.797086,0.318916,126.204278,0.017090,0.066372,0.365367,201.646896,1.000000,0.000000
2014,3,-5.000000,145.000000,-2.500000,147.500000,1327.360000,1.876657,0.064037,0.032395,1.973089,29.066006,0.669331,16.414382,0.152554,128.840324,0.013846,0.029655,0.297877,201.673050,1.000000,0.000000
2014,3,-5.000000,-155.000000,-2.500000,-152.500000,13211.430000,1.778233,23.307924,0.214890,25.301046,,,,,,,,,,1.000000,0.000000
2014,3,-5.000000,160.000000,-2.500000,162.500000,2067.790000,10.070655,11.582898,0.022246,21.675799,29.753895,0.768008,20.709650,0.219676,0.498064,0.023168,0.000000,0.199998,198.906021,1.000000,0.000000
2014,3,-5.000000,-160.000000,-2.500000,-157.500000,9136.950000,5.931848,29.708054,0.435375,36.075277,,,,,,,,,,1.000000,0.000000
2014,3,-5.000000,165.000000,-2.500000,167.500000,2370.340000,8.863285,11.770041,2.803817,23.437144,29.650613,0.772588,20.332576,0.145981,0.364031,0.018585,0.000000,0.178764,198.868210,1.000000,0.000000
2014,3,-5.000000,-165.000000,-2.500000,-162.500000,2744.320000,13.456885,26.627726,0.054294,40.138905,,,,,,,,,,1.000000,0.000000
2014,3,-5.000000,170.000000,-2.500000,172.500000,2350.940000,5.616477,10.006210,3.009009,18.631696,29.728902,0.767609,19.518365,0.140810,132.338195,0.021495,0.009476,0.160079,199.226166,1.000000,0.000000
2014,3,-5.000000,-170.000000,-2.500000,-167.500000,15116.940000,11.371217,19.719335,0.135742,31.226293,,,,,,,,,,1.000000,0.000000
2014,3,-5.000000,175.000000,-2.500000,177.500000,1773.030000,3.195095,14.747635,0.627175,18.569906,29.385487,0.741696,19.479725,0.146157,93.314625,0.015443,0.001668,0.167174,200.205719,1.000000,0.000000
2014,3,-5.000000,-175.000000,-2.500000,-172.500000,8105.510000,21.218282,12.989189,0.404416,34.611887,,,,,,,,,,1.000000,0.000000
2014,3,-5.000000,-180.000000,-2.500000,-177.500000,2297.130000,7.968639,10.353789,0.377863,18.700291,,,,,,,,,,1.000000,0.000000
2014,3,10.000000,110.000000,12.500000,112.500000,19118.700000,12.643590,2.560739,0.000000,15.204329,26.947523,0.685094,17.344560,0.135329,1.596538,0.020239,0.035278,0.094717,209.863907,1.000000,0.000000
2014,3,10.000000,115.000000,12.500000,117.500000,19118.700000,12.643590,2.560739,0.000000,15.204329,27.466106,0.686112,17.162289,0.164721,124.348839,0.030358,0.072928,0.121512,206.838745,1.000000,0.000000
2014,3,10.000000,125.000000,12.500000,127.500000,1860.490000,6.247816,7.142204,15.890437,29.280458,27.757156,0.796213,38.426684,0.294697,124.095733,0.092712,0.033874,0.078456,203.368454,1.000000,0.000000
2014,3,10.000000,130.000000,12.500000,132.500000,5975.480000,2.785216,13.932772,3.499468,20.217455,27.977227,0.763014,42.396570,0.293653,0.702720,0.085006,0.000000,0.076994,202.479095,1.000000,0.000000
2014,3,10.000000,135.000000,12.500000,137.500000,12556.140000,2.137440,0.503977,2.606932,5.248349,28.333716,0.810887,39.719498,0.236368,114.989019,0.069595,0.001946,0.079001,201.734512,1.000000,0.000000
2014,3,10.000000,140.000000,12.500000,142.500000,7053.120000,2.532496,0.800639,1.625947,4.959082,28.234560,0.797478,37.175435,0.231960,88.884161,0.064358,0.004174,0.080852,202.100021,1.000000,0.000000
2014,3,10.000000,145.000000,12.500000,147.500000,1830.070000,1.350768,0.749152,0.303814,2.403733,28.225890,0.759390,34.612215,0.246521,88.259714,0.070135,0.004447,0.083711,202.077545,1.000000,0.000000
2014,3,10.000000,150.000000,12.500000,152.500000,7241.660000,1.842533,0.656617,0.887780,3.386931,28.198664,0.786321,33.765214,0.181867,0.614647,0.039240,0.000000,0.089495,202.144257,1.000000,0.000000
2014,3,10.000000,155.000000,12.500000,157.500000,23602.820000,1.356956,1.056611,1.302938,3.716505,28.051700,0.751522,31.697288,0.188189,0.607006,0.047677,0.000000,0.089775,202.538071,1.000000,0.000000
2014,3,10.000000,160.000000,12.500000,162.500000,1923.370000,0.242803,0.000000,0.101385,0.344188,27.831463,0.721342,32.524882,0.180169,125.111284,0.032830,0.005574,0.074793,203.034866,1.000000,0.000000
2014,3,10.000000,165.000000,12.500000,167.500000,1552.740000,2.119479,3.509280,7.134485,12.763244,27.623275,0.715151,37.574490,0.223625,124.971434,0.060485,0.031487,0.071126,203.774475,1.000000,0.000000
2014,3,10.000000,-165.000000,12.500000,-162.500000,1940.880000,1.085075,15.279152,0.192181,16.556407,,,,,,,,,,1.000000,0.000000
2014,3,10.000000,-170.000000,12.500000,-167.500000,7906.920000,2.215401,23.079657,1.204388,26.499446,,,,,,,,,,1.000000,0.000000
2014,3,10.000000,175.000000,12.500000,177.500000,2764.190000,3.425597,31.388942,2.283852,37.098390,27.144571,0.623697,40.863354,0.193844,0.602089,0.052637,0.000000,0.070961,205.376801,1.000000,0.000000
2014,3,10.000000,-175.000000,12.500000,-172.500000,2281.680000,1.944620,22.855089,1.598384,26.398093,,,,,,,,,,1.000000,0.000000
2014,3,10.000000,-180.000000,12.500000,-177.500000,3066.950000,3.949852,24.152334,8.191200,36.293386,,,,,,,,,,1.000000,0.000000
2014,3,-10.000000,-135.000000,-7.500000,-132.500000,3056.360000,2.577249,22.067099,0.206128,24.850476,,,,,,,,,,1.000000,0.000000
2014,3,-10.000000,-150.000000,-7.500000,-147.500000,6048.420000,3.017152,12.220216,0.771772,16.009140,,,,,,,,,,1.000000,0.000000
2014,3,-10.000000,155.000000,-7.500000,157.500000,13072.260000,15.791072,3.551031,2.546461,21.888564,29.497627,0.736659,14.474202,0.235334,133.818239,0.050002,0.106421,0.150252,200.110397,1.000000,0.000000
2014,3,-10.000000,-155.000000,-7.500000,-152.500000,1456.680000,5.159678,12.856633,0.845072,18.861383,,,,,,,,,,1.000000,0.000000
2014,3,-10.000000,160.000000,-7.500000,162.500000,5899.150000,6.166482,2.645466,1.375452,10.187400,29.530343,0.742284,18.641121,0.297937,132.028665,0.091899,0.032544,0.172018,199.424332,1.000000,0.000000
2014,3,-10.000000,165.000000,-7.500000,167.500000,1808.010000,5.395435,9.316320,2.477862,17.189617,29.494448,0.776375,23.851573,0.241505,0.421069,0.069263,0.000000,0.186328,199.500214,1.000000,0.000000
2014,3,-10.000000,-165.000000,-7.500000,-162.500000,3850.580000,14.856723,6.837152,4.581907,26.275782,,,,,,,,,,1.000000,0.000000
2014,3,-10.000000,170.000000,-7.500000,172.500000,1619.250000,7.217539,6.293037,5.343214,18.853790,29.515571,0.786729,25.442859,0.195800,0.384969,0.056023,0.000000,0.113987,198.530746,1.000000,0.000000
2014,3,-10.000000,-170.000000,-7.500000,-167.500000,5188.990000,11.789963,6.070546,5.236279,23.096788,,,,,,,,,,1.000000,0.000000
2014,3,-10.000000,-175.000000,-7.500000,-172.500000,1774.650000,11.643423,8.083284,2.525005,22.251712,,,,,,,,,,1.000000,0.000000
2014,3,-10.000000,-180.000000,-7.500000,-177.500000,2258.400000,12.376018,8.030021,6.035246,26.441286,,,,,,,,,,1.000000,0.000000
2014,3,15.000000,110.000000,17.500000,112.500000,19118.700000,12.643590,2.560739,0.000000,15.204329,24.815652,0.621379,12.997479,0.151675,103.985467,0.069495,0.295068,0.138380,217.657944,1.000000,0.000000
2014,3,15.000000,115.000000,17.500000,117.500000,20862.830000,13.357057,2.497408,0.098165,15.952630,25.797716,0.582776,14.994960,0.143887,120.682352,0.079934,0.353203,0.110330,212.372482,1.000000,0.000000
2014,3,15.000000,120.000000,17.500000,122.500000,1335.000000,8.870412,0.336330,0.891386,10.098127,26.498880,0.854046,29.738799,0.320319,121.572566,0.155930,0.293319,0.115474,208.612717,1.000000,0.000000
2014,3,15.000000,125.000000,17.500000,127.500000,7614.120000,5.272573,0.926962,4.664492,10.864026,26.296971,0.967081,38.991043,0.176520,1.610424,0.065071,0.053611,0.089812,208.151520,1.000000,0.000000
2014,3,15.000000,130.000000,17.500000,132.500000,8448.700000,2.838188,0.979322,6.362517,10.180028,26.277872,0.929659,49.068722,0.182816,1.695749,0.046837,0.118333,0.085133,207.943420,1.000000,0.000000
2014,3,15.000000,135.000000,17.500000,137.500000,8936.350000,4.803975,1.749596,22.990595,29.544165,26.535140,0.927103,41.508566,0.140599,2.636308,0.037187,0.167500,0.079066,207.103287,1.000000,0.000000
2014,3,15.000000,140.000000,17.500000,142.500000,6957.300000,1.731131,0.409642,3.537435,5.678209,26.735095,0.905631,40.037701,0.140671,2.314046,0.033668,0.162222,0.081068,205.893143,1.000000,0.000000
2014,3,15.000000,150.000000,17.500000,152.500000,3746.880000,2.389188,1.375544,15.455793,19.220525,27.028704,0.891240,49.426721,0.144963,1.835111,0.036491,0.140278,0.075623,204.512985,1.000000,0.000000
2014,3,15.000000,155.000000,17.500000,157.500000,6446.820000,0.690108,1.019107,7.336796,9.046010,26.895382,0.868995,51.979128,0.128950,1.904369,0.036238,0.070278,0.065842,204.632797,1.000000,0.000000
2014,3,15.000000,160.000000,17.500000,162.500000,6979.650000,0.701754,0.193849,3.289420,4.185024,26.756890,0.849405,48.368703,0.144581,1.488925,0.052105,0.064722,0.054682,205.440292,1.000000,0.000000
2014,3,15.000000,-165.000000,17.500000,-162.500000,4273.190000,2.849862,10.215787,0.325518,13.391167,,,,,,,,,,1.000000,0.000000
2014,3,15.000000,-170.000000,17.500000,-167.500000,1158.870000,1.723230,10.759619,1.409131,13.891981,,,,,,,,,,1.000000,0.000000
2014,3,15.000000,175.000000,17.500000,177.500000,3900.000000,0.762308,2.499487,5.593333,8.855128,25.715797,0.728048,39.459333,0.152963,1.690031,0.053090,0.047222,0.073658,208.744324,1.000000,0.000000
2014,3,-15.000000,-135.000000,-12.500000,-132.500000,5212.810000,2.673606,1.980698,16.165370,20.819673,,,,,,,,,,1.000000,0.000000
2014,3,-15.000000,-140.000000,-12.500000,-137.500000,1636.150000,2.881154,9.160529,6.056291,18.097974,,,,,,,,,,1.000000,0.000000
2014,3,-15.000000,145.000000,-12.500000,147.500000,1153.620000,31.303202,0.368406,18.881434,50.553042,28.555328,0.636430,14.778776,0.205763,131.479651,0.061098,0.023950,0.105268,200.853882,1.000000,0.000000
2014,3,-15.000000,-145.000000,-12.500000,-142.500000,1657.110000,5.565110,7.910157,7.644634,21.119902,,,,,,,,,,1.000000,0.000000
2014,3,-15.000000,150.000000,-12.500000,152.500000,1229.090000,23.859115,0.092752,7.401411,31.353278,28.750502,0.641433,16.090803,0.170987,130.677131,0.061238,0.048278,0.092107,199.969162,1.000000,0.000000
2014,3,-15.000000,-150.000000,-12.500000,-147.500000,4916.160000,5.482734,4.146732,10.316792,19.946259,,,,,,,,,,1.000000,0.000000
2014,3,-15.000000,155.000000,-12.500000,157.500000,24005.090000,5.272673,1.052985,12.193289,18.518947,28.991729,0.607868,15.561643,0.157966,0.662261,0.037958,0.000000,0.083455,198.713852,1.000000,0.000000
2014,3,-15.000000,160.000000,-12.500000,162.500000,27794.660000,3.836097,1.174218,12.894815,17.905130,29.258042,0.600975,17.622960,0.135784,131.201553,0.037057,0.018274,0.084216,198.261017,1.000000,0.000000
2014,3,-15.000000,-160.000000,-12.500000,-157.500000,11905.640000,9.052516,1.315679,18.680894,29.049089,,,,,,,,,,1.000000,0.000000
2014,3,-15.000000,165.000000,-12.500000,167.500000,6316.240000,7.027440,0.670019,10.028593,17.726052,29.375779,0.604289,20.186138,0.110314,130.147159,0.021249,0.015355,0.076565,197.846771,1.000000,0.000000
2014,3,-15.000000,-165.000000,-12.500000,-162.500000,3809.420000,8.202561,1.051866,10.904285,20.158712,,,,,,,,,,1.000000,0.000000
2014,3,-15.000000,170.000000,-12.500000,172.500000,9658.950000,9.754476,1.284301,7.810476,18.849254,29.522958,0.657574,24.490724,0.071902,0.435772,0.023335,0.000000,0.068466,197.399475,1.000000,0.000000
2014,3,-15.000000,-170.000000,-12.500000,-167.500000,1997.900000,4.221933,1.167726,6.819661,12.209320,,,,,,,,,,1.000000,0.000000
2014,3,-15.000000,175.000000,-12.500000,177.500000,2346.940000,13.018228,1.862851,4.423206,19.304286,29.562009,0.647925,23.027615,0.105544,0.457605,0.027657,0.000000,0.068712,197.274216,1.000000,0.000000
2014,3,-15.000000,-175.000000,-12.500000,-172.500000,1885.220000,5.670956,0.364414,12.465919,18.501289,,,,,,,,,,1.000000,0.000000
2014,3,20.000000,120.000000,22.500000,122.500000,1181.260000,5.603339,0.304759,4.110865,10.018963,23.420914,0.786567,34.572530,0.235607,107.887043,0.120351,0.537107,0.282066,216.015961,1.000000,0.000000
2014,3,20.000000,125.000000,22.500000,127.500000,1703.170000,10.778724,1.444366,5.329474,17.552564,23.423401,0.909566,33.443216,0.210292,69.955256,0.107852,0.498610,0.195764,219.695892,1.000000,0.000000
2014,3,20.000000,135.000000,22.500000,137.500000,1284.850000,9.037631,2.951317,27.786123,39.775071,23.549110,0.957475,43.579374,0.194271,3.443710,0.084613,0.355833,0.119358,218.929398,1.000000,0.000000
2014,3,20.000000,150.000000,22.500000,152.500000,1704.610000,2.709124,1.564581,12.938443,17.212148,24.159886,0.840349,39.747563,0.152240,3.981747,0.059774,0.418056,0.079606,215.800095,1.000000,0.000000
2014,3,20.000000,-155.000000,22.500000,-152.500000,1848.790000,0.305064,3.045776,0.005409,3.356249,,,,,,,,,,1.000000,0.000000
2014,3,20.000000,-160.000000,22.500000,-157.500000,1272.790000,0.332341,4.853904,0.000000,5.186244,,,,,,,,,,1.000000,0.000000
2014,3,-20.000000,-135.000000,-17.500000,-132.500000,7727.930000,2.112856,1.143644,18.150268,21.406767,,,,,,,,,,1.000000,0.000000
2014,3,-20.000000,-140.000000,-17.500000,-137.500000,1384.090000,6.048017,2.923943,10.178529,19.150489,,,,,,,,,,1.000000,0.000000
2014,3,-20.000000,-145.000000,-17.500000,-142.500000,4218.400000,6.231510,2.770956,11.007491,20.009956,,,,,,,,,,1.000000,0.000000
2014,3,-20.000000,-150.000000,-17.500000,-147.500000,3902.550000,6.499084,1.596905,10.349131,18.445119,,,,,,,,,,1.000000,0.000000
2014,3,-20.000000,155.000000,-17.500000,157.500000,2506.390000,6.599931,1.794613,22.041263,30.435806,28.096215,0.732672,24.172780,0.163083,2.226045,0.046404,0.047778,0.082563,201.684357,1.000000,0.000000
2014,3,-20.000000,-155.000000,-17.500000,-152.500000,1199.810000,4.824931,2.051158,9.897400,16.773489,,,,,,,,,,1.000000,0.000000
2014,3,-20.000000,160.000000,-17.500000,162.500000,1760.100000,5.216749,1.232316,14.938356,21.387421,28.379840,0.722251,25.949214,0.145533,55.920108,0.043707,0.019728,0.088146,201.166168,1.000000,0.000000
2014,3,-20.000000,165.000000,-17.500000,167.500000,9217.440000,1.745387,0.776246,10.878834,13.400467,28.475879,0.672296,20.517645,0.146774,130.478960,0.031637,0.102549,0.095569,200.586777,1.000000,0.000000
2014,3,-20.000000,170.000000,-17.500000,172.500000,6740.610000,4.827753,1.233716,9.679688,15.741157,29.058652,0.736926,22.134271,0.120720,1.690334,0.027642,0.046944,0.092230,199.699860,1.000000,0.000000
2014,3,-20.000000,175.000000,-17.500000,177.500000,17245.380000,4.437942,1.432094,9.921614,15.791650,29.342873,0.758911,19.555419,0.108532,134.734633,0.026995,0.098385,0.101990,198.522934,1.000000,0.000000
2014,3,-20.000000,-180.000000,-17.500000,-177.500000,2724.550000,7.398653,0.946578,10.468885,18.814116,,,,,,,,,,1.000000,0.000000
2014,3,25.000000,125.000000,27.500000,127.500000,1450.080000,3.668763,0.105511,6.752731,10.527005,20.444739,0.761380,57.693312,0.236459,94.451801,0.229378,0.597585,0.504538,227.315079,1.000000,0.000000
2014,3,25.000000,130.000000,27.500000,132.500000,16123.480000,3.480266,2.743452,25.555773,31.779492,20.157788,0.826183,64.066953,0.189229,42.443740,0.094437,0.440400,0.459683,228.846680,1.000000,0.000000
2014,3,25.000000,135.000000,27.500000,137.500000,7923.170000,0.868970,1.793095,24.416616,27.078682,20.420442,0.873332,63.073454,0.149398,4.205481,0.092879,0.476667,0.388796,228.918304,1.000000,0.000000
2014,3,25.000000,140.000000,27.500000,142.500000,2168.280000,1.425554,1.691663,35.677588,38.794805,20.571815,0.936455,70.629450,0.141824,41.981457,0.061717,0.484857,0.320551,232.481934,1.000000,0.000000
2014,3,25.000000,145.000000,27.500000,147.500000,1455.420000,0.513941,0.012368,24.764673,25.290981,20.420616,0.879617,56.381423,0.127395,5.032233,0.057920,0.454722,0.271684,234.877151,1.000000,0.000000
2014,3,25.000000,155.000000,27.500000,157.500000,1074.820000,0.021399,0.113507,0.393554,0.528461,20.747288,0.820146,47.291951,0.103373,5.261651,0.049518,0.580556,0.091246,232.755035,1.000000,0.000000
2014,3,25.000000,-155.000000,27.500000,-152.500000,2674.460000,1.407761,11.928389,0.124511,13.460661,,,,,,,,,,1.000000,0.000000
2014,3,25.000000,160.000000,27.500000,162.500000,2403.400000,0.000000,0.433969,4.451610,4.885579,20.840567,0.824577,51.048695,0.127628,5.101183,0.062229,0.486667,0.068338,231.866684,1.000000,0.000000
2014,3,25.000000,-160.000000,27.500000,-157.500000,2599.120000,0.453615,7.617578,5.720782,13.791976,,,,,,,,,,1.000000,0.000000
2014,3,-25.000000,155.000000,-22.500000,157.500000,1188.210000,31.725032,1.790088,49.768980,83.284100,26.270069,0.764943,35.805489,0.196542,52.972797,0.071979,0.117255,0.076735,206.994125,1.000000,0.000000
2014,3,-25.000000,-175.000000,-22.500000,-172.500000,1262.060000,20.953837,2.447586,6.383215,29.784638,,,,,,,,,,1.000000,0.000000
2014,3,30.000000,130.000000,32.500000,132.500000,14659.950000,4.945651,2.666653,26.125464,33.737769,17.776230,0.640847,59.462996,0.385942,90.589545,0.345690,0.657033,0.704066,240.307907,1.000000,0.000000
2014,3,30.000000,135.000000,32.500000,137.500000,9268.990000,2.029995,4.188806,36.047185,42.265986,18.400468,0.835986,92.962103,0.443319,80.975764,0.420395,0.379195,0.599968,230.822662,1.000000,0.000000
2014,3,30.000000,140.000000,32.500000,142.500000,8404.960000,0.048543,5.102701,5.642740,10.793984,18.037923,0.894804,108.577105,0.228984,25.295144,0.180682,0.441944,0.630831,234.395554,1.000000,0.000000
2014,3,30.000000,145.000000,32.500000,147.500000,1473.240000,0.019006,0.678776,2.909234,3.607016,17.454300,0.796327,113.674799,0.312849,5.451094,0.255401,0.383333,0.537891,240.115143,1.000000,0.000000
2014,3,30.000000,150.000000,32.500000,152.500000,2469.220000,0.095982,0.662962,18.703072,19.462016,17.367125,0.828452,127.261767,0.253478,5.185388,0.222264,0.249167,0.591804,244.541321,1.000000,0.000000
2014,3,30.000000,160.000000,32.500000,162.500000,1838.020000,0.062567,2.309006,71.793016,74.164590,17.390537,0.778077,113.241266,0.181235,3.394649,0.088357,0.315556,0.405265,248.526566,1.000000,0.000000
2014,3,-30.000000,155.000000,-27.500000,157.500000,2801.980000,9.218124,7.169930,11.045047,27.433101,24.873483,0.701954,34.461630,0.229031,2.038981,0.115367,0.200556,0.080296,213.493256,1.000000,0.000000
2014,3,35.000000,140.000000,37.500000,142.500000,5812.490000,0.142452,13.833142,5.321988,19.297582,11.493675,0.187984,57.443318,0.350094,68.011145,0.367553,0.857904,1.077172,235.862839,1.000000,0.000000
2014,3,-35.000000,150.000000,-32.500000,152.500000,1336.100000,32.389791,1.896565,0.458798,34.745154,24.810689,0.591250,22.705167,0.455924,109.390798,0.193871,0.602707,0.271179,211.661453,1.000000,0.000000
2014,3,-40.000000,155.000000,-37.500000,157.500000,1901.400000,4.519302,1.291154,10.978752,16.789208,,,,,,,,,,1.000000,0.000000
2014,3,-40.000000,175.000000,-37.500000,177.500000,2095.920000,0.036738,8.739360,11.685561,20.461659,,,,,,,,,,1.000000,0.000000
2014,3,-45.000000,150.000000,-42.500000,152.500000,1236.600000,0.000000,0.000000,6.637555,6.637555,,,,,,,,,,1.000000,0.000000
2014,3,-45.000000,170.000000,-42.500000,172.500000,1413.670000,0.000000,0.000000,6.710194,6.710194,,,,,,,,,,1.000000,0.000000
2014,4,0.000000,120.000000,2.500000,122.500000,18085.370000,19.856547,5.059338,0.000000,24.915885,29.524574,0.600128,12.801483,0.338002,137.194867,0.023141,0.073867,0.114502,201.658249,0.866025,-0.500000
2014,4,0.000000,125.000000,2.500000,127.500000,24005.130000,19.893331,5.060377,0.000000,24.953708,29.412233,0.576629,13.101543,0.411065,135.946909,0.051521,0.133091,0.111672,201.187225,0.866025,-0.500000
2014,4,0.000000,130.000000,2.500000,132.500000,5919.760000,20.005710,5.063550,0.000000,25.069260,29.188336,0.615127,12.587338,0.338431,117.760327,0.014254,0.006113,0.119922,201.593033,0.866025,-0.500000
2014,4,0.000000,135.000000,2.500000,137.500000,2228.050000,7.844079,3.401629,2.356321,13.602029,29.323583,0.631575,12.950191,0.206668,0.396486,0.018701,0.000000,0.141016,201.509811,0.866025,-0.500000
2014,4,0.000000,140.000000,2.500000,142.500000,3393.140000,9.161720,2.788568,0.358960,12.309247,29.463067,0.665024,13.930471,0.143595,0.286993,0.012543,0.000000,0.118544,200.326080,0.866025,-0.500000
2014,4,0.000000,155.000000,2.500000,157.500000,10753.020000,40.678061,6.940655,0.327164,47.945879,29.798497,0.690197,16.853678,0.131763,0.232214,0.014789,0.000000,0.098866,199.896500,0.866025,-0.500000
2014,4,0.000000,-155.000000,2.500000,-152.500000,10307.480000,6.635278,18.966712,0.154063,25.756053,,,,,,,,,,0.866025,-0.500000
2014,4,0.000000,160.000000,2.500000,162.500000,12335.340000,21.401437,9.782706,1.237177,32.421320,29.664345,0.685449,20.215631,0.151736,0.245195,0.020302,0.000000,0.095261,199.463608,0.866025,-0.500000
2014,4,0.000000,-160.000000,2.500000,-157.500000,7327.820000,11.154204,23.030178,0.565243,34.749625,,,,,,,,,,0.866025,-0.500000
2014,4,0.000000,-165.000000,2.500000,-162.500000,10303.830000,8.391928,30.269521,0.532326,39.193776,,,,,,,,,,0.866025,-0.500000
2014,4,0.000000,170.000000,2.500000,172.500000,9046.140000,20.612217,14.980865,0.897068,36.490149,29.597501,0.704235,19.510170,0.276246,132.657882,0.016613,0.019537,0.130842,198.955093,0.866025,-0.500000
2014,4,0.000000,-170.000000,2.500000,-167.500000,2383.830000,6.938414,18.192153,0.043627,25.174194,,,,,,,,,,0.866025,-0.500000
2014,4,0.000000,175.000000,2.500000,177.500000,8576.220000,13.108806,23.104351,0.225624,36.438781,29.490181,0.691578,25.182816,0.242425,0.399747,0.012059,0.000000,0.201036,199.183411,0.866025,-0.500000
2014,4,0.000000,-175.000000,2.500000,-172.500000,13346.670000,6.906292,24.795773,0.107443,31.809508,,,,,,,,,,0.866025,-0.500000
2014,4,0.000000,-180.000000,2.500000,-177.500000,1541.480000,13.634948,32.138594,0.361341,46.134883,,,,,,,,,,0.866025,-0.500000
2014,4,5.000000,130.000000,7.500000,132.500000,1229.610000,5.811599,11.274306,1.059686,18.145591,29.045938,0.446499,14.737302,0.548542,130.661415,0.083200,0.009755,0.091778,200.879791,0.866025,-0.500000
2014,4,5.000000,135.000000,7.500000,137.500000,6340.070000,9.520400,16.113229,0.002050,25.635679,29.393799,0.569068,15.796704,0.274698,130.198268,0.060122,0.006954,0.093674,199.950928,0.866025,-0.500000
2014,4,5.000000,140.000000,7.500000,142.500000,1773.680000,5.322268,27.238284,0.343354,32.903906,29.380982,0.611551,17.864307,0.167710,0.465932,0.021377,0.000000,0.087541,199.637115,0.866025,-0.500000
2014,4,5.000000,155.000000,7.500000,157.500000,3221.840000,31.365928,16.179885,1.439240,48.985052,29.141893,0.625549,27.446637,0.196524,123.826955,0.028411,0.003336,0.074619,199.227112,0.866025,-0.500000
2014,4,5.000000,160.000000,7.500000,162.500000,2879.800000,9.090909,34.479478,2.794639,46.365025,28.975716,0.610038,32.056686,0.202994,0.350479,0.032396,0.000000,0.065380,198.824829,0.866025,-0.500000
2014,4,5.000000,165.000000,7.500000,167.500000,3888.010000,5.236869,19.123665,0.643774,25.004308,28.758712,0.598291,28.314694,0.210379,129.517597,0.025034,0.041643,0.094050,199.551270,0.866025,-0.500000
2014,4,5.000000,170.000000,7.500000,172.500000,1284.520000,9.107682,11.848784,0.385358,21.341824,28.684520,0.575363,31.608378,0.239878,129.730485,0.034054,0.028129,0.131618,199.825638,0.866025,-0.500000
2014,4,5.000000,175.000000,7.500000,177.500000,3963.790000,10.055780,17.952767,0.017912,28.026460,28.720385,0.570445,42.260423,0.176569,0.552498,0.042863,0.000000,0.146459,200.114624,0.866025,-0.500000
2014,4,5.000000,-180.000000,7.500000,-177.500000,1911.270000,6.482077,17.335594,0.077435,23.895106,,,,,,,,,,0.866025,-0.500000
2014,4,-5.000000,120.000000,-2.500000,122.500000,23679.030000,20.005760,5.063552,0.000000,25.069312,30.137280,0.628471,11.680500,0.107089,138.880260,0.011669,0.222490,0.109790,201.049744,0.866025,-0.500000
2014,4,-5.000000,125.000000,-2.500000,127.500000,35518.540000,20.005749,5.063553,0.000000,25.069302,29.876360,0.627040,12.680772,0.117654,135.223666,0.005554,0.139319,0.103239,201.155212,0.866025,-0.500000
2014,4,-5.000000,130.000000,-2.500000,132.500000,11839.510000,20.005727,5.063554,0.000000,25.069281,29.767325,0.631410,12.797319,0.130353,138.405972,0.012684,0.273066,0.150535,199.916901,0.866025,-0.500000
2014,4,-5.000000,-155.000000,-2.500000,-152.500000,17936.270000,6.227605,18.450770,0.456951,25.135326,,,,,,,,,,0.866025,-0.500000
2014,4,-5.000000,160.000000,-2.500000,162.500000,8491.900000,21.286873,11.645804,0.100213,33.032890,29.773503,0.719843,18.434537,0.220487,0.238244,0.024978,0.000000,0.163329,198.561783,0.866025,-0.500000
2014,4,-5.000000,-160.000000,-2.500000,-157.500000,3802.810000,10.617412,16.690553,0.593246,27.901210,,,,,,,,,,0.866025,-0.500000
2014,4,-5.000000,165.000000,-2.500000,167.500000,1843.770000,5.458381,12.985893,0.041220,18.485494,29.722446,0.729091,18.581238,0.167169,0.223265,0.017227,0.000000,0.156232,198.856369,0.866025,-0.500000
2014,4,-5.000000,-165.000000,-2.500000,-162.500000,1392.800000,58.334291,35.501867,15.602384,109.438541,,,,,,,,,,0.866025,-0.500000
2014,4,-5.000000,170.000000,-2.500000,172.500000,1732.830000,13.177288,14.817380,1.631435,29.626103,29.694057,0.727434,18.745961,0.207244,132.628401,0.016004,0.009476,0.154852,199.233582,0.866025,-0.500000
2014,4,-5.000000,-170.000000,-2.500000,-167.500000,1729.570000,6.114236,9.232931,0.338234,15.685402,,,,,,,,,,0.866025,-0.500000
2014,4,-5.000000,175.000000,-2.500000,177.500000,9558.150000,4.255426,3.520870,4.244022,12.020318,29.591574,0.719344,18.843399,0.329658,93.724073,0.030095,0.001668,0.182683,199.949615,0.866025,-0.500000
2014,4,-5.000000,-175.000000,-2.500000,-172.500000,3140.150000,20.582775,15.751795,0.731175,37.065745,,,,,,,,,,0.866025,-0.500000
2014,4,-5.000000,-180.000000,-2.500000,-177.500000,4151.310000,7.607237,16.793253,0.758556,25.159046,,,,,,,,,,0.866025,-0.500000
2014,4,10.000000,110.000000,12.500000,112.500000,16255.550000,14.870552,3.011771,0.000000,17.882323,29.365172,0.700926,11.290408,0.172060,1.493672,0.035777,0.040278,0.091329,205.108978,0.866025,-0.500000
2014,4,10.000000,115.000000,12.500000,117.500000,16255.550000,14.870552,3.011771,0.000000,17.882323,29.323623,0.678555,11.409021,0.145046,132.346418,0.028532,0.065834,0.111167,203.619949,0.866025,-0.500000
2014,4,10.000000,125.000000,12.500000,127.500000,1706.730000,2.463776,7.473941,0.469319,10.407036,28.601592,0.808418,17.980430,0.263350,128.894230,0.078615,0.035900,0.090259,201.734558,0.866025,-0.500000
2014,4,10.000000,130.000000,12.500000,132.500000,10438.730000,7.773168,18.162842,8.151950,34.087959,28.867753,0.835164,21.861003,0.288279,0.499401,0.097762,0.000000,0.086202,200.888962,0.866025,-0.500000
2014,4,10.000000,135.000000,12.500000,137.500000,5986.850000,4.830587,2.884656,10.943819,18.659061,28.815681,0.814261,19.662083,0.222525,116.340343,0.075602,0.001946,0.090396,201.285187,0.866025,-0.500000
2014,4,10.000000,140.000000,12.500000,142.500000,2838.410000,3.817983,3.486811,2.284025,9.588819,28.848086,0.793821,18.549251,0.216930,91.218916,0.072449,0.004174,0.092919,200.996948,0.866025,-0.500000
2014,4,10.000000,145.000000,12.500000,147.500000,1653.900000,2.093839,0.383941,0.257573,2.735353,28.660309,0.832967,23.559222,0.204890,90.508749,0.062476,0.004447,0.089777,201.176132,0.866025,-0.500000
2014,4,10.000000,150.000000,12.500000,152.500000,8390.120000,1.892106,0.338732,1.885194,4.116032,28.461205,0.807919,26.381600,0.202164,0.623992,0.057160,0.000000,0.088308,201.488022,0.866025,-0.500000
2014,4,10.000000,155.000000,12.500000,157.500000,30188.800000,2.022969,1.313235,1.113824,4.450028,28.326120,0.783725,29.034803,0.188455,0.749164,0.041446,0.000833,0.081402,201.810944,0.866025,-0.500000
2014,4,10.000000,160.000000,12.500000,162.500000,3999.710000,6.395714,23.340942,0.494036,30.230692,28.071696,0.764656,32.545934,0.211245,126.469310,0.058754,0.005574,0.079816,202.526443,0.866025,-0.500000
2014,4,10.000000,-165.000000,12.500000,-162.500000,1389.900000,0.606518,13.672207,0.057558,14.336283,,,,,,,,,,0.866025,-0.500000
2014,4,10.000000,170.000000,12.500000,172.500000,1368.240000,12.643981,19.646407,0.803953,33.094340,27.550550,0.686547,36.439814,0.196611,56.415969,0.061782,0.006113,0.059367,203.785004,0.866025,-0.500000
2014,4,10.000000,-170.000000,12.500000,-167.500000,7904.840000,1.427986,20.904408,0.924117,23.256511,,,,,,,,,,0.866025,-0.500000
2014,4,10.000000,175.000000,12.500000,177.500000,1115.740000,15.682865,13.525553,3.522326,32.730744,27.374005,0.628365,42.059425,0.195421,0.566828,0.063569,0.000000,0.059701,204.334702,0.866025,-0.500000
2014,4,10.000000,-175.000000,12.500000,-172.500000,9868.960000,3.089485,24.689430,0.347554,28.126469,,,,,,,,,,0.866025,-0.500000
2014,4,-10.000000,155.000000,-7.500000,157.500000,7165.590000,13.051403,6.171578,0.695546,19.918527,29.464496,0.753324,16.599838,0.207665,133.915830,0.045281,0.105529,0.117520,199.363800,0.866025,-0.500000
2014,4,-10.000000,160.000000,-7.500000,162.500000,14894.080000,9.738232,6.199846,3.532813,19.470890,29.513808,0.752260,18.481298,0.226902,130.723323,0.059927,0.031973,0.103299,198.917068,0.866025,-0.500000
2014,4,-10.000000,-160.000000,-7.500000,-157.500000,1339.710000,22.766121,5.671377,25.514477,53.951975,,,,,,,,,,0.866025,-0.500000
2014,4,-10.000000,165.000000,-7.500000,167.500000,6818.040000,6.710286,6.684032,4.724378,18.118697,29.700628,0.756869,18.039026,0.122088,0.431337,0.031238,0.000000,0.119862,199.344772,0.866025,-0.500000
2014,4,-10.000000,-165.000000,-7.500000,-162.500000,1043.150000,9.783828,6.689354,19.517807,35.990989,,,,,,,,,,0.866025,-0.500000
2014,4,-10.000000,-175.000000,-7.500000,-172.500000,2186.660000,10.262684,6.551544,8.646063,25.460291,,,,,,,,,,0.866025,-0.500000
2014,4,-10.000000,-180.000000,-7.500000,-177.500000,3968.300000,8.688103,9.014691,5.561323,23.264118,,,,,,,,,,0.866025,-0.500000
2014,4,15.000000,110.000000,17.500000,112.500000,16255.550000,14.870552,3.011771,0.000000,17.882323,27.890848,0.624945,10.850312,0.197408,121.096711,0.076878,0.208826,0.102164,208.576736,0.866025,-0.500000
2014,4,15.000000,115.000000,17.500000,117.500000,17707.680000,14.767886,2.810024,0.000000,17.577910,27.958906,0.593841,11.018033,0.152377,130.321327,0.076312,0.264345,0.098918,206.998245,0.866025,-0.500000
2014,4,15.000000,120.000000,17.500000,122.500000,2848.740000,9.054178,0.650463,0.355596,10.060237,27.684155,0.859205,14.163267,0.317199,131.832599,0.141442,0.296990,0.106791,205.480057,0.866025,-0.500000
2014,4,15.000000,125.000000,17.500000,127.500000,16324.700000,1.831580,0.162269,0.499243,2.493093,27.339918,0.943511,16.942394,0.195045,2.112761,0.051665,0.093889,0.083836,206.306198,0.866025,-0.500000
2014,4,15.000000,130.000000,17.500000,132.500000,10717.430000,1.468636,0.627669,2.548559,4.644864,27.417088,0.953417,17.321417,0.167701,1.527345,0.048749,0.088889,0.084484,205.802689,0.866025,-0.500000
2014,4,15.000000,135.000000,17.500000,137.500000,10842.110000,3.749270,2.286548,13.400989,19.436807,27.582756,0.909542,16.442696,0.164847,2.366129,0.037075,0.150833,0.087182,204.852829,0.866025,-0.500000
2014,4,15.000000,140.000000,17.500000,142.500000,13181.250000,1.775704,2.239848,4.315145,8.330697,27.738110,0.889515,15.337078,0.166319,2.530377,0.046888,0.157500,0.085524,203.882339,0.866025,-0.500000
2014,4,15.000000,150.000000,17.500000,152.500000,5526.110000,2.265970,1.867498,17.461107,21.594576,27.769328,0.942109,20.220930,0.138890,0.975264,0.047408,0.009722,0.076101,203.476517,0.866025,-0.500000
2014,4,15.000000,155.000000,17.500000,157.500000,1168.300000,1.303604,1.727296,23.207224,26.238124,27.553434,0.899321,23.574532,0.166229,1.719590,0.048676,0.048056,0.060343,203.913925,0.866025,-0.500000
2014,4,15.000000,160.000000,17.500000,162.500000,9606.700000,0.411067,0.077134,0.000000,0.488201,27.337535,0.908084,26.159281,0.174889,1.567102,0.049019,0.013889,0.058403,204.837357,0.866025,-0.500000
2014,4,15.000000,-165.000000,17.500000,-162.500000,3252.390000,0.820935,11.841138,0.319150,12.981223,,,,,,,,,,0.866025,-0.500000
2014,4,-15.000000,-135.000000,-12.500000,-132.500000,9289.270000,2.082403,4.134663,40.239115,46.456180,,,,,,,,,,0.866025,-0.500000
2014,4,-15.000000,-145.000000,-12.500000,-142.500000,3936.510000,12.833195,9.230003,21.580537,43.643735,,,,,,,,,,0.866025,-0.500000
2014,4,-15.000000,150.000000,-12.500000,152.500000,1195.080000,36.371624,0.000000,10.293872,46.665495,28.438209,0.629869,17.702847,0.178910,129.081336,0.040892,0.034726,0.087273,200.086258,0.866025,-0.500000
2014,4,-15.000000,-150.000000,-12.500000,-147.500000,5770.180000,8.441504,5.867928,24.326624,38.636056,,,,,,,,,,0.866025,-0.500000
2014,4,-15.000000,155.000000,-12.500000,157.500000,19522.590000,11.277961,1.163217,12.351230,24.792407,28.586198,0.627365,18.238625,0.219964,1.097183,0.045381,0.050833,0.081042,199.406525,0.866025,-0.500000
2014,4,-15.000000,-155.000000,-12.500000,-152.500000,4204.140000,13.037149,6.230525,22.194313,41.461987,,,,,,,,,,0.866025,-0.500000
2014,4,-15.000000,160.000000,-12.500000,162.500000,19990.170000,5.231271,1.247913,12.157675,18.636860,28.676785,0.618520,20.512566,0.161470,129.520237,0.030446,0.023615,0.082310,199.254181,0.866025,-0.500000
2014,4,-15.000000,-160.000000,-12.500000,-157.500000,9181.010000,5.570084,3.076023,16.768090,25.414197,,,,,,,,,,0.866025,-0.500000
2014,4,-15.000000,165.000000,-12.500000,167.500000,4350.020000,3.488949,1.073099,11.020409,15.582457,29.059398,0.640944,22.140830,0.129500,127.768080,0.022924,0.024567,0.077093,198.463623,0.866025,-0.500000
2014,4,-15.000000,-165.000000,-12.500000,-162.500000,11950.970000,16.557987,0.580873,22.865508,40.004368,,,,,,,,,,0.866025,-0.500000
2014,4,-15.000000,170.000000,-12.500000,172.500000,18532.720000,7.899758,1.287129,6.175240,15.362127,29.422089,0.683453,25.278652,0.082687,0.410912,0.014257,0.000000,0.071205,197.920227,0.866025,-0.500000
2014,4,-15.000000,-170.000000,-12.500000,-167.500000,3151.690000,9.260746,2.302574,12.482827,24.046147,,,,,,,,,,0.866025,-0.500000
2014,4,-15.000000,175.000000,-12.500000,177.500000,9805.210000,7.344157,1.170194,9.802442,18.316793,29.454282,0.660639,24.602710,0.139488,0.426272,0.035743,0.000000,0.069875,197.666565,0.866025,-0.500000
2014,4,-15.000000,-175.000000,-12.500000,-172.500000,4148.490000,13.501539,3.303371,15.077052,31.881962,,,,,,,,,,0.866025,-0.500000
2014,4,20.000000,115.000000,22.500000,117.500000,2357.800000,0.625583,0.033082,0.024599,0.683264,24.591989,0.577721,12.436949,0.211711,107.037679,0.084930,0.592699,0.221922,214.059113,0.866025,-0.500000
2014,4,20.000000,120.000000,22.500000,122.500000,4745.130000,8.254358,0.236031,0.243829,8.734218,25.720415,0.828759,17.418584,0.322290,117.205252,0.174368,0.524528,0.162529,211.333359,0.866025,-0.500000
2014,4,20.000000,125.000000,22.500000,127.500000,2577.600000,1.658520,0.472921,0.536546,2.667986,25.010509,0.993354,18.370778,0.201215,74.039224,0.096060,0.404391,0.106143,217.307480,0.866025,-0.500000
2014,4,20.000000,135.000000,22.500000,137.500000,1851.030000,0.775784,0.587241,4.627694,5.990719,24.325496,0.953074,19.568469,0.173007,4.318798,0.068980,0.399167,0.085322,217.046158,0.866025,-0.500000
2014,4,20.000000,150.000000,22.500000,152.500000,2851.170000,0.952942,0.095399,0.810544,1.858886,25.276116,0.866006,15.190123,0.151993,3.921426,0.046778,0.430278,0.070881,213.834915,0.866025,-0.500000
2014,4,20.000000,160.000000,22.500000,162.500000,4108.960000,1.121695,0.056949,0.237530,1.416173,25.815693,0.837183,16.227667,0.197337,2.741757,0.073398,0.348889,0.068058,211.378021,0.866025,-0.500000
2014,4,-20.000000,-150.000000,-17.500000,-147.500000,1347.940000,4.961645,2.259003,12.730537,19.951185,,,,,,,,,,0.866025,-0.500000
2014,4,-20.000000,-155.000000,-17.500000,-152.500000,1959.240000,11.543762,1.990568,10.307568,23.841898,,,,,,,,,,0.866025,-0.500000
2014,4,-20.000000,165.000000,-17.500000,167.500000,6612.110000,5.601691,0.899410,7.880540,14.381642,27.973845,0.685300,24.126365,0.132815,127.799853,0.045812,0.141507,0.090013,202.284546,0.866025,-0.500000
2014,4,-20.000000,170.000000,-17.500000,172.500000,18315.650000,5.041699,0.485050,10.186917,15.713666,28.203080,0.730830,27.252098,0.093098,1.618042,0.019375,0.145278,0.086407,201.198883,0.866025,-0.500000
2014,4,-20.000000,-170.000000,-17.500000,-167.500000,1026.400000,11.058067,1.378605,14.931800,27.368472,,,,,,,,,,0.866025,-0.500000
2014,4,-20.000000,175.000000,-17.500000,177.500000,13853.900000,14.845206,1.821292,10.372964,27.039462,28.552691,0.766404,28.831792,0.114555,129.798013,0.028991,0.179148,0.094179,200.326691,0.866025,-0.500000
2014,4,-20.000000,-175.000000,-17.500000,-172.500000,2926.700000,12.831517,1.102265,14.827622,28.761404,,,,,,,,,,0.866025,-0.500000
2014,4,25.000000,125.000000,27.500000,127.500000,2622.550000,11.093401,0.039275,2.081181,13.213857,21.467254,0.748038,24.660988,0.237978,96.769209,0.223982,0.656557,0.323470,226.673386,0.866025,-0.500000
2014,4,25.000000,130.000000,27.500000,132.500000,6452.310000,1.189496,1.356878,12.578441,15.124816,21.208170,0.852760,25.193544,0.186142,44.319291,0.103728,0.473465,0.343762,231.507538,0.866025,-0.500000
2014,4,25.000000,135.000000,27.500000,137.500000,2597.650000,0.016938,0.488903,5.503436,6.009278,21.008586,0.900227,31.657233,0.140447,5.022900,0.062547,0.424167,0.366001,232.160599,0.866025,-0.500000
2014,4,25.000000,155.000000,27.500000,157.500000,1182.350000,0.000000,0.077811,0.000000,0.077811,21.225953,0.815895,22.660291,0.140163,6.286861,0.060008,0.660000,0.079893,231.633148,0.866025,-0.500000
2014,4,25.000000,-155.000000,27.500000,-152.500000,1734.660000,0.525751,6.365513,0.168333,7.059597,,,,,,,,,,0.866025,-0.500000
2014,4,25.000000,160.000000,27.500000,162.500000,4794.350000,0.075923,0.192518,0.033373,0.301814,21.132717,0.769053,20.331051,0.134510,4.315223,0.067492,0.553889,0.060141,230.471008,0.866025,-0.500000
2014,4,25.000000,165.000000,27.500000,167.500000,2282.500000,0.076670,0.368018,0.006134,0.450821,21.956342,0.785313,20.831045,0.156344,4.869307,0.072304,0.588333,0.059937,229.287476,0.866025,-0.500000
2014,4,-25.000000,-135.000000,-22.500000,-132.500000,5620.000000,0.258007,0.452135,19.730249,20.440391,,,,,,,,,,0.866025,-0.500000
2014,4,-25.000000,150.000000,-22.500000,152.500000,1540.240000,24.495533,11.822833,2.615177,38.933543,26.561759,0.668275,31.176148,0.184726,116.329244,0.096735,0.242633,0.143292,206.138840,0.866025,-0.500000
2014,4,-25.000000,155.000000,-22.500000,157.500000,2202.740000,22.706720,5.496790,19.420812,47.624322,26.143893,0.795190,34.856396,0.168167,52.406781,0.054041,0.207558,0.074110,208.046371,0.866025,-0.500000
2014,4,-25.000000,160.000000,-22.500000,162.500000,3511.440000,1.941938,0.537671,20.171497,22.651106,25.930557,0.680642,27.093102,0.168700,119.820849,0.090753,0.284548,0.078706,207.659836,0.866025,-0.500000
2014,4,-25.000000,-165.000000,-22.500000,-162.500000,1428.000000,0.934874,0.616246,12.850140,14.401261,,,,,,,,,,0.866025,-0.500000
2014,4,-25.000000,170.000000,-22.500000,172.500000,7539.180000,1.543271,0.675936,11.930873,14.150080,26.211126,0.733198,28.282649,0.168142,2.992022,0.071859,0.200278,0.076056,207.945847,0.866025,-0.500000
2014,4,-25.000000,-175.000000,-22.500000,-172.500000,2682.460000,2.327714,1.981763,7.943082,12.252559,,,,,,,,,,0.866025,-0.500000
2014,4,30.000000,130.000000,32.500000,132.500000,10287.710000,1.748494,2.593288,17.631232,21.973014,18.726695,0.575652,27.420382,0.341364,92.627193,0.273655,0.668593,0.741631,242.735291,0.866025,-0.500000
2014,4,30.000000,135.000000,32.500000,137.500000,13830.580000,0.700911,5.531800,20.821108,27.053818,18.527667,0.815646,41.578771,0.430387,87.239462,0.439906,0.378890,0.826270,237.241043,0.866025,-0.500000
2014,4,30.000000,140.000000,32.500000,142.500000,5585.270000,0.455842,9.008875,7.585130,17.049847,18.749126,0.927581,52.350479,0.261734,29.085739,0.202422,0.339722,0.897990,244.357239,0.866025,-0.500000
2014,4,30.000000,145.000000,32.500000,147.500000,5460.280000,0.055309,10.513563,23.533225,34.102097,17.835937,0.852121,56.633709,0.281568,4.055263,0.225308,0.340278,0.873096,248.595062,0.866025,-0.500000
2014,4,30.000000,150.000000,32.500000,152.500000,1300.070000,0.011538,3.374434,12.177806,15.563777,17.524224,0.851531,65.341276,0.305101,4.026672,0.212982,0.339444,0.827724,251.219162,0.866025,-0.500000
2014,4,30.000000,175.000000,32.500000,177.500000,1217.270000,0.000000,0.000000,0.000000,0.000000,17.145751,0.585312,30.551615,0.195034,6.701781,0.131936,0.403889,0.332409,255.169739,0.866025,-0.500000
2014,4,-30.000000,155.000000,-27.500000,157.500000,1004.770000,6.634354,8.696518,8.951302,24.282174,24.555317,0.679887,34.289582,0.250358,4.487756,0.116409,0.194444,0.086766,213.979858,0.866025,-0.500000
2014,4,35.000000,140.000000,37.500000,142.500000,13768.980000,0.430606,12.967264,4.587123,17.984992,13.242908,0.234020,28.745510,0.363683,77.662885,0.392308,0.796092,1.306876,243.306381,0.866025,-0.500000
2014,4,35.000000,145.000000,37.500000,147.500000,2194.930000,0.142601,8.831717,7.379734,16.354052,12.718716,0.065115,38.123258,0.273573,21.448134,0.197361,0.848056,1.223648,250.301392,0.866025,-0.500000
2014,4,35.000000,150.000000,37.500000,152.500000,1163.650000,0.108280,3.077386,6.606798,9.792463,14.109211,0.299789,59.908176,0.333151,7.916530,0.269534,0.698333,0.986053,250.636780,0.866025,-0.500000
2014,4,-35.000000,-150.000000,-32.500000,-147.500000,1304.020000,0.000000,0.419472,17.774267,18.193739,,,,,,,,,,0.866025,-0.500000
2014,4,-35.000000,160.000000,-32.500000,162.500000,2426.000000,0.721352,0.772465,38.911789,40.405606,22.470133,0.497695,36.465721,0.210790,3.221877,0.110374,0.393611,0.105676,219.566193,0.866025,-0.500000
2014,4,-35.000000,-165.000000,-32.500000,-162.500000,1397.260000,0.243333,0.470922,18.073945,18.788200,,,,,,,,,,0.866025,-0.500000
2014,4,-40.000000,155.000000,-37.500000,157.500000,2445.640000,0.905693,1.031632,30.217857,32.155182,,,,,,,,,,0.866025,-0.500000
2014,4,-40.000000,175.000000,-37.500000,177.500000,1668.850000,0.000000,5.851335,12.159871,18.011205,,,,,,,,,,0.866025,-0.500000
2014,4,-45.000000,150.000000,-42.500000,152.500000,5271.600000,0.101108,0.180021,13.640261,13.921390,,,,,,,,,,0.866025,-0.500000
2014,4,-45.000000,155.000000,-42.500000,157.500000,14509.410000,0.086978,0.185742,17.596374,17.869093,,,,,,,,,,0.866025,-0.500000
2014,4,-45.000000,160.000000,-42.500000,162.500000,1104.800000,0.248914,0.853548,36.411115,37.513577,,,,,,,,,,0.866025,-0.500000
2014,4,-45.000000,170.000000,-42.500000,172.500000,1115.840000,0.000000,0.000000,7.246559,7.246559,,,,,,,,,,0.866025,-0.500000
2014,5,0.000000,120.000000,2.500000,122.500000,19081.880000,18.819582,4.795125,0.000000,23.614707,30.137704,0.614222,11.668074,0.220594,140.196038,0.019973,0.084420,0.115487,201.773788,0.500000,-0.866025
2014,5,0.000000,125.000000,2.500000,127.500000,25327.820000,18.854445,4.796110,0.000000,23.650555,30.292994,0.592001,11.228153,0.426046,139.386615,0.036562,0.137629,0.109257,200.779938,0.500000,-0.866025
2014,5,0.000000,130.000000,2.500000,132.500000,6245.940000,18.960957,4.799118,0.000000,23.760075,30.005933,0.648485,11.665169,0.423134,119.574828,0.024389,0.010003,0.111674,201.333862,0.500000,-0.866025
2014,5,0.000000,135.000000,2.500000,137.500000,2977.400000,3.057030,1.834486,0.193793,5.085309,29.907728,0.645927,12.158532,0.496629,0.436834,0.037939,0.000000,0.111518,201.092407,0.500000,-0.866025
2014,5,0.000000,140.000000,2.500000,142.500000,3057.650000,9.456282,4.166926,0.405540,14.028748,29.927088,0.661454,13.127029,0.283789,0.231084,0.018055,0.000000,0.101830,200.157074,0.500000,-0.866025
2014,5,0.000000,150.000000,2.500000,152.500000,7507.570000,28.070734,14.142659,0.029570,42.242963,30.030272,0.674138,14.150162,0.283121,0.299275,0.016334,0.000000,0.093451,200.126801,0.500000,-0.866025
2014,5,0.000000,155.000000,2.500000,157.500000,10027.550000,21.745391,8.705516,0.167638,30.618546,29.946394,0.689013,15.931426,0.328637,0.199408,0.016452,0.000000,0.086170,199.654007,0.500000,-0.866025
2014,5,0.000000,-155.000000,2.500000,-152.500000,1900.580000,8.613160,24.285744,0.146797,33.045702,,,,,,,,,,0.500000,-0.866025
2014,5,0.000000,160.000000,2.500000,162.500000,12606.260000,23.154052,11.208955,0.806821,35.169828,29.940625,0.682112,17.756687,0.265714,0.253381,0.016180,0.000000,0.083720,199.264297,0.500000,-0.866025
2014,5,0.000000,165.000000,2.500000,167.500000,3266.320000,11.654400,17.609420,0.397695,29.661515,29.942449,0.669197,17.500856,0.276150,93.658759,0.021408,0.002779,0.083888,199.341507,0.500000,-0.866025
2014,5,0.000000,-165.000000,2.500000,-162.500000,2843.470000,10.075717,30.081907,0.556362,40.713987,,,,,,,,,,0.500000,-0.866025
2014,5,0.000000,170.000000,2.500000,172.500000,2463.430000,7.132332,17.619742,0.050742,24.802816,29.873507,0.654012,18.676043,0.221630,133.446971,0.022908,0.019537,0.104128,199.383026,0.500000,-0.866025
2014,5,0.000000,-170.000000,2.500000,-167.500000,6367.980000,6.561421,26.329700,0.122802,33.013923,,,,,,,,,,0.500000,-0.866025
2014,5,0.000000,175.000000,2.500000,177.500000,5051.540000,7.236407,16.875646,0.079184,24.191237,29.782827,0.639671,22.189162,0.243908,0.266179,0.017784,0.000000,0.126505,199.353333,0.500000,-0.866025
2014,5,0.000000,-175.000000,2.500000,-172.500000,4082.870000,7.546407,37.971819,0.243211,45.761437,,,,,,,,,,0.500000,-0.866025
2014,5,0.000000,-180.000000,2.500000,-177.500000,1078.930000,6.091220,14.188131,0.059318,20.338669,,,,,,,,,,0.500000,-0.866025
2014,5,5.000000,130.000000,7.500000,132.500000,1219.490000,11.278485,8.655258,0.000000,19.933743,29.987310,0.519546,13.888474,0.576455,134.233163,0.094104,0.009755,0.101955,200.329895,0.500000,-0.866025
2014,5,5.000000,135.000000,7.500000,137.500000,5650.260000,6.438996,17.345750,0.000000,23.784746,29.989615,0.547923,14.126632,0.383511,132.679864,0.073688,0.006954,0.101862,199.804611,0.500000,-0.866025
2014,5,5.000000,145.000000,7.500000,147.500000,1083.590000,16.405652,31.628199,0.378372,48.412222,29.713700,0.619857,19.557152,0.201407,0.649021,0.035848,0.000000,0.086361,198.882278,0.500000,-0.866025
2014,5,5.000000,155.000000,7.500000,157.500000,4107.820000,14.362606,21.057641,1.741800,37.162047,29.336753,0.622237,23.647052,0.241416,124.405959,0.043454,0.003336,0.077050,198.979523,0.500000,-0.866025
2014,5,5.000000,160.000000,7.500000,162.500000,1865.570000,9.762700,28.611095,2.846851,41.220646,29.159137,0.599427,26.154661,0.205519,0.438906,0.033427,0.000000,0.064920,198.865189,0.500000,-0.866025
2014,5,5.000000,165.000000,7.500000,167.500000,3754.520000,16.631154,19.869384,0.661869,37.162407,29.019034,0.561337,23.157584,0.242135,131.299821,0.033260,0.041643,0.070461,199.038223,0.500000,-0.866025
2014,5,5.000000,-165.000000,7.500000,-162.500000,1012.810000,14.464707,21.430476,1.455357,37.350540,,,,,,,,,,0.500000,-0.866025
2014,5,5.000000,170.000000,7.500000,172.500000,7219.420000,6.880193,9.208773,0.142117,16.231082,29.009335,0.552925,24.015407,0.198246,130.711198,0.026306,0.027848,0.086570,199.423248,0.500000,-0.866025
2014,5,5.000000,-175.000000,7.500000,-172.500000,2373.890000,5.780807,32.377237,0.644512,38.802556,,,,,,,,,,0.500000,-0.866025
2014,5,-5.000000,120.000000,-2.500000,122.500000,24983.760000,18.960997,4.799118,0.000000,23.760115,30.034139,0.616000,13.479683,0.098880,138.615435,0.011058,0.220482,0.096975,200.503204,0.500000,-0.866025
2014,5,-5.000000,125.000000,-2.500000,127.500000,37475.640000,18.960984,4.799118,0.000000,23.760101,29.999982,0.602094,12.568005,0.138757,137.400023,0.011064,0.151703,0.097730,200.543060,0.500000,-0.866025
2014,5,-5.000000,130.000000,-2.500000,132.500000,12491.880000,18.960957,4.799118,0.000000,23.760075,29.851800,0.605862,12.162896,0.185238,139.398392,0.023352,0.275134,0.144817,199.538559,0.500000,-0.866025
2014,5,-5.000000,140.000000,-2.500000,142.500000,1280.450000,4.433598,0.221797,0.000000,4.655395,29.596578,0.672587,13.023572,0.419359,132.085638,0.017833,0.037168,0.138733,200.590775,0.500000,-0.866025
2014,5,-5.000000,145.000000,-2.500000,147.500000,1311.660000,4.676517,0.043456,0.000000,4.719973,29.721789,0.677210,14.095558,0.243016,131.354569,0.013264,0.025663,0.144378,200.655762,0.500000,-0.866025
2014,5,-5.000000,-155.000000,-2.500000,-152.500000,4669.590000,19.774970,21.443424,2.868988,44.087382,,,,,,,,,,0.500000,-0.866025
2014,5,-5.000000,160.000000,-2.500000,162.500000,27855.560000,25.545349,10.958782,0.204627,36.708758,30.105170,0.719284,17.126480,0.338623,0.150819,0.028848,0.000000,0.110812,198.987030,0.500000,-0.866025
2014,5,-5.000000,-160.000000,-2.500000,-157.500000,6095.850000,8.506279,17.316535,1.002649,26.825463,,,,,,,,,,0.500000,-0.866025
2014,5,-5.000000,165.000000,-2.500000,167.500000,2350.770000,12.863019,14.422508,0.638514,27.924042,30.222242,0.718571,16.643016,0.379791,0.139542,0.036189,0.000000,0.122692,199.511505,0.500000,-0.866025
2014,5,-5.000000,-165.000000,-2.500000,-162.500000,6728.190000,10.415431,34.971515,1.914482,47.301429,,,,,,,,,,0.500000,-0.866025
2014,5,-5.000000,170.000000,-2.500000,172.500000,2634.910000,10.203385,15.356122,0.795473,26.354980,30.146636,0.704047,16.694170,0.352694,135.253167,0.037216,0.009476,0.120310,199.385941,0.500000,-0.866025
2014,5,-5.000000,-170.000000,-2.500000,-167.500000,15277.290000,11.865652,31.348688,1.204468,44.418807,,,,,,,,,,0.500000,-0.866025
2014,5,-5.000000,175.000000,-2.500000,177.500000,2775.740000,8.551593,16.820019,0.168604,25.540216,30.076260,0.680480,17.099993,0.342562,95.472839,0.034270,0.001668,0.138545,200.145432,0.500000,-0.866025
2014,5,-5.000000,-175.000000,-2.500000,-172.500000,13743.620000,14.176978,21.326041,1.994525,37.497544,,,,,,,,,,0.500000,-0.866025
2014,5,-5.000000,-180.000000,-2.500000,-177.500000,6684.640000,13.469536,17.773882,4.849027,36.092445,,,,,,,,,,0.500000,-0.866025
2014,5,10.000000,110.000000,12.500000,112.500000,11107.830000,21.762036,4.407522,0.000000,26.169558,30.585191,0.726527,13.620962,0.170353,1.882929,0.038491,0.027222,0.088927,200.133347,0.500000,-0.866025
2014,5,10.000000,115.000000,12.500000,117.500000,11107.830000,21.762036,4.407522,0.000000,26.169558,30.870074,0.693416,11.462195,0.140550,138.817963,0.045423,0.057321,0.097940,199.654984,0.500000,-0.866025
2014,5,10.000000,125.000000,12.500000,127.500000,1544.730000,2.634765,21.350009,0.145009,24.129783,29.988361,0.854326,14.314012,0.250885,135.330797,0.084898,0.046034,0.104409,199.327896,0.500000,-0.866025
2014,5,10.000000,130.000000,12.500000,132.500000,8368.890000,4.159333,20.798338,0.468282,25.425953,29.779204,0.821250,15.787480,0.232337,0.455447,0.085322,0.000000,0.099353,199.550980,0.500000,-0.866025
2014,5,10.000000,150.000000,12.500000,152.500000,2156.080000,7.238136,1.267114,12.330247,20.835498,28.961308,0.833169,23.811432,0.194964,0.353771,0.050180,0.000000,0.088876,200.350739,0.500000,-0.866025
2014,5,10.000000,155.000000,12.500000,157.500000,4926.810000,1.637165,1.428714,3.016556,6.082435,28.660110,0.811103,24.894543,0.200653,0.250099,0.065392,0.000000,0.088371,200.886246,0.500000,-0.866025
2014,5,10.000000,-165.000000,12.500000,-162.500000,9145.590000,1.205827,16.953417,0.228853,18.388097,,,,,,,,,,0.500000,-0.866025
2014,5,10.000000,-170.000000,12.500000,-167.500000,12749.220000,1.816660,20.794762,0.557446,23.168868,,,,,,,,,,0.500000,-0.866025
2014,5,10.000000,-175.000000,12.500000,-172.500000,10246.630000,2.535565,25.592219,0.411550,28.539334,,,,,,,,,,0.500000,-0.866025
2014,5,10.000000,-180.000000,12.500000,-177.500000,2776.720000,3.206301,28.520341,0.433245,32.159886,,,,,,,,,,0.500000,-0.866025
2014,5,-10.000000,-135.000000,-7.500000,-132.500000,1182.020000,14.724793,7.641157,5.535439,27.901389,,,,,,,,,,0.500000,-0.866025
2014,5,-10.000000,-140.000000,-7.500000,-137.500000,3369.500000,14.919424,1.586882,0.968690,17.474996,,,,,,,,,,0.500000,-0.866025
2014,5,-10.000000,-150.000000,-7.500000,-147.500000,2669.200000,20.740297,4.160797,31.345347,56.246441,,,,,,,,,,0.500000,-0.866025
2014,5,-10.000000,155.000000,-7.500000,157.500000,4056.640000,28.027136,4.257957,0.477489,32.762582,29.430635,0.726982,20.737573,0.148953,133.514129,0.036761,0.101070,0.135776,199.289642,0.500000,-0.866025
2014,5,-10.000000,-155.000000,-7.500000,-152.500000,3500.690000,12.873462,10.089440,7.260283,30.223185,,,,,,,,,,0.500000,-0.866025
2014,5,-10.000000,160.000000,-7.500000,162.500000,20244.310000,28.943935,6.385103,2.832154,38.161192,29.572596,0.762347,20.960981,0.174182,130.579216,0.038779,0.031973,0.100346,199.037247,0.500000,-0.866025
2014,5,-10.000000,-160.000000,-7.500000,-157.500000,1473.000000,10.067889,7.090971,32.702648,49.861507,,,,,,,,,,0.500000,-0.866025
2014,5,-10.000000,165.000000,-7.500000,167.500000,6302.940000,18.660498,10.394514,2.427597,31.482610,29.786540,0.786090,22.782408,0.118762,0.526534,0.023255,0.000000,0.103734,199.077271,0.500000,-0.866025
2014,5,-10.000000,-165.000000,-7.500000,-162.500000,5863.000000,18.947808,4.211666,25.214054,48.373529,,,,,,,,,,0.500000,-0.866025
2014,5,-10.000000,170.000000,-7.500000,172.500000,3172.100000,10.139025,7.974213,6.712903,24.826140,29.992790,0.782840,24.059183,0.106749,0.351213,0.023283,0.000000,0.100826,198.917664,0.500000,-0.866025
2014,5,-10.000000,-170.000000,-7.500000,-167.500000,9493.750000,16.236366,8.099750,17.685741,42.021856,,,,,,,,,,0.500000,-0.866025
2014,5,-10.000000,175.000000,-7.500000,177.500000,2138.000000,20.415809,9.630028,15.826006,45.871843,30.052165,0.794424,23.929734,0.139885,0.229502,0.020106,0.000000,0.105789,198.726364,0.500000,-0.866025
2014,5,-10.000000,-175.000000,-7.500000,-172.500000,1772.780000,27.308521,11.862724,14.986067,54.157312,,,,,,,,,,0.500000,-0.866025
2014,5,-10.000000,-180.000000,-7.500000,-177.500000,3189.130000,19.826724,6.473866,18.623574,44.924164,,,,,,,,,,0.500000,-0.866025
2014,5,15.000000,110.000000,17.500000,112.500000,11107.830000,21.762036,4.407522,0.000000,26.169558,29.598833,0.671592,12.166164,0.201745,128.840572,0.084514,0.192962,0.094687,201.561295,0.500000,-0.866025
2014,5,15.000000,115.000000,17.500000,117.500000,11107.830000,21.762036,4.407522,0.000000,26.169558,30.033940,0.634329,10.866545,0.157884,139.411161,0.069402,0.174373,0.090444,200.891876,0.500000,-0.866025
2014,5,15.000000,120.000000,17.500000,122.500000,2085.670000,14.811547,0.782003,0.011028,15.604578,29.774888,0.863668,10.909303,0.288748,139.813763,0.113615,0.217327,0.123531,200.681595,0.500000,-0.866025
2014,5,15.000000,125.000000,17.500000,127.500000,4745.350000,2.579578,0.619554,1.068625,4.267757,29.614301,0.983713,11.085425,0.217020,1.497736,0.066046,0.057500,0.113083,201.198822,0.500000,-0.866025
2014,5,15.000000,130.000000,17.500000,132.500000,6683.800000,2.769233,0.680451,1.448428,4.898112,29.188237,0.931975,11.517813,0.170380,1.004675,0.063954,0.028056,0.108855,201.605331,0.500000,-0.866025
2014,5,15.000000,135.000000,17.500000,137.500000,6687.550000,2.750634,0.673490,8.957541,12.381664,29.135235,0.911299,13.090491,0.184644,1.774423,0.058076,0.075000,0.102859,201.119278,0.500000,-0.866025
2014,5,15.000000,140.000000,17.500000,142.500000,5624.820000,3.519046,1.226173,19.448445,24.193663,29.031703,0.901224,13.221255,0.157660,1.826753,0.056671,0.092222,0.099679,200.285294,0.500000,-0.866025
2014,5,15.000000,150.000000,17.500000,152.500000,9268.720000,9.417374,2.036959,48.084849,59.539181,28.518928,0.913590,17.373468,0.138305,0.984684,0.041165,0.009444,0.082956,201.208008,0.500000,-0.866025
2014,5,15.000000,155.000000,17.500000,157.500000,2103.860000,4.375291,1.815710,38.811993,45.002994,28.390341,0.933156,19.320718,0.148964,1.411429,0.053863,0.028611,0.071914,201.791977,0.500000,-0.866025
2014,5,15.000000,-160.000000,17.500000,-157.500000,3780.780000,2.293442,7.417782,0.271902,9.983125,,,,,,,,,,0.500000,-0.866025
2014,5,15.000000,165.000000,17.500000,167.500000,8190.000000,0.402930,0.409035,3.206349,4.018315,27.862925,0.833524,17.825693,0.153826,0.804176,0.037688,0.003611,0.066038,203.568008,0.500000,-0.866025
2014,5,15.000000,-165.000000,17.500000,-162.500000,5011.370000,1.694547,11.260593,1.684569,14.639709,,,,,,,,,,0.500000,-0.866025
2014,5,-15.000000,-135.000000,-12.500000,-132.500000,9122.100000,4.054768,2.160139,21.940014,28.154920,,,,,,,,,,0.500000,-0.866025
2014,5,-15.000000,145.000000,-12.500000,147.500000,1037.640000,51.726032,0.731468,17.851085,70.308585,27.620488,0.648476,33.119980,0.245866,125.261012,0.060681,0.085940,0.090334,203.081787,0.500000,-0.866025
2014,5,-15.000000,-145.000000,-12.500000,-142.500000,4802.920000,12.098473,9.187536,34.391995,55.678004,,,,,,,,,,0.500000,-0.866025
2014,5,-15.000000,150.000000,-12.500000,152.500000,1419.830000,33.240599,0.955748,14.565828,48.762176,28.033982,0.662520,30.266229,0.178707,127.129116,0.036627,0.061265,0.084634,201.624680,0.500000,-0.866025
2014,5,-15.000000,-150.000000,-12.500000,-147.500000,3697.400000,7.198842,9.247850,21.434522,37.881214,,,,,,,,,,0.500000,-0.866025
2014,5,-15.000000,155.000000,-12.500000,157.500000,23579.690000,11.524409,1.838828,16.142239,29.505477,28.320322,0.612560,31.046312,0.189814,0.829417,0.038006,0.004167,0.089197,200.960754,0.500000,-0.866025
2014,5,-15.000000,-155.000000,-12.500000,-152.500000,1204.110000,8.234298,6.998530,27.509945,42.742773,,,,,,,,,,0.500000,-0.866025
2014,5,-15.000000,160.000000,-12.500000,162.500000,21274.290000,9.206089,1.239524,13.168242,23.613855,28.535296,0.651907,30.274843,0.146015,129.275836,0.025618,0.021366,0.081681,200.324036,0.500000,-0.866025
2014,5,-15.000000,-160.000000,-12.500000,-157.500000,35801.570000,11.307074,1.934720,29.236679,42.478472,,,,,,,,,,0.500000,-0.866025
2014,5,-15.000000,165.000000,-12.500000,167.500000,8718.560000,12.829642,1.791121,11.097245,25.718008,28.858440,0.681572,33.702081,0.143038,126.995405,0.023765,0.015355,0.074431,199.372238,0.500000,-0.866025
2014,5,-15.000000,-165.000000,-12.500000,-162.500000,3047.470000,14.610808,1.331596,39.099647,55.042051,,,,,,,,,,0.500000,-0.866025
2014,5,-15.000000,170.000000,-12.500000,172.500000,3666.000000,11.271959,1.320513,15.117567,27.710038,29.080255,0.691481,38.375078,0.117491,0.644053,0.027344,0.000000,0.068781,198.794418,0.500000,-0.866025
2014,5,-15.000000,-170.000000,-12.500000,-167.500000,6529.930000,11.740555,1.869852,23.840531,37.450937,,,,,,,,,,0.500000,-0.866025
2014,5,-15.000000,175.000000,-12.500000,177.500000,6113.060000,18.174204,1.412222,19.243881,38.830308,29.221114,0.697357,37.149632,0.160836,0.492365,0.041023,0.000000,0.072421,198.658157,0.500000,-0.866025
2014,5,-15.000000,-175.000000,-12.500000,-172.500000,3138.710000,17.497953,2.309866,29.158157,48.965976,,,,,,,,,,0.500000,-0.866025
2014,5,20.000000,115.000000,22.500000,117.500000,2508.840000,0.687569,0.000000,0.000000,0.687569,26.982163,0.560138,11.652741,0.215003,116.551181,0.098391,0.525770,0.255254,208.226440,0.500000,-0.866025
2014,5,20.000000,120.000000,22.500000,122.500000,10862.220000,11.252856,0.449724,0.649039,12.351619,27.705157,0.858055,12.406686,0.334924,123.545236,0.185354,0.377987,0.162895,205.940750,0.500000,-0.866025
2014,5,20.000000,125.000000,22.500000,127.500000,14859.420000,8.829147,0.227802,0.571086,9.628034,27.429482,1.086517,13.210537,0.223409,83.847884,0.107267,0.258477,0.108814,209.045746,0.500000,-0.866025
2014,5,20.000000,135.000000,22.500000,137.500000,8908.720000,1.053687,0.202049,1.111944,2.367680,26.473159,0.934372,11.011587,0.173283,3.202422,0.080426,0.358611,0.096388,210.038345,0.500000,-0.866025
2014,5,20.000000,140.000000,22.500000,142.500000,1265.020000,21.713491,3.145405,17.710392,42.569287,26.527407,0.955415,12.101026,0.198952,51.404612,0.091538,0.276744,0.090882,210.248337,0.500000,-0.866025
2014,5,20.000000,145.000000,22.500000,147.500000,9699.030000,1.326318,0.406742,3.955550,5.688610,25.889624,0.814530,11.604918,0.185387,3.460795,0.063709,0.406389,0.086213,210.639740,0.500000,-0.866025
2014,5,20.000000,150.000000,22.500000,152.500000,9877.960000,2.809791,1.125030,7.958627,11.893448,26.591043,0.860882,15.198515,0.206381,3.753451,0.067027,0.419167,0.083206,209.107162,0.500000,-0.866025
2014,5,20.000000,155.000000,22.500000,157.500000,3833.450000,1.022838,0.097041,0.715543,1.835422,26.677829,0.818295,18.367354,0.194886,3.500341,0.080525,0.331667,0.079841,208.414246,0.500000,-0.866025
2014,5,20.000000,160.000000,22.500000,162.500000,3767.690000,0.577277,0.216313,0.082809,0.876399,26.564691,0.833083,19.345387,0.200336,3.070868,0.081968,0.316667,0.077399,207.922272,0.500000,-0.866025
2014,5,-20.000000,-150.000000,-17.500000,-147.500000,2849.540000,3.239470,4.763225,22.467135,30.469830,,,,,,,,,,0.500000,-0.866025
2014,5,-20.000000,155.000000,-17.500000,157.500000,1608.530000,10.313765,2.186468,19.965434,32.465667,26.865806,0.742825,45.514248,0.153514,1.889813,0.059035,0.152222,0.071729,205.191986,0.500000,-0.866025
2014,5,-20.000000,-155.000000,-17.500000,-152.500000,3227.660000,8.666030,4.215128,18.272990,31.154149,,,,,,,,,,0.500000,-0.866025
2014,5,-20.000000,160.000000,-17.500000,162.500000,3272.850000,13.567991,1.651160,19.955696,35.174848,26.989343,0.681363,40.032417,0.154785,52.327645,0.042928,0.163101,0.080080,204.573868,0.500000,-0.866025
2014,5,-20.000000,165.000000,-17.500000,167.500000,7292.860000,4.207266,1.232438,15.580170,21.019874,27.316665,0.702698,38.530822,0.138694,127.130336,0.039455,0.233457,0.077475,203.919250,0.500000,-0.866025
2014,5,-20.000000,170.000000,-17.500000,172.500000,13441.580000,5.254739,0.488931,10.739511,16.483181,27.644654,0.747853,42.550307,0.101240,1.850759,0.034817,0.126667,0.071675,202.836029,0.500000,-0.866025
2014,5,-20.000000,175.000000,-17.500000,177.500000,14848.090000,12.751741,2.060198,10.353520,25.165459,27.692864,0.762311,42.824686,0.094016,125.232018,0.028299,0.223495,0.090082,202.482941,0.500000,-0.866025
2014,5,-20.000000,-175.000000,-17.500000,-172.500000,1895.210000,9.537729,2.970647,25.742794,38.251170,,,,,,,,,,0.500000,-0.866025
2014,5,-20.000000,-180.000000,-17.500000,-177.500000,1380.370000,18.906525,1.276469,6.627209,26.810203,,,,,,,,,,0.500000,-0.866025
2014,5,25.000000,120.000000,27.500000,122.500000,1467.920000,13.455093,0.636956,0.000000,14.092049,22.764516,0.415946,12.664827,0.215247,113.690317,0.159611,0.818816,0.339560,218.001770,0.500000,-0.866025
2014,5,25.000000,125.000000,27.500000,127.500000,7815.530000,18.122507,0.105431,0.861234,19.089172,23.623668,0.748773,15.224803,0.299195,105.691644,0.215110,0.673687,0.213582,218.780640,0.500000,-0.866025
2014,5,25.000000,130.000000,27.500000,132.500000,3764.330000,8.085901,0.819269,11.585860,20.491030,22.897580,0.886686,13.654977,0.218096,48.403305,0.103888,0.544318,0.172418,224.339554,0.500000,-0.866025
2014,5,25.000000,135.000000,27.500000,137.500000,5947.550000,0.378475,0.185455,0.402519,0.966448,22.291840,0.952909,14.014566,0.144929,3.429458,0.081668,0.410556,0.192240,226.947937,0.500000,-0.866025
2014,5,25.000000,145.000000,27.500000,147.500000,4553.940000,0.509010,0.150858,0.036891,0.696759,22.240779,0.868000,13.766519,0.181139,4.791389,0.090799,0.386111,0.109990,228.702286,0.500000,-0.866025
2014,5,25.000000,150.000000,27.500000,152.500000,1961.550000,0.470546,0.341567,7.173919,7.986031,22.429653,0.821442,14.750147,0.154856,5.116753,0.061720,0.562500,0.083064,227.841660,0.500000,-0.866025
2014,5,25.000000,155.000000,27.500000,157.500000,7380.940000,0.664143,0.223007,0.163936,1.051086,22.275977,0.772997,15.089157,0.156298,5.066104,0.052147,0.631944,0.074695,227.074844,0.500000,-0.866025
2014,5,25.000000,-155.000000,27.500000,-152.500000,1094.090000,0.524637,5.056257,0.000000,5.580894,,,,,,,,,,0.500000,-0.866025
2014,5,25.000000,160.000000,27.500000,162.500000,11451.770000,0.285196,0.238216,0.033008,0.556421,22.395319,0.727490,15.905485,0.146961,4.945465,0.054271,0.704722,0.066024,226.222107,0.500000,-0.866025
2014,5,25.000000,-160.000000,27.500000,-157.500000,1017.240000,0.158271,6.577602,0.058983,6.794857,,,,,,,,,,0.500000,-0.866025
2014,5,25.000000,165.000000,27.500000,167.500000,1895.650000,0.128716,1.004932,0.113418,1.247066,23.039906,0.778961,22.171274,0.166123,3.756708,0.082082,0.552222,0.063789,225.095154,0.500000,-0.866025
2014,5,25.000000,170.000000,27.500000,172.500000,2593.260000,0.187795,2.545059,0.090234,2.823088,22.366002,0.682906,21.451037,0.153795,5.329525,0.053731,0.448056,0.063206,225.354477,0.500000,-0.866025
2014,5,-25.000000,150.000000,-22.500000,152.500000,2320.290000,22.487275,16.528106,6.859056,45.874438,25.243028,0.729274,45.629821,0.174797,104.359995,0.086904,0.488540,0.184112,209.796753,0.500000,-0.866025
2014,5,-25.000000,155.000000,-22.500000,157.500000,1907.200000,23.047399,5.414220,22.982383,51.444002,24.957799,0.765102,56.978289,0.151641,50.822714,0.062383,0.196999,0.078658,210.901810,0.500000,-0.866025
2014,5,-25.000000,165.000000,-22.500000,167.500000,2347.710000,20.928053,1.699954,23.168960,45.796968,25.047833,0.693404,48.126419,0.149304,116.848360,0.041636,0.301275,0.074221,210.685944,0.500000,-0.866025
2014,5,-25.000000,170.000000,-22.500000,172.500000,1540.120000,7.149443,0.517492,15.899410,23.566345,25.450777,0.757376,49.935490,0.129298,2.094471,0.038624,0.154444,0.069582,210.276550,0.500000,-0.866025
2014,5,-25.000000,175.000000,-22.500000,177.500000,1648.770000,5.519266,2.705047,17.169769,25.394082,25.236078,0.721803,50.450362,0.140524,1.927651,0.056720,0.233056,0.072240,209.889740,0.500000,-0.866025
2014,5,30.000000,130.000000,32.500000,132.500000,3213.000000,2.722378,1.446001,21.253968,25.422347,20.958259,0.574793,14.343053,0.346502,100.490284,0.278227,0.752216,0.354983,231.589050,0.500000,-0.866025
2014,5,30.000000,135.000000,32.500000,137.500000,8173.210000,0.990186,3.355964,24.610771,28.956921,20.237308,0.875765,16.408215,0.444856,95.913894,0.412115,0.480476,0.450552,228.791733,0.500000,-0.866025
2014,5,30.000000,140.000000,32.500000,142.500000,1271.670000,0.051114,2.184529,21.176091,23.411734,19.963487,0.945162,18.910117,0.197733,28.525436,0.158170,0.246667,0.565647,243.309448,0.500000,-0.866025
2014,5,30.000000,145.000000,32.500000,147.500000,10909.530000,0.196984,5.977526,45.327801,51.502310,19.489028,0.850909,17.846971,0.357950,3.542646,0.206312,0.335556,0.623641,248.085709,0.500000,-0.866025
2014,5,30.000000,150.000000,32.500000,152.500000,3094.470000,0.048474,3.298465,40.738479,44.085417,18.906985,0.786754,16.226480,0.305576,4.264491,0.189179,0.296944,0.602876,251.501328,0.500000,-0.866025
2014,5,-30.000000,150.000000,-27.500000,152.500000,1026.510000,22.583316,6.403250,2.828029,31.814595,24.493940,0.693293,44.979676,0.339960,109.749540,0.132104,0.680000,0.302420,211.399948,0.500000,-0.866025
2014,5,-30.000000,155.000000,-27.500000,157.500000,2211.920000,15.095031,6.038645,40.097291,61.230967,23.312727,0.680708,63.047005,0.232391,5.235627,0.114795,0.266944,0.123705,217.158813,0.500000,-0.866025
2014,5,-30.000000,-155.000000,-27.500000,-152.500000,2078.190000,6.753954,1.468586,21.582242,29.804782,,,,,,,,,,0.500000,-0.866025
2014,5,-30.000000,160.000000,-27.500000,162.500000,3996.650000,1.777739,0.983324,14.502896,17.263959,23.066534,0.660438,67.901186,0.163541,3.719096,0.075153,0.286944,0.063770,219.485306,0.500000,-0.866025
2014,5,-30.000000,-160.000000,-27.500000,-157.500000,1276.670000,4.576750,1.272059,20.714828,26.563638,,,,,,,,,,0.500000,-0.866025
2014,5,-30.000000,165.000000,-27.500000,167.500000,4716.450000,0.831346,0.690562,13.573344,15.095252,22.593970,0.577209,62.854889,0.177954,90.143873,0.147111,0.331293,0.056747,220.365646,0.500000,-0.866025
2014,5,-30.000000,-165.000000,-27.500000,-162.500000,7374.180000,0.059939,0.244231,13.690743,13.994912,,,,,,,,,,0.500000,-0.866025
2014,5,-30.000000,175.000000,-27.500000,177.500000,4254.000000,0.082040,0.617772,16.769158,17.468970,22.968006,0.546766,55.546064,0.134151,4.146666,0.055024,0.196389,0.054127,218.428406,0.500000,-0.866025
2014,5,35.000000,145.000000,37.500000,147.500000,2516.300000,0.007948,1.047570,4.179947,5.235465,15.383795,0.061841,17.222740,0.305764,10.068153,0.243870,0.840833,1.161310,250.909042,0.500000,-0.866025
2014,5,35.000000,155.000000,37.500000,157.500000,1056.780000,0.000000,0.000000,0.000000,0.000000,14.123117,0.113906,16.825788,0.248209,6.089059,0.133518,0.728889,1.429238,266.793793,0.500000,-0.866025
2014,5,-35.000000,-140.000000,-32.500000,-137.500000,2266.900000,0.022939,1.554987,35.338127,36.916053,,,,,,,,,,0.500000,-0.866025
2014,5,-35.000000,-145.000000,-32.500000,-142.500000,1489.580000,0.053706,1.458800,32.318506,33.831013,,,,,,,,,,0.500000,-0.866025
2014,5,-35.000000,-150.000000,-32.500000,-147.500000,4147.920000,0.063887,1.741837,38.220120,40.025844,,,,,,,,,,0.500000,-0.866025
2014,5,-35.000000,-155.000000,-32.500000,-152.500000,4214.150000,0.360215,1.982132,33.911228,36.253574,,,,,,,,,,0.500000,-0.866025
2014,5,-35.000000,160.000000,-32.500000,162.500000,3209.720000,0.126179,0.614384,55.185187,55.925751,20.985265,0.485285,69.385784,0.217676,4.580268,0.102633,0.384722,0.281067,222.163284,0.500000,-0.866025
2014,5,-35.000000,165.000000,-32.500000,167.500000,1062.000000,0.257062,2.174200,40.557439,42.988701,20.265041,0.409220,68.157669,0.160879,3.289732,0.089868,0.376389,0.184175,226.873764,0.500000,-0.866025
2014,5,-40.000000,150.000000,-37.500000,152.500000,1748.680000,7.239175,1.972345,21.914244,31.125763,,,,,,,,,,0.500000,-0.866025
2014,5,-40.000000,155.000000,-37.500000,157.500000,9849.980000,1.102845,1.970258,39.224648,42.297751,,,,,,,,,,0.500000,-0.866025
2014,5,-40.000000,160.000000,-37.500000,162.500000,6561.260000,0.575499,1.980260,48.783313,51.339072,,,,,,,,,,0.500000,-0.866025
2014,5,-40.000000,175.000000,-37.500000,177.500000,1649.080000,0.032746,1.605744,38.454775,40.093264,,,,,,,,,,0.500000,-0.866025
2014,5,-45.000000,150.000000,-42.500000,152.500000,4092.950000,0.039580,0.043489,13.267936,13.351006,,,,,,,,,,0.500000,-0.866025
2014,5,-45.000000,155.000000,-42.500000,157.500000,7892.680000,0.020525,0.126953,12.196111,12.343589,,,,,,,,,,0.500000,-0.866025
2014,5,-45.000000,165.000000,-42.500000,167.500000,4696.160000,0.000000,0.000000,1.222062,1.222062,,,,,,,,,,0.500000,-0.866025
2014,6,0.000000,120.000000,2.500000,122.500000,13872.620000,25.886458,6.595726,0.000000,32.482184,30.265278,0.606072,12.551851,0.231262,137.144312,0.017541,0.095903,0.107954,201.399033,0.000000,-1.000000
2014,6,0.000000,125.000000,2.500000,127.500000,18413.440000,25.934426,6.597083,0.000000,32.531510,30.005615,0.605066,14.099257,0.506387,137.516583,0.035896,0.170296,0.115551,200.646774,0.000000,-1.000000
2014,6,0.000000,130.000000,2.500000,132.500000,4540.830000,26.080915,6.601216,0.000000,32.682131,30.103571,0.687898,15.980710,0.570088,118.158023,0.032211,0.019728,0.115510,201.133865,0.000000,-1.000000
2014,6,0.000000,135.000000,2.500000,137.500000,3450.930000,20.686018,1.672013,0.512615,22.870646,30.183558,0.679489,14.858954,0.504208,0.473294,0.042722,0.000000,0.101622,200.916550,0.000000,-1.000000
2014,6,0.000000,145.000000,2.500000,147.500000,2962.130000,3.867825,59.764764,0.067519,63.700108,30.108829,0.678226,15.407737,0.307173,0.235155,0.022896,0.000000,0.094337,199.910248,0.000000,-1.000000
2014,6,0.000000,150.000000,2.500000,152.500000,2025.530000,24.528889,42.796700,0.342133,67.667722,30.182349,0.667762,14.827546,0.298271,0.271242,0.018502,0.000000,0.090198,199.847244,0.000000,-1.000000
2014,6,0.000000,155.000000,2.500000,157.500000,5938.190000,25.800454,15.898279,0.226837,41.925570,30.084507,0.657413,15.798373,0.249019,0.332559,0.019833,0.000000,0.086249,199.494827,0.000000,-1.000000
2014,6,0.000000,160.000000,2.500000,162.500000,8544.340000,23.963934,18.146984,0.159755,42.270673,30.116094,0.647910,18.118798,0.282448,0.323356,0.019209,0.000000,0.091087,199.678268,0.000000,-1.000000
2014,6,0.000000,165.000000,2.500000,167.500000,6699.510000,21.390520,27.635603,0.105530,49.131653,29.994826,0.639108,19.247189,0.277508,93.927904,0.016345,0.002779,0.113443,199.595840,0.000000,-1.000000
2014,6,0.000000,-170.000000,2.500000,-167.500000,1224.640000,4.690358,24.484747,0.034296,29.209400,,,,,,,,,,0.000000,-1.000000
2014,6,5.000000,130.000000,7.500000,132.500000,1927.270000,12.743414,7.352888,0.000000,20.096302,30.408047,0.527751,15.059031,0.589978,137.431513,0.083825,0.009197,0.103775,199.395538,0.000000,-1.000000
2014,6,5.000000,145.000000,7.500000,147.500000,1423.490000,19.691744,29.155105,0.234635,49.081483,30.001664,0.624597,15.356448,0.232165,0.664808,0.043611,0.000000,0.088542,198.470749,0.000000,-1.000000
2014,6,5.000000,155.000000,7.500000,157.500000,1384.240000,29.908108,35.637606,2.301624,67.847339,29.776145,0.601391,16.587833,0.197055,126.655781,0.045877,0.003336,0.083626,198.600189,0.000000,-1.000000
2014,6,5.000000,-155.000000,7.500000,-152.500000,1222.000000,9.594926,23.646481,1.817512,35.058920,,,,,,,,,,0.000000,-1.000000
2014,6,5.000000,160.000000,7.500000,162.500000,2089.450000,8.706597,26.938189,1.688483,37.333270,29.592946,0.568696,17.577942,0.191551,0.595384,0.035433,0.000000,0.073065,198.478989,0.000000,-1.000000
2014,6,5.000000,165.000000,7.500000,167.500000,7169.260000,18.686168,21.806435,0.060536,40.553139,29.477585,0.571646,20.417575,0.194384,132.378473,0.030347,0.041643,0.073575,198.287445,0.000000,-1.000000
2014,6,5.000000,170.000000,7.500000,172.500000,2689.310000,7.797539,14.785205,0.419810,23.002555,29.276341,0.540834,23.477191,0.215849,131.610354,0.039908,0.027848,0.073390,198.423126,0.000000,-1.000000
2014,6,5.000000,175.000000,7.500000,177.500000,1329.600000,3.782341,17.179603,0.094013,21.055957,29.117101,0.539368,28.400272,0.233609,0.368455,0.038454,0.000000,0.067539,198.773727,0.000000,-1.000000
2014,6,5.000000,-180.000000,7.500000,-177.500000,1641.070000,4.587860,25.702133,0.212666,30.502660,,,,,,,,,,0.000000,-1.000000
2014,6,-5.000000,120.000000,-2.500000,122.500000,18163.300000,26.080998,6.601223,0.000000,32.682222,29.154032,0.593186,15.718565,0.135094,136.054289,0.017898,0.268675,0.097579,200.442932,0.000000,-1.000000
2014,6,-5.000000,125.000000,-2.500000,127.500000,27244.950000,26.080980,6.601223,0.000000,32.682203,29.046862,0.577557,15.360921,0.186993,133.715871,0.018354,0.215480,0.102868,200.530228,0.000000,-1.000000
2014,6,-5.000000,130.000000,-2.500000,132.500000,9081.650000,26.080943,6.601223,0.000000,32.682167,28.745297,0.592425,13.941985,0.245743,134.770921,0.050448,0.403806,0.157456,200.983185,0.000000,-1.000000
2014,6,-5.000000,140.000000,-2.500000,142.500000,1058.240000,3.690089,0.268370,0.000000,3.958459,29.654427,0.694670,15.343586,0.585915,130.714830,0.019453,0.125221,0.158806,200.987701,0.000000,-1.000000
2014,6,-5.000000,160.000000,-2.500000,162.500000,6206.060000,12.643126,13.824874,0.293584,26.761585,30.277007,0.690591,23.482172,0.400992,0.271627,0.034210,0.000000,0.115053,199.308044,0.000000,-1.000000
2014,6,-5.000000,-160.000000,-2.500000,-157.500000,3133.200000,11.608898,15.089366,2.541491,29.239755,,,,,,,,,,0.000000,-1.000000
2014,6,-5.000000,165.000000,-2.500000,167.500000,5179.800000,15.650411,10.591529,1.163558,27.405498,30.225211,0.681463,21.275302,0.439593,0.207068,0.036743,0.000000,0.127580,199.114380,0.000000,-1.000000
2014,6,-5.000000,-165.000000,-2.500000,-162.500000,2858.030000,12.621981,14.174099,7.430293,34.226373,,,,,,,,,,0.000000,-1.000000
2014,6,-5.000000,170.000000,-2.500000,172.500000,6067.200000,21.216541,16.976694,3.042095,41.235331,30.019230,0.663553,24.797949,0.468268,134.015004,0.040114,0.013378,0.140803,199.205063,0.000000,-1.000000
2014,6,-5.000000,-170.000000,-2.500000,-167.500000,6976.610000,9.096825,21.187941,0.513430,30.798196,,,,,,,,,,0.000000,-1.000000
2014,6,-5.000000,175.000000,-2.500000,177.500000,6364.060000,9.145420,22.284988,0.753607,32.184015,29.833121,0.641014,27.500461,0.463808,94.776116,0.040536,0.001668,0.146436,199.854965,0.000000,-1.000000
2014,6,-5.000000,-175.000000,-2.500000,-172.500000,18544.830000,10.657957,22.071381,1.842077,34.571414,,,,,,,,,,0.000000,-1.000000
2014,6,-5.000000,-180.000000,-2.500000,-177.500000,13489.850000,8.651986,20.349374,1.906619,30.907979,,,,,,,,,,0.000000,-1.000000
2014,6,10.000000,110.000000,12.500000,112.500000,8573.630000,28.194475,5.710300,0.000000,33.904775,30.208130,0.736559,22.550467,0.209898,1.684841,0.047196,0.071389,0.089995,198.557709,0.000000,-1.000000
2014,6,10.000000,115.000000,12.500000,117.500000,8573.630000,28.194475,5.710300,0.000000,33.904775,30.444708,0.723535,20.250859,0.139798,138.377399,0.025618,0.035187,0.084915,197.963715,0.000000,-1.000000
2014,6,10.000000,125.000000,12.500000,127.500000,1858.170000,6.491333,17.418213,0.258857,24.168402,30.745056,0.853480,14.815527,0.156828,137.844527,0.067358,0.056456,0.104304,197.864395,0.000000,-1.000000
2014,6,10.000000,130.000000,12.500000,132.500000,14322.430000,4.390945,11.990493,0.192007,16.573445,30.572110,0.837905,14.818475,0.231586,0.441408,0.101621,0.000000,0.101870,198.019485,0.000000,-1.000000
2014,6,10.000000,135.000000,12.500000,137.500000,1193.680000,9.281382,19.621674,0.273943,29.176999,30.459235,0.879216,13.785636,0.222400,120.217903,0.091466,0.001946,0.102872,197.987488,0.000000,-1.000000
2014,6,10.000000,150.000000,12.500000,152.500000,1947.980000,22.170145,3.370671,18.697831,44.238647,29.864723,0.849211,14.096543,0.172393,0.222164,0.068101,0.000000,0.101501,199.162781,0.000000,-1.000000
2014,6,10.000000,-160.000000,12.500000,-157.500000,1176.460000,1.303062,13.918025,0.051000,15.272087,,,,,,,,,,0.000000,-1.000000
2014,6,10.000000,-165.000000,12.500000,-162.500000,5760.840000,2.334035,16.588032,2.038071,20.960138,,,,,,,,,,0.000000,-1.000000
2014,6,10.000000,-170.000000,12.500000,-167.500000,2009.970000,1.028871,21.199819,0.807972,23.036662,,,,,,,,,,0.000000,-1.000000
2014,6,10.000000,175.000000,12.500000,177.500000,1941.930000,1.895022,35.505914,0.717328,38.118264,28.779937,0.675519,26.004823,0.131879,0.630961,0.019090,0.000000,0.059825,200.730453,0.000000,-1.000000
2014,6,10.000000,-175.000000,12.500000,-172.500000,1819.350000,1.310358,19.918103,0.344629,21.573089,,,,,,,,,,0.000000,-1.000000
2014,6,10.000000,-180.000000,12.500000,-177.500000,5394.340000,1.321200,24.221499,0.137366,25.680065,,,,,,,,,,0.000000,-1.000000
2014,6,-10.000000,-135.000000,-7.500000,-132.500000,1611.350000,12.817203,10.715859,4.650759,28.183821,,,,,,,,,,0.000000,-1.000000
2014,6,-10.000000,145.000000,-7.500000,147.500000,1035.190000,13.108705,0.000000,2.409220,15.517924,28.049731,0.705103,22.180374,0.351703,131.724338,0.051126,0.370775,0.212912,202.217941,0.000000,-1.000000
2014,6,-10.000000,150.000000,-7.500000,152.500000,1039.100000,8.078145,2.557983,0.191512,10.827639,28.646926,0.653736,22.348381,0.281536,131.869119,0.042052,0.205097,0.257848,199.685028,0.000000,-1.000000
2014,6,-10.000000,155.000000,-7.500000,157.500000,14722.330000,32.365937,3.341115,0.739285,36.446337,29.142646,0.700427,29.987703,0.152082,131.461641,0.037146,0.122771,0.208339,199.292252,0.000000,-1.000000
2014,6,-10.000000,-155.000000,-7.500000,-152.500000,7946.890000,20.513434,18.661262,3.212200,42.386896,,,,,,,,,,0.000000,-1.000000
2014,6,-10.000000,160.000000,-7.500000,162.500000,38650.300000,20.457901,5.453852,2.433358,28.345110,29.319357,0.734752,33.746303,0.136172,130.316165,0.021589,0.045104,0.152762,199.267151,0.000000,-1.000000
2014,6,-10.000000,-160.000000,-7.500000,-157.500000,4102.550000,7.842927,11.762928,3.548768,23.154623,,,,,,,,,,0.000000,-1.000000
2014,6,-10.000000,165.000000,-7.500000,167.500000,16827.500000,23.226920,7.329015,8.611440,39.167375,29.581425,0.752264,33.358046,0.155047,1.109611,0.029232,0.038611,0.117017,198.442657,0.000000,-1.000000
2014,6,-10.000000,-165.000000,-7.500000,-162.500000,4748.910000,12.524348,12.503922,9.003119,34.031388,,,,,,,,,,0.000000,-1.000000
2014,6,-10.000000,170.000000,-7.500000,172.500000,17340.530000,14.036826,5.659804,19.030214,38.726844,29.771159,0.777549,37.993681,0.170308,0.626864,0.024018,0.000000,0.124460,198.305511,0.000000,-1.000000
2014,6,-10.000000,-170.000000,-7.500000,-167.500000,6749.750000,15.506204,13.923182,18.388681,47.818067,,,,,,,,,,0.000000,-1.000000
2014,6,-10.000000,175.000000,-7.500000,177.500000,3248.540000,21.420392,10.540427,17.071669,49.032488,29.767443,0.778457,37.523908,0.188353,0.474788,0.041259,0.000000,0.121457,198.193054,0.000000,-1.000000
2014,6,-10.000000,-175.000000,-7.500000,-172.500000,6906.100000,16.908530,10.414271,7.474841,34.797643,,,,,,,,,,0.000000,-1.000000
2014,6,-10.000000,-180.000000,-7.500000,-177.500000,9426.850000,24.500443,5.112312,7.931494,37.544249,,,,,,,,,,0.000000,-1.000000
2014,6,15.000000,110.000000,17.500000,112.500000,8573.630000,28.194475,5.710300,0.000000,33.904775,30.302168,0.710708,13.557719,0.216524,127.354900,0.071549,0.110759,0.091275,197.926788,0.000000,-1.000000
2014,6,15.000000,115.000000,17.500000,117.500000,10042.390000,24.103525,4.887482,0.000000,28.991007,30.082985,0.670144,14.025509,0.172095,138.248037,0.063875,0.046518,0.090300,198.405685,0.000000,-1.000000
2014,6,15.000000,120.000000,17.500000,122.500000,2659.390000,18.731739,1.232237,0.055652,20.019629,30.574052,0.916679,14.155536,0.296340,138.580205,0.127448,0.289280,0.119184,197.299500,0.000000,-1.000000
2014,6,15.000000,125.000000,17.500000,127.500000,6456.590000,2.203485,0.213580,0.069851,2.486916,30.503649,0.999739,12.853719,0.168268,1.315135,0.086349,0.034722,0.108388,197.333435,0.000000,-1.000000
2014,6,15.000000,130.000000,17.500000,132.500000,4699.680000,1.616067,0.479394,0.625575,2.721036,30.527441,0.978216,12.066087,0.189277,1.473049,0.063801,0.036944,0.110070,197.868179,0.000000,-1.000000
2014,6,15.000000,140.000000,17.500000,142.500000,2281.710000,6.490308,0.986979,22.314843,29.792130,30.439166,0.984175,12.832440,0.219547,1.510244,0.097207,0.040000,0.107800,197.527145,0.000000,-1.000000
2014,6,15.000000,150.000000,17.500000,152.500000,5112.250000,14.434936,1.587951,44.555724,60.578610,29.670304,0.938554,14.301059,0.164468,1.220680,0.061839,0.032778,0.091228,198.567734,0.000000,-1.000000
2014,6,15.000000,155.000000,17.500000,157.500000,1661.190000,4.448016,1.675907,29.107447,35.231370,29.497627,0.944057,14.846069,0.161766,1.140455,0.060862,0.024722,0.085047,199.261215,0.000000,-1.000000
2014,6,15.000000,-155.000000,17.500000,-152.500000,1118.220000,0.596484,13.475881,0.081379,14.153744,,,,,,,,,,0.000000,-1.000000
2014,6,15.000000,-160.000000,17.500000,-157.500000,1487.020000,1.700717,8.267542,0.257562,10.225821,,,,,,,,,,0.000000,-1.000000
2014,6,15.000000,-165.000000,17.500000,-162.500000,3248.770000,2.053393,9.804018,4.487545,16.344955,,,,,,,,,,0.000000,-1.000000
2014,6,-15.000000,-135.000000,-12.500000,-132.500000,13460.680000,8.149737,2.104054,32.188567,42.442358,,,,,,,,,,0.000000,-1.000000
2014,6,-15.000000,-145.000000,-12.500000,-142.500000,1755.060000,8.735884,12.674780,25.345002,46.755666,,,,,,,,,,0.000000,-1.000000
2014,6,-15.000000,150.000000,-12.500000,152.500000,1923.480000,38.070061,0.738765,18.244536,57.053362,27.204348,0.646056,34.957352,0.180739,124.953536,0.043913,0.107284,0.092934,203.560028,0.000000,-1.000000
2014,6,-15.000000,-150.000000,-12.500000,-147.500000,4733.370000,4.309403,7.780503,25.837405,37.927312,,,,,,,,,,0.000000,-1.000000
2014,6,-15.000000,155.000000,-12.500000,157.500000,26251.500000,19.080853,3.973335,18.706322,41.760509,27.794303,0.647382,37.544889,0.156391,1.130820,0.034334,0.066111,0.149863,201.911148,0.000000,-1.000000
2014,6,-15.000000,-155.000000,-12.500000,-152.500000,1102.750000,9.926094,7.367944,39.020630,56.314668,,,,,,,,,,0.000000,-1.000000
2014,6,-15.000000,160.000000,-12.500000,162.500000,3614.530000,9.944031,1.721386,14.328004,25.993421,27.951421,0.680683,39.942013,0.155166,128.035053,0.032666,0.044419,0.077887,201.801208,0.000000,-1.000000
2014,6,-15.000000,-160.000000,-12.500000,-157.500000,22967.060000,8.434514,2.701870,35.257408,46.393792,,,,,,,,,,0.000000,-1.000000
2014,6,-15.000000,165.000000,-12.500000,167.500000,4763.880000,14.961754,1.518300,13.225774,29.705828,28.227252,0.690181,41.706842,0.155665,123.613651,0.032598,0.029872,0.070633,200.886963,0.000000,-1.000000
2014,6,-15.000000,-165.000000,-12.500000,-162.500000,10054.460000,12.160971,0.592473,8.841350,21.594795,,,,,,,,,,0.000000,-1.000000
2014,6,-15.000000,170.000000,-12.500000,172.500000,22501.110000,18.920667,1.677739,19.701339,40.299745,28.436860,0.710927,41.071558,0.167911,0.643028,0.039578,0.000000,0.067596,200.231155,0.000000,-1.000000
2014,6,-15.000000,-170.000000,-12.500000,-167.500000,6675.240000,8.668303,1.088800,28.561969,38.319072,,,,,,,,,,0.000000,-1.000000
2014,6,-15.000000,175.000000,-12.500000,177.500000,6761.270000,18.853411,2.675089,22.806070,44.334570,28.650820,0.738840,44.685628,0.155370,0.716007,0.041034,0.001389,0.075850,199.968536,0.000000,-1.000000
2014,6,-15.000000,-175.000000,-12.500000,-172.500000,5361.750000,9.928848,1.502308,39.410454,50.841610,,,,,,,,,,0.000000,-1.000000
2014,6,20.000000,115.000000,22.500000,117.500000,1485.370000,2.255330,0.000000,0.000000,2.255330,28.744139,0.578915,11.045484,0.223128,125.871203,0.106730,0.334288,0.291874,203.706848,0.000000,-1.000000
2014,6,20.000000,120.000000,22.500000,122.500000,4759.220000,8.269422,0.237644,0.098546,8.605612,29.118165,0.920162,11.452599,0.387435,130.146815,0.189691,0.252516,0.159606,200.815475,0.000000,-1.000000
2014,6,20.000000,125.000000,22.500000,127.500000,7651.690000,7.893681,0.901239,0.526028,9.320947,29.223549,1.158174,11.802258,0.236960,90.743633,0.113043,0.152863,0.112360,202.436676,0.000000,-1.000000
2014,6,20.000000,130.000000,22.500000,132.500000,1748.630000,0.426620,0.000000,0.233326,0.659945,28.465132,1.022183,10.609082,0.235268,2.295847,0.129928,0.255556,0.108500,202.314148,0.000000,-1.000000
2014,6,20.000000,135.000000,22.500000,137.500000,2909.900000,11.867074,0.256710,7.381697,19.505481,29.000091,0.991068,10.554106,0.190489,2.628434,0.087086,0.276389,0.107117,202.378113,0.000000,-1.000000
2014,6,20.000000,140.000000,22.500000,142.500000,2419.150000,11.362255,1.209929,20.318707,32.890891,29.010521,0.930834,10.599268,0.191434,56.955012,0.097698,0.230620,0.103799,202.279358,0.000000,-1.000000
2014,6,20.000000,145.000000,22.500000,147.500000,3899.850000,1.676731,0.507199,7.017193,9.201123,28.818695,0.846484,10.806138,0.190134,2.128888,0.075803,0.286944,0.101737,202.854919,0.000000,-1.000000
2014,6,20.000000,150.000000,22.500000,152.500000,5159.030000,10.443630,1.238411,41.329087,53.011128,28.649293,0.896006,11.982118,0.194789,2.488089,0.081301,0.244722,0.098921,202.732681,0.000000,-1.000000
2014,6,20.000000,155.000000,22.500000,157.500000,1175.480000,4.059618,1.368803,24.498077,29.926498,28.098374,0.838402,12.571126,0.200089,1.942830,0.092199,0.201944,0.092296,203.604782,0.000000,-1.000000
2014,6,-20.000000,-135.000000,-17.500000,-132.500000,3376.000000,4.202014,1.652547,28.839751,34.694313,,,,,,,,,,0.000000,-1.000000
2014,6,-20.000000,-150.000000,-17.500000,-147.500000,3458.710000,6.152583,3.553348,29.765144,39.471074,,,,,,,,,,0.000000,-1.000000
2014,6,-20.000000,-155.000000,-17.500000,-152.500000,4777.600000,7.484092,5.224171,32.059193,44.767456,,,,,,,,,,0.000000,-1.000000
2014,6,-20.000000,160.000000,-17.500000,162.500000,9822.000000,0.943087,3.914274,10.977092,15.834453,26.009716,0.699356,48.180580,0.118016,50.619526,0.028087,0.193943,0.079115,208.000473,0.000000,-1.000000
2014,6,-20.000000,-160.000000,-17.500000,-157.500000,3162.860000,3.737124,0.670596,13.806808,18.214527,,,,,,,,,,0.000000,-1.000000
2014,6,-20.000000,170.000000,-17.500000,172.500000,18119.580000,11.504516,0.877283,24.810950,37.192750,26.611906,0.750348,50.632710,0.092707,2.834888,0.049609,0.241389,0.063005,205.435013,0.000000,-1.000000
2014,6,-20.000000,175.000000,-17.500000,177.500000,12200.530000,8.613970,1.924179,18.152408,28.690557,26.807705,0.774215,51.683210,0.120734,121.677191,0.043577,0.268722,0.097397,205.112213,0.000000,-1.000000
2014,6,-20.000000,-175.000000,-17.500000,-172.500000,1513.590000,4.695459,2.435930,28.433724,35.565113,,,,,,,,,,0.000000,-1.000000
2014,6,-20.000000,-180.000000,-17.500000,-177.500000,3371.920000,10.711998,1.008624,23.274574,34.995196,,,,,,,,,,0.000000,-1.000000
2014,6,25.000000,125.000000,27.500000,127.500000,9199.670000,14.469758,0.237617,0.827747,15.535122,26.237158,0.789271,11.727173,0.336874,118.102164,0.231005,0.556585,0.144826,209.672989,0.000000,-1.000000
2014,6,25.000000,130.000000,27.500000,132.500000,5843.320000,17.331072,0.137593,1.606621,19.075286,25.258403,0.935280,11.041994,0.218544,51.499778,0.103099,0.393443,0.121079,214.786484,0.000000,-1.000000
2014,6,25.000000,135.000000,27.500000,137.500000,3710.060000,3.612341,0.121022,0.115362,3.848725,24.644415,0.999774,10.862725,0.136914,3.700601,0.087510,0.485278,0.127465,215.965668,0.000000,-1.000000
2014,6,25.000000,145.000000,27.500000,147.500000,7520.460000,0.784659,0.031115,0.066086,0.881861,25.079271,0.892306,10.948601,0.157257,3.846278,0.089934,0.488056,0.095919,217.376617,0.000000,-1.000000
2014,6,25.000000,150.000000,27.500000,152.500000,5095.640000,0.217441,0.239028,0.070845,0.527314,25.127492,0.847014,11.105093,0.160072,3.398723,0.069862,0.568056,0.096098,216.509430,0.000000,-1.000000
2014,6,25.000000,155.000000,27.500000,157.500000,5206.430000,0.876608,1.051776,0.296364,2.224749,25.167513,0.809851,11.624501,0.168494,5.362462,0.066442,0.632500,0.089891,216.554825,0.000000,-1.000000
2014,6,25.000000,-155.000000,27.500000,-152.500000,1297.560000,0.217331,15.223959,0.015414,15.456703,,,,,,,,,,0.000000,-1.000000
2014,6,25.000000,160.000000,27.500000,162.500000,4157.450000,1.978857,0.229227,0.381243,2.589328,25.525858,0.770294,11.307829,0.140320,3.971345,0.062343,0.393056,0.087139,215.487015,0.000000,-1.000000
2014,6,25.000000,-160.000000,27.500000,-157.500000,3489.760000,0.433268,13.926173,0.086539,14.445979,,,,,,,,,,0.000000,-1.000000
2014,6,25.000000,165.000000,27.500000,167.500000,1065.370000,5.658128,1.788111,0.987450,8.433690,25.070881,0.778683,11.814648,0.155188,3.350262,0.095244,0.395833,0.083877,215.570801,0.000000,-1.000000
2014,6,25.000000,-165.000000,27.500000,-162.500000,4463.230000,0.521371,12.811350,4.140723,17.473444,,,,,,,,,,0.000000,-1.000000
2014,6,25.000000,-170.000000,27.500000,-167.500000,1769.450000,0.523892,13.072424,0.740343,14.336658,,,,,,,,,,0.000000,-1.000000
2014,6,-25.000000,150.000000,-22.500000,152.500000,1021.830000,29.114432,13.584451,10.068211,52.767094,23.969023,0.697614,46.648204,0.163533,97.771865,0.083356,0.533071,0.254063,213.567444,0.000000,-1.000000
2014,6,-25.000000,160.000000,-22.500000,162.500000,2669.250000,5.944741,2.059005,52.527114,60.530861,23.699624,0.701649,66.454680,0.139911,112.045924,0.046109,0.178441,0.092927,214.515106,0.000000,-1.000000
2014,6,-25.000000,165.000000,-22.500000,167.500000,1198.800000,26.336336,1.206206,19.850684,47.393227,23.944590,0.702542,51.749033,0.125161,111.073775,0.058332,0.269988,0.085533,214.508102,0.000000,-1.000000
2014,6,-25.000000,170.000000,-22.500000,172.500000,6835.850000,6.949977,1.341457,34.806206,43.097640,24.123836,0.719215,54.016196,0.126757,2.937062,0.041392,0.195833,0.065721,214.421890,0.000000,-1.000000
2014,6,-25.000000,175.000000,-22.500000,177.500000,8963.880000,4.478306,1.856785,22.130484,28.465575,23.871073,0.669639,58.444729,0.115454,2.280372,0.050199,0.367778,0.069682,213.977905,0.000000,-1.000000
2014,6,-25.000000,-180.000000,-22.500000,-177.500000,1166.020000,17.208967,2.880740,15.365946,35.455653,,,,,,,,,,0.000000,-1.000000
2014,6,30.000000,130.000000,32.500000,132.500000,1228.890000,14.159933,0.028481,4.158224,18.346638,23.368796,0.614979,11.061872,0.322180,107.922642,0.294747,0.553372,0.333235,219.358871,0.000000,-1.000000
2014,6,30.000000,135.000000,32.500000,137.500000,2701.010000,0.363938,1.560898,25.011014,26.935850,22.889061,0.920223,11.185202,0.423101,106.717922,0.422972,0.473154,0.268864,218.078934,0.000000,-1.000000
2014,6,30.000000,140.000000,32.500000,142.500000,4103.570000,0.355300,1.788930,23.595308,25.739539,22.271158,1.013727,11.533072,0.236771,32.292574,0.206019,0.285278,0.209746,229.134766,0.000000,-1.000000
2014,6,30.000000,145.000000,32.500000,147.500000,4095.280000,0.216347,3.585835,14.761872,18.564054,21.758182,0.890401,12.110508,0.377835,4.264378,0.236842,0.289444,0.222304,234.232346,0.000000,-1.000000
2014,6,30.000000,150.000000,32.500000,152.500000,1229.500000,0.013013,3.983733,11.025620,15.022367,21.206315,0.872760,11.991995,0.285193,2.822461,0.198819,0.195556,0.214098,235.231354,0.000000,-1.000000
2014,6,-30.000000,150.000000,-27.500000,152.500000,1169.100000,18.690446,13.140022,3.907279,35.737747,23.025617,0.640798,54.455736,0.269104,102.185124,0.093802,0.626939,0.397439,214.522629,0.000000,-1.000000
2014,6,-30.000000,155.000000,-27.500000,157.500000,3288.580000,23.240122,5.395946,31.946615,60.582683,22.183862,0.638260,75.133692,0.222374,6.022163,0.108371,0.244444,0.212568,219.702240,0.000000,-1.000000
2014,6,-30.000000,160.000000,-27.500000,162.500000,4388.530000,2.539119,1.051149,39.052485,42.642753,22.172807,0.681644,81.827630,0.181494,2.892348,0.091994,0.310556,0.115323,223.184265,0.000000,-1.000000
2014,6,-30.000000,-160.000000,-27.500000,-157.500000,5481.670000,0.693949,0.182609,13.072294,13.948851,,,,,,,,,,0.000000,-1.000000
2014,6,-30.000000,165.000000,-27.500000,167.500000,12712.000000,0.359581,0.088342,28.289805,28.737728,21.356454,0.528747,67.949231,0.180620,85.822276,0.111786,0.419471,0.080771,224.654434,0.000000,-1.000000
2014,6,-30.000000,170.000000,-27.500000,172.500000,3097.500000,0.149153,1.668119,31.097014,32.914286,21.244225,0.517774,65.339962,0.146478,3.339157,0.095481,0.389167,0.055655,222.804993,0.000000,-1.000000
2014,6,-30.000000,-170.000000,-27.500000,-167.500000,2732.000000,0.627013,0.133602,46.156662,46.917277,,,,,,,,,,0.000000,-1.000000
2014,6,-30.000000,175.000000,-27.500000,177.500000,2768.960000,0.437348,1.092829,43.997385,45.527563,21.503401,0.536435,76.192302,0.133291,3.280399,0.050204,0.301667,0.053246,223.905289,0.000000,-1.000000
2014,6,-30.000000,-180.000000,-27.500000,-177.500000,1057.120000,2.240994,0.110678,46.737362,49.089034,,,,,,,,,,0.000000,-1.000000
2014,6,35.000000,140.000000,37.500000,142.500000,1846.830000,0.253407,0.781880,8.295837,9.331124,19.575222,0.216404,11.207611,0.414352,99.480126,0.398410,0.782238,0.395324,229.652634,0.000000,-1.000000
2014,6,35.000000,145.000000,37.500000,147.500000,5189.570000,0.045476,3.878356,7.374407,11.298239,19.678478,0.190597,11.880899,0.322931,10.540078,0.277145,0.713611,0.487188,239.238831,0.000000,-1.000000
2014,6,35.000000,150.000000,37.500000,152.500000,4685.020000,0.000000,1.212161,0.936175,2.148337,18.790652,0.273261,12.944214,0.284861,4.389249,0.229983,0.555000,0.593394,246.764252,0.000000,-1.000000
2014,6,-35.000000,-135.000000,-32.500000,-132.500000,1565.310000,0.010222,2.377804,29.457424,31.845449,,,,,,,,,,0.000000,-1.000000
2014,6,-35.000000,-150.000000,-32.500000,-147.500000,4091.240000,0.082371,0.671190,32.637782,33.391343,,,,,,,,,,0.000000,-1.000000
2014,6,-35.000000,-155.000000,-32.500000,-152.500000,6386.860000,0.171759,1.056544,52.161312,53.389616,,,,,,,,,,0.000000,-1.000000
2014,6,-35.000000,160.000000,-32.500000,162.500000,3803.220000,1.424845,2.810776,47.129801,51.365422,19.843987,0.467486,81.567757,0.184902,3.771192,0.096808,0.406389,0.396461,223.314468,0.000000,-1.000000
2014,6,-35.000000,-160.000000,-32.500000,-157.500000,1546.290000,0.167498,1.063190,50.128372,51.359059,,,,,,,,,,0.000000,-1.000000
2014,6,-35.000000,165.000000,-32.500000,167.500000,3397.270000,1.104416,2.592670,45.860353,49.557439,19.137482,0.412019,83.006662,0.153895,3.306570,0.096353,0.491111,0.317636,229.701599,0.000000,-1.000000
2014,6,-40.000000,150.000000,-37.500000,152.500000,1992.640000,11.021057,1.615947,27.010900,39.647904,,,,,,,,,,0.000000,-1.000000
2014,6,-40.000000,155.000000,-37.500000,157.500000,8877.080000,1.504549,2.559738,39.047412,43.111699,,,,,,,,,,0.000000,-1.000000
2014,6,-40.000000,160.000000,-37.500000,162.500000,5052.050000,0.908146,3.090033,41.169426,45.167605,,,,,,,,,,0.000000,-1.000000
2014,6,-40.000000,175.000000,-37.500000,177.500000,1831.140000,0.000000,0.456000,10.329631,10.785631,,,,,,,,,,0.000000,-1.000000
2014,6,-45.000000,150.000000,-42.500000,152.500000,1489.600000,0.284640,0.075188,22.870569,23.230397,,,,,,,,,,0.000000,-1.000000
2014,6,-45.000000,165.000000,-42.500000,167.500000,6510.220000,0.000000,0.000000,1.434975,1.434975,,,,,,,,,,0.000000,-1.000000
2014,7,0.000000,120.000000,2.500000,122.500000,18280.210000,19.644906,5.005413,0.000000,24.650319,29.659912,0.606151,16.290416,0.246338,135.497817,0.017124,0.110180,0.104240,200.285187,-0.500000,-0.866025
2014,7,0.000000,125.000000,2.500000,127.500000,24263.740000,19.681302,5.006442,0.000000,24.687744,29.215620,0.598489,22.890591,0.506396,134.251462,0.033419,0.193890,0.129781,200.043365,-0.500000,-0.866025
2014,7,0.000000,130.000000,2.500000,132.500000,5983.530000,19.792497,5.009585,0.000000,24.802082,29.528728,0.673698,28.413548,0.646794,117.874211,0.039301,0.018616,0.130505,200.195953,-0.500000,-0.866025
2014,7,0.000000,135.000000,2.500000,137.500000,3104.360000,18.859282,2.320929,0.674857,21.855068,29.504870,0.633204,20.052569,0.618463,0.592500,0.094039,0.000000,0.102015,199.798553,-0.500000,-0.866025
2014,7,0.000000,140.000000,2.500000,142.500000,3649.660000,7.876898,32.876761,0.076171,40.829831,29.528337,0.662440,21.369485,0.460034,0.291032,0.059096,0.000000,0.088849,199.662613,-0.500000,-0.866025
2014,7,0.000000,145.000000,2.500000,147.500000,3436.020000,6.760147,53.856497,0.041327,60.657971,29.512968,0.662898,21.753340,0.361913,0.210865,0.044770,0.000000,0.080969,198.999420,-0.500000,-0.866025
2014,7,0.000000,150.000000,2.500000,152.500000,4719.650000,21.286536,44.104754,0.084116,65.475406,29.671801,0.659108,19.436477,0.336818,0.206879,0.048243,0.000000,0.079101,198.933578,-0.500000,-0.866025
2014,7,0.000000,155.000000,2.500000,157.500000,7211.140000,25.772763,8.045885,0.084730,33.903377,29.784889,0.681500,19.642392,0.282906,0.218067,0.034858,0.000000,0.080982,199.302322,-0.500000,-0.866025
2014,7,0.000000,160.000000,2.500000,162.500000,9252.250000,24.087438,21.681321,0.258099,46.026858,29.926306,0.684915,20.283959,0.303348,0.262948,0.032514,0.000000,0.091427,199.723328,-0.500000,-0.866025
2014,7,0.000000,165.000000,2.500000,167.500000,13071.940000,13.929532,28.398845,0.124848,42.453224,29.960334,0.685417,20.684816,0.309385,94.810367,0.023039,0.002779,0.120456,199.124588,-0.500000,-0.866025
2014,7,5.000000,125.000000,7.500000,127.500000,2474.590000,9.706254,9.302551,0.120020,19.128825,29.497698,0.547443,23.146949,0.479343,133.669717,0.096362,0.109453,0.097210,198.596619,-0.500000,-0.866025
2014,7,5.000000,130.000000,7.500000,132.500000,2797.080000,9.241423,12.186995,0.006078,21.434496,29.243515,0.499715,30.056991,0.478184,130.548486,0.069401,0.007804,0.084083,198.708786,-0.500000,-0.866025
2014,7,5.000000,135.000000,7.500000,137.500000,1034.180000,17.002843,1.201918,0.000000,18.204761,29.345890,0.499955,26.344563,0.220720,132.664105,0.080180,0.006954,0.083595,198.679733,-0.500000,-0.866025
2014,7,5.000000,160.000000,7.500000,162.500000,1744.700000,8.861695,22.040465,1.043159,31.945320,29.809427,0.556513,17.835145,0.187278,0.647159,0.026523,0.000278,0.076855,198.048141,-0.500000,-0.866025
2014,7,5.000000,165.000000,7.500000,167.500000,16697.700000,1.324673,2.636112,0.049348,4.010133,29.659321,0.558621,18.695182,0.232820,133.286794,0.031090,0.041643,0.076195,197.897339,-0.500000,-0.866025
2014,7,-5.000000,120.000000,-2.500000,122.500000,23934.130000,19.792531,5.009583,0.000000,24.802113,28.465921,0.575716,17.479140,0.158885,133.641985,0.023975,0.291566,0.099997,201.577576,-0.500000,-0.866025
2014,7,-5.000000,125.000000,-2.500000,127.500000,35901.190000,19.792519,5.009583,0.000000,24.802103,28.023441,0.545428,19.857394,0.201623,129.296309,0.023868,0.278328,0.134730,201.639175,-0.500000,-0.866025
2014,7,-5.000000,130.000000,-2.500000,132.500000,11967.060000,19.792497,5.009585,0.000000,24.802082,27.768365,0.559492,18.122465,0.245128,132.072964,0.078621,0.455523,0.245870,202.505997,-0.500000,-0.866025
2014,7,-5.000000,-155.000000,-2.500000,-152.500000,1502.390000,4.175347,28.714249,0.941833,33.831429,,,,,,,,,,-0.500000,-0.866025
2014,7,-5.000000,160.000000,-2.500000,162.500000,11267.500000,32.812780,17.299046,0.430264,50.542090,29.987609,0.726357,28.259081,0.244506,0.160216,0.019935,0.000000,0.135463,200.154709,-0.500000,-0.866025
2014,7,-5.000000,165.000000,-2.500000,167.500000,3081.610000,11.908710,21.432628,1.049127,34.390465,30.013036,0.720976,27.746540,0.325948,0.204101,0.027378,0.000000,0.146514,199.522110,-0.500000,-0.866025
2014,7,-5.000000,170.000000,-2.500000,172.500000,6253.480000,13.288601,15.865246,1.254182,30.408029,29.723224,0.697865,28.914971,0.394266,132.819370,0.035608,0.011706,0.155580,199.949722,-0.500000,-0.866025
2014,7,-5.000000,-170.000000,-2.500000,-167.500000,5365.320000,9.331410,24.982107,1.418368,35.731886,,,,,,,,,,-0.500000,-0.866025
2014,7,-5.000000,175.000000,-2.500000,177.500000,14182.810000,17.167049,15.556861,1.186013,33.909923,29.310756,0.671882,32.350003,0.420148,93.616602,0.037918,0.001668,0.152352,200.328552,-0.500000,-0.866025
2014,7,-5.000000,-175.000000,-2.500000,-172.500000,3272.670000,14.356473,22.548561,2.282846,39.187880,,,,,,,,,,-0.500000,-0.866025
2014,7,-5.000000,-180.000000,-2.500000,-177.500000,17564.930000,13.989353,22.686569,2.179969,38.855891,,,,,,,,,,-0.500000,-0.866025
2014,7,10.000000,110.000000,12.500000,112.500000,11575.090000,20.883553,4.229600,0.000000,25.113152,28.879781,0.676878,18.975266,0.331991,4.389616,0.097215,0.189167,0.111896,201.029709,-0.500000,-0.866025
2014,7,10.000000,115.000000,12.500000,117.500000,11575.090000,20.883553,4.229600,0.000000,25.113152,28.948192,0.742129,24.751647,0.132470,132.492470,0.022241,0.080306,0.078404,199.809799,-0.500000,-0.866025
2014,7,10.000000,125.000000,12.500000,127.500000,2442.220000,4.226073,7.684811,0.000000,11.910884,29.900808,0.814443,26.646618,0.161362,133.440117,0.089554,0.044876,0.092376,197.451370,-0.500000,-0.866025
2014,7,10.000000,130.000000,12.500000,132.500000,12544.050000,7.902711,10.857658,1.441401,20.201769,29.952964,0.836076,27.922064,0.199552,0.377215,0.098409,0.000000,0.087385,197.609161,-0.500000,-0.866025
2014,7,10.000000,135.000000,12.500000,137.500000,2060.060000,3.850373,3.499413,0.484452,7.834238,29.940225,0.841727,26.596496,0.156382,118.792566,0.093793,0.001946,0.088142,197.684296,-0.500000,-0.866025
2014,7,10.000000,150.000000,12.500000,152.500000,2771.830000,8.871395,0.204558,0.787927,9.863881,29.784737,0.808583,20.371318,0.207578,0.130441,0.089015,0.000000,0.088798,197.923752,-0.500000,-0.866025
2014,7,10.000000,155.000000,12.500000,157.500000,4175.580000,9.279908,0.985252,1.557628,11.822789,29.562534,0.747543,20.812183,0.183627,0.176594,0.078166,0.000000,0.088077,198.074219,-0.500000,-0.866025
2014,7,10.000000,-170.000000,12.500000,-167.500000,1862.970000,1.507271,17.825837,0.887830,20.220938,,,,,,,,,,-0.500000,-0.866025
2014,7,-10.000000,-135.000000,-7.500000,-132.500000,7648.920000,9.537686,22.845447,2.556439,34.939573,,,,,,,,,,-0.500000,-0.866025
2014,7,-10.000000,-140.000000,-7.500000,-137.500000,3325.280000,17.159758,27.009756,3.123045,47.292559,,,,,,,,,,-0.500000,-0.866025
2014,7,-10.000000,-150.000000,-7.500000,-147.500000,9376.500000,8.946942,18.650776,2.821309,30.419026,,,,,,,,,,-0.500000,-0.866025
2014,7,-10.000000,155.000000,-7.500000,157.500000,13535.470000,26.431738,5.048144,5.039278,36.519160,28.784853,0.685617,36.489942,0.145406,129.990928,0.056330,0.156361,0.264455,199.357468,-0.500000,-0.866025
2014,7,-10.000000,-155.000000,-7.500000,-152.500000,10719.680000,6.113522,25.485835,1.490343,33.089700,,,,,,,,,,-0.500000,-0.866025
2014,7,-10.000000,160.000000,-7.500000,162.500000,25401.490000,22.674418,5.181625,5.857097,33.713140,29.276124,0.753889,33.554550,0.139711,129.515279,0.025043,0.039966,0.181448,198.029175,-0.500000,-0.866025
2014,7,-10.000000,-160.000000,-7.500000,-157.500000,3662.480000,12.083069,28.001518,8.697931,48.782519,,,,,,,,,,-0.500000,-0.866025
2014,7,-10.000000,165.000000,-7.500000,167.500000,27648.030000,16.941858,4.887256,15.496258,37.325372,29.450964,0.788699,39.750742,0.132694,0.730609,0.015167,0.002778,0.145293,197.604263,-0.500000,-0.866025
2014,7,-10.000000,-165.000000,-7.500000,-162.500000,10188.870000,11.869619,10.094250,6.006554,27.970423,,,,,,,,,,-0.500000,-0.866025
2014,7,-10.000000,170.000000,-7.500000,172.500000,7371.680000,14.688646,7.730938,11.059351,33.478936,29.424971,0.777117,41.605293,0.114595,0.794573,0.019370,0.018333,0.145791,197.930481,-0.500000,-0.866025
2014,7,-10.000000,-170.000000,-7.500000,-167.500000,8011.330000,19.170350,13.249236,14.360412,46.779998,,,,,,,,,,-0.500000,-0.866025
2014,7,-10.000000,175.000000,-7.500000,177.500000,8750.120000,21.466677,13.463015,6.705165,41.634858,29.409117,0.764818,46.326591,0.116197,0.612570,0.016737,0.000000,0.144017,198.337326,-0.500000,-0.866025
2014,7,-10.000000,-175.000000,-7.500000,-172.500000,4989.590000,22.832537,12.901260,12.592217,48.326015,,,,,,,,,,-0.500000,-0.866025
2014,7,-10.000000,-180.000000,-7.500000,-177.500000,20347.220000,23.293551,12.944766,13.491622,49.729939,,,,,,,,,,-0.500000,-0.866025
2014,7,15.000000,110.000000,17.500000,112.500000,11575.090000,20.883553,4.229600,0.000000,25.113152,30.161487,0.668113,13.005357,0.173782,129.730227,0.064766,0.116816,0.091045,198.110382,-0.500000,-0.866025
2014,7,15.000000,115.000000,17.500000,117.500000,11575.090000,20.883553,4.229600,0.000000,25.113152,29.680639,0.701863,15.009369,0.153439,133.746369,0.049484,0.032033,0.087196,198.807343,-0.500000,-0.866025
2014,7,15.000000,120.000000,17.500000,122.500000,1332.390000,13.143299,0.776049,0.614685,14.534033,30.057821,0.906764,16.594216,0.248044,137.132505,0.123898,0.156388,0.117090,196.891266,-0.500000,-0.866025
2014,7,15.000000,135.000000,17.500000,137.500000,4064.660000,6.759483,0.367558,6.823695,13.950736,29.926666,1.008940,21.415263,0.176088,0.721300,0.061338,0.005000,0.092095,197.175766,-0.500000,-0.866025
2014,7,15.000000,140.000000,17.500000,142.500000,2537.700000,3.352642,0.691177,13.772708,17.816527,30.225813,1.000643,21.568958,0.157556,0.560849,0.069450,0.000000,0.093299,195.988495,-0.500000,-0.866025
2014,7,15.000000,150.000000,17.500000,152.500000,4262.020000,5.594296,1.455179,16.061398,23.110872,30.057280,1.003236,22.538895,0.178900,0.939324,0.050780,0.004722,0.085133,196.435547,-0.500000,-0.866025
2014,7,15.000000,155.000000,17.500000,157.500000,3318.360000,4.045070,2.834533,30.889355,37.768958,29.775599,0.932480,22.159787,0.171758,1.188784,0.067688,0.008056,0.081146,197.241653,-0.500000,-0.866025
2014,7,15.000000,160.000000,17.500000,162.500000,10863.020000,3.424278,2.118656,9.076574,14.619507,29.366226,0.884775,21.689972,0.167548,0.977607,0.051550,0.008056,0.078852,197.718658,-0.500000,-0.866025
2014,7,15.000000,-160.000000,17.500000,-157.500000,2071.600000,2.067484,7.324290,0.598088,9.989863,,,,,,,,,,-0.500000,-0.866025
2014,7,15.000000,-165.000000,17.500000,-162.500000,1086.290000,2.804960,6.831509,4.486831,14.123300,,,,,,,,,,-0.500000,-0.866025
2014,7,-15.000000,-135.000000,-12.500000,-132.500000,3707.420000,6.876480,7.108987,1.319786,15.305253,,,,,,,,,,-0.500000,-0.866025
2014,7,-15.000000,145.000000,-12.500000,147.500000,1157.700000,58.871901,0.000000,26.194178,85.066079,25.631365,0.644562,67.670391,0.169804,114.083988,0.034598,0.091575,0.091984,207.579468,-0.500000,-0.866025
2014,7,-15.000000,150.000000,-12.500000,152.500000,2017.150000,47.991473,0.065439,18.863743,66.920655,26.293009,0.651260,51.776480,0.209085,119.187752,0.040007,0.168831,0.136211,205.246307,-0.500000,-0.866025
2014,7,-15.000000,-150.000000,-12.500000,-147.500000,4454.880000,5.124268,19.748456,7.221070,32.093794,,,,,,,,,,-0.500000,-0.866025
2014,7,-15.000000,155.000000,-12.500000,157.500000,28251.360000,15.369703,2.417972,12.801401,30.589076,27.108552,0.657907,57.984111,0.190463,1.274721,0.041057,0.024722,0.144622,203.382889,-0.500000,-0.866025
2014,7,-15.000000,-155.000000,-12.500000,-152.500000,1419.380000,7.567389,17.282898,11.793882,36.644169,,,,,,,,,,-0.500000,-0.866025
2014,7,-15.000000,160.000000,-12.500000,162.500000,17351.270000,14.144383,1.865800,12.303826,28.314008,27.436446,0.672273,50.683207,0.166047,127.651801,0.034027,0.066629,0.088362,202.724411,-0.500000,-0.866025
2014,7,-15.000000,-160.000000,-12.500000,-157.500000,20627.480000,13.097868,2.406159,27.419539,42.923566,,,,,,,,,,-0.500000,-0.866025
2014,7,-15.000000,165.000000,-12.500000,167.500000,7337.850000,12.033361,2.146814,11.973943,26.154119,27.860823,0.715940,47.431619,0.176779,120.836623,0.042637,0.060302,0.076530,201.730087,-0.500000,-0.866025
2014,7,-15.000000,-165.000000,-12.500000,-162.500000,11277.390000,8.267959,1.229185,24.833494,34.330639,,,,,,,,,,-0.500000,-0.866025
2014,7,-15.000000,170.000000,-12.500000,172.500000,6284.370000,9.951037,1.553537,17.497219,29.001793,28.053717,0.728057,48.949064,0.153007,1.432862,0.041111,0.017222,0.078074,201.604263,-0.500000,-0.866025
2014,7,-15.000000,-170.000000,-12.500000,-167.500000,19758.200000,7.400624,0.966637,30.550809,38.918069,,,,,,,,,,-0.500000,-0.866025
2014,7,-15.000000,-175.000000,-12.500000,-172.500000,6937.460000,10.010436,1.182854,28.866905,40.060195,,,,,,,,,,-0.500000,-0.866025
2014,7,20.000000,135.000000,22.500000,137.500000,4211.800000,7.402298,0.933330,20.851417,29.187046,29.882302,1.038043,14.979418,0.174435,1.414972,0.071582,0.095833,0.091217,198.066849,-0.500000,-0.866025
2014,7,20.000000,140.000000,22.500000,142.500000,2145.210000,11.424056,1.065630,17.914330,30.404016,30.083053,0.925089,13.517521,0.199138,59.885870,0.079709,0.038066,0.089637,196.936478,-0.500000,-0.866025
2014,7,20.000000,145.000000,22.500000,147.500000,1509.010000,5.912486,0.947641,2.545377,9.405504,29.991722,0.917325,13.927377,0.193856,1.262350,0.076482,0.071389,0.089219,197.292175,-0.500000,-0.866025
2014,7,20.000000,150.000000,22.500000,152.500000,2132.650000,5.708391,0.908260,24.042857,30.659508,30.000066,0.954415,14.489723,0.183769,1.557759,0.080958,0.068333,0.091913,197.658875,-0.500000,-0.866025
2014,7,20.000000,155.000000,22.500000,157.500000,4083.150000,4.539387,1.638686,34.894873,41.072946,29.590069,0.887778,13.727565,0.218387,1.456584,0.100202,0.161944,0.088652,198.692261,-0.500000,-0.866025
2014,7,-20.000000,-135.000000,-17.500000,-132.500000,6835.000000,3.001170,0.286028,28.109876,31.397074,,,,,,,,,,-0.500000,-0.866025
2014,7,-20.000000,-150.000000,-17.500000,-147.500000,8475.370000,3.233605,2.823122,24.275518,30.332245,,,,,,,,,,-0.500000,-0.866025
2014,7,-20.000000,155.000000,-17.500000,157.500000,1383.670000,13.133189,2.900981,21.796382,37.830552,24.990728,0.708712,67.597781,0.136407,3.589694,0.042949,0.238333,0.079107,211.124039,-0.500000,-0.866025
2014,7,-20.000000,-155.000000,-17.500000,-152.500000,3571.000000,4.751610,3.502380,25.443293,33.697284,,,,,,,,,,-0.500000,-0.866025
2014,7,-20.000000,160.000000,-17.500000,162.500000,1905.680000,17.591096,1.902733,18.155199,37.649028,25.080714,0.697651,62.160882,0.135971,48.016776,0.033854,0.342595,0.088491,210.223572,-0.500000,-0.866025
2014,7,-20.000000,165.000000,-17.500000,167.500000,4259.370000,4.325053,0.355921,19.620742,24.301716,25.600201,0.718563,55.175606,0.115581,120.830732,0.054129,0.424520,0.071854,208.425415,-0.500000,-0.866025
2014,7,-20.000000,170.000000,-17.500000,172.500000,24339.390000,8.501815,0.751416,22.660305,31.913536,25.862238,0.730167,63.824718,0.102465,1.937888,0.065474,0.365278,0.064969,207.458420,-0.500000,-0.866025
2014,7,-20.000000,175.000000,-17.500000,177.500000,11057.540000,9.479324,1.761694,13.224370,24.465387,26.230201,0.770896,64.454826,0.091148,118.615193,0.029022,0.244934,0.120161,207.138062,-0.500000,-0.866025
2014,7,-20.000000,-180.000000,-17.500000,-177.500000,1499.390000,14.808022,1.465263,12.949266,29.222551,,,,,,,,,,-0.500000,-0.866025
2014,7,25.000000,125.000000,27.500000,127.500000,3237.820000,18.829645,0.284451,0.134659,19.248754,28.585516,0.869218,12.353141,0.401159,128.335739,0.290913,0.452401,0.141251,203.077789,-0.500000,-0.866025
2014,7,25.000000,130.000000,27.500000,132.500000,2509.810000,11.851893,0.010758,0.281296,12.143947,28.509392,1.011221,11.761965,0.222928,57.551325,0.093714,0.235899,0.122063,204.613907,-0.500000,-0.866025
2014,7,25.000000,135.000000,27.500000,137.500000,2755.860000,0.685448,0.198123,0.158571,1.042143,28.023216,1.014045,10.710429,0.148331,2.745890,0.107380,0.315833,0.121768,204.649979,-0.500000,-0.866025
2014,7,25.000000,145.000000,27.500000,147.500000,9293.990000,1.570262,0.408436,0.027114,2.005812,28.421455,0.946701,10.744635,0.159812,2.803419,0.086593,0.384722,0.108460,206.085922,-0.500000,-0.866025
2014,7,25.000000,150.000000,27.500000,152.500000,4304.980000,2.035782,0.622070,0.000000,2.657852,27.791772,0.859267,10.813302,0.140650,4.081305,0.056928,0.498889,0.102242,207.104004,-0.500000,-0.866025
2014,7,25.000000,155.000000,27.500000,157.500000,3732.330000,2.561403,1.949452,0.152720,4.663575,27.731609,0.849522,10.665414,0.163365,5.064364,0.072444,0.474167,0.100195,207.434662,-0.500000,-0.866025
2014,7,25.000000,-155.000000,27.500000,-152.500000,6198.390000,1.269039,10.597591,7.906247,19.772877,,,,,,,,,,-0.500000,-0.866025
2014,7,25.000000,160.000000,27.500000,162.500000,1496.480000,5.216909,2.630172,0.000000,7.847081,27.943185,0.836962,11.979363,0.159401,3.588989,0.090963,0.310278,0.097802,206.470001,-0.500000,-0.866025
2014,7,25.000000,-160.000000,27.500000,-157.500000,2382.480000,0.225395,13.751217,2.426463,16.403076,,,,,,,,,,-0.500000,-0.866025
2014,7,25.000000,-165.000000,27.500000,-162.500000,3194.460000,0.750675,10.045203,0.804518,11.600396,,,,,,,,,,-0.500000,-0.866025
2014,7,25.000000,170.000000,27.500000,172.500000,1127.360000,0.000000,0.276753,0.000000,0.276753,27.493053,0.742121,11.024261,0.170247,2.325551,0.071041,0.143889,0.099663,206.419861,-0.500000,-0.866025
2014,7,-25.000000,-150.000000,-22.500000,-147.500000,1311.220000,1.680877,2.192615,50.779427,54.652919,,,,,,,,,,-0.500000,-0.866025
2014,7,-25.000000,160.000000,-22.500000,162.500000,4820.700000,9.472483,1.075155,51.361835,61.909474,22.699334,0.654413,88.264979,0.132732,106.465950,0.069303,0.289896,0.169612,217.818588,-0.500000,-0.866025
2014,7,-25.000000,-165.000000,-22.500000,-162.500000,2064.080000,4.488683,0.848320,56.066625,61.403628,,,,,,,,,,-0.500000,-0.866025
2014,7,-25.000000,170.000000,-22.500000,172.500000,11943.010000,5.973117,0.880683,33.636244,40.490044,23.156367,0.670117,74.510817,0.126344,2.740548,0.046990,0.376944,0.074453,217.907974,-0.500000,-0.866025
2014,7,-25.000000,175.000000,-22.500000,177.500000,5834.660000,8.589875,1.808674,24.843950,35.242499,23.019777,0.643416,66.809259,0.135241,2.689309,0.063567,0.555833,0.081551,216.801819,-0.500000,-0.866025
2014,7,-25.000000,-175.000000,-22.500000,-172.500000,5513.500000,2.164505,0.186996,39.506484,41.857985,,,,,,,,,,-0.500000,-0.866025
2014,7,-25.000000,-180.000000,-22.500000,-177.500000,1412.020000,19.729182,2.172774,8.565743,30.467699,,,,,,,,,,-0.500000,-0.866025
2014,7,30.000000,130.000000,32.500000,132.500000,2774.420000,11.546197,0.058030,0.039287,11.643515,26.471809,0.683383,10.769624,0.396133,121.426221,0.335420,0.653179,0.299255,211.340393,-0.500000,-0.866025
2014,7,30.000000,145.000000,32.500000,147.500000,6906.150000,0.108744,0.229361,0.000000,0.338104,24.783853,0.950377,10.847169,0.308925,3.993521,0.209037,0.320000,0.120493,220.961624,-0.500000,-0.866025
2014,7,30.000000,150.000000,32.500000,152.500000,2694.940000,0.096848,0.000000,0.000000,0.096848,24.104177,0.927204,11.193851,0.182991,1.898747,0.111381,0.298611,0.106895,223.052536,-0.500000,-0.866025
2014,7,30.000000,155.000000,32.500000,157.500000,2378.680000,0.000000,1.095986,1.608035,2.704021,23.513850,0.842441,11.011842,0.302625,1.865553,0.191912,0.271944,0.104717,224.578461,-0.500000,-0.866025
2014,7,30.000000,-155.000000,32.500000,-152.500000,1319.830000,0.129562,16.293765,0.121985,16.545313,,,,,,,,,,-0.500000,-0.866025
2014,7,30.000000,160.000000,32.500000,162.500000,2303.840000,3.418206,4.452132,6.489600,14.359938,23.630886,0.732256,10.976576,0.239229,4.180738,0.172202,0.460000,0.116651,223.979980,-0.500000,-0.866025
2014,7,30.000000,-165.000000,32.500000,-162.500000,1616.430000,0.243128,8.852842,0.498630,9.594600,,,,,,,,,,-0.500000,-0.866025
2014,7,30.000000,-170.000000,32.500000,-167.500000,1551.100000,0.259816,10.832313,0.305590,11.397718,,,,,,,,,,-0.500000,-0.866025
2014,7,-30.000000,-140.000000,-27.500000,-137.500000,2254.310000,3.786968,0.167235,43.702508,47.656711,,,,,,,,,,-0.500000,-0.866025
2014,7,-30.000000,150.000000,-27.500000,152.500000,1611.140000,35.230334,11.337314,12.077163,58.644811,21.689762,0.557143,62.717408,0.243329,97.631907,0.093058,0.666122,0.464978,217.532364,-0.500000,-0.866025
2014,7,-30.000000,155.000000,-27.500000,157.500000,1717.160000,12.663351,6.708169,27.766195,47.137716,21.549381,0.666410,95.986439,0.191789,2.807085,0.088948,0.374722,0.344776,222.627167,-0.500000,-0.866025
2014,7,-30.000000,-155.000000,-27.500000,-152.500000,3517.930000,8.864588,0.927534,52.723050,62.515172,,,,,,,,,,-0.500000,-0.866025
2014,7,-30.000000,160.000000,-27.500000,162.500000,13603.540000,2.040351,0.615796,35.771277,38.427424,20.998665,0.616387,107.991065,0.191072,2.749165,0.098472,0.323056,0.234038,226.358749,-0.500000,-0.866025
2014,7,-30.000000,-160.000000,-27.500000,-157.500000,9802.850000,4.940298,0.849243,32.772612,38.562153,,,,,,,,,,-0.500000,-0.866025
2014,7,-30.000000,-165.000000,-27.500000,-162.500000,1092.000000,1.984432,1.397436,32.490842,35.872711,,,,,,,,,,-0.500000,-0.866025
2014,7,-30.000000,170.000000,-27.500000,172.500000,4736.600000,0.844910,2.104885,33.939324,36.889119,20.265805,0.468221,85.703057,0.142935,2.401376,0.069823,0.496944,0.111155,228.071686,-0.500000,-0.866025
2014,7,-30.000000,-170.000000,-27.500000,-167.500000,5572.200000,0.399304,0.167977,48.780195,49.347475,,,,,,,,,,-0.500000,-0.866025
2014,7,-30.000000,175.000000,-27.500000,177.500000,1636.380000,0.757770,3.023136,25.538689,29.319596,20.449325,0.501314,94.123666,0.123121,1.941291,0.056627,0.296944,0.104281,229.239960,-0.500000,-0.866025
2014,7,-30.000000,-175.000000,-27.500000,-172.500000,8085.770000,2.787119,0.878581,47.571351,51.237050,,,,,,,,,,-0.500000,-0.866025
2014,7,-30.000000,-180.000000,-27.500000,-177.500000,1330.300000,3.174472,1.950688,54.329099,59.454258,,,,,,,,,,-0.500000,-0.866025
2014,7,35.000000,145.000000,37.500000,147.500000,2631.960000,0.000000,0.000000,0.000000,0.000000,22.356940,0.207159,11.047574,0.392860,6.908528,0.349866,0.575833,0.165068,224.567535,-0.500000,-0.866025
2014,7,35.000000,150.000000,37.500000,152.500000,1283.210000,0.000000,0.275871,0.000000,0.275871,21.686528,0.340605,13.333707,0.356018,4.537834,0.334583,0.601389,0.181884,231.535278,-0.500000,-0.866025
2014,7,35.000000,155.000000,37.500000,157.500000,5822.800000,0.069898,3.913753,0.819194,4.802844,20.600338,0.281572,12.168578,0.361162,5.306859,0.214146,0.709722,0.243576,235.580276,-0.500000,-0.866025
2014,7,-35.000000,-155.000000,-32.500000,-152.500000,3551.260000,0.362688,0.808164,64.064586,65.235438,,,,,,,,,,-0.500000,-0.866025
2014,7,-35.000000,160.000000,-32.500000,162.500000,4252.950000,2.557049,2.075501,38.640003,43.272552,18.903258,0.444929,97.531947,0.172115,3.137210,0.098144,0.507778,0.424517,225.905563,-0.500000,-0.866025
2014,7,-35.000000,175.000000,-32.500000,177.500000,5362.400000,0.021446,9.578360,10.739035,20.338841,17.775485,0.370965,103.126457,0.122030,3.612621,0.065240,0.375833,0.318809,235.188248,-0.500000,-0.866025
2014,7,-40.000000,150.000000,-37.500000,152.500000,1280.620000,5.571520,0.513814,21.291250,27.376583,,,,,,,,,,-0.500000,-0.866025
2014,7,-40.000000,155.000000,-37.500000,157.500000,4059.000000,0.357724,2.024883,30.320522,32.703129,,,,,,,,,,-0.500000,-0.866025
2014,7,-40.000000,175.000000,-37.500000,177.500000,2378.530000,0.000000,0.360727,5.759440,6.120167,,,,,,,,,,-0.500000,-0.866025
2014,8,0.000000,120.000000,2.500000,122.500000,20136.590000,17.833854,4.543967,0.000000,22.377821,29.257965,0.579449,13.831838,0.248386,133.299682,0.014610,0.154873,0.101840,199.991211,-0.866025,-0.500000
2014,8,0.000000,125.000000,2.500000,127.500000,26727.760000,17.866892,4.544900,0.000000,22.411792,28.731413,0.588344,18.459730,0.486265,132.377861,0.040971,0.249546,0.144523,200.468521,-0.866025,-0.500000
2014,8,0.000000,130.000000,2.500000,132.500000,6591.170000,17.967827,4.547751,0.000000,22.515578,29.287991,0.656746,18.217533,0.632235,116.582867,0.054289,0.022784,0.124613,200.252777,-0.866025,-0.500000
2014,8,0.000000,135.000000,2.500000,137.500000,5257.770000,14.480093,0.597402,0.015406,15.092901,29.416088,0.623781,15.274811,0.642932,0.624800,0.077853,0.000278,0.103535,200.368774,-0.866025,-0.500000
2014,8,0.000000,140.000000,2.500000,142.500000,3159.400000,6.540166,21.269545,0.006014,27.815725,29.545527,0.639682,14.198907,0.477545,0.298959,0.056248,0.000000,0.105679,200.269943,-0.866025,-0.500000
2014,8,0.000000,145.000000,2.500000,147.500000,1021.660000,7.467259,30.828260,0.018597,38.314116,29.700291,0.648938,13.412589,0.480023,0.263224,0.047815,0.000000,0.096408,200.254944,-0.866025,-0.500000
2014,8,0.000000,150.000000,2.500000,152.500000,3726.850000,18.305271,37.886687,1.334103,57.526061,29.806004,0.660010,13.501644,0.387913,0.151504,0.043017,0.000000,0.091013,200.065140,-0.866025,-0.500000
2014,8,0.000000,155.000000,2.500000,157.500000,5209.520000,17.591640,8.476981,0.178711,26.247332,29.879936,0.692610,15.408584,0.343358,0.379127,0.026103,0.000000,0.086294,199.647812,-0.866025,-0.500000
2014,8,0.000000,-155.000000,2.500000,-152.500000,1473.680000,3.396260,24.111747,0.479751,27.987759,,,,,,,,,,-0.866025,-0.500000
2014,8,0.000000,160.000000,2.500000,162.500000,5729.120000,9.866960,17.142249,0.066502,27.075711,30.045898,0.699814,16.090673,0.370515,0.397590,0.032198,0.000000,0.081710,199.547943,-0.866025,-0.500000
2014,8,0.000000,165.000000,2.500000,167.500000,8644.240000,5.356283,20.915430,0.031813,26.303527,30.151505,0.706841,17.342241,0.392229,94.524086,0.031321,0.002779,0.089885,199.570328,-0.866025,-0.500000
2014,8,0.000000,170.000000,2.500000,172.500000,1333.160000,6.469591,14.812926,0.036005,21.318521,30.084426,0.697191,18.900098,0.392934,134.985188,0.028109,0.019537,0.132156,199.625183,-0.866025,-0.500000
2014,8,5.000000,125.000000,7.500000,127.500000,4406.940000,9.463710,4.900226,0.014069,14.378004,29.166690,0.563734,16.813473,0.446384,132.566165,0.076172,0.110116,0.100110,199.549744,-0.866025,-0.500000
2014,8,5.000000,130.000000,7.500000,132.500000,5570.970000,9.433007,15.590463,0.018668,25.042138,29.252894,0.545935,17.442800,0.320902,132.012043,0.049512,0.008361,0.091688,199.831314,-0.866025,-0.500000
2014,8,5.000000,135.000000,7.500000,137.500000,4394.790000,16.418532,6.903174,0.000000,23.321706,29.474799,0.528220,15.951801,0.225748,132.541272,0.068499,0.006954,0.091174,199.502396,-0.866025,-0.500000
2014,8,5.000000,145.000000,7.500000,147.500000,1359.390000,6.576479,40.443140,0.011770,47.031389,29.740870,0.545103,15.023161,0.138412,0.477495,0.024872,0.000000,0.092892,199.249466,-0.866025,-0.500000
2014,8,5.000000,150.000000,7.500000,152.500000,1531.790000,6.988556,32.919656,0.077034,39.985246,29.799003,0.537400,14.830790,0.126974,119.198350,0.018722,0.004454,0.087775,199.005630,-0.866025,-0.500000
2014,8,5.000000,155.000000,7.500000,157.500000,1585.500000,13.578682,26.775781,0.010722,40.365184,29.970388,0.526658,15.135171,0.225729,127.116965,0.034622,0.003336,0.089561,199.019516,-0.866025,-0.500000
2014,8,5.000000,165.000000,7.500000,167.500000,1655.980000,15.282793,16.743560,0.685999,32.712352,30.074854,0.538811,14.699850,0.217306,134.925244,0.029367,0.041643,0.087499,198.334457,-0.866025,-0.500000
2014,8,5.000000,170.000000,7.500000,172.500000,4717.380000,3.219160,19.838342,0.322213,23.379715,29.814976,0.521425,15.822968,0.260877,134.397547,0.040064,0.027848,0.081735,198.256607,-0.866025,-0.500000
2014,8,-5.000000,120.000000,-2.500000,122.500000,26364.680000,17.967865,4.547751,0.000000,22.515616,27.857393,0.547373,19.497406,0.167440,131.522925,0.025883,0.359438,0.102145,202.477875,-0.866025,-0.500000
2014,8,-5.000000,125.000000,-2.500000,127.500000,39547.030000,17.967847,4.547750,0.000000,22.515597,27.457213,0.520886,20.364539,0.240083,127.557504,0.030901,0.381424,0.167006,201.936768,-0.866025,-0.500000
2014,8,-5.000000,130.000000,-2.500000,132.500000,13182.340000,17.967827,4.547751,0.000000,22.515578,27.352323,0.545978,18.552590,0.248704,130.491146,0.086384,0.553165,0.313599,202.113663,-0.866025,-0.500000
2014,8,-5.000000,-155.000000,-2.500000,-152.500000,1576.000000,6.961294,47.198604,1.418782,55.578680,,,,,,,,,,-0.866025,-0.500000
2014,8,-5.000000,160.000000,-2.500000,162.500000,10175.710000,22.926459,14.052189,0.305630,37.284278,30.063705,0.736882,25.592484,0.322654,0.453181,0.021990,0.000000,0.122846,199.639313,-0.866025,-0.500000
2014,8,-5.000000,165.000000,-2.500000,167.500000,10027.100000,14.265441,13.895144,0.683548,28.844132,30.136070,0.729170,25.387925,0.325089,0.365630,0.023212,0.000000,0.147775,200.461914,-0.866025,-0.500000
2014,8,-5.000000,-165.000000,-2.500000,-162.500000,1814.930000,4.649766,29.607753,0.935573,35.193093,,,,,,,,,,-0.866025,-0.500000
2014,8,-5.000000,170.000000,-2.500000,172.500000,15908.300000,10.788331,24.582514,0.163688,35.534532,29.908282,0.708048,25.468837,0.329625,133.483737,0.025421,0.009755,0.167013,201.206802,-0.866025,-0.500000
2014,8,-5.000000,-170.000000,-2.500000,-167.500000,4662.430000,7.127185,25.233623,1.396697,33.757504,,,,,,,,,,-0.866025,-0.500000
2014,8,-5.000000,175.000000,-2.500000,177.500000,11883.400000,9.802498,25.448693,0.796153,36.047343,29.433044,0.686939,26.193331,0.316453,94.206768,0.017371,0.001668,0.161583,201.587128,-0.866025,-0.500000
2014,8,-5.000000,-175.000000,-2.500000,-172.500000,17682.760000,10.817599,31.107870,0.453888,42.379357,,,,,,,,,,-0.866025,-0.500000
2014,8,-5.000000,-180.000000,-2.500000,-177.500000,6956.090000,11.053480,22.540105,0.818420,34.412004,,,,,,,,,,-0.866025,-0.500000
2014,8,10.000000,110.000000,12.500000,112.500000,13656.050000,17.701239,3.585078,0.000000,21.286316,29.028290,0.689856,13.988159,0.417566,3.889870,0.131801,0.124444,0.127860,202.239746,-0.866025,-0.500000
2014,8,10.000000,115.000000,12.500000,117.500000,13656.050000,17.701239,3.585078,0.000000,21.286316,29.003551,0.738939,16.697886,0.100199,133.208219,0.019537,0.050227,0.086396,201.658920,-0.866025,-0.500000
2014,8,10.000000,125.000000,12.500000,127.500000,4133.930000,9.056515,6.323523,0.018868,15.398906,29.433466,0.805007,18.189660,0.160172,131.746284,0.075649,0.045455,0.099240,198.888306,-0.866025,-0.500000
2014,8,10.000000,130.000000,12.500000,132.500000,7530.320000,8.134050,5.867613,0.706610,14.708273,29.385657,0.800592,18.438055,0.169403,0.520382,0.074613,0.000000,0.091234,198.699402,-0.866025,-0.500000
2014,8,10.000000,155.000000,12.500000,157.500000,4737.790000,0.948966,0.325257,0.136773,1.410995,29.868577,0.692293,15.378871,0.173888,0.351311,0.078771,0.000000,0.094627,198.568298,-0.866025,-0.500000
2014,8,10.000000,-170.000000,12.500000,-167.500000,1817.550000,1.469010,14.022723,0.798327,16.290061,,,,,,,,,,-0.866025,-0.500000
2014,8,-10.000000,-135.000000,-7.500000,-132.500000,5912.440000,6.933855,19.070807,2.076131,28.080792,,,,,,,,,,-0.866025,-0.500000
2014,8,-10.000000,-140.000000,-7.500000,-137.500000,3473.500000,9.211458,19.138909,2.353246,30.703613,,,,,,,,,,-0.866025,-0.500000
2014,8,-10.000000,-145.000000,-7.500000,-142.500000,1415.400000,4.198813,5.310866,2.286986,11.796665,,,,,,,,,,-0.866025,-0.500000
2014,8,-10.000000,-150.000000,-7.500000,-147.500000,8006.270000,19.040952,16.269499,1.737014,37.047464,,,,,,,,,,-0.866025,-0.500000
2014,8,-10.000000,155.000000,-7.500000,157.500000,4716.660000,16.669847,3.775341,4.237745,24.682932,28.734644,0.706294,28.883312,0.151622,129.768810,0.043022,0.189952,0.338121,200.069305,-0.866025,-0.500000
2014,8,-10.000000,-155.000000,-7.500000,-152.500000,10283.350000,17.412030,16.650897,4.820803,38.883730,,,,,,,,,,-0.866025,-0.500000
2014,8,-10.000000,160.000000,-7.500000,162.500000,19550.300000,13.443937,3.244810,7.785456,24.474202,29.103791,0.739063,36.552255,0.146053,129.126142,0.015239,0.081073,0.203449,198.399490,-0.866025,-0.500000
2014,8,-10.000000,-160.000000,-7.500000,-157.500000,1182.480000,8.011129,18.953386,15.398992,42.363507,,,,,,,,,,-0.866025,-0.500000
2014,8,-10.000000,165.000000,-7.500000,167.500000,13611.780000,10.946401,3.930346,8.474718,23.351465,29.217464,0.739497,42.913562,0.131207,0.751269,0.024016,0.008056,0.158813,198.201797,-0.866025,-0.500000
2014,8,-10.000000,-165.000000,-7.500000,-162.500000,5421.470000,22.698641,8.200912,19.623091,50.522644,,,,,,,,,,-0.866025,-0.500000
2014,8,-10.000000,170.000000,-7.500000,172.500000,2205.390000,9.440507,5.087989,8.026245,22.554741,29.263598,0.740885,42.857654,0.120380,1.262075,0.017447,0.013611,0.153401,198.317657,-0.866025,-0.500000
2014,8,-10.000000,-170.000000,-7.500000,-167.500000,11020.070000,12.192845,6.887252,20.351958,39.432054,,,,,,,,,,-0.866025,-0.500000
2014,8,-10.000000,175.000000,-7.500000,177.500000,3750.740000,12.304772,11.767011,6.665885,30.737668,29.215631,0.731667,39.685593,0.101395,1.259151,0.010652,0.010833,0.153574,198.665482,-0.866025,-0.500000
2014,8,-10.000000,-175.000000,-7.500000,-172.500000,4235.250000,27.183991,2.124078,11.934833,41.242902,,,,,,,,,,-0.866025,-0.500000
2014,8,-10.000000,-180.000000,-7.500000,-177.500000,3827.260000,16.785376,4.893579,12.141062,33.820017,,,,,,,,,,-0.866025,-0.500000
2014,8,15.000000,110.000000,17.500000,112.500000,13656.050000,17.701239,3.585078,0.000000,21.286316,29.708216,0.642199,13.839313,0.139283,122.839352,0.053404,0.173349,0.097817,198.932526,-0.866025,-0.500000
2014,8,15.000000,115.000000,17.500000,117.500000,15155.140000,16.201764,3.345070,0.030881,19.577714,29.328061,0.727627,16.374881,0.129280,131.935293,0.043811,0.023398,0.086183,199.702225,-0.866025,-0.500000
2014,8,15.000000,120.000000,17.500000,122.500000,1546.890000,14.475496,1.203059,1.511420,17.189975,29.485458,0.826942,15.798203,0.249048,133.976677,0.097410,0.172907,0.124620,198.051254,-0.866025,-0.500000
2014,8,15.000000,125.000000,17.500000,127.500000,2246.320000,5.673279,0.453631,0.000000,6.126910,28.940692,0.864990,15.808080,0.155015,1.484479,0.054490,0.038056,0.092275,198.753922,-0.866025,-0.500000
2014,8,15.000000,150.000000,17.500000,152.500000,9227.080000,3.844336,0.748449,13.027848,17.620634,30.144651,0.945744,22.775541,0.163133,0.472840,0.055582,0.000000,0.084090,196.620346,-0.866025,-0.500000
2014,8,15.000000,160.000000,17.500000,162.500000,1007.990000,1.156758,3.861149,0.000000,5.017907,29.945228,0.861898,20.789718,0.152725,0.908009,0.053982,0.006389,0.079337,197.088470,-0.866025,-0.500000
2014,8,-15.000000,-135.000000,-12.500000,-132.500000,6238.900000,9.250349,18.844508,15.444550,43.539406,,,,,,,,,,-0.866025,-0.500000
2014,8,-15.000000,-140.000000,-12.500000,-137.500000,2037.410000,4.359947,15.972730,1.978983,22.311660,,,,,,,,,,-0.866025,-0.500000
2014,8,-15.000000,-150.000000,-12.500000,-147.500000,7816.560000,5.261522,16.824153,11.738668,33.824342,,,,,,,,,,-0.866025,-0.500000
2014,8,-15.000000,155.000000,-12.500000,157.500000,12912.560000,7.926159,2.564402,11.181749,21.672310,27.073401,0.662419,32.589489,0.190483,1.248522,0.037840,0.095278,0.135460,204.507660,-0.866025,-0.500000
2014,8,-15.000000,-155.000000,-12.500000,-152.500000,3704.960000,10.388236,18.474154,15.306238,44.168628,,,,,,,,,,-0.866025,-0.500000
2014,8,-15.000000,160.000000,-12.500000,162.500000,18412.840000,7.276227,2.103858,12.692284,22.072369,27.471453,0.727855,38.721487,0.161694,127.066776,0.031168,0.119764,0.138433,203.841782,-0.866025,-0.500000
2014,8,-15.000000,-160.000000,-12.500000,-157.500000,16325.060000,4.397472,1.370960,35.544984,41.313416,,,,,,,,,,-0.866025,-0.500000
2014,8,-15.000000,165.000000,-12.500000,167.500000,5407.270000,7.819658,2.015805,13.653285,23.488748,27.496501,0.737122,47.247716,0.170493,119.734179,0.038212,0.067839,0.119173,203.334045,-0.866025,-0.500000
2014,8,-15.000000,-165.000000,-12.500000,-162.500000,2683.070000,2.671939,2.518011,23.015426,28.205377,,,,,,,,,,-0.866025,-0.500000
2014,8,-15.000000,170.000000,-12.500000,172.500000,14573.800000,4.843006,1.481151,12.980005,19.304162,27.591481,0.741745,52.193478,0.153497,1.040806,0.024558,0.073056,0.091306,203.293015,-0.866025,-0.500000
2014,8,-15.000000,-170.000000,-12.500000,-167.500000,9761.870000,2.751624,2.077778,26.477406,31.306809,,,,,,,,,,-0.866025,-0.500000
2014,8,-15.000000,-175.000000,-12.500000,-172.500000,6816.040000,4.678230,2.254828,22.681352,29.614410,,,,,,,,,,-0.866025,-0.500000
2014,8,20.000000,135.000000,22.500000,137.500000,1397.890000,7.066364,2.314202,21.895857,31.276424,29.475717,1.028771,16.386491,0.192739,1.176014,0.100982,0.050556,0.084936,198.600998,-0.866025,-0.500000
2014,8,20.000000,145.000000,22.500000,147.500000,6204.000000,1.520632,1.243069,6.391522,9.155222,29.862086,0.932339,17.078879,0.188007,1.006201,0.079188,0.030833,0.085848,197.455933,-0.866025,-0.500000
2014,8,20.000000,150.000000,22.500000,152.500000,6769.330000,3.943226,1.815985,34.180783,39.939994,29.946088,0.922904,18.524016,0.180794,0.836466,0.081498,0.015833,0.084992,197.043091,-0.866025,-0.500000
2014,8,20.000000,155.000000,22.500000,157.500000,4439.890000,4.939537,2.061763,53.732638,60.733937,29.957868,0.917169,18.949791,0.211915,1.751355,0.101297,0.103611,0.084228,197.307556,-0.866025,-0.500000
2014,8,-20.000000,-135.000000,-17.500000,-132.500000,3753.600000,4.804721,4.977621,23.820066,33.602408,,,,,,,,,,-0.866025,-0.500000
2014,8,-20.000000,-140.000000,-17.500000,-137.500000,2436.000000,4.988095,1.590722,35.252463,41.831281,,,,,,,,,,-0.866025,-0.500000
2014,8,-20.000000,-150.000000,-17.500000,-147.500000,6800.700000,2.688547,2.851324,19.558428,25.098299,,,,,,,,,,-0.866025,-0.500000
2014,8,-20.000000,155.000000,-17.500000,157.500000,1924.050000,8.756009,1.796731,33.863985,44.416725,24.751192,0.724846,47.248843,0.150415,3.122685,0.036699,0.380278,0.091346,213.346191,-0.866025,-0.500000
2014,8,-20.000000,-155.000000,-17.500000,-152.500000,2036.100000,2.618241,2.766564,19.380188,24.764992,,,,,,,,,,-0.866025,-0.500000
2014,8,-20.000000,160.000000,-17.500000,162.500000,1931.160000,5.431451,1.348930,19.426148,26.206529,25.113707,0.713765,36.008027,0.134552,48.138624,0.039047,0.361489,0.091962,211.755798,-0.866025,-0.500000
2014,8,-20.000000,165.000000,-17.500000,167.500000,3717.390000,3.308504,0.600421,31.157882,35.066808,25.610237,0.733096,36.036539,0.126042,119.331497,0.052082,0.361501,0.076378,210.335037,-0.866025,-0.500000
2014,8,-20.000000,170.000000,-17.500000,172.500000,7922.540000,6.977686,0.559290,12.845123,20.382100,25.605079,0.740519,51.743330,0.117965,2.174737,0.067610,0.260278,0.070626,209.825317,-0.866025,-0.500000
2014,8,-20.000000,175.000000,-17.500000,177.500000,8617.390000,7.215178,1.840000,9.812368,18.867546,25.484935,0.739411,61.268488,0.111241,115.246114,0.021196,0.246109,0.127652,209.952667,-0.866025,-0.500000
2014,8,-20.000000,-180.000000,-17.500000,-177.500000,2027.960000,8.325608,1.350618,6.966114,16.642340,,,,,,,,,,-0.866025,-0.500000
2014,8,25.000000,135.000000,27.500000,137.500000,1215.880000,0.092114,0.237688,0.000000,0.329802,28.907291,1.015560,12.001489,0.186337,2.028761,0.089836,0.133056,0.108808,201.800232,-0.866025,-0.500000
2014,8,25.000000,145.000000,27.500000,147.500000,7259.320000,1.700159,0.426624,0.041739,2.168523,29.053180,0.963270,11.467542,0.165107,1.912146,0.107688,0.074444,0.098395,201.770370,-0.866025,-0.500000
2014,8,25.000000,150.000000,27.500000,152.500000,5226.590000,1.720625,0.773927,0.019324,2.513876,29.227053,0.890394,12.248265,0.127151,2.086714,0.071481,0.228611,0.094668,201.566589,-0.866025,-0.500000
2014,8,25.000000,155.000000,27.500000,157.500000,4228.650000,1.132513,1.926856,0.011588,3.070956,29.147158,0.825805,11.289814,0.137014,2.125776,0.070273,0.171389,0.098188,202.288498,-0.866025,-0.500000
2014,8,25.000000,-155.000000,27.500000,-152.500000,9946.330000,2.499716,21.605557,8.495495,32.600768,,,,,,,,,,-0.866025,-0.500000
2014,8,25.000000,160.000000,27.500000,162.500000,4662.030000,3.079131,1.746879,0.317673,5.143682,28.933948,0.871484,13.453068,0.162905,2.638236,0.093129,0.185278,0.095359,202.574554,-0.866025,-0.500000
2014,8,25.000000,-160.000000,27.500000,-157.500000,2479.120000,1.330311,12.341879,2.352448,16.024638,,,,,,,,,,-0.866025,-0.500000
2014,8,25.000000,165.000000,27.500000,167.500000,1197.820000,0.195355,0.000000,0.000000,0.195355,28.550905,0.782985,12.659926,0.128475,2.179442,0.047434,0.199444,0.093900,203.352036,-0.866025,-0.500000
2014,8,-25.000000,-135.000000,-22.500000,-132.500000,4915.000000,3.817091,0.000000,34.512106,38.329196,,,,,,,,,,-0.866025,-0.500000
2014,8,-25.000000,-155.000000,-22.500000,-152.500000,1441.620000,3.575145,1.575311,30.826431,35.976887,,,,,,,,,,-0.866025,-0.500000
2014,8,-25.000000,160.000000,-22.500000,162.500000,1395.600000,26.911723,1.412296,58.460161,86.784179,22.113730,0.607738,53.949220,0.175973,107.519321,0.085119,0.431748,0.215995,220.532196,-0.866025,-0.500000
2014,8,-25.000000,-165.000000,-22.500000,-162.500000,3072.000000,2.983724,0.123698,29.781901,32.889323,,,,,,,,,,-0.866025,-0.500000
2014,8,-25.000000,170.000000,-22.500000,172.500000,5418.450000,9.573217,1.246482,17.239801,28.059500,22.692906,0.648399,52.883323,0.141374,3.213605,0.059786,0.371111,0.086352,220.054779,-0.866025,-0.500000
2014,8,-25.000000,-170.000000,-22.500000,-167.500000,1201.420000,8.022174,0.257196,44.960131,53.239500,,,,,,,,,,-0.866025,-0.500000
2014,8,-25.000000,175.000000,-22.500000,177.500000,10441.270000,5.975518,1.521079,22.358104,29.854702,22.633149,0.637999,56.788676,0.125620,2.749368,0.070317,0.588333,0.102231,219.384155,-0.866025,-0.500000
2014,8,-25.000000,-180.000000,-22.500000,-177.500000,4062.100000,5.855346,0.827158,12.735777,19.418281,,,,,,,,,,-0.866025,-0.500000
2014,8,30.000000,145.000000,32.500000,147.500000,2470.280000,0.000000,0.000000,0.000000,0.000000,27.683570,1.004188,11.095768,0.265667,2.003281,0.190169,0.176944,0.124499,208.908127,-0.866025,-0.500000
2014,8,30.000000,155.000000,32.500000,157.500000,1012.150000,0.278615,0.211431,0.000000,0.490046,27.161409,0.958805,10.957756,0.242034,1.768129,0.175360,0.197500,0.108542,210.675018,-0.866025,-0.500000
2014,8,30.000000,-155.000000,32.500000,-152.500000,1456.300000,0.588478,33.033716,0.083087,33.705281,,,,,,,,,,-0.866025,-0.500000
2014,8,30.000000,-160.000000,32.500000,-157.500000,1391.700000,0.325501,25.271970,0.145146,25.742617,,,,,,,,,,-0.866025,-0.500000
2014,8,30.000000,-165.000000,32.500000,-162.500000,1929.720000,1.269096,20.790581,0.313517,22.373194,,,,,,,,,,-0.866025,-0.500000
2014,8,-30.000000,-135.000000,-27.500000,-132.500000,1454.850000,3.038114,0.437158,43.985978,47.461250,,,,,,,,,,-0.866025,-0.500000
2014,8,-30.000000,-140.000000,-27.500000,-137.500000,5958.330000,6.255276,0.471105,49.774014,56.500395,,,,,,,,,,-0.866025,-0.500000
2014,8,-30.000000,150.000000,-27.500000,152.500000,1734.710000,35.489505,11.752397,16.768797,64.010699,21.272019,0.543901,54.738998,0.303152,95.897878,0.137388,0.591020,0.476200,218.886871,-0.866025,-0.500000
2014,8,-30.000000,-150.000000,-27.500000,-147.500000,1747.810000,5.271168,0.267192,63.431952,68.970311,,,,,,,,,,-0.866025,-0.500000
2014,8,-30.000000,155.000000,-27.500000,157.500000,1518.560000,13.290222,5.377463,25.565009,44.232694,21.275365,0.689409,86.781971,0.182930,2.383443,0.087237,0.396389,0.385933,226.247787,-0.866025,-0.500000
2014,8,-30.000000,-155.000000,-27.500000,-152.500000,11208.550000,3.746158,1.099696,35.299570,40.145425,,,,,,,,,,-0.866025,-0.500000
2014,8,-30.000000,160.000000,-27.500000,162.500000,5917.230000,7.674199,1.935027,29.093681,38.702907,20.212148,0.529696,91.912599,0.148101,2.502123,0.080041,0.375556,0.283350,228.688889,-0.866025,-0.500000
2014,8,-30.000000,-160.000000,-27.500000,-157.500000,10228.550000,6.889931,1.310939,29.916655,38.117524,,,,,,,,,,-0.866025,-0.500000
2014,8,-30.000000,165.000000,-27.500000,167.500000,6060.000000,0.555446,0.453795,9.689109,10.698350,20.123474,0.503943,71.900805,0.167688,78.691766,0.121988,0.425869,0.241388,230.517181,-0.866025,-0.500000
2014,8,-30.000000,-165.000000,-27.500000,-162.500000,4475.980000,1.184098,0.336686,27.041899,28.562683,,,,,,,,,,-0.866025,-0.500000
2014,8,-30.000000,170.000000,-27.500000,172.500000,12222.000000,1.351006,2.592211,27.995745,31.938963,19.996749,0.482747,74.868986,0.148408,3.070290,0.067176,0.466111,0.157273,231.814117,-0.866025,-0.500000
2014,8,-30.000000,-170.000000,-27.500000,-167.500000,4566.620000,2.018561,0.358909,16.259947,18.637417,,,,,,,,,,-0.866025,-0.500000
2014,8,-30.000000,175.000000,-27.500000,177.500000,11427.030000,2.612490,1.393713,31.670172,35.676374,20.005972,0.518557,97.788303,0.123233,2.789961,0.075688,0.504722,0.137264,232.105331,-0.866025,-0.500000
2014,8,-30.000000,-175.000000,-27.500000,-172.500000,10445.270000,4.362166,1.030514,26.725973,32.118653,,,,,,,,,,-0.866025,-0.500000
2014,8,-30.000000,-180.000000,-27.500000,-177.500000,4200.170000,5.390020,1.853020,25.888952,33.131992,,,,,,,,,,-0.866025,-0.500000
2014,8,35.000000,145.000000,37.500000,147.500000,3365.150000,0.000000,0.488834,0.000000,0.488834,25.236561,0.353066,11.791505,0.423047,6.232894,0.422369,0.560833,0.121148,211.951569,-0.866025,-0.500000
2014,8,35.000000,150.000000,37.500000,152.500000,1785.310000,0.020165,1.023912,0.007842,1.051918,25.031901,0.380594,11.539642,0.386077,3.794030,0.379392,0.456389,0.107795,215.892487,-0.866025,-0.500000
2014,8,35.000000,155.000000,37.500000,157.500000,11847.160000,0.184432,15.284254,0.210768,15.679454,24.593647,0.335104,11.235475,0.345389,3.467062,0.184977,0.534444,0.102978,218.420700,-0.866025,-0.500000
2014,8,35.000000,160.000000,37.500000,162.500000,10548.500000,0.132720,9.472911,0.185808,9.791440,23.199839,0.334072,10.942539,0.316170,2.906364,0.230962,0.555278,0.104273,223.601700,-0.866025,-0.500000
2014,8,35.000000,165.000000,37.500000,167.500000,1679.550000,0.000000,4.135632,0.045846,4.181477,22.183720,0.419976,10.959452,0.237595,5.223372,0.154112,0.439444,0.135180,229.290619,-0.866025,-0.500000
2014,8,35.000000,170.000000,37.500000,172.500000,1421.900000,0.000000,0.841831,0.015472,0.857304,21.881655,0.331850,10.957247,0.212276,3.560771,0.120274,0.465000,0.165153,232.397949,-0.866025,-0.500000
2014,8,35.000000,175.000000,37.500000,177.500000,2045.800000,0.000000,0.155929,0.010754,0.166683,22.153477,0.364473,11.044225,0.199148,3.580487,0.142439,0.593611,0.186509,232.150940,-0.866025,-0.500000
2014,8,-35.000000,150.000000,-32.500000,152.500000,1285.150000,55.276038,5.155818,11.218924,71.650780,19.500553,0.570279,110.086715,0.408528,87.901564,0.218843,0.477525,0.491695,224.296463,-0.866025,-0.500000
2014,8,-35.000000,160.000000,-32.500000,162.500000,2323.310000,5.585996,6.538516,18.972070,31.096582,18.200543,0.410601,99.725169,0.169307,3.184976,0.090051,0.510833,0.416202,229.109283,-0.866025,-0.500000
2014,8,-35.000000,165.000000,-32.500000,167.500000,1270.420000,3.768832,9.363045,18.041278,31.173155,17.726580,0.383367,99.747379,0.135785,3.207187,0.078816,0.488056,0.381859,235.832703,-0.866025,-0.500000
2014,8,-35.000000,170.000000,-32.500000,172.500000,1078.290000,0.185479,0.945015,52.721439,53.851932,17.328050,0.367318,113.178562,0.119578,69.251634,0.073165,0.429369,0.362356,236.008347,-0.866025,-0.500000
2014,8,-40.000000,175.000000,-37.500000,177.500000,1541.940000,0.000000,0.963721,3.830240,4.793961,,,,,,,,,,-0.866025,-0.500000
2014,9,0.000000,120.000000,2.500000,122.500000,17423.240000,20.611149,5.251606,0.000000,25.862756,29.436145,0.592207,14.120352,0.161098,134.309708,0.021549,0.142458,0.104577,200.570404,-1.000000,-0.000000
2014,9,0.000000,125.000000,2.500000,127.500000,23126.270000,20.649331,5.252685,0.000000,25.902015,28.753044,0.583258,20.195435,0.445064,131.851760,0.041840,0.254688,0.119013,200.875900,-1.000000,-0.000000
2014,9,0.000000,130.000000,2.500000,132.500000,5703.030000,20.765979,5.255978,0.000000,26.021957,29.109658,0.660333,25.853012,0.571536,116.569719,0.049455,0.032231,0.122901,200.388397,-1.000000,-0.000000
2014,9,0.000000,135.000000,2.500000,137.500000,1868.890000,11.187389,1.672116,0.249881,13.109386,29.328195,0.646427,17.698363,0.553165,0.925321,0.070647,0.018889,0.115107,200.497620,-1.000000,-0.000000
2014,9,0.000000,140.000000,2.500000,142.500000,2075.940000,2.959623,21.653805,0.084781,24.698209,29.357897,0.665976,15.779935,0.545372,0.808429,0.061141,0.013889,0.103463,200.380844,-1.000000,-0.000000
2014,9,0.000000,145.000000,2.500000,147.500000,3010.030000,11.499221,10.609529,0.609961,22.718710,29.567898,0.701018,15.673587,0.430660,0.766388,0.053318,0.010556,0.096692,199.947525,-1.000000,-0.000000
2014,9,0.000000,150.000000,2.500000,152.500000,2652.430000,14.986635,25.128656,0.178327,40.293618,30.072142,0.739298,16.555784,0.430080,0.518534,0.038172,0.000000,0.092535,199.828674,-1.000000,-0.000000
2014,9,0.000000,155.000000,2.500000,157.500000,5452.470000,22.914752,12.518730,0.398352,35.831834,30.362701,0.754256,14.976451,0.473250,0.472526,0.027691,0.000000,0.093897,200.242752,-1.000000,-0.000000
2014,9,0.000000,-155.000000,2.500000,-152.500000,1931.110000,2.193039,26.849843,0.000000,29.042882,,,,,,,,,,-1.000000,-0.000000
2014,9,0.000000,160.000000,2.500000,162.500000,1094.940000,15.204486,12.586078,0.187225,27.977789,30.496855,0.752783,15.100644,0.482650,0.340037,0.024758,0.000000,0.099604,200.848892,-1.000000,-0.000000
2014,9,0.000000,-160.000000,2.500000,-157.500000,1728.500000,5.188314,15.942725,0.020827,21.151866,,,,,,,,,,-1.000000,-0.000000
2014,9,0.000000,165.000000,2.500000,167.500000,7766.820000,6.146274,24.445011,0.113689,30.704973,30.453796,0.740803,15.654944,0.479974,96.493325,0.025825,0.002779,0.121847,200.329102,-1.000000,-0.000000
2014,9,0.000000,170.000000,2.500000,172.500000,1337.000000,8.557966,10.623037,0.062827,19.243829,30.156486,0.740242,16.993904,0.580611,135.371392,0.036425,0.030421,0.174216,200.260818,-1.000000,-0.000000
2014,9,5.000000,125.000000,7.500000,127.500000,3192.950000,17.273681,5.687530,0.038836,23.000047,29.159773,0.571506,20.301339,0.428464,132.691973,0.072958,0.072305,0.097554,199.804123,-1.000000,-0.000000
2014,9,5.000000,130.000000,7.500000,132.500000,4593.160000,12.893955,25.711057,0.242099,38.847112,29.166537,0.534875,25.656133,0.334659,131.128508,0.048515,0.007804,0.083862,199.524292,-1.000000,-0.000000
2014,9,5.000000,135.000000,7.500000,137.500000,2318.870000,5.321557,17.792287,0.049593,23.163437,29.398574,0.513477,25.356086,0.150261,132.581238,0.040708,0.006954,0.085412,199.118835,-1.000000,-0.000000
2014,9,5.000000,140.000000,7.500000,142.500000,1561.700000,6.004995,40.432862,0.372671,46.810527,29.633611,0.530473,25.932045,0.128921,0.373746,0.025406,0.000000,0.084876,198.992691,-1.000000,-0.000000
2014,9,5.000000,145.000000,7.500000,147.500000,2727.470000,10.139433,33.545007,0.031531,43.715971,29.780880,0.550591,21.938867,0.132611,0.345270,0.016317,0.000000,0.089023,199.004379,-1.000000,-0.000000
2014,9,5.000000,150.000000,7.500000,152.500000,3059.570000,13.587203,26.731534,0.221273,40.540011,29.922728,0.549104,18.035446,0.188443,119.577021,0.030774,0.004454,0.090673,199.099380,-1.000000,-0.000000
2014,9,5.000000,170.000000,7.500000,172.500000,2070.000000,3.819324,12.472947,0.400000,16.692271,30.014608,0.578813,16.956145,0.336738,135.781499,0.073279,0.068073,0.084659,198.439804,-1.000000,-0.000000
2014,9,-5.000000,120.000000,-2.500000,122.500000,22812.110000,20.766032,5.255980,0.000000,26.022012,27.877526,0.528619,16.520320,0.174534,132.117313,0.021882,0.402811,0.105823,203.366760,-1.000000,-0.000000
2014,9,-5.000000,125.000000,-2.500000,127.500000,34218.160000,20.766020,5.255981,0.000000,26.022001,27.652954,0.519841,17.155702,0.238657,128.043568,0.025946,0.432508,0.123379,202.089905,-1.000000,-0.000000
2014,9,-5.000000,130.000000,-2.500000,132.500000,11406.050000,20.765997,5.255983,0.000000,26.021980,27.750142,0.560108,16.217741,0.221182,131.178811,0.081221,0.566818,0.186724,202.012085,-1.000000,-0.000000
2014,9,-5.000000,-155.000000,-2.500000,-152.500000,3245.870000,16.638990,18.461922,0.326877,35.427790,,,,,,,,,,-1.000000,-0.000000
2014,9,-5.000000,160.000000,-2.500000,162.500000,2670.600000,14.034674,12.794878,0.759380,27.588931,30.484889,0.773085,16.660564,0.408567,0.259897,0.026479,0.000000,0.128696,200.338913,-1.000000,-0.000000
2014,9,-5.000000,-160.000000,-2.500000,-157.500000,3995.670000,9.290056,10.903053,0.605405,20.798514,,,,,,,,,,-1.000000,-0.000000
2014,9,-5.000000,165.000000,-2.500000,167.500000,3190.340000,9.620918,13.003316,0.115662,22.739896,30.273636,0.753488,20.725799,0.404353,0.293844,0.028527,0.000000,0.172770,200.609589,-1.000000,-0.000000
2014,9,-5.000000,-165.000000,-2.500000,-162.500000,3447.250000,5.209950,25.716731,0.971789,31.898470,,,,,,,,,,-1.000000,-0.000000
2014,9,-5.000000,170.000000,-2.500000,172.500000,13354.530000,8.504156,16.675615,0.237073,25.416844,29.941284,0.725313,22.979341,0.438380,133.016975,0.028508,0.023133,0.176120,200.565704,-1.000000,-0.000000
2014,9,-5.000000,-170.000000,-2.500000,-167.500000,2103.120000,4.213264,30.886492,0.369451,35.469208,,,,,,,,,,-1.000000,-0.000000
2014,9,-5.000000,175.000000,-2.500000,177.500000,13966.900000,2.631722,23.642827,0.418633,26.693182,29.640224,0.712461,26.090019,0.439957,94.008969,0.025936,0.001668,0.162247,201.044937,-1.000000,-0.000000
2014,9,-5.000000,-175.000000,-2.500000,-172.500000,1562.670000,10.041148,16.791773,1.187711,28.020631,,,,,,,,,,-1.000000,-0.000000
2014,9,-5.000000,-180.000000,-2.500000,-177.500000,7294.380000,8.574958,19.287177,1.352548,29.214683,,,,,,,,,,-1.000000,-0.000000
2014,9,10.000000,110.000000,12.500000,112.500000,11445.570000,21.119874,4.277463,0.000000,25.397337,29.204956,0.688203,12.946715,0.331076,1.172594,0.104539,0.071111,0.137640,202.739670,-1.000000,-0.000000
2014,9,10.000000,115.000000,12.500000,117.500000,11445.570000,21.119874,4.277463,0.000000,25.397337,29.128771,0.743217,18.208657,0.106176,132.921568,0.027046,0.062429,0.089853,201.148514,-1.000000,-0.000000
2014,9,10.000000,125.000000,12.500000,127.500000,2655.840000,9.096180,7.303527,0.000000,16.399708,29.472121,0.787783,19.153281,0.146734,132.234355,0.063084,0.043428,0.099008,198.854965,-1.000000,-0.000000
2014,9,10.000000,130.000000,12.500000,132.500000,2733.400000,4.671837,8.544670,7.171654,20.388161,29.697952,0.789894,18.587002,0.187678,0.336544,0.084735,0.000000,0.092324,198.366348,-1.000000,-0.000000
2014,9,10.000000,155.000000,12.500000,157.500000,1592.700000,0.718905,0.258052,0.278144,1.255101,30.060118,0.710939,19.864584,0.157724,0.202359,0.069039,0.000000,0.092510,197.983185,-1.000000,-0.000000
2014,9,-10.000000,-135.000000,-7.500000,-132.500000,1116.100000,7.665980,19.356688,3.843742,30.866410,,,,,,,,,,-1.000000,-0.000000
2014,9,-10.000000,-140.000000,-7.500000,-137.500000,3032.490000,9.386016,11.934087,3.670251,24.990354,,,,,,,,,,-1.000000,-0.000000
2014,9,-10.000000,-145.000000,-7.500000,-142.500000,2490.330000,8.604482,23.859087,0.870969,33.334538,,,,,,,,,,-1.000000,-0.000000
2014,9,-10.000000,-150.000000,-7.500000,-147.500000,9194.380000,6.100248,24.078296,1.993718,32.172262,,,,,,,,,,-1.000000,-0.000000
2014,9,-10.000000,155.000000,-7.500000,157.500000,4597.500000,16.564002,2.572050,5.211963,24.348015,29.324422,0.750480,18.341498,0.160226,132.981229,0.038100,0.121581,0.175191,199.486755,-1.000000,-0.000000
2014,9,-10.000000,-155.000000,-7.500000,-152.500000,7307.980000,9.198164,37.335899,4.394922,50.928984,,,,,,,,,,-1.000000,-0.000000
2014,9,-10.000000,165.000000,-7.500000,167.500000,1307.020000,11.403039,6.012150,3.032853,20.448042,29.558549,0.760130,26.050219,0.127944,0.708404,0.025706,0.006111,0.132838,198.665024,-1.000000,-0.000000
2014,9,-10.000000,-165.000000,-7.500000,-162.500000,8134.550000,2.158448,16.236301,2.338912,20.733661,,,,,,,,,,-1.000000,-0.000000
2014,9,-10.000000,170.000000,-7.500000,172.500000,9257.320000,6.584411,5.417335,7.892997,19.894743,29.481373,0.765709,31.273293,0.102840,0.768588,0.015826,0.021111,0.147116,198.849670,-1.000000,-0.000000
2014,9,-10.000000,-170.000000,-7.500000,-167.500000,3097.590000,5.953661,3.663493,13.248041,22.865195,,,,,,,,,,-1.000000,-0.000000
2014,9,-10.000000,175.000000,-7.500000,177.500000,4192.480000,5.921078,8.787639,7.707610,22.416326,29.455977,0.762738,30.986377,0.127260,0.715133,0.016936,0.005000,0.149678,199.114380,-1.000000,-0.000000
2014,9,-10.000000,-175.000000,-7.500000,-172.500000,2153.630000,30.834916,3.393341,6.859581,41.087838,,,,,,,,,,-1.000000,-0.000000
2014,9,-10.000000,-180.000000,-7.500000,-177.500000,5090.560000,15.217972,9.363999,9.999489,34.581461,,,,,,,,,,-1.000000,-0.000000
2014,9,15.000000,110.000000,17.500000,112.500000,11445.570000,21.119874,4.277463,0.000000,25.397337,29.335740,0.682364,14.153565,0.123373,132.393557,0.060555,0.101529,0.096549,199.755096,-1.000000,-0.000000
2014,9,15.000000,115.000000,17.500000,117.500000,12735.890000,19.509355,3.911466,0.033370,23.454191,29.246355,0.694213,15.871411,0.114877,132.412540,0.041702,0.011142,0.088847,199.856232,-1.000000,-0.000000
2014,9,15.000000,120.000000,17.500000,122.500000,1116.990000,9.942793,1.633855,1.433316,13.009964,29.388352,0.816159,14.953286,0.211319,133.971988,0.073455,0.114537,0.121999,198.403961,-1.000000,-0.000000
2014,9,15.000000,125.000000,17.500000,127.500000,1504.360000,5.629637,3.486532,1.764870,10.881039,29.441501,0.915135,16.977448,0.203449,0.597166,0.118033,0.001389,0.096163,198.582214,-1.000000,-0.000000
2014,9,15.000000,130.000000,17.500000,132.500000,1210.890000,0.472380,1.480729,4.074689,6.027798,29.878225,1.039678,17.951454,0.213126,0.629579,0.086134,0.000556,0.095468,197.987167,-1.000000,-0.000000
2014,9,15.000000,135.000000,17.500000,137.500000,2184.190000,2.255298,1.698570,12.003992,15.957861,30.141555,0.991186,21.330235,0.191345,0.556088,0.077069,0.000000,0.094286,196.985443,-1.000000,-0.000000
2014,9,15.000000,140.000000,17.500000,142.500000,1850.820000,1.614420,0.365244,4.548795,6.528458,30.245805,0.983836,22.193824,0.178566,0.419891,0.077907,0.000000,0.094140,196.793030,-1.000000,-0.000000
2014,9,15.000000,150.000000,17.500000,152.500000,1726.850000,3.022845,4.151490,20.107131,27.281466,30.109458,0.929083,28.155785,0.164534,0.429555,0.059287,0.000000,0.084481,196.744568,-1.000000,-0.000000
2014,9,15.000000,155.000000,17.500000,157.500000,2044.750000,1.196234,2.608632,5.263724,9.068590,30.013582,0.902902,26.904102,0.181678,0.594409,0.060679,0.000278,0.080364,196.597717,-1.000000,-0.000000
2014,9,15.000000,160.000000,17.500000,162.500000,2541.200000,1.669684,1.635448,1.549268,4.854399,29.814052,0.832376,27.601747,0.130164,0.800270,0.058662,0.009167,0.073734,196.747025,-1.000000,-0.000000
2014,9,-15.000000,-135.000000,-12.500000,-132.500000,13330.080000,2.994731,17.710621,3.868019,24.573371,,,,,,,,,,-1.000000,-0.000000
2014,9,-15.000000,-140.000000,-12.500000,-137.500000,2283.470000,4.356965,16.266034,5.460111,26.083110,,,,,,,,,,-1.000000,-0.000000
2014,9,-15.000000,145.000000,-12.500000,147.500000,1560.370000,37.827567,0.000000,18.924358,56.751924,25.247481,0.673327,39.278588,0.172475,116.279736,0.028422,0.065089,0.094533,209.242493,-1.000000,-0.000000
2014,9,-15.000000,-145.000000,-12.500000,-142.500000,4617.710000,4.523021,10.547003,13.904511,28.974535,,,,,,,,,,-1.000000,-0.000000
2014,9,-15.000000,150.000000,-12.500000,152.500000,1594.650000,29.040228,0.082777,17.943122,47.066127,26.456488,0.710189,34.291278,0.228985,120.847176,0.033665,0.311406,0.097495,205.732513,-1.000000,-0.000000
2014,9,-15.000000,-150.000000,-12.500000,-147.500000,11061.420000,4.851637,14.966975,9.560617,29.379230,,,,,,,,,,-1.000000,-0.000000
2014,9,-15.000000,155.000000,-12.500000,157.500000,29052.180000,7.509970,2.527143,16.493220,26.530333,27.623560,0.732917,35.091879,0.188646,1.466561,0.040291,0.136667,0.108844,203.286682,-1.000000,-0.000000
2014,9,-15.000000,-155.000000,-12.500000,-152.500000,13271.120000,0.900527,2.010004,5.201445,8.111975,,,,,,,,,,-1.000000,-0.000000
2014,9,-15.000000,160.000000,-12.500000,162.500000,15863.220000,8.115944,1.888141,20.444777,30.448862,27.872199,0.776477,28.012681,0.190226,129.105898,0.050476,0.132696,0.138924,203.166245,-1.000000,-0.000000
2014,9,-15.000000,-160.000000,-12.500000,-157.500000,13407.940000,1.688403,1.284388,22.259124,25.231915,,,,,,,,,,-1.000000,-0.000000
2014,9,-15.000000,165.000000,-12.500000,167.500000,8731.140000,4.590008,1.061373,24.013245,29.664626,27.912073,0.791405,29.107648,0.157140,121.039642,0.027373,0.037968,0.113732,203.106888,-1.000000,-0.000000
2014,9,-15.000000,-165.000000,-12.500000,-162.500000,18049.820000,1.126659,4.529519,11.507926,17.164105,,,,,,,,,,-1.000000,-0.000000
2014,9,-15.000000,170.000000,-12.500000,172.500000,14466.720000,4.613001,1.346055,18.755668,24.714725,27.764685,0.755593,30.542714,0.139399,1.463466,0.030946,0.075556,0.073477,203.024643,-1.000000,-0.000000
2014,9,-15.000000,-170.000000,-12.500000,-167.500000,9725.860000,1.726942,1.815572,18.878331,22.420845,,,,,,,,,,-1.000000,-0.000000
2014,9,-15.000000,175.000000,-12.500000,177.500000,4529.110000,6.287328,2.581523,18.487738,27.356589,27.972949,0.730739,30.145804,0.131756,1.130761,0.016924,0.083333,0.102023,202.445312,-1.000000,-0.000000
2014,9,-15.000000,-175.000000,-12.500000,-172.500000,8325.780000,3.345993,2.979060,26.585978,32.911031,,,,,,,,,,-1.000000,-0.000000
2014,9,20.000000,120.000000,22.500000,122.500000,1072.750000,3.830343,3.903985,0.903286,8.637614,29.547894,0.986891,15.526532,0.342568,134.557094,0.199081,0.118868,0.130145,198.403351,-1.000000,-0.000000
2014,9,20.000000,125.000000,22.500000,127.500000,1016.730000,1.837263,16.147847,17.738239,35.723348,29.884681,1.216800,18.504286,0.229388,94.441736,0.123737,0.010839,0.091035,197.817535,-1.000000,-0.000000
2014,9,20.000000,140.000000,22.500000,142.500000,1180.160000,6.283046,7.205803,5.029826,18.518675,29.989322,0.967109,17.834207,0.199688,59.730281,0.097738,0.050014,0.083793,197.791870,-1.000000,-0.000000
2014,9,20.000000,145.000000,22.500000,147.500000,5902.840000,2.260099,0.299686,0.536013,3.095798,30.023317,0.962382,19.615603,0.199929,0.867711,0.088512,0.048611,0.085186,197.996368,-1.000000,-0.000000
2014,9,20.000000,150.000000,22.500000,152.500000,3455.600000,3.514006,2.811089,7.102385,13.427480,29.894821,1.013847,25.313960,0.200110,1.053931,0.095094,0.050833,0.082710,197.400345,-1.000000,-0.000000
2014,9,20.000000,155.000000,22.500000,157.500000,2061.460000,4.989182,3.178815,16.266627,24.434624,29.700471,0.939588,24.754793,0.176711,0.628621,0.083007,0.004167,0.080327,197.350388,-1.000000,-0.000000
2014,9,-20.000000,-135.000000,-17.500000,-132.500000,8330.950000,2.229638,0.833278,15.929996,18.992912,,,,,,,,,,-1.000000,-0.000000
2014,9,-20.000000,-145.000000,-17.500000,-142.500000,1513.750000,2.506358,3.906193,14.968786,21.381338,,,,,,,,,,-1.000000,-0.000000
2014,9,-20.000000,-150.000000,-17.500000,-147.500000,2870.190000,1.965724,2.147593,11.269289,15.382605,,,,,,,,,,-1.000000,-0.000000
2014,9,-20.000000,155.000000,-17.500000,157.500000,4012.970000,6.184198,2.605551,31.955385,40.745134,24.923831,0.760732,36.809902,0.167270,3.552148,0.042799,0.447778,0.090396,213.139465,-1.000000,-0.000000
2014,9,-20.000000,-155.000000,-17.500000,-152.500000,2577.660000,2.498002,3.948542,12.761187,19.207731,,,,,,,,,,-1.000000,-0.000000
2014,9,-20.000000,160.000000,-17.500000,162.500000,2158.430000,13.971729,1.555297,21.290475,36.817502,25.292380,0.733779,28.727297,0.154590,49.579520,0.055099,0.479300,0.091612,211.455704,-1.000000,-0.000000
2014,9,-20.000000,165.000000,-17.500000,167.500000,14168.650000,3.567736,5.093640,14.613601,23.274977,25.998159,0.772634,26.160160,0.141678,120.641707,0.060172,0.353194,0.083052,209.789993,-1.000000,-0.000000
2014,9,-20.000000,170.000000,-17.500000,172.500000,10519.620000,3.094694,0.918759,12.650837,16.664290,26.032119,0.778775,27.919182,0.149924,1.890199,0.057850,0.251667,0.070330,209.697632,-1.000000,-0.000000
2014,9,-20.000000,175.000000,-17.500000,177.500000,9517.930000,5.258286,1.380132,14.711812,21.350231,25.811522,0.762848,23.293780,0.109083,119.201770,0.026676,0.237885,0.094965,210.373825,-1.000000,-0.000000
2014,9,-20.000000,-175.000000,-17.500000,-172.500000,1191.290000,6.489604,0.507013,20.889120,27.885737,,,,,,,,,,-1.000000,-0.000000
2014,9,-20.000000,-180.000000,-17.500000,-177.500000,3637.980000,6.962930,1.192695,10.985492,19.141117,,,,,,,,,,-1.000000,-0.000000
2014,9,25.000000,135.000000,27.500000,137.500000,1786.460000,0.456769,0.377282,0.144420,0.978471,29.064914,1.090943,18.065433,0.149669,1.594986,0.089073,0.262222,0.098035,201.107208,-1.000000,-0.000000
2014,9,25.000000,145.000000,27.500000,147.500000,9579.670000,1.214760,0.794808,0.038832,2.048400,28.643380,0.987369,16.148107,0.120940,1.701873,0.090221,0.199722,0.086151,202.131149,-1.000000,-0.000000
2014,9,25.000000,150.000000,27.500000,152.500000,4732.650000,1.792442,1.110372,0.381816,3.284629,28.891542,0.933060,16.480123,0.131556,2.361214,0.070355,0.252222,0.085239,201.228012,-1.000000,-0.000000
2014,9,25.000000,155.000000,27.500000,157.500000,6800.330000,1.469046,1.175090,0.063967,2.708104,28.759373,0.846989,15.093650,0.139173,1.614851,0.072032,0.190833,0.086886,201.119843,-1.000000,-0.000000
2014,9,25.000000,-155.000000,27.500000,-152.500000,7442.230000,0.794251,13.055899,3.920599,17.770749,,,,,,,,,,-1.000000,-0.000000
2014,9,25.000000,160.000000,27.500000,162.500000,2704.560000,1.063019,1.797705,0.000000,2.860724,29.055122,0.886583,17.686749,0.171625,2.011996,0.098120,0.186389,0.087059,200.729675,-1.000000,-0.000000
2014,9,25.000000,-160.000000,27.500000,-157.500000,6175.510000,0.892882,14.874885,0.426685,16.194452,,,,,,,,,,-1.000000,-0.000000
2014,9,25.000000,165.000000,27.500000,167.500000,2324.550000,0.357489,0.601407,0.000000,0.958895,28.924784,0.835117,16.567440,0.106539,1.751449,0.045601,0.125278,0.084866,201.416550,-1.000000,-0.000000
2014,9,25.000000,-165.000000,27.500000,-162.500000,2135.910000,0.816046,21.234977,0.051968,22.102991,,,,,,,,,,-1.000000,-0.000000
2014,9,-25.000000,-135.000000,-22.500000,-132.500000,1082.240000,1.804590,0.729967,20.588779,23.123337,,,,,,,,,,-1.000000,-0.000000
2014,9,-25.000000,160.000000,-22.500000,162.500000,2285.350000,23.798105,0.985407,29.489575,54.273087,22.330871,0.638128,33.202087,0.182651,110.841606,0.082819,0.372643,0.161590,221.913177,-1.000000,-0.000000
2014,9,-25.000000,170.000000,-22.500000,172.500000,1577.420000,4.739385,0.618098,16.869952,22.227435,23.146042,0.681379,29.786194,0.180109,3.361446,0.081046,0.546111,0.077728,220.176910,-1.000000,-0.000000
2014,9,-25.000000,175.000000,-22.500000,177.500000,2507.270000,3.810519,0.912546,16.299401,21.022467,22.934978,0.659016,25.322946,0.182556,3.040681,0.071495,0.517500,0.084931,219.887756,-1.000000,-0.000000
2014,9,-25.000000,-180.000000,-22.500000,-177.500000,3823.060000,7.104780,0.681130,12.355809,20.141719,,,,,,,,,,-1.000000,-0.000000
2014,9,30.000000,155.000000,32.500000,157.500000,1197.840000,0.746343,20.463501,4.352835,25.562679,26.966860,1.003355,19.086828,0.257785,3.127832,0.174941,0.237778,0.090941,210.923187,-1.000000,-0.000000
2014,9,30.000000,-155.000000,32.500000,-152.500000,2305.550000,0.332242,21.361931,0.013012,21.707185,,,,,,,,,,-1.000000,-0.000000
2014,9,30.000000,160.000000,32.500000,162.500000,2803.460000,0.175854,23.394662,3.144329,26.714845,26.724645,0.837744,16.052228,0.290641,2.276114,0.263450,0.451111,0.088592,210.255646,-1.000000,-0.000000
2014,9,30.000000,-160.000000,32.500000,-157.500000,2479.140000,0.991876,24.181369,0.113749,25.286995,,,,,,,,,,-1.000000,-0.000000
2014,9,30.000000,-165.000000,32.500000,-162.500000,1876.490000,1.081807,16.028329,0.075140,17.185277,,,,,,,,,,-1.000000,-0.000000
2014,9,-30.000000,-135.000000,-27.500000,-132.500000,10734.030000,0.514439,0.023011,36.074242,36.611692,,,,,,,,,,-1.000000,-0.000000
2014,9,-30.000000,-140.000000,-27.500000,-137.500000,9210.420000,0.791386,0.271866,33.587719,34.650971,,,,,,,,,,-1.000000,-0.000000
2014,9,-30.000000,-145.000000,-27.500000,-142.500000,2104.150000,0.000000,0.000000,22.485564,22.485564,,,,,,,,,,-1.000000,-0.000000
2014,9,-30.000000,150.000000,-27.500000,152.500000,1915.310000,40.516679,4.568451,8.423180,53.508309,21.511059,0.522217,36.337706,0.278550,96.192090,0.092291,0.718367,0.431800,222.624084,-1.000000,-0.000000
2014,9,-30.000000,155.000000,-27.500000,157.500000,1878.290000,15.189880,4.147922,9.265342,28.603144,21.138970,0.663432,53.511920,0.252522,2.503065,0.124337,0.315278,0.359123,230.611206,-1.000000,-0.000000
2014,9,-30.000000,-155.000000,-27.500000,-152.500000,1560.530000,3.596855,1.342493,29.589947,34.529295,,,,,,,,,,-1.000000,-0.000000
2014,9,-30.000000,160.000000,-27.500000,162.500000,2984.950000,15.801605,2.177256,28.050386,46.029247,20.254315,0.526487,45.349193,0.181575,3.664489,0.100529,0.416111,0.284154,232.086136,-1.000000,-0.000000
2014,9,-30.000000,170.000000,-27.500000,172.500000,1521.760000,2.843418,1.556750,35.713253,40.113421,20.307726,0.531302,36.388280,0.180123,3.523876,0.081714,0.580000,0.134298,233.859238,-1.000000,-0.000000
2014,9,-30.000000,175.000000,-27.500000,177.500000,1833.420000,4.612691,1.538109,29.729686,35.880486,20.045052,0.541115,39.713865,0.161990,2.788558,0.082834,0.533611,0.151880,234.059158,-1.000000,-0.000000
2014,9,-30.000000,-175.000000,-27.500000,-172.500000,1739.200000,0.950437,0.988385,28.582682,30.521504,,,,,,,,,,-1.000000,-0.000000
2014,9,-30.000000,-180.000000,-27.500000,-177.500000,1188.150000,2.588057,0.595043,33.307242,36.490342,,,,,,,,,,-1.000000,-0.000000
2014,9,35.000000,145.000000,37.500000,147.500000,3974.270000,0.057117,1.813415,0.011826,1.882358,23.608007,0.341326,19.860514,0.376479,6.349749,0.380733,0.601389,0.118120,214.764496,-1.000000,-0.000000
2014,9,35.000000,150.000000,37.500000,152.500000,11583.300000,0.323397,9.742819,0.203655,10.269871,23.656450,0.382764,21.310737,0.339023,5.751925,0.299078,0.711389,0.110432,217.298706,-1.000000,-0.000000
2014,9,35.000000,155.000000,37.500000,157.500000,25877.770000,0.285535,13.401734,0.338360,14.025629,23.412594,0.374830,18.373076,0.351937,7.369035,0.180571,0.582222,0.089130,220.428070,-1.000000,-0.000000
2014,9,35.000000,160.000000,37.500000,162.500000,8653.100000,0.392461,21.023795,1.550427,22.966682,22.974379,0.363571,16.078508,0.340169,7.506073,0.243977,0.646944,0.086842,222.963165,-1.000000,-0.000000
2014,9,35.000000,170.000000,37.500000,172.500000,2829.520000,0.015550,0.391586,0.095069,0.502205,21.702710,0.326202,14.350821,0.189560,3.626728,0.116030,0.600833,0.154757,231.248123,-1.000000,-0.000000
2014,9,35.000000,175.000000,37.500000,177.500000,1996.160000,0.022042,0.488438,0.071638,0.582118,21.904079,0.377314,15.169353,0.212022,5.851822,0.182791,0.703333,0.155097,230.544037,-1.000000,-0.000000
2014,9,-35.000000,-135.000000,-32.500000,-132.500000,1712.120000,0.209097,0.128496,41.434012,41.771605,,,,,,,,,,-1.000000,-0.000000
2014,9,-35.000000,-145.000000,-32.500000,-142.500000,1008.000000,0.146825,0.000000,29.265873,29.412698,,,,,,,,,,-1.000000,-0.000000
2014,9,-35.000000,150.000000,-32.500000,152.500000,1268.340000,33.939638,6.447798,8.337670,48.725105,19.284050,0.486582,76.074506,0.364155,89.390610,0.193133,0.542291,0.514697,228.752228,-1.000000,-0.000000
2014,9,40.000000,150.000000,42.500000,152.500000,3165.340000,0.000000,0.000000,0.000000,0.000000,17.979154,-0.051277,14.453991,0.129193,6.844545,0.140890,0.771111,0.241528,246.224197,-1.000000,-0.000000
2014,10,0.000000,120.000000,2.500000,122.500000,17675.790000,20.316659,5.176572,0.000000,25.493231,29.593303,0.560510,13.523385,0.248046,136.571904,0.018078,0.124146,0.112654,200.336853,-0.866025,0.500000
2014,10,0.000000,125.000000,2.500000,127.500000,23461.480000,20.354300,5.177636,0.000000,25.531936,29.195219,0.571848,17.869853,0.471034,132.759119,0.046036,0.174834,0.126668,200.770782,-0.866025,0.500000
2014,10,0.000000,130.000000,2.500000,132.500000,8307.780000,18.532508,8.171738,0.000000,26.704246,29.470201,0.664440,19.896814,0.641358,118.496765,0.051327,0.032787,0.115655,200.406723,-0.866025,0.500000
2014,10,0.000000,135.000000,2.500000,137.500000,3487.860000,11.734416,1.714805,0.397952,13.847173,29.654991,0.673216,14.233706,0.526152,1.233614,0.064274,0.012222,0.105858,200.331421,-0.866025,0.500000
2014,10,0.000000,140.000000,2.500000,142.500000,4004.080000,4.691964,12.459791,0.031967,17.183723,29.743841,0.695419,12.894113,0.472976,0.749685,0.049011,0.002222,0.106440,200.335846,-0.866025,0.500000
2014,10,0.000000,145.000000,2.500000,147.500000,4065.910000,5.616209,10.602055,0.077965,16.296229,29.934419,0.716831,14.681650,0.367425,0.606197,0.040194,0.000000,0.103836,200.194748,-0.866025,0.500000
2014,10,0.000000,155.000000,2.500000,157.500000,1090.480000,9.741582,17.841684,2.089905,29.673171,30.151945,0.758245,17.189678,0.374352,0.488608,0.028601,0.000000,0.086456,199.781677,-0.866025,0.500000
2014,10,0.000000,-155.000000,2.500000,-152.500000,3463.700000,2.220747,43.996016,0.007218,46.223980,,,,,,,,,,-0.866025,0.500000
2014,10,0.000000,160.000000,2.500000,162.500000,3201.510000,9.113200,24.748947,1.189439,35.051585,30.249330,0.763783,14.523717,0.284597,0.565585,0.019780,0.000000,0.083393,199.488846,-0.866025,0.500000
2014,10,0.000000,-160.000000,2.500000,-157.500000,1605.830000,5.316254,32.394463,5.624506,43.335222,,,,,,,,,,-0.866025,0.500000
2014,10,0.000000,165.000000,2.500000,167.500000,3896.540000,9.750702,44.437116,0.892587,55.080405,30.339637,0.762443,14.142081,0.264386,95.876282,0.019876,0.002779,0.115934,200.278122,-0.866025,0.500000
2014,10,0.000000,-165.000000,2.500000,-162.500000,1132.600000,3.440756,33.296839,0.195126,36.932721,,,,,,,,,,-0.866025,0.500000
2014,10,0.000000,170.000000,2.500000,172.500000,4310.920000,4.824956,17.049261,0.385533,22.259750,30.034190,0.739376,16.672579,0.382003,134.923279,0.024225,0.019537,0.214456,202.235931,-0.866025,0.500000
2014,10,0.000000,175.000000,2.500000,177.500000,2497.700000,7.275093,13.246987,0.119310,20.641390,29.786082,0.731333,17.328962,0.463767,0.372669,0.028050,0.000000,0.165161,202.125641,-0.866025,0.500000
2014,10,5.000000,125.000000,7.500000,127.500000,3839.250000,7.709579,4.161750,0.000000,11.871329,29.400140,0.521397,16.001063,0.460512,133.490215,0.076722,0.073964,0.109656,199.634796,-0.866025,0.500000
2014,10,5.000000,130.000000,7.500000,132.500000,4075.520000,9.280779,15.618866,0.126119,25.025764,29.212096,0.464789,18.637343,0.357733,131.225807,0.054843,0.008082,0.091662,199.927460,-0.866025,0.500000
2014,10,5.000000,135.000000,7.500000,137.500000,2104.490000,8.244753,15.858474,0.000000,24.103227,29.403396,0.477426,17.690167,0.140282,131.925459,0.020664,0.006954,0.094971,199.800339,-0.866025,0.500000
2014,10,5.000000,140.000000,7.500000,142.500000,1588.430000,0.827861,26.529340,0.086249,27.443450,29.554230,0.520092,18.153173,0.165086,0.441362,0.023459,0.000000,0.090944,199.515808,-0.866025,0.500000
2014,10,5.000000,145.000000,7.500000,147.500000,2307.300000,3.319031,32.766004,0.104018,36.189052,29.650466,0.551686,17.999097,0.151486,0.476325,0.023828,0.000000,0.090913,199.221909,-0.866025,0.500000
2014,10,5.000000,150.000000,7.500000,152.500000,1262.630000,9.351908,34.732265,0.996333,45.080507,29.849264,0.533798,18.507072,0.160728,119.708853,0.027165,0.004454,0.090416,199.134949,-0.866025,0.500000
2014,10,5.000000,155.000000,7.500000,157.500000,2021.260000,6.427674,25.221397,0.334940,31.984010,29.889656,0.535644,18.518254,0.247486,127.003836,0.046727,0.003336,0.088071,199.192230,-0.866025,0.500000
2014,10,5.000000,160.000000,7.500000,162.500000,3639.760000,7.215311,31.833967,0.199738,39.249016,29.948293,0.579798,19.625522,0.242215,0.527475,0.049715,0.000000,0.085396,199.011597,-0.866025,0.500000
2014,10,5.000000,165.000000,7.500000,167.500000,2514.150000,8.989519,33.857964,0.848398,43.695881,29.987071,0.595851,18.911189,0.308355,134.878403,0.066906,0.045326,0.085854,198.815521,-0.866025,0.500000
2014,10,-5.000000,120.000000,-2.500000,122.500000,23142.770000,20.469330,5.180884,0.000000,25.650214,28.690938,0.523808,15.132647,0.168272,134.648145,0.014044,0.355823,0.111319,202.732697,-0.866025,0.500000
2014,10,-5.000000,125.000000,-2.500000,127.500000,34714.150000,20.469319,5.180884,0.000000,25.650203,28.515258,0.516452,15.011328,0.255012,130.612347,0.027517,0.255108,0.117720,201.629471,-0.866025,0.500000
2014,10,-5.000000,130.000000,-2.500000,132.500000,11571.380000,20.469296,5.180886,0.000000,25.650182,28.746957,0.568362,14.509803,0.230015,136.698012,0.081712,0.439388,0.126229,200.800888,-0.866025,0.500000
2014,10,-5.000000,140.000000,-2.500000,142.500000,1827.080000,11.791492,1.625545,0.389146,13.806183,29.947326,0.735220,14.106979,0.419164,134.152206,0.012697,0.063274,0.105106,200.119003,-0.866025,0.500000
2014,10,-5.000000,-155.000000,-2.500000,-152.500000,4315.420000,3.283110,28.719800,0.510495,32.513405,,,,,,,,,,-0.866025,0.500000
2014,10,-5.000000,160.000000,-2.500000,162.500000,11284.890000,12.921437,9.048382,1.327350,23.297170,30.642469,0.776648,16.032094,0.193127,0.385291,0.019288,0.000000,0.120449,200.455704,-0.866025,0.500000
2014,10,-5.000000,-160.000000,-2.500000,-157.500000,1780.120000,4.274993,30.201335,0.424690,34.901018,,,,,,,,,,-0.866025,0.500000
2014,10,-5.000000,165.000000,-2.500000,167.500000,3958.150000,12.437629,16.952617,0.088173,29.478418,30.455643,0.760211,17.632875,0.224597,0.317418,0.022041,0.000000,0.158019,201.221909,-0.866025,0.500000
2014,10,-5.000000,-165.000000,-2.500000,-162.500000,3454.440000,7.533493,29.904702,0.742233,38.180429,,,,,,,,,,-0.866025,0.500000
2014,10,-5.000000,170.000000,-2.500000,172.500000,2591.940000,4.171393,19.375834,0.103397,23.650625,30.101792,0.737288,20.940181,0.309509,132.711611,0.026393,0.011706,0.160379,201.413208,-0.866025,0.500000
2014,10,-5.000000,-170.000000,-2.500000,-167.500000,3010.270000,12.385932,44.625233,0.916197,57.927362,,,,,,,,,,-0.866025,0.500000
2014,10,-5.000000,175.000000,-2.500000,177.500000,5889.400000,2.576663,21.992903,0.199511,24.769077,29.720271,0.716626,22.807837,0.314859,93.848744,0.021652,0.001668,0.158697,202.047455,-0.866025,0.500000
2014,10,-5.000000,-175.000000,-2.500000,-172.500000,4216.890000,19.520310,32.343741,1.937921,53.801973,,,,,,,,,,-0.866025,0.500000
2014,10,-5.000000,-180.000000,-2.500000,-177.500000,7152.770000,11.174692,21.964777,0.691480,33.830949,,,,,,,,,,-0.866025,0.500000
2014,10,10.000000,110.000000,12.500000,112.500000,11872.520000,20.360378,4.123640,0.000000,24.484019,29.009416,0.675055,14.158131,0.219987,1.215595,0.062981,0.084722,0.102207,202.149597,-0.866025,0.500000
2014,10,10.000000,115.000000,12.500000,117.500000,11872.520000,20.360378,4.123640,0.000000,24.484019,29.327072,0.728418,14.438616,0.093455,133.130602,0.033719,0.031782,0.086842,200.771637,-0.866025,0.500000
2014,10,10.000000,130.000000,12.500000,132.500000,1223.350000,8.294437,3.934279,1.235950,13.464667,29.613384,0.682111,23.742723,0.187719,0.303812,0.103355,0.000000,0.091848,198.087036,-0.866025,0.500000
2014,10,10.000000,135.000000,12.500000,137.500000,1854.100000,5.024540,2.703738,5.699261,13.427539,29.610865,0.666392,20.219723,0.205620,118.030826,0.110315,0.001946,0.092216,198.278854,-0.866025,0.500000
2014,10,10.000000,170.000000,12.500000,172.500000,1101.500000,4.637313,6.441217,7.284612,18.363141,29.286631,0.636852,26.093072,0.184361,58.864537,0.073631,0.003056,0.057782,198.191284,-0.866025,0.500000
2014,10,10.000000,175.000000,12.500000,177.500000,4040.100000,3.907824,23.687532,6.433009,34.028366,29.030881,0.604890,24.712364,0.215122,0.389759,0.092431,0.000000,0.057462,199.227493,-0.866025,0.500000
2014,10,-10.000000,-135.000000,-7.500000,-132.500000,1267.410000,2.844383,17.283278,0.278521,20.406183,,,,,,,,,,-0.866025,0.500000
2014,10,-10.000000,-140.000000,-7.500000,-137.500000,3753.950000,7.564033,20.614286,1.571678,29.749997,,,,,,,,,,-0.866025,0.500000
2014,10,-10.000000,-145.000000,-7.500000,-142.500000,1440.260000,9.180287,22.206407,0.693625,32.080319,,,,,,,,,,-0.866025,0.500000
2014,10,-10.000000,150.000000,-7.500000,152.500000,1991.840000,59.504277,0.000000,0.267592,59.771869,28.842623,0.661767,17.210747,0.277990,132.573471,0.044501,0.318741,0.147585,200.511200,-0.866025,0.500000
2014,10,-10.000000,-150.000000,-7.500000,-147.500000,6379.880000,12.260889,31.592444,1.698621,45.551954,,,,,,,,,,-0.866025,0.500000
2014,10,-10.000000,155.000000,-7.500000,157.500000,12343.370000,24.780024,3.848220,2.457838,31.086081,29.524197,0.714908,17.250579,0.142473,134.242291,0.047163,0.117122,0.118809,199.044052,-0.866025,0.500000
2014,10,-10.000000,-155.000000,-7.500000,-152.500000,10679.540000,5.480854,34.578456,1.492574,41.551883,,,,,,,,,,-0.866025,0.500000
2014,10,-10.000000,160.000000,-7.500000,162.500000,11035.010000,13.833608,5.163747,1.836972,20.834326,29.861814,0.764545,16.475814,0.159831,131.190752,0.041865,0.035113,0.090470,197.930069,-0.866025,0.500000
2014,10,-10.000000,-160.000000,-7.500000,-157.500000,1392.110000,9.570364,22.791302,1.620562,33.982228,,,,,,,,,,-0.866025,0.500000
2014,10,-10.000000,165.000000,-7.500000,167.500000,7804.600000,9.665966,4.902878,4.142301,18.711145,30.040707,0.799477,20.179772,0.113508,0.767808,0.023887,0.002500,0.101905,198.121841,-0.866025,0.500000
2014,10,-10.000000,-165.000000,-7.500000,-162.500000,4837.630000,4.222522,25.731815,2.165316,32.119654,,,,,,,,,,-0.866025,0.500000
2014,10,-10.000000,170.000000,-7.500000,172.500000,4007.520000,7.270082,6.651994,5.948567,19.870643,29.999855,0.797296,23.002056,0.111626,0.403450,0.018676,0.000000,0.133018,199.279205,-0.866025,0.500000
2014,10,-10.000000,-170.000000,-7.500000,-167.500000,1841.480000,10.982471,1.989704,8.676174,21.648348,,,,,,,,,,-0.866025,0.500000
2014,10,-10.000000,175.000000,-7.500000,177.500000,2603.570000,7.694435,5.850428,7.826561,21.371425,29.849020,0.790749,23.098698,0.132309,0.503634,0.019851,0.000000,0.147011,200.158051,-0.866025,0.500000
2014,10,-10.000000,-175.000000,-7.500000,-172.500000,1297.100000,19.377843,14.892452,4.923290,39.193586,,,,,,,,,,-0.866025,0.500000
2014,10,-10.000000,-180.000000,-7.500000,-177.500000,5927.380000,17.909430,13.059396,3.040298,34.009124,,,,,,,,,,-0.866025,0.500000
2014,10,15.000000,110.000000,17.500000,112.500000,11872.520000,20.360378,4.123640,0.000000,24.484019,28.166708,0.695374,27.075870,0.206216,125.742473,0.076666,0.027113,0.097625,201.833344,-0.866025,0.500000
2014,10,15.000000,115.000000,17.500000,117.500000,11872.520000,20.360378,4.123640,0.000000,24.484019,28.410827,0.631019,21.661214,0.135167,131.000310,0.037348,0.061281,0.087201,201.136871,-0.866025,0.500000
2014,10,15.000000,120.000000,17.500000,122.500000,1261.670000,6.939215,1.276086,0.696696,8.911998,28.637947,0.784827,26.983338,0.263292,131.786269,0.103940,0.132526,0.114910,199.287781,-0.866025,0.500000
2014,10,15.000000,125.000000,17.500000,127.500000,1278.540000,1.066060,8.613731,36.575312,46.255103,29.025265,0.952080,34.773936,0.216029,0.873728,0.073973,0.013056,0.089227,198.736694,-0.866025,0.500000
2014,10,15.000000,130.000000,17.500000,132.500000,1592.340000,0.882977,2.181695,7.387869,10.452542,29.197814,0.915794,31.324412,0.200530,1.039861,0.064222,0.022778,0.085596,197.844727,-0.866025,0.500000
2014,10,15.000000,135.000000,17.500000,137.500000,2181.940000,2.796594,0.840078,1.401047,5.037719,29.424494,0.973891,32.189272,0.202956,1.205731,0.076221,0.034167,0.086159,197.279205,-0.866025,0.500000
2014,10,15.000000,160.000000,17.500000,162.500000,2373.750000,0.391364,2.228120,0.177357,2.796840,29.577436,0.801673,30.272752,0.143709,0.353485,0.053970,0.000000,0.068724,197.466736,-0.866025,0.500000
2014,10,15.000000,-160.000000,17.500000,-157.500000,2489.240000,1.252591,12.617907,0.299690,14.170188,,,,,,,,,,-0.866025,0.500000
2014,10,15.000000,-165.000000,17.500000,-162.500000,1464.880000,3.026869,8.896292,0.537245,12.460406,,,,,,,,,,-0.866025,0.500000
2014,10,15.000000,175.000000,17.500000,177.500000,2189.840000,4.784368,1.232967,6.073503,12.090838,29.146467,0.784649,29.212276,0.141911,0.393683,0.045980,0.000000,0.063776,198.846054,-0.866025,0.500000
2014,10,-15.000000,-135.000000,-12.500000,-132.500000,10681.840000,1.468848,12.975573,3.235023,17.679445,,,,,,,,,,-0.866025,0.500000
2014,10,-15.000000,-140.000000,-12.500000,-137.500000,1523.710000,1.019223,8.568560,2.003662,11.591445,,,,,,,,,,-0.866025,0.500000
2014,10,-15.000000,-145.000000,-12.500000,-142.500000,3604.220000,3.349685,7.299221,13.707265,24.356171,,,,,,,,,,-0.866025,0.500000
2014,10,-15.000000,150.000000,-12.500000,152.500000,1628.600000,58.238364,0.000000,5.393590,63.631954,27.208283,0.694492,24.206900,0.238711,124.323262,0.053131,0.271033,0.087382,204.463333,-0.866025,0.500000
2014,10,-15.000000,-150.000000,-12.500000,-147.500000,6077.900000,3.144343,11.237763,10.145116,24.527222,,,,,,,,,,-0.866025,0.500000
2014,10,-15.000000,155.000000,-12.500000,157.500000,29419.530000,3.896561,1.830349,16.389759,22.116669,28.032512,0.728173,26.289747,0.202221,1.208378,0.055577,0.066667,0.099158,202.259415,-0.866025,0.500000
2014,10,-15.000000,-155.000000,-12.500000,-152.500000,3874.680000,1.163709,2.540081,10.787730,14.491519,,,,,,,,,,-0.866025,0.500000
2014,10,-15.000000,160.000000,-12.500000,162.500000,29128.600000,4.434473,1.589400,25.144669,31.168542,28.204422,0.767316,20.735857,0.174093,129.700678,0.049176,0.056508,0.106549,202.231201,-0.866025,0.500000
2014,10,-15.000000,165.000000,-12.500000,167.500000,7827.560000,13.268119,1.850896,11.902560,27.021575,28.293150,0.754058,19.342065,0.147950,123.986679,0.037838,0.055835,0.080926,201.979584,-0.866025,0.500000
2014,10,-15.000000,170.000000,-12.500000,172.500000,6174.800000,4.599501,1.463529,14.125964,20.188994,28.359013,0.728370,17.169460,0.122187,0.952903,0.024081,0.030000,0.074370,201.993378,-0.866025,0.500000
2014,10,-15.000000,-170.000000,-12.500000,-167.500000,6084.210000,0.350580,1.551064,16.443055,18.344699,,,,,,,,,,-0.866025,0.500000
2014,10,-15.000000,175.000000,-12.500000,177.500000,2896.000000,7.055939,3.510704,17.075967,27.642610,28.775853,0.742350,22.200564,0.112708,1.026303,0.017885,0.087500,0.114589,200.903275,-0.866025,0.500000
2014,10,-15.000000,-175.000000,-12.500000,-172.500000,6584.750000,1.041497,3.053419,24.028399,28.123315,,,,,,,,,,-0.866025,0.500000
2014,10,20.000000,115.000000,22.500000,117.500000,2947.280000,7.329131,0.728468,0.581553,8.639152,27.314979,0.732357,31.099280,0.159637,119.310223,0.056159,0.311739,0.244625,203.633957,-0.866025,0.500000
2014,10,20.000000,120.000000,22.500000,122.500000,3007.940000,6.673005,2.915284,1.446505,11.034795,27.840096,1.008707,40.639716,0.333341,124.610412,0.204601,0.172013,0.112921,201.346573,-0.866025,0.500000
2014,10,20.000000,125.000000,22.500000,127.500000,1825.720000,1.600464,12.120698,37.693075,51.414237,27.924224,1.054641,41.331886,0.254635,86.736027,0.125118,0.041134,0.080512,201.686554,-0.866025,0.500000
2014,10,20.000000,135.000000,22.500000,137.500000,3174.310000,3.088860,1.553093,5.123948,9.765902,28.298409,0.981185,31.122311,0.155834,1.469318,0.076748,0.057222,0.076675,199.515579,-0.866025,0.500000
2014,10,20.000000,140.000000,22.500000,142.500000,3609.910000,3.460751,2.571255,4.453851,10.485857,28.451046,0.901430,27.822511,0.171682,54.422262,0.078854,0.149486,0.077129,199.690613,-0.866025,0.500000
2014,10,20.000000,145.000000,22.500000,147.500000,5856.580000,4.297218,1.271903,1.261146,6.830266,28.835197,0.971601,33.729355,0.215850,2.094445,0.104357,0.075556,0.077991,199.747559,-0.866025,0.500000
2014,10,20.000000,150.000000,22.500000,152.500000,1680.170000,6.931441,4.025783,20.031306,30.988531,28.945133,1.014598,36.915699,0.158893,2.610070,0.081961,0.070000,0.076481,198.727097,-0.866025,0.500000
2014,10,20.000000,155.000000,22.500000,157.500000,1305.130000,9.043544,2.418150,14.068330,25.530024,28.992523,0.889106,32.046217,0.156914,0.724646,0.077756,0.008056,0.074414,198.578873,-0.866025,0.500000
2014,10,20.000000,-155.000000,22.500000,-152.500000,3151.870000,0.259528,14.365440,0.057426,14.682395,,,,,,,,,,-0.866025,0.500000
2014,10,20.000000,-160.000000,22.500000,-157.500000,3493.590000,0.109629,10.154025,0.031772,10.295427,,,,,,,,,,-0.866025,0.500000
2014,10,20.000000,170.000000,22.500000,172.500000,1251.520000,2.773428,0.393921,0.218135,3.385483,29.169887,0.812941,28.657263,0.124037,1.431521,0.055965,0.023333,0.075752,198.907303,-0.866025,0.500000
2014,10,-20.000000,-135.000000,-17.500000,-132.500000,16831.370000,1.122309,1.399411,13.902552,16.424272,,,,,,,,,,-0.866025,0.500000
2014,10,-20.000000,-150.000000,-17.500000,-147.500000,6702.510000,1.955685,2.286606,14.613481,18.855772,,,,,,,,,,-0.866025,0.500000
2014,10,-20.000000,155.000000,-17.500000,157.500000,3150.460000,6.331139,1.365515,30.006094,37.702748,25.264489,0.749049,24.913702,0.156290,2.316652,0.040574,0.360000,0.076297,212.139206,-0.866025,0.500000
2014,10,-20.000000,-155.000000,-17.500000,-152.500000,2258.330000,1.745095,5.108199,17.285782,24.139076,,,,,,,,,,-0.866025,0.500000
2014,10,-20.000000,160.000000,-17.500000,162.500000,6810.770000,6.090060,1.607454,47.418867,55.116382,25.780480,0.722311,24.178691,0.161367,49.759659,0.060110,0.329536,0.084698,210.501160,-0.866025,0.500000
2014,10,-20.000000,165.000000,-17.500000,167.500000,17182.500000,3.459916,4.404074,16.686803,24.550793,26.060467,0.764667,26.509143,0.124734,121.531764,0.052498,0.357777,0.087349,209.075729,-0.866025,0.500000
2014,10,-20.000000,170.000000,-17.500000,172.500000,8248.320000,3.011159,1.205821,23.721800,27.938780,26.152924,0.744760,27.499933,0.151153,1.615139,0.053109,0.201111,0.073943,209.050659,-0.866025,0.500000
2014,10,-20.000000,-170.000000,-17.500000,-167.500000,1835.000000,2.152589,0.588556,11.117166,13.858311,,,,,,,,,,-0.866025,0.500000
2014,10,-20.000000,175.000000,-17.500000,177.500000,9657.270000,3.791237,1.638351,15.454368,20.883956,26.356896,0.753355,21.827547,0.119341,122.829806,0.021997,0.276065,0.087453,208.242966,-0.866025,0.500000
2014,10,-20.000000,-180.000000,-17.500000,-177.500000,3883.710000,6.793762,1.647909,11.881680,20.323351,,,,,,,,,,-0.866025,0.500000
2014,10,25.000000,130.000000,27.500000,132.500000,1289.720000,15.740626,2.916912,5.267035,23.924573,26.531027,1.034021,42.154213,0.238373,53.977711,0.139181,0.231175,0.084739,205.349380,-0.866025,0.500000
2014,10,25.000000,135.000000,27.500000,137.500000,3090.890000,0.510856,0.306384,0.141060,0.958300,27.042956,1.086304,37.342196,0.135501,2.854097,0.072650,0.284722,0.081305,204.466080,-0.866025,0.500000
2014,10,25.000000,145.000000,27.500000,147.500000,17838.420000,0.573033,0.615637,0.159487,1.348158,26.760162,0.962177,28.892256,0.128974,3.515679,0.095214,0.316111,0.072705,205.374496,-0.866025,0.500000
2014,10,25.000000,150.000000,27.500000,152.500000,5150.620000,0.267346,1.460795,0.131635,1.859776,27.184827,0.902237,28.376917,0.132059,2.955325,0.066587,0.248611,0.074681,204.492737,-0.866025,0.500000
2014,10,25.000000,155.000000,27.500000,157.500000,4241.660000,0.939726,1.293597,0.043615,2.276939,27.344413,0.833476,29.410519,0.147691,2.511058,0.080159,0.315556,0.076477,204.257828,-0.866025,0.500000
2014,10,25.000000,-155.000000,27.500000,-152.500000,5076.870000,1.377620,19.404870,0.000000,20.782490,,,,,,,,,,-0.866025,0.500000
2014,10,25.000000,160.000000,27.500000,162.500000,1891.650000,1.263976,1.728121,0.071895,3.063992,27.556963,0.862408,34.031446,0.152843,3.770224,0.076078,0.236944,0.074321,204.425171,-0.866025,0.500000
2014,10,25.000000,-160.000000,27.500000,-157.500000,6724.330000,0.798741,15.524372,0.085362,16.408475,,,,,,,,,,-0.866025,0.500000
2014,10,25.000000,165.000000,27.500000,167.500000,2658.980000,6.009447,5.166267,0.835283,12.010997,27.454863,0.805317,31.859418,0.105466,2.630153,0.051695,0.340278,0.073546,204.971878,-0.866025,0.500000
2014,10,-25.000000,-135.000000,-22.500000,-132.500000,1152.510000,2.038160,1.718857,15.844548,19.601565,,,,,,,,,,-0.866025,0.500000
2014,10,-25.000000,165.000000,-22.500000,167.500000,1583.200000,5.048636,0.867231,21.061774,26.977640,23.220626,0.658645,24.411317,0.200026,108.451335,0.084924,0.393105,0.094009,219.744308,-0.866025,0.500000
2014,10,-25.000000,175.000000,-22.500000,177.500000,1224.000000,5.825163,0.200163,9.200980,15.226307,23.101212,0.653585,26.321029,0.175746,2.721230,0.083293,0.360833,0.077484,219.715805,-0.866025,0.500000
2014,10,-25.000000,-180.000000,-22.500000,-177.500000,1537.540000,10.606553,0.811036,2.863015,14.280604,,,,,,,,,,-0.866025,0.500000
2014,10,30.000000,135.000000,32.500000,137.500000,1885.960000,0.000000,0.000000,0.000000,0.000000,24.834518,0.986550,39.550705,0.409790,116.616076,0.400415,0.483832,0.213801,208.195435,-0.866025,0.500000
2014,10,30.000000,145.000000,32.500000,147.500000,2380.390000,0.023526,6.201925,1.265759,7.491209,24.438996,0.997719,39.928851,0.229718,3.381697,0.161882,0.258889,0.091160,217.029358,-0.866025,0.500000
2014,10,30.000000,150.000000,32.500000,152.500000,12148.060000,0.351249,18.131784,3.884159,22.367193,24.662751,0.976657,38.249443,0.236332,1.980122,0.158321,0.226111,0.077811,217.564819,-0.866025,0.500000
2014,10,30.000000,155.000000,32.500000,157.500000,9577.860000,0.385577,15.672081,7.387141,23.444799,25.076568,0.969899,38.207141,0.273678,3.992739,0.204837,0.285833,0.075277,217.808868,-0.866025,0.500000
2014,10,30.000000,160.000000,32.500000,162.500000,3909.690000,0.136328,17.391660,14.404978,31.932967,24.424947,0.784987,36.150193,0.275448,3.290932,0.260956,0.381944,0.081701,218.268951,-0.866025,0.500000
2014,10,30.000000,-160.000000,32.500000,-157.500000,1310.410000,0.260987,14.954861,8.788089,24.003938,,,,,,,,,,-0.866025,0.500000
2014,10,30.000000,165.000000,32.500000,167.500000,1479.360000,0.091256,15.581062,9.728531,25.400849,24.043990,0.756829,31.458057,0.239265,3.775274,0.184165,0.370000,0.096272,219.685837,-0.866025,0.500000
2014,10,30.000000,170.000000,32.500000,172.500000,4846.560000,0.419473,22.001378,12.099097,34.519948,24.087383,0.739743,31.570467,0.203003,3.283440,0.157339,0.507778,0.084544,219.861115,-0.866025,0.500000
2014,10,-30.000000,-135.000000,-27.500000,-132.500000,1425.000000,2.853333,0.842807,25.738246,29.434386,,,,,,,,,,-0.866025,0.500000
2014,10,-30.000000,-140.000000,-27.500000,-137.500000,3323.000000,0.574180,0.111044,37.561541,38.246765,,,,,,,,,,-0.866025,0.500000
2014,10,-30.000000,155.000000,-27.500000,157.500000,3531.930000,16.453327,3.687502,6.377250,26.518079,21.687488,0.607927,24.089532,0.287222,3.161229,0.142524,0.362500,0.216551,230.261078,-0.866025,0.500000
2014,10,-30.000000,160.000000,-27.500000,162.500000,1495.550000,3.172746,0.629200,12.768547,16.570492,20.933497,0.520855,22.458021,0.209740,3.188468,0.098443,0.418889,0.177418,232.414078,-0.866025,0.500000
2014,10,35.000000,145.000000,37.500000,147.500000,5267.180000,0.094358,22.491352,4.373877,26.959587,20.969701,0.334518,34.983200,0.404277,9.455155,0.418869,0.654444,0.243495,222.624725,-0.866025,0.500000
2014,10,35.000000,150.000000,37.500000,152.500000,11204.000000,0.339789,20.526598,4.781507,25.647894,21.072850,0.350597,37.956042,0.369483,6.106592,0.337193,0.609444,0.274112,225.946152,-0.866025,0.500000
2014,10,35.000000,155.000000,37.500000,157.500000,22041.040000,0.651739,15.644498,10.465976,26.762213,20.805830,0.380065,35.740440,0.346633,6.210428,0.234369,0.745000,0.185082,230.673767,-0.866025,0.500000
2014,10,35.000000,160.000000,37.500000,162.500000,8615.990000,0.490483,20.460562,16.228895,37.179941,20.469337,0.397178,34.768934,0.385356,6.286305,0.257848,0.690000,0.208812,232.446762,-0.866025,0.500000
2014,10,35.000000,-160.000000,37.500000,-157.500000,1631.200000,0.082148,1.316209,31.936611,33.334968,,,,,,,,,,-0.866025,0.500000
2014,10,35.000000,-165.000000,37.500000,-162.500000,1561.440000,0.000000,0.236320,55.729967,55.966288,,,,,,,,,,-0.866025,0.500000
2014,10,35.000000,-170.000000,37.500000,-167.500000,1232.950000,0.038931,1.022750,48.641064,49.702745,,,,,,,,,,-0.866025,0.500000
2014,10,35.000000,-175.000000,37.500000,-172.500000,1728.400000,0.073478,4.224138,31.238139,35.535756,,,,,,,,,,-0.866025,0.500000
2014,10,-35.000000,-135.000000,-32.500000,-132.500000,1276.720000,0.352466,2.095213,25.103390,27.551068,,,,,,,,,,-0.866025,0.500000
2014,10,-35.000000,-140.000000,-32.500000,-137.500000,2445.730000,1.247071,0.116530,29.382229,30.745830,,,,,,,,,,-0.866025,0.500000
2014,10,40.000000,150.000000,42.500000,152.500000,5817.750000,0.000000,0.000000,0.000000,0.000000,14.258666,-0.080919,26.561193,0.140006,8.726836,0.151102,0.750556,0.369284,255.453339,-0.866025,0.500000
2014,10,40.000000,155.000000,42.500000,157.500000,1202.200000,0.000000,0.000000,0.000000,0.000000,14.654359,-0.041198,30.883250,0.118666,5.720597,0.103955,0.754444,0.345919,253.021912,-0.866025,0.500000
2014,11,0.000000,120.000000,2.500000,122.500000,17907.860000,20.053373,5.109488,0.000000,25.162861,29.766360,0.570579,11.142666,0.292127,137.263603,0.019921,0.076660,0.114586,200.565552,-0.500000,0.866025
2014,11,0.000000,125.000000,2.500000,127.500000,23769.510000,20.090528,5.110539,0.000000,25.201066,29.759897,0.575624,12.400476,0.442077,135.337991,0.040994,0.145191,0.119731,200.176682,-0.500000,0.866025
2014,11,0.000000,130.000000,2.500000,132.500000,5861.650000,20.204038,5.113748,0.000000,25.317786,29.812129,0.658142,14.249745,0.547782,119.424616,0.038345,0.016116,0.106193,200.336899,-0.500000,0.866025
2014,11,0.000000,135.000000,2.500000,137.500000,10066.720000,18.703709,2.179061,0.005066,20.887836,29.799842,0.663081,15.247133,0.458679,0.648484,0.050000,0.000000,0.104458,200.093063,-0.500000,0.866025
2014,11,0.000000,140.000000,2.500000,142.500000,8958.190000,2.997592,14.377346,0.729835,18.104773,29.832851,0.679280,14.346159,0.375848,0.234760,0.039771,0.000000,0.104097,199.989807,-0.500000,0.866025
2014,11,0.000000,145.000000,2.500000,147.500000,5252.360000,9.448895,25.134797,1.127493,35.711185,29.970829,0.702620,15.009004,0.281348,0.240072,0.023636,0.000000,0.098377,199.957214,-0.500000,0.866025
2014,11,0.000000,155.000000,2.500000,157.500000,1649.870000,6.732652,18.578433,11.651221,36.962306,30.366313,0.731618,17.378936,0.333917,0.483534,0.023092,0.000000,0.085262,199.295898,-0.500000,0.866025
2014,11,0.000000,-155.000000,2.500000,-152.500000,4050.410000,3.291519,40.403070,0.040984,43.735572,,,,,,,,,,-0.500000,0.866025
2014,11,0.000000,160.000000,2.500000,162.500000,1673.670000,6.366847,12.485137,2.149169,21.001153,30.540748,0.732284,18.809660,0.278067,0.467326,0.014762,0.000000,0.085411,199.598297,-0.500000,0.866025
2014,11,0.000000,-160.000000,2.500000,-157.500000,1152.300000,4.023258,20.203072,0.015621,24.241951,,,,,,,,,,-0.500000,0.866025
2014,11,0.000000,165.000000,2.500000,167.500000,6165.670000,5.696542,21.507963,1.220143,28.424648,30.463905,0.721376,19.830671,0.290096,95.110556,0.019878,0.011951,0.101895,200.769333,-0.500000,0.866025
2014,11,0.000000,170.000000,2.500000,172.500000,4744.370000,13.439298,26.934451,1.291215,41.664963,30.224515,0.699091,21.627386,0.352023,135.216773,0.019391,0.019816,0.207379,203.357330,-0.500000,0.866025
2014,11,0.000000,175.000000,2.500000,177.500000,1345.390000,10.550101,25.714477,0.079531,36.344108,29.891925,0.688107,20.836683,0.389175,0.332791,0.021080,0.000000,0.166246,202.580872,-0.500000,0.866025
2014,11,0.000000,-175.000000,2.500000,-172.500000,2566.650000,7.048098,32.438392,0.110260,39.596751,,,,,,,,,,-0.500000,0.866025
2014,11,5.000000,125.000000,7.500000,127.500000,2508.340000,9.829210,7.383768,0.000000,17.212978,29.364319,0.486010,15.372928,0.517169,132.303661,0.086286,0.078275,0.107711,199.425339,-0.500000,0.866025
2014,11,5.000000,130.000000,7.500000,132.500000,2201.970000,13.525616,16.443003,0.000000,29.968619,29.544824,0.476870,17.352555,0.329194,133.181085,0.050129,0.008361,0.094039,199.770889,-0.500000,0.866025
2014,11,5.000000,135.000000,7.500000,137.500000,2146.020000,11.360565,18.029655,0.075489,29.465709,29.660266,0.487274,17.493474,0.210812,132.550114,0.027873,0.006954,0.093063,199.420364,-0.500000,0.866025
2014,11,5.000000,140.000000,7.500000,142.500000,1512.230000,1.635995,32.568459,0.437764,34.642217,29.728379,0.513270,18.833694,0.211965,0.283290,0.018967,0.000000,0.091575,199.237274,-0.500000,0.866025
2014,11,5.000000,145.000000,7.500000,147.500000,1837.570000,8.370838,30.909299,1.084040,40.364177,29.770256,0.525224,19.139599,0.193163,0.438795,0.034601,0.000000,0.092119,199.267761,-0.500000,0.866025
2014,11,5.000000,150.000000,7.500000,152.500000,2063.540000,29.710594,22.075172,0.851449,52.637216,29.898097,0.518701,20.527055,0.204042,120.190082,0.040558,0.004454,0.092599,199.315872,-0.500000,0.866025
2014,11,5.000000,155.000000,7.500000,157.500000,3316.370000,9.646390,24.006971,0.141118,33.794480,29.883823,0.532434,22.118072,0.238209,127.276303,0.045034,0.003336,0.091025,199.515533,-0.500000,0.866025
2014,11,5.000000,160.000000,7.500000,162.500000,9207.900000,4.399049,16.114206,0.032146,20.545401,29.883263,0.557024,25.560016,0.231335,0.788377,0.043371,0.000556,0.088011,199.299301,-0.500000,0.866025
2014,11,5.000000,165.000000,7.500000,167.500000,7709.420000,5.316224,15.815587,0.107012,21.238822,29.772454,0.521477,26.129897,0.284683,133.773878,0.057273,0.049575,0.086990,199.147385,-0.500000,0.866025
2014,11,5.000000,175.000000,7.500000,177.500000,2273.000000,4.908491,8.663880,0.008799,13.581170,29.485469,0.455789,25.995964,0.326919,0.508198,0.077163,0.000000,0.090759,199.317429,-0.500000,0.866025
2014,11,-5.000000,120.000000,-2.500000,122.500000,23446.610000,20.204072,5.113746,0.000000,25.317818,29.872776,0.568993,11.230015,0.104875,140.255572,0.015507,0.254618,0.126292,201.892883,-0.500000,0.866025
2014,11,-5.000000,125.000000,-2.500000,127.500000,35169.920000,20.204055,5.113745,0.000000,25.317800,29.797505,0.562552,11.281739,0.194005,134.900025,0.018236,0.155728,0.115807,201.323227,-0.500000,0.866025
2014,11,-5.000000,130.000000,-2.500000,132.500000,11723.310000,20.204021,5.113743,0.000000,25.317764,29.652429,0.598980,11.780373,0.195979,139.731414,0.048791,0.281341,0.125859,199.882599,-0.500000,0.866025
2014,11,-5.000000,140.000000,-2.500000,142.500000,1184.580000,13.693461,1.432575,0.057404,15.183441,29.910776,0.713014,16.543869,0.368952,133.077486,0.014369,0.053097,0.106390,199.590988,-0.500000,0.866025
2014,11,-5.000000,-155.000000,-2.500000,-152.500000,9370.480000,5.514552,30.605689,0.641483,36.761724,,,,,,,,,,-0.500000,0.866025
2014,11,-5.000000,160.000000,-2.500000,162.500000,4461.600000,5.403891,5.124171,8.635691,19.163753,30.869010,0.750343,17.259023,0.185416,0.285313,0.021642,0.000000,0.117805,200.399643,-0.500000,0.866025
2014,11,-5.000000,-160.000000,-2.500000,-157.500000,9667.750000,5.663779,20.130123,0.109643,25.903545,,,,,,,,,,-0.500000,0.866025
2014,11,-5.000000,165.000000,-2.500000,167.500000,2681.870000,6.640889,11.244766,1.707764,19.593418,30.778422,0.736804,17.206421,0.202027,0.216350,0.019639,0.000000,0.130533,201.447693,-0.500000,0.866025
2014,11,-5.000000,-165.000000,-2.500000,-162.500000,3187.730000,4.318747,29.498421,0.295508,34.112676,,,,,,,,,,-0.500000,0.866025
2014,11,-5.000000,170.000000,-2.500000,172.500000,1706.930000,8.943542,22.910137,1.197471,33.051150,30.439063,0.715896,19.682994,0.267105,134.817880,0.024936,0.009476,0.153592,202.715836,-0.500000,0.866025
2014,11,-5.000000,-170.000000,-2.500000,-167.500000,7618.550000,5.108190,39.141175,0.738461,44.987826,,,,,,,,,,-0.500000,0.866025
2014,11,-5.000000,175.000000,-2.500000,177.500000,2015.750000,9.420315,24.898921,0.482699,34.801935,29.982027,0.696791,23.994310,0.303857,95.332908,0.027328,0.001668,0.154280,203.028824,-0.500000,0.866025
2014,11,-5.000000,-175.000000,-2.500000,-172.500000,16302.730000,16.528643,29.117148,1.190966,46.836757,,,,,,,,,,-0.500000,0.866025
2014,11,-5.000000,-180.000000,-2.500000,-177.500000,4296.270000,10.404374,20.456582,1.941917,32.802873,,,,,,,,,,-0.500000,0.866025
2014,11,10.000000,110.000000,12.500000,112.500000,12456.640000,19.405634,3.930273,0.000000,23.335908,28.575289,0.653739,19.419225,0.183847,1.403003,0.051491,0.048056,0.088688,202.777405,-0.500000,0.866025
2014,11,10.000000,115.000000,12.500000,117.500000,12456.640000,19.405634,3.930273,0.000000,23.335908,29.185030,0.729214,18.627030,0.116309,132.831630,0.029113,0.036606,0.085490,200.467087,-0.500000,0.866025
2014,11,10.000000,125.000000,12.500000,127.500000,1175.510000,2.076545,1.767743,1.663959,5.508247,29.029398,0.654083,29.041138,0.232282,128.959148,0.084754,0.062826,0.088486,198.887817,-0.500000,0.866025
2014,11,10.000000,130.000000,12.500000,132.500000,1784.010000,2.091917,0.310536,0.732059,3.134512,29.125844,0.624350,28.554306,0.235312,0.210873,0.095516,0.000000,0.081997,198.852661,-0.500000,0.866025
2014,11,10.000000,160.000000,12.500000,162.500000,2423.700000,14.047943,34.290960,1.379296,49.718199,29.390238,0.660902,35.023096,0.213490,131.542556,0.066126,0.005574,0.081854,198.579163,-0.500000,0.866025
2014,11,10.000000,175.000000,12.500000,177.500000,2923.140000,3.979967,13.830333,1.715279,19.525579,28.861040,0.589521,37.194096,0.263930,0.280682,0.099710,0.000000,0.059291,199.885529,-0.500000,0.866025
2014,11,-10.000000,-135.000000,-7.500000,-132.500000,3359.150000,2.941816,23.701532,0.381049,27.024396,,,,,,,,,,-0.500000,0.866025
2014,11,-10.000000,-140.000000,-7.500000,-137.500000,7011.600000,2.054025,10.216784,0.326887,12.597695,,,,,,,,,,-0.500000,0.866025
2014,11,-10.000000,-145.000000,-7.500000,-142.500000,1991.750000,2.512363,30.192544,0.225430,32.930338,,,,,,,,,,-0.500000,0.866025
2014,11,-10.000000,-150.000000,-7.500000,-147.500000,4976.500000,2.842158,15.304933,0.607656,18.754747,,,,,,,,,,-0.500000,0.866025
2014,11,-10.000000,155.000000,-7.500000,157.500000,26815.030000,26.097789,4.092033,0.807681,30.997504,29.837419,0.748440,18.498355,0.148125,134.967842,0.051584,0.123068,0.097628,198.529343,-0.500000,0.866025
2014,11,-10.000000,-155.000000,-7.500000,-152.500000,6542.630000,6.791917,16.975436,0.581265,24.348618,,,,,,,,,,-0.500000,0.866025
2014,11,-10.000000,160.000000,-7.500000,162.500000,19012.980000,18.752189,5.832121,2.431497,27.015807,30.153552,0.794637,19.874407,0.150028,132.496076,0.040397,0.050814,0.094051,198.082352,-0.500000,0.866025
2014,11,-10.000000,-160.000000,-7.500000,-157.500000,4996.110000,9.426734,20.270370,0.469365,30.166470,,,,,,,,,,-0.500000,0.866025
2014,11,-10.000000,165.000000,-7.500000,167.500000,7311.220000,15.420135,6.387306,6.523262,28.330703,30.307750,0.806536,19.386545,0.141490,0.617673,0.027425,0.000000,0.096097,198.369614,-0.500000,0.866025
2014,11,-10.000000,-165.000000,-7.500000,-162.500000,2206.670000,3.746369,17.888493,1.176886,22.811748,,,,,,,,,,-0.500000,0.866025
2014,11,-10.000000,170.000000,-7.500000,172.500000,2824.950000,9.954866,7.559072,5.331776,22.845714,30.305597,0.809937,20.183163,0.137955,0.640826,0.020723,0.000000,0.105707,199.174332,-0.500000,0.866025
2014,11,-10.000000,-170.000000,-7.500000,-167.500000,2211.460000,16.822371,13.591474,5.178479,35.592324,,,,,,,,,,-0.500000,0.866025
2014,11,-10.000000,175.000000,-7.500000,177.500000,1197.450000,3.681156,5.876655,5.110861,14.668671,30.184055,0.793125,20.917938,0.119777,0.398365,0.025908,0.000000,0.131310,200.181366,-0.500000,0.866025
2014,11,-10.000000,-175.000000,-7.500000,-172.500000,1288.900000,5.319264,9.102335,2.189464,16.611064,,,,,,,,,,-0.500000,0.866025
2014,11,-10.000000,-180.000000,-7.500000,-177.500000,1769.090000,4.793990,27.178945,1.457812,33.430747,,,,,,,,,,-0.500000,0.866025
2014,11,15.000000,110.000000,17.500000,112.500000,12456.640000,19.405634,3.930273,0.000000,23.335908,27.193593,0.672992,33.854905,0.208944,118.294750,0.082547,0.076147,0.102508,205.099869,-0.500000,0.866025
2014,11,15.000000,115.000000,17.500000,117.500000,12456.640000,19.405634,3.930273,0.000000,23.335908,27.697872,0.583062,23.846773,0.210704,129.400962,0.068624,0.161281,0.093279,203.461899,-0.500000,0.866025
2014,11,15.000000,125.000000,17.500000,127.500000,4903.600000,1.610042,3.068766,4.851946,9.530753,27.961236,0.842354,40.683337,0.196610,2.369293,0.055085,0.115000,0.081293,200.819626,-0.500000,0.866025
2014,11,15.000000,130.000000,17.500000,132.500000,2490.500000,1.741016,4.858061,7.243124,13.842200,28.402171,0.903800,40.257731,0.216120,2.035826,0.079163,0.078333,0.080091,199.591446,-0.500000,0.866025
2014,11,15.000000,-155.000000,17.500000,-152.500000,2327.220000,0.199380,12.801970,0.008594,13.009943,,,,,,,,,,-0.500000,0.866025
2014,11,15.000000,160.000000,17.500000,162.500000,1002.510000,4.264297,8.812880,1.136148,14.213325,29.024468,0.838212,46.754571,0.150440,0.533559,0.046411,0.000000,0.064006,198.810135,-0.500000,0.866025
2014,11,15.000000,-160.000000,17.500000,-157.500000,1378.420000,0.372891,9.011042,0.014509,9.398442,,,,,,,,,,-0.500000,0.866025
2014,11,15.000000,170.000000,17.500000,172.500000,1072.020000,7.138859,6.830096,4.836663,18.805619,28.806766,0.797839,47.551570,0.175180,0.356918,0.071786,0.000000,0.059761,199.271667,-0.500000,0.866025
2014,11,15.000000,175.000000,17.500000,177.500000,2703.660000,6.266690,8.349053,4.235000,18.850743,28.637135,0.779885,49.858388,0.156516,1.131130,0.057016,0.025278,0.057907,199.498337,-0.500000,0.866025
2014,11,15.000000,-180.000000,17.500000,-177.500000,3376.000000,9.751185,0.542062,7.802133,18.095379,,,,,,,,,,-0.500000,0.866025
2014,11,-15.000000,-135.000000,-12.500000,-132.500000,10687.180000,3.333620,19.443857,8.619205,31.396683,,,,,,,,,,-0.500000,0.866025
2014,11,-15.000000,-140.000000,-12.500000,-137.500000,2648.600000,4.048176,38.840897,1.592539,44.481613,,,,,,,,,,-0.500000,0.866025
2014,11,-15.000000,145.000000,-12.500000,147.500000,1684.760000,49.175550,0.000000,6.897125,56.072675,27.033159,0.702382,18.346062,0.177781,124.250120,0.031998,0.106791,0.090481,205.129669,-0.500000,0.866025
2014,11,-15.000000,-145.000000,-12.500000,-142.500000,5183.100000,2.819355,30.170940,5.047751,38.038047,,,,,,,,,,-0.500000,0.866025
2014,11,-15.000000,-150.000000,-12.500000,-147.500000,4585.540000,2.147402,29.922321,3.709923,35.779646,,,,,,,,,,-0.500000,0.866025
2014,11,-15.000000,155.000000,-12.500000,157.500000,21762.450000,3.400444,1.203955,17.839765,22.444164,28.423190,0.730923,24.053843,0.193138,1.413520,0.051933,0.052500,0.089421,201.259186,-0.500000,0.866025
2014,11,-15.000000,160.000000,-12.500000,162.500000,30900.520000,7.829577,2.040581,17.919666,27.789824,28.439085,0.728026,20.906639,0.171790,130.698169,0.045234,0.109081,0.082945,201.023376,-0.500000,0.866025
2014,11,-15.000000,-160.000000,-12.500000,-157.500000,1125.500000,0.941804,1.950244,14.698356,17.590404,,,,,,,,,,-0.500000,0.866025
2014,11,-15.000000,165.000000,-12.500000,167.500000,1216.530000,17.560603,2.669889,13.342047,33.572538,28.591216,0.715942,18.039788,0.143050,124.256932,0.036609,0.062256,0.076045,200.894058,-0.500000,0.866025
2014,11,-15.000000,170.000000,-12.500000,172.500000,2376.540000,3.654893,3.312378,21.629764,28.597036,28.822799,0.728455,19.303255,0.119443,0.985234,0.028349,0.014722,0.070891,200.200699,-0.500000,0.866025
2014,11,-15.000000,-170.000000,-12.500000,-167.500000,7635.990000,0.577790,1.606602,18.914116,21.098509,,,,,,,,,,-0.500000,0.866025
2014,11,-15.000000,175.000000,-12.500000,177.500000,1176.000000,2.901361,1.947279,13.794218,18.642857,29.097443,0.753678,25.761268,0.091674,0.944648,0.012986,0.011667,0.100814,199.452087,-0.500000,0.866025
2014,11,-15.000000,-175.000000,-12.500000,-172.500000,6252.840000,2.299275,2.929869,20.855483,26.084627,,,,,,,,,,-0.500000,0.866025
2014,11,-15.000000,-180.000000,-12.500000,-177.500000,1173.310000,4.191561,1.543497,24.229743,29.964800,,,,,,,,,,-0.500000,0.866025
2014,11,20.000000,115.000000,22.500000,117.500000,1795.850000,5.619623,0.918785,2.506891,9.045299,25.478794,0.685178,33.524431,0.155564,111.219979,0.063652,0.464209,0.283602,207.403336,-0.500000,0.866025
2014,11,20.000000,120.000000,22.500000,122.500000,1846.740000,9.175628,2.879669,4.592958,16.648256,26.594572,0.963983,49.838648,0.373319,120.478587,0.194455,0.268553,0.125219,206.099243,-0.500000,0.866025
2014,11,20.000000,125.000000,22.500000,127.500000,4637.120000,0.897540,8.469912,10.935883,20.303335,26.583786,1.027484,60.448535,0.292100,81.413292,0.140080,0.212340,0.076126,206.839676,-0.500000,0.866025
2014,11,20.000000,130.000000,22.500000,132.500000,4375.300000,3.558156,14.235367,32.395036,50.188558,26.459430,0.985953,49.886406,0.162797,1.772082,0.095765,0.240556,0.071316,205.070374,-0.500000,0.866025
2014,11,20.000000,135.000000,22.500000,137.500000,4939.170000,0.839412,1.000573,3.225036,5.065021,27.002007,0.936620,37.869021,0.151956,1.980593,0.085392,0.115000,0.071849,203.342361,-0.500000,0.866025
2014,11,20.000000,140.000000,22.500000,142.500000,3462.180000,4.609812,1.900537,6.662565,13.172914,27.931160,0.946177,34.833798,0.172245,53.007280,0.084601,0.207280,0.073331,201.829224,-0.500000,0.866025
2014,11,20.000000,145.000000,22.500000,147.500000,4127.920000,2.185847,2.759986,1.077783,6.023615,28.485609,1.066855,38.696115,0.194357,2.621563,0.083524,0.135000,0.074995,201.524490,-0.500000,0.866025
2014,11,20.000000,-155.000000,22.500000,-152.500000,22613.370000,0.314018,9.021787,0.005793,9.341597,,,,,,,,,,-0.500000,0.866025
2014,11,20.000000,160.000000,22.500000,162.500000,2031.880000,3.862925,12.898400,1.851979,18.613304,27.836202,0.867171,46.492832,0.140854,1.979008,0.061170,0.250278,0.065053,201.675995,-0.500000,0.866025
2014,11,20.000000,-160.000000,22.500000,-157.500000,15464.060000,0.221546,8.076404,0.003233,8.301184,,,,,,,,,,-0.500000,0.866025
2014,11,20.000000,165.000000,22.500000,167.500000,1106.270000,3.330109,8.566625,0.242256,12.138990,27.878599,0.840145,46.185019,0.144270,1.980049,0.058001,0.095833,0.064061,201.807343,-0.500000,0.866025
2014,11,20.000000,-165.000000,22.500000,-162.500000,3349.100000,0.770356,9.340718,0.000000,10.111075,,,,,,,,,,-0.500000,0.866025
2014,11,20.000000,170.000000,22.500000,172.500000,1109.440000,0.459691,7.921113,0.126190,8.506995,27.799876,0.802285,45.924594,0.144055,2.136542,0.060183,0.058056,0.063997,201.880920,-0.500000,0.866025
2014,11,20.000000,-170.000000,22.500000,-167.500000,9640.710000,1.203127,10.922432,0.040765,12.166324,,,,,,,,,,-0.500000,0.866025
2014,11,-20.000000,-135.000000,-17.500000,-132.500000,12631.730000,1.284939,1.626381,25.893999,28.805318,,,,,,,,,,-0.500000,0.866025
2014,11,-20.000000,-145.000000,-17.500000,-142.500000,2208.700000,1.506769,1.731335,24.703672,27.941776,,,,,,,,,,-0.500000,0.866025
2014,11,-20.000000,-150.000000,-17.500000,-147.500000,4367.800000,0.471862,1.329273,20.656395,22.457530,,,,,,,,,,-0.500000,0.866025
2014,11,-20.000000,155.000000,-17.500000,157.500000,7071.720000,4.568761,0.587269,25.103794,30.259824,26.361089,0.748669,19.796934,0.176271,2.180680,0.049719,0.277500,0.082965,209.300766,-0.500000,0.866025
2014,11,-20.000000,-155.000000,-17.500000,-152.500000,4817.920000,0.975110,2.801831,20.497642,24.274583,,,,,,,,,,-0.500000,0.866025
2014,11,-20.000000,160.000000,-17.500000,162.500000,8758.060000,3.576934,1.378273,24.160145,29.115352,26.611717,0.760186,23.595583,0.151684,51.416558,0.048987,0.131981,0.082921,208.188980,-0.500000,0.866025
2014,11,-20.000000,165.000000,-17.500000,167.500000,11118.440000,3.217628,2.379381,13.993960,19.590968,26.556867,0.746170,22.489852,0.141686,123.448264,0.038693,0.176740,0.085465,207.855698,-0.500000,0.866025
2014,11,-20.000000,170.000000,-17.500000,172.500000,12180.130000,1.745219,1.381759,29.791882,32.918860,26.826393,0.741912,19.605854,0.155108,1.470378,0.044855,0.171111,0.075730,207.081055,-0.500000,0.866025
2014,11,-20.000000,175.000000,-17.500000,177.500000,10387.430000,3.530902,0.741184,18.351604,22.623690,26.972622,0.734476,19.358371,0.099144,125.627243,0.027802,0.251982,0.083042,206.258423,-0.500000,0.866025
2014,11,-20.000000,-175.000000,-17.500000,-172.500000,1124.390000,2.325705,0.622560,12.251087,15.199353,,,,,,,,,,-0.500000,0.866025
2014,11,-20.000000,-180.000000,-17.500000,-177.500000,2234.520000,8.029465,1.334962,11.706317,21.070744,,,,,,,,,,-0.500000,0.866025
2014,11,25.000000,130.000000,27.500000,132.500000,2356.830000,8.292495,4.565879,7.504996,20.363369,25.080817,1.058050,62.932324,0.270493,50.750605,0.173351,0.183940,0.086429,210.687836,-0.500000,0.866025
2014,11,25.000000,135.000000,27.500000,137.500000,8660.990000,0.172844,1.974139,5.528005,7.674989,24.878268,1.011505,46.657844,0.161789,2.361326,0.127234,0.245278,0.092583,210.710114,-0.500000,0.866025
2014,11,25.000000,145.000000,27.500000,147.500000,12649.620000,0.606026,1.183356,0.290285,2.079667,25.730263,0.951506,37.726432,0.125404,3.223245,0.085508,0.311667,0.065772,209.098129,-0.500000,0.866025
2014,11,25.000000,150.000000,27.500000,152.500000,6563.150000,0.420835,1.095815,0.894540,2.411190,25.515281,0.916781,36.239672,0.128004,3.118604,0.069043,0.317778,0.065413,209.060455,-0.500000,0.866025
2014,11,25.000000,155.000000,27.500000,157.500000,5171.660000,1.217984,0.791815,0.358879,2.368679,25.767684,0.900908,45.489706,0.137820,2.835866,0.075875,0.409167,0.064896,209.912582,-0.500000,0.866025
2014,11,25.000000,-155.000000,27.500000,-152.500000,2574.690000,2.203372,10.824216,0.000000,13.027588,,,,,,,,,,-0.500000,0.866025
2014,11,25.000000,160.000000,27.500000,162.500000,1602.700000,2.261184,2.652399,2.211268,7.124852,25.305517,0.859244,47.699034,0.134269,5.397947,0.058173,0.303333,0.062833,210.713287,-0.500000,0.866025
2014,11,25.000000,-160.000000,27.500000,-157.500000,3580.720000,1.497464,7.457159,0.006144,8.960768,,,,,,,,,,-0.500000,0.866025
2014,11,25.000000,-165.000000,27.500000,-162.500000,1127.800000,0.812201,9.205533,0.000000,10.017734,,,,,,,,,,-0.500000,0.866025
2014,11,-25.000000,150.000000,-22.500000,152.500000,1649.720000,20.685328,1.823946,7.789807,30.299081,25.752334,0.616316,15.782837,0.208520,118.490244,0.115378,0.373281,0.117175,212.028076,-0.500000,0.866025
2014,11,-25.000000,-150.000000,-22.500000,-147.500000,1059.100000,1.429516,1.461618,31.556038,34.447172,,,,,,,,,,-0.500000,0.866025
2014,11,-25.000000,170.000000,-22.500000,172.500000,3635.300000,2.990125,0.770225,32.590158,36.350508,24.003943,0.644441,19.818975,0.191759,1.989999,0.096670,0.270000,0.070091,217.166855,-0.500000,0.866025
2014,11,-25.000000,175.000000,-22.500000,177.500000,2114.550000,2.927337,1.704382,21.927124,26.558842,24.117706,0.660356,20.929044,0.186494,1.923338,0.085541,0.285000,0.068716,217.331238,-0.500000,0.866025
2014,11,-25.000000,-175.000000,-22.500000,-172.500000,2202.480000,8.411881,0.649268,11.696815,20.757964,,,,,,,,,,-0.500000,0.866025
2014,11,30.000000,135.000000,32.500000,137.500000,2515.370000,0.027431,2.510167,9.127484,11.665083,22.748882,0.993987,57.421677,0.416677,106.437261,0.404426,0.476205,0.338685,214.683014,-0.500000,0.866025
2014,11,30.000000,140.000000,32.500000,142.500000,5605.880000,0.113274,10.636867,27.569802,38.319943,23.061062,0.992483,55.240582,0.275348,32.544506,0.232162,0.281667,0.192728,219.650345,-0.500000,0.866025
2014,11,30.000000,145.000000,32.500000,147.500000,10069.980000,0.097915,7.554533,26.984761,34.637209,23.152421,1.061706,55.171025,0.270555,3.038704,0.175298,0.245556,0.141669,221.808121,-0.500000,0.866025
2014,11,30.000000,150.000000,32.500000,152.500000,4455.090000,0.149267,8.857734,15.067934,24.074935,23.124219,1.057427,52.151515,0.213295,2.790642,0.167490,0.173611,0.097629,223.068405,-0.500000,0.866025
2014,11,30.000000,155.000000,32.500000,157.500000,4752.920000,0.262155,9.323321,20.511391,30.096867,22.755184,0.911083,51.451581,0.323740,5.277656,0.329322,0.362778,0.080457,223.931137,-0.500000,0.866025
2014,11,30.000000,-155.000000,32.500000,-152.500000,1257.810000,0.593889,2.692776,11.352271,14.638936,,,,,,,,,,-0.500000,0.866025
2014,11,30.000000,160.000000,32.500000,162.500000,6937.820000,0.229755,16.756849,42.184433,59.171036,22.512369,0.833850,53.920359,0.243602,3.663864,0.207509,0.336389,0.090380,225.925995,-0.500000,0.866025
2014,11,30.000000,-160.000000,32.500000,-157.500000,2588.470000,0.512272,16.604790,11.421805,28.538867,,,,,,,,,,-0.500000,0.866025
2014,11,30.000000,165.000000,32.500000,167.500000,2760.820000,0.233988,24.459762,38.187930,62.881680,22.248295,0.776543,48.447246,0.247341,3.412625,0.200480,0.282500,0.105492,227.673111,-0.500000,0.866025
2014,11,30.000000,-165.000000,32.500000,-162.500000,5475.120000,0.102829,2.715374,12.495617,15.313820,,,,,,,,,,-0.500000,0.866025
2014,11,30.000000,170.000000,32.500000,172.500000,7211.110000,0.799738,23.270065,19.315057,43.384860,22.125640,0.756695,47.787071,0.196494,4.139136,0.165840,0.420000,0.084135,226.298889,-0.500000,0.866025
2014,11,30.000000,-170.000000,32.500000,-167.500000,3006.190000,0.473024,8.273928,11.847887,20.594839,,,,,,,,,,-0.500000,0.866025
2014,11,30.000000,-175.000000,32.500000,-172.500000,2480.960000,1.677979,19.150248,22.925400,43.753628,,,,,,,,,,-0.500000,0.866025
2014,11,35.000000,140.000000,37.500000,142.500000,4293.980000,0.042385,15.595089,9.600883,25.238357,19.400724,0.403282,46.556341,0.344166,93.316411,0.368504,0.679218,0.467149,220.292984,-0.500000,0.866025
2014,11,35.000000,145.000000,37.500000,147.500000,7142.290000,0.054184,13.253872,10.215351,23.523408,19.081335,0.293734,47.153600,0.359605,11.460967,0.336957,0.720278,0.385589,225.658905,-0.500000,0.866025
2014,11,35.000000,150.000000,37.500000,152.500000,4852.310000,0.161366,9.606559,11.392100,21.160025,19.257223,0.353451,51.518977,0.358224,8.593170,0.322150,0.680278,0.394352,231.311188,-0.500000,0.866025
2014,11,35.000000,155.000000,37.500000,157.500000,9183.390000,0.159309,9.241685,22.792455,32.193449,19.257519,0.407235,50.833582,0.356122,9.171670,0.239781,0.678056,0.324836,235.128967,-0.500000,0.866025
2014,11,35.000000,160.000000,37.500000,162.500000,3684.730000,0.377233,12.802295,25.974223,39.153751,18.874640,0.405493,51.111470,0.352084,7.414380,0.241036,0.585278,0.306543,236.614868,-0.500000,0.866025
2014,11,35.000000,-165.000000,37.500000,-162.500000,2739.950000,0.017154,0.776657,41.036150,41.829960,,,,,,,,,,-0.500000,0.866025
2014,11,35.000000,-170.000000,37.500000,-167.500000,2777.080000,0.092183,0.407622,64.904504,65.404310,,,,,,,,,,-0.500000,0.866025
2014,11,35.000000,-175.000000,37.500000,-172.500000,2637.640000,0.059144,1.149512,63.349434,64.558090,,,,,,,,,,-0.500000,0.866025
2014,11,40.000000,150.000000,42.500000,152.500000,4581.860000,0.000000,0.000000,0.000000,0.000000,10.851094,-0.034497,43.767190,0.139423,10.217600,0.161822,0.793056,0.415060,265.268921,-0.500000,0.866025
2014,11,40.000000,155.000000,42.500000,157.500000,3650.120000,0.000000,0.000000,0.000000,0.000000,11.929163,0.005365,46.629021,0.133087,6.663526,0.108374,0.817500,0.405267,260.123352,-0.500000,0.866025
2014,12,0.000000,120.000000,2.500000,122.500000,16596.590000,21.637758,5.513181,0.000000,27.150939,29.511522,0.628589,13.206834,0.273818,134.786461,0.027414,0.072936,0.110895,200.612823,-0.000000,1.000000
2014,12,0.000000,125.000000,2.500000,127.500000,22029.040000,21.677840,5.514312,0.000000,27.192152,29.467641,0.574780,12.916918,0.390606,136.233188,0.047673,0.152148,0.107120,200.008621,-0.000000,1.000000
2014,12,0.000000,130.000000,2.500000,132.500000,9229.720000,24.808770,5.951643,0.000000,30.760413,29.874599,0.635500,14.763361,0.349317,118.912058,0.028044,0.009725,0.101485,200.221588,-0.000000,1.000000
2014,12,0.000000,135.000000,2.500000,137.500000,8166.540000,16.758505,2.188565,0.037837,18.984907,29.924474,0.660672,15.687532,0.304194,0.457658,0.027641,0.000000,0.097081,200.289185,-0.000000,1.000000
2014,12,0.000000,140.000000,2.500000,142.500000,14332.910000,8.330200,7.750764,0.054420,16.135384,29.887738,0.683895,16.644457,0.287014,0.191951,0.021299,0.000000,0.094775,200.132507,-0.000000,1.000000
2014,12,0.000000,145.000000,2.500000,147.500000,4573.700000,11.851018,13.345869,0.174913,25.371800,30.005705,0.702276,17.062476,0.277586,0.383885,0.019922,0.000000,0.090294,199.582993,-0.000000,1.000000
2014,12,0.000000,150.000000,2.500000,152.500000,2725.330000,32.183259,12.966136,2.465756,47.615151,30.086480,0.720674,19.017949,0.286425,0.469557,0.016703,0.000000,0.081862,198.931030,-0.000000,1.000000
2014,12,0.000000,155.000000,2.500000,157.500000,6586.000000,13.933192,10.610538,11.153963,35.697692,30.134081,0.718804,22.939366,0.275260,0.774886,0.020534,0.001667,0.075265,198.582474,-0.000000,1.000000
2014,12,0.000000,-155.000000,2.500000,-152.500000,3256.770000,4.697292,34.539129,0.000000,39.236421,,,,,,,,,,-0.000000,1.000000
2014,12,0.000000,160.000000,2.500000,162.500000,7706.610000,11.689057,9.652363,7.763595,29.105015,30.366347,0.722453,23.909219,0.304103,0.811306,0.015040,0.007500,0.077922,198.750717,-0.000000,1.000000
2014,12,0.000000,-160.000000,2.500000,-157.500000,1026.910000,5.038416,39.132933,0.000000,44.171349,,,,,,,,,,-0.000000,1.000000
2014,12,0.000000,165.000000,2.500000,167.500000,7619.940000,18.239382,26.841156,5.188099,50.268637,30.213323,0.697912,27.958408,0.293683,93.883427,0.021644,0.002779,0.124122,200.833755,-0.000000,1.000000
2014,12,0.000000,170.000000,2.500000,172.500000,6216.770000,26.784970,25.523865,5.210101,57.518937,29.933924,0.687082,27.557883,0.389383,134.326468,0.016719,0.019537,0.221960,201.972122,-0.000000,1.000000
2014,12,0.000000,175.000000,2.500000,177.500000,5504.570000,15.116349,17.379741,0.275408,32.771497,29.676512,0.680527,26.484939,0.373470,0.403805,0.017300,0.000000,0.180354,201.745193,-0.000000,1.000000
2014,12,5.000000,130.000000,7.500000,132.500000,2994.060000,18.291217,4.603448,0.000000,22.894665,29.264944,0.457363,23.330755,0.325651,130.804299,0.036633,0.007804,0.086617,199.611389,-0.000000,1.000000
2014,12,5.000000,135.000000,7.500000,137.500000,2503.000000,6.721534,12.071914,0.000000,18.793448,29.294395,0.475099,24.947164,0.330892,130.008913,0.040387,0.006954,0.085013,199.211411,-0.000000,1.000000
2014,12,5.000000,140.000000,7.500000,142.500000,1265.220000,1.353915,32.307425,0.000000,33.661340,29.254418,0.482759,26.907705,0.389768,0.368259,0.051771,0.000000,0.083456,198.991226,-0.000000,1.000000
2014,12,5.000000,145.000000,7.500000,147.500000,3275.950000,3.598040,34.335994,0.058609,37.992643,29.277397,0.505042,30.312638,0.340120,0.764673,0.048547,0.000556,0.085880,199.163986,-0.000000,1.000000
2014,12,5.000000,155.000000,7.500000,157.500000,1277.840000,5.420866,28.107588,0.061823,33.590277,29.311059,0.534962,36.320719,0.276332,124.495039,0.043922,0.003336,0.081731,198.930161,-0.000000,1.000000
2014,12,5.000000,160.000000,7.500000,162.500000,1916.120000,8.617414,24.423314,3.122978,36.163706,29.270329,0.529423,36.968005,0.287047,0.601612,0.057873,0.000000,0.080347,198.880936,-0.000000,1.000000
2014,12,5.000000,165.000000,7.500000,167.500000,6571.580000,13.651055,18.196081,1.630354,33.477489,29.211361,0.492690,36.568482,0.258711,131.289347,0.049401,0.041643,0.079939,199.280716,-0.000000,1.000000
2014,12,5.000000,170.000000,7.500000,172.500000,4658.030000,22.222914,17.252572,1.428072,40.903558,29.076927,0.468600,34.834841,0.318798,131.150454,0.072588,0.031505,0.081498,199.529617,-0.000000,1.000000
2014,12,5.000000,175.000000,7.500000,177.500000,2757.570000,12.936752,13.276182,0.228462,26.441396,29.096841,0.488162,38.697981,0.305654,0.584556,0.072954,0.000000,0.091749,199.858810,-0.000000,1.000000
2014,12,-5.000000,120.000000,-2.500000,122.500000,21729.790000,21.800349,5.517771,0.000000,27.318120,30.041392,0.612183,12.234307,0.177122,138.501656,0.026916,0.224498,0.123263,200.537292,-0.000000,1.000000
2014,12,-5.000000,125.000000,-2.500000,127.500000,32594.690000,21.800330,5.517770,0.000000,27.318100,29.888126,0.600541,13.771124,0.215750,134.818163,0.014768,0.138390,0.104336,200.065628,-0.000000,1.000000
2014,12,-5.000000,130.000000,-2.500000,132.500000,10864.900000,21.800293,5.517768,0.000000,27.318061,30.016884,0.629110,12.871501,0.198506,139.686315,0.017984,0.261895,0.126417,199.325607,-0.000000,1.000000
2014,12,-5.000000,155.000000,-2.500000,157.500000,1119.740000,8.294783,4.742172,10.473860,23.510815,30.698291,0.744686,17.097784,0.184111,0.621253,0.018436,0.000000,0.111658,198.735825,-0.000000,1.000000
2014,12,-5.000000,-155.000000,-2.500000,-152.500000,11999.350000,2.375295,33.076292,0.060087,35.511674,,,,,,,,,,-0.000000,1.000000
2014,12,-5.000000,160.000000,-2.500000,162.500000,14251.020000,13.565204,13.403041,1.098939,28.067184,30.828047,0.741120,18.015374,0.179863,0.200066,0.017275,0.000000,0.102701,198.999878,-0.000000,1.000000
2014,12,-5.000000,-160.000000,-2.500000,-157.500000,10176.300000,2.960015,24.223539,0.128337,27.311891,,,,,,,,,,-0.000000,1.000000
2014,12,-5.000000,165.000000,-2.500000,167.500000,6456.060000,11.475885,11.676781,0.249068,23.401734,30.668459,0.725141,18.189456,0.196954,0.248051,0.019855,0.000000,0.127860,200.787872,-0.000000,1.000000
2014,12,-5.000000,-165.000000,-2.500000,-162.500000,3137.000000,3.353841,34.519286,0.209755,38.082882,,,,,,,,,,-0.000000,1.000000
2014,12,-5.000000,170.000000,-2.500000,172.500000,2928.980000,8.979235,13.741302,4.318568,27.039106,30.341608,0.706458,20.484190,0.254610,134.208064,0.024138,0.009755,0.153611,202.365463,-0.000000,1.000000
2014,12,-5.000000,-170.000000,-2.500000,-167.500000,5513.460000,4.974372,27.684793,0.202051,32.861216,,,,,,,,,,-0.000000,1.000000
2014,12,-5.000000,175.000000,-2.500000,177.500000,3433.690000,10.362322,40.987393,0.671581,52.021295,30.078818,0.696369,19.373826,0.308872,94.939699,0.025952,0.001668,0.146113,202.687286,-0.000000,1.000000
2014,12,-5.000000,-175.000000,-2.500000,-172.500000,8869.430000,27.177507,26.200669,0.308363,53.686539,,,,,,,,,,-0.000000,1.000000
2014,12,-5.000000,-180.000000,-2.500000,-177.500000,6775.420000,16.042696,21.385981,0.449123,37.877799,,,,,,,,,,-0.000000,1.000000
2014,12,10.000000,110.000000,12.500000,112.500000,11181.380000,21.618888,4.378529,0.000000,25.997417,27.598384,0.664507,28.821088,0.221042,1.381807,0.032935,0.056389,0.084644,205.359985,-0.000000,1.000000
2014,12,10.000000,115.000000,12.500000,117.500000,11181.380000,21.618888,4.378529,0.000000,25.997417,28.510205,0.729630,27.141773,0.145046,129.213630,0.036367,0.041998,0.082083,202.328018,-0.000000,1.000000
2014,12,10.000000,170.000000,12.500000,172.500000,2423.130000,14.780883,36.259714,0.362341,51.402938,28.429934,0.643321,47.640040,0.275074,57.499412,0.099074,0.003056,0.061945,200.948792,-0.000000,1.000000
2014,12,10.000000,-175.000000,12.500000,-172.500000,2508.940000,5.151977,33.721014,3.841064,42.714055,,,,,,,,,,-0.000000,1.000000
2014,12,-10.000000,-135.000000,-7.500000,-132.500000,1653.990000,1.691667,25.524338,0.000000,27.216005,,,,,,,,,,-0.000000,1.000000
2014,12,-10.000000,-140.000000,-7.500000,-137.500000,5182.100000,1.793288,17.086895,0.269003,19.149187,,,,,,,,,,-0.000000,1.000000
2014,12,-10.000000,-145.000000,-7.500000,-142.500000,1813.500000,2.983733,24.389854,0.100358,27.473945,,,,,,,,,,-0.000000,1.000000
2014,12,-10.000000,-150.000000,-7.500000,-147.500000,6498.880000,2.913425,24.436364,0.156335,27.506124,,,,,,,,,,-0.000000,1.000000
2014,12,-10.000000,155.000000,-7.500000,157.500000,7148.240000,22.206725,3.117691,0.008673,25.333089,30.655470,0.771885,13.539732,0.138899,138.930437,0.034168,0.119203,0.124981,198.470764,-0.000000,1.000000
2014,12,-10.000000,-155.000000,-7.500000,-152.500000,5537.070000,5.861945,16.813044,0.619461,23.294450,,,,,,,,,,-0.000000,1.000000
2014,12,-10.000000,160.000000,-7.500000,162.500000,10253.680000,15.678956,4.856403,0.482363,21.017722,30.625472,0.810219,14.618698,0.161579,136.959479,0.027562,0.043106,0.107771,198.159012,-0.000000,1.000000
2014,12,-10.000000,-160.000000,-7.500000,-157.500000,1941.010000,6.242626,19.360024,0.394640,25.997290,,,,,,,,,,-0.000000,1.000000
2014,12,-10.000000,165.000000,-7.500000,167.500000,13000.480000,12.632687,6.769904,3.050657,22.453248,30.485811,0.786461,15.204788,0.108992,0.677470,0.020301,0.000000,0.104393,198.277786,-0.000000,1.000000
2014,12,-10.000000,170.000000,-7.500000,172.500000,4966.560000,6.979076,7.648956,3.570278,18.198310,30.352543,0.777415,18.262192,0.082216,0.562453,0.016596,0.000000,0.102713,198.497711,-0.000000,1.000000
2014,12,-10.000000,-170.000000,-7.500000,-167.500000,1113.970000,8.912269,6.178802,2.497374,17.588445,,,,,,,,,,-0.000000,1.000000
2014,12,-10.000000,175.000000,-7.500000,177.500000,1905.700000,13.186756,10.334260,4.507530,28.028546,30.332786,0.769517,18.849674,0.076620,0.366881,0.018871,0.000000,0.116368,198.773285,-0.000000,1.000000
2014,12,-10.000000,-175.000000,-7.500000,-172.500000,1377.780000,37.974132,14.587960,1.356530,53.918623,,,,,,,,,,-0.000000,1.000000
2014,12,15.000000,110.000000,17.500000,112.500000,11181.380000,21.618888,4.378529,0.000000,25.997417,25.771279,0.704449,52.678277,0.222910,106.854666,0.072206,0.233920,0.159032,209.954132,-0.000000,1.000000
2014,12,15.000000,115.000000,17.500000,117.500000,13118.290000,20.087146,3.908436,0.187524,24.183106,26.181945,0.564513,32.866949,0.204041,124.013172,0.065965,0.395265,0.092338,207.452988,-0.000000,1.000000
2014,12,15.000000,125.000000,17.500000,127.500000,1253.290000,0.485123,1.922141,1.839957,4.247221,27.355704,0.864583,53.133406,0.257644,1.933623,0.063744,0.156667,0.078683,202.894577,-0.000000,1.000000
2014,12,15.000000,130.000000,17.500000,132.500000,1966.910000,4.519271,10.852556,26.944293,42.316120,27.978604,0.944383,62.380048,0.186623,2.239873,0.059483,0.136389,0.082734,201.512741,-0.000000,1.000000
2014,12,15.000000,-155.000000,17.500000,-152.500000,4197.540000,0.595587,11.354984,0.000000,11.950571,,,,,,,,,,-0.000000,1.000000
2014,12,15.000000,160.000000,17.500000,162.500000,4416.410000,2.934963,3.627381,3.352497,9.914840,28.192054,0.853428,59.537715,0.130763,0.876607,0.050431,0.006389,0.062462,200.955200,-0.000000,1.000000
2014,12,15.000000,-160.000000,17.500000,-157.500000,3449.640000,3.049594,14.342076,0.154799,17.546469,,,,,,,,,,-0.000000,1.000000
2014,12,15.000000,-165.000000,17.500000,-162.500000,10851.760000,4.212865,15.883506,2.252814,22.349186,,,,,,,,,,-0.000000,1.000000
2014,12,15.000000,170.000000,17.500000,172.500000,2258.160000,2.274861,8.425887,1.395384,12.096131,28.059046,0.837222,64.131641,0.173715,0.791723,0.072118,0.004167,0.054419,201.191193,-0.000000,1.000000
2014,12,15.000000,175.000000,17.500000,177.500000,2233.140000,6.716999,8.380576,5.093725,20.191300,27.782089,0.775146,59.709594,0.165370,1.913313,0.045078,0.055000,0.053023,201.737427,-0.000000,1.000000
2014,12,15.000000,-180.000000,17.500000,-177.500000,2190.000000,5.662100,0.091324,6.621005,12.374429,,,,,,,,,,-0.000000,1.000000
2014,12,-15.000000,-135.000000,-12.500000,-132.500000,7632.730000,2.480764,32.561744,6.098997,41.141505,,,,,,,,,,-0.000000,1.000000
2014,12,-15.000000,-140.000000,-12.500000,-137.500000,2059.000000,1.407965,31.673142,0.568237,33.649344,,,,,,,,,,-0.000000,1.000000
2014,12,-15.000000,145.000000,-12.500000,147.500000,3972.080000,53.190520,0.000000,2.434996,55.625516,28.819513,0.676179,13.571579,0.157980,133.057524,0.044277,0.086503,0.102547,201.441269,-0.000000,1.000000
2014,12,-15.000000,-145.000000,-12.500000,-142.500000,5010.080000,3.842454,21.480695,5.401910,30.725058,,,,,,,,,,-0.000000,1.000000
2014,12,-15.000000,155.000000,-12.500000,157.500000,8580.480000,4.342764,0.924890,24.334070,29.601724,29.406183,0.742806,13.750793,0.154706,0.882372,0.045011,0.001667,0.097747,199.840378,-0.000000,1.000000
2014,12,-15.000000,160.000000,-12.500000,162.500000,18464.980000,3.136803,1.540809,27.786599,32.464211,29.412071,0.742003,12.625114,0.130879,133.897707,0.033663,0.024740,0.092309,199.829117,-0.000000,1.000000
2014,12,-15.000000,165.000000,-12.500000,167.500000,2267.100000,6.834282,3.059415,20.546954,30.440651,29.600578,0.724048,12.905317,0.125089,130.060030,0.032261,0.017309,0.084136,199.419235,-0.000000,1.000000
2014,12,-15.000000,170.000000,-12.500000,172.500000,4818.510000,3.813420,3.016285,17.322782,24.152487,29.642792,0.749606,15.815413,0.105261,0.758757,0.025398,0.001111,0.072851,198.636368,-0.000000,1.000000
2014,12,-15.000000,-170.000000,-12.500000,-167.500000,5279.690000,0.629772,1.648960,19.127828,21.406560,,,,,,,,,,-0.000000,1.000000
2014,12,-15.000000,175.000000,-12.500000,177.500000,3521.690000,7.668193,3.345837,13.687463,24.701493,29.474190,0.751736,19.489587,0.088282,0.835952,0.014259,0.003611,0.074442,198.184799,-0.000000,1.000000
2014,12,-15.000000,-175.000000,-12.500000,-172.500000,4899.060000,2.226754,2.594375,18.777888,23.599017,,,,,,,,,,-0.000000,1.000000
2014,12,20.000000,120.000000,22.500000,122.500000,1872.260000,4.284661,3.095724,2.251290,9.631675,24.781826,0.879486,69.505045,0.340151,112.374120,0.148125,0.293396,0.215385,210.871414,-0.000000,1.000000
2014,12,20.000000,125.000000,22.500000,127.500000,1424.300000,0.860072,1.106508,5.093730,7.060310,25.007638,1.046842,83.693496,0.232906,80.262882,0.107995,0.350750,0.097168,212.530914,-0.000000,1.000000
2014,12,20.000000,130.000000,22.500000,132.500000,8505.970000,3.772409,14.414699,41.224105,59.411214,24.952497,0.961106,70.970543,0.145020,2.926130,0.072908,0.201389,0.074436,211.132690,-0.000000,1.000000
2014,12,20.000000,135.000000,22.500000,137.500000,4095.870000,1.428024,7.942391,25.464431,34.834846,25.392112,0.919111,56.977509,0.201380,4.583104,0.094897,0.394167,0.070347,209.018417,-0.000000,1.000000
2014,12,20.000000,140.000000,22.500000,142.500000,1327.290000,5.073496,5.297260,26.029730,36.400485,26.856098,0.966379,52.240670,0.179926,49.375885,0.068099,0.322867,0.069588,205.995804,-0.000000,1.000000
2014,12,20.000000,145.000000,22.500000,147.500000,5828.470000,7.563906,5.150580,14.614127,27.328613,27.353551,1.053288,56.194328,0.171232,3.614183,0.087701,0.190278,0.070044,204.458282,-0.000000,1.000000
2014,12,20.000000,150.000000,22.500000,152.500000,4020.700000,7.916532,5.389857,8.376651,21.683040,26.940377,0.929971,48.423848,0.140233,2.119241,0.076727,0.174722,0.070134,204.327576,-0.000000,1.000000
2014,12,20.000000,155.000000,22.500000,157.500000,1334.550000,6.125660,6.620209,9.385186,22.131055,27.051081,0.931832,55.520038,0.150122,2.957511,0.070429,0.161389,0.066066,204.759995,-0.000000,1.000000
2014,12,20.000000,-155.000000,22.500000,-152.500000,14259.370000,0.351558,9.062672,0.002805,9.417036,,,,,,,,,,-0.000000,1.000000
2014,12,20.000000,-160.000000,22.500000,-157.500000,17559.290000,0.420689,8.767553,0.012073,9.200315,,,,,,,,,,-0.000000,1.000000
2014,12,20.000000,-165.000000,22.500000,-162.500000,6254.270000,1.057038,9.206990,0.191709,10.455737,,,,,,,,,,-0.000000,1.000000
2014,12,20.000000,-170.000000,22.500000,-167.500000,5495.480000,0.790286,9.111306,0.152125,10.053717,,,,,,,,,,-0.000000,1.000000
2014,12,20.000000,175.000000,22.500000,177.500000,1026.000000,8.040936,1.202729,5.789474,15.033138,26.365557,0.693422,49.820282,0.187379,1.727283,0.093085,0.197222,0.057917,205.727722,-0.000000,1.000000
2014,12,-20.000000,-135.000000,-17.500000,-132.500000,10812.750000,0.419967,0.510693,20.942498,21.873159,,,,,,,,,,-0.000000,1.000000
2014,12,-20.000000,-145.000000,-17.500000,-142.500000,2607.490000,1.501827,2.373930,20.320692,24.196449,,,,,,,,,,-0.000000,1.000000
2014,12,-20.000000,-150.000000,-17.500000,-147.500000,5408.900000,0.883729,1.358317,13.144077,15.386123,,,,,,,,,,-0.000000,1.000000
2014,12,-20.000000,155.000000,-17.500000,157.500000,4145.430000,3.895374,1.083603,30.774853,35.753830,27.973639,0.764584,14.335392,0.155036,1.295101,0.055393,0.093333,0.098148,204.879333,-0.000000,1.000000
2014,12,-20.000000,-155.000000,-17.500000,-152.500000,3165.230000,0.462526,0.857442,14.894968,16.214935,,,,,,,,,,-0.000000,1.000000
2014,12,-20.000000,160.000000,-17.500000,162.500000,10351.600000,2.794640,1.132096,33.538680,37.465416,28.047509,0.769942,13.892918,0.131565,54.547338,0.034651,0.127813,0.096116,204.908951,-0.000000,1.000000
2014,12,-20.000000,165.000000,-17.500000,167.500000,12188.460000,3.350957,1.663459,16.990333,22.004749,27.943134,0.734432,13.187738,0.133213,130.059374,0.031269,0.089946,0.099296,204.540848,-0.000000,1.000000
2014,12,-20.000000,170.000000,-17.500000,172.500000,7380.110000,1.272203,0.855678,24.463457,26.591338,27.841014,0.746434,15.263833,0.152091,1.838270,0.048661,0.154722,0.083957,203.589157,-0.000000,1.000000
2014,12,-20.000000,175.000000,-17.500000,177.500000,9187.290000,6.536095,1.832858,16.849256,25.218209,27.816061,0.754846,19.483089,0.132899,127.868968,0.026481,0.174449,0.085350,203.548523,-0.000000,1.000000
2014,12,-20.000000,-175.000000,-17.500000,-172.500000,1775.690000,2.627148,0.056316,11.737972,14.421436,,,,,,,,,,-0.000000,1.000000
2014,12,-20.000000,-180.000000,-17.500000,-177.500000,4071.390000,10.467678,1.301767,9.255316,21.024761,,,,,,,,,,-0.000000,1.000000
2014,12,25.000000,130.000000,27.500000,132.500000,7199.940000,1.187232,6.557694,35.927938,43.672864,23.155463,1.082722,96.001619,0.200821,46.718406,0.127166,0.230342,0.153791,218.341843,-0.000000,1.000000
2014,12,25.000000,135.000000,27.500000,137.500000,12967.880000,0.504015,3.668063,24.576955,28.749032,22.482573,0.955327,74.363226,0.160492,3.590720,0.104037,0.205278,0.209510,217.376419,-0.000000,1.000000
2014,12,25.000000,140.000000,27.500000,142.500000,2872.640000,0.460552,5.611563,30.531149,36.603264,22.979339,0.999971,68.671653,0.125585,45.198066,0.090052,0.274521,0.131154,217.765366,-0.000000,1.000000
2014,12,25.000000,145.000000,27.500000,147.500000,10333.030000,0.409077,2.572624,9.096944,12.078645,23.715468,0.945441,61.121880,0.127887,4.572372,0.077825,0.516389,0.063675,216.918106,-0.000000,1.000000
2014,12,25.000000,150.000000,27.500000,152.500000,2792.910000,0.447562,3.548628,9.464680,13.460871,23.543734,0.930550,56.810081,0.150866,5.570950,0.070971,0.555833,0.056789,216.040726,-0.000000,1.000000
2014,12,25.000000,155.000000,27.500000,157.500000,3642.010000,0.741623,2.473909,3.320968,6.536500,23.985848,0.929402,65.109844,0.119222,4.302747,0.064850,0.605833,0.054259,216.502182,-0.000000,1.000000
2014,12,25.000000,-160.000000,27.500000,-157.500000,3747.200000,0.320506,8.882632,0.005871,9.209009,,,,,,,,,,-0.000000,1.000000
2014,12,25.000000,-165.000000,27.500000,-162.500000,2662.710000,0.359408,14.488247,0.117174,14.964829,,,,,,,,,,-0.000000,1.000000
2014,12,25.000000,-170.000000,27.500000,-167.500000,2137.490000,1.163514,18.917983,5.312773,25.394271,,,,,,,,,,-0.000000,1.000000
2014,12,-25.000000,-150.000000,-22.500000,-147.500000,1397.380000,0.520975,0.979691,29.632598,31.133264,,,,,,,,,,-0.000000,1.000000
2014,12,-25.000000,160.000000,-22.500000,162.500000,1028.850000,4.402974,0.191476,108.007970,112.602420,26.023268,0.685029,12.924757,0.207279,124.134953,0.079025,0.239797,0.090737,210.259369,-0.000000,1.000000
2014,12,-25.000000,165.000000,-22.500000,167.500000,2064.280000,4.445618,0.868584,28.772744,34.086946,25.761267,0.670756,15.154094,0.197075,121.589418,0.103349,0.333430,0.090136,211.075119,-0.000000,1.000000
2014,12,-25.000000,170.000000,-22.500000,172.500000,1593.460000,0.942603,0.537823,24.478807,25.959233,25.382706,0.642199,17.277673,0.221705,1.977194,0.091179,0.201111,0.081132,211.800705,-0.000000,1.000000
2014,12,-25.000000,175.000000,-22.500000,177.500000,5244.890000,2.365922,1.260465,21.879391,25.505778,25.554909,0.711450,22.260414,0.207798,2.721967,0.099240,0.180000,0.078919,212.437210,-0.000000,1.000000
2014,12,-25.000000,-175.000000,-22.500000,-172.500000,2702.190000,9.030453,0.796021,8.018681,17.845155,,,,,,,,,,-0.000000,1.000000
2014,12,-25.000000,-180.000000,-22.500000,-177.500000,1507.710000,5.538864,0.770042,14.277945,20.586850,,,,,,,,,,-0.000000,1.000000
2014,12,30.000000,130.000000,32.500000,132.500000,2140.390000,3.031690,7.570583,25.008526,35.610800,20.553424,0.613898,76.358843,0.370626,97.664102,0.327108,0.715222,0.661438,224.091293,-0.000000,1.000000
2014,12,30.000000,135.000000,32.500000,137.500000,9250.000000,0.339135,7.489189,35.716865,43.545189,20.795837,0.989013,97.224686,0.433457,94.758649,0.388121,0.614399,0.522018,218.820786,-0.000000,1.000000
2014,12,30.000000,140.000000,32.500000,142.500000,10578.810000,0.097837,5.793752,21.977992,27.869581,20.690911,0.942480,98.650069,0.264787,29.342602,0.180323,0.305556,0.401506,225.936829,-0.000000,1.000000
2014,12,30.000000,145.000000,32.500000,147.500000,3317.000000,0.092855,3.535725,21.168526,24.797106,20.632235,1.018653,89.717132,0.244812,3.464034,0.136940,0.236389,0.276386,230.462616,-0.000000,1.000000
2014,12,30.000000,-155.000000,32.500000,-152.500000,3046.010000,0.524292,10.516380,41.156135,52.196808,,,,,,,,,,-0.000000,1.000000
2014,12,30.000000,160.000000,32.500000,162.500000,3967.870000,0.120216,11.045221,47.250036,58.415472,20.511073,0.861768,86.058895,0.239711,2.944652,0.226330,0.353056,0.184670,235.892578,-0.000000,1.000000
2014,12,30.000000,-160.000000,32.500000,-157.500000,2756.040000,0.334901,4.702762,27.715853,32.753516,,,,,,,,,,-0.000000,1.000000
2014,12,30.000000,165.000000,32.500000,167.500000,1119.000000,0.230563,20.314567,63.850760,84.395889,19.866493,0.725302,75.776022,0.253603,2.901603,0.216171,0.407778,0.176073,237.422440,-0.000000,1.000000
2014,12,30.000000,-165.000000,32.500000,-162.500000,4302.910000,0.207534,5.587614,26.951761,32.746908,,,,,,,,,,-0.000000,1.000000
2014,12,30.000000,170.000000,32.500000,172.500000,6218.120000,0.667404,11.820775,47.820885,60.309064,19.877029,0.734485,75.364573,0.208682,4.345542,0.166124,0.471111,0.142235,237.042892,-0.000000,1.000000
2014,12,30.000000,-170.000000,32.500000,-167.500000,7866.690000,0.838218,18.031726,28.229916,47.099860,,,,,,,,,,-0.000000,1.000000
2014,12,30.000000,175.000000,32.500000,177.500000,2244.810000,2.938333,17.753841,51.937580,72.629755,19.548073,0.620292,73.664437,0.258350,4.818486,0.147236,0.513611,0.120596,237.122910,-0.000000,1.000000
2014,12,30.000000,-175.000000,32.500000,-172.500000,2225.790000,3.320169,16.172685,36.474690,55.967544,,,,,,,,,,-0.000000,1.000000
2014,12,30.000000,-180.000000,32.500000,-177.500000,1286.010000,1.984432,13.601760,61.790344,77.376537,,,,,,,,,,-0.000000,1.000000
2014,12,-30.000000,155.000000,-27.500000,157.500000,1210.920000,3.422191,1.664024,0.713507,5.799723,24.608663,0.669120,15.405405,0.206649,2.092904,0.079729,0.240000,0.079405,215.838470,-0.000000,1.000000
2014,12,35.000000,140.000000,37.500000,142.500000,6231.110000,0.091476,9.054246,15.541533,24.687255,15.990584,0.306696,78.567603,0.400035,80.588128,0.397223,0.811368,0.491982,222.408859,-0.000000,1.000000
2014,12,35.000000,150.000000,37.500000,152.500000,2145.210000,0.000000,0.202777,1.467455,1.670233,16.947760,0.339273,82.559524,0.348470,10.650574,0.327405,0.718333,0.398618,231.611862,-0.000000,1.000000
2014,12,40.000000,150.000000,42.500000,152.500000,2150.200000,0.000000,0.000000,0.052088,0.052088,8.374452,-0.096777,63.956117,0.145853,12.813609,0.174050,0.747778,0.398492,266.798401,-0.000000,1.000000
