year,month,lat,lon,lat5c,lon5c,hhooks,cpue_yft,cpue_bet,cpue_alb,cpue_total,sst,ssh,mld,current_speed,sst_gradient_max,ssh_variance,front_strength,chl,do_surface,season_sin,season_cos
2015,1,0.000000,120.000000,2.500000,122.500000,11587.860000,20.936825,4.058126,0.000000,24.994952,29.064714,0.662198,12.698997,0.342563,130.955643,0.036400,0.059901,0.106293,201.227432,0.500000,0.866025
2015,1,0.000000,125.000000,2.500000,127.500000,15450.490000,20.936747,4.058124,0.000000,24.994871,28.760535,0.585159,15.879042,0.454999,134.364140,0.069506,0.153962,0.101526,200.842026,0.500000,0.866025
2015,1,0.000000,130.000000,2.500000,132.500000,5869.780000,21.196706,3.061103,0.000000,24.257809,29.256220,0.622650,17.608095,0.284851,117.264717,0.028545,0.005279,0.103235,200.626755,0.500000,0.866025
2015,1,0.000000,135.000000,2.500000,137.500000,5441.290000,21.338139,5.872321,0.019113,27.229572,29.580798,0.645232,16.075498,0.281400,0.563330,0.025016,0.000000,0.097515,201.320755,0.500000,0.866025
2015,1,0.000000,140.000000,2.500000,142.500000,23685.650000,8.493497,10.248822,0.417552,19.159871,29.788398,0.674018,17.390931,0.230700,0.422023,0.016294,0.000000,0.097125,200.091125,0.500000,0.866025
2015,1,0.000000,145.000000,2.500000,147.500000,8397.900000,22.948356,12.578502,0.992867,36.519725,29.828796,0.693066,20.335459,0.180306,0.336958,0.017665,0.000000,0.097471,199.587891,0.500000,0.866025
2015,1,0.000000,150.000000,2.500000,152.500000,3361.240000,9.336733,32.696862,0.383787,42.417382,29.891983,0.714175,23.234166,0.199794,0.453541,0.008998,0.000000,0.087460,199.378052,0.500000,0.866025
2015,1,0.000000,155.000000,2.500000,157.500000,8725.710000,7.206634,10.241230,0.867666,18.315530,29.861148,0.726632,22.511683,0.218716,0.443573,0.010344,0.000000,0.084174,198.665588,0.500000,0.866025
2015,1,0.000000,-155.000000,2.500000,-152.500000,11965.610000,2.153171,24.496536,0.077890,26.727597,,,,,,,,,,0.500000,0.866025
2015,1,0.000000,160.000000,2.500000,162.500000,6054.670000,12.891867,5.998345,2.872163,21.762375,29.962312,0.737024,25.661999,0.207336,0.625376,0.010237,0.000000,0.087773,198.571075,0.500000,0.866025
2015,1,0.000000,-160.000000,2.500000,-157.500000,17439.850000,3.348251,31.415637,0.102008,34.865896,,,,,,,,,,0.500000,0.866025
2015,1,0.000000,165.000000,2.500000,167.500000,6063.800000,9.898249,14.401036,1.045054,25.344339,29.904901,0.723602,25.211276,0.203088,92.685959,0.009561,0.002779,0.133611,199.240311,0.500000,0.866025
2015,1,0.000000,-165.000000,2.500000,-162.500000,6197.300000,3.912510,30.505865,0.241234,34.659610,,,,,,,,,,0.500000,0.866025
2015,1,0.000000,170.000000,2.500000,172.500000,9270.910000,13.819463,21.982416,1.642989,37.444868,29.549861,0.702523,29.688430,0.296731,131.209092,0.008065,0.019537,0.234745,200.077255,0.500000,0.866025
2015,1,0.000000,-170.000000,2.500000,-167.500000,5976.950000,1.313546,17.497553,0.159111,18.970211,,,,,,,,,,0.500000,0.866025
2015,1,0.000000,175.000000,2.500000,177.500000,18674.490000,15.320151,32.537006,0.421163,48.278320,29.260966,0.687243,26.288900,0.308284,0.446194,0.011876,0.000000,0.173873,199.774719,0.500000,0.866025
2015,1,0.000000,-175.000000,2.500000,-172.500000,3760.250000,8.201848,35.489396,0.107706,43.798950,,,,,,,,,,0.500000,0.866025
2015,1,0.000000,-180.000000,2.500000,-177.500000,2262.500000,6.033149,16.303204,0.446851,22.783204,,,,,,,,,,0.500000,0.866025
2015,1,5.000000,135.000000,7.500000,137.500000,1422.150000,5.526843,5.211124,0.000000,10.737967,28.878823,0.459490,21.876339,0.410914,128.523106,0.066237,0.006954,0.088217,200.418701,0.500000,0.866025
2015,1,5.000000,140.000000,7.500000,142.500000,2182.400000,9.955554,40.835777,0.000000,50.791331,28.987275,0.480658,24.975714,0.376276,0.438896,0.059641,0.000000,0.085111,199.799210,0.500000,0.866025
2015,1,5.000000,145.000000,7.500000,147.500000,1010.690000,9.759669,40.045909,0.000000,49.805578,29.069048,0.546721,33.179895,0.290420,1.201841,0.051123,0.003056,0.084025,199.510712,0.500000,0.866025
2015,1,5.000000,155.000000,7.500000,157.500000,2251.830000,13.093351,26.427839,0.188291,39.709481,28.885806,0.598179,43.573892,0.252739,123.142315,0.056060,0.005004,0.078782,199.384659,0.500000,0.866025
2015,1,5.000000,-155.000000,7.500000,-152.500000,1426.180000,1.215835,20.958785,0.209651,22.384271,,,,,,,,,,0.500000,0.866025
2015,1,5.000000,160.000000,7.500000,162.500000,2332.630000,10.616772,20.094914,0.378114,31.089800,28.754346,0.578600,48.554697,0.255035,0.618068,0.064567,0.000000,0.077874,199.521820,0.500000,0.866025
2015,1,5.000000,-160.000000,7.500000,-157.500000,1913.850000,2.294851,27.251874,0.844894,30.391619,,,,,,,,,,0.500000,0.866025
2015,1,5.000000,165.000000,7.500000,167.500000,6392.640000,10.997491,13.097406,0.306759,24.401656,28.665661,0.576046,50.166812,0.217538,129.529037,0.059293,0.048725,0.077417,199.935760,0.500000,0.866025
2015,1,5.000000,170.000000,7.500000,172.500000,6619.050000,25.938919,25.123092,0.411388,51.473399,28.586948,0.552449,46.338131,0.224807,129.706575,0.070065,0.042194,0.090836,200.275604,0.500000,0.866025
2015,1,5.000000,175.000000,7.500000,177.500000,4661.300000,6.293094,15.549096,0.173771,22.015961,28.558328,0.568369,50.429678,0.158037,0.849206,0.049425,0.007778,0.103041,200.589508,0.500000,0.866025
2015,1,-5.000000,120.000000,-2.500000,122.500000,15450.490000,20.936747,4.058124,0.000000,24.994871,29.655516,0.668917,14.453027,0.161176,135.741571,0.026446,0.220884,0.111796,199.438858,0.500000,0.866025
2015,1,-5.000000,125.000000,-2.500000,127.500000,23175.730000,20.936773,4.058125,0.000000,24.994898,29.362034,0.651099,21.046954,0.240410,133.043763,0.009609,0.151393,0.094197,199.122772,0.500000,0.866025
2015,1,-5.000000,130.000000,-2.500000,132.500000,7725.240000,20.936825,4.058126,0.000000,24.994952,29.518911,0.666747,23.139143,0.185721,133.791057,0.024516,0.201903,0.131430,198.640564,0.500000,0.866025
2015,1,-5.000000,155.000000,-2.500000,157.500000,1404.240000,15.279439,1.532502,4.495670,21.307611,30.083515,0.731412,27.007441,0.108851,0.606770,0.010145,0.000000,0.234833,198.514038,0.500000,0.866025
2015,1,-5.000000,-155.000000,-2.500000,-152.500000,4025.330000,2.294470,24.245217,0.009192,26.548879,,,,,,,,,,0.500000,0.866025
2015,1,-5.000000,160.000000,-2.500000,162.500000,13449.570000,9.606850,13.008966,3.862131,26.477947,30.389313,0.750758,24.633821,0.144775,0.424818,0.010683,0.000000,0.133017,198.900665,0.500000,0.866025
2015,1,-5.000000,-160.000000,-2.500000,-157.500000,3949.470000,4.473005,22.346290,0.174201,26.993495,,,,,,,,,,0.500000,0.866025
2015,1,-5.000000,165.000000,-2.500000,167.500000,3817.680000,10.960060,10.695239,2.688544,24.343842,30.578964,0.760313,21.060782,0.199270,0.391004,0.025886,0.000000,0.133469,199.519958,0.500000,0.866025
2015,1,-5.000000,-165.000000,-2.500000,-162.500000,2586.600000,6.055826,17.077631,0.135313,23.268770,,,,,,,,,,0.500000,0.866025
2015,1,-5.000000,170.000000,-2.500000,172.500000,10307.950000,6.160585,17.315373,2.412313,25.888271,30.358255,0.748210,24.781192,0.360452,134.215774,0.041815,0.015886,0.148236,201.939987,0.500000,0.866025
2015,1,-5.000000,-170.000000,-2.500000,-167.500000,4284.370000,4.516883,25.693392,0.345442,30.555718,,,,,,,,,,0.500000,0.866025
2015,1,-5.000000,175.000000,-2.500000,177.500000,2224.200000,8.079759,17.024099,1.493571,26.597428,30.054387,0.735205,24.463962,0.427276,94.904471,0.043127,0.001668,0.142957,202.551697,0.500000,0.866025
2015,1,10.000000,110.000000,12.500000,112.500000,16973.200000,18.530448,3.804998,0.000000,22.335446,26.392992,0.644648,33.398653,0.176236,1.856173,0.032573,0.183333,0.091639,208.883789,0.500000,0.866025
2015,1,10.000000,115.000000,12.500000,117.500000,16973.200000,18.530448,3.804998,0.000000,22.335446,27.238528,0.699329,28.190868,0.155796,123.074834,0.040685,0.143871,0.091217,206.008774,0.500000,0.866025
2015,1,10.000000,130.000000,12.500000,132.500000,1100.990000,1.440522,7.546844,0.018165,9.005531,28.374847,0.694159,40.582202,0.286396,0.320314,0.098122,0.000000,0.076855,200.958374,0.500000,0.866025
2015,1,10.000000,140.000000,12.500000,142.500000,2517.750000,11.989276,5.379803,40.926224,58.295303,28.563123,0.733234,37.949310,0.275890,89.931181,0.097324,0.004174,0.080779,200.571503,0.500000,0.866025
2015,1,10.000000,155.000000,12.500000,157.500000,1394.930000,21.406092,8.459923,4.131390,33.997405,28.202099,0.732712,50.625632,0.222396,0.238772,0.074427,0.000000,0.076462,201.480591,0.500000,0.866025
2015,1,10.000000,-165.000000,12.500000,-162.500000,2240.200000,2.173020,18.603250,0.700384,21.476654,,,,,,,,,,0.500000,0.866025
2015,1,10.000000,170.000000,12.500000,172.500000,1940.020000,11.088030,29.910516,0.685044,41.683591,27.453560,0.659450,54.670024,0.237618,55.815442,0.068705,0.003056,0.066854,204.156952,0.500000,0.866025
2015,1,10.000000,-170.000000,12.500000,-167.500000,3796.610000,3.220768,25.860965,1.983612,31.065345,,,,,,,,,,0.500000,0.866025
2015,1,10.000000,-175.000000,12.500000,-172.500000,1785.090000,4.840652,26.781843,5.655177,37.277672,,,,,,,,,,0.500000,0.866025
2015,1,-10.000000,-135.000000,-7.500000,-132.500000,2144.770000,1.280790,14.079365,0.016319,15.376474,,,,,,,,,,0.500000,0.866025
2015,1,-10.000000,-140.000000,-7.500000,-137.500000,3227.210000,0.745226,8.994766,0.069720,9.809712,,,,,,,,,,0.500000,0.866025
2015,1,-10.000000,-150.000000,-7.500000,-147.500000,2308.020000,1.900763,11.891578,0.401210,14.193551,,,,,,,,,,0.500000,0.866025
2015,1,-10.000000,155.000000,-7.500000,157.500000,14251.980000,23.307498,4.524424,0.901278,28.733201,30.305305,0.741723,19.074024,0.144964,136.697349,0.030331,0.106124,0.166890,197.538040,0.500000,0.866025
2015,1,-10.000000,160.000000,-7.500000,162.500000,11937.120000,16.503730,4.979007,1.815346,23.298082,30.387657,0.770819,17.800054,0.143847,136.663272,0.025549,0.044819,0.104904,197.170059,0.500000,0.866025
2015,1,-10.000000,-160.000000,-7.500000,-157.500000,1464.770000,7.494009,13.851321,0.684749,22.030080,,,,,,,,,,0.500000,0.866025
2015,1,-10.000000,165.000000,-7.500000,167.500000,8738.640000,15.647744,4.205002,8.871976,28.724721,30.501495,0.805752,19.219117,0.114656,0.457909,0.017346,0.000000,0.099450,197.203812,0.500000,0.866025
2015,1,-10.000000,170.000000,-7.500000,172.500000,9781.020000,8.514961,8.365794,18.091467,34.972222,30.492660,0.815479,21.376649,0.099679,0.390448,0.017259,0.000000,0.099400,197.543472,0.500000,0.866025
2015,1,-10.000000,-170.000000,-7.500000,-167.500000,5395.630000,4.821865,18.325200,2.901051,26.048117,,,,,,,,,,0.500000,0.866025
2015,1,-10.000000,175.000000,-7.500000,177.500000,1800.570000,4.769045,8.316811,6.610684,19.696541,30.406460,0.807243,21.540092,0.106582,0.281674,0.017288,0.000000,0.108534,197.457260,0.500000,0.866025
2015,1,-10.000000,-175.000000,-7.500000,-172.500000,2090.460000,4.122059,3.896272,11.423323,19.441654,,,,,,,,,,0.500000,0.866025
2015,1,-10.000000,-180.000000,-7.500000,-177.500000,1187.050000,5.436165,6.222147,2.049619,13.707931,,,,,,,,,,0.500000,0.866025
2015,1,15.000000,110.000000,17.500000,112.500000,18130.020000,18.104999,3.633145,0.233646,21.971790,23.909633,0.631828,47.205543,0.167872,98.319219,0.055431,0.329968,0.171464,216.401688,0.500000,0.866025
2015,1,15.000000,115.000000,17.500000,117.500000,19566.140000,17.553641,3.337807,0.232851,21.124299,24.302734,0.481395,27.963032,0.216524,117.647693,0.079302,0.416435,0.107560,213.013321,0.500000,0.866025
2015,1,15.000000,120.000000,17.500000,122.500000,1359.990000,9.140508,3.691204,3.522085,16.353797,25.807500,0.761154,51.334455,0.300866,119.155899,0.120276,0.380690,0.153300,207.507950,0.500000,0.866025
2015,1,15.000000,125.000000,17.500000,127.500000,2155.060000,5.929301,5.024918,10.303193,21.257413,26.480217,0.898563,71.146914,0.200602,1.584742,0.053382,0.130833,0.094768,205.791977,0.500000,0.866025
2015,1,15.000000,130.000000,17.500000,132.500000,4526.560000,10.163568,6.807819,16.926761,33.898148,26.853201,0.910659,68.558818,0.193212,2.934979,0.060804,0.204167,0.098753,205.052719,0.500000,0.866025
2015,1,15.000000,135.000000,17.500000,137.500000,2978.440000,19.466231,9.268610,64.172856,92.907697,26.963697,0.902055,61.616492,0.148908,2.801307,0.049732,0.230278,0.090498,203.380920,0.500000,0.866025
2015,1,15.000000,150.000000,17.500000,152.500000,1922.470000,13.196045,6.247692,10.066737,29.510474,27.850548,0.942465,59.688655,0.151423,1.453188,0.045692,0.050556,0.071024,202.310287,0.500000,0.866025
2015,1,15.000000,155.000000,17.500000,157.500000,5325.760000,1.862833,2.897427,4.531935,9.292195,27.680325,0.908776,65.439910,0.120897,1.316368,0.039122,0.033333,0.064079,202.765213,0.500000,0.866025
2015,1,15.000000,-155.000000,17.500000,-152.500000,2469.550000,2.878662,22.174890,0.016197,25.069750,,,,,,,,,,0.500000,0.866025
2015,1,15.000000,-160.000000,17.500000,-157.500000,9278.690000,1.876558,18.333730,0.311035,20.521324,,,,,,,,,,0.500000,0.866025
2015,1,15.000000,-165.000000,17.500000,-162.500000,9369.930000,3.634926,16.977395,2.939296,23.551617,,,,,,,,,,0.500000,0.866025
2015,1,15.000000,175.000000,17.500000,177.500000,1643.200000,0.643866,1.004747,7.274221,8.922833,26.808369,0.802582,60.459501,0.133126,1.194693,0.028637,0.033611,0.050492,204.863495,0.500000,0.866025
2015,1,-15.000000,-135.000000,-12.500000,-132.500000,1064.870000,1.646210,36.072009,3.952595,41.670814,,,,,,,,,,0.500000,0.866025
2015,1,-15.000000,145.000000,-12.500000,147.500000,1295.040000,38.872931,0.000000,0.608475,39.481406,29.110159,0.686419,15.691236,0.169141,134.172623,0.053847,0.045365,0.095371,198.936264,0.500000,0.866025
2015,1,-15.000000,-145.000000,-12.500000,-142.500000,3170.360000,3.876531,8.929901,13.536318,26.342750,,,,,,,,,,0.500000,0.866025
2015,1,-15.000000,-150.000000,-12.500000,-147.500000,1091.650000,11.041085,5.876426,9.575413,26.492924,,,,,,,,,,0.500000,0.866025
2015,1,-15.000000,155.000000,-12.500000,157.500000,13853.970000,7.688482,1.091167,14.398544,23.178194,29.654712,0.721046,17.243679,0.132942,0.786082,0.047195,0.002222,0.092975,197.971756,0.500000,0.866025
2015,1,-15.000000,160.000000,-12.500000,162.500000,27976.530000,6.557032,1.794468,23.628913,31.980414,29.583128,0.731270,16.820530,0.110919,134.295679,0.033958,0.021929,0.088013,198.036087,0.500000,0.866025
2015,1,-15.000000,165.000000,-12.500000,167.500000,8270.080000,5.643597,1.165648,18.074432,24.883677,29.867751,0.735148,16.310619,0.122170,130.977175,0.032170,0.017867,0.081917,197.291992,0.500000,0.866025
2015,1,-15.000000,170.000000,-12.500000,172.500000,6912.680000,5.202613,3.094603,16.973591,25.270807,30.074405,0.762777,15.674434,0.085252,0.711787,0.022407,0.000278,0.069731,196.569397,0.500000,0.866025
2015,1,-15.000000,-170.000000,-12.500000,-167.500000,2068.190000,1.072919,1.186545,13.790803,16.050266,,,,,,,,,,0.500000,0.866025
2015,1,-15.000000,175.000000,-12.500000,177.500000,4670.800000,6.543205,3.286161,15.678470,25.507836,30.113114,0.728192,14.078486,0.102212,0.539670,0.023089,0.000000,0.068899,196.896896,0.500000,0.866025
2015,1,-15.000000,-175.000000,-12.500000,-172.500000,4965.520000,4.402761,1.722881,13.354895,19.480538,,,,,,,,,,0.500000,0.866025
2015,1,20.000000,120.000000,22.500000,122.500000,1380.590000,6.012647,5.825770,6.036550,17.874966,23.574559,0.881597,79.805858,0.317048,103.618923,0.184930,0.353459,0.287681,215.076675,0.500000,0.866025
2015,1,20.000000,125.000000,22.500000,127.500000,3884.160000,3.615196,3.199405,4.793314,11.607915,23.537849,0.975190,83.462656,0.191505,74.087660,0.091577,0.373819,0.152649,218.626251,0.500000,0.866025
2015,1,20.000000,130.000000,22.500000,132.500000,3252.440000,4.465263,7.479923,29.549200,41.494386,23.444718,0.942421,81.596834,0.185208,6.715248,0.088796,0.281111,0.105455,217.717484,0.500000,0.866025
2015,1,20.000000,135.000000,22.500000,137.500000,3775.470000,7.799029,4.941901,42.875192,55.616122,23.905339,0.899929,64.713697,0.165990,7.208249,0.058519,0.552222,0.086071,215.061127,0.500000,0.866025
2015,1,20.000000,140.000000,22.500000,142.500000,6066.540000,14.115624,5.529511,44.561315,64.206450,25.509074,1.003417,70.672273,0.163341,43.668103,0.088296,0.372604,0.077630,211.175018,0.500000,0.866025
2015,1,20.000000,145.000000,22.500000,147.500000,11624.560000,9.121980,8.114372,29.002818,46.239169,25.430230,0.942855,73.951057,0.143536,3.222925,0.071831,0.256944,0.076152,209.678223,0.500000,0.866025
2015,1,20.000000,150.000000,22.500000,152.500000,4651.080000,13.130714,8.409015,28.813953,50.353681,25.745226,0.919485,65.343565,0.156991,2.868276,0.079040,0.362222,0.080325,208.581879,0.500000,0.866025
2015,1,20.000000,-155.000000,22.500000,-152.500000,3210.720000,0.655305,13.717172,0.025539,14.398017,,,,,,,,,,0.500000,0.866025
2015,1,20.000000,-160.000000,22.500000,-157.500000,4538.610000,0.760806,18.353857,0.131538,19.246201,,,,,,,,,,0.500000,0.866025
2015,1,20.000000,165.000000,22.500000,167.500000,1718.440000,4.217197,16.156514,13.250390,33.624101,25.511607,0.822010,65.189065,0.122592,3.376894,0.068889,0.359167,0.059347,209.023712,0.500000,0.866025
2015,1,-20.000000,-135.000000,-17.500000,-132.500000,16004.970000,0.324087,1.098284,21.989544,23.411915,,,,,,,,,,0.500000,0.866025
2015,1,-20.000000,-145.000000,-17.500000,-142.500000,1706.660000,4.647088,3.065051,17.101825,24.813964,,,,,,,,,,0.500000,0.866025
2015,1,-20.000000,-150.000000,-17.500000,-147.500000,4874.460000,3.051415,1.788301,12.834037,17.673753,,,,,,,,,,0.500000,0.866025
2015,1,-20.000000,155.000000,-17.500000,157.500000,1214.770000,2.343654,0.585296,24.821983,27.750932,28.737793,0.794542,16.780222,0.139238,1.069602,0.044186,0.039167,0.097778,201.047546,0.500000,0.866025
2015,1,-20.000000,-155.000000,-17.500000,-152.500000,1627.140000,0.556191,1.500793,10.315031,12.372015,,,,,,,,,,0.500000,0.866025
2015,1,-20.000000,160.000000,-17.500000,162.500000,3826.110000,4.953334,1.720546,33.811365,40.485245,28.640320,0.747787,15.673151,0.126597,56.044999,0.044160,0.083912,0.096800,201.214340,0.500000,0.866025
2015,1,-20.000000,165.000000,-17.500000,167.500000,3349.480000,3.012109,1.290648,16.343134,20.645891,28.614090,0.755979,13.211386,0.106726,130.405595,0.029115,0.097966,0.099278,201.302170,0.500000,0.866025
2015,1,-20.000000,170.000000,-17.500000,172.500000,13549.480000,1.513342,0.893023,21.871171,24.277537,28.658726,0.734728,13.151952,0.146244,1.510848,0.057538,0.135000,0.087089,200.888718,0.500000,0.866025
2015,1,-20.000000,-170.000000,-17.500000,-167.500000,1426.920000,1.910408,0.754773,13.374261,16.039442,,,,,,,,,,0.500000,0.866025
2015,1,-20.000000,175.000000,-17.500000,177.500000,9478.730000,5.464762,1.369804,10.321319,17.155885,28.889877,0.784711,13.921684,0.087493,134.028598,0.031723,0.222907,0.094565,201.229950,0.500000,0.866025
2015,1,-20.000000,-175.000000,-17.500000,-172.500000,2656.670000,4.080296,1.573775,16.597093,22.251164,,,,,,,,,,0.500000,0.866025
2015,1,-20.000000,-180.000000,-17.500000,-177.500000,5020.570000,12.087273,1.093701,6.480738,19.661712,,,,,,,,,,0.500000,0.866025
2015,1,25.000000,125.000000,27.500000,127.500000,1264.290000,0.546552,0.498303,2.645754,3.690609,20.993177,0.752819,100.180847,0.190034,93.837009,0.204282,0.504634,0.391459,222.892624,0.500000,0.866025
2015,1,25.000000,130.000000,27.500000,132.500000,15968.610000,1.519606,6.046550,51.383621,58.949777,20.956437,0.967172,115.299045,0.172777,42.983129,0.089641,0.380106,0.370677,223.662125,0.500000,0.866025
2015,1,25.000000,135.000000,27.500000,137.500000,9033.870000,0.406470,2.175701,26.187227,28.769398,20.664392,0.959855,106.320727,0.134431,2.486566,0.098870,0.365556,0.381209,223.244064,0.500000,0.866025
2015,1,25.000000,140.000000,27.500000,142.500000,1832.730000,0.559275,3.108478,68.015474,71.683227,20.649742,0.905717,93.917898,0.120817,41.652094,0.078629,0.326202,0.240221,225.661346,0.500000,0.866025
2015,1,25.000000,145.000000,27.500000,147.500000,4622.830000,1.286009,1.417314,3.587413,6.290735,21.662549,0.939935,87.719271,0.116747,4.772932,0.057143,0.493889,0.122314,226.743286,0.500000,0.866025
2015,1,25.000000,-155.000000,27.500000,-152.500000,1095.860000,0.758309,12.585549,27.885861,41.229719,,,,,,,,,,0.500000,0.866025
2015,1,25.000000,-160.000000,27.500000,-157.500000,7634.150000,2.302024,18.732799,7.282409,28.317232,,,,,,,,,,0.500000,0.866025
2015,1,25.000000,-165.000000,27.500000,-162.500000,7135.940000,4.523020,21.787459,9.842852,36.153331,,,,,,,,,,0.500000,0.866025
2015,1,25.000000,170.000000,27.500000,172.500000,3362.030000,1.363165,13.690241,32.659732,47.713138,22.293557,0.760400,82.913496,0.128229,5.406975,0.061087,0.523611,0.050093,225.297577,0.500000,0.866025
2015,1,25.000000,-170.000000,27.500000,-167.500000,1245.860000,2.519545,28.760053,15.161415,46.441013,,,,,,,,,,0.500000,0.866025
2015,1,25.000000,175.000000,27.500000,177.500000,4241.890000,2.757497,15.264894,56.598592,74.620983,21.522230,0.686031,81.866626,0.110013,6.057784,0.062315,0.542222,0.057478,224.528748,0.500000,0.866025
2015,1,-25.000000,150.000000,-22.500000,152.500000,2304.380000,29.844470,1.533601,1.581336,32.959408,28.442437,0.642629,17.189646,0.212308,129.077742,0.124263,0.214145,0.136480,201.489075,0.500000,0.866025
2015,1,-25.000000,-150.000000,-22.500000,-147.500000,1020.180000,1.029230,1.032171,22.373503,24.434904,,,,,,,,,,0.500000,0.866025
2015,1,-25.000000,160.000000,-22.500000,162.500000,1697.740000,2.799604,3.729664,49.686642,56.215911,27.161791,0.707108,14.632995,0.173640,126.957965,0.081066,0.137067,0.097500,205.413574,0.500000,0.866025
2015,1,-25.000000,175.000000,-22.500000,177.500000,3858.360000,2.731212,0.962585,25.265916,28.959713,26.134536,0.684900,19.152443,0.149117,1.906945,0.102564,0.201667,0.084953,208.819962,0.500000,0.866025
2015,1,-25.000000,-175.000000,-22.500000,-172.500000,1318.040000,36.545173,1.494644,6.971716,45.011532,,,,,,,,,,0.500000,0.866025
2015,1,-25.000000,-180.000000,-22.500000,-177.500000,1089.660000,4.261880,0.560725,22.588697,27.411303,,,,,,,,,,0.500000,0.866025
2015,1,30.000000,130.000000,32.500000,132.500000,5579.890000,5.079670,6.211413,35.092448,46.383531,18.098657,0.574083,88.323511,0.366039,89.539989,0.350751,0.709056,0.694930,231.787674,0.500000,0.866025
2015,1,30.000000,135.000000,32.500000,137.500000,4806.640000,2.017001,7.533329,45.892141,55.442471,18.955875,0.846684,127.127008,0.397445,83.197363,0.419395,0.558572,0.501154,223.031799,0.500000,0.866025
2015,1,30.000000,140.000000,32.500000,142.500000,11314.290000,0.254280,1.946300,6.413129,8.613709,19.195715,0.892693,146.720157,0.197344,29.230786,0.184803,0.324444,0.453902,228.945999,0.500000,0.866025
2015,1,30.000000,145.000000,32.500000,147.500000,1099.600000,0.000000,0.424700,0.489269,0.913969,18.577258,0.893675,146.028659,0.257138,3.248819,0.137032,0.112778,0.346343,237.031952,0.500000,0.866025
2015,1,30.000000,-155.000000,32.500000,-152.500000,5732.970000,0.914535,10.332166,47.751863,58.998564,,,,,,,,,,0.500000,0.866025
2015,1,30.000000,-160.000000,32.500000,-157.500000,1717.080000,0.390780,13.158385,12.831085,26.380250,,,,,,,,,,0.500000,0.866025
2015,1,30.000000,-165.000000,32.500000,-162.500000,2131.130000,1.068916,23.056313,26.332040,50.457269,,,,,,,,,,0.500000,0.866025
2015,1,30.000000,170.000000,32.500000,172.500000,1049.600000,0.221037,11.266197,75.181974,86.669207,17.742854,0.607720,111.021807,0.230469,4.168380,0.184152,0.446667,0.243570,245.457428,0.500000,0.866025
2015,1,-30.000000,155.000000,-27.500000,157.500000,1504.850000,2.965744,4.470877,2.345749,9.782370,25.965981,0.680083,16.228642,0.204174,1.975053,0.096099,0.181389,0.086485,209.676605,0.500000,0.866025
2015,1,-30.000000,170.000000,-27.500000,172.500000,5358.000000,0.223404,1.732363,0.139231,2.094998,24.519478,0.601650,19.245524,0.189810,2.362700,0.123035,0.136111,0.078768,214.204529,0.500000,0.866025
2015,1,35.000000,140.000000,37.500000,142.500000,2509.220000,0.009963,10.015064,15.993416,26.018444,12.433617,0.158005,93.350650,0.364065,76.763301,0.326222,0.787211,0.497860,225.589371,0.500000,0.866025
2015,1,-40.000000,175.000000,-37.500000,177.500000,1637.600000,0.718735,10.888495,4.511480,16.118710,,,,,,,,,,0.500000,0.866025
2015,2,0.000000,120.000000,2.500000,122.500000,14968.500000,16.208237,3.141597,0.000000,19.349835,29.009972,0.633534,12.946782,0.268977,132.100324,0.021125,0.085351,0.108011,201.745285,0.866025,0.500000
2015,2,0.000000,125.000000,2.500000,127.500000,19958.000000,16.208187,3.141597,0.000000,19.349785,28.564017,0.557718,16.769349,0.344977,133.628112,0.058320,0.134906,0.104541,201.233398,0.866025,0.500000
2015,2,0.000000,130.000000,2.500000,132.500000,4989.500000,16.208237,3.141597,0.000000,19.349835,28.908499,0.571213,17.280100,0.290438,116.122122,0.019635,0.006113,0.099401,201.417038,0.866025,0.500000
2015,2,0.000000,135.000000,2.500000,137.500000,4595.360000,11.267452,4.391386,0.018062,15.676900,28.960794,0.569247,15.860682,0.308511,0.888044,0.032916,0.009167,0.115292,202.273239,0.866025,0.500000
2015,2,0.000000,140.000000,2.500000,142.500000,6008.810000,8.188976,6.845282,0.000000,15.034258,29.106491,0.608149,17.652288,0.245629,0.547724,0.019069,0.000000,0.174798,201.279907,0.866025,0.500000
2015,2,0.000000,145.000000,2.500000,147.500000,2529.580000,2.925782,18.524024,0.000000,21.449806,29.408302,0.660814,18.893968,0.190020,0.455752,0.020063,0.000000,0.173920,200.414368,0.866025,0.500000
2015,2,0.000000,150.000000,2.500000,152.500000,2384.460000,8.954648,27.027084,0.054939,36.036671,29.714251,0.701241,23.250612,0.155401,0.284901,0.010033,0.000000,0.148307,200.132965,0.866025,0.500000
2015,2,0.000000,155.000000,2.500000,157.500000,2019.370000,14.463917,7.610790,0.905728,22.980434,29.740531,0.714014,24.336266,0.171137,0.419145,0.011256,0.000000,0.112792,199.353912,0.866025,0.500000
2015,2,0.000000,-155.000000,2.500000,-152.500000,7246.920000,2.145877,22.015146,0.003588,24.164611,,,,,,,,,,0.866025,0.500000
2015,2,0.000000,160.000000,2.500000,162.500000,2936.860000,8.364035,8.872401,2.617421,19.853858,29.864750,0.722977,22.796141,0.235271,1.009501,0.016603,0.008611,0.126873,199.195709,0.866025,0.500000
2015,2,0.000000,-160.000000,2.500000,-157.500000,5593.440000,3.155840,18.556559,0.000000,21.712399,,,,,,,,,,0.866025,0.500000
2015,2,0.000000,165.000000,2.500000,167.500000,5176.460000,9.608690,12.723753,1.469537,23.801981,29.982530,0.728318,22.111543,0.207198,93.577232,0.013178,0.003613,0.133921,199.856247,0.866025,0.500000
2015,2,0.000000,-165.000000,2.500000,-162.500000,3078.930000,1.719104,22.115150,0.069829,23.904084,,,,,,,,,,0.866025,0.500000
2015,2,0.000000,170.000000,2.500000,172.500000,8922.140000,6.568603,11.170190,1.663278,19.402072,29.866169,0.719405,24.176657,0.289405,132.663124,0.014201,0.019816,0.187193,200.680725,0.866025,0.500000
2015,2,0.000000,-170.000000,2.500000,-167.500000,4373.040000,2.828238,16.182107,0.129887,19.140232,,,,,,,,,,0.866025,0.500000
2015,2,0.000000,175.000000,2.500000,177.500000,5203.640000,8.401042,12.995519,0.506568,21.903129,29.483872,0.699968,27.372095,0.328881,0.406512,0.016799,0.000000,0.194861,200.206772,0.866025,0.500000
2015,2,0.000000,-175.000000,2.500000,-172.500000,5597.500000,10.712104,19.549978,0.408933,30.671014,,,,,,,,,,0.866025,0.500000
2015,2,0.000000,-180.000000,2.500000,-177.500000,1568.940000,4.341148,14.163066,1.175316,19.679529,,,,,,,,,,0.866025,0.500000
2015,2,5.000000,140.000000,7.500000,142.500000,1070.970000,2.403429,15.036836,0.000000,17.440264,28.236224,0.444468,30.665890,0.400467,0.514133,0.062148,0.000000,0.091361,200.489548,0.866025,0.500000
2015,2,5.000000,145.000000,7.500000,147.500000,2275.260000,7.905470,31.854821,0.000000,39.760291,28.697351,0.541890,34.145212,0.235086,0.579726,0.040362,0.000000,0.079821,199.838501,0.866025,0.500000
2015,2,5.000000,150.000000,7.500000,152.500000,5218.010000,22.039628,23.219197,0.452471,45.711296,29.008343,0.585319,33.067639,0.228043,117.206263,0.047406,0.021715,0.079737,199.749542,0.866025,0.500000
2015,2,5.000000,155.000000,7.500000,157.500000,4004.570000,14.112127,17.867337,0.277683,32.257146,28.899005,0.591462,33.705901,0.181362,123.629090,0.051093,0.012788,0.077995,200.033173,0.866025,0.500000
2015,2,5.000000,-155.000000,7.500000,-152.500000,2011.830000,0.942426,10.781229,0.101897,11.825552,,,,,,,,,,0.866025,0.500000
2015,2,5.000000,-160.000000,7.500000,-157.500000,1027.180000,3.746179,15.057731,0.131428,18.935338,,,,,,,,,,0.866025,0.500000
2015,2,5.000000,165.000000,7.500000,167.500000,4643.140000,6.538679,11.335863,0.646114,18.520656,28.676754,0.594101,31.597509,0.178136,129.762590,0.050928,0.068555,0.076602,200.230881,0.866025,0.500000
2015,2,5.000000,170.000000,7.500000,172.500000,8064.000000,16.172619,15.026910,0.504092,31.703621,28.600801,0.582611,31.071063,0.193659,129.473680,0.038798,0.029255,0.083903,200.328201,0.866025,0.500000
2015,2,5.000000,175.000000,7.500000,177.500000,4571.270000,8.805212,11.919882,0.173912,20.899006,28.599423,0.580997,34.596038,0.143608,0.742010,0.030026,0.000556,0.106027,200.887466,0.866025,0.500000
2015,2,5.000000,-175.000000,7.500000,-172.500000,6297.290000,2.968737,20.257920,0.161022,23.387679,,,,,,,,,,0.866025,0.500000
2015,2,5.000000,-180.000000,7.500000,-177.500000,5680.010000,3.902106,19.764050,0.093838,23.759993,,,,,,,,,,0.866025,0.500000
2015,2,-5.000000,120.000000,-2.500000,122.500000,19958.000000,16.208187,3.141597,0.000000,19.349785,29.562262,0.632300,14.092137,0.142688,135.726626,0.016499,0.214458,0.111458,199.508957,0.866025,0.500000
2015,2,-5.000000,125.000000,-2.500000,127.500000,29937.000000,16.208204,3.141597,0.000000,19.349801,29.174663,0.626078,22.626122,0.179422,132.285123,0.008932,0.136533,0.094792,199.297119,0.866025,0.500000
2015,2,-5.000000,130.000000,-2.500000,132.500000,9979.000000,16.208237,3.141597,0.000000,19.349835,29.167276,0.630835,25.145574,0.165639,131.671292,0.029882,0.196111,0.141237,198.699829,0.866025,0.500000
2015,2,-5.000000,-155.000000,-2.500000,-152.500000,7584.410000,2.140575,20.035177,0.079901,22.255653,,,,,,,,,,0.866025,0.500000
2015,2,-5.000000,160.000000,-2.500000,162.500000,3032.380000,16.091981,8.418140,0.000000,24.510121,30.160545,0.747589,26.430980,0.138458,0.387502,0.020696,0.000000,0.167229,198.431992,0.866025,0.500000
2015,2,-5.000000,-160.000000,-2.500000,-157.500000,1507.100000,3.031650,16.239135,0.000000,19.270785,,,,,,,,,,0.866025,0.500000
2015,2,-5.000000,165.000000,-2.500000,167.500000,4046.140000,12.968409,7.646053,0.868482,21.482944,30.320314,0.759982,20.990378,0.188507,0.289341,0.028388,0.000000,0.143145,198.903610,0.866025,0.500000
2015,2,-5.000000,-165.000000,-2.500000,-162.500000,2242.580000,3.273908,15.304248,0.321059,18.899214,,,,,,,,,,0.866025,0.500000
2015,2,-5.000000,170.000000,-2.500000,172.500000,6857.470000,4.992949,12.683687,1.552468,19.229103,30.410490,0.759862,17.978320,0.304476,135.182128,0.033466,0.009476,0.147843,200.239975,0.866025,0.500000
2015,2,-5.000000,-170.000000,-2.500000,-167.500000,9419.760000,7.848289,25.834947,0.163486,33.846722,,,,,,,,,,0.866025,0.500000
2015,2,-5.000000,175.000000,-2.500000,177.500000,12486.080000,21.640579,12.723449,0.661377,35.025404,30.152046,0.748368,18.814051,0.418951,95.733232,0.040052,0.001668,0.149112,201.967911,0.866025,0.500000
2015,2,-5.000000,-180.000000,-2.500000,-177.500000,3263.180000,8.765070,9.022487,1.158992,18.946549,,,,,,,,,,0.866025,0.500000
2015,2,10.000000,110.000000,12.500000,112.500000,23074.870000,13.630456,2.798846,0.000000,16.429302,26.089938,0.644549,24.609534,0.149350,2.669657,0.028512,0.191111,0.095483,210.633240,0.866025,0.500000
2015,2,10.000000,115.000000,12.500000,117.500000,23074.870000,13.630456,2.798846,0.000000,16.429302,26.894035,0.656493,22.202390,0.146966,122.281493,0.044384,0.142736,0.100688,208.005081,0.866025,0.500000
2015,2,10.000000,130.000000,12.500000,132.500000,4252.230000,2.136996,5.699362,0.784765,8.621124,27.806519,0.689797,60.036354,0.325672,0.550401,0.120418,0.000000,0.078560,202.396194,0.866025,0.500000
2015,2,10.000000,135.000000,12.500000,137.500000,2665.000000,4.775985,0.031144,3.571482,8.378612,27.861030,0.705587,58.118843,0.322257,112.678444,0.104023,0.001946,0.081679,202.163986,0.866025,0.500000
2015,2,10.000000,150.000000,12.500000,152.500000,2151.420000,7.648437,6.679774,1.290311,15.618522,27.879154,0.698569,50.513476,0.224772,0.458172,0.070915,0.000000,0.080426,202.308334,0.866025,0.500000
2015,2,10.000000,155.000000,12.500000,157.500000,17743.870000,4.982340,1.211686,2.136456,8.330483,27.839862,0.691470,44.533586,0.234241,0.446453,0.084893,0.000000,0.080432,202.638031,0.866025,0.500000
2015,2,10.000000,-165.000000,12.500000,-162.500000,1505.850000,0.705914,21.989574,0.719195,23.414683,,,,,,,,,,0.866025,0.500000
2015,2,10.000000,-170.000000,12.500000,-167.500000,1092.650000,1.295932,12.997758,0.330389,14.624079,,,,,,,,,,0.866025,0.500000
2015,2,10.000000,-175.000000,12.500000,-172.500000,3406.080000,1.965603,12.214041,1.014950,15.194593,,,,,,,,,,0.866025,0.500000
2015,2,10.000000,-180.000000,12.500000,-177.500000,3708.440000,3.417070,35.757893,0.599443,39.774406,,,,,,,,,,0.866025,0.500000
2015,2,-10.000000,-135.000000,-7.500000,-132.500000,1720.770000,4.037146,17.954172,6.384351,28.375669,,,,,,,,,,0.866025,0.500000
2015,2,-10.000000,-150.000000,-7.500000,-147.500000,3062.600000,3.117612,14.491608,2.324169,19.933390,,,,,,,,,,0.866025,0.500000
2015,2,-10.000000,155.000000,-7.500000,157.500000,16050.360000,12.173123,3.948821,1.596600,17.718543,29.672709,0.717549,19.664980,0.129696,133.653334,0.017182,0.100773,0.192425,198.200409,0.866025,0.500000
2015,2,-10.000000,-155.000000,-7.500000,-152.500000,1235.720000,5.463212,25.777684,0.947626,32.188522,,,,,,,,,,0.866025,0.500000
2015,2,-10.000000,160.000000,-7.500000,162.500000,9256.580000,9.939308,5.054026,0.725106,15.718440,29.822245,0.757747,21.218772,0.130935,133.179354,0.026231,0.031973,0.130676,197.955460,0.866025,0.500000
2015,2,-10.000000,165.000000,-7.500000,167.500000,5483.850000,8.564603,5.447268,4.285858,18.297729,30.165342,0.785357,20.871398,0.160513,0.466029,0.029921,0.000000,0.104789,197.294571,0.866025,0.500000
2015,2,-10.000000,-165.000000,-7.500000,-162.500000,2054.380000,4.514257,7.855411,1.713412,14.083081,,,,,,,,,,0.866025,0.500000
2015,2,-10.000000,170.000000,-7.500000,172.500000,9716.920000,9.566509,13.453852,6.313420,29.333781,30.234516,0.787270,17.491685,0.152532,0.385711,0.038887,0.000000,0.098177,196.923569,0.866025,0.500000
2015,2,-10.000000,-170.000000,-7.500000,-167.500000,1103.330000,1.507255,5.640198,1.734748,8.882202,,,,,,,,,,0.866025,0.500000
2015,2,-10.000000,175.000000,-7.500000,177.500000,1640.220000,6.505225,6.804575,3.740352,17.050152,30.272172,0.825770,16.515558,0.170409,0.305263,0.033996,0.000000,0.091945,196.475098,0.866025,0.500000
2015,2,-10.000000,-175.000000,-7.500000,-172.500000,5386.730000,4.257499,5.218565,12.925467,22.401531,,,,,,,,,,0.866025,0.500000
2015,2,-10.000000,-180.000000,-7.500000,-177.500000,2307.510000,6.410373,7.917625,10.190205,24.518204,,,,,,,,,,0.866025,0.500000
2015,2,15.000000,110.000000,17.500000,112.500000,23074.870000,13.630456,2.798846,0.000000,16.429302,23.588741,0.577581,29.603132,0.151875,98.576083,0.064147,0.331410,0.166193,219.665146,0.866025,0.500000
2015,2,15.000000,115.000000,17.500000,117.500000,24788.330000,12.842737,2.624622,0.036832,15.504191,24.456785,0.476983,19.615539,0.161518,117.077329,0.070258,0.398329,0.124884,215.770798,0.866025,0.500000
2015,2,15.000000,120.000000,17.500000,122.500000,1118.010000,17.306643,0.981208,2.836289,21.124140,25.705246,0.777077,46.788160,0.279903,118.589896,0.136883,0.299927,0.132260,208.680954,0.866025,0.500000
2015,2,15.000000,125.000000,17.500000,127.500000,2430.810000,11.765625,2.802769,13.527590,28.095984,25.630119,0.857321,57.807231,0.154301,2.791702,0.032143,0.306111,0.109450,208.737350,0.866025,0.500000
2015,2,15.000000,130.000000,17.500000,132.500000,3414.060000,8.540858,5.719876,31.067995,45.328729,26.034850,0.884649,62.489957,0.163890,3.573444,0.057664,0.290000,0.092579,207.084396,0.866025,0.500000
2015,2,15.000000,135.000000,17.500000,137.500000,3975.390000,7.713709,7.625667,35.844282,51.183657,26.197441,0.878756,63.424883,0.177286,3.967254,0.054719,0.248056,0.095733,206.188324,0.866025,0.500000
2015,2,15.000000,140.000000,17.500000,142.500000,2355.200000,12.275815,6.539997,37.155656,55.971467,26.406030,0.875224,66.562017,0.150453,2.462275,0.038955,0.193333,0.092332,205.076233,0.866025,0.500000
2015,2,15.000000,-155.000000,17.500000,-152.500000,3042.340000,2.363970,13.824556,0.000000,16.188526,,,,,,,,,,0.866025,0.500000
2015,2,15.000000,-160.000000,17.500000,-157.500000,2632.450000,2.020551,15.403521,0.030770,17.454842,,,,,,,,,,0.866025,0.500000
2015,2,15.000000,-165.000000,17.500000,-162.500000,3241.320000,5.262979,18.438476,0.535276,24.236731,,,,,,,,,,0.866025,0.500000
2015,2,15.000000,175.000000,17.500000,177.500000,1176.380000,2.863871,1.836991,7.161801,11.862663,26.359756,0.743094,39.447719,0.127546,1.250858,0.045041,0.035000,0.052539,206.786911,0.866025,0.500000
2015,2,-15.000000,-135.000000,-12.500000,-132.500000,12127.150000,3.328070,2.650829,16.092817,22.071715,,,,,,,,,,0.866025,0.500000
2015,2,-15.000000,-140.000000,-12.500000,-137.500000,1037.670000,1.746220,2.390934,16.240231,20.377384,,,,,,,,,,0.866025,0.500000
2015,2,-15.000000,145.000000,-12.500000,147.500000,1447.160000,29.669145,0.478178,3.654053,33.801376,29.113556,0.676033,13.139169,0.188071,132.674914,0.045078,0.038602,0.099283,198.375397,0.866025,0.500000
2015,2,-15.000000,-145.000000,-12.500000,-142.500000,4116.260000,3.847910,6.396583,20.188958,30.433452,,,,,,,,,,0.866025,0.500000
2015,2,-15.000000,-150.000000,-12.500000,-147.500000,2050.360000,6.500322,2.229365,5.830683,14.560370,,,,,,,,,,0.866025,0.500000
2015,2,-15.000000,155.000000,-12.500000,157.500000,21131.840000,7.833061,1.192135,32.581734,41.606931,29.473793,0.676818,16.867030,0.128542,0.507381,0.044565,0.000000,0.089923,198.380417,0.866025,0.500000
2015,2,-15.000000,160.000000,-12.500000,162.500000,20598.220000,4.306586,1.263750,18.809441,24.379777,29.627169,0.686176,15.535741,0.102800,132.586853,0.023239,0.018555,0.089550,198.206604,0.866025,0.500000
2015,2,-15.000000,-160.000000,-12.500000,-157.500000,2328.470000,2.968902,0.884272,19.462566,23.315740,,,,,,,,,,0.866025,0.500000
2015,2,-15.000000,165.000000,-12.500000,167.500000,17071.220000,4.053489,1.390996,19.240277,24.684762,29.834414,0.691529,15.875888,0.127497,134.368722,0.042015,0.018705,0.078238,196.868088,0.866025,0.500000
2015,2,-15.000000,170.000000,-12.500000,172.500000,8104.970000,5.737467,1.698711,10.466171,17.902349,29.939223,0.696876,16.997709,0.113753,0.402599,0.032033,0.000000,0.066561,196.137680,0.866025,0.500000
2015,2,-15.000000,175.000000,-12.500000,177.500000,2492.690000,4.678079,1.813703,17.473091,23.964873,30.060376,0.687755,15.940539,0.136974,0.502181,0.038403,0.000000,0.067896,195.940170,0.866025,0.500000
2015,2,-15.000000,-175.000000,-12.500000,-172.500000,6636.540000,4.015647,1.756036,12.480148,18.251830,,,,,,,,,,0.866025,0.500000
2015,2,20.000000,120.000000,22.500000,122.500000,1711.390000,5.664401,1.789189,3.208503,10.662093,23.615817,0.888289,58.685897,0.349493,103.317791,0.186670,0.454088,0.327806,217.082458,0.866025,0.500000
2015,2,20.000000,125.000000,22.500000,127.500000,1313.990000,8.077687,2.718438,15.395855,26.191980,22.690387,0.934638,67.226647,0.193649,70.325308,0.073581,0.340745,0.243720,222.182312,0.866025,0.500000
2015,2,20.000000,130.000000,22.500000,132.500000,1323.670000,5.081327,3.741869,42.822607,51.645803,22.696382,0.891798,59.110414,0.183405,5.834516,0.096433,0.378333,0.169275,221.773911,0.866025,0.500000
2015,2,20.000000,135.000000,22.500000,137.500000,6479.840000,8.849138,5.012624,49.486716,63.348478,23.550358,0.899260,56.441019,0.163169,5.158823,0.062751,0.466667,0.105513,218.435272,0.866025,0.500000
2015,2,20.000000,140.000000,22.500000,142.500000,4392.390000,16.330745,4.679002,52.484638,73.494385,24.206690,0.962042,70.209831,0.200340,41.512334,0.108738,0.388719,0.083480,215.374741,0.866025,0.500000
2015,2,20.000000,145.000000,22.500000,147.500000,1623.370000,10.935893,3.502590,25.697777,40.136260,24.209736,0.889979,76.226127,0.148643,4.049954,0.064056,0.399722,0.072576,214.820724,0.866025,0.500000
2015,2,20.000000,150.000000,22.500000,152.500000,3520.090000,16.869739,4.104156,43.656270,64.630166,24.385265,0.875409,74.515480,0.141567,3.995426,0.059133,0.412500,0.093320,213.362259,0.866025,0.500000
2015,2,20.000000,155.000000,22.500000,157.500000,1336.020000,3.002949,1.072589,3.583030,7.658568,23.720755,0.790656,72.321284,0.130686,2.809794,0.050247,0.419444,0.089383,213.201614,0.866025,0.500000
2015,2,20.000000,-155.000000,22.500000,-152.500000,4213.360000,2.131553,15.534158,0.098496,17.764207,,,,,,,,,,0.866025,0.500000
2015,2,20.000000,160.000000,22.500000,162.500000,1098.700000,12.395558,5.577501,27.618094,45.591153,24.239686,0.790021,72.388594,0.141097,3.286156,0.073210,0.368333,0.073921,213.226273,0.866025,0.500000
2015,2,20.000000,-160.000000,22.500000,-157.500000,7730.780000,1.336217,13.799125,0.555054,15.690396,,,,,,,,,,0.866025,0.500000
2015,2,20.000000,-165.000000,22.500000,-162.500000,2389.200000,1.778838,23.176377,2.499163,27.454378,,,,,,,,,,0.866025,0.500000
2015,2,-20.000000,-135.000000,-17.500000,-132.500000,20419.340000,2.122742,1.438440,20.322743,23.883926,,,,,,,,,,0.866025,0.500000
2015,2,-20.000000,-145.000000,-17.500000,-142.500000,3624.730000,7.184535,3.209342,18.951205,29.345082,,,,,,,,,,0.866025,0.500000
2015,2,-20.000000,150.000000,-17.500000,152.500000,1048.960000,29.611234,5.382474,8.289163,43.282871,28.876350,0.769675,21.199853,0.171770,1.257726,0.046703,0.025556,0.093455,199.829163,0.866025,0.500000
2015,2,-20.000000,-150.000000,-17.500000,-147.500000,2544.220000,5.295140,0.889074,5.811211,11.995425,,,,,,,,,,0.866025,0.500000
2015,2,-20.000000,-155.000000,-17.500000,-152.500000,1363.800000,1.451093,1.129198,6.805250,9.385540,,,,,,,,,,0.866025,0.500000
2015,2,-20.000000,165.000000,-17.500000,167.500000,8525.910000,3.620962,1.215941,17.201448,22.038351,29.357660,0.726430,11.910524,0.109786,134.070643,0.038318,0.067316,0.101449,198.690933,0.866025,0.500000
2015,2,-20.000000,170.000000,-17.500000,172.500000,15086.080000,3.200898,0.720929,19.538011,23.459838,29.685113,0.763587,12.121825,0.170653,1.029796,0.064958,0.010556,0.092802,198.089279,0.866025,0.500000
2015,2,-20.000000,175.000000,-17.500000,177.500000,7992.900000,4.671646,1.523352,13.167186,19.362184,29.766753,0.780240,12.304382,0.101847,136.991504,0.043170,0.196182,0.101803,198.057129,0.866025,0.500000
2015,2,-20.000000,-175.000000,-17.500000,-172.500000,2969.830000,3.152369,2.143894,15.891482,21.187745,,,,,,,,,,0.866025,0.500000
2015,2,-20.000000,-180.000000,-17.500000,-177.500000,3069.960000,8.168510,1.684713,8.380891,18.234114,,,,,,,,,,0.866025,0.500000
2015,2,25.000000,130.000000,27.500000,132.500000,13266.810000,3.439410,3.149664,63.821295,70.410370,20.128770,0.872181,110.418881,0.167244,42.523803,0.102344,0.401223,0.428399,223.616333,0.866025,0.500000
2015,2,25.000000,135.000000,27.500000,137.500000,7849.860000,2.603486,4.127844,63.026474,69.757805,19.773581,0.947928,108.131323,0.150810,3.168996,0.070681,0.343333,0.471379,224.950531,0.866025,0.500000
2015,2,25.000000,140.000000,27.500000,142.500000,2716.950000,3.623180,3.538895,79.498335,86.660410,19.697570,0.845097,100.219093,0.127946,39.528050,0.070879,0.362045,0.281511,229.130905,0.866025,0.500000
2015,2,25.000000,155.000000,27.500000,157.500000,1913.300000,16.753776,0.503842,55.317514,72.575132,20.138020,0.818418,105.011060,0.130288,4.601146,0.056351,0.500000,0.088653,232.248734,0.866025,0.500000
2015,2,25.000000,160.000000,27.500000,162.500000,5265.510000,0.735161,5.797539,41.527791,48.060492,19.968508,0.755314,102.732853,0.139846,4.538398,0.070941,0.464444,0.062344,233.306091,0.866025,0.500000
2015,2,25.000000,-160.000000,27.500000,-157.500000,2237.180000,2.931369,16.112695,1.228332,20.272396,,,,,,,,,,0.866025,0.500000
2015,2,25.000000,165.000000,27.500000,167.500000,8434.990000,1.390280,8.181397,55.706290,65.277967,20.120166,0.728914,104.071174,0.106042,4.469902,0.045296,0.466667,0.059045,232.299820,0.866025,0.500000
2015,2,25.000000,-165.000000,27.500000,-162.500000,1974.390000,11.290069,8.067808,4.801483,24.159361,,,,,,,,,,0.866025,0.500000
2015,2,25.000000,170.000000,27.500000,172.500000,6127.370000,3.891882,8.101029,46.795444,58.788355,20.782653,0.737567,96.931496,0.131473,6.352820,0.045641,0.666111,0.062357,232.965881,0.866025,0.500000
2015,2,25.000000,175.000000,27.500000,177.500000,3483.790000,2.055233,12.498457,32.155784,46.709474,19.772323,0.630718,91.163200,0.114879,7.019052,0.045666,0.673611,0.071615,232.317017,0.866025,0.500000
2015,2,-25.000000,150.000000,-22.500000,152.500000,1672.550000,26.589938,11.294132,3.647724,41.531793,27.962355,0.664452,26.417349,0.194746,124.067395,0.085689,0.285200,0.125709,200.938660,0.866025,0.500000
2015,2,-25.000000,160.000000,-22.500000,162.500000,1644.490000,4.235964,0.246885,37.341668,41.824517,27.465340,0.655091,16.583929,0.150936,130.407002,0.076206,0.122432,0.091101,203.194046,0.866025,0.500000
2015,2,-25.000000,175.000000,-22.500000,177.500000,3718.340000,3.239080,0.949348,20.698215,24.886643,27.286367,0.646153,14.051358,0.162500,2.352866,0.087334,0.223889,0.090717,204.752350,0.866025,0.500000
2015,2,-25.000000,-175.000000,-22.500000,-172.500000,1604.910000,7.784237,1.299138,10.923977,20.007352,,,,,,,,,,0.866025,0.500000
2015,2,-25.000000,-180.000000,-22.500000,-177.500000,2120.590000,16.378461,1.773091,8.729174,26.880727,,,,,,,,,,0.866025,0.500000
2015,2,30.000000,130.000000,32.500000,132.500000,9163.680000,4.968964,3.743365,44.067340,52.779669,17.300579,0.608114,104.202486,0.384246,89.881799,0.392336,0.653565,0.719993,236.554718,0.866025,0.500000
2015,2,30.000000,135.000000,32.500000,137.500000,6056.530000,5.637056,5.323510,44.896665,55.857232,18.348986,0.766823,138.077269,0.376481,75.752226,0.400987,0.436852,0.521931,225.487396,0.866025,0.500000
2015,2,30.000000,140.000000,32.500000,142.500000,13932.340000,0.393832,5.224750,5.621956,11.240538,18.143931,0.838734,162.940534,0.272793,26.359629,0.214957,0.301389,0.535236,230.453278,0.866025,0.500000
2015,2,-30.000000,170.000000,-27.500000,172.500000,3087.000000,0.949142,3.677357,0.000000,4.626498,24.908447,0.595640,27.981829,0.189523,1.812057,0.106665,0.148056,0.078058,211.804825,0.866025,0.500000
2015,2,-35.000000,150.000000,-32.500000,152.500000,1051.900000,17.144215,1.841430,0.157810,19.143455,24.995671,0.514911,20.175553,0.579815,113.782967,0.286967,0.510875,0.202264,209.999466,0.866025,0.500000
2015,2,-40.000000,175.000000,-37.500000,177.500000,1381.210000,1.940328,8.028468,2.417446,12.386241,,,,,,,,,,0.866025,0.500000
2015,3,0.000000,120.000000,2.500000,122.500000,16229.830000,14.948585,2.897443,0.000000,17.846028,29.108452,0.613778,12.969088,0.335683,134.001633,0.031965,0.088765,0.114418,202.478683,1.000000,0.000000
2015,3,0.000000,125.000000,2.500000,127.500000,21639.770000,14.948542,2.897443,0.000000,17.845984,28.415300,0.538603,15.514915,0.325749,133.121723,0.060156,0.132184,0.118262,201.819885,1.000000,0.000000
2015,3,0.000000,130.000000,2.500000,132.500000,5409.940000,14.948595,2.897444,0.000000,17.846039,28.379566,0.537312,13.554747,0.301594,115.946374,0.023062,0.007780,0.108452,202.682037,1.000000,0.000000
2015,3,0.000000,135.000000,2.500000,137.500000,2879.920000,9.815203,6.972763,0.000000,16.787966,28.524450,0.551293,13.865916,0.297611,0.538753,0.036663,0.000000,0.153743,203.092438,1.000000,0.000000
2015,3,0.000000,140.000000,2.500000,142.500000,3177.280000,17.195526,3.582309,0.000000,20.777835,28.892817,0.615262,19.124552,0.356719,0.656434,0.020444,0.000000,0.201827,201.864029,1.000000,0.000000
2015,3,0.000000,150.000000,2.500000,152.500000,1496.920000,8.348476,18.464581,0.409508,27.222564,29.614938,0.696335,21.987867,0.240831,0.329365,0.015591,0.000000,0.206431,200.891037,1.000000,0.000000
2015,3,0.000000,155.000000,2.500000,157.500000,8008.470000,24.122960,16.251544,1.323724,41.698227,29.843827,0.709224,22.936823,0.173827,0.326846,0.015242,0.000000,0.171453,200.186615,1.000000,0.000000
2015,3,0.000000,-155.000000,2.500000,-152.500000,9862.810000,2.070404,24.173740,0.016730,26.260873,,,,,,,,,,1.000000,0.000000
2015,3,0.000000,160.000000,2.500000,162.500000,6689.650000,20.907372,7.890398,2.019089,30.816859,29.921704,0.707845,21.734351,0.147116,0.392975,0.025189,0.000000,0.146872,199.236130,1.000000,0.000000
2015,3,0.000000,-160.000000,2.500000,-157.500000,4102.340000,13.802854,18.861674,0.068985,32.733513,,,,,,,,,,1.000000,0.000000
2015,3,0.000000,165.000000,2.500000,167.500000,4429.080000,14.233430,8.092651,1.165705,23.491786,30.095644,0.721600,22.524663,0.185653,94.258246,0.027649,0.002779,0.151779,199.047272,1.000000,0.000000
2015,3,0.000000,-165.000000,2.500000,-162.500000,1940.000000,8.719588,25.372680,0.210825,34.303093,,,,,,,,,,1.000000,0.000000
2015,3,0.000000,170.000000,2.500000,172.500000,4997.850000,8.908631,8.539872,0.844763,18.293266,30.049950,0.726749,22.979510,0.233391,134.425063,0.026722,0.019537,0.173072,199.801300,1.000000,0.000000
2015,3,0.000000,-170.000000,2.500000,-167.500000,3633.050000,6.016708,16.963158,0.703266,23.683131,,,,,,,,,,1.000000,0.000000
2015,3,0.000000,175.000000,2.500000,177.500000,5909.290000,4.050233,13.010362,0.570458,17.631052,29.895689,0.713409,31.206152,0.239364,0.318865,0.026670,0.000000,0.196310,199.624847,1.000000,0.000000
2015,3,0.000000,-175.000000,2.500000,-172.500000,4815.300000,7.473678,15.567254,0.282225,23.323157,,,,,,,,,,1.000000,0.000000
2015,3,0.000000,-180.000000,2.500000,-177.500000,1666.170000,8.061602,16.883031,0.816243,25.760877,,,,,,,,,,1.000000,0.000000
2015,3,5.000000,145.000000,7.500000,147.500000,3291.370000,8.315382,25.848203,1.302801,35.466386,28.527295,0.553945,26.582047,0.201860,0.732576,0.025984,0.005556,0.083914,200.625992,1.000000,0.000000
2015,3,5.000000,150.000000,7.500000,152.500000,2414.080000,8.578423,23.641719,1.345440,33.565582,28.861274,0.565198,28.226309,0.221695,116.721214,0.045812,0.028396,0.081450,200.069672,1.000000,0.000000
2015,3,5.000000,155.000000,7.500000,157.500000,4827.210000,14.560792,20.721908,2.520296,37.802996,29.004844,0.569166,32.182775,0.177837,124.378006,0.050263,0.027801,0.079874,199.890228,1.000000,0.000000
2015,3,5.000000,165.000000,7.500000,167.500000,5366.940000,15.146434,11.353024,1.664822,28.164280,28.816330,0.558062,32.124537,0.243952,131.050885,0.037440,0.049008,0.072338,199.519028,1.000000,0.000000
2015,3,5.000000,170.000000,7.500000,172.500000,3541.580000,16.994675,14.686101,1.569638,33.250414,28.772378,0.567145,33.362828,0.223811,130.410837,0.025549,0.038819,0.071434,199.455826,1.000000,0.000000
2015,3,5.000000,-170.000000,7.500000,-167.500000,3130.690000,4.559698,17.757427,0.646822,22.963947,,,,,,,,,,1.000000,0.000000
2015,3,5.000000,175.000000,7.500000,177.500000,4972.970000,4.260834,13.262296,0.505131,18.028261,28.768582,0.584108,42.956245,0.164520,0.840083,0.020023,0.005278,0.099591,200.098328,1.000000,0.000000
2015,3,5.000000,-175.000000,7.500000,-172.500000,4938.840000,2.433365,25.055074,0.422771,27.911210,,,,,,,,,,1.000000,0.000000
2015,3,5.000000,-180.000000,7.500000,-177.500000,2467.970000,5.882567,27.937131,0.461918,34.281616,,,,,,,,,,1.000000,0.000000
2015,3,-5.000000,120.000000,-2.500000,122.500000,21639.770000,14.948542,2.897443,0.000000,17.845984,29.658374,0.638771,13.307909,0.089546,136.464027,0.017845,0.226506,0.108066,200.091782,1.000000,0.000000
2015,3,-5.000000,125.000000,-2.500000,127.500000,32459.650000,14.948559,2.897443,0.000000,17.846003,29.294106,0.620450,19.898305,0.152044,133.070624,0.015591,0.138080,0.096779,199.599304,1.000000,0.000000
2015,3,-5.000000,130.000000,-2.500000,132.500000,10819.880000,14.948595,2.897444,0.000000,17.846039,29.053966,0.607153,19.880910,0.181775,132.787596,0.032089,0.208523,0.169123,199.409271,1.000000,0.000000
2015,3,-5.000000,-155.000000,-2.500000,-152.500000,3381.950000,2.066855,16.880794,0.163219,19.110868,,,,,,,,,,1.000000,0.000000
2015,3,-5.000000,160.000000,-2.500000,162.500000,7764.480000,9.469275,9.267073,0.582525,19.318873,29.870291,0.728944,32.459785,0.165880,0.358537,0.013735,0.000000,0.206331,198.748672,1.000000,0.000000
2015,3,-5.000000,-160.000000,-2.500000,-157.500000,2004.030000,4.777873,9.044276,0.177642,13.999790,,,,,,,,,,1.000000,0.000000
2015,3,-5.000000,165.000000,-2.500000,167.500000,1681.450000,3.768176,9.616105,2.375331,15.759612,30.078121,0.755269,31.921345,0.145004,0.379122,0.022018,0.000000,0.175442,198.401443,1.000000,0.000000
2015,3,-5.000000,-165.000000,-2.500000,-162.500000,5490.140000,7.001097,20.479441,1.414172,28.894709,,,,,,,,,,1.000000,0.000000
2015,3,-5.000000,170.000000,-2.500000,172.500000,5674.230000,6.027602,11.402604,8.924735,26.354942,30.185416,0.759723,28.863298,0.118417,135.768718,0.020653,0.009476,0.160225,198.437347,1.000000,0.000000
2015,3,-5.000000,-170.000000,-2.500000,-167.500000,9062.160000,6.277642,14.698593,0.302798,21.279033,,,,,,,,,,1.000000,0.000000
2015,3,-5.000000,175.000000,-2.500000,177.500000,14361.420000,8.180876,15.703183,3.005552,26.889611,30.199690,0.749564,21.513260,0.134377,96.007380,0.019910,0.001668,0.154912,200.312439,1.000000,0.000000
2015,3,-5.000000,-180.000000,-2.500000,-177.500000,2859.700000,8.728888,6.989544,1.516243,17.234675,,,,,,,,,,1.000000,0.000000
2015,3,10.000000,110.000000,12.500000,112.500000,30571.130000,10.288171,2.112549,0.000000,12.400719,27.428873,0.693814,17.021911,0.181748,2.018532,0.042440,0.081667,0.093904,208.212753,1.000000,0.000000
2015,3,10.000000,115.000000,12.500000,117.500000,30571.130000,10.288171,2.112549,0.000000,12.400719,27.786439,0.663950,16.080458,0.150051,126.186498,0.041461,0.090522,0.101055,206.958374,1.000000,0.000000
2015,3,10.000000,125.000000,12.500000,127.500000,1723.110000,5.651990,9.308750,7.856724,22.817464,27.649476,0.729969,40.795845,0.289745,123.942865,0.106312,0.034453,0.083012,203.739899,1.000000,0.000000
2015,3,10.000000,130.000000,12.500000,132.500000,19879.970000,5.021436,5.389897,2.276412,12.687746,27.556058,0.715457,45.122042,0.314542,0.714879,0.112121,0.000556,0.081051,203.606720,1.000000,0.000000
2015,3,10.000000,135.000000,12.500000,137.500000,16414.220000,3.390353,0.162420,1.359065,4.911839,27.626319,0.726853,42.911215,0.321633,112.196306,0.108482,0.005560,0.079832,203.309158,1.000000,0.000000
2015,3,10.000000,140.000000,12.500000,142.500000,2367.630000,1.540781,0.105168,1.633701,3.279651,27.766230,0.727951,36.772428,0.284296,87.440246,0.089668,0.004174,0.080635,203.229340,1.000000,0.000000
2015,3,10.000000,145.000000,12.500000,147.500000,1391.720000,10.742103,24.862041,3.510764,39.114908,27.744115,0.687329,37.262398,0.236983,87.166994,0.071702,0.012229,0.081605,203.024643,1.000000,0.000000
2015,3,10.000000,150.000000,12.500000,152.500000,3580.250000,4.536834,4.035752,12.058376,20.630962,27.822199,0.692989,34.355832,0.264188,0.488084,0.090107,0.000000,0.082238,202.807388,1.000000,0.000000
2015,3,10.000000,155.000000,12.500000,157.500000,34422.450000,2.424813,0.822777,1.268794,4.516384,27.774264,0.704350,40.191862,0.277932,0.418981,0.094354,0.000000,0.081535,203.237915,1.000000,0.000000
2015,3,10.000000,160.000000,12.500000,162.500000,2428.540000,0.132178,0.085648,0.023883,0.241709,27.682559,0.691203,39.054635,0.242644,123.989032,0.070069,0.005574,0.085936,203.667511,1.000000,0.000000
2015,3,10.000000,-160.000000,12.500000,-157.500000,2326.710000,1.352983,23.142119,0.155584,24.650687,,,,,,,,,,1.000000,0.000000
2015,3,10.000000,-165.000000,12.500000,-162.500000,9798.550000,2.181241,22.978196,1.691373,26.850810,,,,,,,,,,1.000000,0.000000
2015,3,10.000000,-170.000000,12.500000,-167.500000,6643.300000,5.666310,21.792483,1.971008,29.429801,,,,,,,,,,1.000000,0.000000
2015,3,10.000000,175.000000,12.500000,177.500000,2275.470000,5.332085,15.474605,2.607373,23.414064,26.888012,0.601222,44.801005,0.168601,0.929382,0.021375,0.029444,0.083998,205.985916,1.000000,0.000000
2015,3,10.000000,-175.000000,12.500000,-172.500000,7373.340000,1.890459,28.347804,2.621743,32.860006,,,,,,,,,,1.000000,0.000000
2015,3,10.000000,-180.000000,12.500000,-177.500000,5052.600000,3.201718,40.220283,2.265566,45.687567,,,,,,,,,,1.000000,0.000000
2015,3,-10.000000,-135.000000,-7.500000,-132.500000,3698.600000,2.536095,31.565998,5.070838,39.172930,,,,,,,,,,1.000000,0.000000
2015,3,-10.000000,-150.000000,-7.500000,-147.500000,2381.690000,4.598835,5.635074,18.704785,28.938695,,,,,,,,,,1.000000,0.000000
2015,3,-10.000000,155.000000,-7.500000,157.500000,14558.920000,13.880700,3.415775,3.273182,20.569658,29.530644,0.678776,19.305362,0.175844,132.919636,0.020033,0.101070,0.214806,198.881744,1.000000,0.000000
2015,3,-10.000000,160.000000,-7.500000,162.500000,16094.110000,8.824533,4.490028,5.074154,18.388715,29.550017,0.668881,22.156326,0.223029,132.990681,0.043624,0.031973,0.233554,199.223602,1.000000,0.000000
2015,3,-10.000000,165.000000,-7.500000,167.500000,7356.820000,7.365275,4.585269,6.352881,18.303425,29.584952,0.706480,21.528097,0.261714,0.364145,0.064445,0.000000,0.275368,198.807343,1.000000,0.000000
2015,3,-10.000000,-165.000000,-7.500000,-162.500000,7612.120000,8.945603,6.049038,11.481690,26.476330,,,,,,,,,,1.000000,0.000000
2015,3,-10.000000,170.000000,-7.500000,172.500000,6115.270000,4.307905,4.726692,9.735465,18.770062,29.656455,0.775822,22.812121,0.215502,0.465093,0.045143,0.000000,0.269753,198.301849,1.000000,0.000000
2015,3,-10.000000,-170.000000,-7.500000,-167.500000,11032.500000,8.610469,5.350646,12.854475,26.815590,,,,,,,,,,1.000000,0.000000
2015,3,-10.000000,175.000000,-7.500000,177.500000,2281.120000,6.934313,8.031581,7.883408,22.849302,30.086725,0.805979,24.046128,0.136516,0.557936,0.020136,0.000000,0.102193,196.988098,1.000000,0.000000
2015,3,-10.000000,-175.000000,-7.500000,-172.500000,4224.490000,4.800579,4.514628,19.181960,28.497168,,,,,,,,,,1.000000,0.000000
2015,3,-10.000000,-180.000000,-7.500000,-177.500000,5837.470000,5.220070,6.624616,14.580803,26.425489,,,,,,,,,,1.000000,0.000000
2015,3,15.000000,110.000000,17.500000,112.500000,30571.130000,10.288171,2.112549,0.000000,12.400719,25.474040,0.585764,13.516743,0.229043,109.395800,0.064677,0.335160,0.126496,214.583786,1.000000,0.000000
2015,3,15.000000,115.000000,17.500000,117.500000,30571.130000,10.288171,2.112549,0.000000,12.400719,26.269396,0.543592,12.479988,0.138195,123.701451,0.071221,0.259610,0.114526,212.648865,1.000000,0.000000
2015,3,15.000000,120.000000,17.500000,122.500000,2739.350000,16.016573,1.469327,2.459708,19.945608,26.433457,0.809250,20.750235,0.308453,123.614813,0.129232,0.381057,0.103295,208.557053,1.000000,0.000000
2015,3,15.000000,125.000000,17.500000,127.500000,9549.250000,12.666963,1.617823,8.232479,22.517266,26.201442,0.894612,29.420184,0.147117,3.904508,0.040317,0.181944,0.080537,209.090393,1.000000,0.000000
2015,3,15.000000,130.000000,17.500000,132.500000,4458.120000,3.638305,2.012508,14.948678,20.599490,26.326411,0.904912,36.774212,0.204555,4.629236,0.053254,0.183889,0.097926,207.795364,1.000000,0.000000
2015,3,15.000000,135.000000,17.500000,137.500000,4085.480000,7.664950,1.633345,17.156368,26.454664,26.354618,0.913757,36.073685,0.187752,1.755027,0.043525,0.171111,0.102682,207.369446,1.000000,0.000000
2015,3,15.000000,140.000000,17.500000,142.500000,3158.980000,17.389790,3.855991,43.211416,64.457198,26.531637,0.910945,34.139956,0.173284,1.914264,0.048060,0.138056,0.090799,206.629700,1.000000,0.000000
2015,3,15.000000,150.000000,17.500000,152.500000,3975.040000,7.473132,2.169789,19.394522,29.037444,26.648933,0.845510,37.446764,0.143783,2.348220,0.042737,0.125833,0.076626,205.926453,1.000000,0.000000
2015,3,15.000000,155.000000,17.500000,157.500000,1044.900000,0.713944,1.180017,5.427314,7.321275,26.653504,0.841137,40.846526,0.128321,2.613898,0.025080,0.082222,0.067747,205.921738,1.000000,0.000000
2015,3,15.000000,160.000000,17.500000,162.500000,5805.750000,0.313310,0.785945,0.732894,1.832149,26.603099,0.834568,50.385553,0.146403,3.984064,0.034746,0.039167,0.059467,205.954666,1.000000,0.000000
2015,3,15.000000,-160.000000,17.500000,-157.500000,3246.490000,2.592646,17.705276,0.087171,20.385093,,,,,,,,,,1.000000,0.000000
2015,3,15.000000,165.000000,17.500000,167.500000,1064.370000,1.096423,1.205408,0.555258,2.857089,26.310681,0.819929,48.932914,0.172464,3.708412,0.039713,0.080278,0.054796,206.669739,1.000000,0.000000
2015,3,15.000000,-165.000000,17.500000,-162.500000,4868.880000,2.462784,16.271299,1.011937,19.746020,,,,,,,,,,1.000000,0.000000
2015,3,15.000000,175.000000,17.500000,177.500000,1280.070000,2.640481,2.492832,7.714422,12.847735,25.591815,0.697786,55.214175,0.185204,1.293070,0.062717,0.043889,0.063231,208.892838,1.000000,0.000000
2015,3,-15.000000,-135.000000,-12.500000,-132.500000,4788.380000,1.752994,2.313308,24.233457,28.299759,,,,,,,,,,1.000000,0.000000
2015,3,-15.000000,145.000000,-12.500000,147.500000,1170.750000,19.476404,0.257954,6.919496,26.653854,28.500054,0.593278,15.254096,0.294330,131.063051,0.078608,0.031840,0.100510,200.148972,1.000000,0.000000
2015,3,-15.000000,-145.000000,-12.500000,-142.500000,5441.330000,5.338585,6.228808,24.446413,36.013805,,,,,,,,,,1.000000,0.000000
2015,3,-15.000000,150.000000,-12.500000,152.500000,1079.390000,23.068585,2.541250,1.936279,27.546114,29.056969,0.730072,17.271737,0.174000,130.811107,0.039878,0.034726,0.089619,199.092651,1.000000,0.000000
2015,3,-15.000000,-150.000000,-12.500000,-147.500000,5888.290000,9.760559,4.064168,20.655912,34.480639,,,,,,,,,,1.000000,0.000000
2015,3,-15.000000,155.000000,-12.500000,157.500000,38620.390000,8.515683,1.370753,14.936618,24.823053,29.442425,0.646122,18.043222,0.126861,0.430453,0.035281,0.000000,0.087460,198.234192,1.000000,0.000000
2015,3,-15.000000,-155.000000,-12.500000,-152.500000,1248.830000,6.088899,1.539041,12.725511,20.353451,,,,,,,,,,1.000000,0.000000
2015,3,-15.000000,160.000000,-12.500000,162.500000,21941.670000,4.921458,1.346297,16.574582,22.842336,29.588879,0.616842,17.538663,0.141497,132.760734,0.037967,0.018274,0.087857,197.986984,1.000000,0.000000
2015,3,-15.000000,-160.000000,-12.500000,-157.500000,3316.390000,2.556394,1.447960,17.787112,21.791466,,,,,,,,,,1.000000,0.000000
2015,3,-15.000000,165.000000,-12.500000,167.500000,2859.420000,3.352428,0.868708,9.696722,13.917857,29.364152,0.588250,17.359171,0.172744,132.520984,0.055456,0.015355,0.076533,197.999649,1.000000,0.000000
2015,3,-15.000000,170.000000,-12.500000,172.500000,6647.590000,5.779087,1.134847,7.948745,14.862680,29.266274,0.662127,20.008487,0.161838,0.625551,0.044853,0.000000,0.101656,198.678497,1.000000,0.000000
2015,3,-15.000000,-170.000000,-12.500000,-167.500000,4408.330000,3.587526,4.033273,18.857708,26.478508,,,,,,,,,,1.000000,0.000000
2015,3,-15.000000,175.000000,-12.500000,177.500000,4625.020000,12.045570,3.261608,8.611638,23.918815,29.752899,0.689202,24.017983,0.123537,0.409872,0.031102,0.000000,0.068883,197.002258,1.000000,0.000000
2015,3,-15.000000,-175.000000,-12.500000,-172.500000,5941.390000,4.705128,1.227322,12.902705,18.835155,,,,,,,,,,1.000000,0.000000
2015,3,20.000000,120.000000,22.500000,122.500000,1402.460000,7.658685,1.964405,2.139811,11.762902,24.355117,0.846798,28.873438,0.337117,109.758045,0.163931,0.405346,0.247016,215.497803,1.000000,0.000000
2015,3,20.000000,135.000000,22.500000,137.500000,5301.240000,23.229659,4.594585,46.287095,74.111340,24.328641,0.984848,33.215881,0.219221,4.190136,0.087802,0.376667,0.089375,218.280777,1.000000,0.000000
2015,3,20.000000,140.000000,22.500000,142.500000,2260.140000,12.033768,2.271098,42.834515,57.139381,24.506904,0.947597,30.933678,0.179285,46.413426,0.075020,0.304807,0.079909,216.701675,1.000000,0.000000
2015,3,20.000000,150.000000,22.500000,152.500000,2306.280000,12.358430,3.013511,16.098652,31.470593,24.737317,0.894815,26.824542,0.168092,3.622717,0.057643,0.379167,0.082441,215.108826,1.000000,0.000000
2015,3,20.000000,-155.000000,22.500000,-152.500000,1575.020000,0.873640,6.728803,0.057777,7.660220,,,,,,,,,,1.000000,0.000000
2015,3,-20.000000,-135.000000,-17.500000,-132.500000,4131.190000,1.361593,1.058049,11.320951,13.740593,,,,,,,,,,1.000000,0.000000
2015,3,-20.000000,-145.000000,-17.500000,-142.500000,2396.460000,6.575950,2.958948,15.756992,25.291889,,,,,,,,,,1.000000,0.000000
2015,3,-20.000000,-150.000000,-17.500000,-147.500000,3926.820000,7.153626,1.538650,11.939687,20.631962,,,,,,,,,,1.000000,0.000000
2015,3,-20.000000,155.000000,-17.500000,157.500000,4678.740000,6.234157,1.486939,22.753348,30.474444,28.664097,0.666362,21.354311,0.145443,1.415181,0.041875,0.053611,0.093559,199.878815,1.000000,0.000000
2015,3,-20.000000,160.000000,-17.500000,162.500000,2030.320000,12.687655,1.483017,14.077091,28.247764,29.095524,0.717098,21.971632,0.127649,57.565907,0.035029,0.017783,0.096020,199.118240,1.000000,0.000000
2015,3,-20.000000,170.000000,-17.500000,172.500000,7160.940000,3.107693,0.678403,11.628501,15.414596,29.155969,0.776042,25.562856,0.166074,0.746387,0.043818,0.001944,0.082870,199.236237,1.000000,0.000000
2015,3,-20.000000,-170.000000,-17.500000,-167.500000,1231.030000,3.094157,1.770062,19.517802,24.382022,,,,,,,,,,1.000000,0.000000
2015,3,-20.000000,175.000000,-17.500000,177.500000,10595.520000,5.945060,2.634132,7.064590,15.643782,29.337732,0.739841,21.148835,0.082453,133.281261,0.024567,0.091336,0.094294,198.380203,1.000000,0.000000
2015,3,-20.000000,-175.000000,-17.500000,-172.500000,2852.760000,4.795356,2.994994,17.436097,25.226447,,,,,,,,,,1.000000,0.000000
2015,3,-20.000000,-180.000000,-17.500000,-177.500000,4461.580000,10.581005,1.904706,6.779213,19.264924,,,,,,,,,,1.000000,0.000000
2015,3,25.000000,130.000000,27.500000,132.500000,14181.570000,8.587695,2.490556,26.305762,37.384013,20.582650,0.906834,58.354844,0.181582,44.354664,0.096550,0.420672,0.478769,229.093689,1.000000,0.000000
2015,3,25.000000,135.000000,27.500000,137.500000,7711.830000,9.330600,2.854964,37.599895,49.785459,20.169159,0.965633,46.640126,0.166930,3.886656,0.082048,0.379444,0.515217,230.952621,1.000000,0.000000
2015,3,25.000000,140.000000,27.500000,142.500000,2623.410000,5.688017,2.505518,61.005333,69.198867,20.675752,0.918270,34.564270,0.148841,42.624461,0.087298,0.643234,0.294837,232.625885,1.000000,0.000000
2015,3,25.000000,150.000000,27.500000,152.500000,1813.160000,17.904653,2.025745,48.560524,68.490922,20.670348,0.877090,23.391676,0.130546,4.524529,0.063699,0.517222,0.096632,234.127182,1.000000,0.000000
2015,3,25.000000,155.000000,27.500000,157.500000,3066.480000,1.107785,4.445814,28.379119,33.932718,20.685846,0.803400,22.866884,0.088054,4.993551,0.040749,0.370278,0.073672,233.506073,1.000000,0.000000
2015,3,25.000000,160.000000,27.500000,162.500000,2217.910000,0.234004,3.136737,14.975811,18.346551,20.545702,0.781867,25.624783,0.130041,5.472372,0.059814,0.436389,0.066018,234.474396,1.000000,0.000000
2015,3,25.000000,-160.000000,27.500000,-157.500000,1521.740000,0.630857,7.925138,12.613193,21.169188,,,,,,,,,,1.000000,0.000000
2015,3,25.000000,165.000000,27.500000,167.500000,2213.530000,0.089902,3.633111,24.357926,28.080939,20.640755,0.747554,41.037479,0.129170,6.903051,0.048519,0.574167,0.060016,233.613754,1.000000,0.000000
2015,3,25.000000,-165.000000,27.500000,-162.500000,1451.060000,0.760823,6.816396,6.029385,13.606605,,,,,,,,,,1.000000,0.000000
2015,3,-25.000000,150.000000,-22.500000,152.500000,2398.630000,21.474759,8.456494,5.511479,35.442732,27.998931,0.662551,25.071596,0.169056,124.168653,0.088267,0.199738,0.126978,201.753983,1.000000,0.000000
2015,3,-25.000000,160.000000,-22.500000,162.500000,1002.430000,10.305957,0.709276,20.633860,31.649093,27.158931,0.638595,21.974273,0.141109,128.545152,0.055809,0.215592,0.091371,203.142212,1.000000,0.000000
2015,3,-25.000000,-180.000000,-22.500000,-177.500000,1331.320000,32.511342,4.856834,9.580717,46.948893,,,,,,,,,,1.000000,0.000000
2015,3,30.000000,130.000000,32.500000,132.500000,8094.480000,11.448666,3.130405,14.957601,29.536672,17.508061,0.592457,65.299676,0.412969,88.784637,0.391058,0.769557,0.967531,243.497589,1.000000,0.000000
2015,3,30.000000,135.000000,32.500000,137.500000,7662.950000,12.176120,5.758748,20.346994,38.281863,18.221112,0.716967,87.300165,0.432998,77.663375,0.443255,0.478646,0.714925,230.345642,1.000000,0.000000
2015,3,30.000000,140.000000,32.500000,142.500000,14378.680000,0.944315,8.060615,5.721874,14.726804,18.205446,0.854652,100.516319,0.336854,25.075701,0.195253,0.394167,0.856046,237.029068,1.000000,0.000000
2015,3,30.000000,145.000000,32.500000,147.500000,2354.800000,0.109988,8.922201,11.102004,20.134194,17.745205,0.928817,127.604252,0.231728,2.834271,0.154481,0.239167,0.774119,245.972641,1.000000,0.000000
2015,3,30.000000,155.000000,32.500000,157.500000,2199.710000,1.205159,9.304863,56.448350,66.958372,17.067420,0.670474,46.652927,0.309293,3.555125,0.301134,0.420556,0.811642,252.316040,1.000000,0.000000
2015,3,30.000000,160.000000,32.500000,162.500000,4682.230000,0.065140,9.739803,49.742751,59.547694,17.216789,0.741581,48.044698,0.247786,3.667075,0.197959,0.358611,0.825290,255.662659,1.000000,0.000000
2015,3,30.000000,165.000000,32.500000,167.500000,4174.200000,0.057975,8.909013,63.142878,72.109865,16.853757,0.643027,38.426111,0.228619,2.470938,0.242856,0.434444,0.611603,256.096497,1.000000,0.000000
2015,3,-30.000000,155.000000,-27.500000,157.500000,2566.540000,20.527636,6.665784,8.135466,35.328886,25.895576,0.696521,26.261560,0.260022,3.422511,0.127420,0.232222,0.081705,208.950195,1.000000,0.000000
2015,3,35.000000,140.000000,37.500000,142.500000,1300.450000,0.966588,17.829982,10.026529,28.823100,10.241567,0.024040,38.108188,0.295254,67.719664,0.150386,0.880639,1.097193,233.993576,1.000000,0.000000
2015,3,35.000000,145.000000,37.500000,147.500000,2405.770000,0.338353,17.114687,14.121466,31.574506,12.888351,0.118180,66.409933,0.320193,11.640580,0.246982,0.743611,0.771218,238.583344,1.000000,0.000000
2015,3,-40.000000,150.000000,-37.500000,152.500000,1029.810000,29.329682,5.568017,2.104272,37.001971,,,,,,,,,,1.000000,0.000000
2015,3,-40.000000,175.000000,-37.500000,177.500000,2026.510000,1.890442,6.324667,4.099166,12.314274,,,,,,,,,,1.000000,0.000000
2015,3,-45.000000,150.000000,-42.500000,152.500000,1078.180000,0.000000,0.066779,7.365189,7.431969,,,,,,,,,,1.000000,0.000000
2015,3,-45.000000,170.000000,-42.500000,172.500000,1230.820000,0.000000,0.000000,12.962903,12.962903,,,,,,,,,,1.000000,0.000000
2015,4,0.000000,120.000000,2.500000,122.500000,22570.090000,10.749315,2.083510,0.000000,12.832824,29.575370,0.591758,11.332815,0.286532,139.727923,0.029726,0.088765,0.117228,202.227859,0.866025,-0.500000
2015,4,0.000000,125.000000,2.500000,127.500000,30093.460000,10.749279,2.083509,0.000000,12.832788,29.347747,0.551709,11.729364,0.324628,136.212915,0.040652,0.165154,0.109488,201.244278,0.866025,-0.500000
2015,4,0.000000,130.000000,2.500000,132.500000,7523.360000,10.749319,2.083511,0.000000,12.832830,29.275303,0.578199,12.068040,0.265689,118.643329,0.017251,0.007502,0.107833,202.167755,0.866025,-0.500000
2015,4,0.000000,140.000000,2.500000,142.500000,4226.610000,24.632980,2.636865,0.563099,27.832944,29.616696,0.631030,13.543310,0.220823,0.341267,0.014369,0.000000,0.121986,201.499039,0.866025,-0.500000
2015,4,0.000000,145.000000,2.500000,147.500000,8542.840000,18.771041,5.928122,1.062410,25.761573,29.953117,0.650851,13.349687,0.238048,0.458930,0.021456,0.000000,0.118351,200.965408,0.866025,-0.500000
2015,4,0.000000,150.000000,2.500000,152.500000,1886.760000,8.268142,20.335390,0.445208,29.048740,29.982707,0.669014,15.681471,0.219146,0.484284,0.020206,0.000000,0.116098,200.206665,0.866025,-0.500000
2015,4,0.000000,155.000000,2.500000,157.500000,7675.200000,8.779967,5.008990,0.600506,14.389462,29.862062,0.666792,16.098472,0.265066,0.249472,0.026799,0.000000,0.154532,200.118118,0.866025,-0.500000
2015,4,0.000000,-155.000000,2.500000,-152.500000,4086.140000,8.736607,24.962923,0.194071,33.893601,,,,,,,,,,0.866025,-0.500000
2015,4,0.000000,160.000000,2.500000,162.500000,5379.890000,6.657013,5.203638,3.870711,15.731363,29.897761,0.669180,16.655816,0.207645,0.376840,0.022986,0.000000,0.169379,199.804962,0.866025,-0.500000
2015,4,0.000000,-160.000000,2.500000,-157.500000,3128.690000,15.106322,18.707830,0.630935,34.445087,,,,,,,,,,0.866025,-0.500000
2015,4,0.000000,165.000000,2.500000,167.500000,2713.610000,5.272681,5.177236,0.792671,11.242588,29.957018,0.671728,17.759984,0.207501,93.616628,0.023665,0.002779,0.135796,198.848343,0.866025,-0.500000
2015,4,0.000000,-165.000000,2.500000,-162.500000,4324.810000,16.098279,19.918563,0.646502,36.663345,,,,,,,,,,0.866025,-0.500000
2015,4,0.000000,170.000000,2.500000,172.500000,4246.500000,7.743789,8.774285,0.812434,17.330507,30.022817,0.662738,17.613814,0.254129,133.863633,0.030991,0.019537,0.141692,198.907318,0.866025,-0.500000
2015,4,0.000000,-170.000000,2.500000,-167.500000,3355.740000,3.421898,11.397188,0.194592,15.013678,,,,,,,,,,0.866025,-0.500000
2015,4,0.000000,175.000000,2.500000,177.500000,5460.500000,5.281751,22.439154,0.495559,28.216464,29.992020,0.659328,19.460256,0.218256,0.452653,0.026490,0.000000,0.161872,199.438034,0.866025,-0.500000
2015,4,0.000000,-175.000000,2.500000,-172.500000,4142.570000,4.248329,16.188743,0.238016,20.675088,,,,,,,,,,0.866025,-0.500000
2015,4,0.000000,-180.000000,2.500000,-177.500000,2059.310000,5.601876,20.785117,0.337977,26.724971,,,,,,,,,,0.866025,-0.500000
2015,4,5.000000,145.000000,7.500000,147.500000,1750.160000,15.274603,22.791059,1.518718,39.584381,29.054578,0.507453,16.806925,0.224058,0.637940,0.031478,0.000000,0.089389,200.666367,0.866025,-0.500000
2015,4,5.000000,150.000000,7.500000,152.500000,1571.120000,16.804573,19.333978,3.824024,39.962574,29.070218,0.497477,18.755120,0.273103,117.505001,0.043800,0.012806,0.084624,200.118927,0.866025,-0.500000
2015,4,5.000000,155.000000,7.500000,157.500000,3600.290000,10.046968,17.481370,0.423299,27.951637,29.081477,0.519887,20.219935,0.205775,124.195842,0.034371,0.004726,0.082121,199.941742,0.866025,-0.500000
2015,4,5.000000,160.000000,7.500000,162.500000,1181.320000,2.544611,14.361054,0.232790,17.138455,29.111098,0.529131,24.956979,0.207631,0.839402,0.031251,0.009722,0.077152,199.839478,0.866025,-0.500000
2015,4,5.000000,165.000000,7.500000,167.500000,5148.350000,2.902095,8.814280,0.539202,12.255577,28.995807,0.558828,25.430911,0.199538,130.767538,0.028602,0.043909,0.073508,199.415207,0.866025,-0.500000
2015,4,5.000000,-165.000000,7.500000,-162.500000,2624.590000,1.113317,15.202755,0.115066,16.431138,,,,,,,,,,0.866025,-0.500000
2015,4,5.000000,170.000000,7.500000,172.500000,3656.310000,4.612300,4.811682,0.423925,9.847907,28.840092,0.555168,26.564754,0.216068,129.892627,0.033341,0.027848,0.069684,199.403748,0.866025,-0.500000
2015,4,5.000000,-175.000000,7.500000,-172.500000,4880.240000,1.638444,13.028458,0.183802,14.850704,,,,,,,,,,0.866025,-0.500000
2015,4,5.000000,-180.000000,7.500000,-177.500000,3774.980000,1.485041,22.346079,0.051391,23.882511,,,,,,,,,,0.866025,-0.500000
2015,4,-5.000000,120.000000,-2.500000,122.500000,30093.460000,10.749279,2.083509,0.000000,12.832788,30.193883,0.609212,11.760657,0.137065,139.900105,0.018242,0.228112,0.105102,200.327316,0.866025,-0.500000
2015,4,-5.000000,125.000000,-2.500000,127.500000,45140.190000,10.749290,2.083509,0.000000,12.832799,29.917466,0.594796,11.789405,0.140634,135.436279,0.006462,0.139628,0.095097,199.932968,0.866025,-0.500000
2015,4,-5.000000,130.000000,-2.500000,132.500000,15046.730000,10.749312,2.083509,0.000000,12.832821,29.695771,0.590530,11.129408,0.082384,138.498917,0.008056,0.260654,0.154692,199.471588,0.866025,-0.500000
2015,4,-5.000000,-155.000000,-2.500000,-152.500000,4346.790000,5.860877,19.649442,1.106564,26.616883,,,,,,,,,,0.866025,-0.500000
2015,4,-5.000000,160.000000,-2.500000,162.500000,17155.690000,16.656806,10.802538,0.579341,28.038686,30.159010,0.706658,15.970888,0.229813,0.459313,0.029989,0.000000,0.162863,199.496384,0.866025,-0.500000
2015,4,-5.000000,-160.000000,-2.500000,-157.500000,3580.400000,7.082449,13.948442,1.024746,22.055636,,,,,,,,,,0.866025,-0.500000
2015,4,-5.000000,165.000000,-2.500000,167.500000,14580.270000,18.596706,15.918087,0.377908,34.892701,30.194313,0.706967,13.861508,0.197585,0.333779,0.021808,0.000000,0.145587,198.845520,0.866025,-0.500000
2015,4,-5.000000,-165.000000,-2.500000,-162.500000,4420.470000,8.020414,11.028692,2.002502,21.051608,,,,,,,,,,0.866025,-0.500000
2015,4,-5.000000,170.000000,-2.500000,172.500000,13699.710000,14.684106,14.193804,0.462565,29.340475,30.370227,0.711520,13.780622,0.254704,136.382888,0.023473,0.009476,0.137519,199.230896,0.866025,-0.500000
2015,4,-5.000000,-170.000000,-2.500000,-167.500000,6301.890000,5.494701,12.405961,1.776927,19.677589,,,,,,,,,,0.866025,-0.500000
2015,4,-5.000000,175.000000,-2.500000,177.500000,9632.830000,9.696216,15.140203,0.519162,25.355581,30.304712,0.704344,14.525726,0.269013,96.478490,0.028390,0.001668,0.147752,200.007401,0.866025,-0.500000
2015,4,-5.000000,-180.000000,-2.500000,-177.500000,2245.740000,5.258400,11.844203,1.851060,18.953663,,,,,,,,,,0.866025,-0.500000
2015,4,10.000000,110.000000,12.500000,112.500000,41643.080000,7.552779,1.550870,0.000000,9.103649,28.437591,0.690341,16.580961,0.190252,3.229383,0.046624,0.053889,0.088607,204.541794,0.866025,-0.500000
2015,4,10.000000,115.000000,12.500000,117.500000,41643.080000,7.552779,1.550870,0.000000,9.103649,28.850255,0.630585,13.564283,0.174559,131.870058,0.046545,0.087117,0.104066,204.018112,0.866025,-0.500000
2015,4,10.000000,125.000000,12.500000,127.500000,3365.860000,4.880773,14.569233,2.794531,22.244538,28.137272,0.730047,18.361205,0.266359,127.688483,0.092490,0.037058,0.090825,203.010315,0.866025,-0.500000
2015,4,10.000000,130.000000,12.500000,132.500000,18901.960000,4.839604,2.603857,1.098299,8.541760,28.094038,0.691476,23.381672,0.351862,0.518042,0.141915,0.000000,0.086470,202.742630,0.866025,-0.500000
2015,4,10.000000,135.000000,12.500000,137.500000,7922.440000,2.031950,1.154695,0.201453,3.388098,28.173502,0.703207,23.704492,0.336007,114.603846,0.133225,0.001946,0.086065,202.373825,0.866025,-0.500000
2015,4,10.000000,140.000000,12.500000,142.500000,4827.790000,6.558280,4.117205,0.720620,11.396105,28.166276,0.683606,23.168381,0.256436,88.830887,0.070193,0.004174,0.084198,202.142029,0.866025,-0.500000
2015,4,10.000000,145.000000,12.500000,147.500000,2913.220000,29.975079,22.087930,2.554905,54.617914,28.178162,0.703651,27.240019,0.284731,88.449641,0.085642,0.004447,0.083748,202.055740,0.866025,-0.500000
2015,4,10.000000,150.000000,12.500000,152.500000,5906.770000,4.797377,2.774782,3.047689,10.619848,28.079857,0.722582,29.210538,0.302441,0.444715,0.103788,0.000000,0.085000,202.397598,0.866025,-0.500000
2015,4,10.000000,155.000000,12.500000,157.500000,31407.480000,1.436791,0.495774,1.156794,3.089360,28.028901,0.719825,30.232739,0.265175,0.514017,0.085089,0.000000,0.082156,202.735001,0.866025,-0.500000
2015,4,10.000000,160.000000,12.500000,162.500000,4523.040000,0.494137,0.124253,0.242536,0.860925,27.950565,0.707488,31.885039,0.242647,125.284224,0.072970,0.005574,0.082961,203.108749,0.866025,-0.500000
2015,4,10.000000,-165.000000,12.500000,-162.500000,4403.610000,1.774453,14.213339,0.932417,16.920209,,,,,,,,,,0.866025,-0.500000
2015,4,10.000000,-170.000000,12.500000,-167.500000,5867.890000,1.619662,17.388363,2.068376,21.076401,,,,,,,,,,0.866025,-0.500000
2015,4,10.000000,-175.000000,12.500000,-172.500000,5458.300000,0.976861,12.904384,0.466446,14.347691,,,,,,,,,,0.866025,-0.500000
2015,4,10.000000,-180.000000,12.500000,-177.500000,4003.680000,0.966111,23.951215,0.513028,25.430354,,,,,,,,,,0.866025,-0.500000
2015,4,-10.000000,-135.000000,-7.500000,-132.500000,3543.090000,2.735183,18.694981,21.035029,42.465193,,,,,,,,,,0.866025,-0.500000
2015,4,-10.000000,-145.000000,-7.500000,-142.500000,1393.830000,4.291772,6.322866,22.871512,33.486150,,,,,,,,,,0.866025,-0.500000
2015,4,-10.000000,150.000000,-7.500000,152.500000,1794.720000,40.446421,0.683115,1.084292,42.213827,29.655336,0.637684,13.734794,0.226997,134.162382,0.037348,0.066867,0.118060,199.570312,0.866025,-0.500000
2015,4,-10.000000,-150.000000,-7.500000,-147.500000,7054.130000,5.357996,8.008358,12.450862,25.817216,,,,,,,,,,0.866025,-0.500000
2015,4,-10.000000,155.000000,-7.500000,157.500000,19500.620000,19.066368,6.189496,1.374520,26.630384,29.882267,0.681659,15.276855,0.211748,135.158874,0.047123,0.104935,0.125422,199.878891,0.866025,-0.500000
2015,4,-10.000000,-155.000000,-7.500000,-152.500000,1344.890000,11.016514,4.873261,9.649860,25.539635,,,,,,,,,,0.866025,-0.500000
2015,4,-10.000000,160.000000,-7.500000,162.500000,10199.670000,10.256704,4.679563,1.297297,16.233564,29.821157,0.692221,14.748770,0.224520,133.125977,0.064205,0.031973,0.144898,200.472992,0.866025,-0.500000
2015,4,-10.000000,-160.000000,-7.500000,-157.500000,1064.620000,9.261521,8.585223,6.716951,24.563694,,,,,,,,,,0.866025,-0.500000
2015,4,-10.000000,165.000000,-7.500000,167.500000,12421.120000,6.252576,6.741421,3.778403,16.772401,29.825516,0.751100,15.176728,0.174659,0.376519,0.038736,0.000000,0.171698,200.687210,0.866025,-0.500000
2015,4,-10.000000,-165.000000,-7.500000,-162.500000,17449.560000,7.913953,2.031627,14.017717,23.963298,,,,,,,,,,0.866025,-0.500000
2015,4,-10.000000,170.000000,-7.500000,172.500000,6931.330000,4.305667,2.866549,8.263638,15.435854,29.789001,0.757115,14.653463,0.119127,0.693883,0.024638,0.000556,0.212905,201.386292,0.866025,-0.500000
2015,4,-10.000000,-170.000000,-7.500000,-167.500000,4878.040000,3.468811,4.001607,7.972464,15.442883,,,,,,,,,,0.866025,-0.500000
2015,4,-10.000000,175.000000,-7.500000,177.500000,1303.830000,3.614735,4.592623,3.971377,12.178735,30.010035,0.763981,14.762821,0.115632,0.725785,0.018425,0.000556,0.093022,197.637207,0.866025,-0.500000
2015,4,-10.000000,-175.000000,-7.500000,-172.500000,7900.430000,3.401840,2.551507,14.832864,20.786210,,,,,,,,,,0.866025,-0.500000
2015,4,-10.000000,-180.000000,-7.500000,-177.500000,2451.400000,5.816268,4.921269,12.628294,23.365832,,,,,,,,,,0.866025,-0.500000
2015,4,15.000000,110.000000,17.500000,112.500000,41643.080000,7.552779,1.550870,0.000000,9.103649,26.845160,0.604703,14.856538,0.183171,114.711389,0.065681,0.249207,0.112744,208.552292,0.866025,-0.500000
2015,4,15.000000,115.000000,17.500000,117.500000,41643.080000,7.552779,1.550870,0.000000,9.103649,27.542780,0.534109,12.122565,0.156322,128.831929,0.078100,0.182451,0.110213,207.925110,0.866025,-0.500000
2015,4,15.000000,120.000000,17.500000,122.500000,3350.540000,13.248611,0.656909,2.025644,15.931163,27.718092,0.840761,14.871500,0.328454,130.356784,0.146837,0.258811,0.101814,205.453308,0.866025,-0.500000
2015,4,15.000000,125.000000,17.500000,127.500000,10997.280000,5.812892,0.879854,4.650605,11.343350,27.294123,0.944938,17.441753,0.182256,1.972234,0.053133,0.107500,0.085673,206.212219,0.866025,-0.500000
2015,4,15.000000,130.000000,17.500000,132.500000,8441.690000,1.843825,0.598577,6.850406,9.292807,27.218745,0.956963,20.151203,0.182497,1.701690,0.044779,0.087222,0.093847,206.070297,0.866025,-0.500000
2015,4,15.000000,135.000000,17.500000,137.500000,26535.130000,2.175456,0.507780,6.981952,9.665187,27.005222,0.923360,19.639510,0.221013,1.926820,0.054926,0.094444,0.089926,205.822479,0.866025,-0.500000
2015,4,15.000000,140.000000,17.500000,142.500000,19597.290000,2.601839,0.233706,7.797609,10.633154,27.190991,0.940788,27.450934,0.201267,1.176252,0.062882,0.038889,0.080827,205.495026,0.866025,-0.500000
2015,4,15.000000,150.000000,17.500000,152.500000,2090.110000,12.977307,2.216151,46.243021,61.436479,27.034572,0.842521,30.057893,0.140672,2.062124,0.040739,0.073056,0.077812,205.094727,0.866025,-0.500000
2015,4,15.000000,155.000000,17.500000,157.500000,3034.100000,1.668040,0.851982,3.921097,6.441119,26.934808,0.854853,33.778651,0.142232,1.210043,0.029453,0.032778,0.071707,205.313171,0.866025,-0.500000
2015,4,15.000000,-155.000000,17.500000,-152.500000,1266.810000,2.204751,19.188355,0.558884,21.951990,,,,,,,,,,0.866025,-0.500000
2015,4,15.000000,160.000000,17.500000,162.500000,10762.280000,0.451949,0.745381,0.137239,1.334569,26.840042,0.844890,30.968277,0.189396,2.626850,0.048854,0.092500,0.066678,205.784821,0.866025,-0.500000
2015,4,15.000000,-160.000000,17.500000,-157.500000,10455.050000,2.264839,13.631594,0.427066,16.323499,,,,,,,,,,0.866025,-0.500000
2015,4,15.000000,-165.000000,17.500000,-162.500000,5975.610000,1.610882,13.860008,1.134110,16.604999,,,,,,,,,,0.866025,-0.500000
2015,4,-15.000000,-135.000000,-12.500000,-132.500000,5042.740000,1.973927,1.806756,38.935380,42.716063,,,,,,,,,,0.866025,-0.500000
2015,4,-15.000000,145.000000,-12.500000,147.500000,1000.960000,32.805507,1.232816,20.754076,54.792399,27.866946,0.602575,19.733455,0.334032,127.601357,0.104870,0.073260,0.098412,201.278671,0.866025,-0.500000
2015,4,-15.000000,-145.000000,-12.500000,-142.500000,5080.340000,5.978143,5.091392,19.565029,30.634564,,,,,,,,,,0.866025,-0.500000
2015,4,-15.000000,-150.000000,-12.500000,-147.500000,6291.020000,5.003799,4.621349,14.440425,24.065573,,,,,,,,,,0.866025,-0.500000
2015,4,-15.000000,155.000000,-12.500000,157.500000,16218.880000,11.038555,1.361253,6.313938,18.713746,28.977477,0.576886,20.198973,0.158376,0.525640,0.042307,0.000000,0.086508,199.001938,0.866025,-0.500000
2015,4,-15.000000,-155.000000,-12.500000,-152.500000,1076.300000,7.918796,1.791322,16.939515,26.649633,,,,,,,,,,0.866025,-0.500000
2015,4,-15.000000,160.000000,-12.500000,162.500000,5886.180000,3.912724,1.006935,4.094676,9.014335,29.057670,0.579643,21.443823,0.163805,132.462672,0.038358,0.018274,0.082073,198.835953,0.866025,-0.500000
2015,4,-15.000000,-160.000000,-12.500000,-157.500000,14764.310000,6.105196,1.626151,14.845868,22.577215,,,,,,,,,,0.866025,-0.500000
2015,4,-15.000000,165.000000,-12.500000,167.500000,1665.020000,3.486445,0.833023,5.405340,9.724808,29.029538,0.602497,21.050062,0.242758,128.213239,0.064727,0.018146,0.077829,198.919067,0.866025,-0.500000
2015,4,-15.000000,170.000000,-12.500000,172.500000,7154.040000,2.353635,0.865804,9.754908,12.974347,29.099383,0.662143,23.522863,0.122421,0.789058,0.021222,0.001389,0.096208,198.971497,0.866025,-0.500000
2015,4,-15.000000,-170.000000,-12.500000,-167.500000,1395.280000,4.061550,1.764520,11.192736,17.018806,,,,,,,,,,0.866025,-0.500000
2015,4,-15.000000,175.000000,-12.500000,177.500000,6448.360000,7.689707,1.737031,13.474279,22.901017,29.311934,0.679112,26.407540,0.123431,0.563327,0.026651,0.000000,0.074379,197.915970,0.866025,-0.500000
2015,4,-15.000000,-175.000000,-12.500000,-172.500000,6419.020000,6.548819,1.684058,11.723129,19.956006,,,,,,,,,,0.866025,-0.500000
2015,4,20.000000,120.000000,22.500000,122.500000,2186.730000,7.416553,0.861103,1.338071,9.615728,25.873453,0.824793,16.222076,0.362497,117.550281,0.178770,0.405975,0.164508,211.396774,0.866025,-0.500000
2015,4,20.000000,125.000000,22.500000,127.500000,1162.820000,7.278857,0.395590,3.648888,11.323335,25.224679,0.967194,13.806870,0.264883,78.705791,0.133050,0.210673,0.111994,217.962036,0.866025,-0.500000
2015,4,20.000000,135.000000,22.500000,137.500000,6855.270000,9.137204,1.781987,22.531716,33.450907,25.580935,1.020288,14.929783,0.224433,2.479688,0.115978,0.270000,0.086027,213.316330,0.866025,-0.500000
2015,4,20.000000,140.000000,22.500000,142.500000,1309.590000,32.274987,0.930826,5.032109,38.237922,25.695804,0.951125,16.344236,0.203532,50.651096,0.064392,0.242845,0.077887,213.611664,0.866025,-0.500000
2015,4,20.000000,160.000000,22.500000,162.500000,7027.620000,0.673485,0.709629,0.017645,1.400759,24.714948,0.784772,25.446674,0.173629,3.346574,0.092750,0.320278,0.063236,213.809708,0.866025,-0.500000
2015,4,-20.000000,-145.000000,-17.500000,-142.500000,1648.650000,8.064174,3.159555,12.080187,23.303915,,,,,,,,,,0.866025,-0.500000
2015,4,-20.000000,-150.000000,-17.500000,-147.500000,3356.080000,4.362232,1.755918,7.488201,13.606350,,,,,,,,,,0.866025,-0.500000
2015,4,-20.000000,155.000000,-17.500000,157.500000,1767.450000,3.438287,0.284025,12.177431,15.899743,28.005564,0.718461,29.429170,0.174088,2.071956,0.052810,0.066389,0.081846,201.784470,0.866025,-0.500000
2015,4,-20.000000,-155.000000,-17.500000,-152.500000,1753.780000,2.118852,2.296753,7.741564,12.157169,,,,,,,,,,0.866025,-0.500000
2015,4,-20.000000,160.000000,-17.500000,162.500000,1446.030000,8.634676,0.664578,6.152708,15.451962,27.850769,0.704036,32.193764,0.132068,54.132210,0.036009,0.041956,0.082838,202.176910,0.866025,-0.500000
2015,4,-20.000000,170.000000,-17.500000,172.500000,3763.460000,2.803006,1.867165,10.245094,14.915264,27.898160,0.735332,37.776703,0.135145,1.423194,0.027519,0.138333,0.071638,201.571991,0.866025,-0.500000
2015,4,-20.000000,-170.000000,-17.500000,-167.500000,2318.980000,3.354061,1.519634,13.321805,18.195500,,,,,,,,,,0.866025,-0.500000
2015,4,-20.000000,175.000000,-17.500000,177.500000,12772.600000,8.092558,2.188043,6.541894,16.822495,28.094774,0.730785,35.467619,0.119783,127.391749,0.022041,0.177093,0.089812,201.490387,0.866025,-0.500000
2015,4,-20.000000,-175.000000,-17.500000,-172.500000,3397.650000,4.569629,2.683325,11.565052,18.818007,,,,,,,,,,0.866025,-0.500000
2015,4,-20.000000,-180.000000,-17.500000,-177.500000,4635.740000,9.773197,2.312684,8.505222,20.591103,,,,,,,,,,0.866025,-0.500000
2015,4,25.000000,125.000000,27.500000,127.500000,1421.420000,16.344219,0.104121,4.049472,20.497812,22.212306,0.756180,21.323578,0.293828,102.373412,0.258457,0.592811,0.306068,224.035034,0.866025,-0.500000
2015,4,25.000000,130.000000,27.500000,132.500000,6156.380000,5.678987,0.957381,4.215952,10.852319,22.593613,0.947419,15.411212,0.233105,46.305337,0.131677,0.342317,0.297345,229.664551,0.866025,-0.500000
2015,4,25.000000,155.000000,27.500000,157.500000,1242.310000,0.044272,1.011020,20.008693,21.063986,21.714250,0.782103,18.110829,0.135373,4.806029,0.051482,0.486389,0.063937,229.794785,0.866025,-0.500000
2015,4,25.000000,160.000000,27.500000,162.500000,1450.010000,0.496548,1.036545,0.000000,1.533093,21.511070,0.756983,20.034936,0.126498,3.792964,0.062546,0.453611,0.061891,230.632111,0.866025,-0.500000
2015,4,25.000000,165.000000,27.500000,167.500000,2671.500000,0.086843,0.488490,0.006363,0.581696,21.766638,0.748859,27.158932,0.137975,4.010776,0.059074,0.492778,0.059690,230.239807,0.866025,-0.500000
2015,4,25.000000,170.000000,27.500000,172.500000,1377.200000,0.161923,2.286523,0.000000,2.448446,21.468520,0.691789,25.000510,0.149198,6.443973,0.070613,0.528333,0.057806,232.097397,0.866025,-0.500000
2015,4,-25.000000,150.000000,-22.500000,152.500000,2168.750000,23.238732,11.448991,3.476196,38.163919,26.951660,0.659754,35.249430,0.164763,115.903894,0.078711,0.467911,0.159008,203.650558,0.866025,-0.500000
2015,4,-25.000000,160.000000,-22.500000,162.500000,2269.670000,12.180625,0.882067,18.139641,31.202333,26.225668,0.665836,34.632325,0.126311,119.360054,0.058621,0.196735,0.077335,206.594040,0.866025,-0.500000
2015,4,-25.000000,170.000000,-22.500000,172.500000,1580.840000,4.506465,1.120290,20.372713,25.999469,25.601536,0.692815,43.739299,0.153791,2.033863,0.068493,0.253611,0.071102,208.575974,0.866025,-0.500000
2015,4,-25.000000,-175.000000,-22.500000,-172.500000,1295.490000,7.631089,3.472045,10.189195,21.292330,,,,,,,,,,0.866025,-0.500000
2015,4,-25.000000,-180.000000,-22.500000,-177.500000,1386.630000,12.202246,3.333261,10.842114,26.377621,,,,,,,,,,0.866025,-0.500000
2015,4,30.000000,130.000000,32.500000,132.500000,6271.680000,9.820335,3.348385,6.992385,20.161105,19.661573,0.572879,18.496335,0.387522,99.237347,0.337879,0.731407,0.749846,242.029037,0.866025,-0.500000
2015,4,30.000000,135.000000,32.500000,137.500000,6323.060000,5.179138,5.547156,11.516576,22.242870,19.614615,0.756232,19.453316,0.437990,91.668520,0.478331,0.489018,0.709722,232.455521,0.866025,-0.500000
2015,4,30.000000,140.000000,32.500000,142.500000,12292.060000,5.935864,20.029027,10.944789,36.909680,19.695990,0.839197,22.877778,0.399780,27.415354,0.275580,0.473611,0.933920,243.129318,0.866025,-0.500000
2015,4,30.000000,145.000000,32.500000,147.500000,6499.900000,0.755242,11.504946,14.787920,27.048108,19.015616,0.911527,27.842631,0.213852,4.246409,0.142982,0.364444,0.908824,250.393326,0.866025,-0.500000
2015,4,30.000000,150.000000,32.500000,152.500000,2474.660000,0.051320,13.778458,35.587515,49.417294,19.110098,0.953149,27.559105,0.185173,2.568629,0.085783,0.295833,0.886193,253.725723,0.866025,-0.500000
2015,4,30.000000,155.000000,32.500000,157.500000,1249.120000,0.000000,2.597829,49.077751,51.675580,18.447787,0.678838,19.314657,0.339111,3.970935,0.263957,0.402778,0.638936,252.568130,0.866025,-0.500000
2015,4,30.000000,165.000000,32.500000,167.500000,1175.400000,0.015314,2.878169,15.376893,18.270376,17.671162,0.644981,24.711856,0.254540,3.559231,0.232669,0.430556,0.442008,254.074631,0.866025,-0.500000
2015,4,-30.000000,155.000000,-27.500000,157.500000,1719.250000,8.882361,12.453105,4.003490,25.338956,25.173007,0.653918,41.258102,0.240984,3.498432,0.118275,0.317778,0.083482,210.968567,0.866025,-0.500000
2015,4,-30.000000,160.000000,-27.500000,162.500000,2286.920000,1.635387,1.353349,9.904588,12.893324,24.613842,0.682690,46.529327,0.221944,2.314948,0.087740,0.135833,0.065308,213.647324,0.866025,-0.500000
2015,4,-30.000000,170.000000,-27.500000,172.500000,3287.840000,1.221166,0.649667,6.385956,8.256789,23.869820,0.616433,48.496033,0.176263,3.158500,0.092277,0.288056,0.061561,215.184570,0.866025,-0.500000
2015,4,-30.000000,-170.000000,-27.500000,-167.500000,2040.370000,0.570485,0.530296,6.958052,8.058832,,,,,,,,,,0.866025,-0.500000
2015,4,-30.000000,175.000000,-27.500000,177.500000,3360.190000,1.246656,1.275821,5.816040,8.338517,23.929416,0.618224,51.807970,0.156695,2.680368,0.062091,0.282500,0.058454,216.343567,0.866025,-0.500000
2015,4,-30.000000,-175.000000,-27.500000,-172.500000,2534.250000,0.768275,0.704350,7.995265,9.467890,,,,,,,,,,0.866025,-0.500000
2015,4,35.000000,140.000000,37.500000,142.500000,2357.240000,10.130492,21.698257,8.856544,40.685293,12.983437,0.095745,16.567594,0.357312,76.316755,0.242783,0.911901,1.238496,239.643982,0.866025,-0.500000
2015,4,35.000000,145.000000,37.500000,147.500000,6540.140000,0.830105,19.333531,9.606675,29.770311,14.309361,0.173944,28.817443,0.315034,16.314596,0.253383,0.772778,1.443691,249.511581,0.866025,-0.500000
2015,4,35.000000,150.000000,37.500000,152.500000,2645.670000,0.034018,13.009181,28.710686,41.753885,14.356363,0.181936,31.782698,0.282967,6.370673,0.226352,0.735833,1.377684,254.872620,0.866025,-0.500000
2015,4,-35.000000,160.000000,-32.500000,162.500000,1677.870000,1.349330,1.348138,8.341528,11.038996,22.510688,0.500225,43.027625,0.195777,3.457936,0.092263,0.353333,0.109941,217.429779,0.866025,-0.500000
2015,4,-35.000000,165.000000,-32.500000,167.500000,2126.240000,0.993773,1.563323,6.876928,9.434024,22.121185,0.476106,50.641739,0.152892,3.144507,0.103189,0.314167,0.064789,221.975052,0.866025,-0.500000
2015,4,-35.000000,170.000000,-32.500000,172.500000,1027.040000,1.441034,4.643441,6.200343,12.284819,21.864819,0.488999,52.361654,0.168623,89.340818,0.088192,0.295366,0.057766,223.133057,0.866025,-0.500000
2015,4,-35.000000,175.000000,-32.500000,177.500000,1117.180000,1.594193,3.098874,6.434057,11.127124,21.569462,0.488127,49.180368,0.150998,3.305677,0.086234,0.300556,0.054542,224.998657,0.866025,-0.500000
2015,4,-35.000000,-175.000000,-32.500000,-172.500000,1659.030000,0.582268,0.500292,6.644847,7.727407,,,,,,,,,,0.866025,-0.500000
2015,4,-40.000000,150.000000,-37.500000,152.500000,1146.600000,24.899703,1.867260,8.774638,35.541601,,,,,,,,,,0.866025,-0.500000
2015,4,-40.000000,155.000000,-37.500000,157.500000,1501.670000,0.214428,3.041947,23.687628,26.944002,,,,,,,,,,0.866025,-0.500000
2015,4,-40.000000,160.000000,-37.500000,162.500000,3861.670000,1.295295,1.427621,11.056874,13.779790,,,,,,,,,,0.866025,-0.500000
2015,4,-40.000000,165.000000,-37.500000,167.500000,2892.240000,1.278940,1.259577,6.464885,9.003402,,,,,,,,,,0.866025,-0.500000
2015,4,-45.000000,150.000000,-42.500000,152.500000,19329.110000,0.008640,0.024781,5.959664,5.993085,,,,,,,,,,0.866025,-0.500000
2015,4,-45.000000,155.000000,-42.500000,157.500000,1816.200000,0.000000,0.000000,7.689131,7.689131,,,,,,,,,,0.866025,-0.500000
2015,4,-45.000000,165.000000,-42.500000,167.500000,1242.500000,0.000000,0.000000,8.458753,8.458753,,,,,,,,,,0.866025,-0.500000
2015,5,0.000000,120.000000,2.500000,122.500000,16720.110000,14.510251,2.812481,0.000000,17.322733,29.882415,0.571633,11.389078,0.327909,137.944307,0.026108,0.093110,0.114510,202.006363,0.500000,-0.866025
2015,5,0.000000,125.000000,2.500000,127.500000,22293.480000,14.510207,2.812481,0.000000,17.322688,29.718098,0.543408,11.849647,0.440265,137.002297,0.044535,0.138234,0.110058,200.955170,0.500000,-0.866025
2015,5,0.000000,130.000000,2.500000,132.500000,5573.370000,14.510251,2.812481,0.000000,17.322733,29.586764,0.568605,12.558677,0.363981,118.335561,0.030113,0.008058,0.115478,200.980042,0.500000,-0.866025
2015,5,0.000000,135.000000,2.500000,137.500000,1116.260000,56.084604,3.593249,0.167524,59.845377,29.403434,0.568517,13.830862,0.388809,0.367383,0.051388,0.000000,0.134666,201.832809,0.500000,-0.866025
2015,5,0.000000,140.000000,2.500000,142.500000,4463.040000,17.413243,3.398132,0.455967,21.267342,29.568624,0.606931,15.863310,0.284884,0.278672,0.034690,0.000000,0.118863,200.969223,0.500000,-0.866025
2015,5,0.000000,145.000000,2.500000,147.500000,10409.110000,13.542272,7.071306,1.166190,21.779768,29.774177,0.608455,16.189349,0.383684,0.241115,0.044859,0.000000,0.109051,200.407944,0.500000,-0.866025
2015,5,0.000000,150.000000,2.500000,152.500000,3366.940000,13.364064,25.755731,0.166026,39.285820,29.846948,0.629560,19.838770,0.339676,0.337783,0.030674,0.000000,0.104359,199.935272,0.500000,-0.866025
2015,5,0.000000,155.000000,2.500000,157.500000,3000.580000,8.900946,16.255191,0.205294,25.361430,29.808349,0.635770,22.227225,0.360661,0.283451,0.041489,0.000000,0.136008,199.813049,0.500000,-0.866025
2015,5,0.000000,-155.000000,2.500000,-152.500000,6147.700000,6.593035,21.112449,0.553378,28.258861,,,,,,,,,,0.500000,-0.866025
2015,5,0.000000,160.000000,2.500000,162.500000,5580.670000,11.819190,9.891644,0.370565,22.081399,29.832706,0.655506,19.265488,0.352207,0.255656,0.044143,0.000000,0.161023,199.863861,0.500000,-0.866025
2015,5,0.000000,-160.000000,2.500000,-157.500000,2439.820000,10.042134,13.607151,0.235673,23.884959,,,,,,,,,,0.500000,-0.866025
2015,5,0.000000,165.000000,2.500000,167.500000,1299.420000,10.558557,10.653215,0.995059,22.206831,29.906809,0.668354,20.165119,0.317414,93.585565,0.048153,0.002779,0.151925,199.651093,0.500000,-0.866025
2015,5,0.000000,-165.000000,2.500000,-162.500000,2250.110000,6.656563,25.376537,0.253321,32.286422,,,,,,,,,,0.500000,-0.866025
2015,5,0.000000,170.000000,2.500000,172.500000,2656.070000,10.024585,13.650243,0.336964,24.011792,30.013274,0.663228,20.611323,0.308294,134.005139,0.056060,0.019537,0.135424,199.231506,0.500000,-0.866025
2015,5,0.000000,-170.000000,2.500000,-167.500000,2171.430000,1.663420,16.548081,0.015197,18.226699,,,,,,,,,,0.500000,-0.866025
2015,5,0.000000,-175.000000,2.500000,-172.500000,1105.890000,1.240630,30.222717,0.121169,31.584516,,,,,,,,,,0.500000,-0.866025
2015,5,0.000000,-180.000000,2.500000,-177.500000,1035.240000,20.538233,22.861365,0.388316,43.787914,,,,,,,,,,0.500000,-0.866025
2015,5,5.000000,145.000000,7.500000,147.500000,2989.350000,14.108084,21.219998,0.386706,35.714787,29.512892,0.449201,16.253650,0.197166,0.756990,0.029129,0.001389,0.095817,200.256912,0.500000,-0.866025
2015,5,5.000000,160.000000,7.500000,162.500000,2668.850000,6.340559,17.876988,1.464676,25.682223,29.210215,0.491078,22.753712,0.243215,0.463110,0.034573,0.000000,0.078367,199.349747,0.500000,-0.866025
2015,5,5.000000,165.000000,7.500000,167.500000,6800.180000,5.529707,11.858363,0.518516,17.906585,29.164878,0.522878,23.367367,0.226872,131.998505,0.033011,0.041643,0.076179,199.354797,0.500000,-0.866025
2015,5,5.000000,170.000000,7.500000,172.500000,1924.510000,4.829281,10.651542,0.721742,16.202566,28.925324,0.507271,24.281961,0.255205,130.771812,0.042690,0.037693,0.070328,199.469131,0.500000,-0.866025
2015,5,-5.000000,120.000000,-2.500000,122.500000,22293.480000,14.510207,2.812481,0.000000,17.322688,29.662466,0.582931,16.631240,0.167066,137.346869,0.023172,0.218876,0.096743,200.610611,0.500000,-0.866025
2015,5,-5.000000,125.000000,-2.500000,127.500000,33440.230000,14.510217,2.812481,0.000000,17.322698,29.447390,0.548053,14.681577,0.139613,135.096230,0.022214,0.165015,0.092675,200.120987,0.500000,-0.866025
2015,5,-5.000000,130.000000,-2.500000,132.500000,11146.740000,14.510251,2.812481,0.000000,17.322733,29.386957,0.549500,12.755273,0.153594,137.783037,0.031033,0.301614,0.149978,199.193741,0.500000,-0.866025
2015,5,-5.000000,-155.000000,-2.500000,-152.500000,3340.420000,5.170907,12.975913,0.856180,19.003000,,,,,,,,,,0.500000,-0.866025
2015,5,-5.000000,160.000000,-2.500000,162.500000,18065.000000,17.194741,7.696319,0.189427,25.080487,30.068886,0.707531,25.891905,0.179484,0.430879,0.017391,0.000000,0.158520,198.661270,0.500000,-0.866025
2015,5,-5.000000,-160.000000,-2.500000,-157.500000,2074.490000,6.939537,13.680953,0.965056,21.585546,,,,,,,,,,0.500000,-0.866025
2015,5,-5.000000,165.000000,-2.500000,167.500000,22954.040000,24.529712,13.836475,0.825519,39.191707,30.179690,0.730994,24.645096,0.136569,0.286400,0.022034,0.000000,0.149597,198.670532,0.500000,-0.866025
2015,5,-5.000000,-165.000000,-2.500000,-162.500000,3060.140000,5.685688,20.817348,3.826622,30.329658,,,,,,,,,,0.500000,-0.866025
2015,5,-5.000000,170.000000,-2.500000,172.500000,9412.600000,19.950279,12.486348,1.229947,33.666575,30.381984,0.733519,21.027109,0.143611,136.649519,0.020995,0.009476,0.139748,199.465179,0.500000,-0.866025
2015,5,-5.000000,-170.000000,-2.500000,-167.500000,2750.650000,13.430644,11.818661,4.524385,29.773690,,,,,,,,,,0.500000,-0.866025
2015,5,-5.000000,175.000000,-2.500000,177.500000,9597.790000,11.229668,13.011016,0.789453,25.030137,30.461619,0.716231,17.818043,0.147625,96.787016,0.015805,0.001668,0.142015,200.672241,0.500000,-0.866025
2015,5,-5.000000,-180.000000,-2.500000,-177.500000,1652.540000,10.311399,9.252424,3.707626,23.271449,,,,,,,,,,0.500000,-0.866025
2015,5,10.000000,110.000000,12.500000,112.500000,24870.210000,12.646496,2.596802,0.000000,15.243297,29.993481,0.762000,17.689419,0.182877,0.991545,0.057282,0.005556,0.087877,200.797867,0.500000,-0.866025
2015,5,10.000000,115.000000,12.500000,117.500000,24870.210000,12.646496,2.596802,0.000000,15.243297,30.405519,0.662373,12.393382,0.109103,137.708186,0.028785,0.049659,0.095249,200.885483,0.500000,-0.866025
2015,5,10.000000,125.000000,12.500000,127.500000,2326.030000,8.981397,4.594094,0.208940,13.784431,29.232261,0.725664,14.801434,0.308376,133.846278,0.141017,0.040533,0.104753,201.303635,0.500000,-0.866025
2015,5,10.000000,130.000000,12.500000,132.500000,13073.460000,5.274962,2.010944,0.344744,7.630650,29.103770,0.697497,17.423823,0.345263,0.414915,0.153450,0.000000,0.096271,200.995819,0.500000,-0.866025
2015,5,10.000000,135.000000,12.500000,137.500000,6474.290000,1.384553,1.007678,0.817232,3.209464,28.981925,0.707574,18.498910,0.283540,116.634798,0.107764,0.001946,0.092432,200.825699,0.500000,-0.866025
2015,5,10.000000,150.000000,12.500000,152.500000,2178.320000,7.782144,4.616861,21.364171,33.763175,28.448238,0.729030,26.567000,0.329821,0.397223,0.133294,0.000000,0.083870,201.595428,0.500000,-0.866025
2015,5,10.000000,155.000000,12.500000,157.500000,8318.930000,9.724207,1.803958,14.298473,25.826639,28.295134,0.721715,28.847622,0.321750,0.452489,0.127961,0.000000,0.083103,201.777542,0.500000,-0.866025
2015,5,10.000000,-160.000000,12.500000,-157.500000,4363.130000,0.848473,18.463351,0.073113,19.384937,,,,,,,,,,0.500000,-0.866025
2015,5,10.000000,-165.000000,12.500000,-162.500000,4664.740000,1.887779,25.458439,0.998126,28.344345,,,,,,,,,,0.500000,-0.866025
2015,5,10.000000,175.000000,12.500000,177.500000,1573.970000,1.127086,27.747670,5.732638,34.607394,27.708233,0.633297,33.867409,0.187175,1.134936,0.038447,0.018333,0.066605,203.786148,0.500000,-0.866025
2015,5,10.000000,-175.000000,12.500000,-172.500000,5171.000000,0.612454,12.349836,0.196867,13.159157,,,,,,,,,,0.500000,-0.866025
2015,5,10.000000,-180.000000,12.500000,-177.500000,10354.970000,0.646260,23.532468,0.369678,24.548405,,,,,,,,,,0.500000,-0.866025
2015,5,-10.000000,-135.000000,-7.500000,-132.500000,1098.300000,4.040790,14.903032,13.658381,32.602203,,,,,,,,,,0.500000,-0.866025
2015,5,-10.000000,-145.000000,-7.500000,-142.500000,1929.120000,5.595816,10.112383,22.086236,37.794435,,,,,,,,,,0.500000,-0.866025
2015,5,-10.000000,-150.000000,-7.500000,-147.500000,5526.520000,7.817940,11.033345,27.413454,46.264738,,,,,,,,,,0.500000,-0.866025
2015,5,-10.000000,155.000000,-7.500000,157.500000,6014.990000,15.289302,7.302423,0.455861,23.047586,29.489047,0.699083,16.894953,0.157023,132.613724,0.037424,0.107610,0.135030,199.764572,0.500000,-0.866025
2015,5,-10.000000,-155.000000,-7.500000,-152.500000,1771.040000,25.974004,17.521343,11.629325,55.124673,,,,,,,,,,0.500000,-0.866025
2015,5,-10.000000,160.000000,-7.500000,162.500000,19317.100000,10.702901,7.441386,4.340714,22.485000,29.622223,0.754020,20.777025,0.188658,131.783641,0.031417,0.031973,0.111869,199.989609,0.500000,-0.866025
2015,5,-10.000000,-160.000000,-7.500000,-157.500000,3059.800000,16.402706,7.534806,14.806850,38.744362,,,,,,,,,,0.500000,-0.866025
2015,5,-10.000000,165.000000,-7.500000,167.500000,27478.190000,20.531811,7.581249,6.031110,34.144170,29.873930,0.786026,25.103255,0.149424,0.477438,0.028996,0.000000,0.119554,199.396881,0.500000,-0.866025
2015,5,-10.000000,-165.000000,-7.500000,-162.500000,17047.460000,13.229420,4.251953,22.307663,39.789036,,,,,,,,,,0.500000,-0.866025
2015,5,-10.000000,170.000000,-7.500000,172.500000,12443.310000,12.231553,7.946760,15.979992,36.158305,29.976016,0.817987,25.568705,0.130910,0.516561,0.017712,0.000000,0.102922,197.989838,0.500000,-0.866025
2015,5,-10.000000,-170.000000,-7.500000,-167.500000,12911.080000,19.240761,4.417601,17.611695,41.270056,,,,,,,,,,0.500000,-0.866025
2015,5,-10.000000,175.000000,-7.500000,177.500000,2951.820000,13.922936,6.173479,12.111172,32.207587,30.231877,0.810113,21.580868,0.164147,0.594305,0.024886,0.000000,0.093850,197.762329,0.500000,-0.866025
2015,5,-10.000000,-175.000000,-7.500000,-172.500000,6099.430000,8.977560,1.944280,23.277585,34.199425,,,,,,,,,,0.500000,-0.866025
2015,5,-10.000000,-180.000000,-7.500000,-177.500000,5873.180000,14.462863,5.513878,21.761465,41.738207,,,,,,,,,,0.500000,-0.866025
2015,5,15.000000,110.000000,17.500000,112.500000,24870.210000,12.646496,2.596802,0.000000,15.243297,29.175240,0.641501,12.687232,0.285026,129.133348,0.076913,0.132391,0.103265,202.024338,0.500000,-0.866025
2015,5,15.000000,115.000000,17.500000,117.500000,24870.210000,12.646496,2.596802,0.000000,15.243297,29.658640,0.628666,11.700704,0.183534,136.003707,0.076419,0.059053,0.097160,202.447754,0.500000,-0.866025
2015,5,15.000000,120.000000,17.500000,122.500000,3700.010000,15.044284,1.036754,0.330269,16.411307,29.167054,0.871687,12.070777,0.331796,137.187365,0.138020,0.279001,0.117552,201.315659,0.500000,-0.866025
2015,5,15.000000,125.000000,17.500000,127.500000,6506.720000,4.044127,0.842206,5.581921,10.468254,29.111156,0.981232,14.127400,0.167569,1.412459,0.046257,0.023889,0.104797,202.198547,0.500000,-0.866025
2015,5,15.000000,130.000000,17.500000,132.500000,16288.080000,2.467940,0.870759,5.206875,8.545574,28.957528,0.958282,13.921231,0.211865,0.643806,0.059669,0.000000,0.102239,202.211380,0.500000,-0.866025
2015,5,15.000000,135.000000,17.500000,137.500000,17692.140000,2.863305,1.910792,5.098874,9.872972,28.525600,0.994103,15.498444,0.205421,0.851457,0.067573,0.008333,0.097015,202.245300,0.500000,-0.866025
2015,5,15.000000,140.000000,17.500000,142.500000,9735.700000,2.455499,1.100178,6.328975,9.884651,28.276294,0.933894,18.161905,0.187108,0.972428,0.070477,0.013611,0.090775,202.472992,0.500000,-0.866025
2015,5,15.000000,150.000000,17.500000,152.500000,3636.050000,5.539253,1.097070,16.998391,23.634713,27.866983,0.930112,24.202239,0.143495,0.686133,0.027813,0.002222,0.087243,203.326263,0.500000,-0.866025
2015,5,15.000000,155.000000,17.500000,157.500000,8096.420000,4.212356,2.717127,13.725326,20.654808,27.576172,0.892860,26.142919,0.153525,1.242238,0.041182,0.021667,0.081963,203.829529,0.500000,-0.866025
2015,5,15.000000,-155.000000,17.500000,-152.500000,2562.180000,0.671303,12.230210,0.094841,12.996355,,,,,,,,,,0.500000,-0.866025
2015,5,15.000000,160.000000,17.500000,162.500000,1132.350000,3.864530,3.156268,7.631916,14.652713,27.379665,0.856134,26.050516,0.169506,0.775476,0.055891,0.008611,0.072814,204.445618,0.500000,-0.866025
2015,5,15.000000,-160.000000,17.500000,-157.500000,11926.020000,1.956981,14.982702,0.689501,17.629184,,,,,,,,,,0.500000,-0.866025
2015,5,15.000000,-165.000000,17.500000,-162.500000,5536.510000,3.356808,12.267295,2.598027,18.222129,,,,,,,,,,0.500000,-0.866025
2015,5,-15.000000,-135.000000,-12.500000,-132.500000,2383.210000,3.578787,5.412448,37.830909,46.822143,,,,,,,,,,0.500000,-0.866025
2015,5,-15.000000,145.000000,-12.500000,147.500000,1033.760000,39.216066,0.215717,25.820306,65.252089,27.229946,0.655470,35.443480,0.231206,123.501467,0.071126,0.099465,0.086538,203.358414,0.500000,-0.866025
2015,5,-15.000000,-145.000000,-12.500000,-142.500000,8824.010000,9.883262,5.222456,33.975596,49.081313,,,,,,,,,,0.500000,-0.866025
2015,5,-15.000000,-150.000000,-12.500000,-147.500000,6733.900000,6.609543,3.974368,23.187752,33.771663,,,,,,,,,,0.500000,-0.866025
2015,5,-15.000000,155.000000,-12.500000,157.500000,8982.050000,15.285820,1.672781,9.681643,26.640244,28.378527,0.572587,25.841422,0.223816,0.713493,0.043936,0.001667,0.081787,200.377243,0.500000,-0.866025
2015,5,-15.000000,160.000000,-12.500000,162.500000,9889.890000,18.405058,2.519846,15.269937,36.194841,28.650215,0.610173,30.082226,0.228868,130.630626,0.051053,0.029519,0.076207,199.931519,0.500000,-0.866025
2015,5,-15.000000,-160.000000,-12.500000,-157.500000,17671.390000,6.116157,2.119188,24.618097,32.853443,,,,,,,,,,0.500000,-0.866025
2015,5,-15.000000,165.000000,-12.500000,167.500000,12011.070000,16.065097,4.522162,18.527075,39.114334,28.634609,0.669819,30.269259,0.177420,125.473208,0.033716,0.041597,0.076569,199.303391,0.500000,-0.866025
2015,5,-15.000000,170.000000,-12.500000,172.500000,17182.050000,7.679584,3.629078,22.707884,34.016546,28.807131,0.691178,33.027344,0.164842,0.710108,0.036776,0.001111,0.082024,199.096985,0.500000,-0.866025
2015,5,-15.000000,-170.000000,-12.500000,-167.500000,6117.780000,13.336537,1.383018,34.676631,49.396186,,,,,,,,,,0.500000,-0.866025
2015,5,-15.000000,175.000000,-12.500000,177.500000,10558.480000,7.620604,2.152867,22.628162,32.401634,29.038449,0.721691,38.048530,0.136651,0.594609,0.039055,0.000000,0.082967,199.061127,0.500000,-0.866025
2015,5,-15.000000,-175.000000,-12.500000,-172.500000,11193.050000,11.375988,1.668535,25.052778,38.097301,,,,,,,,,,0.500000,-0.866025
2015,5,20.000000,120.000000,22.500000,122.500000,9211.000000,10.441646,0.702964,0.262729,11.407339,27.828971,0.865453,12.005195,0.327359,125.404230,0.188816,0.349686,0.153342,205.770325,0.500000,-0.866025
2015,5,20.000000,125.000000,22.500000,127.500000,5582.150000,18.707129,0.076494,0.420089,19.203712,27.658783,1.040793,12.176487,0.242097,85.277394,0.105915,0.301834,0.112259,208.438751,0.500000,-0.866025
2015,5,20.000000,135.000000,22.500000,137.500000,6668.700000,4.466688,0.234079,5.681017,10.381784,27.746841,0.972567,12.038662,0.235761,2.437991,0.103338,0.134444,0.101517,206.578415,0.500000,-0.866025
2015,5,20.000000,140.000000,22.500000,142.500000,2463.620000,14.632127,1.943482,10.213832,26.789440,27.585012,0.997107,12.954892,0.265514,54.521868,0.125193,0.255627,0.095530,207.140442,0.500000,-0.866025
2015,5,20.000000,145.000000,22.500000,147.500000,6217.040000,4.981953,0.319605,10.143251,15.444810,27.512222,0.938283,13.568530,0.194021,1.760121,0.079222,0.085556,0.092287,207.002869,0.500000,-0.866025
2015,5,20.000000,150.000000,22.500000,152.500000,1997.130000,5.998608,0.619890,18.885100,25.503598,27.296998,0.930462,15.037488,0.217644,1.327775,0.079367,0.073611,0.085062,207.541382,0.500000,-0.866025
2015,5,20.000000,155.000000,22.500000,157.500000,1817.260000,1.634329,0.000000,0.079790,1.714119,26.866076,0.872412,15.644170,0.170247,1.379543,0.098064,0.110278,0.079365,208.001373,0.500000,-0.866025
2015,5,20.000000,160.000000,22.500000,162.500000,9215.860000,1.906713,0.378044,0.059788,2.344545,26.447826,0.802505,14.779606,0.186549,1.976389,0.077722,0.118889,0.079379,208.611115,0.500000,-0.866025
2015,5,-20.000000,-145.000000,-17.500000,-142.500000,1038.550000,10.031294,2.998411,13.488036,26.517741,,,,,,,,,,0.500000,-0.866025
2015,5,-20.000000,-150.000000,-17.500000,-147.500000,1152.120000,4.629726,2.216783,12.910981,19.757491,,,,,,,,,,0.500000,-0.866025
2015,5,-20.000000,155.000000,-17.500000,157.500000,1097.000000,31.076572,2.730173,17.969006,51.775752,27.130501,0.744362,39.652362,0.166615,1.589576,0.050322,0.063889,0.071649,204.337341,0.500000,-0.866025
2015,5,-20.000000,-155.000000,-17.500000,-152.500000,2520.770000,8.110220,3.961091,15.344914,27.416226,,,,,,,,,,0.500000,-0.866025
2015,5,-20.000000,170.000000,-17.500000,172.500000,4052.320000,6.240869,1.561328,18.557024,26.359221,27.106768,0.734409,43.499941,0.123199,1.705572,0.031276,0.213611,0.065788,203.455078,0.500000,-0.866025
2015,5,-20.000000,-170.000000,-17.500000,-167.500000,3548.530000,4.077181,1.126382,27.957210,33.160774,,,,,,,,,,0.500000,-0.866025
2015,5,-20.000000,175.000000,-17.500000,177.500000,11986.890000,7.348361,1.933863,10.979412,20.261636,27.196772,0.745037,43.295818,0.102999,123.619173,0.031338,0.239354,0.084277,204.237534,0.500000,-0.866025
2015,5,-20.000000,-175.000000,-17.500000,-172.500000,4017.010000,9.382103,2.661432,20.957130,33.000665,,,,,,,,,,0.500000,-0.866025
2015,5,-20.000000,-180.000000,-17.500000,-177.500000,3219.580000,12.373974,2.199666,7.131365,21.705005,,,,,,,,,,0.500000,-0.866025
2015,5,25.000000,120.000000,27.500000,122.500000,1606.880000,12.788758,0.205989,0.000000,12.994748,23.121710,0.405912,12.570776,0.233316,116.453950,0.183415,0.868019,0.334236,217.955276,0.500000,-0.866025
2015,5,25.000000,125.000000,27.500000,127.500000,5046.300000,26.038484,0.058062,0.723104,26.819650,24.198017,0.767637,13.435515,0.282413,108.281047,0.235282,0.603482,0.176656,215.367035,0.500000,-0.866025
2015,5,25.000000,130.000000,27.500000,132.500000,3702.980000,31.554856,0.465301,2.240628,34.260785,24.772236,1.046099,12.128161,0.263365,49.153855,0.131862,0.578494,0.131952,219.560806,0.500000,-0.866025
2015,5,25.000000,135.000000,27.500000,137.500000,2619.950000,4.137865,0.000000,0.235501,4.373366,24.603133,0.971101,11.364119,0.179338,4.319471,0.105170,0.475833,0.141076,219.233673,0.500000,-0.866025
2015,5,25.000000,145.000000,27.500000,147.500000,3881.560000,4.345160,0.053329,0.106658,4.505147,24.858885,0.885832,11.483989,0.147408,2.871732,0.069519,0.470556,0.105361,219.815872,0.500000,-0.866025
2015,5,25.000000,150.000000,27.500000,152.500000,2555.710000,2.186868,0.000000,0.000000,2.186868,25.033624,0.869234,11.647814,0.153066,3.646271,0.086752,0.426389,0.091053,218.378113,0.500000,-0.866025
2015,5,25.000000,155.000000,27.500000,157.500000,2474.900000,2.782335,1.012566,0.041618,3.836519,24.886790,0.778787,11.210763,0.139943,3.025376,0.060849,0.376944,0.088578,219.000488,0.500000,-0.866025
2015,5,25.000000,160.000000,27.500000,162.500000,9194.070000,1.449739,1.095162,0.047966,2.592867,24.944173,0.790968,11.311474,0.167822,2.395041,0.081652,0.273333,0.086578,219.964127,0.500000,-0.866025
2015,5,25.000000,-160.000000,27.500000,-157.500000,1671.990000,0.787086,13.876279,0.030503,14.693868,,,,,,,,,,0.500000,-0.866025
2015,5,25.000000,165.000000,27.500000,167.500000,11499.480000,1.406498,0.585766,0.072351,2.064615,24.528945,0.810294,11.491957,0.143837,2.659095,0.063113,0.408056,0.080665,220.090805,0.500000,-0.866025
2015,5,25.000000,-165.000000,27.500000,-162.500000,1360.270000,0.871151,19.563763,0.655017,21.089931,,,,,,,,,,0.500000,-0.866025
2015,5,-25.000000,150.000000,-22.500000,152.500000,2399.210000,21.728819,15.011191,4.662785,41.402795,25.346611,0.696292,40.514822,0.142398,103.183468,0.052362,0.479371,0.219157,208.685165,0.500000,-0.866025
2015,5,-25.000000,155.000000,-22.500000,157.500000,1028.010000,25.219599,2.671180,23.698213,51.588992,25.235796,0.739452,49.017019,0.136420,50.785310,0.074625,0.251181,0.069645,209.282364,0.500000,-0.866025
2015,5,-25.000000,160.000000,-22.500000,162.500000,1867.890000,13.962814,1.826125,32.274384,48.063323,25.143458,0.706977,48.797149,0.119828,116.589491,0.047640,0.233324,0.065731,209.920654,0.500000,-0.866025
2015,5,-25.000000,-160.000000,-22.500000,-157.500000,1037.020000,5.381767,3.784884,7.172475,16.339126,,,,,,,,,,0.500000,-0.866025
2015,5,-25.000000,175.000000,-22.500000,177.500000,1334.810000,4.447824,2.759943,14.713705,21.921472,24.712552,0.667291,60.719968,0.130094,3.512803,0.055157,0.257500,0.063431,211.837402,0.500000,-0.866025
2015,5,-25.000000,-180.000000,-22.500000,-177.500000,1924.990000,15.414106,3.853527,9.637453,28.905085,,,,,,,,,,0.500000,-0.866025
2015,5,30.000000,130.000000,32.500000,132.500000,2589.280000,18.303544,4.647238,14.361908,37.312689,21.773388,0.580689,13.854287,0.345767,101.723862,0.299825,0.709827,0.299898,228.361252,0.500000,-0.866025
2015,5,30.000000,135.000000,32.500000,137.500000,3251.020000,1.521061,1.594884,21.836224,24.952169,21.560861,0.850217,13.571008,0.395919,99.837725,0.469136,0.483832,0.295133,223.888123,0.500000,-0.866025
2015,5,30.000000,140.000000,32.500000,142.500000,5162.080000,2.411044,12.768109,32.636650,47.815803,21.867988,0.811279,15.209875,0.404462,29.236838,0.292084,0.429722,0.331454,232.859589,0.500000,-0.866025
2015,5,30.000000,145.000000,32.500000,147.500000,10857.800000,1.897990,13.494078,32.646116,48.038185,21.242317,1.001273,13.138770,0.184349,2.897948,0.119596,0.366111,0.388647,239.291733,0.500000,-0.866025
2015,5,30.000000,150.000000,32.500000,152.500000,5217.720000,1.313792,9.106660,24.806812,35.227264,21.070708,0.948795,13.686492,0.188700,3.588029,0.109333,0.442500,0.323254,240.213989,0.500000,-0.866025
2015,5,30.000000,155.000000,32.500000,157.500000,1116.120000,0.974806,4.311364,3.145719,8.431889,20.434535,0.721453,12.696675,0.289580,3.826493,0.287100,0.523889,0.288233,240.700821,0.500000,-0.866025
2015,5,30.000000,175.000000,32.500000,177.500000,1225.860000,0.000000,0.032630,0.000000,0.032630,18.934203,0.506139,12.912891,0.269855,3.460250,0.161979,0.620556,0.203581,245.855164,0.500000,-0.866025
2015,5,-30.000000,150.000000,-27.500000,152.500000,1646.580000,29.886796,18.591262,2.805816,51.283873,24.073917,0.578225,44.953144,0.252734,108.514014,0.118342,0.531429,0.297727,210.746262,0.500000,-0.866025
2015,5,-30.000000,155.000000,-27.500000,157.500000,2145.150000,15.921497,9.160199,13.655455,38.737151,23.943362,0.666155,58.687775,0.230721,3.410549,0.110510,0.296389,0.126355,215.062851,0.500000,-0.866025
2015,5,-30.000000,160.000000,-27.500000,162.500000,1205.260000,5.884208,1.602144,23.436437,30.922788,23.486086,0.696695,63.694294,0.206561,2.620121,0.103869,0.179444,0.064272,218.069977,0.500000,-0.866025
2015,5,-30.000000,-160.000000,-27.500000,-157.500000,1162.520000,1.858033,1.720401,64.367925,67.946358,,,,,,,,,,0.500000,-0.866025
2015,5,-30.000000,-165.000000,-27.500000,-162.500000,1348.520000,2.368523,1.947320,33.906060,38.221903,,,,,,,,,,0.500000,-0.866025
2015,5,-30.000000,170.000000,-27.500000,172.500000,3422.660000,1.186504,1.306002,18.041815,20.534321,22.858988,0.644353,68.656180,0.169384,2.631852,0.076272,0.218889,0.052904,219.105423,0.500000,-0.866025
2015,5,-30.000000,-170.000000,-27.500000,-167.500000,3565.350000,1.173798,1.105361,27.812978,30.092137,,,,,,,,,,0.500000,-0.866025
2015,5,35.000000,140.000000,37.500000,142.500000,1172.380000,1.023559,7.498422,22.675242,31.197223,17.108945,0.203638,12.922177,0.414452,88.122888,0.313291,0.816341,0.616355,237.045914,0.500000,-0.866025
2015,5,35.000000,145.000000,37.500000,147.500000,12100.690000,1.375376,12.189222,18.789507,32.354105,17.255818,0.144747,13.604686,0.335719,8.044253,0.256527,0.850278,0.798464,246.120163,0.500000,-0.866025
2015,5,35.000000,150.000000,37.500000,152.500000,5713.100000,0.816369,10.792389,38.114684,49.723443,16.570423,0.196505,14.706531,0.300871,6.470977,0.201082,0.794722,0.984272,260.837311,0.500000,-0.866025
2015,5,-35.000000,-135.000000,-32.500000,-132.500000,2526.390000,0.209390,1.071489,41.151604,42.432483,,,,,,,,,,0.500000,-0.866025
2015,5,-35.000000,-150.000000,-32.500000,-147.500000,1927.360000,0.182633,0.602378,31.204342,31.989353,,,,,,,,,,0.500000,-0.866025
2015,5,-35.000000,-155.000000,-32.500000,-152.500000,2565.590000,0.451748,1.097603,25.245655,26.795006,,,,,,,,,,0.500000,-0.866025
2015,5,-35.000000,160.000000,-32.500000,162.500000,1926.820000,0.575560,1.673223,23.931659,26.180442,21.105638,0.472762,62.499833,0.183008,4.448595,0.092422,0.431944,0.294819,220.094818,0.500000,-0.866025
2015,5,-35.000000,-160.000000,-32.500000,-157.500000,2867.250000,0.558375,1.544337,50.843142,52.945854,,,,,,,,,,0.500000,-0.866025
2015,5,-35.000000,165.000000,-32.500000,167.500000,2186.030000,0.793676,1.086444,20.721125,22.601245,20.780966,0.475293,74.734153,0.153220,3.963428,0.116176,0.363056,0.166710,226.498886,0.500000,-0.866025
2015,5,-35.000000,-165.000000,-32.500000,-162.500000,4341.600000,1.138060,1.037866,53.706698,55.882624,,,,,,,,,,0.500000,-0.866025
2015,5,-35.000000,-170.000000,-32.500000,-167.500000,1965.510000,1.384374,1.718638,46.541610,49.644621,,,,,,,,,,0.500000,-0.866025
2015,5,-35.000000,-175.000000,-32.500000,-172.500000,1856.710000,0.629608,1.297456,29.016917,30.943982,,,,,,,,,,0.500000,-0.866025
2015,5,-40.000000,150.000000,-37.500000,152.500000,2274.940000,15.558652,2.093682,6.901720,24.554054,,,,,,,,,,0.500000,-0.866025
2015,5,-40.000000,155.000000,-37.500000,157.500000,9200.410000,1.785355,2.689554,18.580585,23.055494,,,,,,,,,,0.500000,-0.866025
2015,5,-40.000000,160.000000,-37.500000,162.500000,4894.290000,0.858347,2.539899,29.397931,32.796177,,,,,,,,,,0.500000,-0.866025
2015,5,-40.000000,165.000000,-37.500000,167.500000,2358.340000,0.221766,0.399009,18.376909,18.997685,,,,,,,,,,0.500000,-0.866025
2015,5,-40.000000,175.000000,-37.500000,177.500000,1665.470000,0.771554,2.585456,17.686899,21.043910,,,,,,,,,,0.500000,-0.866025
2015,5,-45.000000,150.000000,-42.500000,152.500000,5138.090000,0.000000,0.088360,6.298644,6.387004,,,,,,,,,,0.500000,-0.866025
2015,5,-45.000000,155.000000,-42.500000,157.500000,3094.000000,0.010666,0.193924,8.876212,9.080802,,,,,,,,,,0.500000,-0.866025
2015,5,-45.000000,165.000000,-42.500000,167.500000,6082.460000,0.000000,0.000000,0.777810,0.777810,,,,,,,,,,0.500000,-0.866025
2015,6,0.000000,120.000000,2.500000,122.500000,12599.070000,19.256421,3.732418,0.000000,22.988840,29.600403,0.561566,13.309130,0.228610,135.012115,0.021342,0.103042,0.110829,201.701904,0.000000,-1.000000
2015,6,0.000000,125.000000,2.500000,127.500000,16798.760000,19.256362,3.732418,0.000000,22.988780,29.353499,0.535253,15.962861,0.516205,136.352419,0.038144,0.169691,0.121708,200.813568,0.000000,-1.000000
2015,6,0.000000,130.000000,2.500000,132.500000,4199.690000,19.256421,3.732418,0.000000,22.988840,29.438274,0.592600,20.005058,0.700978,116.790633,0.033446,0.024173,0.153418,200.896133,0.000000,-1.000000
2015,6,0.000000,140.000000,2.500000,142.500000,4313.510000,9.437558,1.780453,0.392488,11.610498,29.565656,0.582235,16.542940,0.479682,0.199087,0.057233,0.000000,0.111413,200.843796,0.000000,-1.000000
2015,6,0.000000,145.000000,2.500000,147.500000,12601.470000,14.149064,4.356714,1.491969,19.997746,29.636490,0.579157,16.612836,0.450403,0.198713,0.060601,0.000000,0.103240,200.386902,0.000000,-1.000000
2015,6,0.000000,150.000000,2.500000,152.500000,4433.630000,18.688975,40.484885,0.145028,59.318888,29.645377,0.590133,14.651640,0.379561,0.335613,0.047471,0.000000,0.098565,199.928848,0.000000,-1.000000
2015,6,0.000000,155.000000,2.500000,157.500000,8522.760000,20.521873,20.141832,0.087530,40.751236,29.743960,0.604814,17.731382,0.309772,0.368368,0.041452,0.000000,0.101016,200.032532,0.000000,-1.000000
2015,6,0.000000,160.000000,2.500000,162.500000,4243.790000,30.466399,20.139781,0.197936,50.804116,29.799779,0.610222,18.315896,0.281332,0.315847,0.041677,0.000000,0.106053,199.695740,0.000000,-1.000000
2015,6,0.000000,165.000000,2.500000,167.500000,5524.370000,24.150446,22.623032,0.267542,47.041020,29.850748,0.619199,19.075172,0.337567,93.447066,0.041287,0.002779,0.096614,198.972092,0.000000,-1.000000
2015,6,0.000000,-165.000000,2.500000,-162.500000,1062.890000,3.865875,31.626038,0.041397,35.533310,,,,,,,,,,0.000000,-1.000000
2015,6,0.000000,170.000000,2.500000,172.500000,2427.460000,12.028211,12.702578,0.727097,25.457886,30.006157,0.620156,18.010989,0.393817,134.216095,0.041866,0.019537,0.099839,199.375732,0.000000,-1.000000
2015,6,0.000000,-170.000000,2.500000,-167.500000,2117.020000,4.211108,22.961049,0.008503,27.180660,,,,,,,,,,0.000000,-1.000000
2015,6,0.000000,175.000000,2.500000,177.500000,1378.750000,2.999093,42.800363,0.199456,45.998912,30.002163,0.612045,19.254595,0.316203,0.433765,0.038499,0.000000,0.121123,199.603043,0.000000,-1.000000
2015,6,0.000000,-175.000000,2.500000,-172.500000,3571.130000,3.613422,32.736137,0.076446,36.426005,,,,,,,,,,0.000000,-1.000000
2015,6,5.000000,145.000000,7.500000,147.500000,1561.210000,12.192466,16.752391,0.012811,28.957667,29.570821,0.398683,17.034882,0.236411,0.573119,0.040107,0.000000,0.097937,199.940826,0.000000,-1.000000
2015,6,5.000000,165.000000,7.500000,167.500000,2375.690000,5.781478,11.669873,0.424298,17.875649,29.171153,0.497481,22.999199,0.262467,131.858311,0.045229,0.041643,0.079568,199.399872,0.000000,-1.000000
2015,6,5.000000,170.000000,7.500000,172.500000,3362.440000,4.913991,11.987723,0.540381,17.442096,29.136919,0.479074,23.681163,0.296387,131.353223,0.052453,0.034599,0.075111,199.373871,0.000000,-1.000000
2015,6,-5.000000,120.000000,-2.500000,122.500000,16798.760000,19.256362,3.732418,0.000000,22.988780,28.839064,0.538931,18.250560,0.151152,134.061038,0.025660,0.254217,0.101132,201.405869,0.000000,-1.000000
2015,6,-5.000000,125.000000,-2.500000,127.500000,25198.140000,19.256382,3.732418,0.000000,22.988800,28.431857,0.511957,17.530522,0.153590,132.402778,0.025474,0.232817,0.096374,200.773163,0.000000,-1.000000
2015,6,-5.000000,130.000000,-2.500000,132.500000,8399.380000,19.256421,3.732418,0.000000,22.988840,28.362153,0.520615,14.466494,0.253463,132.768924,0.054854,0.489450,0.191736,201.090088,0.000000,-1.000000
2015,6,-5.000000,-155.000000,-2.500000,-152.500000,1766.350000,11.385060,7.889150,2.371557,21.645767,,,,,,,,,,0.000000,-1.000000
2015,6,-5.000000,160.000000,-2.500000,162.500000,16981.940000,41.204715,11.507225,0.161407,52.873347,30.033649,0.658662,25.310527,0.191769,0.226099,0.022767,0.000000,0.146503,198.969040,0.000000,-1.000000
2015,6,-5.000000,-160.000000,-2.500000,-157.500000,2178.730000,7.106893,8.654124,2.019525,17.780542,,,,,,,,,,0.000000,-1.000000
2015,6,-5.000000,165.000000,-2.500000,167.500000,7093.010000,37.308562,11.284067,0.640631,49.233259,30.135630,0.664333,23.271721,0.257295,0.244597,0.022188,0.000000,0.130365,199.096878,0.000000,-1.000000
2015,6,-5.000000,-165.000000,-2.500000,-162.500000,2222.920000,4.052777,16.405449,0.756213,21.214439,,,,,,,,,,0.000000,-1.000000
2015,6,-5.000000,170.000000,-2.500000,172.500000,4290.630000,21.460485,13.682606,1.453633,36.596724,30.366920,0.663084,21.262250,0.281217,135.447057,0.021502,0.009476,0.132098,199.771637,0.000000,-1.000000
2015,6,-5.000000,-170.000000,-2.500000,-167.500000,4005.460000,17.378279,9.116306,1.891918,28.386502,,,,,,,,,,0.000000,-1.000000
2015,6,-5.000000,175.000000,-2.500000,177.500000,3675.480000,8.487327,12.616039,0.450553,21.553919,30.361557,0.657797,20.201125,0.295686,95.828568,0.023156,0.001668,0.148585,200.398666,0.000000,-1.000000
2015,6,10.000000,110.000000,12.500000,112.500000,17480.500000,17.992678,3.694574,0.000000,21.687252,30.256770,0.747383,21.766311,0.216574,1.521215,0.066921,0.033889,0.084531,198.190735,0.000000,-1.000000
2015,6,10.000000,115.000000,12.500000,117.500000,17480.500000,17.992678,3.694574,0.000000,21.687252,30.589249,0.685593,17.033382,0.096724,139.053843,0.024613,0.034336,0.086587,198.365631,0.000000,-1.000000
2015,6,10.000000,125.000000,12.500000,127.500000,5509.160000,7.575928,6.079511,0.897596,14.553035,30.041958,0.742617,15.320133,0.316998,136.001607,0.140901,0.044007,0.106858,199.300476,0.000000,-1.000000
2015,6,10.000000,130.000000,12.500000,132.500000,16600.600000,6.517837,3.680048,3.408371,13.606255,29.862545,0.729441,18.038263,0.298433,0.358853,0.115586,0.000000,0.100873,199.231247,0.000000,-1.000000
2015,6,10.000000,135.000000,12.500000,137.500000,6735.020000,3.262945,3.279278,4.651508,11.193731,29.582172,0.715905,18.363710,0.232672,117.779595,0.081799,0.001946,0.098325,199.495148,0.000000,-1.000000
2015,6,10.000000,140.000000,12.500000,142.500000,1465.880000,5.465659,3.898682,0.775643,10.139984,29.192937,0.714263,20.201446,0.300085,91.484779,0.118243,0.004174,0.092531,200.096756,0.000000,-1.000000
2015,6,10.000000,150.000000,12.500000,152.500000,1969.150000,5.511007,4.883833,12.277379,22.672219,28.802787,0.715064,21.455700,0.321525,0.422626,0.143975,0.000000,0.087188,200.787903,0.000000,-1.000000
2015,6,10.000000,155.000000,12.500000,157.500000,5151.980000,8.944716,3.766707,7.433841,20.145265,28.645242,0.740102,22.987136,0.282346,0.293543,0.108190,0.000000,0.085830,200.780884,0.000000,-1.000000
2015,6,10.000000,-160.000000,12.500000,-157.500000,3313.420000,1.795124,41.162605,0.049797,43.007527,,,,,,,,,,0.000000,-1.000000
2015,6,10.000000,-165.000000,12.500000,-162.500000,3841.680000,1.743508,30.818548,0.422732,32.984788,,,,,,,,,,0.000000,-1.000000
2015,6,10.000000,170.000000,12.500000,172.500000,1483.490000,3.722978,21.946221,1.969006,27.638205,28.327127,0.669710,29.004839,0.181352,57.501588,0.038653,0.003056,0.069786,202.178925,0.000000,-1.000000
2015,6,10.000000,175.000000,12.500000,177.500000,5749.800000,1.546141,36.772236,0.520540,38.838916,28.117251,0.634518,31.170335,0.190944,0.608605,0.045346,0.000000,0.064159,202.271835,0.000000,-1.000000
2015,6,10.000000,-180.000000,12.500000,-177.500000,5397.220000,1.026825,18.523240,1.156707,20.706771,,,,,,,,,,0.000000,-1.000000
2015,6,-10.000000,-135.000000,-7.500000,-132.500000,3313.180000,5.350449,14.911052,5.987299,26.248800,,,,,,,,,,0.000000,-1.000000
2015,6,-10.000000,-145.000000,-7.500000,-142.500000,1677.720000,10.687719,7.283695,10.741363,28.712777,,,,,,,,,,0.000000,-1.000000
2015,6,-10.000000,-150.000000,-7.500000,-147.500000,18447.750000,15.944221,17.892643,11.098806,44.935670,,,,,,,,,,0.000000,-1.000000
2015,6,-10.000000,155.000000,-7.500000,157.500000,15937.800000,54.100315,10.376777,1.710901,66.187993,28.880808,0.680264,33.455918,0.167234,130.636518,0.032563,0.132283,0.297396,200.080780,0.000000,-1.000000
2015,6,-10.000000,-155.000000,-7.500000,-152.500000,15766.630000,20.426749,12.108041,7.969617,40.504407,,,,,,,,,,0.000000,-1.000000
2015,6,-10.000000,160.000000,-7.500000,162.500000,32514.350000,33.550478,8.950048,2.060352,44.560879,29.333382,0.744212,33.868752,0.217880,130.397102,0.030304,0.044248,0.187063,199.192719,0.000000,-1.000000
2015,6,-10.000000,-160.000000,-7.500000,-157.500000,5518.280000,10.182339,11.944120,5.813587,27.940047,,,,,,,,,,0.000000,-1.000000
2015,6,-10.000000,165.000000,-7.500000,167.500000,17726.200000,21.382699,6.485428,4.910020,32.778148,29.631176,0.780641,36.241156,0.211463,0.929922,0.032806,0.042222,0.144786,198.036774,0.000000,-1.000000
2015,6,-10.000000,-165.000000,-7.500000,-162.500000,7327.050000,8.284234,4.000382,14.903815,27.188432,,,,,,,,,,0.000000,-1.000000
2015,6,-10.000000,170.000000,-7.500000,172.500000,13334.050000,17.030760,10.157004,13.405304,40.593068,29.826367,0.773470,37.320494,0.167464,0.704358,0.027246,0.000833,0.130078,198.060989,0.000000,-1.000000
2015,6,-10.000000,-170.000000,-7.500000,-167.500000,9757.930000,10.635247,3.729070,12.191008,26.555325,,,,,,,,,,0.000000,-1.000000
2015,6,-10.000000,175.000000,-7.500000,177.500000,2248.460000,13.766756,9.120909,7.558062,30.445727,30.008683,0.767915,33.974859,0.174367,1.222820,0.026471,0.022778,0.132102,197.982239,0.000000,-1.000000
2015,6,-10.000000,-175.000000,-7.500000,-172.500000,13377.290000,4.623059,1.859420,20.268006,26.750485,,,,,,,,,,0.000000,-1.000000
2015,6,-10.000000,-180.000000,-7.500000,-177.500000,7263.840000,13.123224,3.342860,14.260226,30.726310,,,,,,,,,,0.000000,-1.000000
2015,6,15.000000,110.000000,17.500000,112.500000,17480.500000,17.992678,3.694574,0.000000,21.687252,29.931214,0.688768,15.259916,0.265020,130.041392,0.080137,0.084800,0.114247,198.734085,0.000000,-1.000000
2015,6,15.000000,115.000000,17.500000,117.500000,18974.280000,16.629142,3.456416,0.000000,20.085558,30.584504,0.665834,13.647853,0.184503,139.542981,0.060170,0.024791,0.086905,197.684311,0.000000,-1.000000
2015,6,15.000000,125.000000,17.500000,127.500000,5545.500000,3.695609,0.507979,0.749436,4.953025,30.134019,0.986211,14.573267,0.197489,0.736966,0.061863,0.000833,0.107725,198.563187,0.000000,-1.000000
2015,6,15.000000,130.000000,17.500000,132.500000,8814.160000,1.689214,0.413312,2.848258,4.950784,29.842687,1.041847,16.641447,0.216177,0.545258,0.089050,0.000000,0.102947,198.702560,0.000000,-1.000000
2015,6,15.000000,135.000000,17.500000,137.500000,2933.580000,2.717840,4.023412,9.377280,16.118531,29.356563,0.981517,16.349911,0.245598,1.157266,0.075458,0.020278,0.099848,199.363510,0.000000,-1.000000
2015,6,15.000000,150.000000,17.500000,152.500000,8518.590000,6.767200,6.535941,35.832573,49.135714,28.614307,0.936842,18.937202,0.149634,0.579165,0.029071,0.000000,0.092812,201.585953,0.000000,-1.000000
2015,6,15.000000,155.000000,17.500000,157.500000,3648.260000,7.213850,3.105042,15.462714,25.781605,28.368514,0.930606,19.141337,0.184094,0.424525,0.067612,0.000000,0.090307,202.026321,0.000000,-1.000000
2015,6,15.000000,-160.000000,17.500000,-157.500000,2798.410000,2.755493,11.621957,1.589117,15.966567,,,,,,,,,,0.000000,-1.000000
2015,6,-15.000000,-135.000000,-12.500000,-132.500000,3021.540000,5.579274,8.879578,33.426001,47.884853,,,,,,,,,,0.000000,-1.000000
2015,6,-15.000000,145.000000,-12.500000,147.500000,2206.840000,21.190027,0.207537,35.535426,56.932990,26.561069,0.651112,45.781077,0.240821,117.881042,0.059319,0.105664,0.083921,205.726547,0.000000,-1.000000
2015,6,-15.000000,-145.000000,-12.500000,-142.500000,3242.390000,7.792400,6.254029,26.211529,40.257958,,,,,,,,,,0.000000,-1.000000
2015,6,-15.000000,150.000000,-12.500000,152.500000,1221.160000,31.270268,0.619083,20.283992,52.173343,26.736485,0.629863,42.828448,0.211099,121.886819,0.042073,0.127894,0.086767,204.269104,0.000000,-1.000000
2015,6,-15.000000,-150.000000,-12.500000,-147.500000,6228.710000,9.587378,8.199611,20.244481,38.031470,,,,,,,,,,0.000000,-1.000000
2015,6,-15.000000,155.000000,-12.500000,157.500000,10290.480000,43.982399,3.695746,15.173345,62.851490,27.457057,0.593285,45.029003,0.233799,1.940916,0.044445,0.090556,0.103406,202.775391,0.000000,-1.000000
2015,6,-15.000000,160.000000,-12.500000,162.500000,13558.680000,23.245699,4.266418,14.515867,42.027985,27.803886,0.661742,44.392250,0.211893,128.396673,0.045292,0.064380,0.108938,201.699432,0.000000,-1.000000
2015,6,-15.000000,-160.000000,-12.500000,-157.500000,17884.020000,4.220248,1.986634,29.540338,35.747220,,,,,,,,,,0.000000,-1.000000
2015,6,-15.000000,165.000000,-12.500000,167.500000,16701.120000,19.433367,2.543901,23.622727,45.599996,27.991279,0.699852,44.311566,0.160609,121.155991,0.028136,0.043551,0.080393,201.019226,0.000000,-1.000000
2015,6,-15.000000,-165.000000,-12.500000,-162.500000,1863.750000,2.782562,1.192220,20.509188,24.483970,,,,,,,,,,0.000000,-1.000000
2015,6,-15.000000,170.000000,-12.500000,172.500000,8867.060000,13.168288,2.442974,17.245626,32.856888,28.405792,0.714007,43.159490,0.161981,0.901761,0.042947,0.007778,0.092920,200.339478,0.000000,-1.000000
2015,6,-15.000000,-170.000000,-12.500000,-167.500000,6932.600000,3.039408,0.703488,32.031994,35.774890,,,,,,,,,,0.000000,-1.000000
2015,6,-15.000000,175.000000,-12.500000,177.500000,2354.120000,14.472499,2.764515,13.810256,31.047270,28.551204,0.735179,49.120349,0.120371,1.431178,0.025628,0.045556,0.090510,199.906647,0.000000,-1.000000
2015,6,-15.000000,-175.000000,-12.500000,-172.500000,11454.900000,6.334844,1.178186,34.932562,42.445591,,,,,,,,,,0.000000,-1.000000
2015,6,20.000000,120.000000,22.500000,122.500000,7128.350000,13.443363,0.302735,2.199106,15.945205,29.618970,0.922229,12.456543,0.395512,134.019880,0.221878,0.211006,0.167999,200.172318,0.000000,-1.000000
2015,6,20.000000,125.000000,22.500000,127.500000,3305.080000,14.714319,0.163990,0.333124,15.211432,29.610651,1.158463,13.441122,0.231113,91.427801,0.094982,0.077821,0.113369,200.563309,0.000000,-1.000000
2015,6,20.000000,130.000000,22.500000,132.500000,1442.480000,3.701958,0.051301,0.105374,3.858632,29.484217,1.077335,12.360209,0.236280,1.476617,0.094687,0.119167,0.108312,201.299026,0.000000,-1.000000
2015,6,20.000000,135.000000,22.500000,137.500000,6601.460000,2.209208,0.459595,7.525154,10.193957,29.442150,0.988126,11.699356,0.258341,1.310153,0.123860,0.075278,0.109012,201.565720,0.000000,-1.000000
2015,6,20.000000,140.000000,22.500000,142.500000,1749.730000,16.798020,1.335063,15.549256,33.682340,29.130188,0.986306,11.717107,0.282148,57.044285,0.150154,0.054737,0.101424,201.880432,0.000000,-1.000000
2015,6,20.000000,145.000000,22.500000,147.500000,3178.320000,6.496199,0.322183,21.213408,28.031790,29.189445,0.979245,13.068026,0.174681,0.793149,0.070145,0.004444,0.096468,201.715347,0.000000,-1.000000
2015,6,20.000000,150.000000,22.500000,152.500000,4526.940000,8.851896,0.681918,44.274057,53.807870,28.961970,0.958516,13.787416,0.199663,1.167400,0.089397,0.021111,0.097031,202.148712,0.000000,-1.000000
2015,6,20.000000,160.000000,22.500000,162.500000,1329.470000,2.348304,0.000000,0.000000,2.348304,27.922535,0.818384,14.970813,0.202431,1.365548,0.089373,0.032222,0.091208,203.563904,0.000000,-1.000000
2015,6,20.000000,165.000000,22.500000,167.500000,1246.440000,0.423606,0.000000,0.000000,0.423606,27.510420,0.779610,16.763437,0.177481,1.103780,0.063907,0.014167,0.084466,204.365601,0.000000,-1.000000
2015,6,-20.000000,-135.000000,-17.500000,-132.500000,2456.340000,5.279807,6.875270,27.768550,39.923626,,,,,,,,,,0.000000,-1.000000
2015,6,-20.000000,-150.000000,-17.500000,-147.500000,4534.220000,3.779481,3.973782,23.181495,30.934758,,,,,,,,,,0.000000,-1.000000
2015,6,-20.000000,-155.000000,-17.500000,-152.500000,3788.520000,3.908386,4.631888,18.236937,26.777211,,,,,,,,,,0.000000,-1.000000
2015,6,-20.000000,160.000000,-17.500000,162.500000,1023.270000,19.346800,1.416049,22.393894,43.156743,25.855057,0.740661,63.690114,0.153358,50.102327,0.048709,0.176994,0.070318,206.940659,0.000000,-1.000000
2015,6,-20.000000,-165.000000,-17.500000,-162.500000,3877.050000,2.543429,1.839027,48.100489,52.482945,,,,,,,,,,0.000000,-1.000000
2015,6,-20.000000,170.000000,-17.500000,172.500000,2705.690000,5.056751,1.484279,21.819573,28.360603,26.164960,0.730577,58.085670,0.115595,1.675574,0.035020,0.232222,0.068097,206.735306,0.000000,-1.000000
2015,6,-20.000000,-170.000000,-17.500000,-167.500000,3387.240000,3.469491,0.525206,29.101569,33.096267,,,,,,,,,,0.000000,-1.000000
2015,6,-20.000000,175.000000,-17.500000,177.500000,8762.210000,6.944253,1.584075,7.939664,16.467992,26.279560,0.720353,48.063518,0.095766,119.387936,0.035098,0.328047,0.094755,206.671082,0.000000,-1.000000
2015,6,-20.000000,-175.000000,-17.500000,-172.500000,2187.390000,8.967308,1.625682,15.198479,25.791468,,,,,,,,,,0.000000,-1.000000
2015,6,-20.000000,-180.000000,-17.500000,-177.500000,3892.940000,22.820542,1.928106,12.770297,37.518945,,,,,,,,,,0.000000,-1.000000
2015,6,25.000000,125.000000,27.500000,127.500000,6856.450000,24.806715,0.198353,0.451983,25.457051,27.178870,0.838980,11.712432,0.365610,122.460535,0.277300,0.589722,0.140047,205.909744,0.000000,-1.000000
2015,6,25.000000,130.000000,27.500000,132.500000,10481.180000,36.245251,0.253693,1.327141,37.826084,26.645288,1.041894,10.943121,0.311484,55.674046,0.166763,0.575993,0.120443,208.363724,0.000000,-1.000000
2015,6,25.000000,135.000000,27.500000,137.500000,13217.930000,9.435895,0.125284,1.109175,10.670355,26.980619,1.039796,11.557784,0.179457,3.790804,0.116175,0.515833,0.113270,209.746597,0.000000,-1.000000
2015,6,25.000000,145.000000,27.500000,147.500000,5073.720000,3.363804,0.185071,0.151960,3.700835,27.363776,0.927226,11.085129,0.127824,6.764698,0.073475,0.413333,0.098288,210.144348,0.000000,-1.000000
2015,6,25.000000,150.000000,27.500000,152.500000,3709.420000,2.113538,0.826275,0.000000,2.939813,27.580650,0.895579,11.021548,0.220040,5.426998,0.124596,0.391667,0.103901,208.747284,0.000000,-1.000000
2015,6,25.000000,155.000000,27.500000,157.500000,5547.250000,1.017081,0.579927,0.109243,1.706251,27.828329,0.835015,11.040750,0.145021,4.362738,0.072047,0.266389,0.108401,208.857681,0.000000,-1.000000
2015,6,25.000000,-155.000000,27.500000,-152.500000,6170.970000,0.382112,19.004792,0.080376,19.467280,,,,,,,,,,0.000000,-1.000000
2015,6,25.000000,160.000000,27.500000,162.500000,2014.500000,1.654008,0.607099,0.000000,2.261107,27.684808,0.871862,11.615260,0.174100,4.746161,0.072737,0.136111,0.107377,209.137131,0.000000,-1.000000
2015,6,25.000000,-160.000000,27.500000,-157.500000,8110.380000,0.985404,23.743031,0.510950,25.239385,,,,,,,,,,0.000000,-1.000000
2015,6,25.000000,165.000000,27.500000,167.500000,4557.770000,1.581036,2.160706,0.038177,3.779919,26.946521,0.812460,11.409006,0.149990,2.325793,0.072920,0.252222,0.102094,209.482010,0.000000,-1.000000
2015,6,25.000000,-165.000000,27.500000,-162.500000,3265.440000,0.543265,21.615158,1.744941,23.903364,,,,,,,,,,0.000000,-1.000000
2015,6,25.000000,170.000000,27.500000,172.500000,1212.830000,0.249829,0.257250,0.000000,0.507078,26.038704,0.678664,11.745685,0.129813,2.339498,0.041012,0.173889,0.093638,211.549240,0.000000,-1.000000
2015,6,-25.000000,160.000000,-22.500000,162.500000,1532.190000,7.921341,1.867915,40.833056,50.622312,23.828405,0.714884,76.499290,0.118814,112.502667,0.044636,0.233324,0.065946,214.315979,0.000000,-1.000000
2015,6,-25.000000,-160.000000,-22.500000,-157.500000,1154.070000,1.689672,2.704342,14.078869,18.472883,,,,,,,,,,0.000000,-1.000000
2015,6,-25.000000,165.000000,-22.500000,167.500000,1026.500000,44.691671,2.427667,29.480760,76.600097,23.712708,0.708677,69.118681,0.162440,111.552960,0.065455,0.422654,0.075279,214.628357,0.000000,-1.000000
2015,6,-25.000000,-165.000000,-22.500000,-162.500000,1188.610000,2.499558,1.945129,12.857035,17.301722,,,,,,,,,,0.000000,-1.000000
2015,6,-25.000000,170.000000,-22.500000,172.500000,3312.730000,5.836878,0.963858,25.616033,32.416768,23.796754,0.699624,76.542290,0.151126,2.636580,0.058925,0.258056,0.064326,214.787903,0.000000,-1.000000
2015,6,-25.000000,-170.000000,-22.500000,-167.500000,1858.190000,2.740839,2.175773,33.560077,38.476690,,,,,,,,,,0.000000,-1.000000
2015,6,-25.000000,175.000000,-22.500000,177.500000,8935.830000,4.432604,1.489397,21.702629,27.624630,23.379976,0.620065,75.010346,0.125371,1.927173,0.052536,0.271667,0.066495,215.391022,0.000000,-1.000000
2015,6,-25.000000,-180.000000,-22.500000,-177.500000,2481.160000,13.730674,2.095794,12.884699,28.711167,,,,,,,,,,0.000000,-1.000000
2015,6,30.000000,140.000000,32.500000,142.500000,1416.830000,0.354312,2.577585,21.037810,23.969707,23.455049,0.857644,13.081590,0.343520,31.269520,0.248589,0.297500,0.167834,222.287750,0.000000,-1.000000
2015,6,30.000000,145.000000,32.500000,147.500000,4442.220000,0.654403,6.241924,25.109292,32.005619,22.876109,1.038052,12.714224,0.206992,3.041761,0.120090,0.409167,0.166852,227.282593,0.000000,-1.000000
2015,6,30.000000,150.000000,32.500000,152.500000,4232.580000,0.409207,0.408262,3.135912,3.953381,22.701425,0.925065,12.606476,0.262944,4.179793,0.239839,0.409444,0.151329,227.047134,0.000000,-1.000000
2015,6,30.000000,155.000000,32.500000,157.500000,7687.660000,0.251572,13.701699,16.794707,30.747978,22.737691,0.805662,12.035229,0.270075,5.768500,0.216679,0.549167,0.154758,228.222382,0.000000,-1.000000
2015,6,30.000000,160.000000,32.500000,162.500000,1017.230000,0.267393,22.380386,11.728911,34.376690,22.960365,0.621560,11.191180,0.387944,6.627803,0.248527,0.770000,0.173758,228.384781,0.000000,-1.000000
2015,6,30.000000,170.000000,32.500000,172.500000,1966.650000,0.204917,0.263901,0.031526,0.500343,22.835224,0.652130,10.585388,0.269648,3.983227,0.183051,0.484444,0.142026,226.811432,0.000000,-1.000000
2015,6,-30.000000,-140.000000,-27.500000,-137.500000,2564.270000,0.280392,0.989755,34.183998,35.454145,,,,,,,,,,0.000000,-1.000000
2015,6,-30.000000,150.000000,-27.500000,152.500000,1506.280000,26.086783,12.877420,8.939241,47.903444,22.979139,0.598158,59.601531,0.263843,102.054215,0.118566,0.533061,0.392156,214.386459,0.000000,-1.000000
2015,6,-30.000000,-150.000000,-27.500000,-147.500000,2714.940000,0.593015,0.549183,38.966607,40.108805,,,,,,,,,,0.000000,-1.000000
2015,6,-30.000000,155.000000,-27.500000,157.500000,1188.240000,14.759645,11.822527,29.998149,56.580320,22.757706,0.688579,82.762133,0.219297,3.742344,0.095933,0.331667,0.252206,219.166229,0.000000,-1.000000
2015,6,-30.000000,-155.000000,-27.500000,-152.500000,7412.940000,1.019299,0.933368,42.782756,44.735422,,,,,,,,,,0.000000,-1.000000
2015,6,-30.000000,160.000000,-27.500000,162.500000,1735.660000,3.414839,1.935287,34.494659,39.844785,22.109986,0.695216,97.069041,0.212389,3.698114,0.118269,0.404444,0.129821,223.240189,0.000000,-1.000000
2015,6,-30.000000,-160.000000,-27.500000,-157.500000,6299.740000,1.003851,1.300371,38.886525,41.190748,,,,,,,,,,0.000000,-1.000000
2015,6,-30.000000,-165.000000,-27.500000,-162.500000,7883.070000,0.765184,1.402753,35.560384,37.728322,,,,,,,,,,0.000000,-1.000000
2015,6,-30.000000,170.000000,-27.500000,172.500000,3000.510000,0.420262,1.494079,22.020923,23.935264,21.604010,0.655372,94.019182,0.178740,2.617667,0.086674,0.308611,0.068559,224.029877,0.000000,-1.000000
2015,6,-30.000000,-170.000000,-27.500000,-167.500000,6709.890000,0.556194,1.123565,43.919796,45.599555,,,,,,,,,,0.000000,-1.000000
2015,6,-30.000000,175.000000,-27.500000,177.500000,3129.180000,1.117865,1.539381,23.219182,25.876428,21.472505,0.607137,98.012911,0.154974,3.952381,0.064976,0.343333,0.067305,225.722168,0.000000,-1.000000
2015,6,-30.000000,-175.000000,-27.500000,-172.500000,7226.040000,0.831299,1.098527,25.437584,27.367410,,,,,,,,,,0.000000,-1.000000
2015,6,-30.000000,-180.000000,-27.500000,-177.500000,1757.450000,1.047540,0.570144,20.160460,21.778144,,,,,,,,,,0.000000,-1.000000
2015,6,35.000000,140.000000,37.500000,142.500000,1207.920000,0.466918,0.692099,3.264289,4.423306,19.900952,0.222650,11.786813,0.379303,94.968595,0.281330,0.629130,0.296342,226.687958,0.000000,-1.000000
2015,6,35.000000,145.000000,37.500000,147.500000,9891.930000,0.219472,2.798544,4.318571,7.336586,19.289836,0.120925,12.241738,0.338284,5.069681,0.265928,0.673333,0.315589,234.130768,0.000000,-1.000000
2015,6,35.000000,150.000000,37.500000,152.500000,3229.790000,0.288254,0.830704,1.315565,2.434524,19.268656,0.245510,14.721791,0.314134,5.319636,0.216170,0.675278,0.391638,243.579651,0.000000,-1.000000
2015,6,35.000000,155.000000,37.500000,157.500000,2305.320000,0.386931,1.153853,4.114830,5.655614,18.122459,0.248738,14.905961,0.314664,8.412962,0.184549,0.710000,0.506198,251.109497,0.000000,-1.000000
2015,6,-35.000000,-140.000000,-32.500000,-137.500000,1201.970000,0.233783,0.673062,32.789504,33.696348,,,,,,,,,,0.000000,-1.000000
2015,6,-35.000000,-145.000000,-32.500000,-142.500000,1568.960000,0.290638,0.599123,30.237227,31.126989,,,,,,,,,,0.000000,-1.000000
2015,6,-35.000000,150.000000,-32.500000,152.500000,1868.770000,23.170856,29.949111,21.178636,74.298603,20.522056,0.490814,76.412510,0.339839,94.904426,0.182163,0.573707,0.480336,217.885818,0.000000,-1.000000
2015,6,-35.000000,-150.000000,-32.500000,-147.500000,3495.590000,0.298662,0.306958,38.380073,38.985693,,,,,,,,,,0.000000,-1.000000
2015,6,-35.000000,-155.000000,-32.500000,-152.500000,3730.060000,0.664332,0.706423,43.292601,44.663357,,,,,,,,,,0.000000,-1.000000
2015,6,-35.000000,160.000000,-32.500000,162.500000,5605.500000,0.842744,3.389885,34.962448,39.195076,19.568419,0.466490,92.656064,0.181051,3.034796,0.091937,0.502500,0.405214,223.555756,0.000000,-1.000000
2015,6,-35.000000,-160.000000,-32.500000,-157.500000,5290.190000,0.587313,1.329064,48.263673,50.180050,,,,,,,,,,0.000000,-1.000000
2015,6,-35.000000,165.000000,-32.500000,167.500000,4295.390000,0.983613,3.019283,41.306610,45.309506,19.130942,0.465556,102.893626,0.145922,4.276317,0.124834,0.408889,0.342918,230.445389,0.000000,-1.000000
2015,6,-35.000000,-165.000000,-32.500000,-162.500000,3605.990000,0.632004,1.054634,48.241676,49.928314,,,,,,,,,,0.000000,-1.000000
2015,6,-35.000000,-170.000000,-32.500000,-167.500000,2915.350000,0.534070,1.249936,42.410002,44.194008,,,,,,,,,,0.000000,-1.000000
2015,6,-35.000000,-175.000000,-32.500000,-172.500000,2261.980000,0.562339,1.596831,25.998462,28.157632,,,,,,,,,,0.000000,-1.000000
2015,6,-40.000000,150.000000,-37.500000,152.500000,1212.100000,8.516624,5.612573,16.851745,30.980942,,,,,,,,,,0.000000,-1.000000
2015,6,-40.000000,155.000000,-37.500000,157.500000,1963.900000,0.822852,3.739498,17.046184,21.608534,,,,,,,,,,0.000000,-1.000000
2015,6,-40.000000,160.000000,-37.500000,162.500000,1802.700000,1.310257,6.807012,28.488379,36.605647,,,,,,,,,,0.000000,-1.000000
2015,6,-40.000000,175.000000,-37.500000,177.500000,2439.810000,0.000000,0.366012,3.569130,3.935142,,,,,,,,,,0.000000,-1.000000
2015,6,-45.000000,165.000000,-42.500000,167.500000,4823.820000,0.000000,0.000000,0.603256,0.603256,,,,,,,,,,0.000000,-1.000000
2015,7,0.000000,120.000000,2.500000,122.500000,24176.550000,10.035055,1.945067,0.000000,11.980121,29.067614,0.546413,17.476773,0.204347,133.886257,0.021948,0.157976,0.109691,200.897018,-0.500000,-0.866025
2015,7,0.000000,125.000000,2.500000,127.500000,32235.400000,10.035024,1.945067,0.000000,11.980090,28.392221,0.497865,19.071023,0.597849,132.805289,0.040202,0.342710,0.136189,201.344009,-0.500000,-0.866025
2015,7,0.000000,130.000000,2.500000,132.500000,8058.850000,10.035055,1.945067,0.000000,11.980121,29.073856,0.560464,19.095989,0.896699,116.284960,0.048653,0.052792,0.147216,201.177826,-0.500000,-0.866025
2015,7,0.000000,135.000000,2.500000,137.500000,1000.370000,3.699631,1.805332,0.000000,5.504963,29.098373,0.509585,14.027367,0.645214,0.667116,0.101713,0.001389,0.126618,201.309799,-0.500000,-0.866025
2015,7,0.000000,140.000000,2.500000,142.500000,8231.400000,4.010132,2.014481,0.035231,6.059844,29.210828,0.538809,14.666645,0.642178,0.921387,0.077131,0.002500,0.144457,201.711304,-0.500000,-0.866025
2015,7,0.000000,145.000000,2.500000,147.500000,5256.550000,14.526258,3.690824,0.754677,18.971759,29.351715,0.525120,16.087960,0.730676,0.974423,0.097409,0.025833,0.123550,201.115234,-0.500000,-0.866025
2015,7,0.000000,155.000000,2.500000,157.500000,6304.500000,6.439051,13.145531,0.194940,19.779523,29.188380,0.563879,16.104237,0.645480,0.655649,0.065415,0.002222,0.113933,200.983551,-0.500000,-0.866025
2015,7,0.000000,160.000000,2.500000,162.500000,5278.150000,4.911190,7.129013,0.020462,12.060665,29.327584,0.595456,17.823446,0.582252,0.332979,0.059516,0.000000,0.130957,201.024139,-0.500000,-0.866025
2015,7,0.000000,165.000000,2.500000,167.500000,3137.660000,6.640618,8.230019,0.167641,15.038277,29.462379,0.617437,20.770824,0.585443,92.225497,0.066914,0.002779,0.125933,200.604828,-0.500000,-0.866025
2015,7,0.000000,170.000000,2.500000,172.500000,2217.420000,10.138359,7.699940,0.217370,18.055668,29.680439,0.618629,19.468817,0.656275,131.915961,0.082404,0.019537,0.124880,200.025864,-0.500000,-0.866025
2015,7,0.000000,-170.000000,2.500000,-167.500000,2395.630000,6.611205,23.418892,0.153196,30.183292,,,,,,,,,,-0.500000,-0.866025
2015,7,0.000000,175.000000,2.500000,177.500000,1464.150000,13.487006,26.023290,0.698016,40.208312,29.784630,0.633717,19.842839,0.605014,0.294040,0.076230,0.000000,0.103069,199.716156,-0.500000,-0.866025
2015,7,0.000000,-175.000000,2.500000,-172.500000,2474.680000,5.156626,27.342525,0.238011,32.737162,,,,,,,,,,-0.500000,-0.866025
2015,7,5.000000,130.000000,7.500000,132.500000,3283.540000,3.258374,14.986569,0.063651,18.308594,28.973095,0.368740,20.581537,0.457374,130.312886,0.063835,0.013099,0.091112,200.039413,-0.500000,-0.866025
2015,7,5.000000,145.000000,7.500000,147.500000,1244.850000,3.361851,8.334337,0.012853,11.709041,28.783086,0.293805,14.604676,0.143225,0.988457,0.036846,0.008056,0.114806,202.570389,-0.500000,-0.866025
2015,7,5.000000,150.000000,7.500000,152.500000,2333.590000,2.391166,16.650740,0.024426,19.066331,29.158964,0.391144,16.739896,0.192836,116.347101,0.053427,0.004454,0.094700,200.757797,-0.500000,-0.866025
2015,7,5.000000,155.000000,7.500000,157.500000,1766.770000,2.374955,15.149680,0.032262,17.556898,29.289231,0.418412,16.064937,0.190016,123.987523,0.036791,0.003336,0.084342,199.377609,-0.500000,-0.866025
2015,7,5.000000,160.000000,7.500000,162.500000,1123.750000,2.246941,20.651390,0.032036,22.930367,29.369566,0.428361,15.825289,0.220665,0.526466,0.038734,0.000000,0.083634,199.463181,-0.500000,-0.866025
2015,7,5.000000,165.000000,7.500000,167.500000,3077.990000,4.910022,8.616337,0.593569,14.119929,29.297498,0.422978,14.172866,0.259091,131.797066,0.039863,0.041643,0.088673,199.564224,-0.500000,-0.866025
2015,7,5.000000,170.000000,7.500000,172.500000,2798.340000,5.848110,5.074437,1.041332,11.963879,29.326277,0.388069,13.971855,0.284450,131.952319,0.052895,0.027848,0.079771,199.157776,-0.500000,-0.866025
2015,7,5.000000,-175.000000,7.500000,-172.500000,1270.730000,2.674053,8.900396,0.206968,11.781417,,,,,,,,,,-0.500000,-0.866025
2015,7,-5.000000,120.000000,-2.500000,122.500000,32235.400000,10.035024,1.945067,0.000000,11.980090,27.921316,0.486808,18.920741,0.179860,132.120822,0.033037,0.367068,0.103284,203.377686,-0.500000,-0.866025
2015,7,-5.000000,125.000000,-2.500000,127.500000,48353.100000,10.035034,1.945067,0.000000,11.980101,27.240658,0.451737,18.047589,0.182305,127.223745,0.028009,0.304644,0.111390,203.019745,-0.500000,-0.866025
2015,7,-5.000000,130.000000,-2.500000,132.500000,16117.700000,10.035055,1.945067,0.000000,11.980121,27.386391,0.470555,14.975914,0.248751,130.801202,0.081200,0.560199,0.237186,203.656754,-0.500000,-0.866025
2015,7,-5.000000,-155.000000,-2.500000,-152.500000,2236.500000,6.660854,9.164319,2.633132,18.458305,,,,,,,,,,-0.500000,-0.866025
2015,7,-5.000000,160.000000,-2.500000,162.500000,11540.880000,13.738207,8.834855,0.373282,22.946344,29.789116,0.650852,24.499921,0.190389,0.330768,0.024029,0.000000,0.173595,199.965607,-0.500000,-0.866025
2015,7,-5.000000,-160.000000,-2.500000,-157.500000,2124.490000,6.957905,34.536759,0.433045,41.927710,,,,,,,,,,-0.500000,-0.866025
2015,7,-5.000000,165.000000,-2.500000,167.500000,15197.830000,43.333489,11.081648,0.521456,54.936593,30.096963,0.690475,23.860898,0.081501,0.250749,0.007704,0.000000,0.161165,200.244568,-0.500000,-0.866025
2015,7,-5.000000,-165.000000,-2.500000,-162.500000,4965.660000,20.702585,22.691042,1.933278,45.326905,,,,,,,,,,-0.500000,-0.866025
2015,7,-5.000000,170.000000,-2.500000,172.500000,13200.800000,35.113402,14.781831,0.678898,50.574132,30.416990,0.700440,21.083630,0.120199,136.695703,0.006454,0.009476,0.117498,199.949554,-0.500000,-0.866025
2015,7,-5.000000,-170.000000,-2.500000,-167.500000,5821.690000,26.997831,12.454459,1.944281,41.396570,,,,,,,,,,-0.500000,-0.866025
2015,7,-5.000000,175.000000,-2.500000,177.500000,5341.640000,30.269730,16.481642,4.142174,50.893546,30.380346,0.698996,18.127809,0.132249,96.732418,0.005416,0.001668,0.103860,199.824509,-0.500000,-0.866025
2015,7,-5.000000,-180.000000,-2.500000,-177.500000,1238.720000,23.931962,15.079275,6.418723,45.429960,,,,,,,,,,-0.500000,-0.866025
2015,7,10.000000,110.000000,12.500000,112.500000,33071.450000,9.510348,1.952832,0.000000,11.463180,29.140841,0.672428,18.455434,0.252969,1.362139,0.060956,0.057500,0.101085,200.302612,-0.500000,-0.866025
2015,7,10.000000,115.000000,12.500000,117.500000,33071.450000,9.510348,1.952832,0.000000,11.463180,29.412868,0.710272,23.559095,0.118475,133.314378,0.018786,0.047389,0.079295,199.603699,-0.500000,-0.866025
2015,7,10.000000,125.000000,12.500000,127.500000,5405.270000,5.557539,5.386040,2.087037,13.030616,29.413460,0.733156,24.471357,0.192193,131.252757,0.101723,0.052113,0.094471,198.615723,-0.500000,-0.866025
2015,7,10.000000,130.000000,12.500000,132.500000,18463.900000,5.002898,3.986536,1.703865,10.693299,29.459419,0.720416,25.942854,0.208130,0.240726,0.107038,0.000000,0.090368,198.889343,-0.500000,-0.866025
2015,7,10.000000,135.000000,12.500000,137.500000,1226.750000,1.794987,3.548400,6.715305,12.058692,29.502064,0.703573,21.918561,0.264041,117.909238,0.154108,0.001946,0.092414,199.411774,-0.500000,-0.866025
2015,7,10.000000,150.000000,12.500000,152.500000,1691.500000,10.147798,8.047295,9.632870,27.827963,29.207776,0.683378,18.489767,0.228346,0.296221,0.113623,0.000000,0.090223,199.874115,-0.500000,-0.866025
2015,7,10.000000,155.000000,12.500000,157.500000,5838.000000,5.955635,2.153991,2.611682,10.721309,29.068378,0.666899,16.388695,0.218146,0.368931,0.104751,0.000000,0.089992,200.229233,-0.500000,-0.866025
2015,7,10.000000,-160.000000,12.500000,-157.500000,1407.660000,0.867397,32.713155,0.117216,33.697768,,,,,,,,,,-0.500000,-0.866025
2015,7,10.000000,170.000000,12.500000,172.500000,1997.550000,4.860454,11.874546,3.289530,20.024530,28.837443,0.649694,18.929448,0.181498,58.384045,0.058034,0.003056,0.070121,200.595398,-0.500000,-0.866025
2015,7,-10.000000,-135.000000,-7.500000,-132.500000,6493.190000,6.465851,9.111700,3.193038,18.770589,,,,,,,,,,-0.500000,-0.866025
2015,7,-10.000000,-140.000000,-7.500000,-137.500000,1458.960000,5.474448,18.458354,2.688216,26.621018,,,,,,,,,,-0.500000,-0.866025
2015,7,-10.000000,150.000000,-7.500000,152.500000,1188.020000,62.344910,2.802141,11.539368,76.686419,27.601085,0.548673,25.368707,0.317014,126.394758,0.045638,0.228486,0.385318,202.973557,-0.500000,-0.866025
2015,7,-10.000000,-150.000000,-7.500000,-147.500000,18409.530000,8.068810,12.718956,6.733523,27.521289,,,,,,,,,,-0.500000,-0.866025
2015,7,-10.000000,155.000000,-7.500000,157.500000,18389.770000,36.123562,4.609356,0.950257,41.683175,28.542621,0.568117,25.979291,0.228249,129.394410,0.042486,0.156659,0.416448,199.533752,-0.500000,-0.866025
2015,7,-10.000000,-155.000000,-7.500000,-152.500000,14657.200000,9.328180,12.063013,7.955953,29.347147,,,,,,,,,,-0.500000,-0.866025
2015,7,-10.000000,160.000000,-7.500000,162.500000,20334.290000,20.934146,7.940774,1.942679,30.817599,29.147432,0.703391,38.724401,0.251040,129.453754,0.052988,0.041679,0.222869,197.888031,-0.500000,-0.866025
2015,7,-10.000000,-160.000000,-7.500000,-157.500000,2392.330000,7.265302,9.586052,7.603048,24.454402,,,,,,,,,,-0.500000,-0.866025
2015,7,-10.000000,165.000000,-7.500000,167.500000,15240.910000,24.736778,6.920650,2.481610,34.139038,29.490990,0.743105,41.172481,0.135780,0.780557,0.021226,0.008333,0.164355,197.945923,-0.500000,-0.866025
2015,7,-10.000000,-165.000000,-7.500000,-162.500000,9490.630000,13.344214,4.172220,30.367320,47.883755,,,,,,,,,,-0.500000,-0.866025
2015,7,-10.000000,170.000000,-7.500000,172.500000,6815.070000,12.655483,6.082990,8.674599,27.413071,29.554741,0.725858,37.027474,0.112359,1.170588,0.011407,0.038333,0.153101,197.508972,-0.500000,-0.866025
2015,7,-10.000000,-170.000000,-7.500000,-167.500000,9714.480000,26.196667,3.216127,15.503352,44.916146,,,,,,,,,,-0.500000,-0.866025
2015,7,-10.000000,-175.000000,-7.500000,-172.500000,12505.650000,13.348766,3.138421,15.852115,32.339303,,,,,,,,,,-0.500000,-0.866025
2015,7,-10.000000,-180.000000,-7.500000,-177.500000,6224.900000,34.393163,3.351218,20.536715,58.281097,,,,,,,,,,-0.500000,-0.866025
2015,7,15.000000,110.000000,17.500000,112.500000,33071.450000,9.510348,1.952832,0.000000,11.463180,29.608187,0.686057,16.613223,0.190627,119.926026,0.057177,0.143928,0.109661,199.030472,-0.500000,-0.866025
2015,7,15.000000,115.000000,17.500000,117.500000,34391.830000,9.181716,1.894113,0.000000,11.075828,29.703476,0.672845,18.593169,0.173717,132.911152,0.051951,0.008635,0.092279,198.268341,-0.500000,-0.866025
2015,7,15.000000,125.000000,17.500000,127.500000,4756.850000,2.278188,0.919937,0.319119,3.517244,29.667038,1.001405,25.966209,0.174163,1.196858,0.059772,0.006111,0.092097,197.284546,-0.500000,-0.866025
2015,7,15.000000,130.000000,17.500000,132.500000,3993.570000,1.331641,0.602468,9.574140,11.508250,29.447458,0.990548,24.324652,0.189803,0.788754,0.104349,0.008611,0.088895,198.047867,-0.500000,-0.866025
2015,7,15.000000,135.000000,17.500000,137.500000,1452.840000,3.358938,1.047603,21.848242,26.254784,29.135833,0.943418,20.690703,0.183730,1.065550,0.091227,0.023333,0.093260,198.975662,-0.500000,-0.866025
2015,7,15.000000,150.000000,17.500000,152.500000,7651.640000,5.572531,1.645530,37.886649,45.104710,29.148784,0.962817,20.457194,0.159888,0.469562,0.050052,0.000000,0.094783,199.814041,-0.500000,-0.866025
2015,7,15.000000,155.000000,17.500000,157.500000,1529.800000,4.357432,4.304484,22.715388,31.377304,29.009035,0.888656,19.997297,0.188554,0.566085,0.076546,0.000000,0.090161,200.057190,-0.500000,-0.866025
2015,7,-15.000000,-135.000000,-12.500000,-132.500000,5359.470000,9.781004,12.532583,7.897982,30.211569,,,,,,,,,,-0.500000,-0.866025
2015,7,-15.000000,145.000000,-12.500000,147.500000,2407.450000,19.353673,0.176535,33.599452,53.129660,25.795305,0.622852,48.434958,0.227959,115.918996,0.047236,0.107636,0.078259,208.024078,-0.500000,-0.866025
2015,7,-15.000000,-145.000000,-12.500000,-142.500000,3402.270000,6.950947,22.206057,12.995441,42.152445,,,,,,,,,,-0.500000,-0.866025
2015,7,-15.000000,-150.000000,-12.500000,-147.500000,10698.400000,7.622168,14.010974,18.445282,40.078423,,,,,,,,,,-0.500000,-0.866025
2015,7,-15.000000,155.000000,-12.500000,157.500000,16446.890000,36.223383,4.018875,8.088763,48.331022,27.139258,0.592104,38.085533,0.222851,1.085908,0.045901,0.045556,0.220557,203.989487,-0.500000,-0.866025
2015,7,-15.000000,-155.000000,-12.500000,-152.500000,1809.770000,9.084027,9.080159,20.542942,38.707129,,,,,,,,,,-0.500000,-0.866025
2015,7,-15.000000,160.000000,-12.500000,162.500000,7294.200000,18.159222,2.627978,10.275424,31.062625,27.591028,0.710014,40.383660,0.192927,127.890275,0.048088,0.105988,0.244748,203.173996,-0.500000,-0.866025
2015,7,-15.000000,-160.000000,-12.500000,-157.500000,12837.780000,6.448389,2.402362,28.803422,37.654174,,,,,,,,,,-0.500000,-0.866025
2015,7,-15.000000,165.000000,-12.500000,167.500000,7716.000000,20.425739,2.318818,11.536807,34.281363,27.487061,0.701835,41.189042,0.143883,119.900347,0.031468,0.072585,0.111584,202.518173,-0.500000,-0.866025
2015,7,-15.000000,-165.000000,-12.500000,-162.500000,5935.900000,8.229249,1.745144,34.095925,44.070318,,,,,,,,,,-0.500000,-0.866025
2015,7,-15.000000,170.000000,-12.500000,172.500000,10028.150000,14.640288,5.026351,12.793486,32.460125,27.865944,0.723059,48.679611,0.144590,0.886974,0.018558,0.024444,0.114132,201.597260,-0.500000,-0.866025
2015,7,-15.000000,-170.000000,-12.500000,-167.500000,9379.710000,7.854827,1.147370,28.413565,37.415762,,,,,,,,,,-0.500000,-0.866025
2015,7,-15.000000,175.000000,-12.500000,177.500000,3036.570000,7.981703,2.517643,16.444870,26.944217,28.113389,0.730530,53.673371,0.120763,1.314629,0.024627,0.120833,0.105122,201.167496,-0.500000,-0.866025
2015,7,-15.000000,-175.000000,-12.500000,-172.500000,14645.260000,12.159907,1.463067,25.621942,39.244916,,,,,,,,,,-0.500000,-0.866025
2015,7,-15.000000,-180.000000,-12.500000,-177.500000,1225.230000,10.181762,1.336892,19.402888,30.921541,,,,,,,,,,-0.500000,-0.866025
2015,7,20.000000,120.000000,22.500000,122.500000,3352.730000,11.745354,1.401544,0.911198,14.058096,29.693100,0.976731,16.417039,0.366787,135.777252,0.215433,0.154088,0.154968,198.620239,-0.500000,-0.866025
2015,7,20.000000,135.000000,22.500000,137.500000,1368.840000,2.856433,1.173256,7.820490,11.850180,29.028104,1.088951,22.736799,0.248127,0.796951,0.147421,0.023056,0.085937,200.314438,-0.500000,-0.866025
2015,7,20.000000,150.000000,22.500000,152.500000,6969.470000,3.921532,0.820866,31.626939,36.369337,29.408000,0.983963,21.039758,0.216088,0.811435,0.098905,0.008056,0.091138,198.667267,-0.500000,-0.866025
2015,7,-20.000000,-135.000000,-17.500000,-132.500000,2799.960000,5.115787,8.996200,11.912670,26.024657,,,,,,,,,,-0.500000,-0.866025
2015,7,-20.000000,-150.000000,-17.500000,-147.500000,7079.580000,4.931648,3.440600,25.445012,33.817260,,,,,,,,,,-0.500000,-0.866025
2015,7,-20.000000,-155.000000,-17.500000,-152.500000,2795.740000,5.264438,3.072532,27.465716,35.802686,,,,,,,,,,-0.500000,-0.866025
2015,7,-20.000000,-165.000000,-17.500000,-162.500000,1965.860000,3.790707,2.037276,32.075021,37.903004,,,,,,,,,,-0.500000,-0.866025
2015,7,-20.000000,170.000000,-17.500000,172.500000,2651.830000,13.517458,1.387344,17.661766,32.566567,25.345633,0.716090,53.443677,0.102544,2.056040,0.046252,0.293889,0.077523,209.661743,-0.500000,-0.866025
2015,7,-20.000000,-170.000000,-17.500000,-167.500000,2407.340000,3.873155,1.131124,20.945940,25.950219,,,,,,,,,,-0.500000,-0.866025
2015,7,-20.000000,175.000000,-17.500000,177.500000,12272.480000,6.707772,1.185091,6.531035,14.423898,25.383758,0.707442,48.358575,0.105734,116.391979,0.044582,0.350954,0.123557,209.800507,-0.500000,-0.866025
2015,7,-20.000000,-175.000000,-17.500000,-172.500000,2259.540000,12.075467,2.514229,21.259194,35.848890,,,,,,,,,,-0.500000,-0.866025
2015,7,-20.000000,-180.000000,-17.500000,-177.500000,5686.020000,6.992061,2.561194,10.082096,19.635351,,,,,,,,,,-0.500000,-0.866025
2015,7,25.000000,125.000000,27.500000,127.500000,2050.070000,24.333803,0.646319,0.346330,25.326452,28.403153,0.926312,14.571796,0.359889,127.453419,0.292667,0.427689,0.155497,202.345734,-0.500000,-0.866025
2015,7,25.000000,130.000000,27.500000,132.500000,2438.370000,16.753405,0.167325,0.043062,16.963791,27.684834,1.023811,15.506524,0.260316,57.299298,0.143986,0.279522,0.115823,203.061798,-0.500000,-0.866025
2015,7,25.000000,135.000000,27.500000,137.500000,2693.510000,2.175600,1.215886,1.009835,4.401320,28.226946,1.105057,15.231365,0.209442,2.084357,0.126514,0.187222,0.102670,204.743149,-0.500000,-0.866025
2015,7,25.000000,145.000000,27.500000,147.500000,6060.130000,2.759347,1.008229,0.112374,3.879950,28.943322,1.002834,13.718579,0.152273,2.115885,0.068250,0.168333,0.098836,202.347397,-0.500000,-0.866025
2015,7,25.000000,150.000000,27.500000,152.500000,3591.960000,1.966058,2.369180,0.174835,4.510072,28.688604,0.914367,13.562511,0.182040,1.475754,0.100569,0.169167,0.099477,201.814102,-0.500000,-0.866025
2015,7,25.000000,155.000000,27.500000,157.500000,2480.470000,2.667640,2.500736,0.083855,5.252230,28.926867,0.910695,14.657956,0.140808,2.431766,0.062451,0.134444,0.098541,202.802582,-0.500000,-0.866025
2015,7,25.000000,-155.000000,27.500000,-152.500000,4279.390000,0.736787,19.227273,0.097911,20.061971,,,,,,,,,,-0.500000,-0.866025
2015,7,25.000000,-160.000000,27.500000,-157.500000,5814.740000,0.560128,14.774005,0.443184,15.777318,,,,,,,,,,-0.500000,-0.866025
2015,7,25.000000,-165.000000,27.500000,-162.500000,2168.250000,1.263231,17.575464,1.339329,20.178024,,,,,,,,,,-0.500000,-0.866025
2015,7,-25.000000,-150.000000,-22.500000,-147.500000,2836.470000,4.879304,2.550353,44.012805,51.442462,,,,,,,,,,-0.500000,-0.866025
2015,7,-25.000000,160.000000,-22.500000,162.500000,1631.470000,23.479439,1.433063,39.440505,64.353007,22.647652,0.661218,57.589667,0.168043,107.133265,0.072289,0.433437,0.115089,218.121613,-0.500000,-0.866025
2015,7,-25.000000,-165.000000,-22.500000,-162.500000,2500.690000,2.071828,1.205267,25.295818,28.572914,,,,,,,,,,-0.500000,-0.866025
2015,7,-25.000000,170.000000,-22.500000,172.500000,4609.640000,10.545075,1.072101,20.619615,32.236791,22.632719,0.646514,74.546719,0.148986,2.531755,0.062383,0.288333,0.094237,218.349350,-0.500000,-0.866025
2015,7,-25.000000,-170.000000,-22.500000,-167.500000,2286.350000,4.600783,0.894001,29.772782,35.267566,,,,,,,,,,-0.500000,-0.866025
2015,7,-25.000000,175.000000,-22.500000,177.500000,7191.460000,5.399460,0.658281,19.553748,25.611489,22.492825,0.602825,67.100033,0.142568,4.017097,0.057283,0.365556,0.094383,218.704102,-0.500000,-0.866025
2015,7,-25.000000,-175.000000,-22.500000,-172.500000,1736.820000,2.114209,1.060559,23.318479,26.493246,,,,,,,,,,-0.500000,-0.866025
2015,7,-25.000000,-180.000000,-22.500000,-177.500000,5404.620000,12.379594,1.588271,18.164089,32.131954,,,,,,,,,,-0.500000,-0.866025
2015,7,30.000000,130.000000,32.500000,132.500000,1366.930000,21.122515,0.000000,0.000000,21.122515,25.946286,0.722333,11.880874,0.468945,118.568791,0.436976,0.623507,0.287762,209.424942,-0.500000,-0.866025
2015,7,30.000000,150.000000,32.500000,152.500000,1346.040000,0.000000,0.000000,0.000000,0.000000,26.217708,0.958992,10.665202,0.295324,3.178766,0.253671,0.355278,0.112652,214.259552,-0.500000,-0.866025
2015,7,30.000000,-155.000000,32.500000,-152.500000,1806.530000,0.292273,20.529413,0.022695,20.844381,,,,,,,,,,-0.500000,-0.866025
2015,7,30.000000,160.000000,32.500000,162.500000,1525.240000,0.245207,13.940757,0.253731,14.439695,26.065017,0.679008,10.720093,0.354802,4.263392,0.252971,0.622222,0.111990,216.692307,-0.500000,-0.866025
2015,7,-30.000000,-140.000000,-27.500000,-137.500000,1671.020000,1.011957,0.506876,45.976709,47.495542,,,,,,,,,,-0.500000,-0.866025
2015,7,-30.000000,150.000000,-27.500000,152.500000,1469.160000,48.889842,20.678483,24.420757,93.989082,21.823472,0.554825,66.557883,0.292884,96.717472,0.112691,0.595918,0.453504,215.654831,-0.500000,-0.866025
2015,7,-30.000000,-150.000000,-27.500000,-147.500000,1591.070000,2.098588,0.972930,36.271189,39.342706,,,,,,,,,,-0.500000,-0.866025
2015,7,-30.000000,155.000000,-27.500000,157.500000,2543.230000,14.809514,8.172285,22.464740,45.446538,21.739928,0.657390,83.423113,0.195297,3.896337,0.093224,0.350278,0.360068,221.966492,-0.500000,-0.866025
2015,7,-30.000000,-155.000000,-27.500000,-152.500000,8806.100000,1.129899,0.214397,37.217043,38.561338,,,,,,,,,,-0.500000,-0.866025
2015,7,-30.000000,160.000000,-27.500000,162.500000,5467.240000,3.489512,2.125387,40.224867,45.839766,21.051761,0.636231,95.055413,0.178210,2.581489,0.112662,0.410556,0.241629,227.110718,-0.500000,-0.866025
2015,7,-30.000000,-160.000000,-27.500000,-157.500000,10361.920000,0.672462,0.733455,37.582900,38.988817,,,,,,,,,,-0.500000,-0.866025
2015,7,-30.000000,-165.000000,-27.500000,-162.500000,9028.190000,0.448595,0.518376,35.631505,36.598477,,,,,,,,,,-0.500000,-0.866025
2015,7,-30.000000,170.000000,-27.500000,172.500000,5463.740000,0.848320,1.905471,34.437217,37.191008,20.631055,0.631997,105.653644,0.154796,2.206690,0.073804,0.303889,0.117937,227.997711,-0.500000,-0.866025
2015,7,-30.000000,-170.000000,-27.500000,-167.500000,6252.370000,1.153643,0.723406,42.593609,44.470657,,,,,,,,,,-0.500000,-0.866025
2015,7,-30.000000,175.000000,-27.500000,177.500000,3853.830000,0.999006,4.531855,19.890083,25.420945,20.233303,0.531918,109.287169,0.150137,3.100843,0.078769,0.430278,0.143992,229.769958,-0.500000,-0.866025
2015,7,-30.000000,-175.000000,-27.500000,-172.500000,6697.020000,1.916823,1.009852,31.948688,34.875362,,,,,,,,,,-0.500000,-0.866025
2015,7,35.000000,145.000000,37.500000,147.500000,7726.460000,0.084644,0.386723,0.000000,0.471367,22.033948,0.177918,10.669780,0.350698,4.608816,0.310597,0.676667,0.169439,221.919144,-0.500000,-0.866025
2015,7,35.000000,150.000000,37.500000,152.500000,4070.500000,0.000000,0.168775,0.000000,0.168775,22.436979,0.337846,11.499799,0.374430,9.922980,0.275083,0.670556,0.194435,229.439682,-0.500000,-0.866025
2015,7,35.000000,155.000000,37.500000,157.500000,3370.370000,0.362275,21.622552,16.675024,38.659850,21.461008,0.316862,11.095386,0.313665,8.392305,0.211900,0.701389,0.249156,236.843140,-0.500000,-0.866025
2015,7,35.000000,160.000000,37.500000,162.500000,4696.910000,0.314675,11.541631,0.984264,12.840570,20.742171,0.336363,11.262602,0.300626,5.450159,0.218125,0.785556,0.283199,241.446869,-0.500000,-0.866025
2015,7,35.000000,165.000000,37.500000,167.500000,1541.910000,0.020105,13.825710,0.024645,13.870459,20.259440,0.343497,11.153498,0.220312,6.636804,0.126616,0.665000,0.275730,241.965622,-0.500000,-0.866025
2015,7,-35.000000,-135.000000,-32.500000,-132.500000,3528.570000,0.092105,0.488867,82.638293,83.219264,,,,,,,,,,-0.500000,-0.866025
2015,7,-35.000000,-140.000000,-32.500000,-137.500000,2335.130000,0.694608,0.217975,53.749042,54.661625,,,,,,,,,,-0.500000,-0.866025
2015,7,-35.000000,150.000000,-32.500000,152.500000,1367.820000,28.117735,19.224021,13.630448,60.972204,20.294320,0.601234,89.511574,0.358118,90.836543,0.208158,0.622040,0.479753,220.061478,-0.500000,-0.866025
2015,7,-35.000000,-150.000000,-32.500000,-147.500000,1694.000000,1.725502,0.952184,43.452184,46.129870,,,,,,,,,,-0.500000,-0.866025
2015,7,-35.000000,-155.000000,-32.500000,-152.500000,1533.830000,1.337828,0.645443,49.295554,51.278825,,,,,,,,,,-0.500000,-0.866025
2015,7,-35.000000,160.000000,-32.500000,162.500000,5777.320000,2.614707,2.045066,24.049905,28.709679,18.749171,0.461234,108.636659,0.166082,3.062396,0.090381,0.543611,0.416774,225.685272,-0.500000,-0.866025
2015,7,-35.000000,-160.000000,-32.500000,-157.500000,3782.270000,0.308016,0.706983,38.497780,39.512779,,,,,,,,,,-0.500000,-0.866025
2015,7,-35.000000,165.000000,-32.500000,167.500000,4355.180000,1.488572,5.201392,23.687655,30.377619,18.062022,0.437368,123.611244,0.142273,3.479956,0.122242,0.420833,0.376507,231.025452,-0.500000,-0.866025
2015,7,-35.000000,170.000000,-32.500000,172.500000,2486.050000,0.119064,9.201746,25.841797,35.162607,17.799778,0.439594,128.032182,0.173472,68.605769,0.102936,0.518984,0.350389,232.953812,-0.500000,-0.866025
2015,7,-35.000000,175.000000,-32.500000,177.500000,1405.850000,0.227620,17.085038,15.630402,32.943059,17.732727,0.463176,129.114664,0.155014,3.653434,0.081789,0.478611,0.335712,232.303452,-0.500000,-0.866025
2015,7,-40.000000,155.000000,-37.500000,157.500000,1230.000000,0.198374,1.615447,9.092683,10.906504,,,,,,,,,,-0.500000,-0.866025
2015,7,-40.000000,175.000000,-37.500000,177.500000,3273.310000,0.000000,0.076070,5.861040,5.937110,,,,,,,,,,-0.500000,-0.866025
2015,8,0.000000,120.000000,2.500000,122.500000,16778.710000,14.459574,2.802659,0.000000,17.262233,28.868597,0.503783,16.973435,0.260245,132.874198,0.023092,0.165425,0.107907,201.067307,-0.866025,-0.500000
2015,8,0.000000,125.000000,2.500000,127.500000,22371.620000,14.459525,2.802658,0.000000,17.262183,28.140096,0.475827,22.240019,0.536675,130.496651,0.033929,0.355717,0.141584,201.890472,-0.866025,-0.500000
2015,8,0.000000,130.000000,2.500000,132.500000,6872.500000,12.405820,2.866788,0.000000,15.272608,28.906302,0.548805,21.715460,0.830382,115.856321,0.044253,0.051403,0.169912,201.529633,-0.866025,-0.500000
2015,8,0.000000,140.000000,2.500000,142.500000,1655.580000,2.177485,1.844671,0.132280,4.154435,28.977387,0.545306,16.980881,0.628261,0.348946,0.064209,0.000000,0.153684,201.927109,-0.866025,-0.500000
2015,8,0.000000,145.000000,2.500000,147.500000,2989.850000,9.736943,4.896232,1.856615,16.489790,28.980669,0.528673,20.923576,0.611414,0.393323,0.070841,0.000000,0.163424,201.653259,-0.866025,-0.500000
2015,8,0.000000,150.000000,2.500000,152.500000,1860.780000,16.918712,23.848064,3.508744,44.275519,29.046013,0.525599,22.984296,0.577428,0.284203,0.065923,0.000000,0.129630,201.093002,-0.866025,-0.500000
2015,8,0.000000,155.000000,2.500000,157.500000,13745.270000,9.303564,13.194866,0.429821,22.928251,28.878668,0.517676,19.691306,0.651616,0.255987,0.061184,0.000000,0.110650,200.723679,-0.866025,-0.500000
2015,8,0.000000,160.000000,2.500000,162.500000,9276.900000,11.941273,12.428613,0.352381,24.722267,28.810221,0.523346,15.837836,0.636693,0.344609,0.065217,0.000000,0.125849,200.807556,-0.866025,-0.500000
2015,8,0.000000,165.000000,2.500000,167.500000,4506.260000,4.394997,15.020882,0.196393,19.612273,28.812763,0.565533,17.348730,0.558079,91.083703,0.058076,0.002779,0.150395,201.034454,-0.866025,-0.500000
2015,8,0.000000,-165.000000,2.500000,-162.500000,1443.090000,6.966994,22.767811,0.121268,29.856073,,,,,,,,,,-0.866025,-0.500000
2015,8,0.000000,170.000000,2.500000,172.500000,2271.790000,11.791583,12.139766,0.378116,24.309465,29.200346,0.607696,17.915891,0.480795,129.292972,0.064789,0.019537,0.159812,200.801239,-0.866025,-0.500000
2015,8,0.000000,-170.000000,2.500000,-167.500000,2895.200000,5.771967,12.096574,0.135051,18.003592,,,,,,,,,,-0.866025,-0.500000
2015,8,0.000000,175.000000,2.500000,177.500000,8164.790000,19.540490,21.994564,0.135215,41.670270,29.703998,0.664669,19.568893,0.499795,0.427258,0.050080,0.000000,0.117697,200.463013,-0.866025,-0.500000
2015,8,0.000000,-175.000000,2.500000,-172.500000,1943.170000,6.663339,26.942059,0.379277,33.984675,,,,,,,,,,-0.866025,-0.500000
2015,8,5.000000,130.000000,7.500000,132.500000,2098.780000,13.651741,10.195923,0.020488,23.868152,28.954027,0.338588,21.686813,0.411765,130.398380,0.051643,0.016722,0.090335,200.288040,-0.866025,-0.500000
2015,8,5.000000,140.000000,7.500000,142.500000,1289.620000,3.063693,12.896822,2.454987,18.415502,28.920886,0.312710,17.425264,0.266369,0.514741,0.034543,0.000000,0.089637,200.664490,-0.866025,-0.500000
2015,8,5.000000,145.000000,7.500000,147.500000,1708.220000,4.057440,15.011532,0.056199,19.125171,28.650585,0.358190,21.185442,0.135654,0.976065,0.037835,0.003333,0.089490,200.923035,-0.866025,-0.500000
2015,8,5.000000,165.000000,7.500000,167.500000,1933.380000,2.234946,4.867124,1.198419,8.300489,29.374253,0.390322,14.136209,0.221543,132.813807,0.030442,0.041643,0.093677,199.547211,-0.866025,-0.500000
2015,8,5.000000,170.000000,7.500000,172.500000,3859.610000,3.815670,6.238713,1.301168,11.355551,29.610567,0.368897,14.381258,0.295751,132.756479,0.047475,0.027848,0.083033,198.928329,-0.866025,-0.500000
2015,8,-5.000000,120.000000,-2.500000,122.500000,22371.620000,14.459525,2.802658,0.000000,17.262183,27.486185,0.443850,19.235058,0.188010,130.575051,0.032569,0.478313,0.107854,204.381012,-0.866025,-0.500000
2015,8,-5.000000,125.000000,-2.500000,127.500000,33557.430000,14.459540,2.802658,0.000000,17.262198,26.779086,0.409853,18.607457,0.184340,124.064902,0.028260,0.377399,0.123573,204.163864,-0.866025,-0.500000
2015,8,-5.000000,130.000000,-2.500000,132.500000,11185.810000,14.459570,2.802658,0.000000,17.262228,26.938884,0.436272,16.221782,0.243244,130.006771,0.090418,0.623914,0.247004,204.589966,-0.866025,-0.500000
2015,8,-5.000000,155.000000,-2.500000,157.500000,2871.180000,13.791194,9.286426,0.774594,23.852214,28.986038,0.560466,25.742618,0.195925,0.687484,0.010309,0.000556,0.193925,200.298782,-0.866025,-0.500000
2015,8,-5.000000,-155.000000,-2.500000,-152.500000,3536.040000,9.598025,25.815319,0.963224,36.376568,,,,,,,,,,-0.866025,-0.500000
2015,8,-5.000000,160.000000,-2.500000,162.500000,17200.710000,13.301079,9.483911,0.745667,23.530657,29.263099,0.580467,23.956650,0.159950,0.312995,0.012931,0.000000,0.161894,199.734940,-0.866025,-0.500000
2015,8,-5.000000,-160.000000,-2.500000,-157.500000,4336.590000,14.013315,25.247718,0.706777,39.967809,,,,,,,,,,-0.866025,-0.500000
2015,8,-5.000000,165.000000,-2.500000,167.500000,3751.900000,13.598977,11.661025,1.230843,26.490845,29.425703,0.635558,25.823620,0.218181,0.289931,0.020456,0.000000,0.204082,199.710052,-0.866025,-0.500000
2015,8,-5.000000,-165.000000,-2.500000,-162.500000,7725.460000,19.089349,17.371263,2.514154,38.974767,,,,,,,,,,-0.866025,-0.500000
2015,8,-5.000000,170.000000,-2.500000,172.500000,5573.800000,11.734006,14.877821,0.872475,27.484302,29.798051,0.681127,31.596440,0.160435,133.891797,0.013253,0.009476,0.185749,200.116409,-0.866025,-0.500000
2015,8,-5.000000,-170.000000,-2.500000,-167.500000,13821.780000,19.568319,16.445349,2.952297,38.965965,,,,,,,,,,-0.866025,-0.500000
2015,8,-5.000000,175.000000,-2.500000,177.500000,12060.680000,15.276087,23.203418,1.220827,39.700332,30.088642,0.706248,26.168733,0.192827,94.750167,0.014764,0.001668,0.104159,199.767090,-0.866025,-0.500000
2015,8,-5.000000,-175.000000,-2.500000,-172.500000,1643.510000,15.412136,27.395026,1.553991,44.361154,,,,,,,,,,-0.866025,-0.500000
2015,8,-5.000000,-180.000000,-2.500000,-177.500000,3823.930000,9.296980,15.248972,1.769907,26.315858,,,,,,,,,,-0.866025,-0.500000
2015,8,10.000000,110.000000,12.500000,112.500000,22896.810000,13.736455,2.820611,0.000000,16.557066,29.788520,0.712588,14.879851,0.264545,1.777504,0.070522,0.082778,0.118916,200.498749,-0.866025,-0.500000
2015,8,10.000000,115.000000,12.500000,117.500000,22896.810000,13.736455,2.820611,0.000000,16.557066,29.867137,0.700313,18.016790,0.108899,134.857187,0.019685,0.028944,0.084017,199.534454,-0.866025,-0.500000
2015,8,10.000000,125.000000,12.500000,127.500000,4500.660000,6.278635,6.837219,4.571774,17.687628,29.700286,0.753423,20.618682,0.190064,132.545238,0.100872,0.046034,0.100068,198.629608,-0.866025,-0.500000
2015,8,10.000000,130.000000,12.500000,132.500000,14575.070000,5.248757,7.526894,6.418700,19.194350,29.584245,0.688905,20.534634,0.279432,0.323180,0.163409,0.000000,0.094633,198.941345,-0.866025,-0.500000
2015,8,10.000000,150.000000,12.500000,152.500000,3015.660000,4.263080,6.252031,1.280648,11.795759,29.243169,0.640916,18.546608,0.169074,0.258519,0.114391,0.000000,0.090230,199.583374,-0.866025,-0.500000
2015,8,10.000000,155.000000,12.500000,157.500000,2637.780000,2.888035,0.856781,1.208213,4.953029,29.279975,0.612705,17.545516,0.169086,0.380366,0.083305,0.000000,0.089975,200.051468,-0.866025,-0.500000
2015,8,10.000000,170.000000,12.500000,172.500000,1958.230000,3.964294,7.799390,4.930984,16.694668,29.560727,0.608288,17.032280,0.206483,59.199278,0.096883,0.003056,0.069947,199.068741,-0.866025,-0.500000
2015,8,10.000000,175.000000,12.500000,177.500000,1576.940000,5.302041,17.214352,7.817038,30.333431,29.472853,0.592686,17.181074,0.210087,0.228863,0.096139,0.000000,0.063499,199.686127,-0.866025,-0.500000
2015,8,-10.000000,-135.000000,-7.500000,-132.500000,6003.370000,5.046499,9.502829,3.758889,18.308217,,,,,,,,,,-0.866025,-0.500000
2015,8,-10.000000,145.000000,-7.500000,147.500000,1443.560000,37.501732,0.390701,19.313364,57.205797,26.468005,0.625364,31.274117,0.349327,123.170864,0.054703,0.474652,0.288525,206.977890,-0.866025,-0.500000
2015,8,-10.000000,-145.000000,-7.500000,-142.500000,1157.020000,11.842492,35.559454,5.107085,52.509032,,,,,,,,,,-0.866025,-0.500000
2015,8,-10.000000,-150.000000,-7.500000,-147.500000,18800.370000,13.414789,15.992770,4.771023,34.178583,,,,,,,,,,-0.866025,-0.500000
2015,8,-10.000000,155.000000,-7.500000,157.500000,14585.810000,20.824555,6.667302,0.416432,27.908289,28.009429,0.567315,38.616032,0.235520,127.124989,0.042820,0.189655,0.401064,199.175018,-0.866025,-0.500000
2015,8,-10.000000,-155.000000,-7.500000,-152.500000,15832.260000,15.835958,15.422814,7.235543,38.494315,,,,,,,,,,-0.866025,-0.500000
2015,8,-10.000000,160.000000,-7.500000,162.500000,25869.830000,13.777246,7.388800,0.813225,21.979271,28.540441,0.624893,44.974031,0.245638,126.461665,0.037012,0.072509,0.211152,198.443436,-0.866025,-0.500000
2015,8,-10.000000,-160.000000,-7.500000,-157.500000,13458.520000,18.207425,14.749616,9.982450,42.939491,,,,,,,,,,-0.866025,-0.500000
2015,8,-10.000000,165.000000,-7.500000,167.500000,7006.510000,13.171465,5.118954,3.569395,21.859813,28.859524,0.641965,39.041822,0.158639,0.758513,0.022093,0.015556,0.166558,197.741364,-0.866025,-0.500000
2015,8,-10.000000,-165.000000,-7.500000,-162.500000,18854.670000,15.575239,5.454086,19.976908,41.006233,,,,,,,,,,-0.866025,-0.500000
2015,8,-10.000000,170.000000,-7.500000,172.500000,4719.440000,6.383384,2.396047,10.053947,18.833379,29.261745,0.682630,38.217229,0.128555,0.903175,0.016689,0.013056,0.156284,196.927124,-0.866025,-0.500000
2015,8,-10.000000,-170.000000,-7.500000,-167.500000,16395.440000,16.390594,3.727561,15.572989,35.691143,,,,,,,,,,-0.866025,-0.500000
2015,8,-10.000000,175.000000,-7.500000,177.500000,1312.080000,7.780013,14.667551,5.657429,28.104994,29.524800,0.691935,31.453267,0.109245,0.667373,0.021157,0.005278,0.147938,197.407272,-0.866025,-0.500000
2015,8,-10.000000,-175.000000,-7.500000,-172.500000,8269.140000,8.313803,3.884201,8.795352,20.993356,,,,,,,,,,-0.866025,-0.500000
2015,8,-10.000000,-180.000000,-7.500000,-177.500000,6502.160000,10.116638,4.474821,8.760166,23.351625,,,,,,,,,,-0.866025,-0.500000
2015,8,15.000000,110.000000,17.500000,112.500000,22896.810000,13.736455,2.820611,0.000000,16.557066,29.901439,0.669044,13.772105,0.154220,127.254018,0.044496,0.111335,0.091330,198.765640,-0.866025,-0.500000
2015,8,15.000000,115.000000,17.500000,117.500000,22896.810000,13.736455,2.820611,0.000000,16.557066,29.895428,0.645393,15.686005,0.161751,135.857544,0.057493,0.014763,0.083002,198.212738,-0.866025,-0.500000
2015,8,15.000000,125.000000,17.500000,127.500000,5215.540000,6.489261,0.944293,1.023096,8.456651,29.587560,0.994432,20.886911,0.202235,1.067628,0.075901,0.039167,0.095916,198.142624,-0.866025,-0.500000
2015,8,15.000000,130.000000,17.500000,132.500000,3745.650000,0.591887,1.094069,1.668869,3.354825,29.312505,0.880597,17.391440,0.212755,1.182493,0.087631,0.090000,0.091999,198.332642,-0.866025,-0.500000
2015,8,15.000000,135.000000,17.500000,137.500000,3424.110000,1.756661,1.076776,10.016325,12.849762,29.315290,0.920454,15.321395,0.314535,1.071881,0.127338,0.085833,0.091343,198.427170,-0.866025,-0.500000
2015,8,15.000000,150.000000,17.500000,152.500000,5760.930000,5.066890,2.499944,11.132751,18.699585,29.238225,0.907218,21.887537,0.153894,0.458847,0.076311,0.000000,0.096080,199.131958,-0.866025,-0.500000
2015,8,15.000000,160.000000,17.500000,162.500000,2133.340000,9.752313,3.237177,28.993503,41.982994,29.288006,0.833826,18.349085,0.162179,0.341875,0.058166,0.000000,0.081284,198.962051,-0.866025,-0.500000
2015,8,15.000000,170.000000,17.500000,172.500000,1213.500000,4.624639,0.190358,28.592501,33.407499,29.384529,0.768537,16.337364,0.145613,0.565599,0.050616,0.000000,0.081210,199.566589,-0.866025,-0.500000
2015,8,-15.000000,-135.000000,-12.500000,-132.500000,5619.480000,9.296946,9.157075,6.582993,25.037014,,,,,,,,,,-0.866025,-0.500000
2015,8,-15.000000,145.000000,-12.500000,147.500000,1518.070000,17.563749,0.054675,11.100279,28.718702,25.306356,0.654180,52.727542,0.215011,113.086585,0.041088,0.076360,0.081659,209.707535,-0.866025,-0.500000
2015,8,-15.000000,-145.000000,-12.500000,-142.500000,1691.110000,8.026681,22.210264,23.928071,54.165016,,,,,,,,,,-0.866025,-0.500000
2015,8,-15.000000,-150.000000,-12.500000,-147.500000,11695.820000,9.300673,8.901898,21.636961,39.839532,,,,,,,,,,-0.866025,-0.500000
2015,8,-15.000000,155.000000,-12.500000,157.500000,20860.330000,22.956971,4.477206,18.371809,45.805987,26.893181,0.643017,56.154738,0.226674,1.605968,0.060302,0.153889,0.328504,204.396362,-0.866025,-0.500000
2015,8,-15.000000,-155.000000,-12.500000,-152.500000,1030.710000,7.645215,7.612228,17.797441,33.054884,,,,,,,,,,-0.866025,-0.500000
2015,8,-15.000000,160.000000,-12.500000,162.500000,10472.510000,8.358168,3.098684,15.548231,27.005083,26.767436,0.677342,49.148659,0.162271,124.000559,0.030330,0.155468,0.274284,204.721527,-0.866025,-0.500000
2015,8,-15.000000,-160.000000,-12.500000,-157.500000,11131.750000,7.081007,1.619961,17.184450,25.885418,,,,,,,,,,-0.866025,-0.500000
2015,8,-15.000000,165.000000,-12.500000,167.500000,4601.550000,12.288251,3.094392,18.771936,34.154578,27.028516,0.696479,50.235923,0.152076,116.896409,0.034816,0.084310,0.123401,203.788254,-0.866025,-0.500000
2015,8,-15.000000,-165.000000,-12.500000,-162.500000,2699.880000,8.476303,1.763041,22.352845,32.592189,,,,,,,,,,-0.866025,-0.500000
2015,8,-15.000000,170.000000,-12.500000,172.500000,2757.310000,7.051800,2.615593,13.254222,22.921616,27.445797,0.708923,46.521019,0.138045,1.121229,0.028546,0.053056,0.140755,202.227661,-0.866025,-0.500000
2015,8,-15.000000,-170.000000,-12.500000,-167.500000,6777.570000,4.293869,1.932404,23.036575,29.262848,,,,,,,,,,-0.866025,-0.500000
2015,8,-15.000000,175.000000,-12.500000,177.500000,2347.980000,10.935783,1.725739,11.019259,23.680781,27.768482,0.720399,53.580036,0.138739,1.120965,0.020654,0.113056,0.130720,201.616760,-0.866025,-0.500000
2015,8,-15.000000,-175.000000,-12.500000,-172.500000,11976.200000,5.566039,1.422154,22.895159,29.883352,,,,,,,,,,-0.866025,-0.500000
2015,8,20.000000,150.000000,22.500000,152.500000,2526.620000,5.840213,1.779452,20.998409,28.618075,29.162267,0.972322,23.763281,0.175855,0.947774,0.095524,0.006111,0.084509,199.053070,-0.866025,-0.500000
2015,8,-20.000000,-135.000000,-17.500000,-132.500000,2330.950000,2.892383,4.503743,25.058453,32.454579,,,,,,,,,,-0.866025,-0.500000
2015,8,-20.000000,-150.000000,-17.500000,-147.500000,4626.050000,2.718950,2.202959,16.484041,21.405951,,,,,,,,,,-0.866025,-0.500000
2015,8,-20.000000,155.000000,-17.500000,157.500000,1182.840000,6.324609,1.397484,21.363836,29.085929,24.694216,0.745734,44.673335,0.149547,2.837827,0.044369,0.331389,0.092035,212.167770,-0.866025,-0.500000
2015,8,-20.000000,-155.000000,-17.500000,-152.500000,1852.440000,2.480512,2.558248,14.897649,19.936408,,,,,,,,,,-0.866025,-0.500000
2015,8,-20.000000,160.000000,-17.500000,162.500000,3524.080000,15.215319,1.566366,44.341218,61.122903,24.637789,0.704149,50.955568,0.141820,47.732135,0.040318,0.415115,0.086150,212.165176,-0.866025,-0.500000
2015,8,-20.000000,165.000000,-17.500000,167.500000,2902.360000,11.557491,2.345677,14.537480,28.440648,24.761870,0.716740,53.623323,0.112732,116.853510,0.036028,0.447150,0.090799,211.290176,-0.866025,-0.500000
2015,8,-20.000000,170.000000,-17.500000,172.500000,2427.810000,7.754314,1.153715,12.227893,21.135921,24.739088,0.709042,54.103216,0.134267,2.529354,0.064705,0.347500,0.102946,211.410797,-0.866025,-0.500000
2015,8,-20.000000,-170.000000,-17.500000,-167.500000,1350.630000,2.994158,0.873666,18.003450,21.871275,,,,,,,,,,-0.866025,-0.500000
2015,8,-20.000000,175.000000,-17.500000,177.500000,8980.530000,6.495719,1.258612,6.612750,14.367081,24.974191,0.723876,47.271022,0.107284,114.252454,0.052964,0.409104,0.163752,211.457031,-0.866025,-0.500000
2015,8,-20.000000,-175.000000,-17.500000,-172.500000,4116.520000,6.046855,1.068864,22.485740,29.601459,,,,,,,,,,-0.866025,-0.500000
2015,8,-20.000000,-180.000000,-17.500000,-177.500000,2889.420000,6.571907,1.068727,10.451232,18.091866,,,,,,,,,,-0.866025,-0.500000
2015,8,25.000000,125.000000,27.500000,127.500000,1105.900000,12.302197,2.636766,0.525364,15.464328,28.915601,0.928907,16.375911,0.316451,129.957158,0.238181,0.133670,0.123592,200.539673,-0.866025,-0.500000
2015,8,25.000000,135.000000,27.500000,137.500000,4007.890000,0.664938,0.031188,0.395470,1.091597,28.720870,1.143842,15.446097,0.164745,0.769479,0.140008,0.009722,0.107086,201.416031,-0.866025,-0.500000
2015,8,25.000000,145.000000,27.500000,147.500000,3945.260000,1.054176,1.612568,0.084152,2.750896,28.348763,1.001631,18.922621,0.153937,1.664428,0.073604,0.134167,0.090842,203.373688,-0.866025,-0.500000
2015,8,25.000000,150.000000,27.500000,152.500000,1964.980000,2.293153,0.755733,0.053945,3.102831,28.549422,0.928797,18.846410,0.150043,2.041028,0.061406,0.218889,0.087762,200.794067,-0.866025,-0.500000
2015,8,25.000000,155.000000,27.500000,157.500000,1029.210000,0.856968,1.041576,0.174891,2.073435,29.316494,0.958551,16.973124,0.152775,1.735180,0.060312,0.144167,0.085696,200.727264,-0.866025,-0.500000
2015,8,25.000000,-155.000000,27.500000,-152.500000,1400.420000,1.932277,17.279102,0.059982,19.271361,,,,,,,,,,-0.866025,-0.500000
2015,8,25.000000,160.000000,27.500000,162.500000,2330.650000,0.960676,0.853410,0.000000,1.814086,29.495506,0.911295,14.891041,0.141539,1.334902,0.076093,0.118889,0.084324,200.674118,-0.866025,-0.500000
2015,8,-25.000000,-165.000000,-22.500000,-162.500000,1214.570000,3.079279,1.640910,24.932281,29.652470,,,,,,,,,,-0.866025,-0.500000
2015,8,-25.000000,170.000000,-22.500000,172.500000,4096.120000,5.825025,0.602277,23.756628,30.183930,21.784667,0.594571,73.508962,0.141185,2.555916,0.048982,0.353889,0.136506,220.947983,-0.866025,-0.500000
2015,8,-25.000000,-170.000000,-22.500000,-167.500000,1855.860000,4.149020,0.726348,35.748925,40.624293,,,,,,,,,,-0.866025,-0.500000
2015,8,-25.000000,175.000000,-22.500000,177.500000,5848.890000,4.713715,0.574981,19.420437,24.709133,22.095268,0.615890,64.508502,0.157284,3.135393,0.061470,0.334167,0.141979,221.093185,-0.866025,-0.500000
2015,8,-25.000000,-175.000000,-22.500000,-172.500000,3979.790000,4.055490,0.932964,20.900349,25.888803,,,,,,,,,,-0.866025,-0.500000
2015,8,-25.000000,-180.000000,-22.500000,-177.500000,2884.070000,19.607360,1.657727,12.235140,33.500227,,,,,,,,,,-0.866025,-0.500000
2015,8,30.000000,145.000000,32.500000,147.500000,2207.060000,0.670575,1.652878,0.000000,2.323453,27.965771,1.171407,14.996076,0.190916,1.508689,0.110681,0.129167,0.115703,207.312790,-0.866025,-0.500000
2015,8,30.000000,165.000000,32.500000,167.500000,1775.760000,0.909470,34.095824,1.611141,36.616435,26.914885,0.748808,12.753389,0.224870,2.593926,0.246268,0.466944,0.091842,209.171387,-0.866025,-0.500000
2015,8,-30.000000,150.000000,-27.500000,152.500000,4138.040000,48.276237,8.875216,15.655963,72.807416,21.696551,0.512531,41.960710,0.295565,96.751574,0.119532,0.628571,0.468013,218.641785,-0.866025,-0.500000
2015,8,-30.000000,-150.000000,-27.500000,-147.500000,1995.090000,1.367858,0.757359,30.732448,32.857666,,,,,,,,,,-0.866025,-0.500000
2015,8,-30.000000,-155.000000,-27.500000,-152.500000,5064.040000,1.236957,0.495059,62.266293,63.998310,,,,,,,,,,-0.866025,-0.500000
2015,8,-30.000000,160.000000,-27.500000,162.500000,7609.530000,9.814141,3.176675,35.326492,48.317307,20.543073,0.600085,75.681668,0.192762,2.125071,0.085640,0.502222,0.308175,229.886780,-0.866025,-0.500000
2015,8,-30.000000,-160.000000,-27.500000,-157.500000,4244.130000,1.635435,0.975701,42.718767,45.329903,,,,,,,,,,-0.866025,-0.500000
2015,8,-30.000000,-165.000000,-27.500000,-162.500000,3417.650000,1.255541,0.848536,33.082089,35.186166,,,,,,,,,,-0.866025,-0.500000
2015,8,-30.000000,170.000000,-27.500000,172.500000,4787.420000,1.209002,5.087291,36.598209,42.894503,19.953363,0.579068,93.010842,0.152874,2.664666,0.071401,0.385278,0.183645,230.423035,-0.866025,-0.500000
2015,8,-30.000000,-170.000000,-27.500000,-167.500000,5790.500000,1.943183,0.794059,39.634919,42.372161,,,,,,,,,,-0.866025,-0.500000
2015,8,-30.000000,175.000000,-27.500000,177.500000,5749.380000,2.648981,4.425521,20.783632,27.858134,19.675043,0.497814,95.831812,0.155367,2.386560,0.064537,0.392500,0.192512,231.251999,-0.866025,-0.500000
2015,8,-30.000000,-175.000000,-27.500000,-172.500000,13721.000000,3.285110,1.719481,37.000583,42.005175,,,,,,,,,,-0.866025,-0.500000
2015,8,-30.000000,-180.000000,-27.500000,-177.500000,2004.680000,3.223457,0.733284,17.958477,21.915218,,,,,,,,,,-0.866025,-0.500000
2015,8,35.000000,145.000000,37.500000,147.500000,7061.860000,0.000000,1.315517,0.002549,1.318066,25.307611,0.181563,12.475416,0.336458,5.140232,0.269766,0.628056,0.125305,209.692947,-0.866025,-0.500000
2015,8,35.000000,150.000000,37.500000,152.500000,4107.170000,0.199894,1.065454,0.071339,1.336687,25.450959,0.386902,14.244006,0.398328,6.336695,0.285346,0.604722,0.120278,216.053558,-0.866025,-0.500000
2015,8,35.000000,155.000000,37.500000,157.500000,8345.690000,0.287214,14.498022,4.313963,19.099200,23.962931,0.302437,14.860735,0.278143,4.855031,0.194591,0.613333,0.177754,224.966324,-0.866025,-0.500000
2015,8,35.000000,160.000000,37.500000,162.500000,6636.360000,0.363000,19.423901,4.227769,24.014671,22.776654,0.383992,15.549648,0.222165,5.284655,0.226839,0.683333,0.190987,229.312088,-0.866025,-0.500000
2015,8,35.000000,165.000000,37.500000,167.500000,5640.090000,0.419674,22.031918,0.531197,22.982789,21.906184,0.380296,13.007201,0.209607,5.097681,0.138912,0.594722,0.177221,231.044739,-0.866025,-0.500000
2015,8,-35.000000,-135.000000,-32.500000,-132.500000,3092.400000,0.026517,0.020373,67.622559,67.669448,,,,,,,,,,-0.866025,-0.500000
2015,8,-35.000000,-140.000000,-32.500000,-137.500000,1379.420000,0.123965,0.213133,53.647910,53.985008,,,,,,,,,,-0.866025,-0.500000
2015,8,-35.000000,-145.000000,-32.500000,-142.500000,2934.120000,0.306736,0.633239,32.116273,33.056249,,,,,,,,,,-0.866025,-0.500000
2015,8,-35.000000,-150.000000,-32.500000,-147.500000,4010.520000,0.337861,0.730579,30.789274,31.857714,,,,,,,,,,-0.866025,-0.500000
2015,8,-35.000000,-155.000000,-32.500000,-152.500000,2404.200000,0.751185,0.659263,30.415523,31.825971,,,,,,,,,,-0.866025,-0.500000
2015,8,-35.000000,160.000000,-32.500000,162.500000,6457.330000,8.778086,1.398256,20.958972,31.135314,18.219164,0.462993,85.971324,0.172566,3.332311,0.104853,0.580833,0.444617,230.206131,-0.866025,-0.500000
2015,8,-35.000000,170.000000,-32.500000,172.500000,1974.410000,0.459884,19.801865,8.329070,28.590820,17.389491,0.406606,105.433361,0.180474,68.668428,0.110164,0.549414,0.374328,234.589188,-0.866025,-0.500000
2015,8,-35.000000,175.000000,-32.500000,177.500000,1927.860000,0.929528,26.339050,8.414511,35.683089,17.198628,0.452669,113.882918,0.175492,2.896295,0.094868,0.500556,0.374487,233.664474,-0.866025,-0.500000
2015,8,40.000000,150.000000,42.500000,152.500000,2082.440000,0.000000,0.000000,0.000000,0.000000,17.367416,-0.058180,11.994792,0.145283,8.751885,0.143273,0.757500,0.229450,242.131683,-0.866025,-0.500000
2015,8,40.000000,155.000000,42.500000,157.500000,1960.910000,0.000000,0.000000,0.000000,0.000000,17.017877,-0.004174,13.811788,0.102442,5.116402,0.099966,0.813889,0.270067,248.520081,-0.866025,-0.500000
2015,8,-40.000000,175.000000,-37.500000,177.500000,1939.590000,0.000000,0.641888,4.556633,5.198521,,,,,,,,,,-0.866025,-0.500000
2015,9,0.000000,120.000000,2.500000,122.500000,13875.250000,17.485307,3.389128,0.000000,20.874435,29.399171,0.509513,13.726368,0.320290,134.323748,0.028273,0.181564,0.110718,201.032547,-1.000000,-0.000000
2015,9,0.000000,125.000000,2.500000,127.500000,18500.330000,17.485256,3.389129,0.000000,20.874384,28.678067,0.491107,20.159249,0.533503,132.266459,0.034541,0.316394,0.118529,201.491470,-1.000000,-0.000000
2015,9,0.000000,130.000000,2.500000,132.500000,6445.270000,17.308197,9.583152,0.034599,26.925947,29.147437,0.558849,21.241867,0.676910,116.325210,0.043344,0.053070,0.139983,200.987106,-1.000000,-0.000000
2015,9,0.000000,135.000000,2.500000,137.500000,1838.840000,6.321377,1.399796,0.067434,7.788606,29.485406,0.533539,12.473212,0.552717,1.341755,0.071589,0.014167,0.104918,200.681427,-1.000000,-0.000000
2015,9,0.000000,140.000000,2.500000,142.500000,7501.570000,14.256482,3.389424,1.564339,19.210245,29.356019,0.545456,13.645674,0.545923,0.539439,0.058561,0.000000,0.126554,201.510132,-1.000000,-0.000000
2015,9,0.000000,145.000000,2.500000,147.500000,3657.830000,28.423410,12.039105,2.131592,42.594106,29.212955,0.532364,17.932762,0.516246,0.391908,0.059388,0.000000,0.128642,201.056351,-1.000000,-0.000000
2015,9,0.000000,150.000000,2.500000,152.500000,6278.520000,37.562833,20.714436,1.068564,59.345833,29.229289,0.541378,20.468638,0.475765,0.283841,0.054871,0.000000,0.102176,200.540741,-1.000000,-0.000000
2015,9,0.000000,155.000000,2.500000,157.500000,10489.500000,22.912436,9.379284,1.440297,33.732018,29.215315,0.583639,19.364419,0.441355,0.202920,0.045534,0.000000,0.097320,200.352097,-1.000000,-0.000000
2015,9,0.000000,160.000000,2.500000,162.500000,2713.040000,12.844632,12.094182,1.274216,26.213030,29.070085,0.599371,17.383005,0.447508,0.257695,0.051013,0.000000,0.096072,200.318268,-1.000000,-0.000000
2015,9,0.000000,-160.000000,2.500000,-157.500000,1446.500000,7.682682,32.547529,0.011061,40.241272,,,,,,,,,,-1.000000,-0.000000
2015,9,0.000000,165.000000,2.500000,167.500000,7403.220000,4.708086,10.610923,0.172493,15.491502,29.100508,0.639839,19.783892,0.478612,91.284198,0.049578,0.002779,0.097418,200.424789,-1.000000,-0.000000
2015,9,0.000000,-165.000000,2.500000,-162.500000,1035.590000,5.440377,29.294412,0.065663,34.800452,,,,,,,,,,-1.000000,-0.000000
2015,9,0.000000,170.000000,2.500000,172.500000,2059.010000,4.525962,6.609001,0.059737,11.194700,29.276678,0.678281,18.690267,0.665175,129.893307,0.051720,0.029305,0.100063,200.267792,-1.000000,-0.000000
2015,9,0.000000,-170.000000,2.500000,-167.500000,2709.950000,5.198620,9.132641,0.252772,14.584033,,,,,,,,,,-1.000000,-0.000000
2015,9,0.000000,-175.000000,2.500000,-172.500000,1416.250000,16.617829,13.105031,0.828950,30.551809,,,,,,,,,,-1.000000,-0.000000
2015,9,5.000000,130.000000,7.500000,132.500000,1509.910000,0.670901,1.939851,0.000000,2.610752,28.969943,0.349371,20.496906,0.397865,130.313870,0.057528,0.008919,0.091931,199.897278,-1.000000,-0.000000
2015,9,5.000000,165.000000,7.500000,167.500000,2793.340000,2.044864,7.621342,0.373388,10.039594,29.167417,0.381327,16.740138,0.305854,132.558306,0.046315,0.041643,0.089031,199.655457,-1.000000,-0.000000
2015,9,5.000000,170.000000,7.500000,172.500000,1398.910000,2.253898,4.728682,0.720561,7.703140,29.397744,0.369968,16.989582,0.364096,131.709925,0.057198,0.027848,0.077262,199.191116,-1.000000,-0.000000
2015,9,-5.000000,120.000000,-2.500000,122.500000,18500.330000,17.485256,3.389129,0.000000,20.874384,27.658404,0.455982,16.565975,0.203330,131.322097,0.029938,0.507229,0.109746,204.615417,-1.000000,-0.000000
2015,9,-5.000000,125.000000,-2.500000,127.500000,27750.500000,17.485271,3.389128,0.000000,20.874399,27.241552,0.432874,16.934041,0.171072,126.025205,0.028704,0.332198,0.110004,203.948975,-1.000000,-0.000000
2015,9,-5.000000,130.000000,-2.500000,132.500000,9250.170000,17.485300,3.389127,0.000000,20.874427,27.688337,0.463557,15.284319,0.203042,132.139881,0.076850,0.563095,0.146021,203.444290,-1.000000,-0.000000
2015,9,-5.000000,155.000000,-2.500000,157.500000,1074.970000,18.927040,11.298920,4.454078,34.680038,29.045564,0.618297,17.734391,0.283368,0.280451,0.020162,0.000000,0.128025,200.893631,-1.000000,-0.000000
2015,9,-5.000000,-155.000000,-2.500000,-152.500000,2361.450000,2.508205,10.615088,0.475555,13.598848,,,,,,,,,,-1.000000,-0.000000
2015,9,-5.000000,160.000000,-2.500000,162.500000,7664.700000,14.164677,15.825016,2.781844,32.771537,29.474336,0.669246,17.437726,0.259560,0.266217,0.022950,0.000000,0.104086,200.555649,-1.000000,-0.000000
2015,9,-5.000000,-160.000000,-2.500000,-157.500000,2473.280000,9.123108,19.040707,1.794783,29.958597,,,,,,,,,,-1.000000,-0.000000
2015,9,-5.000000,165.000000,-2.500000,167.500000,1769.660000,12.502967,14.479618,2.781890,29.764475,29.689765,0.703178,19.861532,0.290107,0.403260,0.024811,0.000000,0.102359,199.997131,-1.000000,-0.000000
2015,9,-5.000000,-165.000000,-2.500000,-162.500000,10801.300000,7.708609,13.364225,2.708193,23.781026,,,,,,,,,,-1.000000,-0.000000
2015,9,-5.000000,170.000000,-2.500000,172.500000,1981.190000,15.829880,16.436081,1.747939,34.013901,30.005026,0.714837,19.841030,0.374646,134.340565,0.025836,0.018952,0.093211,199.455841,-1.000000,-0.000000
2015,9,-5.000000,-170.000000,-2.500000,-167.500000,18917.800000,14.604235,8.633773,2.975029,26.213037,,,,,,,,,,-1.000000,-0.000000
2015,9,-5.000000,175.000000,-2.500000,177.500000,12345.560000,13.254239,19.449421,1.269849,33.973510,30.076581,0.731574,22.188773,0.382411,95.025780,0.017828,0.001668,0.089592,199.326721,-1.000000,-0.000000
2015,9,-5.000000,-175.000000,-2.500000,-172.500000,1718.730000,12.087413,9.037487,1.122340,22.247241,,,,,,,,,,-1.000000,-0.000000
2015,9,-5.000000,-180.000000,-2.500000,-177.500000,9873.700000,12.288605,18.659469,2.728460,33.676535,,,,,,,,,,-1.000000,-0.000000
2015,9,10.000000,110.000000,12.500000,112.500000,19668.740000,15.990907,3.283535,0.000000,19.274443,29.877159,0.728397,14.569325,0.239953,1.219296,0.055775,0.051111,0.121114,201.000916,-1.000000,-0.000000
2015,9,10.000000,115.000000,12.500000,117.500000,19668.740000,15.990907,3.283535,0.000000,19.274443,29.990977,0.736402,17.317696,0.117162,135.120080,0.028029,0.038593,0.085427,198.705887,-1.000000,-0.000000
2015,9,10.000000,125.000000,12.500000,127.500000,1338.050000,2.758492,2.248795,1.111319,6.118605,30.102597,0.713999,16.448408,0.302654,134.953495,0.155689,0.050376,0.109633,198.553284,-1.000000,-0.000000
2015,9,10.000000,130.000000,12.500000,132.500000,5972.300000,4.997237,3.781458,2.375802,11.154497,29.777055,0.613702,17.699380,0.284754,0.455838,0.165268,0.000000,0.101269,198.845215,-1.000000,-0.000000
2015,9,10.000000,135.000000,12.500000,137.500000,3002.360000,3.327716,2.882732,13.198617,19.409065,29.702695,0.592982,16.097093,0.241500,116.924101,0.123649,0.001946,0.099023,199.071762,-1.000000,-0.000000
2015,9,10.000000,150.000000,12.500000,152.500000,2463.660000,1.402385,4.712095,14.799526,20.914006,29.478640,0.573809,16.138019,0.183773,0.581073,0.110773,0.000000,0.094017,199.493591,-1.000000,-0.000000
2015,9,10.000000,155.000000,12.500000,157.500000,9109.900000,9.593739,1.917694,4.562399,16.073832,29.668588,0.570960,16.168538,0.204545,0.370142,0.102868,0.000000,0.092090,199.498474,-1.000000,-0.000000
2015,9,10.000000,170.000000,12.500000,172.500000,1564.160000,9.470898,14.588661,1.356639,25.416198,30.124207,0.548604,15.164198,0.168032,60.321360,0.098412,0.003056,0.070455,197.963348,-1.000000,-0.000000
2015,9,10.000000,175.000000,12.500000,177.500000,1560.610000,3.157740,19.081641,5.028803,27.268184,30.183285,0.576840,14.151476,0.195810,0.291660,0.113160,0.000000,0.068225,198.291977,-1.000000,-0.000000
2015,9,-10.000000,-135.000000,-7.500000,-132.500000,7946.270000,6.684897,11.312981,2.272009,20.269888,,,,,,,,,,-1.000000,-0.000000
2015,9,-10.000000,145.000000,-7.500000,147.500000,1499.710000,54.236486,0.040675,12.601770,66.878930,26.693767,0.647404,25.785032,0.331060,124.803066,0.054972,0.385686,0.335685,206.031967,-1.000000,-0.000000
2015,9,-10.000000,-145.000000,-7.500000,-142.500000,1702.260000,4.665562,23.004124,7.269160,34.938846,,,,,,,,,,-1.000000,-0.000000
2015,9,-10.000000,-150.000000,-7.500000,-147.500000,20242.100000,7.135673,18.199643,3.868769,29.204085,,,,,,,,,,-1.000000,-0.000000
2015,9,-10.000000,155.000000,-7.500000,157.500000,30024.630000,27.452228,7.949274,0.484302,35.885804,28.071772,0.569750,27.535971,0.176550,127.427763,0.049260,0.201843,0.372833,200.118820,-1.000000,-0.000000
2015,9,-10.000000,-155.000000,-7.500000,-152.500000,13530.670000,7.585434,15.681855,5.932596,29.199884,,,,,,,,,,-1.000000,-0.000000
2015,9,-10.000000,160.000000,-7.500000,162.500000,17964.390000,21.864255,9.293163,0.344125,31.501543,28.697307,0.655172,29.759425,0.156815,126.629285,0.021192,0.068798,0.204949,199.993362,-1.000000,-0.000000
2015,9,-10.000000,-160.000000,-7.500000,-157.500000,13065.660000,7.660233,12.311357,10.545659,30.517249,,,,,,,,,,-1.000000,-0.000000
2015,9,-10.000000,165.000000,-7.500000,167.500000,1915.160000,12.933123,5.547839,3.894714,22.375676,28.974005,0.693759,24.753098,0.169865,1.123791,0.021196,0.026944,0.153118,199.054382,-1.000000,-0.000000
2015,9,-10.000000,-165.000000,-7.500000,-162.500000,28858.940000,9.498062,9.451802,13.157136,32.107000,,,,,,,,,,-1.000000,-0.000000
2015,9,-10.000000,170.000000,-7.500000,172.500000,1792.010000,5.566933,0.887272,8.044040,14.498245,29.330600,0.713428,24.004589,0.098336,0.818678,0.025186,0.008889,0.144718,198.294022,-1.000000,-0.000000
2015,9,-10.000000,-170.000000,-7.500000,-167.500000,17664.230000,10.410247,4.889882,11.799269,27.099398,,,,,,,,,,-1.000000,-0.000000
2015,9,-10.000000,-175.000000,-7.500000,-172.500000,6960.440000,5.439886,5.987696,8.220170,19.647752,,,,,,,,,,-1.000000,-0.000000
2015,9,-10.000000,-180.000000,-7.500000,-177.500000,6122.370000,16.872714,12.674830,9.506286,39.053830,,,,,,,,,,-1.000000,-0.000000
2015,9,15.000000,110.000000,17.500000,112.500000,19668.740000,15.990907,3.283535,0.000000,19.274443,30.014488,0.696279,15.018021,0.132906,133.155443,0.036386,0.061436,0.091525,198.207474,-1.000000,-0.000000
2015,9,15.000000,115.000000,17.500000,117.500000,19668.740000,15.990907,3.283535,0.000000,19.274443,30.200064,0.674891,14.579007,0.131463,136.321810,0.052300,0.021170,0.085565,197.588776,-1.000000,-0.000000
2015,9,15.000000,125.000000,17.500000,127.500000,4112.740000,2.502225,3.037391,5.919655,11.459270,29.654044,0.929181,17.529578,0.263277,2.056061,0.116135,0.102778,0.103353,198.363373,-1.000000,-0.000000
2015,9,15.000000,135.000000,17.500000,137.500000,3496.370000,2.176829,1.047086,10.819507,14.043422,29.817627,0.945392,18.456536,0.208924,0.549180,0.109457,0.000000,0.098070,197.611969,-1.000000,-0.000000
2015,9,15.000000,140.000000,17.500000,142.500000,1721.830000,7.470540,1.254479,12.776523,21.501542,29.844812,0.961276,17.192094,0.192945,0.687828,0.102385,0.001389,0.100728,197.996292,-1.000000,-0.000000
2015,9,15.000000,150.000000,17.500000,152.500000,4601.940000,2.844235,1.184718,5.967701,9.996654,29.591345,0.849154,15.364968,0.189518,0.716020,0.098048,0.004167,0.095412,198.505859,-1.000000,-0.000000
2015,9,15.000000,155.000000,17.500000,157.500000,5518.890000,5.702415,2.765955,1.964707,10.433076,29.824283,0.829924,16.069480,0.212729,0.701806,0.083351,0.007778,0.090327,198.168686,-1.000000,-0.000000
2015,9,15.000000,160.000000,17.500000,162.500000,2168.740000,2.777189,4.442672,8.385975,15.605836,29.988165,0.824860,18.486418,0.158607,0.832482,0.054344,0.006667,0.086533,197.665756,-1.000000,-0.000000
2015,9,15.000000,-165.000000,17.500000,-162.500000,1020.520000,1.856896,11.842002,0.030377,13.729275,,,,,,,,,,-1.000000,-0.000000
2015,9,15.000000,170.000000,17.500000,172.500000,1118.530000,10.188372,0.988798,12.214245,23.391416,30.034951,0.803134,18.781007,0.161692,0.629549,0.088819,0.001111,0.081234,197.513062,-1.000000,-0.000000
2015,9,-15.000000,-135.000000,-12.500000,-132.500000,13671.710000,8.185516,12.359683,14.123178,34.668377,,,,,,,,,,-1.000000,-0.000000
2015,9,-15.000000,-140.000000,-12.500000,-137.500000,2191.600000,9.209254,12.797956,14.126209,36.133419,,,,,,,,,,-1.000000,-0.000000
2015,9,-15.000000,-145.000000,-12.500000,-142.500000,9368.240000,7.835090,6.181951,18.883376,32.900417,,,,,,,,,,-1.000000,-0.000000
2015,9,-15.000000,-150.000000,-12.500000,-147.500000,10994.480000,6.140263,7.581987,13.338876,27.061125,,,,,,,,,,-1.000000,-0.000000
2015,9,-15.000000,155.000000,-12.500000,157.500000,19817.970000,20.019407,3.519583,10.275926,33.814916,26.841476,0.633836,45.346353,0.225220,1.576962,0.058206,0.104722,0.326768,206.171371,-1.000000,-0.000000
2015,9,-15.000000,160.000000,-12.500000,162.500000,10394.060000,3.589743,2.373086,15.176745,21.139574,26.915418,0.692135,39.246788,0.183758,125.605537,0.043305,0.169806,0.183928,205.886551,-1.000000,-0.000000
2015,9,-15.000000,-160.000000,-12.500000,-157.500000,11688.050000,7.928782,2.364295,25.202664,35.495741,,,,,,,,,,-1.000000,-0.000000
2015,9,-15.000000,165.000000,-12.500000,167.500000,6088.570000,5.984656,2.869311,18.297564,27.151531,27.107449,0.705402,36.177684,0.164293,116.564786,0.037125,0.141820,0.131547,204.140930,-1.000000,-0.000000
2015,9,-15.000000,-165.000000,-12.500000,-162.500000,2333.350000,4.903251,1.771702,16.912165,23.587117,,,,,,,,,,-1.000000,-0.000000
2015,9,-15.000000,170.000000,-12.500000,172.500000,9428.660000,3.144137,1.450365,15.230372,19.824874,27.688869,0.727014,35.253967,0.148830,2.166394,0.024545,0.121944,0.142907,202.342346,-1.000000,-0.000000
2015,9,-15.000000,-170.000000,-12.500000,-167.500000,5027.220000,1.988574,1.955952,17.170325,21.114851,,,,,,,,,,-1.000000,-0.000000
2015,9,-15.000000,175.000000,-12.500000,177.500000,9122.590000,5.995995,2.181617,24.273699,32.451310,28.104050,0.761015,39.823647,0.148691,2.168372,0.029099,0.073333,0.139481,201.970505,-1.000000,-0.000000
2015,9,-15.000000,-175.000000,-12.500000,-172.500000,14652.340000,5.084990,1.345860,18.323080,24.753930,,,,,,,,,,-1.000000,-0.000000
2015,9,20.000000,120.000000,22.500000,122.500000,1391.100000,2.244986,0.691539,1.538351,4.474876,28.994240,0.962100,18.749978,0.307268,130.751568,0.174161,0.108176,0.134664,200.263840,-1.000000,-0.000000
2015,9,20.000000,125.000000,22.500000,127.500000,1536.530000,1.436353,5.901609,7.740168,15.078131,29.090895,1.057534,17.947777,0.213444,89.629974,0.161920,0.043357,0.095580,199.540421,-1.000000,-0.000000
2015,9,20.000000,135.000000,22.500000,137.500000,2245.480000,7.759588,0.909382,10.816841,19.485811,29.599491,1.114397,22.561784,0.186717,0.724681,0.118024,0.001944,0.089050,197.963882,-1.000000,-0.000000
2015,9,20.000000,140.000000,22.500000,142.500000,1218.840000,21.824850,1.457123,8.028125,31.310098,29.175494,1.020450,25.080128,0.191465,58.767115,0.099025,0.137260,0.083617,198.295349,-1.000000,-0.000000
2015,9,20.000000,145.000000,22.500000,147.500000,1665.880000,1.610560,0.908829,1.303215,3.822604,28.822860,0.991887,19.936514,0.209826,1.324909,0.084730,0.098333,0.085479,199.502380,-1.000000,-0.000000
2015,9,20.000000,150.000000,22.500000,152.500000,1499.750000,3.385231,1.658276,0.807468,5.850975,29.136808,0.912538,19.757302,0.175400,0.977082,0.062567,0.035278,0.086707,199.038361,-1.000000,-0.000000
2015,9,20.000000,160.000000,22.500000,162.500000,1439.620000,5.462553,0.936358,8.883594,15.282505,29.284140,0.832707,26.711539,0.124232,2.578354,0.053489,0.161389,0.083453,197.735855,-1.000000,-0.000000
2015,9,-20.000000,-135.000000,-17.500000,-132.500000,2237.610000,4.400231,4.399337,12.933889,21.733457,,,,,,,,,,-1.000000,-0.000000
2015,9,-20.000000,-150.000000,-17.500000,-147.500000,2574.330000,2.117444,1.806295,9.289019,13.212758,,,,,,,,,,-1.000000,-0.000000
2015,9,-20.000000,-155.000000,-17.500000,-152.500000,1267.180000,2.855159,2.112565,9.038968,14.006692,,,,,,,,,,-1.000000,-0.000000
2015,9,-20.000000,160.000000,-17.500000,162.500000,4073.050000,8.605099,0.985748,26.793926,36.384773,24.763440,0.711627,30.141375,0.137340,47.841281,0.036296,0.279244,0.081549,213.369812,-1.000000,-0.000000
2015,9,-20.000000,165.000000,-17.500000,167.500000,1034.960000,4.262967,0.889889,19.307026,24.459883,24.962853,0.702165,27.845628,0.143722,116.463365,0.046096,0.397021,0.081656,212.339554,-1.000000,-0.000000
2015,9,-20.000000,170.000000,-17.500000,172.500000,3649.840000,1.460886,0.716744,20.036495,22.214124,24.975505,0.726289,33.597490,0.158005,2.342307,0.070631,0.275556,0.085900,212.129135,-1.000000,-0.000000
2015,9,-20.000000,-170.000000,-17.500000,-167.500000,1301.370000,1.589863,1.802716,13.934546,17.327124,,,,,,,,,,-1.000000,-0.000000
2015,9,-20.000000,175.000000,-17.500000,177.500000,11301.010000,3.585255,1.174585,9.003797,13.763637,25.072490,0.726035,28.032843,0.109799,117.010137,0.050117,0.474890,0.134869,211.896866,-1.000000,-0.000000
2015,9,-20.000000,-175.000000,-17.500000,-172.500000,2563.140000,7.928166,1.840321,11.261968,21.030455,,,,,,,,,,-1.000000,-0.000000
2015,9,-20.000000,-180.000000,-17.500000,-177.500000,4887.260000,6.777417,1.298478,7.831587,15.907482,,,,,,,,,,-1.000000,-0.000000
2015,9,25.000000,130.000000,27.500000,132.500000,1074.220000,0.625570,5.758597,0.881570,7.265737,29.020683,1.164774,18.526195,0.232236,56.961979,0.160928,0.066963,0.103058,200.290344,-1.000000,-0.000000
2015,9,25.000000,135.000000,27.500000,137.500000,2340.280000,1.258396,0.488830,0.066231,1.813458,28.968895,1.157062,19.390529,0.186335,1.863129,0.162462,0.023889,0.095202,200.821487,-1.000000,-0.000000
2015,9,25.000000,145.000000,27.500000,147.500000,6771.460000,1.593600,0.928013,0.090379,2.611992,27.725194,1.020010,20.716855,0.160004,2.127991,0.082237,0.136111,0.084995,205.164322,-1.000000,-0.000000
2015,9,25.000000,150.000000,27.500000,152.500000,2466.400000,0.969835,1.790058,0.025138,2.785031,28.062069,0.957742,24.109285,0.134054,2.986245,0.048601,0.292500,0.082120,202.606094,-1.000000,-0.000000
2015,9,25.000000,155.000000,27.500000,157.500000,1989.140000,0.567582,0.417266,0.000000,0.984848,28.177300,0.920351,26.356210,0.134788,2.938174,0.062307,0.250000,0.080772,202.099304,-1.000000,-0.000000
2015,9,25.000000,-160.000000,27.500000,-157.500000,1340.800000,6.615453,12.526104,0.117094,19.258652,,,,,,,,,,-1.000000,-0.000000
2015,9,-25.000000,160.000000,-22.500000,162.500000,1549.260000,11.000736,1.360650,20.054736,32.416121,22.540476,0.663720,31.954418,0.161761,106.283252,0.059179,0.339994,0.154132,221.835114,-1.000000,-0.000000
2015,9,-25.000000,-165.000000,-22.500000,-162.500000,1309.000000,2.468296,0.660046,9.216196,12.344538,,,,,,,,,,-1.000000,-0.000000
2015,9,-25.000000,-170.000000,-22.500000,-167.500000,1848.820000,1.696758,0.272606,12.259171,14.228535,,,,,,,,,,-1.000000,-0.000000
2015,9,-25.000000,175.000000,-22.500000,177.500000,2945.220000,4.782325,1.355417,15.010084,21.147826,22.391003,0.628741,35.623622,0.167103,3.601896,0.052413,0.351389,0.115639,222.431519,-1.000000,-0.000000
2015,9,-25.000000,-175.000000,-22.500000,-172.500000,1056.800000,3.297691,0.909349,12.098789,16.305829,,,,,,,,,,-1.000000,-0.000000
2015,9,-25.000000,-180.000000,-22.500000,-177.500000,1992.350000,16.684819,1.463598,7.938364,26.086782,,,,,,,,,,-1.000000,-0.000000
2015,9,30.000000,145.000000,32.500000,147.500000,1847.460000,0.705834,1.942667,0.000000,2.648501,27.170641,1.171025,25.635507,0.204451,2.135437,0.131279,0.145556,0.094486,208.914047,-1.000000,-0.000000
2015,9,30.000000,150.000000,32.500000,152.500000,2462.750000,0.835245,16.875444,0.757284,18.467973,26.548521,1.047494,26.207644,0.270438,4.719621,0.258234,0.240000,0.085648,211.075241,-1.000000,-0.000000
2015,9,30.000000,155.000000,32.500000,157.500000,2227.890000,0.404419,12.763646,4.613334,17.781399,26.437952,0.873251,26.521307,0.358523,2.957045,0.231330,0.321944,0.082602,212.722183,-1.000000,-0.000000
2015,9,30.000000,-155.000000,32.500000,-152.500000,1696.540000,4.592288,13.675481,0.012378,18.280147,,,,,,,,,,-1.000000,-0.000000
2015,9,30.000000,160.000000,32.500000,162.500000,2764.920000,0.713583,10.627432,8.747812,20.088827,25.844127,0.840451,25.649325,0.236735,4.846788,0.209091,0.405833,0.081845,212.583725,-1.000000,-0.000000
2015,9,30.000000,165.000000,32.500000,167.500000,1779.790000,0.238792,22.094742,8.812837,31.146371,25.346826,0.752610,23.867425,0.226753,6.046961,0.207993,0.406389,0.079563,213.441879,-1.000000,-0.000000
2015,9,30.000000,170.000000,32.500000,172.500000,1181.000000,1.232007,21.792549,11.378493,34.403048,25.136267,0.648145,21.748805,0.233284,2.963661,0.173933,0.418333,0.078580,213.701675,-1.000000,-0.000000
2015,9,-30.000000,-140.000000,-27.500000,-137.500000,1873.970000,1.073123,0.935981,20.685497,22.694600,,,,,,,,,,-1.000000,-0.000000
2015,9,-30.000000,-145.000000,-27.500000,-142.500000,1099.940000,0.833682,0.410932,15.456298,16.700911,,,,,,,,,,-1.000000,-0.000000
2015,9,-30.000000,150.000000,-27.500000,152.500000,1580.940000,38.200691,5.802877,4.679494,48.683062,22.261112,0.563854,40.103815,0.369077,99.220709,0.158096,0.648163,0.464499,218.733841,-1.000000,-0.000000
2015,9,-30.000000,-150.000000,-27.500000,-147.500000,2090.250000,1.240043,0.990312,20.848224,23.078579,,,,,,,,,,-1.000000,-0.000000
2015,9,-30.000000,155.000000,-27.500000,157.500000,3045.540000,15.981074,12.354788,17.780755,46.116616,21.647605,0.688412,47.773296,0.234001,4.263004,0.119707,0.401944,0.401765,228.072845,-1.000000,-0.000000
2015,9,-30.000000,-155.000000,-27.500000,-152.500000,1020.190000,3.239593,2.789676,14.297337,20.326606,,,,,,,,,,-1.000000,-0.000000
2015,9,-30.000000,160.000000,-27.500000,162.500000,1406.790000,16.805636,3.577648,33.468393,53.851677,20.673273,0.620974,49.892086,0.193539,2.481989,0.086566,0.311667,0.284703,232.050903,-1.000000,-0.000000
2015,9,-30.000000,-165.000000,-27.500000,-162.500000,1030.520000,1.832085,0.500718,16.927376,19.260179,,,,,,,,,,-1.000000,-0.000000
2015,9,-30.000000,170.000000,-27.500000,172.500000,2444.720000,3.119785,2.636294,18.818924,24.575002,19.741021,0.535640,59.066162,0.171029,2.703921,0.100559,0.332500,0.226390,233.053940,-1.000000,-0.000000
2015,9,-30.000000,-170.000000,-27.500000,-167.500000,1566.830000,2.013620,0.560367,19.002700,21.576687,,,,,,,,,,-1.000000,-0.000000
2015,9,-30.000000,175.000000,-27.500000,177.500000,1695.850000,2.864050,1.471828,16.087508,20.423387,19.692696,0.477204,56.187758,0.168931,4.224764,0.071011,0.434444,0.210856,233.913086,-1.000000,-0.000000
2015,9,-30.000000,-175.000000,-27.500000,-172.500000,5212.140000,7.098620,1.611814,25.256421,33.966854,,,,,,,,,,-1.000000,-0.000000
2015,9,35.000000,145.000000,37.500000,147.500000,5588.780000,0.027197,1.215113,0.067457,1.309767,23.627412,0.172887,16.017768,0.330011,5.883811,0.282365,0.724444,0.111329,211.541138,-1.000000,-0.000000
2015,9,35.000000,150.000000,37.500000,152.500000,4304.430000,1.247320,7.205135,3.036871,11.489326,24.416820,0.449959,22.399146,0.390924,6.878832,0.313356,0.671111,0.106033,215.862747,-1.000000,-0.000000
2015,9,35.000000,155.000000,37.500000,157.500000,24830.480000,0.813959,13.553544,2.910173,17.277676,23.458482,0.342342,22.560936,0.268020,5.940082,0.206434,0.655556,0.155456,227.449020,-1.000000,-0.000000
2015,9,35.000000,160.000000,37.500000,162.500000,16542.430000,0.413422,8.717220,2.624826,11.755468,21.975009,0.385526,23.034482,0.237767,4.835519,0.178082,0.758889,0.182800,231.843887,-1.000000,-0.000000
2015,9,35.000000,165.000000,37.500000,167.500000,8499.240000,0.089420,13.750994,1.287409,15.127823,21.351946,0.389475,20.328338,0.195623,6.203882,0.138238,0.593889,0.152057,231.512833,-1.000000,-0.000000
2015,9,35.000000,170.000000,37.500000,172.500000,2020.190000,0.279677,18.941288,3.540261,22.761225,21.819018,0.391421,17.898132,0.197839,6.334356,0.188837,0.481667,0.159658,231.334045,-1.000000,-0.000000
2015,9,-35.000000,-135.000000,-32.500000,-132.500000,6076.240000,0.129027,0.041473,55.443333,55.613834,,,,,,,,,,-1.000000,-0.000000
2015,9,-35.000000,-140.000000,-32.500000,-137.500000,3907.180000,0.048117,0.124898,45.742198,45.915213,,,,,,,,,,-1.000000,-0.000000
2015,9,-35.000000,-145.000000,-32.500000,-142.500000,2193.260000,0.335118,0.258063,31.885869,32.479049,,,,,,,,,,-1.000000,-0.000000
2015,9,-35.000000,-150.000000,-32.500000,-147.500000,1497.530000,0.352581,0.301830,28.793413,29.447824,,,,,,,,,,-1.000000,-0.000000
2015,9,-35.000000,160.000000,-32.500000,162.500000,1243.500000,18.076397,13.453961,19.946120,51.476478,18.232219,0.452429,59.019748,0.196614,4.233180,0.114198,0.597222,0.467463,234.637985,-1.000000,-0.000000
2015,9,40.000000,150.000000,42.500000,152.500000,2765.760000,0.009401,0.031818,0.013378,0.054596,16.664038,-0.007881,14.576489,0.158554,8.341672,0.162396,0.732778,0.261709,239.997330,-1.000000,-0.000000
2015,9,40.000000,160.000000,42.500000,162.500000,1951.870000,0.142428,0.356581,0.063529,0.562537,15.755763,0.036332,15.698256,0.107468,5.874914,0.086073,0.617778,0.306936,252.958832,-1.000000,-0.000000
2015,10,0.000000,120.000000,2.500000,122.500000,17093.300000,14.193456,2.751078,0.000000,16.944534,29.356518,0.520005,14.432973,0.215438,135.236753,0.026352,0.138423,0.111115,200.464615,-0.866025,0.500000
2015,10,0.000000,125.000000,2.500000,127.500000,22791.070000,14.193410,2.751078,0.000000,16.944487,28.822083,0.492191,18.139267,0.509573,131.516997,0.038457,0.245917,0.131364,201.076385,-0.866025,0.500000
2015,10,0.000000,130.000000,2.500000,132.500000,7900.980000,13.253419,8.226448,0.281231,21.761098,29.286041,0.583873,19.682998,0.659042,117.406761,0.034537,0.035565,0.133332,200.878296,-0.866025,0.500000
2015,10,0.000000,135.000000,2.500000,137.500000,3021.150000,2.296146,0.150274,0.000000,2.446419,29.246743,0.560496,14.448777,0.555719,1.020573,0.068491,0.000556,0.125185,200.877579,-0.866025,0.500000
2015,10,0.000000,140.000000,2.500000,142.500000,7823.740000,8.764990,3.735426,0.365426,12.865842,29.274733,0.564338,15.782266,0.506957,0.326938,0.053132,0.000000,0.121992,201.227249,-0.866025,0.500000
2015,10,0.000000,145.000000,2.500000,147.500000,5964.610000,14.577651,13.150566,0.898298,28.626515,29.299422,0.567013,19.265403,0.590536,0.647561,0.045126,0.002222,0.135981,201.221237,-0.866025,0.500000
2015,10,0.000000,150.000000,2.500000,152.500000,2717.990000,15.677762,21.096104,0.218912,36.992778,29.464758,0.588399,21.930602,0.475308,0.392159,0.045731,0.000000,0.108341,200.299667,-0.866025,0.500000
2015,10,0.000000,155.000000,2.500000,157.500000,1633.310000,7.391738,16.642891,0.652662,24.687291,29.495235,0.606899,21.083501,0.376066,0.225255,0.039900,0.000000,0.091048,199.750122,-0.866025,0.500000
2015,10,0.000000,165.000000,2.500000,167.500000,4060.410000,7.065543,17.676294,0.231504,24.973340,29.230237,0.656678,16.299964,0.405035,91.448652,0.036654,0.002779,0.099209,200.509399,-0.866025,0.500000
2015,10,0.000000,170.000000,2.500000,172.500000,3084.960000,8.926858,16.303615,2.262266,27.492739,29.329052,0.676061,19.754710,0.532312,130.990023,0.041179,0.027910,0.104169,200.409485,-0.866025,0.500000
2015,10,0.000000,-170.000000,2.500000,-167.500000,1536.700000,5.443483,6.804191,0.302596,12.550270,,,,,,,,,,-0.866025,0.500000
2015,10,0.000000,175.000000,2.500000,177.500000,10079.920000,15.779887,18.529909,0.338594,34.648390,29.322512,0.688451,23.125147,0.584166,0.733838,0.059714,0.009722,0.095072,200.203735,-0.866025,0.500000
2015,10,0.000000,-175.000000,2.500000,-172.500000,2597.000000,7.662688,4.650751,0.306893,12.620331,,,,,,,,,,-0.866025,0.500000
2015,10,5.000000,165.000000,7.500000,167.500000,5305.020000,4.021851,12.749245,0.272572,17.043668,28.813924,0.398497,20.111007,0.299296,130.082288,0.067680,0.041643,0.084629,200.907745,-0.866025,0.500000
2015,10,5.000000,170.000000,7.500000,172.500000,2282.240000,4.290522,8.039470,0.599411,12.929403,29.072987,0.371276,18.691751,0.351753,129.767831,0.072510,0.027848,0.076336,200.179794,-0.866025,0.500000
2015,10,-5.000000,120.000000,-2.500000,122.500000,22791.070000,14.193410,2.751078,0.000000,16.944487,28.166331,0.457347,15.179098,0.186840,133.490593,0.028740,0.405622,0.111920,203.635818,-0.866025,0.500000
2015,10,-5.000000,125.000000,-2.500000,127.500000,34186.610000,14.193423,2.751077,0.000000,16.944500,27.818795,0.441484,15.353929,0.218961,127.818853,0.026880,0.293189,0.110112,203.078598,-0.866025,0.500000
2015,10,-5.000000,130.000000,-2.500000,132.500000,11395.540000,14.193448,2.751076,0.000000,16.944524,28.098605,0.477979,14.590361,0.236631,134.211282,0.073218,0.533306,0.136795,202.742416,-0.866025,0.500000
2015,10,-5.000000,-155.000000,-2.500000,-152.500000,2681.870000,2.713778,20.766480,1.183875,24.664134,,,,,,,,,,-0.866025,0.500000
2015,10,-5.000000,160.000000,-2.500000,162.500000,8304.620000,16.724185,8.601477,2.291496,27.617158,29.669172,0.685513,15.505523,0.399887,0.539087,0.021415,0.000000,0.094714,200.141998,-0.866025,0.500000
2015,10,-5.000000,-160.000000,-2.500000,-157.500000,5844.510000,4.970819,22.556040,0.927366,28.454225,,,,,,,,,,-0.866025,0.500000
2015,10,-5.000000,165.000000,-2.500000,167.500000,3781.230000,15.969671,10.372286,0.801327,27.143284,29.811062,0.706748,16.625383,0.282605,0.381137,0.023560,0.000000,0.089213,199.486404,-0.866025,0.500000
2015,10,-5.000000,-165.000000,-2.500000,-162.500000,6829.400000,3.755674,11.768823,2.065042,17.589539,,,,,,,,,,-0.866025,0.500000
2015,10,-5.000000,170.000000,-2.500000,172.500000,16738.310000,17.476436,19.583757,5.060666,42.120859,29.962215,0.721977,22.591779,0.279479,134.464042,0.022435,0.012263,0.090933,199.249466,-0.866025,0.500000
2015,10,-5.000000,-170.000000,-2.500000,-167.500000,6710.980000,9.070806,13.122227,2.282230,24.475263,,,,,,,,,,-0.866025,0.500000
2015,10,-5.000000,175.000000,-2.500000,177.500000,6846.760000,18.903978,19.542966,1.386787,39.833732,30.115037,0.738566,27.315976,0.223800,95.224998,0.013005,0.001668,0.085818,198.821854,-0.866025,0.500000
2015,10,-5.000000,-175.000000,-2.500000,-172.500000,1607.960000,4.635066,3.409911,1.601408,9.646384,,,,,,,,,,-0.866025,0.500000
2015,10,-5.000000,-180.000000,-2.500000,-177.500000,3588.790000,14.976357,15.402127,3.134483,33.512967,,,,,,,,,,-0.866025,0.500000
2015,10,10.000000,110.000000,12.500000,112.500000,23804.370000,13.212742,2.713073,0.000000,15.925815,29.744687,0.695479,16.359109,0.180962,1.028400,0.063556,0.015833,0.094578,200.857346,-0.866025,0.500000
2015,10,10.000000,115.000000,12.500000,117.500000,23804.370000,13.212742,2.713073,0.000000,15.925815,29.992651,0.722921,19.857080,0.087092,134.970186,0.024361,0.036039,0.085125,198.656952,-0.866025,0.500000
2015,10,10.000000,130.000000,12.500000,132.500000,2811.140000,1.084258,13.020696,2.727363,16.832317,29.416096,0.577186,21.254575,0.247488,0.330242,0.129712,0.000000,0.094470,198.905670,-0.866025,0.500000
2015,10,10.000000,135.000000,12.500000,137.500000,2403.050000,3.340754,3.117705,1.271301,7.729760,29.277430,0.453283,18.379152,0.176580,117.017866,0.066836,0.001946,0.092954,199.436508,-0.866025,0.500000
2015,10,10.000000,150.000000,12.500000,152.500000,5554.050000,2.002503,15.475914,6.134983,23.613399,28.982433,0.479171,20.353812,0.148277,0.335554,0.086929,0.000000,0.083041,199.284592,-0.866025,0.500000
2015,10,10.000000,170.000000,12.500000,172.500000,2552.800000,9.435914,21.532435,0.889220,31.857568,29.360880,0.513173,23.519817,0.233460,58.398714,0.096296,0.003056,0.061878,198.293167,-0.866025,0.500000
2015,10,10.000000,175.000000,12.500000,177.500000,1786.880000,1.920107,1.908354,0.637424,4.465885,29.424244,0.464410,23.532485,0.211214,0.299200,0.089486,0.000000,0.060801,198.706696,-0.866025,0.500000
2015,10,-10.000000,-135.000000,-7.500000,-132.500000,6775.920000,5.854998,14.060821,2.065697,21.981517,,,,,,,,,,-0.866025,0.500000
2015,10,-10.000000,-140.000000,-7.500000,-137.500000,1049.060000,6.172192,9.599070,4.998761,20.770023,,,,,,,,,,-0.866025,0.500000
2015,10,-10.000000,145.000000,-7.500000,147.500000,1397.740000,46.119450,0.077268,1.809349,48.006067,27.021509,0.665218,25.746657,0.312933,126.700904,0.049254,0.377734,0.289862,205.610687,-0.866025,0.500000
2015,10,-10.000000,-145.000000,-7.500000,-142.500000,3026.890000,7.379852,45.225297,2.394537,54.999686,,,,,,,,,,-0.866025,0.500000
2015,10,-10.000000,150.000000,-7.500000,152.500000,1084.510000,47.469364,2.023956,4.478520,53.971840,27.712349,0.593621,25.769794,0.295342,126.646557,0.045893,0.166417,0.300913,202.823776,-0.866025,0.500000
2015,10,-10.000000,-150.000000,-7.500000,-147.500000,14008.360000,5.804248,22.942728,2.951737,31.698714,,,,,,,,,,-0.866025,0.500000
2015,10,-10.000000,155.000000,-7.500000,157.500000,24349.390000,24.381596,4.758846,0.083698,29.224141,28.268723,0.618035,26.740348,0.123191,128.303316,0.047407,0.147444,0.322325,201.325409,-0.866025,0.500000
2015,10,-10.000000,-155.000000,-7.500000,-152.500000,15751.700000,5.493439,27.814839,4.217767,37.526045,,,,,,,,,,-0.866025,0.500000
2015,10,-10.000000,160.000000,-7.500000,162.500000,27190.030000,19.670372,6.219927,0.360831,26.251130,28.733395,0.648715,27.167486,0.153593,127.199768,0.017603,0.035684,0.190753,200.325714,-0.866025,0.500000
2015,10,-10.000000,-160.000000,-7.500000,-157.500000,7171.910000,2.929903,13.871340,7.378648,24.179891,,,,,,,,,,-0.866025,0.500000
2015,10,-10.000000,165.000000,-7.500000,167.500000,4958.020000,14.154037,8.990484,1.814031,24.958552,29.164039,0.698056,23.863144,0.130113,0.758814,0.022570,0.016944,0.128535,199.182114,-0.866025,0.500000
2015,10,-10.000000,-165.000000,-7.500000,-162.500000,15297.560000,4.914444,9.066413,7.231938,21.212795,,,,,,,,,,-0.866025,0.500000
2015,10,-10.000000,170.000000,-7.500000,172.500000,2086.610000,12.095217,6.604492,3.005353,21.705062,29.469012,0.703202,25.733336,0.079534,0.451406,0.016867,0.000000,0.118740,198.012131,-0.866025,0.500000
2015,10,-10.000000,-170.000000,-7.500000,-167.500000,17435.960000,9.586166,8.235107,5.654808,23.476080,,,,,,,,,,-0.866025,0.500000
2015,10,-10.000000,175.000000,-7.500000,177.500000,1137.650000,9.612798,8.034984,2.632620,20.280403,29.709135,0.715917,30.044711,0.106346,0.424021,0.017570,0.000000,0.108103,196.819153,-0.866025,0.500000
2015,10,-10.000000,-175.000000,-7.500000,-172.500000,8975.410000,5.736228,6.710111,4.760117,17.206456,,,,,,,,,,-0.866025,0.500000
2015,10,-10.000000,-180.000000,-7.500000,-177.500000,7549.960000,11.764036,7.413152,5.027179,24.204367,,,,,,,,,,-0.866025,0.500000
2015,10,15.000000,110.000000,17.500000,112.500000,23804.370000,13.212742,2.713073,0.000000,15.925815,29.155703,0.702410,23.747090,0.124768,131.276347,0.034729,0.137583,0.095613,199.890930,-0.866025,0.500000
2015,10,15.000000,115.000000,17.500000,117.500000,23804.370000,13.212742,2.713073,0.000000,15.925815,29.095718,0.648424,24.615432,0.148656,131.291326,0.042721,0.165181,0.088918,199.085541,-0.866025,0.500000
2015,10,15.000000,125.000000,17.500000,127.500000,2645.150000,2.934805,1.783642,5.957318,10.675765,29.021120,0.800032,27.772862,0.171049,1.052415,0.062976,0.024722,0.087810,198.223724,-0.866025,0.500000
2015,10,15.000000,130.000000,17.500000,132.500000,6074.060000,2.460298,1.300777,5.154378,8.915454,29.192493,0.887528,26.609302,0.212496,0.857039,0.098963,0.030000,0.086209,198.079254,-0.866025,0.500000
2015,10,15.000000,135.000000,17.500000,137.500000,4072.530000,4.949258,0.957145,9.789492,15.695894,29.277442,0.886739,27.667955,0.233454,0.556359,0.125743,0.000000,0.088156,197.945114,-0.866025,0.500000
2015,10,15.000000,140.000000,17.500000,142.500000,5384.640000,4.903020,1.085124,8.850731,14.838875,29.221524,0.831507,28.793579,0.157227,0.583916,0.075919,0.000000,0.089489,198.052155,-0.866025,0.500000
2015,10,15.000000,150.000000,17.500000,152.500000,1297.070000,3.746136,10.732651,4.035249,18.514035,29.142490,0.802234,28.778617,0.194710,0.705640,0.101749,0.008611,0.078704,197.993118,-0.866025,0.500000
2015,10,15.000000,155.000000,17.500000,157.500000,1162.240000,18.941010,1.476459,2.038305,22.455775,29.221268,0.784047,28.842875,0.131399,0.464963,0.050223,0.000000,0.077153,197.673218,-0.866025,0.500000
2015,10,15.000000,160.000000,17.500000,162.500000,2004.300000,10.976401,18.679838,10.545328,40.201567,29.220873,0.731572,28.942738,0.146836,0.656860,0.046353,0.000556,0.074723,197.875793,-0.866025,0.500000
2015,10,15.000000,-160.000000,17.500000,-157.500000,2614.630000,2.337233,7.450767,0.000000,9.788001,,,,,,,,,,-0.866025,0.500000
2015,10,15.000000,-165.000000,17.500000,-162.500000,7245.860000,4.433014,9.359828,0.073973,13.866815,,,,,,,,,,-0.866025,0.500000
2015,10,-15.000000,-135.000000,-12.500000,-132.500000,13015.140000,4.642439,12.865401,7.258239,24.766080,,,,,,,,,,-0.866025,0.500000
2015,10,-15.000000,-140.000000,-12.500000,-137.500000,3167.650000,6.621312,18.260224,5.284359,30.165896,,,,,,,,,,-0.866025,0.500000
2015,10,-15.000000,-145.000000,-12.500000,-142.500000,4839.190000,8.003199,12.310325,11.444684,31.758207,,,,,,,,,,-0.866025,0.500000
2015,10,-15.000000,-150.000000,-12.500000,-147.500000,4948.810000,4.634245,5.060408,15.327321,25.021975,,,,,,,,,,-0.866025,0.500000
2015,10,-15.000000,155.000000,-12.500000,157.500000,19859.760000,14.836433,2.824606,15.691781,33.352820,27.141543,0.664780,41.556505,0.252790,1.181115,0.065289,0.087500,0.245153,205.764359,-0.866025,0.500000
2015,10,-15.000000,160.000000,-12.500000,162.500000,15905.790000,9.340184,1.788845,15.619972,26.749001,27.113810,0.689762,37.293114,0.194661,125.663187,0.034693,0.134383,0.164042,204.504288,-0.866025,0.500000
2015,10,-15.000000,-160.000000,-12.500000,-157.500000,4498.430000,2.229444,1.557877,15.463173,19.250494,,,,,,,,,,-0.866025,0.500000
2015,10,-15.000000,165.000000,-12.500000,167.500000,5833.340000,4.245938,1.267370,24.134544,29.647852,27.615037,0.711030,34.669267,0.185480,119.069646,0.034920,0.025126,0.157626,203.035248,-0.866025,0.500000
2015,10,-15.000000,-165.000000,-12.500000,-162.500000,5991.710000,1.682158,1.689000,15.936686,19.307844,,,,,,,,,,-0.866025,0.500000
2015,10,-15.000000,170.000000,-12.500000,172.500000,7459.440000,3.408969,1.521964,19.288311,24.219244,28.207336,0.764943,39.013296,0.194734,1.067538,0.044615,0.030000,0.148857,201.507477,-0.866025,0.500000
2015,10,-15.000000,-170.000000,-12.500000,-167.500000,6703.720000,2.119420,1.953841,20.464011,24.537272,,,,,,,,,,-0.866025,0.500000
2015,10,-15.000000,175.000000,-12.500000,177.500000,5445.140000,4.697216,1.652483,18.382631,24.732330,28.138149,0.771908,45.488731,0.171501,1.415193,0.046010,0.060278,0.152732,201.219635,-0.866025,0.500000
2015,10,-15.000000,-175.000000,-12.500000,-172.500000,8744.290000,3.398103,1.956705,15.304387,20.659196,,,,,,,,,,-0.866025,0.500000
2015,10,20.000000,120.000000,22.500000,122.500000,1421.310000,1.642147,2.361202,2.264812,6.268161,27.744743,0.840886,31.545680,0.286109,125.532856,0.137175,0.207233,0.119243,200.862778,-0.866025,0.500000
2015,10,20.000000,125.000000,22.500000,127.500000,1641.960000,2.635874,6.343638,10.525835,19.505347,28.359450,1.091723,38.169726,0.248002,87.131373,0.172814,0.046415,0.079844,200.523438,-0.866025,0.500000
2015,10,20.000000,130.000000,22.500000,132.500000,4891.850000,2.110245,9.337981,17.849076,29.297301,28.730202,1.190591,39.580432,0.270921,0.983167,0.153116,0.103889,0.078842,199.081192,-0.866025,0.500000
2015,10,20.000000,135.000000,22.500000,137.500000,4675.790000,3.936661,1.173492,3.070497,8.180650,28.795997,1.033483,36.634632,0.170867,0.734703,0.086347,0.005833,0.078699,198.907455,-0.866025,0.500000
2015,10,20.000000,150.000000,22.500000,152.500000,1446.070000,21.076435,1.822180,2.571798,25.470413,28.595262,0.928918,33.455112,0.178899,1.038428,0.083373,0.027500,0.076214,199.367004,-0.866025,0.500000
2015,10,20.000000,155.000000,22.500000,157.500000,1868.660000,9.140775,7.976304,8.332174,25.449252,28.711583,0.913105,37.942986,0.164949,1.005648,0.079297,0.029444,0.074378,199.218353,-0.866025,0.500000
2015,10,20.000000,-155.000000,22.500000,-152.500000,13116.620000,1.244985,10.503163,0.000000,11.748149,,,,,,,,,,-0.866025,0.500000
2015,10,20.000000,160.000000,22.500000,162.500000,1953.770000,10.692149,1.506319,6.758216,18.956684,28.332198,0.850237,33.362667,0.183912,3.205231,0.093009,0.172778,0.073347,199.761002,-0.866025,0.500000
2015,10,20.000000,-160.000000,22.500000,-157.500000,13615.140000,1.326024,9.080039,0.003746,10.409808,,,,,,,,,,-0.866025,0.500000
2015,10,20.000000,-165.000000,22.500000,-162.500000,2052.350000,2.139986,7.564012,0.083806,9.787804,,,,,,,,,,-0.866025,0.500000
2015,10,-20.000000,-135.000000,-17.500000,-132.500000,11101.450000,2.242320,3.296236,15.189457,20.728013,,,,,,,,,,-0.866025,0.500000
2015,10,-20.000000,-145.000000,-17.500000,-142.500000,1862.780000,6.453795,4.980191,14.104188,25.538174,,,,,,,,,,-0.866025,0.500000
2015,10,-20.000000,-150.000000,-17.500000,-147.500000,3611.900000,3.464105,1.899831,17.244663,22.608599,,,,,,,,,,-0.866025,0.500000
2015,10,-20.000000,155.000000,-17.500000,157.500000,5164.520000,4.327217,1.659399,36.641547,42.628163,25.112109,0.759852,38.887746,0.173954,2.863220,0.047502,0.205278,0.084541,213.446518,-0.866025,0.500000
2015,10,-20.000000,-155.000000,-17.500000,-152.500000,3419.090000,3.176869,3.095561,14.417871,20.690301,,,,,,,,,,-0.866025,0.500000
2015,10,-20.000000,160.000000,-17.500000,162.500000,5588.970000,3.824676,0.740745,31.759519,36.324940,25.213488,0.733414,32.962875,0.140101,48.852216,0.036368,0.265629,0.080297,212.778091,-0.866025,0.500000
2015,10,-20.000000,165.000000,-17.500000,167.500000,2730.420000,3.407901,1.638576,20.708169,25.754646,25.391280,0.714864,31.936953,0.140760,118.660691,0.055469,0.303638,0.084215,211.337463,-0.866025,0.500000
2015,10,-20.000000,170.000000,-17.500000,172.500000,9019.970000,2.609432,0.457873,34.201888,37.269193,25.694475,0.742771,30.500963,0.151416,2.716613,0.064667,0.348333,0.077799,210.683685,-0.866025,0.500000
2015,10,-20.000000,175.000000,-17.500000,177.500000,13058.670000,2.302685,0.879722,12.779402,15.961809,25.746955,0.758046,31.304867,0.141286,119.014181,0.068216,0.436711,0.123160,210.658524,-0.866025,0.500000
2015,10,-20.000000,-175.000000,-17.500000,-172.500000,1016.060000,6.080350,1.136744,12.528788,19.745881,,,,,,,,,,-0.866025,0.500000
2015,10,-20.000000,-180.000000,-17.500000,-177.500000,4216.730000,8.723584,1.065280,13.701375,23.490240,,,,,,,,,,-0.866025,0.500000
2015,10,25.000000,130.000000,27.500000,132.500000,1079.440000,4.203105,10.294227,3.743608,18.240940,27.473667,1.136025,45.208480,0.235190,54.955718,0.130129,0.119755,0.085357,203.040329,-0.866025,0.500000
2015,10,25.000000,135.000000,27.500000,137.500000,3051.420000,0.198924,0.587268,0.183849,0.970040,27.343792,1.106517,40.974407,0.204854,1.965263,0.148548,0.223889,0.082456,203.787109,-0.866025,0.500000
2015,10,25.000000,145.000000,27.500000,147.500000,1459.500000,0.744090,1.588215,0.013703,2.346009,26.984008,1.020272,31.697373,0.133535,2.756375,0.054359,0.194167,0.073849,205.294235,-0.866025,0.500000
2015,10,25.000000,155.000000,27.500000,157.500000,1385.020000,1.312616,0.724899,0.000000,2.037516,27.053767,0.997537,38.076505,0.113351,2.638640,0.044508,0.256111,0.070883,205.213089,-0.866025,0.500000
2015,10,25.000000,-155.000000,27.500000,-152.500000,4730.610000,1.122477,7.222324,0.030440,8.375241,,,,,,,,,,-0.866025,0.500000
2015,10,25.000000,-160.000000,27.500000,-157.500000,8414.800000,1.630579,7.105219,0.011052,8.746851,,,,,,,,,,-0.866025,0.500000
2015,10,25.000000,-165.000000,27.500000,-162.500000,2377.270000,1.473960,7.167045,0.003786,8.644790,,,,,,,,,,-0.866025,0.500000
2015,10,-25.000000,-150.000000,-22.500000,-147.500000,1159.160000,4.275510,5.847338,22.080645,32.203492,,,,,,,,,,-0.866025,0.500000
2015,10,-25.000000,175.000000,-22.500000,177.500000,1347.130000,1.532888,1.203299,10.900952,13.637140,22.744791,0.631740,33.581086,0.192078,2.589363,0.066353,0.387222,0.099843,221.835220,-0.866025,0.500000
2015,10,-25.000000,-180.000000,-22.500000,-177.500000,1208.210000,5.814387,2.372104,4.004271,12.190762,,,,,,,,,,-0.866025,0.500000
2015,10,30.000000,130.000000,32.500000,132.500000,1106.950000,15.882380,0.981978,0.000000,16.864357,25.254821,0.790045,42.249497,0.364410,117.588950,0.394403,0.561850,0.254134,210.913742,-0.866025,0.500000
2015,10,30.000000,145.000000,32.500000,147.500000,2881.670000,0.118334,15.432718,1.551531,17.102583,25.256058,1.112993,45.544681,0.257361,5.678537,0.161217,0.146389,0.101617,214.075272,-0.866025,0.500000
2015,10,30.000000,150.000000,32.500000,152.500000,8104.290000,0.861272,21.256520,1.161730,23.279522,25.340122,1.019327,44.676218,0.239323,2.966563,0.249067,0.291667,0.082698,213.975403,-0.866025,0.500000
2015,10,30.000000,155.000000,32.500000,157.500000,7461.030000,0.246347,20.753033,3.117800,24.117180,25.424013,0.964292,42.388389,0.315878,2.174543,0.182944,0.307778,0.072655,214.935974,-0.866025,0.500000
2015,10,30.000000,160.000000,32.500000,162.500000,8711.260000,0.358387,23.530810,7.349224,31.238420,25.355699,0.876410,39.630151,0.242767,3.620904,0.171056,0.271389,0.074798,215.275528,-0.866025,0.500000
2015,10,30.000000,165.000000,32.500000,167.500000,3253.500000,0.489627,20.700476,14.237590,35.427693,24.889190,0.813597,33.315575,0.220691,5.344083,0.197055,0.459444,0.072815,216.397415,-0.866025,0.500000
2015,10,30.000000,170.000000,32.500000,172.500000,5036.940000,1.169162,15.711325,5.680631,22.561118,24.200015,0.665872,30.083368,0.224658,3.713549,0.164558,0.443889,0.073140,217.150879,-0.866025,0.500000
2015,10,30.000000,175.000000,32.500000,177.500000,1232.560000,0.786980,20.912572,14.622412,36.321964,24.180500,0.729242,28.726311,0.181126,2.761221,0.097021,0.288333,0.075931,217.779297,-0.866025,0.500000
2015,10,-30.000000,-135.000000,-27.500000,-132.500000,2009.390000,0.833089,0.706682,23.893819,25.433589,,,,,,,,,,-0.866025,0.500000
2015,10,-30.000000,-140.000000,-27.500000,-137.500000,2069.140000,0.718656,0.593000,21.284205,22.595861,,,,,,,,,,-0.866025,0.500000
2015,10,-30.000000,155.000000,-27.500000,157.500000,3583.570000,6.027230,4.522585,3.454377,14.004191,22.184190,0.738005,24.684516,0.265285,2.293031,0.142725,0.272222,0.173926,228.451172,-0.866025,0.500000
2015,10,-30.000000,170.000000,-27.500000,172.500000,1384.920000,2.892586,3.122924,11.870000,17.885510,20.189271,0.517980,32.819522,0.196292,2.912176,0.120079,0.384167,0.169836,234.988480,-0.866025,0.500000
2015,10,35.000000,145.000000,37.500000,147.500000,8349.710000,0.321568,19.822365,1.456218,21.600151,19.868135,0.152188,31.924100,0.333892,10.185711,0.283966,0.690278,0.248460,219.724899,-0.866025,0.500000
2015,10,35.000000,150.000000,37.500000,152.500000,11191.730000,0.343825,15.883782,2.038112,18.265719,22.045316,0.364206,38.078243,0.360960,4.755519,0.273828,0.771667,0.209758,222.426804,-0.866025,0.500000
2015,10,35.000000,155.000000,37.500000,157.500000,13796.190000,0.363506,12.177348,1.170686,13.711539,22.338489,0.412934,39.782278,0.338313,5.387943,0.207696,0.604167,0.189163,226.232605,-0.866025,0.500000
2015,10,35.000000,160.000000,37.500000,162.500000,3334.460000,0.557212,8.153044,1.513588,10.223844,21.911705,0.410240,34.091169,0.203168,4.509763,0.135617,0.695833,0.171598,230.474472,-0.866025,0.500000
2015,10,35.000000,165.000000,37.500000,167.500000,1538.580000,0.967775,5.674713,2.512057,9.154545,20.940197,0.379740,29.629998,0.208493,4.898863,0.148047,0.667778,0.165461,232.966858,-0.866025,0.500000
2015,10,35.000000,170.000000,37.500000,172.500000,1502.520000,0.000000,4.178979,1.879509,6.058488,20.665394,0.369071,26.645839,0.185188,4.883057,0.143705,0.415833,0.158322,233.806427,-0.866025,0.500000
2015,10,-35.000000,-135.000000,-32.500000,-132.500000,3567.990000,0.198431,0.128644,41.914916,42.241991,,,,,,,,,,-0.866025,0.500000
2015,10,-35.000000,150.000000,-32.500000,152.500000,1311.460000,30.251780,4.343251,2.316502,36.911534,21.430002,0.534527,18.967645,0.446297,95.441425,0.232679,0.466409,0.432834,224.179810,-0.866025,0.500000
2015,10,-35.000000,160.000000,-32.500000,162.500000,2202.450000,5.981521,3.402574,16.737270,26.121365,19.242832,0.425947,24.331985,0.203962,3.447518,0.121199,0.540833,0.380693,239.768539,-0.866025,0.500000
2015,10,40.000000,150.000000,42.500000,152.500000,4582.800000,0.000000,0.019202,0.008074,0.027276,13.614496,-0.032464,31.942327,0.173324,9.714848,0.153872,0.769722,0.378142,248.322845,-0.866025,0.500000
2015,10,40.000000,160.000000,42.500000,162.500000,1092.360000,1.320993,2.406716,0.000000,3.727709,15.368908,0.046682,28.798666,0.130256,6.312912,0.093906,0.645833,0.321387,250.944260,-0.866025,0.500000
2015,11,0.000000,120.000000,2.500000,122.500000,14986.550000,16.188716,3.137814,0.000000,19.326529,29.527727,0.510797,11.206744,0.311725,137.831430,0.028861,0.089075,0.113560,200.477081,-0.500000,0.866025
2015,11,0.000000,125.000000,2.500000,127.500000,19982.060000,16.188671,3.137815,0.000000,19.326486,29.522203,0.480872,10.817547,0.419856,135.527097,0.035836,0.148518,0.133207,201.499786,-0.500000,0.866025
2015,11,0.000000,130.000000,2.500000,132.500000,4995.520000,16.188705,3.137811,0.000000,19.326517,29.650205,0.547287,11.129844,0.540819,118.264259,0.028035,0.034732,0.131603,201.965683,-0.500000,0.866025
2015,11,0.000000,140.000000,2.500000,142.500000,5899.130000,18.909399,2.366790,0.258343,21.534531,29.834027,0.534604,12.017978,0.520695,0.368780,0.058151,0.000000,0.113586,202.522690,-0.500000,0.866025
2015,11,0.000000,145.000000,2.500000,147.500000,3449.040000,16.443996,9.237353,0.244706,25.926055,29.871492,0.569952,12.009500,0.399754,0.323580,0.032187,0.000000,0.103321,201.333099,-0.500000,0.866025
2015,11,0.000000,150.000000,2.500000,152.500000,4020.040000,25.305718,33.301410,0.374126,58.981254,29.968708,0.574547,12.630213,0.321393,0.331733,0.041168,0.000000,0.098439,200.535385,-0.500000,0.866025
2015,11,0.000000,155.000000,2.500000,157.500000,1538.930000,13.373578,22.040639,2.080666,37.494883,29.950265,0.587976,14.176866,0.245148,0.278300,0.029586,0.000000,0.095032,199.940353,-0.500000,0.866025
2015,11,0.000000,160.000000,2.500000,162.500000,1384.510000,5.805664,9.852583,1.068970,16.727218,29.885714,0.598217,15.850085,0.270690,0.196803,0.027835,0.000000,0.093864,199.474915,-0.500000,0.866025
2015,11,0.000000,-160.000000,2.500000,-157.500000,4340.680000,5.385562,28.163560,0.219781,33.768903,,,,,,,,,,-0.500000,0.866025
2015,11,0.000000,165.000000,2.500000,167.500000,3158.400000,1.654952,4.059017,0.165590,5.879559,29.807446,0.639064,15.276771,0.375203,93.970053,0.018776,0.002779,0.092143,199.430679,-0.500000,0.866025
2015,11,0.000000,170.000000,2.500000,172.500000,6127.600000,3.778641,16.728246,1.030909,21.537796,29.882007,0.660008,14.431048,0.604949,133.364425,0.027452,0.047167,0.091329,199.494705,-0.500000,0.866025
2015,11,0.000000,-170.000000,2.500000,-167.500000,6663.820000,9.124496,27.882356,0.022810,37.029662,,,,,,,,,,-0.500000,0.866025
2015,11,0.000000,175.000000,2.500000,177.500000,2926.300000,5.368554,20.486963,0.396063,26.251580,30.099184,0.684922,14.906979,0.587281,0.608696,0.028086,0.000000,0.086550,199.629303,-0.500000,0.866025
2015,11,0.000000,-175.000000,2.500000,-172.500000,10719.160000,5.755022,9.055840,0.054575,14.865437,,,,,,,,,,-0.500000,0.866025
2015,11,5.000000,135.000000,7.500000,137.500000,2054.950000,36.160004,11.731672,0.000000,47.891676,29.373433,0.334685,18.662940,0.268430,130.114061,0.052143,0.006954,0.092313,199.290848,-0.500000,0.866025
2015,11,5.000000,160.000000,7.500000,162.500000,1069.610000,1.360309,12.204448,0.027113,13.591870,29.191313,0.375938,21.090198,0.280453,0.311595,0.073501,0.000000,0.087289,200.431458,-0.500000,0.866025
2015,11,5.000000,165.000000,7.500000,167.500000,5625.800000,2.055352,4.567173,0.211170,6.833695,29.231562,0.428898,21.014977,0.303461,131.979837,0.079240,0.041643,0.088312,200.575668,-0.500000,0.866025
2015,11,5.000000,170.000000,7.500000,172.500000,1486.310000,2.250540,4.047608,0.786512,7.084659,29.163698,0.387610,18.332268,0.392768,131.026677,0.093564,0.027848,0.086029,200.567245,-0.500000,0.866025
2015,11,-5.000000,120.000000,-2.500000,122.500000,19982.060000,16.188671,3.137815,0.000000,19.326486,29.964387,0.503588,10.685156,0.115216,140.086739,0.024750,0.264257,0.128776,202.557236,-0.500000,0.866025
2015,11,-5.000000,125.000000,-2.500000,127.500000,29973.090000,16.188688,3.137815,0.000000,19.326503,29.770993,0.484270,10.647984,0.157347,135.762485,0.017137,0.157895,0.126859,202.449326,-0.500000,0.866025
2015,11,-5.000000,130.000000,-2.500000,132.500000,9991.030000,16.188721,3.137815,0.000000,19.326536,29.549069,0.505181,10.538230,0.170939,140.397907,0.033105,0.318577,0.141877,201.419296,-0.500000,0.866025
2015,11,-5.000000,-155.000000,-2.500000,-152.500000,3564.090000,5.708049,25.850357,0.499987,32.058394,,,,,,,,,,-0.500000,0.866025
2015,11,-5.000000,160.000000,-2.500000,162.500000,6180.340000,16.624328,12.823405,6.420521,35.868253,30.132198,0.635764,15.484202,0.186818,0.271894,0.016186,0.000000,0.092800,199.681931,-0.500000,0.866025
2015,11,-5.000000,-160.000000,-2.500000,-157.500000,10269.930000,3.643647,26.795411,0.513149,30.952207,,,,,,,,,,-0.500000,0.866025
2015,11,-5.000000,165.000000,-2.500000,167.500000,4297.010000,17.084438,10.069793,0.514078,27.668309,30.145040,0.654090,16.782935,0.190997,0.340587,0.018266,0.000000,0.090582,199.468933,-0.500000,0.866025
2015,11,-5.000000,-165.000000,-2.500000,-162.500000,3124.400000,4.951671,16.440917,1.030598,22.423185,,,,,,,,,,-0.500000,0.866025
2015,11,-5.000000,170.000000,-2.500000,172.500000,12260.470000,9.992358,14.517388,1.061950,25.571695,30.230000,0.669423,15.805535,0.248583,135.297367,0.020988,0.017280,0.076502,198.342957,-0.500000,0.866025
2015,11,-5.000000,-170.000000,-2.500000,-167.500000,2059.550000,3.251196,19.117768,0.462722,22.831687,,,,,,,,,,-0.500000,0.866025
2015,11,-5.000000,175.000000,-2.500000,177.500000,14328.060000,5.947909,24.626642,0.347221,30.921772,30.479749,0.686855,17.491568,0.233665,95.904186,0.019883,0.001668,0.076044,198.409592,-0.500000,0.866025
2015,11,-5.000000,-180.000000,-2.500000,-177.500000,4028.200000,6.182662,19.121196,0.546646,25.850504,,,,,,,,,,-0.500000,0.866025
2015,11,10.000000,110.000000,12.500000,112.500000,20747.320000,15.159597,3.112836,0.000000,18.272432,29.142393,0.759308,26.139656,0.179077,1.199110,0.035965,0.024444,0.086642,201.061188,-0.500000,0.866025
2015,11,10.000000,115.000000,12.500000,117.500000,20747.320000,15.159597,3.112836,0.000000,18.272432,29.431270,0.732013,27.729410,0.111373,133.096191,0.035990,0.045119,0.083852,199.051544,-0.500000,0.866025
2015,11,10.000000,150.000000,12.500000,152.500000,2117.310000,1.407919,14.399403,2.615111,18.422432,28.712142,0.508665,30.881554,0.285481,0.333147,0.108480,0.000000,0.078125,200.028580,-0.500000,0.866025
2015,11,10.000000,165.000000,12.500000,167.500000,1082.980000,9.533879,9.941088,1.270568,20.745535,28.638855,0.489283,31.938690,0.248942,128.851317,0.067837,0.031487,0.070091,200.258453,-0.500000,0.866025
2015,11,10.000000,170.000000,12.500000,172.500000,2357.920000,2.557763,8.174153,0.483477,11.215393,28.738595,0.500594,30.125052,0.250778,57.860469,0.074425,0.003056,0.058690,200.450775,-0.500000,0.866025
2015,11,-10.000000,-135.000000,-7.500000,-132.500000,6536.940000,2.288380,17.627820,1.130039,21.046239,,,,,,,,,,-0.500000,0.866025
2015,11,-10.000000,-140.000000,-7.500000,-137.500000,4166.350000,4.130954,15.800161,1.398586,21.329701,,,,,,,,,,-0.500000,0.866025
2015,11,-10.000000,-145.000000,-7.500000,-142.500000,2143.890000,9.083022,21.387291,1.975381,32.445695,,,,,,,,,,-0.500000,0.866025
2015,11,-10.000000,-150.000000,-7.500000,-147.500000,17963.700000,8.852798,22.577587,1.466290,32.896675,,,,,,,,,,-0.500000,0.866025
2015,11,-10.000000,155.000000,-7.500000,157.500000,22856.710000,20.665660,4.157597,0.304943,25.128201,29.563616,0.609746,12.077991,0.111829,134.282471,0.034867,0.120392,0.126626,199.661514,-0.500000,0.866025
2015,11,-10.000000,-155.000000,-7.500000,-152.500000,9288.290000,6.073561,17.456496,7.877338,31.407396,,,,,,,,,,-0.500000,0.866025
2015,11,-10.000000,160.000000,-7.500000,162.500000,10934.630000,24.863027,4.103019,0.866147,29.832194,29.761106,0.655729,13.002950,0.116782,131.649345,0.017468,0.036540,0.092327,198.959091,-0.500000,0.866025
2015,11,-10.000000,-160.000000,-7.500000,-157.500000,2933.710000,3.939381,13.098773,3.901204,20.939357,,,,,,,,,,-0.500000,0.866025
2015,11,-10.000000,165.000000,-7.500000,167.500000,5528.980000,12.512434,7.513682,2.009231,22.035348,29.776026,0.677087,14.055978,0.077141,0.476619,0.006864,0.000000,0.088732,198.980957,-0.500000,0.866025
2015,11,-10.000000,-165.000000,-7.500000,-162.500000,2468.660000,13.216077,6.629102,3.966524,23.811704,,,,,,,,,,-0.500000,0.866025
2015,11,-10.000000,170.000000,-7.500000,172.500000,5071.730000,6.700672,6.106595,3.876981,16.684248,30.010938,0.705271,16.118775,0.081984,0.549543,0.016578,0.000000,0.072544,196.901108,-0.500000,0.866025
2015,11,-10.000000,-170.000000,-7.500000,-167.500000,5133.350000,5.428619,6.066604,7.075107,18.570329,,,,,,,,,,-0.500000,0.866025
2015,11,-10.000000,175.000000,-7.500000,177.500000,2537.300000,8.570922,9.457297,1.413313,19.441532,30.024634,0.723008,16.963163,0.069809,0.471560,0.011485,0.000000,0.074188,196.260727,-0.500000,0.866025
2015,11,-10.000000,-175.000000,-7.500000,-172.500000,7819.270000,6.309540,5.516372,9.221577,21.047489,,,,,,,,,,-0.500000,0.866025
2015,11,15.000000,110.000000,17.500000,112.500000,20747.320000,15.159597,3.112836,0.000000,18.272432,28.098425,0.714885,28.556594,0.148213,122.062003,0.051802,0.093453,0.105172,202.898300,-0.500000,0.866025
2015,11,15.000000,115.000000,17.500000,117.500000,20747.320000,15.159597,3.112836,0.000000,18.272432,28.307049,0.630663,23.295868,0.170584,130.267805,0.088136,0.225627,0.091378,201.402420,-0.500000,0.866025
2015,11,15.000000,130.000000,17.500000,132.500000,2687.860000,1.720700,3.865157,18.271413,23.857269,28.643083,0.889311,40.672952,0.281630,0.813638,0.136939,0.008056,0.085151,199.142761,-0.500000,0.866025
2015,11,15.000000,135.000000,17.500000,137.500000,1183.920000,9.383235,2.995979,10.567437,22.946652,28.540750,0.796900,34.637789,0.231847,1.232681,0.106435,0.051111,0.081412,199.390533,-0.500000,0.866025
2015,11,15.000000,-155.000000,17.500000,-152.500000,5423.010000,1.535863,11.753067,0.000000,13.288930,,,,,,,,,,-0.500000,0.866025
2015,11,15.000000,-160.000000,17.500000,-157.500000,6760.790000,3.848663,6.518469,0.005916,10.373048,,,,,,,,,,-0.500000,0.866025
2015,11,15.000000,-165.000000,17.500000,-162.500000,11867.670000,3.240232,8.701540,0.164733,12.106504,,,,,,,,,,-0.500000,0.866025
2015,11,-15.000000,-135.000000,-12.500000,-132.500000,3735.330000,2.325363,20.234089,4.355438,26.914891,,,,,,,,,,-0.500000,0.866025
2015,11,-15.000000,-140.000000,-12.500000,-137.500000,3111.540000,2.575895,30.485547,1.495722,34.557165,,,,,,,,,,-0.500000,0.866025
2015,11,-15.000000,-145.000000,-12.500000,-142.500000,3469.270000,6.421812,15.354815,6.047670,27.824297,,,,,,,,,,-0.500000,0.866025
2015,11,-15.000000,150.000000,-12.500000,152.500000,1008.000000,42.205357,12.347222,7.266865,61.819444,28.083349,0.692035,16.330290,0.196363,127.239141,0.033287,0.084980,0.123469,203.323090,-0.500000,0.866025
2015,11,-15.000000,-150.000000,-12.500000,-147.500000,3944.630000,4.389258,9.474146,6.749175,20.612580,,,,,,,,,,-0.500000,0.866025
2015,11,-15.000000,155.000000,-12.500000,157.500000,24462.560000,26.336001,2.627730,4.084446,33.048176,28.404032,0.679024,16.815148,0.226860,1.584807,0.067459,0.048333,0.136706,202.374649,-0.500000,0.866025
2015,11,-15.000000,160.000000,-12.500000,162.500000,6134.140000,13.977673,1.564522,11.687702,27.229897,28.375271,0.710235,16.672656,0.188166,130.280790,0.036387,0.078156,0.163769,201.894043,-0.500000,0.866025
2015,11,-15.000000,-160.000000,-12.500000,-157.500000,1123.860000,1.480611,2.401545,20.625345,24.507501,,,,,,,,,,-0.500000,0.866025
2015,11,-15.000000,165.000000,-12.500000,167.500000,6970.410000,16.502616,2.610320,15.643987,34.756922,28.767481,0.761858,21.925105,0.180268,125.559760,0.048108,0.027080,0.157573,201.088776,-0.500000,0.866025
2015,11,-15.000000,-165.000000,-12.500000,-162.500000,1403.360000,1.449379,1.474319,14.900667,17.824364,,,,,,,,,,-0.500000,0.866025
2015,11,-15.000000,170.000000,-12.500000,172.500000,8575.120000,12.411955,0.976663,21.796546,35.185164,28.756456,0.782128,23.597252,0.182649,0.696546,0.058338,0.003889,0.129426,200.175476,-0.500000,0.866025
2015,11,-15.000000,-170.000000,-12.500000,-167.500000,5540.130000,1.408090,1.458089,18.970493,21.836672,,,,,,,,,,-0.500000,0.866025
2015,11,-15.000000,-175.000000,-12.500000,-172.500000,19929.650000,5.137722,3.008984,17.268091,25.414797,,,,,,,,,,-0.500000,0.866025
2015,11,20.000000,115.000000,22.500000,117.500000,1092.130000,4.292529,0.531988,0.339703,5.164220,26.137025,0.693438,29.525622,0.164672,115.272842,0.073976,0.491768,0.283152,205.155334,-0.500000,0.866025
2015,11,20.000000,120.000000,22.500000,122.500000,2812.990000,2.428377,8.068994,8.591925,19.089296,27.374112,0.878164,37.550820,0.332493,120.607639,0.196917,0.260063,0.119635,203.098450,-0.500000,0.866025
2015,11,20.000000,125.000000,22.500000,127.500000,3827.080000,3.196432,8.052353,24.797757,36.046542,27.999539,1.152636,53.852194,0.284346,85.549616,0.195734,0.109227,0.078788,202.870224,-0.500000,0.866025
2015,11,20.000000,130.000000,22.500000,132.500000,7200.530000,3.120604,10.945861,27.789760,41.856224,27.617358,1.129341,52.943216,0.217829,2.158729,0.130841,0.135833,0.074731,202.332565,-0.500000,0.866025
2015,11,20.000000,150.000000,22.500000,152.500000,1161.840000,3.812057,2.199959,5.867417,11.879433,27.996653,0.976206,54.397126,0.177290,1.685529,0.082419,0.057778,0.070784,201.155396,-0.500000,0.866025
2015,11,20.000000,155.000000,22.500000,157.500000,1345.470000,9.846373,2.330784,6.919515,19.096673,27.786766,0.914664,58.401664,0.158554,1.640448,0.087049,0.066389,0.069592,201.544296,-0.500000,0.866025
2015,11,20.000000,-155.000000,22.500000,-152.500000,23600.450000,1.228366,9.592529,0.033855,10.854751,,,,,,,,,,-0.500000,0.866025
2015,11,20.000000,-160.000000,22.500000,-157.500000,6701.630000,1.132560,7.249729,0.000000,8.382289,,,,,,,,,,-0.500000,0.866025
2015,11,20.000000,-165.000000,22.500000,-162.500000,14397.680000,2.280715,9.526465,0.043549,11.850729,,,,,,,,,,-0.500000,0.866025
2015,11,20.000000,-170.000000,22.500000,-167.500000,4239.090000,2.972336,10.847847,0.365409,14.185592,,,,,,,,,,-0.500000,0.866025
2015,11,-20.000000,-135.000000,-17.500000,-132.500000,9014.550000,1.132724,1.767365,21.612282,24.512372,,,,,,,,,,-0.500000,0.866025
2015,11,-20.000000,-145.000000,-17.500000,-142.500000,1277.270000,2.005058,1.569754,25.077705,28.652517,,,,,,,,,,-0.500000,0.866025
2015,11,-20.000000,-150.000000,-17.500000,-147.500000,5409.190000,2.280933,0.925647,18.007687,21.214267,,,,,,,,,,-0.500000,0.866025
2015,11,-20.000000,-155.000000,-17.500000,-152.500000,3285.720000,2.273170,1.706780,15.371973,19.351923,,,,,,,,,,-0.500000,0.866025
2015,11,-20.000000,160.000000,-17.500000,162.500000,1950.060000,12.163215,0.716901,19.121976,32.002092,26.524773,0.723728,19.072925,0.180109,50.971697,0.060941,0.215338,0.081447,208.786148,-0.500000,0.866025
2015,11,-20.000000,165.000000,-17.500000,167.500000,2761.940000,9.038574,0.931229,22.274923,32.244727,26.612723,0.737825,18.354292,0.175759,124.928148,0.062393,0.279290,0.083628,207.575180,-0.500000,0.866025
2015,11,-20.000000,170.000000,-17.500000,172.500000,13036.790000,3.805845,0.702934,28.371708,32.880487,26.918035,0.778568,20.706513,0.175923,2.123130,0.072240,0.236667,0.065439,206.721237,-0.500000,0.866025
2015,11,-20.000000,175.000000,-17.500000,177.500000,13764.400000,4.529947,0.836215,21.388292,26.754454,26.959731,0.786391,20.064554,0.149079,124.504974,0.058946,0.235830,0.080641,207.256439,-0.500000,0.866025
2015,11,-20.000000,-175.000000,-17.500000,-172.500000,3527.890000,9.479887,1.200151,38.432888,49.112926,,,,,,,,,,-0.500000,0.866025
2015,11,-20.000000,-180.000000,-17.500000,-177.500000,2927.500000,13.574381,5.162425,23.431255,42.168061,,,,,,,,,,-0.500000,0.866025
2015,11,25.000000,130.000000,27.500000,132.500000,3336.480000,1.758140,7.101796,24.108641,32.968578,25.819117,1.069013,55.517445,0.217548,51.104064,0.102143,0.237010,0.080954,208.014984,-0.500000,0.866025
2015,11,25.000000,135.000000,27.500000,137.500000,5091.430000,1.192789,2.388720,15.907515,19.489024,25.870411,1.118879,47.139443,0.182697,3.318874,0.146427,0.300000,0.083268,208.969910,-0.500000,0.866025
2015,11,25.000000,145.000000,27.500000,147.500000,11883.560000,1.105561,2.696498,0.198846,4.000905,25.987606,0.999155,37.978252,0.131695,4.104608,0.072783,0.342778,0.066096,208.080078,-0.500000,0.866025
2015,11,25.000000,150.000000,27.500000,152.500000,2001.200000,1.415651,3.011193,0.556666,4.983510,26.495813,1.032407,44.350645,0.132547,3.588763,0.056562,0.319444,0.063739,207.650024,-0.500000,0.866025
2015,11,25.000000,155.000000,27.500000,157.500000,3676.860000,2.159451,3.712135,0.274963,6.146549,26.232212,1.002762,51.196413,0.095416,2.724852,0.033860,0.318056,0.061057,207.502975,-0.500000,0.866025
2015,11,25.000000,160.000000,27.500000,162.500000,2088.160000,0.916596,2.066413,1.585606,4.568615,25.828997,0.869082,45.231443,0.114259,1.590092,0.066628,0.200833,0.062348,207.825729,-0.500000,0.866025
2015,11,25.000000,-160.000000,27.500000,-157.500000,2571.600000,0.876497,7.450226,0.228651,8.555374,,,,,,,,,,-0.500000,0.866025
2015,11,25.000000,-170.000000,27.500000,-167.500000,1412.950000,2.227255,10.536112,1.631339,14.394706,,,,,,,,,,-0.500000,0.866025
2015,11,-25.000000,-145.000000,-22.500000,-142.500000,1020.040000,1.251912,1.011725,30.678209,32.941845,,,,,,,,,,-0.500000,0.866025
2015,11,-25.000000,150.000000,-22.500000,152.500000,2406.590000,32.983599,2.012807,8.105660,43.102066,25.879297,0.630426,14.287290,0.225529,117.245937,0.139919,0.420432,0.111221,211.863632,-0.500000,0.866025
2015,11,-25.000000,-150.000000,-22.500000,-147.500000,2824.200000,8.457262,1.976843,26.260888,36.694993,,,,,,,,,,-0.500000,0.866025
2015,11,-25.000000,160.000000,-22.500000,162.500000,1988.680000,10.959028,0.120683,54.444154,65.523865,24.357562,0.638684,13.483891,0.193215,115.643436,0.063258,0.309035,0.075511,217.072159,-0.500000,0.866025
2015,11,-25.000000,170.000000,-22.500000,172.500000,1364.390000,2.445782,0.609063,36.993088,40.047934,24.182124,0.649377,17.633426,0.205000,2.613082,0.081986,0.346111,0.071402,218.404633,-0.500000,0.866025
2015,11,-25.000000,175.000000,-22.500000,177.500000,3609.860000,4.396846,0.527998,27.165596,32.090441,24.021138,0.646509,17.719302,0.234535,2.749148,0.097172,0.318889,0.069321,218.520782,-0.500000,0.866025
2015,11,-25.000000,-180.000000,-22.500000,-177.500000,1230.200000,10.073972,0.538124,7.069582,17.681678,,,,,,,,,,-0.500000,0.866025
2015,11,30.000000,130.000000,32.500000,132.500000,1394.620000,12.014025,1.348037,8.405157,21.767220,23.330638,0.823994,49.197016,0.425768,111.798430,0.427173,0.557611,0.407412,216.122162,-0.500000,0.866025
2015,11,30.000000,140.000000,32.500000,142.500000,1592.540000,0.187750,5.881171,13.163877,19.232798,23.854902,1.133666,66.682480,0.274811,29.802336,0.242436,0.335000,0.176924,217.596344,-0.500000,0.866025
2015,11,30.000000,145.000000,32.500000,147.500000,12439.020000,0.168180,9.679862,14.779862,24.627905,23.750989,1.027828,57.896837,0.276946,8.744287,0.211376,0.241667,0.192869,218.627304,-0.500000,0.866025
2015,11,30.000000,150.000000,32.500000,152.500000,7131.800000,0.552736,12.839255,7.272217,20.664208,24.079342,1.092705,57.282313,0.271216,3.911632,0.277238,0.284444,0.115175,219.522125,-0.500000,0.866025
2015,11,30.000000,155.000000,32.500000,157.500000,12640.310000,0.452916,18.241087,15.473513,34.167516,23.406352,0.925344,53.355004,0.338436,4.771509,0.248496,0.385000,0.082480,220.883514,-0.500000,0.866025
2015,11,30.000000,160.000000,32.500000,162.500000,9311.010000,0.260552,19.331308,14.652975,34.244835,23.423954,0.853805,54.158828,0.212468,4.548437,0.221784,0.366944,0.076610,221.135757,-0.500000,0.866025
2015,11,30.000000,165.000000,32.500000,167.500000,1493.830000,0.384917,19.265914,20.310879,39.961709,23.557019,0.850269,49.846435,0.193162,4.942577,0.150493,0.538333,0.071573,221.843491,-0.500000,0.866025
2015,11,30.000000,-165.000000,32.500000,-162.500000,2102.940000,0.306713,1.329567,17.145996,18.782276,,,,,,,,,,-0.500000,0.866025
2015,11,30.000000,170.000000,32.500000,172.500000,2531.410000,0.526979,13.768611,11.444610,25.740200,22.536960,0.709862,42.629824,0.238632,3.411087,0.153911,0.457778,0.070859,223.224457,-0.500000,0.866025
2015,11,30.000000,-170.000000,32.500000,-167.500000,1525.470000,0.964949,3.684766,10.430228,15.079943,,,,,,,,,,-0.500000,0.866025
2015,11,30.000000,175.000000,32.500000,177.500000,1320.550000,0.402105,28.500246,9.836053,38.738404,22.089797,0.762016,46.412382,0.182175,3.002431,0.134078,0.300556,0.082941,225.677338,-0.500000,0.866025
2015,11,-30.000000,155.000000,-27.500000,157.500000,1110.060000,7.974344,1.653064,1.179216,10.806623,23.236958,0.621094,14.388673,0.281831,1.872524,0.151228,0.274722,0.104259,222.206360,-0.500000,0.866025
2015,11,-30.000000,160.000000,-27.500000,162.500000,2109.690000,10.422858,1.856671,14.018647,26.298177,22.723476,0.611883,15.643280,0.208105,2.796498,0.088975,0.295000,0.072431,225.830063,-0.500000,0.866025
2015,11,35.000000,140.000000,37.500000,142.500000,1935.570000,0.123478,13.206446,5.314197,18.644120,19.338837,0.384889,46.959369,0.368765,90.858082,0.318819,0.867140,0.463719,222.454849,-0.500000,0.866025
2015,11,35.000000,145.000000,37.500000,147.500000,3805.100000,0.062810,11.150298,2.446716,13.659825,18.381479,0.245352,46.836377,0.346823,9.694095,0.252970,0.804722,0.416043,223.481018,-0.500000,0.866025
2015,11,35.000000,150.000000,37.500000,152.500000,7746.460000,0.312401,13.061579,5.064249,18.438229,19.756707,0.362961,51.461458,0.335838,6.263696,0.211196,0.798611,0.348772,227.969177,-0.500000,0.866025
2015,11,35.000000,155.000000,37.500000,157.500000,6918.570000,0.891514,12.622117,13.706156,27.219787,20.032727,0.485401,57.734198,0.305035,7.107001,0.246144,0.581944,0.340470,232.466599,-0.500000,0.866025
2015,11,35.000000,-155.000000,37.500000,-152.500000,1196.190000,1.300797,18.124211,53.215626,72.640634,,,,,,,,,,-0.500000,0.866025
2015,11,35.000000,-160.000000,37.500000,-157.500000,1489.050000,0.314294,2.079178,38.917431,41.310903,,,,,,,,,,-0.500000,0.866025
2015,11,35.000000,-165.000000,37.500000,-162.500000,7676.260000,1.258556,2.091644,39.857821,43.208021,,,,,,,,,,-0.500000,0.866025
2015,11,35.000000,170.000000,37.500000,172.500000,1601.610000,3.153702,11.866185,9.294398,24.314284,18.517017,0.419369,46.484863,0.201047,8.051441,0.129169,0.586111,0.198176,243.060272,-0.500000,0.866025
2015,11,35.000000,-170.000000,37.500000,-167.500000,4374.360000,0.884929,1.978347,40.792710,43.655986,,,,,,,,,,-0.500000,0.866025
2015,11,35.000000,175.000000,37.500000,177.500000,4277.260000,0.880236,24.410253,17.900245,43.190734,18.690234,0.430292,46.516484,0.180104,4.569208,0.157319,0.679444,0.188264,243.240021,-0.500000,0.866025
2015,11,35.000000,-175.000000,37.500000,-172.500000,4892.340000,3.540637,1.892755,47.567831,53.001222,,,,,,,,,,-0.500000,0.866025
2015,11,35.000000,-180.000000,37.500000,-177.500000,2812.180000,3.332290,0.073964,35.678726,39.084980,,,,,,,,,,-0.500000,0.866025
2015,11,-35.000000,160.000000,-32.500000,162.500000,1506.000000,1.215139,0.660691,25.770252,27.646082,20.321584,0.425142,20.724231,0.233842,3.560784,0.141358,0.505833,0.219917,234.035156,-0.500000,0.866025
2015,11,40.000000,150.000000,42.500000,152.500000,4994.600000,0.000000,0.000000,0.083690,0.083690,11.192367,0.000036,46.503683,0.167953,9.586687,0.141287,0.789444,0.416666,255.204163,-0.500000,0.866025
2015,11,40.000000,155.000000,42.500000,157.500000,2652.900000,0.000000,0.000000,0.074258,0.074258,11.619411,0.030776,52.490779,0.121988,7.334644,0.097469,0.810278,0.400740,259.474091,-0.500000,0.866025
2015,12,0.000000,120.000000,2.500000,122.500000,14021.280000,17.303199,3.353831,0.000000,20.657030,29.574222,0.523955,13.097906,0.325685,137.495425,0.024323,0.085040,0.112794,200.444290,-0.000000,1.000000
2015,12,0.000000,125.000000,2.500000,127.500000,18695.030000,17.303155,3.353833,0.000000,20.656987,29.428531,0.466926,13.163993,0.402106,137.095979,0.054490,0.171506,0.109209,200.919830,-0.000000,1.000000
2015,12,0.000000,130.000000,2.500000,132.500000,4673.760000,17.303199,3.353831,0.000000,20.657030,29.509297,0.498223,12.919701,0.325091,119.925681,0.026709,0.010836,0.106730,201.510437,-0.000000,1.000000
2015,12,0.000000,135.000000,2.500000,137.500000,4070.770000,20.047559,2.311111,0.361602,22.720272,29.410019,0.466192,13.415937,0.386451,0.680555,0.075957,0.000278,0.103019,201.937302,-0.000000,1.000000
2015,12,0.000000,140.000000,2.500000,142.500000,10358.330000,7.166503,5.363509,0.084859,12.614871,29.718713,0.511246,14.943601,0.399835,0.503019,0.062184,0.000000,0.097869,202.193146,-0.000000,1.000000
2015,12,0.000000,145.000000,2.500000,147.500000,10925.480000,11.496337,20.826820,0.252346,32.575502,29.805447,0.549161,15.779257,0.243637,0.490359,0.031575,0.000000,0.091679,200.811569,-0.000000,1.000000
2015,12,0.000000,150.000000,2.500000,152.500000,2412.360000,16.831650,16.645526,1.456250,34.933426,29.877881,0.561523,15.788582,0.215327,0.348152,0.026679,0.000000,0.089067,200.266968,-0.000000,1.000000
2015,12,0.000000,155.000000,2.500000,157.500000,2399.750000,13.005521,9.325555,4.027503,26.358579,29.878215,0.571593,18.290125,0.248995,0.307042,0.031259,0.000000,0.089471,200.072601,-0.000000,1.000000
2015,12,0.000000,-155.000000,2.500000,-152.500000,2964.960000,2.497504,30.945780,0.106241,33.549525,,,,,,,,,,-0.000000,1.000000
2015,12,0.000000,160.000000,2.500000,162.500000,2756.630000,20.259520,15.416650,3.338497,39.014666,29.723445,0.619984,18.186489,0.289789,0.269557,0.022771,0.000000,0.090049,199.306503,-0.000000,1.000000
2015,12,0.000000,-160.000000,2.500000,-157.500000,6711.440000,3.158190,31.884514,0.122626,35.165330,,,,,,,,,,-0.000000,1.000000
2015,12,0.000000,165.000000,2.500000,167.500000,9069.700000,7.694962,15.849697,0.444226,23.988886,29.739031,0.652304,20.457538,0.404678,93.505888,0.016288,0.002779,0.091220,198.670273,-0.000000,1.000000
2015,12,0.000000,-165.000000,2.500000,-162.500000,7977.640000,3.966712,47.173224,0.132621,51.272557,,,,,,,,,,-0.000000,1.000000
2015,12,0.000000,170.000000,2.500000,172.500000,3130.510000,9.261750,15.244481,3.276463,27.782694,29.919615,0.678696,21.267901,0.580089,133.710664,0.028225,0.048004,0.087767,198.440887,-0.000000,1.000000
2015,12,0.000000,-170.000000,2.500000,-167.500000,10180.980000,8.112480,32.191105,0.107259,40.410845,,,,,,,,,,-0.000000,1.000000
2015,12,0.000000,175.000000,2.500000,177.500000,2497.120000,13.454299,20.789149,0.490165,34.733613,29.993712,0.695251,25.593629,0.488663,0.433054,0.022020,0.000000,0.079823,197.770203,-0.000000,1.000000
2015,12,0.000000,-175.000000,2.500000,-172.500000,7097.850000,8.542728,21.626408,0.199638,30.368774,,,,,,,,,,-0.000000,1.000000
2015,12,5.000000,125.000000,7.500000,127.500000,1536.860000,1.663782,1.505667,0.000000,3.169449,28.773326,0.345776,18.515626,0.470129,128.430408,0.110910,0.093201,0.111025,200.383087,-0.000000,1.000000
2015,12,5.000000,130.000000,7.500000,132.500000,4256.680000,18.167445,3.386442,0.342990,21.896877,29.003429,0.288809,20.041169,0.490328,129.323992,0.070902,0.008082,0.090433,199.683990,-0.000000,1.000000
2015,12,5.000000,135.000000,7.500000,137.500000,3544.010000,12.023104,7.580961,0.435665,20.039729,28.925756,0.303207,23.031416,0.301536,127.982307,0.064621,0.006954,0.088997,199.731674,-0.000000,1.000000
2015,12,5.000000,150.000000,7.500000,152.500000,1208.580000,15.464429,22.674544,0.018203,38.157176,29.118676,0.390311,29.438808,0.154348,117.094080,0.034147,0.006125,0.087104,200.031311,-0.000000,1.000000
2015,12,5.000000,165.000000,7.500000,167.500000,3823.790000,5.265718,7.153897,0.357237,12.776852,29.109646,0.465131,30.938249,0.241867,131.627717,0.076111,0.047025,0.084802,199.883026,-0.000000,1.000000
2015,12,-5.000000,120.000000,-2.500000,122.500000,18695.030000,17.303155,3.353833,0.000000,20.656987,30.309138,0.531552,12.845229,0.170454,140.447567,0.029690,0.239357,0.116580,201.049530,-0.000000,1.000000
2015,12,-5.000000,125.000000,-2.500000,127.500000,28042.550000,17.303170,3.353832,0.000000,20.657002,30.037398,0.504564,15.181731,0.259508,135.854532,0.011056,0.166873,0.112641,201.284683,-0.000000,1.000000
2015,12,-5.000000,130.000000,-2.500000,132.500000,9347.520000,17.303199,3.353831,0.000000,20.657030,29.919840,0.519167,14.994286,0.182095,140.624116,0.015491,0.295821,0.133853,199.824875,-0.000000,1.000000
2015,12,-5.000000,-155.000000,-2.500000,-152.500000,3542.000000,3.341333,21.590909,0.177866,25.110107,,,,,,,,,,-0.000000,1.000000
2015,12,-5.000000,160.000000,-2.500000,162.500000,19992.000000,19.685174,13.040716,11.371299,44.097189,29.828704,0.633733,19.478016,0.143274,0.327266,0.012601,0.000000,0.103956,199.070816,-0.000000,1.000000
2015,12,-5.000000,-160.000000,-2.500000,-157.500000,4031.570000,3.033806,25.883217,0.182063,29.099085,,,,,,,,,,-0.000000,1.000000
2015,12,-5.000000,165.000000,-2.500000,167.500000,4431.680000,19.941873,10.303542,1.989539,32.234954,29.869390,0.660718,22.124437,0.167976,0.476548,0.014520,0.000000,0.105882,199.021683,-0.000000,1.000000
2015,12,-5.000000,-165.000000,-2.500000,-162.500000,6403.870000,3.858136,33.068441,0.552635,37.479212,,,,,,,,,,-0.000000,1.000000
2015,12,-5.000000,170.000000,-2.500000,172.500000,15453.250000,20.284471,17.368709,8.729814,46.382994,29.979066,0.677765,24.248650,0.246714,134.657959,0.017897,0.009476,0.095945,197.805954,-0.000000,1.000000
2015,12,-5.000000,-170.000000,-2.500000,-167.500000,5687.610000,6.442601,26.372413,0.617307,33.432320,,,,,,,,,,-0.000000,1.000000
2015,12,-5.000000,175.000000,-2.500000,177.500000,12844.200000,19.185702,24.346865,1.271391,44.803958,30.181636,0.689844,29.017650,0.215515,95.131886,0.012322,0.001668,0.097043,197.228958,-0.000000,1.000000
2015,12,-5.000000,-180.000000,-2.500000,-177.500000,5613.880000,12.522712,25.391530,1.174767,39.089008,,,,,,,,,,-0.000000,1.000000
2015,12,10.000000,110.000000,12.500000,112.500000,19175.320000,16.402386,3.368027,0.000000,19.770413,28.325487,0.719923,35.765830,0.152082,2.278661,0.019676,0.066667,0.079858,202.821136,-0.000000,1.000000
2015,12,10.000000,115.000000,12.500000,117.500000,19175.320000,16.402386,3.368027,0.000000,19.770413,28.677144,0.668609,30.627370,0.117380,130.559654,0.033808,0.070658,0.083986,201.275162,-0.000000,1.000000
2015,12,10.000000,135.000000,12.500000,137.500000,1776.850000,2.701410,0.265076,4.330698,7.297183,28.428017,0.550984,37.537429,0.276874,114.262418,0.100942,0.001946,0.081113,200.290146,-0.000000,1.000000
2015,12,10.000000,155.000000,12.500000,157.500000,2166.080000,0.259917,0.085869,0.000000,0.345786,28.109574,0.490824,37.939468,0.296124,0.346094,0.103405,0.000000,0.078476,202.066833,-0.000000,1.000000
2015,12,-10.000000,-135.000000,-7.500000,-132.500000,2621.070000,1.520753,28.465856,2.093420,32.080028,,,,,,,,,,-0.000000,1.000000
2015,12,-10.000000,-140.000000,-7.500000,-137.500000,1685.550000,4.623417,40.268755,0.652013,45.544184,,,,,,,,,,-0.000000,1.000000
2015,12,-10.000000,-145.000000,-7.500000,-142.500000,2804.690000,7.167637,23.429684,0.443186,31.040507,,,,,,,,,,-0.000000,1.000000
2015,12,-10.000000,-150.000000,-7.500000,-147.500000,6507.840000,7.560880,19.625713,0.656746,27.843340,,,,,,,,,,-0.000000,1.000000
2015,12,-10.000000,155.000000,-7.500000,157.500000,2335.840000,27.826820,3.918077,0.485907,32.230803,30.067076,0.595003,15.698980,0.099652,134.990117,0.016193,0.107015,0.112936,198.313721,-0.000000,1.000000
2015,12,-10.000000,-155.000000,-7.500000,-152.500000,3767.890000,6.144022,24.200547,1.175459,31.520028,,,,,,,,,,-0.000000,1.000000
2015,12,-10.000000,160.000000,-7.500000,162.500000,17942.390000,26.853613,5.576905,0.845651,33.276169,30.173564,0.647826,15.261738,0.061118,135.298661,0.022797,0.034256,0.102877,197.760330,-0.000000,1.000000
2015,12,-10.000000,-160.000000,-7.500000,-157.500000,1094.080000,5.825899,17.405491,1.106866,24.338257,,,,,,,,,,-0.000000,1.000000
2015,12,-10.000000,165.000000,-7.500000,167.500000,4470.030000,19.115979,12.300589,3.401543,34.818111,30.214698,0.691837,16.102838,0.073089,0.470525,0.018388,0.000000,0.095688,198.326248,-0.000000,1.000000
2015,12,-10.000000,170.000000,-7.500000,172.500000,3295.200000,7.370721,6.102816,6.004795,19.478332,30.219938,0.693576,19.645359,0.061255,0.544249,0.008680,0.000000,0.072306,196.072693,-0.000000,1.000000
2015,12,-10.000000,-170.000000,-7.500000,-167.500000,6584.630000,11.336096,12.761689,6.609483,30.707268,,,,,,,,,,-0.000000,1.000000
2015,12,-10.000000,175.000000,-7.500000,177.500000,1204.930000,5.121459,10.344169,2.737918,18.203547,30.142663,0.695242,21.349436,0.073023,0.509774,0.010282,0.000000,0.085740,196.285904,-0.000000,1.000000
2015,12,-10.000000,-175.000000,-7.500000,-172.500000,10594.160000,2.242084,4.133976,9.696286,16.072346,,,,,,,,,,-0.000000,1.000000
2015,12,-10.000000,-180.000000,-7.500000,-177.500000,3770.420000,5.026230,13.417073,8.575437,27.018741,,,,,,,,,,-0.000000,1.000000
2015,12,15.000000,110.000000,17.500000,112.500000,19175.320000,16.402386,3.368027,0.000000,19.770413,26.663350,0.695335,44.503506,0.160804,112.103515,0.051718,0.148255,0.147072,207.037003,-0.000000,1.000000
2015,12,15.000000,115.000000,17.500000,117.500000,19175.320000,16.402386,3.368027,0.000000,19.770413,26.549547,0.537598,33.061876,0.158376,125.692339,0.081664,0.273259,0.094234,205.311707,-0.000000,1.000000
2015,12,15.000000,130.000000,17.500000,132.500000,3431.910000,1.803952,3.068262,12.114828,16.987042,27.742625,0.802970,45.259460,0.276493,0.915790,0.121571,0.026667,0.076527,201.684280,-0.000000,1.000000
2015,12,15.000000,135.000000,17.500000,137.500000,4962.080000,5.371739,0.577580,15.776650,21.725970,28.105903,0.852636,51.676528,0.229723,1.202434,0.115784,0.031944,0.074556,201.179565,-0.000000,1.000000
2015,12,15.000000,140.000000,17.500000,142.500000,3223.170000,16.096576,0.232380,44.213926,60.542882,28.061647,0.880100,54.763560,0.238528,0.504799,0.126990,0.000000,0.072441,200.955872,-0.000000,1.000000
2015,12,15.000000,-155.000000,17.500000,-152.500000,4867.180000,1.190422,8.277072,0.000000,9.467495,,,,,,,,,,-0.000000,1.000000
2015,12,15.000000,-160.000000,17.500000,-157.500000,6282.300000,2.028716,6.616367,0.066059,8.711141,,,,,,,,,,-0.000000,1.000000
2015,12,15.000000,-165.000000,17.500000,-162.500000,8854.330000,2.653165,9.856308,0.187253,12.696726,,,,,,,,,,-0.000000,1.000000
2015,12,-15.000000,-135.000000,-12.500000,-132.500000,5941.530000,2.275508,35.457702,4.031621,41.764832,,,,,,,,,,-0.000000,1.000000
2015,12,-15.000000,-140.000000,-12.500000,-137.500000,2599.550000,2.809717,53.233444,2.456579,58.499740,,,,,,,,,,-0.000000,1.000000
2015,12,-15.000000,-145.000000,-12.500000,-142.500000,1838.420000,8.960412,25.748197,5.133212,39.841821,,,,,,,,,,-0.000000,1.000000
2015,12,-15.000000,150.000000,-12.500000,152.500000,1377.000000,91.509804,6.288308,4.609296,102.407407,28.880117,0.697348,16.554612,0.186414,130.573021,0.042158,0.084133,0.096543,199.617203,-0.000000,1.000000
2015,12,-15.000000,-150.000000,-12.500000,-147.500000,1973.470000,2.651168,17.857378,0.982533,21.491079,,,,,,,,,,-0.000000,1.000000
2015,12,-15.000000,155.000000,-12.500000,157.500000,2802.660000,23.129099,2.520463,5.963620,31.613182,29.285243,0.678270,16.626951,0.191984,1.226846,0.061152,0.031667,0.107706,199.338318,-0.000000,1.000000
2015,12,-15.000000,160.000000,-12.500000,162.500000,12243.380000,21.935609,1.284041,12.822195,36.041845,29.385879,0.728107,15.235146,0.150173,134.208563,0.047183,0.055103,0.122656,199.195694,-0.000000,1.000000
2015,12,-15.000000,165.000000,-12.500000,167.500000,5830.180000,24.937480,3.669526,9.749099,38.356106,29.447639,0.768872,16.928572,0.134472,130.626090,0.059500,0.015355,0.104112,198.441040,-0.000000,1.000000
2015,12,-15.000000,170.000000,-12.500000,172.500000,11265.040000,7.421545,2.002035,17.584136,27.007716,29.230255,0.742463,18.467387,0.116121,1.029143,0.050087,0.009167,0.085430,198.471405,-0.000000,1.000000
2015,12,-15.000000,-170.000000,-12.500000,-167.500000,5140.910000,1.582599,0.951193,16.155895,18.689687,,,,,,,,,,-0.000000,1.000000
2015,12,-15.000000,-175.000000,-12.500000,-172.500000,24256.540000,3.555124,2.200561,13.470388,19.226073,,,,,,,,,,-0.000000,1.000000
2015,12,20.000000,120.000000,22.500000,122.500000,5273.620000,7.859497,3.159689,2.469840,13.489027,26.150741,0.863064,56.752242,0.340212,112.373351,0.202582,0.386792,0.184952,207.036102,-0.000000,1.000000
2015,12,20.000000,125.000000,22.500000,127.500000,3415.610000,3.764774,6.725885,22.858874,33.349533,26.764807,1.201363,84.236391,0.199352,81.558395,0.085948,0.129238,0.093851,207.019989,-0.000000,1.000000
2015,12,20.000000,130.000000,22.500000,132.500000,6829.070000,2.526113,8.665016,21.416972,32.608100,26.114937,1.018274,65.326314,0.199790,1.656405,0.097377,0.078333,0.073487,207.413696,-0.000000,1.000000
2015,12,20.000000,135.000000,22.500000,137.500000,3144.390000,1.287690,1.629251,3.841763,6.758704,26.835032,1.005036,52.098743,0.229978,2.178099,0.150876,0.315278,0.068220,205.570328,-0.000000,1.000000
2015,12,20.000000,140.000000,22.500000,142.500000,2037.560000,4.449930,6.573058,16.906496,27.929484,27.102978,0.989917,53.410659,0.146156,52.619722,0.084839,0.202001,0.071413,203.580383,-0.000000,1.000000
2015,12,20.000000,145.000000,22.500000,147.500000,3533.190000,11.594904,3.634393,16.950688,32.179985,27.258113,0.993229,56.812794,0.171729,3.652563,0.069411,0.119167,0.072374,203.375153,-0.000000,1.000000
2015,12,20.000000,150.000000,22.500000,152.500000,3844.810000,17.263792,6.551689,31.572952,55.388433,27.147877,0.989507,63.586759,0.144878,2.899579,0.071514,0.108056,0.070020,204.044022,-0.000000,1.000000
2015,12,20.000000,-155.000000,22.500000,-152.500000,11360.680000,1.140425,9.468623,0.000000,10.609048,,,,,,,,,,-0.000000,1.000000
2015,12,20.000000,-160.000000,22.500000,-157.500000,16550.650000,0.977122,9.012516,0.001208,9.990846,,,,,,,,,,-0.000000,1.000000
2015,12,20.000000,-165.000000,22.500000,-162.500000,8917.060000,2.433650,9.157054,0.032858,11.623562,,,,,,,,,,-0.000000,1.000000
2015,12,20.000000,-170.000000,22.500000,-167.500000,1999.750000,2.054757,11.933492,0.248031,14.236280,,,,,,,,,,-0.000000,1.000000
2015,12,-20.000000,-135.000000,-17.500000,-132.500000,9741.070000,1.336403,1.444503,26.905668,29.686574,,,,,,,,,,-0.000000,1.000000
2015,12,-20.000000,-145.000000,-17.500000,-142.500000,1836.720000,2.176706,1.168387,29.015310,32.360403,,,,,,,,,,-0.000000,1.000000
2015,12,-20.000000,-150.000000,-17.500000,-147.500000,4295.080000,1.684951,0.820706,20.595193,23.100850,,,,,,,,,,-0.000000,1.000000
2015,12,-20.000000,-155.000000,-17.500000,-152.500000,4071.310000,2.315717,0.922799,18.334148,21.572663,,,,,,,,,,-0.000000,1.000000
2015,12,-20.000000,165.000000,-17.500000,167.500000,2088.650000,13.410097,1.690566,20.958514,36.059177,27.940182,0.764572,15.609025,0.170370,129.729516,0.074281,0.236036,0.092696,203.148315,-0.000000,1.000000
2015,12,-20.000000,-165.000000,-17.500000,-162.500000,2687.260000,2.761921,0.311098,16.289827,19.362845,,,,,,,,,,-0.000000,1.000000
2015,12,-20.000000,170.000000,-17.500000,172.500000,8183.350000,4.889440,1.258775,22.846023,28.994238,27.853100,0.780310,16.968250,0.174088,1.571243,0.070105,0.121667,0.068906,202.865738,-0.000000,1.000000
2015,12,-20.000000,-170.000000,-17.500000,-167.500000,1009.220000,3.393710,1.321813,15.008621,19.724143,,,,,,,,,,-0.000000,1.000000
2015,12,-20.000000,175.000000,-17.500000,177.500000,16739.190000,8.819483,1.408969,17.112716,27.341168,27.778798,0.787742,19.720963,0.113874,127.648906,0.037921,0.126872,0.081772,204.050598,-0.000000,1.000000
2015,12,-20.000000,-175.000000,-17.500000,-172.500000,4070.610000,15.465004,2.327661,31.649311,49.441976,,,,,,,,,,-0.000000,1.000000
2015,12,-20.000000,-180.000000,-17.500000,-177.500000,1992.650000,12.564675,2.286904,11.964971,26.816551,,,,,,,,,,-0.000000,1.000000
2015,12,25.000000,130.000000,27.500000,132.500000,7218.370000,1.966095,6.152774,20.044414,28.163283,24.227426,1.037845,78.331028,0.169836,48.723841,0.105410,0.276744,0.124978,213.920425,-0.000000,1.000000
2015,12,25.000000,135.000000,27.500000,137.500000,14462.490000,0.742749,2.286951,17.531421,20.561121,24.035838,1.073938,70.569987,0.166766,3.060863,0.124647,0.351667,0.184882,213.595795,-0.000000,1.000000
2015,12,25.000000,140.000000,27.500000,142.500000,1452.370000,3.349697,5.446959,29.648781,38.445437,24.578461,1.027165,63.620411,0.130405,50.598904,0.067193,0.406502,0.079757,213.155609,-0.000000,1.000000
2015,12,25.000000,145.000000,27.500000,147.500000,14429.680000,0.642426,2.861948,2.360274,5.864648,24.800339,0.997473,61.018075,0.135726,4.210990,0.068617,0.545556,0.062931,212.856812,-0.000000,1.000000
2015,12,25.000000,150.000000,27.500000,152.500000,2850.820000,1.260690,2.068878,2.504192,5.833760,25.165824,1.026856,64.891001,0.135342,3.249708,0.068123,0.441111,0.058815,212.284332,-0.000000,1.000000
2015,12,25.000000,155.000000,27.500000,157.500000,3271.660000,0.176974,0.505859,0.385126,1.067959,24.689158,0.987089,65.900528,0.092465,3.167604,0.052319,0.393056,0.055307,212.285583,-0.000000,1.000000
2015,12,25.000000,-155.000000,27.500000,-152.500000,2513.780000,0.785272,13.376270,0.007956,14.169498,,,,,,,,,,-0.000000,1.000000
2015,12,25.000000,-160.000000,27.500000,-157.500000,11653.980000,1.692726,11.315448,0.172216,13.180390,,,,,,,,,,-0.000000,1.000000
2015,12,25.000000,-165.000000,27.500000,-162.500000,7352.870000,2.361663,12.057877,0.882241,15.301780,,,,,,,,,,-0.000000,1.000000
2015,12,-25.000000,150.000000,-22.500000,152.500000,2392.570000,36.461211,1.264749,5.806309,43.532269,26.948557,0.636391,20.631273,0.235386,121.214362,0.130969,0.255403,0.113491,206.211533,-0.000000,1.000000
2015,12,-25.000000,-150.000000,-22.500000,-147.500000,3242.410000,2.105224,0.901798,27.815113,30.822135,,,,,,,,,,-0.000000,1.000000
2015,12,-25.000000,160.000000,-22.500000,162.500000,2355.410000,9.867497,0.165152,47.941547,57.974196,25.560318,0.636598,15.430745,0.153295,122.142611,0.058949,0.278919,0.088134,210.846970,-0.000000,1.000000
2015,12,-25.000000,170.000000,-22.500000,172.500000,1217.040000,3.177381,0.312233,35.514856,39.004470,25.762810,0.683373,19.166812,0.220486,3.153193,0.098461,0.251944,0.079788,211.847946,-0.000000,1.000000
2015,12,-25.000000,175.000000,-22.500000,177.500000,4420.090000,5.000351,0.473067,31.044843,36.518261,25.245776,0.656641,18.506298,0.189999,2.898011,0.095698,0.220833,0.076935,212.197052,-0.000000,1.000000
2015,12,-25.000000,-180.000000,-22.500000,-177.500000,2194.000000,15.153145,2.089335,18.097083,35.339562,,,,,,,,,,-0.000000,1.000000
2015,12,30.000000,130.000000,32.500000,132.500000,2604.360000,0.925755,4.120398,29.356541,34.402694,21.267068,0.750052,63.703952,0.352955,106.874142,0.340428,0.617726,0.595743,222.438812,-0.000000,1.000000
2015,12,30.000000,135.000000,32.500000,137.500000,11033.500000,0.256945,6.715911,38.295283,45.268138,21.822643,0.960146,76.346179,0.410979,96.603127,0.432597,0.427090,0.493975,217.820908,-0.000000,1.000000
2015,12,30.000000,140.000000,32.500000,142.500000,9441.480000,0.470583,5.607595,19.449281,25.527460,22.128561,1.107376,88.953067,0.255793,31.148687,0.214757,0.207222,0.314438,222.611343,-0.000000,1.000000
2015,12,30.000000,145.000000,32.500000,147.500000,3881.270000,0.309435,5.828505,26.599026,32.736965,22.116295,0.984869,82.130654,0.339226,5.074476,0.285003,0.377222,0.284093,223.737915,-0.000000,1.000000
2015,12,30.000000,150.000000,32.500000,152.500000,2688.240000,0.671443,11.211425,25.818751,37.701619,22.146064,1.120950,85.552966,0.234553,4.397091,0.178145,0.340556,0.256366,225.487381,-0.000000,1.000000
2015,12,30.000000,155.000000,32.500000,157.500000,6532.780000,0.918292,15.511314,21.813684,38.243290,21.566652,0.832372,81.838693,0.341235,3.922789,0.285139,0.537500,0.182537,228.583344,-0.000000,1.000000
2015,12,30.000000,-155.000000,32.500000,-152.500000,3142.000000,2.926798,3.770210,31.597390,38.294398,,,,,,,,,,-0.000000,1.000000
2015,12,30.000000,160.000000,32.500000,162.500000,5008.080000,0.398955,13.100230,32.909418,46.408604,21.625561,0.799222,79.387675,0.218545,3.575455,0.255995,0.350278,0.140557,229.073822,-0.000000,1.000000
2015,12,30.000000,-160.000000,32.500000,-157.500000,1707.330000,1.544517,3.586301,23.892276,29.023095,,,,,,,,,,-0.000000,1.000000
2015,12,30.000000,165.000000,32.500000,167.500000,1524.590000,0.350258,18.841787,47.896812,67.088857,21.522565,0.810149,80.775547,0.244832,4.023670,0.177911,0.498889,0.115855,229.605484,-0.000000,1.000000
2015,12,30.000000,-165.000000,32.500000,-162.500000,3861.850000,3.388790,4.149566,29.102891,36.641247,,,,,,,,,,-0.000000,1.000000
2015,12,30.000000,170.000000,32.500000,172.500000,3092.100000,0.630639,17.298600,27.616507,45.545746,20.924749,0.735064,68.178862,0.208554,3.596690,0.142115,0.405556,0.108899,230.917679,-0.000000,1.000000
2015,12,30.000000,-170.000000,32.500000,-167.500000,4649.050000,4.763554,13.976189,24.599864,43.339607,,,,,,,,,,-0.000000,1.000000
2015,12,30.000000,175.000000,32.500000,177.500000,4540.590000,2.495050,21.312649,36.594584,60.402283,19.958393,0.661352,64.286862,0.180387,3.574031,0.158730,0.377222,0.108514,233.098282,-0.000000,1.000000
2015,12,30.000000,-175.000000,32.500000,-172.500000,6908.800000,5.127808,7.829290,30.162981,43.120079,,,,,,,,,,-0.000000,1.000000
2015,12,30.000000,-180.000000,32.500000,-177.500000,4794.820000,5.170163,3.786378,41.490400,50.446941,,,,,,,,,,-0.000000,1.000000
2015,12,-30.000000,160.000000,-27.500000,162.500000,1218.900000,9.849044,2.389860,7.262286,19.501190,24.374369,0.696907,19.112811,0.222404,2.593619,0.097892,0.200278,0.070067,217.468033,-0.000000,1.000000
2015,12,-30.000000,170.000000,-27.500000,172.500000,1568.310000,4.664256,1.882281,8.108729,14.655266,23.079866,0.510389,16.534081,0.226810,2.208907,0.111767,0.211389,0.068314,220.877167,-0.000000,1.000000
2015,12,35.000000,140.000000,37.500000,142.500000,6406.980000,0.168098,10.714252,18.591442,29.473793,17.111181,0.326881,76.077119,0.376006,87.707037,0.353283,0.676021,0.507262,223.301956,-0.000000,1.000000
2015,12,40.000000,155.000000,42.500000,157.500000,1013.200000,0.000000,0.000000,0.000000,0.000000,9.138566,-0.029717,71.328203,0.142128,11.010187,0.131713,0.756389,0.377119,262.133179,-0.000000,1.000000
2015,12,-40.000000,175.000000,-37.500000,177.500000,1257.960000,1.946008,10.822284,7.957328,20.725619,,,,,,,,,,-0.000000,1.000000
