timestamp,run_id,rank,lat,lon,species,hsi_pct,phi,sst,chl,npp,do,depth_m,mld_m,z20_m,front_pct,eddy_pct,convergence_pct,cpue_index,cpue_ci_low,cpue_ci_high,gfw_density,hook_depth_optimal,distance_nm,eez
2026-02-25 04:20:49,20260225_042049,1,6.2500,125.7500,yellowfin,0,2.15,28.5,0.2888,5000,0.0,890,39,145,0.41,0.011,1.0,52,43,66,0.192,81,1027,菲律賓EEZ
2026-02-25 04:20:49,20260225_042049,2,6.7500,126.0000,yellowfin,0,2.19,28.4,0.3388,5000,0.0,920,54,150,0.578,0.0,1.0,52,42,64,0.188,81,1003,菲律賓EEZ
2026-02-25 04:20:49,20260225_042049,3,6.7500,126.5000,yellowfin,0,2.24,28.4,0.1509,2827,0.0,1280,43,127,0.333,0.0,0.0,52,41,65,0.232,81,1012,菲律賓EEZ
2026-02-25 04:20:49,20260225_042049,4,9.0000,126.2500,bigeye,0,5.67,24.4,1.3916,5000,0.0,1311,30,150,0.667,0.0,1.0,35,27,46,0.082,169,881,菲律賓EEZ
2026-02-25 04:20:49,20260225_042049,5,10.7500,125.7500,bigeye,0,5.32,24.4,0.9697,5000,0.0,913,30,150,0.764,0.0,1.0,35,28,47,0.022,169,773,菲律賓EEZ
2026-02-25 04:20:49,20260225_042049,6,18.7500,129.0000,bigeye,0,5.69,24.0,0.0890,1212,0.0,5464,101,208,0.333,0.0,0.0,37,28,47,0.100,169,536,公海
2026-02-25 04:20:49,20260225_042049,7,5.0000,128.5000,skipjack,0,1.64,28.8,0.0000,nan,0.0,5536,29,86,0.0,0.0,0.979,56,47,69,0.571,22,1150,公海
2026-02-25 04:20:49,20260225_042049,8,5.0000,129.0000,skipjack,0,1.64,28.9,0.0000,nan,0.0,5017,23,109,0.0,0.0,1.0,56,45,68,0.613,22,1162,公海
2026-02-25 04:20:49,20260225_042049,9,5.0000,129.5000,skipjack,0,1.65,28.9,0.0000,nan,0.0,5068,22,137,0.0,0.0,0.0,56,45,69,0.640,22,1174,公海
2026-02-25 04:20:49,20260225_042049,10,20.5000,129.5000,albacore,0,3.32,23.5,0.0890,1168,0.0,5772,78,187,0.667,0.0,0.0,29,22,39,0.143,124,526,公海
2026-02-25 04:20:49,20260225_042049,11,21.0000,126.2500,albacore,0,3.24,23.9,0.2461,3292,0.0,5468,90,171,0.333,0.0,0.394,30,22,39,0.582,125,344,公海
2026-02-25 04:20:49,20260225_042049,12,21.0000,130.0000,albacore,0,3.51,22.3,0.0890,1080,0.0,5610,121,175,0.366,0.0,0.544,30,22,40,0.127,121,547,公海
2026-02-25 04:20:49,20260225_042049,13,23.2500,134.0000,japanese_flying_squid,0,3.08,22.4,0.1289,1551,0.0,4607,26,151,0.667,0.0,0.225,40,30,55,0.117,82,761,公海
2026-02-25 04:20:49,20260225_042049,14,23.5000,132.7500,japanese_flying_squid,0,3.23,21.3,0.1353,1524,0.0,4342,111,146,0.333,0.0,1.0,40,29,54,0.078,80,693,公海
2026-02-25 04:20:49,20260225_042049,15,25.0000,126.7500,japanese_flying_squid,0,3.06,22.3,0.0890,1059,0.0,1650,110,184,0.333,0.0,0.561,38,28,53,0.529,82,386,公海
2026-02-25 04:20:49,20260225_042049,16,25.7500,141.0000,pacific_saury,0,3.19,21.8,0.1689,1939,0.0,1658,26,94,0.36,0.0,0.681,41,30,55,0.146,13,1163,日本EEZ
2026-02-25 04:20:49,20260225_042049,17,25.7500,143.5000,pacific_saury,0,3.40,20.5,0.1536,1623,0.0,2296,84,85,0.462,0.0,0.0,42,31,56,0.106,17,1300,日本EEZ
2026-02-25 04:20:49,20260225_042049,18,25.7500,144.0000,pacific_saury,0,3.28,21.3,0.1452,1612,0.0,1449,28,38,0.36,0.0,0.0,41,31,57,0.096,12,1327,日本EEZ
2026-02-25 04:20:49,20260225_042049,19,7.2500,126.7500,yellowfin,0,2.21,28.6,0.1364,2589,0.0,2856,53,136,0.333,0.0,1.0,50,40,63,0.217,81,989,菲律賓EEZ
2026-02-25 04:20:49,20260225_042049,20,7.2500,134.5000,yellowfin,0,2.16,29.2,0.0890,1757,0.0,2252,35,128,0.333,0.0,1.0,53,42,66,0.199,79,1212,帛琉EEZ
2026-02-25 04:36:42,20260225_043642,1,6.2500,125.7500,yellowfin,0,2.15,28.5,0.2888,5000,0.0,890,39,145,0.41,0.011,1.0,53,42,67,0.192,81,1027,菲律賓EEZ
2026-02-25 04:36:42,20260225_043642,2,6.7500,126.0000,yellowfin,0,2.19,28.4,0.3388,5000,0.0,920,54,150,0.578,0.0,1.0,54,43,67,0.188,81,1003,菲律賓EEZ
2026-02-25 04:36:42,20260225_043642,3,6.7500,126.5000,yellowfin,0,2.24,28.4,0.1509,2827,0.0,1280,43,127,0.333,0.0,0.0,53,42,66,0.232,81,1012,菲律賓EEZ
2026-02-25 04:36:42,20260225_043642,4,9.0000,126.2500,bigeye,0,5.67,24.4,1.3916,5000,0.0,1311,30,150,0.667,0.0,1.0,36,28,47,0.082,169,881,菲律賓EEZ
2026-02-25 04:36:42,20260225_043642,5,10.7500,125.7500,bigeye,0,5.32,24.4,0.9697,5000,0.0,913,30,150,0.764,0.0,1.0,37,28,47,0.022,169,773,菲律賓EEZ
2026-02-25 04:36:42,20260225_043642,6,18.7500,129.0000,bigeye,0,5.69,24.0,0.0890,1212,0.0,5464,101,208,0.333,0.0,0.0,36,28,48,0.100,169,536,公海
2026-02-25 04:36:42,20260225_043642,7,5.0000,128.5000,skipjack,0,1.64,28.8,0.0000,nan,0.0,5536,29,86,0.0,0.0,0.979,55,46,68,0.571,22,1150,公海
2026-02-25 04:36:42,20260225_043642,8,5.0000,129.0000,skipjack,0,1.64,28.9,0.0000,nan,0.0,5017,23,109,0.0,0.0,1.0,55,45,67,0.613,22,1162,公海
2026-02-25 04:36:42,20260225_043642,9,5.0000,129.5000,skipjack,0,1.65,28.9,0.0000,nan,0.0,5068,22,137,0.0,0.0,0.0,54,44,66,0.640,22,1174,公海
2026-02-25 04:36:42,20260225_043642,10,20.5000,129.5000,albacore,0,3.32,23.5,0.0890,1168,0.0,5772,78,187,0.667,0.0,0.0,30,21,40,0.143,124,526,公海
2026-02-25 04:36:42,20260225_043642,11,21.0000,126.2500,albacore,0,3.24,23.9,0.2461,3292,0.0,5468,90,171,0.333,0.0,0.394,30,23,40,0.582,125,344,公海
2026-02-25 04:36:42,20260225_043642,12,21.0000,130.0000,albacore,0,3.51,22.3,0.0890,1080,0.0,5610,121,175,0.366,0.0,0.544,30,22,39,0.127,121,547,公海
2026-02-25 04:36:42,20260225_043642,13,23.2500,134.0000,japanese_flying_squid,0,3.08,22.4,0.1289,1551,0.0,4607,26,151,0.667,0.0,0.225,39,29,54,0.117,82,761,公海
2026-02-25 04:36:42,20260225_043642,14,23.5000,132.7500,japanese_flying_squid,0,3.23,21.3,0.1353,1524,0.0,4342,111,146,0.333,0.0,1.0,37,27,50,0.078,80,693,公海
2026-02-25 04:36:42,20260225_043642,15,25.0000,126.7500,japanese_flying_squid,0,3.06,22.3,0.0890,1059,0.0,1650,110,184,0.333,0.0,0.561,40,29,55,0.529,82,386,公海
2026-02-25 04:36:42,20260225_043642,16,25.7500,141.0000,pacific_saury,0,3.19,21.8,0.1689,1939,0.0,1658,26,94,0.36,0.0,0.681,41,30,54,0.146,13,1163,日本EEZ
2026-02-25 04:36:42,20260225_043642,17,25.7500,143.5000,pacific_saury,0,3.40,20.5,0.1536,1623,0.0,2296,84,85,0.462,0.0,0.0,41,30,54,0.106,17,1300,日本EEZ
2026-02-25 04:36:42,20260225_043642,18,25.7500,144.0000,pacific_saury,0,3.28,21.3,0.1452,1612,0.0,1449,28,38,0.36,0.0,0.0,40,30,55,0.096,12,1327,日本EEZ
2026-02-25 04:36:42,20260225_043642,19,7.2500,126.7500,yellowfin,0,2.21,28.6,0.1364,2589,0.0,2856,53,136,0.333,0.0,1.0,51,41,66,0.217,81,989,菲律賓EEZ
2026-02-25 04:36:42,20260225_043642,20,7.2500,134.5000,yellowfin,0,2.16,29.2,0.0890,1757,0.0,2252,35,128,0.333,0.0,1.0,52,43,66,0.199,79,1212,帛琉EEZ
2026-02-25 15:20:52,20260225_152052,1,26.2500,125.0000,skipjack,90,2.05,24.9,0.1574,2186,0.0,956,57,183,0.333,0.0,0.0,58,47,70,0.545,30,341,日本EEZ
2026-02-25 15:20:52,20260225_152052,2,25.2500,124.7500,albacore,90,3.19,24.2,0.1516,2024,0.0,1850,93,219,0.0,0.0,0.0,31,23,40,0.750,94,294,公海
2026-02-25 15:20:52,20260225_152052,3,22.2500,122.7500,yellowfin,89,2.61,25.5,0.0572,845,0.0,4110,15,217,0.333,0.0,0.0,49,39,60,0.881,53,138,台灣EEZ
2026-02-25 15:20:52,20260225_152052,4,24.7500,124.5000,bigeye,88,5.81,23.3,0.1819,2307,0.0,1169,160,233,0.0,0.0,0.136,35,27,45,0.848,208,267,公海
2026-02-25 15:20:52,20260225_152052,5,24.2500,124.5000,bigeye,88,5.86,23.1,0.1757,2210,0.0,1378,135,237,0.0,0.0,0.0,35,27,45,0.917,208,254,公海
2026-02-25 15:20:52,20260225_152052,6,21.7500,123.0000,yellowfin,87,2.75,24.4,0.0912,1257,0.0,4082,43,202,0.333,0.0,0.0,51,40,65,0.855,52,159,台灣EEZ
2026-02-25 15:20:52,20260225_152052,7,25.7500,125.0000,albacore,87,3.04,25.2,0.1438,2040,0.0,1874,92,183,0.0,0.0,0.093,29,21,38,0.641,95,322,公海
2026-02-25 15:20:52,20260225_152052,8,23.7500,124.0000,bigeye,87,5.86,23.2,0.1120,1419,0.0,2046,102,221,0.0,0.0,0.0,33,26,43,0.977,208,217,台灣EEZ
2026-02-25 15:20:52,20260225_152052,9,20.7500,121.0000,skipjack,85,1.76,27.6,0.1545,2612,0.0,1866,84,203,0.0,0.0,0.0,56,45,68,0.446,30,118,菲律賓EEZ
2026-02-25 15:20:52,20260225_152052,10,21.0000,120.0000,blue_marlin,85,2.54,26.0,0.3388,5000,0.0,3617,50,113,0.0,0.0,0.0,40,30,51,0.322,54,98,公海
2026-02-25 15:20:52,20260225_152052,11,20.7500,120.5000,skipjack,84,1.79,27.4,0.2608,4354,0.0,1907,80,155,0.0,0.0,0.0,58,48,71,0.373,30,112,菲律賓EEZ
2026-02-25 15:20:52,20260225_152052,12,25.2500,124.2500,albacore,82,3.05,25.2,0.1452,2067,0.0,1944,88,207,0.0,0.0,0.105,27,21,36,0.771,95,271,公海
2026-02-25 15:20:52,20260225_152052,13,20.5000,120.2500,blue_marlin,82,2.56,26.0,0.3067,4692,0.0,2794,57,114,0.0,0.0,0.0,39,30,50,0.315,54,127,菲律賓EEZ
2026-02-25 15:20:52,20260225_152052,14,20.0000,120.5000,blue_marlin,81,2.58,25.9,0.2491,3798,0.0,3861,35,119,0.0,0.0,0.0,37,29,49,0.297,54,157,菲律賓EEZ
2026-02-25 15:20:52,20260225_152052,15,21.5000,123.0000,mahi_mahi,81,2.66,25.3,0.0911,1327,0.0,5004,12,216,0.333,0.0,0.0,37,28,48,0.821,30,165,台灣EEZ
2026-02-25 15:20:52,20260225_152052,16,22.0000,122.7500,mahi_mahi,80,2.53,26.3,0.1107,1719,0.0,4019,13,216,0.333,0.0,0.0,37,29,48,0.858,30,142,台灣EEZ
2026-02-25 15:20:52,20260225_152052,17,20.0000,120.7500,yellowfin,68,2.47,26.7,0.2186,3506,0.0,2622,44,106,0.0,0.0,0.0,42,33,53,0.326,55,159,菲律賓EEZ
2026-02-25 15:20:52,20260225_152052,18,20.0000,120.0000,mahi_mahi,59,2.53,26.5,0.2704,4282,0.0,3624,20,90,0.0,0.0,0.148,28,21,36,0.241,30,157,菲律賓EEZ
2026-02-25 15:20:52,20260225_152052,19,20.7500,120.0000,mackerel_scad,52,2.58,25.6,0.3520,5000,0.0,3516,41,97,0.0,0.0,0.0,24,19,32,0.303,40,113,菲律賓EEZ
2026-02-25 15:20:52,20260225_152052,20,20.2500,120.0000,mackerel_scad,50,2.57,25.9,0.2825,4326,0.0,3520,36,98,0.0,0.0,0.112,23,17,30,0.262,40,142,菲律賓EEZ
2026-02-25 15:49:04,20260225_154904,1,6.2500,125.7500,yellowfin,90,2.14,28.6,0.1774,3390,0.0,890,24,143,0.41,0.011,1.0,53,43,66,0.192,57,1027,菲律賓EEZ
2026-02-25 15:49:04,20260225_154904,2,6.7500,126.0000,yellowfin,90,2.19,28.5,0.1474,2783,0.0,920,48,150,0.578,0.0,1.0,54,43,68,0.188,81,1003,菲律賓EEZ
2026-02-25 15:49:04,20260225_154904,3,6.7500,126.5000,yellowfin,90,2.24,28.3,0.0901,1685,0.0,1280,46,135,0.333,0.0,0.0,54,42,67,0.232,81,1012,菲律賓EEZ
2026-02-25 15:49:04,20260225_154904,4,9.0000,126.2500,bigeye,90,5.67,24.4,1.0798,5000,0.0,1311,30,150,0.667,0.0,1.0,36,28,47,0.082,211,881,菲律賓EEZ
2026-02-25 15:49:04,20260225_154904,5,10.7500,125.7500,bigeye,90,5.32,24.4,0.1468,2115,0.0,913,30,150,0.764,0.0,1.0,36,28,45,0.022,211,773,菲律賓EEZ
2026-02-25 15:49:04,20260225_154904,6,18.7500,139.7500,bigeye,90,5.40,25.3,0.0884,1304,0.0,5062,120,210,0.667,0.0,0.957,36,28,47,0.703,213,1103,公海
2026-02-25 15:49:04,20260225_154904,7,5.0000,128.5000,skipjack,90,1.63,28.9,0.0000,nan,0.0,5536,28,99,0.0,0.0,0.919,58,48,71,0.571,30,1150,公海
2026-02-25 15:49:04,20260225_154904,8,5.0000,129.7500,skipjack,90,1.64,29.0,0.0000,nan,0.0,5058,25,140,0.0,0.0,0.0,59,47,72,0.647,30,1180,公海
2026-02-25 15:49:04,20260225_154904,9,5.0000,138.5000,skipjack,90,1.59,29.6,0.0000,nan,0.0,3716,32,201,0.0,0.0,0.0,56,47,68,0.188,30,1461,密克羅尼西亞EEZ
2026-02-25 15:49:04,20260225_154904,10,20.7500,129.7500,albacore,90,3.29,24.0,0.1268,1709,0.0,5588,19,180,0.667,0.0,0.989,29,22,40,0.135,94,536,公海
2026-02-25 15:49:04,20260225_154904,11,21.2500,129.7500,albacore,90,3.40,23.1,0.0884,1124,0.0,5466,16,181,0.667,0.0,0.0,30,23,40,0.148,93,531,公海
2026-02-25 15:49:04,20260225_154904,12,22.5000,136.0000,albacore,90,3.15,24.5,0.0884,1218,0.0,5310,62,173,0.667,0.0,0.0,30,23,40,0.248,126,871,公海
2026-02-25 15:49:04,20260225_154904,13,11.0000,125.7500,japanese_flying_squid,90,2.60,24.4,0.0884,1272,0.0,1408,30,150,0.764,0.0,1.0,40,28,54,0.018,84,760,菲律賓EEZ
2026-02-25 15:49:04,20260225_154904,14,13.7500,120.2500,japanese_flying_squid,90,2.69,24.4,0.0884,1259,0.0,1161,30,150,0.462,0.0,0.0,40,30,56,0.004,84,532,菲律賓EEZ
2026-02-25 15:49:04,20260225_154904,15,18.2500,122.2500,japanese_flying_squid,90,2.77,24.4,0.0884,1237,0.0,1112,30,150,0.333,0.0,0.0,39,29,52,0.224,84,283,菲律賓EEZ
2026-02-25 15:49:04,20260225_154904,16,25.7500,141.2500,pacific_saury,90,3.19,21.9,0.1641,1889,0.0,2363,20,78,0.333,0.0,0.751,41,30,55,0.144,30,1177,日本EEZ
2026-02-25 15:49:04,20260225_154904,17,25.7500,143.5000,pacific_saury,90,3.36,20.7,0.1597,1708,0.0,2296,76,87,0.518,0.0,0.0,41,30,55,0.106,30,1300,日本EEZ
2026-02-25 15:49:04,20260225_154904,18,25.7500,144.0000,pacific_saury,90,3.42,20.4,0.2137,2241,0.0,1449,39,38,0.36,0.0,0.0,41,31,55,0.096,30,1327,日本EEZ
2026-02-25 15:49:04,20260225_154904,19,7.2500,126.7500,yellowfin,90,2.24,28.4,0.2638,4936,0.0,2856,59,135,0.333,0.0,1.0,52,42,65,0.217,81,989,菲律賓EEZ
2026-02-25 15:49:04,20260225_154904,20,7.2500,134.2500,yellowfin,90,2.30,29.4,0.0845,1688,0.0,2792,13,13,0.333,0.0,0.0,53,42,65,0.208,58,1203,帛琉EEZ
2026-02-25 16:14:57,20260225_161457,1,6.2500,125.7500,yellowfin,90,2.14,28.6,0.1774,3390,0.0,890,24,143,0.41,0.011,1.0,48,39,61,0.192,57,1027,菲律賓EEZ
2026-02-25 16:14:57,20260225_161457,2,6.7500,126.0000,yellowfin,90,2.19,28.5,0.1474,2783,0.0,920,48,150,0.578,0.0,1.0,53,42,67,0.188,81,1003,菲律賓EEZ
2026-02-25 16:14:57,20260225_161457,3,6.7500,126.5000,yellowfin,90,2.24,28.3,0.0901,1685,0.0,1280,46,135,0.333,0.0,0.0,51,40,65,0.232,81,1012,菲律賓EEZ
2026-02-25 16:14:57,20260225_161457,4,9.0000,126.2500,bigeye,90,5.67,24.4,1.0798,5000,0.0,1311,30,150,0.667,0.0,1.0,36,28,48,0.082,211,881,菲律賓EEZ
2026-02-25 16:14:57,20260225_161457,5,10.7500,125.7500,bigeye,90,5.32,24.4,0.1468,2115,0.0,913,30,150,0.764,0.0,1.0,37,28,48,0.022,211,773,菲律賓EEZ
2026-02-25 16:14:57,20260225_161457,6,18.5000,129.0000,bigeye,90,5.59,24.7,0.0884,1257,0.0,5591,42,211,0.333,0.0,0.0,36,28,47,0.090,212,542,公海
2026-02-25 16:14:57,20260225_161457,7,5.0000,128.5000,skipjack,90,1.63,28.9,0.0000,nan,0.0,5536,28,99,0.0,0.0,0.919,56,47,66,0.571,30,1150,公海
2026-02-25 16:14:57,20260225_161457,8,5.0000,129.7500,skipjack,90,1.64,29.0,0.0000,nan,0.0,5058,25,140,0.0,0.0,0.0,57,47,69,0.647,30,1180,公海
2026-02-25 16:14:57,20260225_161457,9,5.0000,138.5000,skipjack,90,1.59,29.6,0.0000,nan,0.0,3716,32,201,0.0,0.0,0.0,57,47,69,0.188,30,1461,密克羅尼西亞EEZ
2026-02-25 16:14:57,20260225_161457,10,20.7500,129.7500,albacore,90,3.29,24.0,0.1268,1709,0.0,5588,19,180,0.667,0.0,0.989,30,22,40,0.135,94,536,公海
2026-02-25 16:14:57,20260225_161457,11,21.2500,129.7500,albacore,90,3.40,23.1,0.0884,1124,0.0,5466,16,181,0.667,0.0,0.0,29,22,39,0.148,93,531,公海
2026-02-25 16:14:57,20260225_161457,12,22.5000,136.0000,albacore,90,3.15,24.5,0.0884,1218,0.0,5310,62,173,0.667,0.0,0.0,29,22,40,0.248,126,871,公海
2026-02-25 16:14:57,20260225_161457,19,7.2500,126.7500,yellowfin,90,2.24,28.4,0.2638,4936,0.0,2856,59,135,0.333,0.0,1.0,51,40,65,0.217,81,989,菲律賓EEZ
2026-02-25 16:14:57,20260225_161457,20,7.2500,134.2500,yellowfin,90,2.30,29.4,0.0845,1688,0.0,2792,13,13,0.333,0.0,0.0,51,41,65,0.208,58,1203,帛琉EEZ
2026-02-25 16:14:57,20260225_161457,13,28.2500,134.0000,japanese_flying_squid,9,2.88,20.2,0.1113,1140,0.0,3938,31,23,0.333,0.0,0.09,5,3,6,0.310,79,832,公海
2026-02-25 16:14:57,20260225_161457,14,29.0000,133.2500,japanese_flying_squid,9,2.90,20.1,0.0837,847,0.0,3896,41,24,0.333,0.0,0.0,4,3,6,0.345,79,814,公海
2026-02-25 16:14:57,20260225_161457,15,29.5000,153.2500,japanese_flying_squid,9,3.19,19.0,0.3078,2897,0.0,3594,34,0,0.333,0.0,0.0,5,3,6,0.009,77,1872,公海
2026-02-25 16:14:57,20260225_161457,16,25.7500,143.7500,pacific_saury,9,4.00,20.4,0.1907,1996,0.0,1873,55,51,0.462,0.0,0.0,5,3,6,0.101,30,1314,日本EEZ
2026-02-25 16:14:57,20260225_161457,17,26.0000,143.2500,pacific_saury,9,3.93,20.9,0.1666,1797,0.0,2592,47,62,0.64,0.0,0.0,5,3,6,0.100,30,1288,日本EEZ
2026-02-25 16:14:57,20260225_161457,18,26.7500,143.5000,pacific_saury,9,4.04,20.4,0.2057,2140,0.0,6286,90,76,0.571,0.0,0.0,5,3,6,0.067,30,1310,日本EEZ
2026-02-25 16:26:34,20260225_162634,1,6.2500,125.7500,yellowfin,90,2.14,28.6,0.1774,3390,0.0,890,24,143,0.41,0.011,1.0,50,40,66,0.192,57,1027,菲律賓EEZ
2026-02-25 16:26:34,20260225_162634,2,6.7500,126.0000,yellowfin,90,2.19,28.5,0.1474,2783,0.0,920,48,150,0.578,0.0,1.0,51,39,63,0.188,81,1003,菲律賓EEZ
2026-02-25 16:26:34,20260225_162634,3,6.7500,126.5000,yellowfin,90,2.24,28.3,0.0901,1685,0.0,1280,46,135,0.333,0.0,0.0,53,41,67,0.232,81,1012,菲律賓EEZ
2026-02-25 16:26:34,20260225_162634,4,9.0000,126.2500,bigeye,90,5.67,24.4,1.0798,5000,0.0,1311,30,150,0.667,0.0,1.0,35,27,46,0.082,211,881,菲律賓EEZ
2026-02-25 16:26:34,20260225_162634,5,10.7500,125.7500,bigeye,90,5.32,24.4,0.1468,2115,0.0,913,30,150,0.764,0.0,1.0,36,28,48,0.022,211,773,菲律賓EEZ
2026-02-25 16:26:34,20260225_162634,6,18.5000,129.0000,bigeye,90,5.59,24.7,0.0884,1257,0.0,5591,42,211,0.333,0.0,0.0,35,27,46,0.090,212,542,公海
2026-02-25 16:26:34,20260225_162634,7,5.0000,128.5000,skipjack,90,1.63,28.9,0.0000,nan,0.0,5536,28,99,0.0,0.0,0.919,57,47,69,0.571,30,1150,公海
2026-02-25 16:26:34,20260225_162634,8,5.0000,129.7500,skipjack,90,1.64,29.0,0.0000,nan,0.0,5058,25,140,0.0,0.0,0.0,58,47,70,0.647,30,1180,公海
2026-02-25 16:26:34,20260225_162634,9,5.0000,138.5000,skipjack,90,1.59,29.6,0.0000,nan,0.0,3716,32,201,0.0,0.0,0.0,58,47,70,0.188,30,1461,密克羅尼西亞EEZ
2026-02-25 16:26:34,20260225_162634,10,20.7500,129.7500,albacore,90,3.29,24.0,0.1268,1709,0.0,5588,19,180,0.667,0.0,0.989,29,22,38,0.135,94,536,公海
2026-02-25 16:26:34,20260225_162634,11,21.2500,129.7500,albacore,90,3.40,23.1,0.0884,1124,0.0,5466,16,181,0.667,0.0,0.0,30,22,39,0.148,93,531,公海
2026-02-25 16:26:34,20260225_162634,12,22.5000,136.0000,albacore,90,3.15,24.5,0.0884,1218,0.0,5310,62,173,0.667,0.0,0.0,30,22,40,0.248,126,871,公海
2026-02-25 16:26:34,20260225_162634,19,7.2500,126.7500,yellowfin,90,2.24,28.4,0.2638,4936,0.0,2856,59,135,0.333,0.0,1.0,52,41,66,0.217,81,989,菲律賓EEZ
2026-02-25 16:26:34,20260225_162634,20,7.2500,134.2500,yellowfin,90,2.30,29.4,0.0845,1688,0.0,2792,13,13,0.333,0.0,0.0,50,40,64,0.208,58,1203,帛琉EEZ
2026-02-25 16:26:34,20260225_162634,13,28.2500,134.0000,japanese_flying_squid,9,2.88,20.2,0.1113,1140,0.0,3938,31,23,0.333,0.0,0.09,5,3,6,0.310,79,832,公海
2026-02-25 16:26:34,20260225_162634,14,29.0000,133.2500,japanese_flying_squid,9,2.90,20.1,0.0837,847,0.0,3896,41,24,0.333,0.0,0.0,5,3,6,0.345,79,814,公海
2026-02-25 16:26:34,20260225_162634,15,29.5000,153.2500,japanese_flying_squid,9,3.19,19.0,0.3078,2897,0.0,3594,34,0,0.333,0.0,0.0,4,3,6,0.009,77,1872,公海
2026-02-25 16:26:34,20260225_162634,16,25.7500,143.7500,pacific_saury,9,4.00,20.4,0.1907,1996,0.0,1873,55,51,0.462,0.0,0.0,5,3,6,0.101,30,1314,日本EEZ
2026-02-25 16:26:34,20260225_162634,17,26.0000,143.2500,pacific_saury,9,3.93,20.9,0.1666,1797,0.0,2592,47,62,0.64,0.0,0.0,5,4,6,0.100,30,1288,日本EEZ
2026-02-25 16:26:34,20260225_162634,18,26.7500,143.5000,pacific_saury,9,4.04,20.4,0.2057,2140,0.0,6286,90,76,0.571,0.0,0.0,5,4,6,0.067,30,1310,日本EEZ
2026-02-25 18:35:36,20260225_183536,1,6.2500,125.7500,yellowfin,90,2.14,28.6,0.1774,3390,0.0,890,24,143,0.41,0.011,1.0,49,40,62,0.192,57,1027,菲律賓EEZ
2026-02-25 18:35:36,20260225_183536,2,6.7500,126.0000,yellowfin,90,2.19,28.5,0.1474,2783,0.0,920,48,150,0.578,0.0,1.0,52,40,64,0.188,81,1003,菲律賓EEZ
2026-02-25 18:35:36,20260225_183536,3,6.7500,126.5000,yellowfin,90,2.24,28.3,0.0901,1685,0.0,1280,46,135,0.333,0.0,0.0,53,42,68,0.232,81,1012,菲律賓EEZ
2026-02-25 18:35:36,20260225_183536,4,9.0000,126.2500,bigeye,90,5.67,24.4,1.0798,5000,0.0,1311,30,150,0.667,0.0,1.0,35,27,46,0.082,211,881,菲律賓EEZ
2026-02-25 18:35:36,20260225_183536,5,10.7500,125.7500,bigeye,90,5.32,24.4,0.1468,2115,0.0,913,30,150,0.764,0.0,1.0,36,27,45,0.022,211,773,菲律賓EEZ
2026-02-25 18:35:36,20260225_183536,6,13.2500,124.2500,bigeye,90,4.91,27.8,0.0884,1569,0.0,908,88,176,0.667,0.0,0.0,36,28,46,0.006,220,603,菲律賓EEZ
2026-02-25 18:35:36,20260225_183536,7,5.0000,128.5000,skipjack,90,1.63,28.9,0.0000,nan,0.0,5536,28,99,0.0,0.0,0.919,54,45,66,0.571,30,1150,公海
2026-02-25 18:35:36,20260225_183536,8,5.0000,129.7500,skipjack,90,1.64,29.0,0.0000,nan,0.0,5058,25,140,0.0,0.0,0.0,54,44,67,0.647,30,1180,公海
2026-02-25 18:35:36,20260225_183536,9,5.0000,138.5000,skipjack,90,1.59,29.6,0.0000,nan,0.0,3716,32,201,0.0,0.0,0.0,58,47,70,0.188,30,1461,密克羅尼西亞EEZ
2026-02-25 18:35:36,20260225_183536,10,20.7500,129.7500,albacore,90,3.29,24.0,0.1268,1709,0.0,5588,19,180,0.667,0.0,0.989,30,23,40,0.135,94,536,公海
2026-02-25 18:35:36,20260225_183536,11,21.2500,129.7500,albacore,90,3.40,23.1,0.0884,1124,0.0,5466,16,181,0.667,0.0,0.0,30,22,40,0.148,93,531,公海
2026-02-25 18:35:36,20260225_183536,12,22.5000,133.7500,albacore,90,3.21,24.1,0.0884,1191,0.0,5562,67,163,0.667,0.0,0.0,30,21,40,0.125,125,746,公海
2026-02-25 18:35:36,20260225_183536,19,7.2500,126.7500,yellowfin,90,2.24,28.4,0.2638,4936,0.0,2856,59,135,0.333,0.0,1.0,48,38,63,0.217,81,989,菲律賓EEZ
2026-02-25 18:35:36,20260225_183536,20,7.2500,134.2500,yellowfin,90,2.30,29.4,0.0845,1688,0.0,2792,13,13,0.333,0.0,0.0,55,43,68,0.208,58,1203,帛琉EEZ
2026-02-25 18:35:36,20260225_183536,13,29.7500,131.2500,japanese_flying_squid,9,2.87,20.4,0.1644,1688,0.0,2795,79,75,0.333,0.0,0.0,4,3,6,0.178,79,744,公海
2026-02-25 18:35:36,20260225_183536,14,32.2500,128.2500,japanese_flying_squid,9,3.36,17.8,0.1735,1478,0.0,201,95,0,0.36,0.0,0.0,5,3,6,0.018,76,728,公海
2026-02-25 18:35:36,20260225_183536,16,25.7500,143.7500,pacific_saury,9,4.00,20.4,0.1907,1996,0.0,1873,55,51,0.462,0.0,0.0,4,3,6,0.101,30,1314,日本EEZ
2026-02-25 18:35:36,20260225_183536,17,26.0000,143.2500,pacific_saury,9,3.93,20.9,0.1666,1797,0.0,2592,47,62,0.64,0.0,0.0,5,3,6,0.100,30,1288,日本EEZ
2026-02-25 18:35:36,20260225_183536,18,26.7500,143.5000,pacific_saury,9,4.04,20.4,0.2057,2140,0.0,6286,90,76,0.571,0.0,0.0,5,3,6,0.067,30,1310,日本EEZ
2026-02-25 19:05:51,20260225_190551,1,5.2500,132.7500,yellowfin,90,2.12,29.8,0.1071,2202,0.0,3540,28,165,0.0,0.0,0.0,52,42,66,0.434,65,1250,帛琉EEZ
2026-02-25 19:05:51,20260225_190551,2,5.2500,133.2500,yellowfin,90,2.12,29.8,0.0647,1332,0.0,4041,32,157,0.0,0.0,0.0,51,41,63,0.377,75,1265,帛琉EEZ
2026-02-25 19:05:51,20260225_190551,3,5.2500,133.7500,yellowfin,90,2.14,29.6,0.0714,1457,0.0,4419,66,152,0.0,0.0,0.2,50,41,63,0.322,84,1281,帛琉EEZ
2026-02-25 19:05:51,20260225_190551,4,9.0000,126.2500,bigeye,90,5.67,24.4,1.0798,5000,0.0,1311,30,150,0.515,0.0,1.0,35,28,45,0.082,211,881,菲律賓EEZ
2026-02-25 19:05:51,20260225_190551,5,10.7500,125.7500,bigeye,90,5.32,24.4,0.1468,2115,0.0,913,30,150,0.764,0.0,1.0,34,27,46,0.022,211,773,菲律賓EEZ
2026-02-25 19:05:51,20260225_190551,6,18.2500,122.2500,bigeye,90,5.66,24.4,0.0884,1237,0.0,1112,30,150,0.314,0.0,0.0,36,29,46,0.224,240,283,菲律賓EEZ
2026-02-25 19:05:51,20260225_190551,7,5.0000,128.5000,skipjack,90,1.63,28.9,0.0000,nan,0.0,5536,28,99,0.0,0.0,0.919,56,45,67,0.571,30,1150,公海
2026-02-25 19:05:51,20260225_190551,8,5.0000,129.7500,skipjack,90,1.64,29.0,0.0000,nan,0.0,5058,25,140,0.0,0.0,0.0,58,48,70,0.647,30,1180,公海
2026-02-25 19:05:51,20260225_190551,9,5.0000,133.2500,skipjack,90,1.57,29.8,0.0000,nan,0.0,3924,38,167,0.0,0.0,0.124,57,47,71,0.385,30,1278,帛琉EEZ
2026-02-25 19:05:51,20260225_190551,10,20.7500,129.7500,albacore,90,3.29,24.0,0.1268,1709,0.0,5588,19,180,0.5,0.0,0.989,29,21,40,0.135,94,536,公海
2026-02-25 19:05:51,20260225_190551,11,21.2500,129.7500,albacore,90,3.40,23.1,0.0884,1124,0.0,5466,16,181,0.5,0.0,0.0,29,22,39,0.148,93,531,公海
2026-02-25 19:05:51,20260225_190551,12,22.5000,136.0000,albacore,90,3.15,24.5,0.0884,1218,0.0,5310,62,173,0.5,0.0,0.0,30,22,39,0.248,126,871,公海
2026-02-25 19:05:51,20260225_190551,19,5.2500,134.2500,yellowfin,90,2.15,29.5,0.0853,1721,0.0,4294,60,150,0.0,0.0,0.256,52,41,64,0.273,84,1298,帛琉EEZ
2026-02-25 19:05:51,20260225_190551,20,6.2500,125.7500,yellowfin,90,2.14,28.6,0.1774,3390,0.0,890,24,143,0.41,0.011,1.0,54,43,67,0.192,57,1027,菲律賓EEZ
2026-02-25 19:05:51,20260225_190551,13,29.7500,131.2500,japanese_flying_squid,9,2.87,20.4,0.1644,1688,0.0,2795,79,75,0.25,0.0,0.0,4,3,6,0.178,79,744,公海
2026-02-25 19:05:51,20260225_190551,14,32.2500,128.2500,japanese_flying_squid,9,3.36,17.8,0.1735,1478,0.0,201,95,0,0.36,0.0,0.0,5,3,6,0.018,76,728,公海
2026-02-25 19:05:51,20260225_190551,15,32.2500,173.0000,japanese_flying_squid,9,3.70,16.4,0.0884,689,0.0,2447,213,0,0.0,0.0,0.0,4,3,6,0.113,79,2977,公海
2026-02-25 19:05:51,20260225_190551,16,25.7500,143.7500,pacific_saury,9,4.00,20.4,0.1907,1996,0.0,1873,55,51,0.462,0.0,0.0,5,3,6,0.101,30,1314,日本EEZ
2026-02-25 19:05:51,20260225_190551,17,26.0000,143.2500,pacific_saury,9,3.93,20.9,0.1666,1797,0.0,2592,47,62,0.64,0.0,0.0,5,3,6,0.100,30,1288,日本EEZ
2026-02-25 19:05:51,20260225_190551,18,26.7500,143.5000,pacific_saury,9,4.04,20.4,0.2057,2140,0.0,6286,90,76,0.571,0.0,0.0,5,3,6,0.067,30,1310,日本EEZ
2026-02-25 19:16:50,20260225_191650,1,5.2500,132.7500,yellowfin,90,2.12,29.8,0.1071,2202,0.0,3540,28,165,0.117,0.0,0.0,52,42,65,0.434,65,1250,帛琉EEZ
2026-02-25 19:16:50,20260225_191650,2,6.2500,125.7500,yellowfin,90,2.14,28.6,0.1774,3390,0.0,890,24,143,0.479,0.011,1.0,50,40,66,0.192,57,1027,菲律賓EEZ
2026-02-25 19:16:50,20260225_191650,3,6.5000,158.2500,yellowfin,90,2.12,29.4,0.1027,2050,0.0,3590,96,158,0.21,0.0,1.0,51,41,64,0.729,83,2315,密克羅尼西亞EEZ
2026-02-25 19:16:50,20260225_191650,4,9.0000,126.2500,bigeye,90,5.67,24.4,1.0798,5000,0.0,1311,30,150,1.0,0.0,1.0,36,28,46,0.082,211,881,菲律賓EEZ
2026-02-25 19:16:50,20260225_191650,5,9.5000,126.2500,bigeye,90,4.84,28.2,0.2943,5000,0.0,2339,59,174,0.75,0.0,1.0,36,28,47,0.062,221,853,菲律賓EEZ
2026-02-25 19:16:50,20260225_191650,6,10.7500,125.7500,bigeye,90,5.32,24.4,0.1468,2115,0.0,913,30,150,0.868,0.0,1.0,36,28,47,0.022,211,773,菲律賓EEZ
2026-02-25 19:16:50,20260225_191650,7,5.0000,128.5000,skipjack,90,1.63,28.9,0.0000,nan,0.0,5536,28,99,0.483,0.0,0.919,54,45,67,0.571,30,1150,公海
2026-02-25 19:16:50,20260225_191650,8,5.0000,129.7500,skipjack,90,1.64,29.0,0.0000,nan,0.0,5058,25,140,0.442,0.0,0.0,57,47,69,0.647,30,1180,公海
2026-02-25 19:16:50,20260225_191650,9,5.0000,138.5000,skipjack,90,1.59,29.6,0.0000,nan,0.0,3716,32,201,0.45,0.0,0.0,56,46,67,0.188,30,1461,密克羅尼西亞EEZ
2026-02-25 19:16:50,20260225_191650,10,20.7500,129.7500,albacore,90,3.29,24.0,0.1268,1709,0.0,5588,19,180,0.517,0.0,0.989,30,22,40,0.135,94,536,公海
2026-02-25 19:16:50,20260225_191650,11,21.2500,129.7500,albacore,90,3.40,23.1,0.0884,1124,0.0,5466,16,181,0.509,0.0,0.0,30,23,41,0.148,93,531,公海
2026-02-25 19:16:50,20260225_191650,12,22.5000,136.2500,albacore,90,3.25,23.9,0.0884,1176,0.0,5110,54,176,0.511,0.0,0.328,29,22,39,0.264,112,885,公海
2026-02-25 19:16:50,20260225_191650,19,6.7500,126.0000,yellowfin,90,2.19,28.5,0.1474,2783,0.0,920,48,150,0.619,0.0,1.0,51,40,64,0.188,81,1003,菲律賓EEZ
2026-02-25 19:16:50,20260225_191650,20,6.7500,126.5000,yellowfin,90,2.24,28.3,0.0901,1685,0.0,1280,46,135,0.491,0.0,0.0,51,40,65,0.232,81,1012,菲律賓EEZ
2026-02-25 19:16:50,20260225_191650,13,29.7500,131.2500,japanese_flying_squid,9,2.87,20.4,0.1644,1688,0.0,2795,79,75,0.616,0.0,0.0,4,3,6,0.178,79,744,公海
2026-02-25 19:16:50,20260225_191650,14,32.2500,128.2500,japanese_flying_squid,9,3.36,17.8,0.1735,1478,0.0,201,95,0,0.627,0.0,0.0,5,3,6,0.018,76,728,公海
2026-02-25 19:16:50,20260225_191650,16,25.7500,143.7500,pacific_saury,9,4.00,20.4,0.1907,1996,0.0,1873,55,51,0.576,0.0,0.0,5,3,6,0.101,30,1314,日本EEZ
2026-02-25 19:16:50,20260225_191650,17,27.0000,140.5000,pacific_saury,9,3.94,20.7,0.2116,2241,0.0,3108,45,53,0.342,0.0,0.0,5,3,6,0.096,30,1150,日本EEZ
2026-02-25 19:16:50,20260225_191650,18,27.0000,142.7500,pacific_saury,9,4.03,20.3,0.2083,2153,0.0,3715,93,63,0.546,0.0,0.0,5,3,6,0.068,30,1272,日本EEZ
2026-02-25 19:58:59,20260225_195859,1,5.2500,132.2500,yellowfin,90,2.11,29.8,0.0884,1826,0.0,4038,23,167,0.124,0.0,0.0,52,42,66,0.491,59,1235,帛琉EEZ
2026-02-25 19:58:59,20260225_195859,2,5.2500,132.7500,yellowfin,90,2.12,29.8,0.1071,2202,0.0,3540,28,165,0.117,0.0,0.0,52,41,65,0.434,65,1250,帛琉EEZ
2026-02-25 19:58:59,20260225_195859,3,5.2500,133.2500,yellowfin,90,2.12,29.8,0.0647,1332,0.0,4041,32,157,0.086,0.0,0.0,49,39,62,0.377,75,1265,帛琉EEZ
2026-02-25 19:58:59,20260225_195859,4,8.7500,126.5000,bigeye,90,4.85,28.2,0.5223,5000,0.0,1715,66,159,0.624,0.0,1.0,36,27,47,0.104,221,900,菲律賓EEZ
2026-02-25 19:58:59,20260225_195859,5,9.2500,126.5000,bigeye,90,4.83,28.2,0.4897,5000,0.0,3694,71,158,0.75,0.0,0.0,35,27,46,0.079,221,872,菲律賓EEZ
2026-02-25 19:58:59,20260225_195859,6,9.7500,126.2500,bigeye,90,4.85,28.1,0.3601,5000,0.0,2709,67,164,0.616,0.0,0.0,35,27,46,0.053,220,840,菲律賓EEZ
2026-02-25 19:58:59,20260225_195859,7,5.0000,128.5000,skipjack,90,1.63,28.9,0.0000,nan,0.0,5536,28,99,0.483,0.0,0.919,56,47,67,0.571,30,1150,公海
2026-02-25 19:58:59,20260225_195859,8,5.0000,129.5000,skipjack,90,1.64,29.1,0.0000,nan,0.0,5068,20,139,0.432,0.0,0.0,57,47,69,0.640,30,1174,公海
2026-02-25 19:58:59,20260225_195859,9,5.0000,130.0000,skipjack,90,1.61,29.3,0.0000,nan,0.0,5047,12,142,0.535,0.0,1.0,55,44,66,0.650,30,1186,帛琉EEZ
2026-02-25 19:58:59,20260225_195859,10,25.2500,124.2500,albacore,90,3.05,25.2,0.1452,2067,0.0,1944,88,207,0.351,0.0,0.664,30,22,39,0.757,128,271,公海
2026-02-25 19:58:59,20260225_195859,11,25.2500,124.7500,albacore,90,3.19,24.2,0.1516,2024,0.0,1850,93,219,0.379,0.0,0.0,30,23,39,0.736,125,294,公海
2026-02-25 19:58:59,20260225_195859,12,25.2500,125.2500,albacore,90,3.28,23.6,0.1532,1973,0.0,1276,102,214,0.093,0.0,0.692,29,21,38,0.697,124,318,公海
2026-02-25 19:58:59,20260225_195859,19,5.2500,133.7500,yellowfin,90,2.14,29.6,0.0714,1457,0.0,4419,66,152,0.103,0.0,0.2,52,42,66,0.322,84,1281,帛琉EEZ
2026-02-25 19:58:59,20260225_195859,20,5.2500,134.2500,yellowfin,90,2.15,29.5,0.0853,1721,0.0,4294,60,150,0.102,0.0,0.256,56,44,70,0.273,84,1298,帛琉EEZ
2026-02-25 19:58:59,20260225_195859,13,29.7500,131.2500,japanese_flying_squid,9,2.87,20.4,0.1644,1688,0.0,2795,79,75,0.616,0.0,0.0,4,3,6,0.178,79,744,公海
2026-02-25 19:58:59,20260225_195859,14,31.5000,128.5000,japanese_flying_squid,9,3.13,19.1,0.0884,821,0.0,529,133,0,0.055,0.0,0.0,4,3,6,0.027,77,701,公海
2026-02-25 19:58:59,20260225_195859,15,31.5000,133.2500,japanese_flying_squid,9,2.95,19.8,0.0884,857,0.0,4092,167,0,0.261,0.0,0.0,4,3,6,0.476,78,895,日本EEZ
2026-02-25 19:58:59,20260225_195859,16,27.0000,143.5000,pacific_saury,9,4.07,20.2,0.1738,1782,0.0,7648,47,37,0.514,0.0,0.0,5,3,6,0.059,30,1313,日本EEZ
2026-02-25 19:58:59,20260225_195859,17,28.2500,133.7500,pacific_saury,9,3.89,20.9,0.1029,1101,0.0,4199,35,76,0.262,0.0,0.0,5,3,6,0.296,30,819,公海
2026-02-25 19:58:59,20260225_195859,18,28.2500,146.0000,pacific_saury,9,3.99,20.3,0.2768,2843,0.0,5348,60,42,0.303,0.0,0.0,5,3,6,0.016,30,1464,公海
2026-02-25 20:11:43,20260225_201143,1,5.2500,132.2500,yellowfin,90,2.11,29.8,0.0884,1826,0.0,4038,23,167,0.124,0.0,0.0,54,43,68,0.491,59,1235,帛琉EEZ
2026-02-25 20:11:43,20260225_201143,2,5.2500,132.7500,yellowfin,90,2.12,29.8,0.1071,2202,0.0,3540,28,165,0.117,0.0,0.0,53,42,68,0.434,65,1250,帛琉EEZ
2026-02-25 20:11:43,20260225_201143,3,5.2500,133.2500,yellowfin,90,2.12,29.8,0.0647,1332,0.0,4041,32,157,0.086,0.0,0.0,50,39,64,0.377,75,1265,帛琉EEZ
2026-02-25 20:11:43,20260225_201143,4,9.0000,126.2500,bigeye,90,5.67,24.4,1.0798,5000,0.0,1311,30,150,1.0,0.0,1.0,36,27,48,0.082,211,881,菲律賓EEZ
2026-02-25 20:11:43,20260225_201143,5,10.7500,125.7500,bigeye,90,5.32,24.4,0.1468,2115,0.0,913,30,150,0.868,0.0,1.0,37,28,46,0.022,211,773,菲律賓EEZ
2026-02-25 20:11:43,20260225_201143,6,18.2500,122.2500,bigeye,90,5.66,24.4,0.0884,1237,0.0,1112,30,150,0.321,0.0,0.0,36,28,46,0.224,240,283,菲律賓EEZ
2026-02-25 20:11:43,20260225_201143,7,5.0000,128.5000,skipjack,90,1.63,28.9,0.0000,nan,0.0,5536,28,99,0.483,0.0,0.919,55,46,67,0.571,30,1150,公海
2026-02-25 20:11:43,20260225_201143,8,5.0000,129.0000,skipjack,90,1.62,29.1,0.0000,nan,0.0,5017,24,134,0.347,0.0,1.0,58,47,71,0.613,30,1162,公海
2026-02-25 20:11:43,20260225_201143,9,5.0000,129.5000,skipjack,90,1.64,29.1,0.0000,nan,0.0,5068,20,139,0.432,0.0,0.0,56,46,70,0.640,30,1174,公海
2026-02-25 20:11:43,20260225_201143,10,23.2500,134.0000,albacore,90,3.52,22.5,0.0629,763,0.0,4607,22,150,0.537,0.0,0.381,30,22,39,0.117,92,761,公海
2026-02-25 20:11:43,20260225_201143,11,25.0000,141.5000,albacore,90,3.38,23.3,0.1364,1726,0.0,2435,30,157,0.291,0.0,1.0,30,22,39,0.189,93,1184,日本EEZ
2026-02-25 20:11:43,20260225_201143,12,25.2500,125.0000,albacore,90,3.24,23.9,0.1568,2052,0.0,1721,95,223,0.415,0.0,0.0,31,23,40,0.719,125,306,公海
2026-02-25 20:11:43,20260225_201143,19,5.2500,133.7500,yellowfin,90,2.14,29.6,0.0714,1457,0.0,4419,66,152,0.103,0.0,0.2,53,42,67,0.322,84,1281,帛琉EEZ
2026-02-25 20:11:43,20260225_201143,20,5.2500,134.2500,yellowfin,90,2.15,29.5,0.0853,1721,0.0,4294,60,150,0.102,0.0,0.256,55,44,69,0.273,84,1298,帛琉EEZ
2026-02-25 20:11:43,20260225_201143,13,29.7500,131.2500,japanese_flying_squid,9,2.87,20.4,0.1644,1688,0.0,2795,79,75,0.616,0.0,0.0,4,3,6,0.178,79,744,公海
2026-02-25 20:11:43,20260225_201143,14,32.2500,128.2500,japanese_flying_squid,9,3.36,17.8,0.1735,1478,0.0,201,95,0,0.627,0.0,0.0,4,3,6,0.018,76,728,公海
2026-02-25 20:11:43,20260225_201143,16,25.7500,143.7500,pacific_saury,9,4.00,20.4,0.1907,1996,0.0,1873,55,51,0.576,0.0,0.0,4,3,6,0.101,30,1314,日本EEZ
2026-02-25 20:11:43,20260225_201143,17,27.0000,140.5000,pacific_saury,9,3.94,20.7,0.2116,2241,0.0,3108,45,53,0.342,0.0,0.0,5,3,6,0.096,30,1150,日本EEZ
2026-02-25 20:11:43,20260225_201143,18,27.0000,142.7500,pacific_saury,9,4.03,20.3,0.2083,2153,0.0,3715,93,63,0.546,0.0,0.0,5,4,6,0.068,30,1272,日本EEZ
2026-02-25 20:26:06,20260225_202606,1,5.2500,132.2500,yellowfin,90,2.11,29.8,0.0884,1826,0.0,4038,23,167,0.124,0.0,0.0,53,42,67,0.491,59,1235,帛琉EEZ
2026-02-25 20:26:06,20260225_202606,2,5.2500,132.7500,yellowfin,90,2.12,29.8,0.1071,2202,0.0,3540,28,165,0.117,0.0,0.0,51,40,64,0.434,65,1250,帛琉EEZ
2026-02-25 20:26:06,20260225_202606,3,5.2500,133.2500,yellowfin,90,2.12,29.8,0.0647,1332,0.0,4041,32,157,0.086,0.0,0.0,52,41,65,0.377,75,1265,帛琉EEZ
2026-02-25 20:26:06,20260225_202606,4,9.0000,126.2500,bigeye,90,5.67,24.4,1.0798,5000,0.0,1311,30,150,1.0,0.0,1.0,37,28,47,0.082,211,881,菲律賓EEZ
2026-02-25 20:26:06,20260225_202606,5,10.7500,125.7500,bigeye,90,5.32,24.4,0.1468,2115,0.0,913,30,150,0.868,0.0,1.0,36,27,46,0.022,211,773,菲律賓EEZ
2026-02-25 20:26:06,20260225_202606,6,18.2500,122.2500,bigeye,90,5.66,24.4,0.0884,1237,0.0,1112,30,150,0.321,0.0,0.0,36,28,46,0.224,240,283,菲律賓EEZ
2026-02-25 20:26:06,20260225_202606,7,5.0000,128.5000,skipjack,90,1.63,28.9,0.0000,nan,0.0,5536,28,99,0.483,0.0,0.919,53,44,65,0.571,30,1150,公海
2026-02-25 20:26:06,20260225_202606,8,5.0000,129.0000,skipjack,90,1.62,29.1,0.0000,nan,0.0,5017,24,134,0.347,0.0,1.0,57,48,70,0.613,30,1162,公海
2026-02-25 20:26:06,20260225_202606,9,5.0000,129.5000,skipjack,90,1.64,29.1,0.0000,nan,0.0,5068,20,139,0.432,0.0,0.0,56,46,68,0.640,30,1174,公海
2026-02-25 20:26:06,20260225_202606,10,23.2500,134.0000,albacore,90,3.52,22.5,0.0629,763,0.0,4607,22,150,0.537,0.0,0.381,30,22,40,0.117,92,761,公海
2026-02-25 20:26:06,20260225_202606,11,25.0000,141.5000,albacore,90,3.38,23.3,0.1364,1726,0.0,2435,30,157,0.291,0.0,1.0,30,22,40,0.189,93,1184,日本EEZ
2026-02-25 20:26:06,20260225_202606,12,25.2500,125.0000,albacore,90,3.24,23.9,0.1568,2052,0.0,1721,95,223,0.415,0.0,0.0,29,22,39,0.719,125,306,公海
2026-02-25 20:26:06,20260225_202606,19,5.2500,133.7500,yellowfin,90,2.14,29.6,0.0714,1457,0.0,4419,66,152,0.103,0.0,0.2,52,41,65,0.322,84,1281,帛琉EEZ
2026-02-25 20:26:06,20260225_202606,20,5.2500,134.2500,yellowfin,90,2.15,29.5,0.0853,1721,0.0,4294,60,150,0.102,0.0,0.256,50,39,62,0.273,84,1298,帛琉EEZ
2026-02-25 20:26:06,20260225_202606,13,29.7500,131.2500,japanese_flying_squid,9,2.87,20.4,0.1644,1688,0.0,2795,79,75,0.616,0.0,0.0,4,3,6,0.178,79,744,公海
2026-02-25 20:26:06,20260225_202606,14,32.2500,128.2500,japanese_flying_squid,9,3.36,17.8,0.1735,1478,0.0,201,95,0,0.627,0.0,0.0,4,3,6,0.018,76,728,公海
2026-02-25 20:26:06,20260225_202606,16,25.7500,143.7500,pacific_saury,9,4.00,20.4,0.1907,1996,0.0,1873,55,51,0.576,0.0,0.0,4,3,6,0.101,30,1314,日本EEZ
2026-02-25 20:26:06,20260225_202606,17,27.0000,140.5000,pacific_saury,9,3.94,20.7,0.2116,2241,0.0,3108,45,53,0.342,0.0,0.0,5,3,6,0.096,30,1150,日本EEZ
2026-02-25 20:26:06,20260225_202606,18,27.0000,142.7500,pacific_saury,9,4.03,20.3,0.2083,2153,0.0,3715,93,63,0.546,0.0,0.0,4,3,6,0.068,30,1272,日本EEZ
2026-02-25 20:37:44,20260225_203744,1,5.2500,132.7500,yellowfin,90,2.12,29.8,0.1071,2202,0.0,3540,28,165,0.117,0.0,0.0,54,42,66,0.434,65,1250,帛琉EEZ
2026-02-25 20:37:44,20260225_203744,2,6.2500,125.7500,yellowfin,90,2.14,28.6,0.1774,3390,0.0,890,24,143,0.479,0.011,1.0,50,42,64,0.192,57,1027,菲律賓EEZ
2026-02-25 20:37:44,20260225_203744,3,6.5000,158.2500,yellowfin,90,2.12,29.4,0.1027,2050,0.0,3590,96,158,0.21,0.0,1.0,53,43,67,0.729,83,2315,密克羅尼西亞EEZ
2026-02-25 20:37:44,20260225_203744,4,9.0000,126.2500,bigeye,90,5.67,24.4,1.0798,5000,0.0,1311,30,150,1.0,0.0,1.0,37,28,47,0.082,211,881,菲律賓EEZ
2026-02-25 20:37:44,20260225_203744,5,9.5000,126.2500,bigeye,90,4.84,28.2,0.2943,5000,0.0,2339,59,174,0.75,0.0,1.0,36,27,45,0.062,221,853,菲律賓EEZ
2026-02-25 20:37:44,20260225_203744,6,10.7500,125.7500,bigeye,90,5.32,24.4,0.1468,2115,0.0,913,30,150,0.868,0.0,1.0,37,28,48,0.022,211,773,菲律賓EEZ
2026-02-25 20:37:44,20260225_203744,7,5.0000,128.5000,skipjack,90,1.63,28.9,0.0000,nan,0.0,5536,28,99,0.483,0.0,0.919,57,47,69,0.571,30,1150,公海
2026-02-25 20:37:44,20260225_203744,8,5.0000,129.7500,skipjack,90,1.64,29.0,0.0000,nan,0.0,5058,25,140,0.442,0.0,0.0,54,44,65,0.647,30,1180,公海
2026-02-25 20:37:44,20260225_203744,9,5.0000,138.5000,skipjack,90,1.59,29.6,0.0000,nan,0.0,3716,32,201,0.45,0.0,0.0,58,47,69,0.188,30,1461,密克羅尼西亞EEZ
2026-02-25 20:37:44,20260225_203744,10,20.7500,129.7500,albacore,90,3.29,24.0,0.1268,1709,0.0,5588,19,180,0.517,0.0,0.989,29,22,39,0.135,94,536,公海
2026-02-25 20:37:44,20260225_203744,11,21.2500,129.7500,albacore,90,3.40,23.1,0.0884,1124,0.0,5466,16,181,0.509,0.0,0.0,30,22,39,0.148,93,531,公海
2026-02-25 20:37:44,20260225_203744,12,22.5000,136.2500,albacore,90,3.25,23.9,0.0884,1176,0.0,5110,54,176,0.511,0.0,0.328,29,22,41,0.264,112,885,公海
2026-02-25 20:37:44,20260225_203744,19,6.7500,126.0000,yellowfin,90,2.19,28.5,0.1474,2783,0.0,920,48,150,0.619,0.0,1.0,53,42,67,0.188,81,1003,菲律賓EEZ
2026-02-25 20:37:44,20260225_203744,20,6.7500,126.5000,yellowfin,90,2.24,28.3,0.0901,1685,0.0,1280,46,135,0.491,0.0,0.0,54,43,66,0.232,81,1012,菲律賓EEZ
2026-02-25 20:37:44,20260225_203744,13,29.7500,131.2500,japanese_flying_squid,9,2.87,20.4,0.1644,1688,0.0,2795,79,75,0.616,0.0,0.0,5,3,6,0.178,79,744,公海
2026-02-25 20:37:44,20260225_203744,14,32.2500,128.2500,japanese_flying_squid,9,3.36,17.8,0.1735,1478,0.0,201,95,0,0.627,0.0,0.0,4,3,6,0.018,76,728,公海
2026-02-25 20:37:44,20260225_203744,16,25.7500,143.7500,pacific_saury,9,4.00,20.4,0.1907,1996,0.0,1873,55,51,0.576,0.0,0.0,4,3,6,0.101,30,1314,日本EEZ
2026-02-25 20:37:44,20260225_203744,17,26.0000,143.2500,pacific_saury,9,3.93,20.9,0.1666,1797,0.0,2592,47,62,0.702,0.0,0.0,5,3,6,0.100,30,1288,日本EEZ
2026-02-25 20:37:44,20260225_203744,18,27.0000,140.5000,pacific_saury,9,3.94,20.7,0.2116,2241,0.0,3108,45,53,0.342,0.0,0.0,4,3,6,0.096,30,1150,日本EEZ
2026-02-25 20:49:29,20260225_204929,1,5.2500,132.7500,yellowfin,90,2.12,29.8,0.1071,2202,0.0,3540,28,165,0.117,0.0,0.0,50,39,63,0.434,65,1250,帛琉EEZ
2026-02-25 20:49:29,20260225_204929,2,6.2500,125.7500,yellowfin,90,2.14,28.6,0.1774,3390,0.0,890,24,143,0.479,0.011,1.0,50,40,63,0.192,57,1027,菲律賓EEZ
2026-02-25 20:49:29,20260225_204929,3,6.5000,158.2500,yellowfin,90,2.12,29.4,0.1027,2050,0.0,3590,96,158,0.21,0.0,1.0,52,42,66,0.729,83,2315,密克羅尼西亞EEZ
2026-02-25 20:49:29,20260225_204929,4,9.0000,126.2500,bigeye,90,5.67,24.4,1.0798,5000,0.0,1311,30,150,1.0,0.0,1.0,37,29,47,0.082,211,881,菲律賓EEZ
2026-02-25 20:49:29,20260225_204929,5,9.5000,126.2500,bigeye,90,4.84,28.2,0.2943,5000,0.0,2339,59,174,0.75,0.0,1.0,35,27,46,0.062,221,853,菲律賓EEZ
2026-02-25 20:49:29,20260225_204929,6,10.7500,125.7500,bigeye,90,5.32,24.4,0.1468,2115,0.0,913,30,150,0.868,0.0,1.0,36,28,48,0.022,211,773,菲律賓EEZ
2026-02-25 20:49:29,20260225_204929,7,5.0000,128.5000,skipjack,90,1.63,28.9,0.0000,nan,0.0,5536,28,99,0.483,0.0,0.919,57,47,70,0.571,30,1150,公海
2026-02-25 20:49:29,20260225_204929,8,5.0000,129.7500,skipjack,90,1.64,29.0,0.0000,nan,0.0,5058,25,140,0.442,0.0,0.0,57,47,70,0.647,30,1180,公海
2026-02-25 20:49:29,20260225_204929,9,5.0000,138.5000,skipjack,90,1.59,29.6,0.0000,nan,0.0,3716,32,201,0.45,0.0,0.0,59,48,71,0.188,30,1461,密克羅尼西亞EEZ
2026-02-25 20:49:29,20260225_204929,10,20.7500,129.7500,albacore,90,3.29,24.0,0.1268,1709,0.0,5588,19,180,0.517,0.0,0.989,28,22,38,0.135,94,536,公海
2026-02-25 20:49:29,20260225_204929,11,21.2500,129.7500,albacore,90,3.40,23.1,0.0884,1124,0.0,5466,16,181,0.509,0.0,0.0,29,22,39,0.148,93,531,公海
2026-02-25 20:49:29,20260225_204929,12,22.5000,136.2500,albacore,90,3.25,23.9,0.0884,1176,0.0,5110,54,176,0.511,0.0,0.328,29,22,40,0.264,112,885,公海
2026-02-25 20:49:29,20260225_204929,19,6.7500,126.0000,yellowfin,90,2.19,28.5,0.1474,2783,0.0,920,48,150,0.619,0.0,1.0,50,41,63,0.188,81,1003,菲律賓EEZ
2026-02-25 20:49:29,20260225_204929,20,6.7500,126.5000,yellowfin,90,2.24,28.3,0.0901,1685,0.0,1280,46,135,0.491,0.0,0.0,53,42,68,0.232,81,1012,菲律賓EEZ
2026-02-25 20:49:29,20260225_204929,13,29.7500,131.2500,japanese_flying_squid,9,2.87,20.4,0.1644,1688,0.0,2795,79,75,0.616,0.0,0.0,4,3,6,0.178,79,744,公海
2026-02-25 20:49:29,20260225_204929,14,32.2500,128.2500,japanese_flying_squid,9,3.36,17.8,0.1735,1478,0.0,201,95,0,0.627,0.0,0.0,4,3,6,0.018,76,728,公海
2026-02-25 20:49:29,20260225_204929,16,25.7500,143.7500,pacific_saury,9,4.00,20.4,0.1907,1996,0.0,1873,55,51,0.576,0.0,0.0,5,3,6,0.101,30,1314,日本EEZ
2026-02-25 20:49:29,20260225_204929,17,26.0000,143.2500,pacific_saury,9,3.93,20.9,0.1666,1797,0.0,2592,47,62,0.702,0.0,0.0,5,3,6,0.100,30,1288,日本EEZ
2026-02-25 20:49:29,20260225_204929,18,27.0000,140.5000,pacific_saury,9,3.94,20.7,0.2116,2241,0.0,3108,45,53,0.342,0.0,0.0,4,3,6,0.096,30,1150,日本EEZ
2026-02-26 01:05:10,20260226_010510,1,5.2500,133.0000,yellowfin,90,2.12,29.8,0.0921,1893,0.0,3062,30,160,0.087,0.0,1.0,51,41,64,0.405,70,1258,帛琉EEZ
2026-02-26 01:05:10,20260226_010510,2,5.2500,134.0000,yellowfin,90,2.15,29.5,0.0835,1691,0.0,3817,60,151,0.109,0.0,0.913,53,42,66,0.297,84,1289,帛琉EEZ
2026-02-26 01:05:10,20260226_010510,3,5.2500,146.5000,yellowfin,90,2.09,29.8,0.0527,1089,0.0,4188,82,156,0.087,0.0,1.0,51,40,64,0.490,66,1787,密克羅尼西亞EEZ
2026-02-26 01:05:10,20260226_010510,4,8.7500,126.5000,bigeye,90,4.85,28.2,0.5223,5000,0.0,1715,66,159,0.624,0.0,1.0,36,28,47,0.104,221,900,菲律賓EEZ
2026-02-26 01:05:10,20260226_010510,5,9.2500,126.2500,bigeye,90,4.86,28.0,2.1865,5000,0.0,1825,66,66,1.0,0.0,1.0,36,28,47,0.072,220,867,菲律賓EEZ
2026-02-26 01:05:10,20260226_010510,6,10.7500,125.7500,bigeye,90,5.32,24.4,0.1468,2115,0.0,913,30,150,0.868,0.0,1.0,37,28,47,0.022,211,773,菲律賓EEZ
2026-02-26 01:05:10,20260226_010510,7,5.0000,128.5000,skipjack,90,1.63,28.9,0.0000,nan,0.0,5536,28,99,0.483,0.0,0.919,56,46,69,0.571,30,1150,公海
2026-02-26 01:05:10,20260226_010510,8,5.0000,129.0000,skipjack,90,1.62,29.1,0.0000,nan,0.0,5017,24,134,0.347,0.0,1.0,57,46,70,0.613,30,1162,公海
2026-02-26 01:05:10,20260226_010510,9,5.0000,129.7500,skipjack,90,1.64,29.0,0.0000,nan,0.0,5058,25,140,0.442,0.0,0.0,56,46,68,0.647,30,1180,公海
2026-02-26 01:05:10,20260226_010510,10,9.0000,126.2500,albacore,90,3.20,24.4,1.0798,5000,0.0,1311,30,150,1.0,0.0,1.0,29,22,39,0.082,94,881,菲律賓EEZ
2026-02-26 01:05:10,20260226_010510,11,20.5000,129.7500,albacore,90,3.37,23.3,0.1127,1459,0.0,5822,16,180,0.275,0.0,1.0,29,22,39,0.128,93,540,公海
2026-02-26 01:05:10,20260226_010510,12,21.0000,130.0000,albacore,90,3.45,22.8,0.1061,1330,0.0,5610,26,172,0.388,0.0,1.0,30,23,40,0.127,92,547,公海
2026-02-26 01:05:10,20260226_010510,19,5.2500,149.5000,yellowfin,90,2.07,30.1,0.1772,3711,0.0,4218,65,169,0.41,0.0,1.0,50,40,63,0.568,59,1925,密克羅尼西亞EEZ
2026-02-26 01:05:10,20260226_010510,20,6.2500,125.7500,yellowfin,90,2.14,28.6,0.1774,3390,0.0,890,24,143,0.479,0.011,1.0,49,40,62,0.192,57,1027,菲律賓EEZ
2026-02-26 01:05:10,20260226_010510,13,27.5000,142.5000,japanese_flying_squid,9,3.10,19.3,0.2249,2173,0.0,1617,36,0,0.555,0.0,0.913,5,3,6,0.056,78,1265,日本EEZ
2026-02-26 01:05:10,20260226_010510,14,29.5000,153.2500,japanese_flying_squid,9,3.19,19.0,0.3078,2897,0.0,3594,34,0,0.495,0.0,0.0,4,3,6,0.009,77,1872,公海
2026-02-26 01:05:10,20260226_010510,15,29.7500,131.2500,japanese_flying_squid,9,2.87,20.4,0.1644,1688,0.0,2795,79,75,0.616,0.0,0.0,5,3,6,0.178,79,744,公海
2026-02-26 01:05:10,20260226_010510,16,25.7500,143.7500,pacific_saury,9,4.00,20.4,0.1907,1996,0.0,1873,55,51,0.576,0.0,0.0,5,3,6,0.101,30,1314,日本EEZ
2026-02-26 01:05:10,20260226_010510,17,26.0000,143.2500,pacific_saury,9,3.93,20.9,0.1666,1797,0.0,2592,47,62,0.702,0.0,0.0,5,4,6,0.100,30,1288,日本EEZ
2026-02-26 01:05:10,20260226_010510,18,26.7500,143.5000,pacific_saury,9,4.04,20.4,0.2057,2140,0.0,6286,90,76,0.58,0.0,0.0,5,3,6,0.067,30,1310,日本EEZ
2026-02-26 01:25:54,20260226_012554,1,5.2500,133.0000,yellowfin,90,2.12,29.8,0.0921,1893,0.0,3062,30,160,0.087,0.0,1.0,50,40,63,0.405,70,1258,帛琉EEZ
2026-02-26 01:25:54,20260226_012554,2,5.2500,134.0000,yellowfin,90,2.15,29.5,0.0835,1691,0.0,3817,60,151,0.109,0.0,0.913,52,41,64,0.297,84,1289,帛琉EEZ
2026-02-26 01:25:54,20260226_012554,3,5.2500,146.5000,yellowfin,90,2.09,29.8,0.0527,1089,0.0,4188,82,156,0.087,0.0,1.0,54,43,68,0.490,66,1787,密克羅尼西亞EEZ
2026-02-26 01:25:54,20260226_012554,4,8.7500,126.5000,bigeye,90,4.85,28.2,0.5223,5000,0.0,1715,66,159,0.624,0.0,1.0,36,28,46,0.104,221,900,菲律賓EEZ
2026-02-26 01:25:54,20260226_012554,5,9.2500,126.2500,bigeye,90,4.86,28.0,2.1865,5000,0.0,1825,66,66,1.0,0.0,1.0,36,28,47,0.072,220,867,菲律賓EEZ
2026-02-26 01:25:54,20260226_012554,6,10.7500,125.7500,bigeye,90,5.32,24.4,0.1468,2115,0.0,913,30,150,0.868,0.0,1.0,36,27,46,0.022,211,773,菲律賓EEZ
2026-02-26 01:25:54,20260226_012554,7,5.0000,128.5000,skipjack,90,1.63,28.9,0.0000,nan,0.0,5536,28,99,0.483,0.0,0.919,57,47,70,0.571,30,1150,公海
2026-02-26 01:25:54,20260226_012554,8,5.0000,129.0000,skipjack,90,1.62,29.1,0.0000,nan,0.0,5017,24,134,0.347,0.0,1.0,55,45,67,0.613,30,1162,公海
2026-02-26 01:25:54,20260226_012554,9,5.0000,129.7500,skipjack,90,1.64,29.0,0.0000,nan,0.0,5058,25,140,0.442,0.0,0.0,55,46,68,0.647,30,1180,公海
2026-02-26 01:25:54,20260226_012554,10,9.0000,126.2500,albacore,90,3.20,24.4,1.0798,5000,0.0,1311,30,150,1.0,0.0,1.0,29,22,39,0.082,94,881,菲律賓EEZ
2026-02-26 01:25:54,20260226_012554,11,20.5000,129.7500,albacore,90,3.37,23.3,0.1127,1459,0.0,5822,16,180,0.275,0.0,1.0,30,23,40,0.128,93,540,公海
2026-02-26 01:25:54,20260226_012554,12,21.0000,130.0000,albacore,90,3.45,22.8,0.1061,1330,0.0,5610,26,172,0.388,0.0,1.0,30,22,40,0.127,92,547,公海
2026-02-26 01:25:54,20260226_012554,19,5.2500,149.5000,yellowfin,90,2.07,30.1,0.1772,3711,0.0,4218,65,169,0.41,0.0,1.0,52,42,64,0.568,59,1925,密克羅尼西亞EEZ
2026-02-26 01:25:54,20260226_012554,20,6.2500,125.7500,yellowfin,90,2.14,28.6,0.1774,3390,0.0,890,24,143,0.479,0.011,1.0,52,42,64,0.192,57,1027,菲律賓EEZ
2026-02-26 01:25:54,20260226_012554,13,27.5000,142.5000,japanese_flying_squid,9,3.10,19.3,0.2249,2173,0.0,1617,36,0,0.555,0.0,0.913,4,3,6,0.056,78,1265,日本EEZ
2026-02-26 01:25:54,20260226_012554,14,29.5000,153.2500,japanese_flying_squid,9,3.19,19.0,0.3078,2897,0.0,3594,34,0,0.495,0.0,0.0,4,3,6,0.009,77,1872,公海
2026-02-26 01:25:54,20260226_012554,15,29.7500,131.2500,japanese_flying_squid,9,2.87,20.4,0.1644,1688,0.0,2795,79,75,0.616,0.0,0.0,4,3,6,0.178,79,744,公海
2026-02-26 01:25:54,20260226_012554,16,25.7500,143.7500,pacific_saury,9,4.00,20.4,0.1907,1996,0.0,1873,55,51,0.576,0.0,0.0,5,3,6,0.101,30,1314,日本EEZ
2026-02-26 01:25:54,20260226_012554,17,26.0000,143.2500,pacific_saury,9,3.93,20.9,0.1666,1797,0.0,2592,47,62,0.702,0.0,0.0,5,3,6,0.100,30,1288,日本EEZ
2026-02-26 01:25:54,20260226_012554,18,26.7500,143.7500,pacific_saury,9,4.18,19.5,0.1963,1930,0.0,5459,75,0,0.653,0.0,0.504,5,3,6,0.064,30,1324,日本EEZ
2026-02-26 01:53:03,20260226_015303,1,5.2500,133.0000,yellowfin,90,2.12,29.8,0.0921,1893,0.0,3062,30,160,0.087,0.0,1.0,51,40,65,0.405,70,1258,帛琉EEZ
2026-02-26 01:53:03,20260226_015303,2,5.2500,134.0000,yellowfin,90,2.15,29.5,0.0835,1691,0.0,3817,60,151,0.109,0.0,0.913,51,40,64,0.297,84,1289,帛琉EEZ
2026-02-26 01:53:03,20260226_015303,3,5.2500,146.5000,yellowfin,90,2.09,29.8,0.0527,1089,0.0,4188,82,156,0.087,0.0,1.0,54,44,69,0.490,66,1787,密克羅尼西亞EEZ
2026-02-26 01:53:03,20260226_015303,4,8.7500,126.5000,bigeye,90,4.85,28.2,0.5223,5000,0.0,1715,66,159,0.624,0.0,1.0,36,27,47,0.104,221,900,菲律賓EEZ
2026-02-26 01:53:03,20260226_015303,5,9.2500,126.2500,bigeye,90,4.86,28.0,2.1865,5000,0.0,1825,66,66,1.0,0.0,1.0,36,28,45,0.072,220,867,菲律賓EEZ
2026-02-26 01:53:03,20260226_015303,6,10.7500,125.7500,bigeye,90,5.32,24.4,0.1468,2115,0.0,913,30,150,0.868,0.0,1.0,35,28,45,0.022,211,773,菲律賓EEZ
2026-02-26 01:53:03,20260226_015303,7,5.0000,128.5000,skipjack,90,1.63,28.9,0.0000,nan,0.0,5536,28,99,0.483,0.0,0.919,58,47,70,0.571,30,1150,公海
2026-02-26 01:53:03,20260226_015303,8,5.0000,129.0000,skipjack,90,1.62,29.1,0.0000,nan,0.0,5017,24,134,0.347,0.0,1.0,53,44,66,0.613,30,1162,公海
2026-02-26 01:53:03,20260226_015303,9,5.0000,129.7500,skipjack,90,1.64,29.0,0.0000,nan,0.0,5058,25,140,0.442,0.0,0.0,58,47,71,0.647,30,1180,公海
2026-02-26 01:53:03,20260226_015303,10,9.0000,126.2500,albacore,90,3.20,24.4,1.0798,5000,0.0,1311,30,150,1.0,0.0,1.0,30,23,38,0.082,94,881,菲律賓EEZ
2026-02-26 01:53:03,20260226_015303,11,20.5000,129.7500,albacore,90,3.37,23.3,0.1127,1459,0.0,5822,16,180,0.275,0.0,1.0,29,23,40,0.128,93,540,公海
2026-02-26 01:53:03,20260226_015303,12,21.0000,130.0000,albacore,90,3.45,22.8,0.1061,1330,0.0,5610,26,172,0.388,0.0,1.0,29,22,40,0.127,92,547,公海
2026-02-26 01:53:03,20260226_015303,19,5.2500,149.5000,yellowfin,90,2.07,30.1,0.1772,3711,0.0,4218,65,169,0.41,0.0,1.0,52,42,66,0.568,59,1925,密克羅尼西亞EEZ
2026-02-26 01:53:03,20260226_015303,20,6.2500,125.7500,yellowfin,90,2.14,28.6,0.1774,3390,0.0,890,24,143,0.479,0.011,1.0,52,40,65,0.192,57,1027,菲律賓EEZ
2026-02-26 01:53:03,20260226_015303,13,27.5000,142.5000,japanese_flying_squid,9,3.10,19.3,0.2249,2173,0.0,1617,36,0,0.555,0.0,0.913,5,3,6,0.056,78,1265,日本EEZ
2026-02-26 01:53:03,20260226_015303,14,29.5000,153.2500,japanese_flying_squid,9,3.19,19.0,0.3078,2897,0.0,3594,34,0,0.495,0.0,0.0,4,3,6,0.009,77,1872,公海
2026-02-26 01:53:03,20260226_015303,15,29.7500,131.2500,japanese_flying_squid,9,2.87,20.4,0.1644,1688,0.0,2795,79,75,0.616,0.0,0.0,4,3,6,0.178,79,744,公海
2026-02-26 01:53:03,20260226_015303,16,25.7500,143.7500,pacific_saury,9,4.00,20.4,0.1907,1996,0.0,1873,55,51,0.576,0.0,0.0,5,3,6,0.101,30,1314,日本EEZ
2026-02-26 01:53:03,20260226_015303,17,26.0000,143.2500,pacific_saury,9,3.93,20.9,0.1666,1797,0.0,2592,47,62,0.702,0.0,0.0,5,3,6,0.100,30,1288,日本EEZ
2026-02-26 01:53:03,20260226_015303,18,26.7500,143.7500,pacific_saury,9,4.18,19.5,0.1963,1930,0.0,5459,75,0,0.653,0.0,0.504,5,3,6,0.064,30,1324,日本EEZ
2026-02-26 02:05:33,20260226_020533,1,5.2500,133.0000,yellowfin,90,2.12,29.8,0.0921,1893,0.0,3062,30,160,0.087,0.0,1.0,53,43,67,0.405,70,1258,帛琉EEZ
2026-02-26 02:05:33,20260226_020533,2,5.2500,134.0000,yellowfin,90,2.15,29.5,0.0835,1691,0.0,3817,60,151,0.109,0.0,0.913,50,40,63,0.297,84,1289,帛琉EEZ
2026-02-26 02:05:33,20260226_020533,3,5.2500,146.5000,yellowfin,90,2.09,29.8,0.0527,1089,0.0,4188,82,156,0.087,0.0,1.0,50,39,63,0.490,66,1787,密克羅尼西亞EEZ
2026-02-26 02:05:33,20260226_020533,4,8.7500,126.5000,bigeye,90,4.85,28.2,0.5223,5000,0.0,1715,66,159,0.624,0.0,1.0,36,28,47,0.104,221,900,菲律賓EEZ
2026-02-26 02:05:33,20260226_020533,5,9.2500,126.2500,bigeye,90,4.86,28.0,2.1865,5000,0.0,1825,66,66,1.0,0.0,1.0,36,28,47,0.072,220,867,菲律賓EEZ
2026-02-26 02:05:33,20260226_020533,6,10.7500,125.7500,bigeye,90,5.32,24.4,0.1468,2115,0.0,913,30,150,0.868,0.0,1.0,36,28,46,0.022,211,773,菲律賓EEZ
2026-02-26 02:05:33,20260226_020533,7,5.0000,128.5000,skipjack,90,1.63,28.9,0.0000,nan,0.0,5536,28,99,0.483,0.0,0.919,57,45,68,0.571,30,1150,公海
2026-02-26 02:05:33,20260226_020533,8,5.0000,129.0000,skipjack,90,1.62,29.1,0.0000,nan,0.0,5017,24,134,0.347,0.0,1.0,55,45,67,0.613,30,1162,公海
2026-02-26 02:05:33,20260226_020533,9,5.0000,129.7500,skipjack,90,1.64,29.0,0.0000,nan,0.0,5058,25,140,0.442,0.0,0.0,57,47,70,0.647,30,1180,公海
2026-02-26 02:05:33,20260226_020533,10,9.0000,126.2500,albacore,90,3.20,24.4,1.0798,5000,0.0,1311,30,150,1.0,0.0,1.0,30,23,40,0.082,94,881,菲律賓EEZ
2026-02-26 02:05:33,20260226_020533,11,20.5000,129.7500,albacore,90,3.37,23.3,0.1127,1459,0.0,5822,16,180,0.275,0.0,1.0,29,22,39,0.128,93,540,公海
2026-02-26 02:05:33,20260226_020533,12,21.0000,130.0000,albacore,90,3.45,22.8,0.1061,1330,0.0,5610,26,172,0.388,0.0,1.0,30,22,39,0.127,92,547,公海
2026-02-26 02:05:33,20260226_020533,19,5.2500,149.5000,yellowfin,90,2.07,30.1,0.1772,3711,0.0,4218,65,169,0.41,0.0,1.0,50,39,65,0.568,59,1925,密克羅尼西亞EEZ
2026-02-26 02:05:33,20260226_020533,20,6.2500,125.7500,yellowfin,90,2.14,28.6,0.1774,3390,0.0,890,24,143,0.479,0.011,1.0,53,43,65,0.192,57,1027,菲律賓EEZ
2026-02-26 02:05:33,20260226_020533,13,27.5000,142.5000,japanese_flying_squid,9,3.10,19.3,0.2249,2173,0.0,1617,36,0,0.555,0.0,0.913,5,3,6,0.056,78,1265,日本EEZ
2026-02-26 02:05:33,20260226_020533,14,29.5000,153.2500,japanese_flying_squid,9,3.19,19.0,0.3078,2897,0.0,3594,34,0,0.495,0.0,0.0,4,3,6,0.009,77,1872,公海
2026-02-26 02:05:33,20260226_020533,15,29.7500,131.2500,japanese_flying_squid,9,2.87,20.4,0.1644,1688,0.0,2795,79,75,0.616,0.0,0.0,4,3,6,0.178,79,744,公海
2026-02-26 02:05:33,20260226_020533,16,25.7500,143.7500,pacific_saury,9,4.00,20.4,0.1907,1996,0.0,1873,55,51,0.576,0.0,0.0,5,3,6,0.101,30,1314,日本EEZ
2026-02-26 02:05:33,20260226_020533,17,26.0000,143.2500,pacific_saury,9,3.93,20.9,0.1666,1797,0.0,2592,47,62,0.702,0.0,0.0,4,3,6,0.100,30,1288,日本EEZ
2026-02-26 02:05:33,20260226_020533,18,26.7500,143.7500,pacific_saury,9,4.18,19.5,0.1963,1930,0.0,5459,75,0,0.653,0.0,0.504,4,3,6,0.064,30,1324,日本EEZ
2026-02-26 02:28:23,20260226_022823,1,5.2500,133.0000,yellowfin,90,2.12,29.8,0.0921,1893,0.0,3062,30,160,0.087,0.0,1.0,51,40,64,0.405,70,1258,帛琉EEZ
2026-02-26 02:28:23,20260226_022823,2,5.2500,134.0000,yellowfin,90,2.15,29.5,0.0835,1691,0.0,3817,60,151,0.109,0.0,0.913,52,42,65,0.297,84,1289,帛琉EEZ
2026-02-26 02:28:23,20260226_022823,3,5.2500,149.5000,yellowfin,90,2.07,30.1,0.1772,3711,0.0,4218,65,169,0.41,0.0,1.0,53,42,66,0.568,59,1925,密克羅尼西亞EEZ
2026-02-26 02:28:23,20260226_022823,4,8.7500,126.5000,bigeye,90,4.85,28.2,0.5223,5000,0.0,1715,66,159,0.624,0.0,1.0,36,28,47,0.104,221,900,菲律賓EEZ
2026-02-26 02:28:23,20260226_022823,5,9.2500,126.2500,bigeye,90,4.86,28.0,2.1865,5000,0.0,1825,66,66,1.0,0.0,1.0,36,28,47,0.072,220,867,菲律賓EEZ
2026-02-26 02:28:23,20260226_022823,6,9.7500,124.7500,bigeye,90,5.07,27.2,0.5325,5000,0.0,889,58,119,0.861,0.003,1.0,36,28,47,0.025,218,810,菲律賓EEZ
2026-02-26 02:28:23,20260226_022823,7,5.0000,128.5000,skipjack,90,1.63,28.9,0.0000,nan,0.0,5536,28,99,0.483,0.0,0.919,54,44,66,0.571,30,1150,公海
2026-02-26 02:28:23,20260226_022823,8,5.0000,129.7500,skipjack,90,1.64,29.0,0.0000,nan,0.0,5058,25,140,0.442,0.0,0.0,56,46,68,0.647,30,1180,公海
2026-02-26 02:28:23,20260226_022823,9,5.0000,130.2500,skipjack,90,1.59,29.6,0.0000,nan,0.0,4958,16,149,0.599,0.0,0.519,58,49,71,0.649,30,1192,帛琉EEZ
2026-02-26 02:28:23,20260226_022823,10,9.0000,126.2500,albacore,90,3.20,24.4,1.0798,5000,0.0,1311,30,150,1.0,0.0,1.0,31,23,41,0.082,94,881,菲律賓EEZ
2026-02-26 02:28:23,20260226_022823,11,20.5000,129.7500,albacore,90,3.37,23.3,0.1127,1459,0.0,5822,16,180,0.275,0.0,1.0,30,22,40,0.128,93,540,公海
2026-02-26 02:28:23,20260226_022823,12,21.0000,130.0000,albacore,90,3.45,22.8,0.1061,1330,0.0,5610,26,172,0.388,0.0,1.0,29,22,39,0.127,92,547,公海
2026-02-26 02:28:23,20260226_022823,19,6.2500,125.7500,yellowfin,90,2.14,28.6,0.1774,3390,0.0,890,24,143,0.479,0.011,1.0,55,42,69,0.192,57,1027,菲律賓EEZ
2026-02-26 02:28:23,20260226_022823,20,6.5000,132.5000,yellowfin,90,2.16,29.3,0.0773,1541,0.0,3940,21,127,0.022,0.0,1.0,51,40,63,0.372,58,1180,帛琉EEZ
2026-02-26 02:28:23,20260226_022823,13,27.5000,142.5000,japanese_flying_squid,9,3.10,19.3,0.2249,2173,0.0,1617,36,0,0.555,0.0,0.913,5,3,6,0.056,78,1265,日本EEZ
2026-02-26 02:28:23,20260226_022823,14,28.2500,134.0000,japanese_flying_squid,9,2.88,20.2,0.1113,1140,0.0,3938,31,23,0.266,0.0,0.09,4,3,6,0.310,79,832,公海
2026-02-26 02:28:23,20260226_022823,15,29.5000,153.2500,japanese_flying_squid,9,3.19,19.0,0.3078,2897,0.0,3594,34,0,0.495,0.0,0.0,4,3,6,0.009,77,1872,公海
2026-02-26 02:28:23,20260226_022823,16,25.7500,143.7500,pacific_saury,9,4.00,20.4,0.1907,1996,0.0,1873,55,51,0.576,0.0,0.0,5,3,6,0.101,30,1314,日本EEZ
2026-02-26 02:28:23,20260226_022823,17,26.7500,143.7500,pacific_saury,9,4.18,19.5,0.1963,1930,0.0,5459,75,0,0.653,0.0,0.504,5,3,6,0.064,30,1324,日本EEZ
2026-02-26 02:28:23,20260226_022823,18,27.0000,143.2500,pacific_saury,9,4.05,20.2,0.1841,1891,0.0,6724,68,43,0.518,0.0,0.0,5,3,6,0.062,30,1299,日本EEZ
2026-02-26 02:52:40,20260226_025240,1,5.0000,128.5000,yellowfin,100,2.19,28.9,0.0000,nan,0.0,5536,28,99,0.483,0.0,0.919,53,41,65,0.571,65,1150,公海
2026-02-26 02:52:40,20260226_025240,2,5.0000,129.0000,yellowfin,100,2.18,29.1,0.0000,nan,0.0,5017,24,134,0.347,0.0,1.0,53,42,67,0.613,58,1162,公海
2026-02-26 02:52:40,20260226_025240,3,5.0000,129.5000,yellowfin,100,2.20,29.1,0.0000,nan,0.0,5068,20,139,0.432,0.0,0.0,51,42,64,0.640,58,1174,公海
2026-02-26 02:52:40,20260226_025240,4,6.2500,171.5000,bigeye,100,4.63,29.4,0.2398,4809,0.0,3604,84,150,0.464,0.008,1.0,39,31,50,0.253,224,3002,馬紹爾群島EEZ
2026-02-26 02:52:40,20260226_025240,5,6.7500,158.5000,bigeye,100,4.65,29.2,0.2471,4882,0.0,3487,99,159,0.253,0.0,1.0,39,31,52,0.725,223,2321,密克羅尼西亞EEZ
2026-02-26 02:52:40,20260226_025240,6,7.0000,126.7500,bigeye,100,4.80,28.4,0.2579,4849,0.0,3286,58,127,0.609,0.0,1.0,39,31,51,0.236,221,1003,菲律賓EEZ
2026-02-26 02:52:40,20260226_025240,7,9.0000,126.2500,albacore,100,3.20,24.4,1.0798,5000,0.0,1311,30,150,1.0,0.0,1.0,33,25,45,0.082,94,881,菲律賓EEZ
2026-02-26 02:52:40,20260226_025240,8,9.5000,125.2500,albacore,100,2.80,27.5,0.6323,5000,0.0,882,18,128,0.891,0.0,1.0,33,25,44,0.039,98,833,菲律賓EEZ
2026-02-26 02:52:40,20260226_025240,9,9.5000,126.2500,albacore,100,2.63,28.2,0.2943,5000,0.0,2339,59,174,0.75,0.0,1.0,32,24,43,0.062,129,853,菲律賓EEZ
2026-02-26 02:52:40,20260226_025240,10,5.0000,130.0000,yellowfin,100,2.17,29.3,0.0000,nan,0.0,5047,12,142,0.535,0.0,1.0,49,38,62,0.650,58,1186,帛琉EEZ
2026-02-26 02:52:40,20260226_025240,11,5.0000,130.5000,yellowfin,100,2.13,29.6,0.0000,nan,0.0,4868,22,154,0.56,0.0,0.293,53,42,66,0.643,58,1199,帛琉EEZ
2026-02-26 02:52:40,20260226_025240,18,18.0000,120.2500,skipjack,55,1.74,28.1,0.3153,5000,0.0,1464,23,105,0.961,0.0,1.0,56,46,67,0.106,30,277,菲律賓EEZ
2026-02-26 02:52:40,20260226_025240,19,13.0000,120.5000,skipjack,55,1.67,28.8,0.4320,5000,0.0,1199,16,125,0.832,0.0,1.0,58,48,71,0.002,30,577,菲律賓EEZ
2026-02-26 02:52:40,20260226_025240,20,8.7500,126.5000,skipjack,54,1.69,28.2,0.5223,5000,0.0,1715,66,159,0.624,0.0,1.0,57,45,69,0.104,30,900,菲律賓EEZ
2026-02-26 02:52:40,20260226_025240,12,33.5000,137.7500,pacific_saury,9,4.68,17.3,0.2391,1951,0.0,3470,46,0,0.807,0.0,0.0,5,3,6,0.212,30,1168,日本EEZ
2026-02-26 02:52:40,20260226_025240,13,33.5000,138.5000,pacific_saury,9,4.56,17.9,0.2500,2107,0.0,3586,53,0,0.814,0.0,0.9,5,3,6,0.146,30,1202,日本EEZ
2026-02-26 02:52:40,20260226_025240,14,34.7500,140.0000,pacific_saury,9,4.78,16.6,0.2763,2129,0.0,848,54,0,0.858,0.0,0.0,5,3,6,0.029,30,1313,日本EEZ
2026-02-26 02:52:40,20260226_025240,15,35.0000,141.2500,japanese_flying_squid,6,3.62,16.8,0.1995,1551,0.0,3315,42,0,0.771,0.0,1.0,4,3,6,0.008,75,1379,日本EEZ
2026-02-26 02:52:40,20260226_025240,16,33.5000,136.2500,japanese_flying_squid,6,3.69,16.5,0.2521,1957,0.0,1386,28,0,0.907,0.0,0.0,5,3,6,0.342,74,1100,日本EEZ
2026-02-26 02:52:40,20260226_025240,17,34.0000,137.7500,japanese_flying_squid,6,4.17,15.2,0.2695,1909,0.0,1708,37,0,0.85,0.0,1.0,4,3,6,0.171,72,1185,日本EEZ
2026-02-26 03:03:55,20260226_030355,1,32.2500,133.2500,bigeye,95,6.39,21.4,0.3123,3332,0.0,1324,124,168,0.813,0.0,1.0,37,28,48,0.433,203,922,日本EEZ
2026-02-26 03:03:55,20260226_030355,2,9.2500,126.2500,yellowfin,95,2.27,28.0,2.1865,5000,0.0,1825,66,66,1.0,0.0,1.0,54,43,66,0.072,80,867,菲律賓EEZ
2026-02-26 03:03:55,20260226_030355,3,18.0000,120.2500,skipjack,94,1.74,28.1,0.3153,5000,0.0,1464,23,105,0.961,0.0,1.0,58,48,70,0.106,30,277,菲律賓EEZ
2026-02-26 03:03:55,20260226_030355,4,33.0000,135.2500,bigeye,94,6.47,20.9,0.3879,3975,0.0,2004,124,140,0.818,0.0,1.0,37,28,49,0.458,202,1037,日本EEZ
2026-02-26 03:03:55,20260226_030355,5,26.0000,125.5000,bigeye,93,5.52,24.8,0.1559,2163,0.0,2034,76,189,0.603,0.0,1.0,38,29,48,0.543,212,354,日本EEZ
2026-02-26 03:03:55,20260226_030355,6,13.0000,120.5000,skipjack,93,1.67,28.8,0.4320,5000,0.0,1199,16,125,0.832,0.0,1.0,59,49,71,0.002,30,577,菲律賓EEZ
2026-02-26 03:03:55,20260226_030355,7,29.7500,130.7500,bigeye,92,6.21,22.2,0.3619,4150,0.0,1480,73,160,0.638,0.0,0.471,37,29,47,0.133,205,721,日本EEZ
2026-02-26 03:03:55,20260226_030355,8,9.0000,125.0000,yellowfin,92,2.38,27.6,0.8184,5000,0.0,1055,10,56,0.855,0.0,1.0,51,41,64,0.045,56,857,菲律賓EEZ
2026-02-26 03:03:55,20260226_030355,9,14.0000,120.2500,yellowfin,92,2.45,27.0,0.0884,1483,0.0,1118,41,121,0.861,0.0,1.0,50,40,62,0.005,77,517,菲律賓EEZ
2026-02-26 03:03:55,20260226_030355,10,9.5000,125.2500,yellowfin,92,2.41,27.5,0.6323,5000,0.0,882,18,128,0.891,0.0,1.0,52,42,65,0.039,56,833,菲律賓EEZ
2026-02-26 03:03:55,20260226_030355,11,8.7500,126.5000,skipjack,91,1.69,28.2,0.5223,5000,0.0,1715,66,159,0.624,0.0,1.0,56,45,66,0.104,30,900,菲律賓EEZ
2026-02-26 03:03:55,20260226_030355,12,33.5000,138.5000,albacore,88,4.51,17.9,0.2500,2107,0.0,3586,53,0,0.814,0.0,0.9,28,21,38,0.146,104,1202,日本EEZ
2026-02-26 03:03:55,20260226_030355,13,33.2500,139.0000,albacore,88,4.35,18.5,0.1273,1122,0.0,1705,65,0,0.812,0.0,1.0,29,22,39,0.119,111,1218,日本EEZ
2026-02-26 03:03:55,20260226_030355,14,33.2500,137.7500,albacore,88,4.04,20.1,0.0884,861,0.0,3743,66,40,0.601,0.0,1.0,28,22,37,0.232,115,1159,日本EEZ
2026-02-26 03:03:55,20260226_030355,15,33.5000,137.7500,pacific_saury,8,4.68,17.3,0.2391,1951,0.0,3470,46,0,0.807,0.0,0.0,5,3,6,0.212,30,1168,日本EEZ
2026-02-26 03:03:55,20260226_030355,16,34.7500,140.0000,pacific_saury,8,4.78,16.6,0.2763,2129,0.0,848,54,0,0.858,0.0,0.0,5,3,6,0.029,30,1313,日本EEZ
2026-02-26 03:03:55,20260226_030355,17,35.0000,141.7500,pacific_saury,8,4.57,17.7,0.1426,1176,0.0,5712,37,0,0.862,0.0,1.0,4,4,6,0.005,30,1402,日本EEZ
2026-02-26 03:03:55,20260226_030355,18,35.0000,141.2500,japanese_flying_squid,6,3.62,16.8,0.1995,1551,0.0,3315,42,0,0.771,0.0,1.0,4,3,6,0.008,75,1379,日本EEZ
2026-02-26 03:03:55,20260226_030355,19,33.5000,136.2500,japanese_flying_squid,6,3.69,16.5,0.2521,1957,0.0,1386,28,0,0.907,0.0,0.0,4,3,6,0.342,74,1100,日本EEZ
2026-02-26 03:03:55,20260226_030355,20,34.0000,137.7500,japanese_flying_squid,6,4.17,15.2,0.2695,1909,0.0,1708,37,0,0.85,0.0,1.0,4,3,6,0.171,72,1185,日本EEZ
2026-02-26 03:19:38,20260226_031938,1,9.2500,126.2500,yellowfin,95,2.27,28.0,2.1865,5000,0.0,1825,66,66,1.0,0.0,1.0,52,41,65,0.072,80,867,菲律賓EEZ
2026-02-26 03:19:38,20260226_031938,2,32.2500,133.2500,bigeye,95,6.39,21.4,0.3123,3332,0.0,1324,124,168,0.813,0.0,1.0,38,30,49,0.433,203,922,日本EEZ
2026-02-26 03:19:38,20260226_031938,3,33.0000,135.2500,bigeye,94,6.47,20.9,0.3879,3975,0.0,2004,124,140,0.818,0.0,1.0,37,29,49,0.458,202,1037,日本EEZ
2026-02-26 03:19:38,20260226_031938,4,18.0000,120.2500,skipjack,94,1.74,28.1,0.3153,5000,0.0,1464,23,105,0.961,0.0,1.0,54,44,67,0.106,30,277,菲律賓EEZ
2026-02-26 03:19:38,20260226_031938,5,26.0000,125.5000,bigeye,93,5.52,24.8,0.1559,2163,0.0,2034,76,189,0.603,0.0,1.0,37,29,48,0.543,212,354,日本EEZ
2026-02-26 03:19:38,20260226_031938,6,13.0000,120.5000,skipjack,93,1.67,28.8,0.4320,5000,0.0,1199,16,125,0.832,0.0,1.0,58,47,72,0.002,30,577,菲律賓EEZ
2026-02-26 03:19:38,20260226_031938,7,29.7500,130.7500,bigeye,92,6.21,22.2,0.3619,4150,0.0,1480,73,160,0.638,0.0,0.471,37,28,47,0.133,205,721,日本EEZ
2026-02-26 03:19:38,20260226_031938,8,9.0000,125.0000,yellowfin,92,2.38,27.6,0.8184,5000,0.0,1055,10,56,0.855,0.0,1.0,50,40,64,0.045,56,857,菲律賓EEZ
2026-02-26 03:19:38,20260226_031938,9,14.0000,120.2500,yellowfin,92,2.45,27.0,0.0884,1483,0.0,1118,41,121,0.861,0.0,1.0,52,41,66,0.005,77,517,菲律賓EEZ
2026-02-26 03:19:38,20260226_031938,10,9.5000,125.2500,yellowfin,92,2.41,27.5,0.6323,5000,0.0,882,18,128,0.891,0.0,1.0,50,40,63,0.039,56,833,菲律賓EEZ
2026-02-26 03:19:38,20260226_031938,11,8.7500,126.5000,skipjack,91,1.69,28.2,0.5223,5000,0.0,1715,66,159,0.624,0.0,1.0,57,46,69,0.104,30,900,菲律賓EEZ
2026-02-26 03:19:38,20260226_031938,12,33.5000,138.5000,albacore,89,4.51,17.9,0.2500,2107,0.0,3586,53,0,0.814,0.0,0.9,29,23,39,0.146,104,1202,日本EEZ
2026-02-26 03:19:38,20260226_031938,13,35.0000,141.5000,albacore,89,4.55,17.5,0.1569,1275,0.0,4491,41,0,0.823,0.0,1.0,29,22,38,0.006,85,1391,日本EEZ
2026-02-26 03:19:38,20260226_031938,14,33.2500,139.0000,albacore,89,4.35,18.5,0.1273,1122,0.0,1705,65,0,0.812,0.0,1.0,29,22,39,0.119,111,1218,日本EEZ
2026-02-26 03:19:38,20260226_031938,15,33.5000,137.7500,pacific_saury,8,4.68,17.3,0.2391,1951,0.0,3470,46,0,0.807,0.0,0.0,5,3,6,0.212,30,1168,日本EEZ
2026-02-26 03:19:38,20260226_031938,16,34.7500,140.0000,pacific_saury,8,4.78,16.6,0.2763,2129,0.0,848,54,0,0.858,0.0,0.0,5,3,6,0.029,30,1313,日本EEZ
2026-02-26 03:19:38,20260226_031938,17,35.0000,141.7500,pacific_saury,8,4.57,17.7,0.1426,1176,0.0,5712,37,0,0.862,0.0,1.0,4,3,6,0.005,30,1402,日本EEZ
2026-02-26 03:19:38,20260226_031938,18,35.0000,141.2500,japanese_flying_squid,6,3.62,16.8,0.1995,1551,0.0,3315,42,0,0.771,0.0,1.0,5,3,6,0.008,75,1379,日本EEZ
2026-02-26 03:19:38,20260226_031938,19,33.5000,136.2500,japanese_flying_squid,6,3.69,16.5,0.2521,1957,0.0,1386,28,0,0.907,0.0,0.0,4,3,6,0.342,74,1100,日本EEZ
2026-02-26 03:19:38,20260226_031938,20,34.0000,137.7500,japanese_flying_squid,6,4.17,15.2,0.2695,1909,0.0,1708,37,0,0.85,0.0,1.0,5,3,6,0.171,72,1185,日本EEZ
2026-02-26 03:41:27,20260226_034127,1,9.2500,126.2500,yellowfin,95,2.27,28.0,2.1865,5000,0.0,1825,66,66,1.0,0.0,1.0,49,39,62,0.072,80,867,菲律賓EEZ
2026-02-26 03:41:27,20260226_034127,2,32.2500,133.2500,bigeye,95,6.39,21.4,0.3123,3332,0.0,1324,124,168,0.813,0.0,1.0,37,29,48,0.433,203,922,日本EEZ
2026-02-26 03:41:27,20260226_034127,3,33.0000,135.2500,bigeye,94,6.47,20.9,0.3879,3975,0.0,2004,124,140,0.818,0.0,1.0,37,29,48,0.458,202,1037,日本EEZ
2026-02-26 03:41:27,20260226_034127,4,18.0000,120.2500,skipjack,94,1.74,28.1,0.3153,5000,0.0,1464,23,105,0.961,0.0,1.0,55,46,68,0.106,30,277,菲律賓EEZ
2026-02-26 03:41:27,20260226_034127,5,26.0000,125.5000,bigeye,93,5.52,24.8,0.1559,2163,0.0,2034,76,189,0.603,0.0,1.0,37,29,48,0.543,212,354,日本EEZ
2026-02-26 03:41:27,20260226_034127,6,13.0000,120.5000,skipjack,93,1.67,28.8,0.4320,5000,0.0,1199,16,125,0.832,0.0,1.0,55,45,67,0.002,30,577,菲律賓EEZ
2026-02-26 03:41:27,20260226_034127,7,29.7500,130.7500,bigeye,92,6.21,22.2,0.3619,4150,0.0,1480,73,160,0.638,0.0,0.471,36,28,47,0.133,205,721,日本EEZ
2026-02-26 03:41:27,20260226_034127,8,9.0000,125.0000,yellowfin,92,2.38,27.6,0.8184,5000,0.0,1055,10,56,0.855,0.0,1.0,54,43,68,0.045,56,857,菲律賓EEZ
2026-02-26 03:41:27,20260226_034127,9,14.0000,120.2500,yellowfin,92,2.45,27.0,0.0884,1483,0.0,1118,41,121,0.861,0.0,1.0,53,43,68,0.005,77,517,菲律賓EEZ
2026-02-26 03:41:27,20260226_034127,10,9.5000,125.2500,yellowfin,92,2.41,27.5,0.6323,5000,0.0,882,18,128,0.891,0.0,1.0,51,40,64,0.039,56,833,菲律賓EEZ
2026-02-26 03:41:27,20260226_034127,11,8.7500,126.5000,skipjack,91,1.69,28.2,0.5223,5000,0.0,1715,66,159,0.624,0.0,1.0,56,45,69,0.104,30,900,菲律賓EEZ
2026-02-26 03:41:27,20260226_034127,12,33.5000,138.5000,albacore,89,4.51,17.9,0.2500,2107,0.0,3586,53,0,0.814,0.0,0.9,29,22,39,0.146,104,1202,日本EEZ
2026-02-26 03:41:27,20260226_034127,13,35.0000,141.5000,albacore,89,4.55,17.5,0.1569,1275,0.0,4491,41,0,0.823,0.0,1.0,28,21,38,0.006,85,1391,日本EEZ
2026-02-26 03:41:27,20260226_034127,14,33.2500,139.0000,albacore,89,4.35,18.5,0.1273,1122,0.0,1705,65,0,0.812,0.0,1.0,29,22,39,0.119,111,1218,日本EEZ
2026-02-26 03:41:27,20260226_034127,15,33.5000,137.7500,pacific_saury,8,4.68,17.3,0.2391,1951,0.0,3470,46,0,0.807,0.0,0.0,4,3,6,0.212,30,1168,日本EEZ
2026-02-26 03:41:27,20260226_034127,16,34.7500,140.0000,pacific_saury,8,4.78,16.6,0.2763,2129,0.0,848,54,0,0.858,0.0,0.0,5,3,6,0.029,30,1313,日本EEZ
2026-02-26 03:41:27,20260226_034127,17,35.0000,141.7500,pacific_saury,8,4.57,17.7,0.1426,1176,0.0,5712,37,0,0.862,0.0,1.0,5,3,6,0.005,30,1402,日本EEZ
2026-02-26 03:41:27,20260226_034127,18,35.0000,141.2500,japanese_flying_squid,6,3.62,16.8,0.1995,1551,0.0,3315,42,0,0.771,0.0,1.0,5,3,6,0.008,75,1379,日本EEZ
2026-02-26 03:41:27,20260226_034127,19,33.5000,136.2500,japanese_flying_squid,6,3.69,16.5,0.2521,1957,0.0,1386,28,0,0.907,0.0,0.0,4,3,6,0.342,74,1100,日本EEZ
2026-02-26 03:41:27,20260226_034127,20,34.0000,137.7500,japanese_flying_squid,6,4.17,15.2,0.2695,1909,0.0,1708,37,0,0.85,0.0,1.0,5,3,6,0.171,72,1185,日本EEZ
2026-02-26 03:54:24,20260226_035424,1,9.2500,126.2500,yellowfin,95,2.27,28.0,2.1865,5000,0.0,1825,66,66,1.0,0.0,1.0,52,41,64,0.072,80,867,菲律賓EEZ
2026-02-26 03:54:24,20260226_035424,2,32.2500,133.2500,bigeye,95,6.39,21.4,0.3123,3332,0.0,1324,124,168,0.813,0.0,1.0,38,29,49,0.433,203,922,日本EEZ
2026-02-26 03:54:24,20260226_035424,3,33.0000,135.2500,bigeye,94,6.47,20.9,0.3879,3975,0.0,2004,124,140,0.818,0.0,1.0,37,28,47,0.458,202,1037,日本EEZ
2026-02-26 03:54:24,20260226_035424,4,18.0000,120.2500,skipjack,94,1.74,28.1,0.3153,5000,0.0,1464,23,105,0.961,0.0,1.0,58,47,71,0.106,30,277,菲律賓EEZ
2026-02-26 03:54:24,20260226_035424,5,26.0000,125.5000,bigeye,93,5.52,24.8,0.1559,2163,0.0,2034,76,189,0.603,0.0,1.0,37,28,48,0.543,212,354,日本EEZ
2026-02-26 03:54:24,20260226_035424,6,13.0000,120.5000,skipjack,93,1.67,28.8,0.4320,5000,0.0,1199,16,125,0.832,0.0,1.0,58,48,70,0.002,30,577,菲律賓EEZ
2026-02-26 03:54:24,20260226_035424,7,29.7500,130.7500,bigeye,92,6.21,22.2,0.3619,4150,0.0,1480,73,160,0.638,0.0,0.471,36,28,47,0.133,205,721,日本EEZ
2026-02-26 03:54:24,20260226_035424,8,9.0000,125.0000,yellowfin,92,2.38,27.6,0.8184,5000,0.0,1055,10,56,0.855,0.0,1.0,54,44,67,0.045,56,857,菲律賓EEZ
2026-02-26 03:54:24,20260226_035424,9,14.0000,120.2500,yellowfin,92,2.45,27.0,0.0884,1483,0.0,1118,41,121,0.861,0.0,1.0,54,42,67,0.005,77,517,菲律賓EEZ
2026-02-26 03:54:24,20260226_035424,10,9.5000,125.2500,yellowfin,92,2.41,27.5,0.6323,5000,0.0,882,18,128,0.891,0.0,1.0,52,41,65,0.039,56,833,菲律賓EEZ
2026-02-26 03:54:24,20260226_035424,11,8.7500,126.5000,skipjack,91,1.69,28.2,0.5223,5000,0.0,1715,66,159,0.624,0.0,1.0,58,48,70,0.104,30,900,菲律賓EEZ
2026-02-26 03:54:24,20260226_035424,12,33.5000,138.5000,albacore,89,4.51,17.9,0.2500,2107,0.0,3586,53,0,0.814,0.0,0.9,30,22,39,0.146,104,1202,日本EEZ
2026-02-26 03:54:24,20260226_035424,13,35.0000,141.5000,albacore,89,4.55,17.5,0.1569,1275,0.0,4491,41,0,0.823,0.0,1.0,30,22,40,0.006,85,1391,日本EEZ
2026-02-26 03:54:24,20260226_035424,14,33.2500,139.0000,albacore,89,4.35,18.5,0.1273,1122,0.0,1705,65,0,0.812,0.0,1.0,28,22,38,0.119,111,1218,日本EEZ
2026-02-26 03:54:24,20260226_035424,15,33.5000,137.7500,pacific_saury,8,4.68,17.3,0.2391,1951,0.0,3470,46,0,0.807,0.0,0.0,5,3,6,0.212,30,1168,日本EEZ
2026-02-26 03:54:24,20260226_035424,16,34.7500,140.0000,pacific_saury,8,4.78,16.6,0.2763,2129,0.0,848,54,0,0.858,0.0,0.0,5,3,6,0.029,30,1313,日本EEZ
2026-02-26 03:54:24,20260226_035424,17,35.0000,141.7500,pacific_saury,8,4.57,17.7,0.1426,1176,0.0,5712,37,0,0.862,0.0,1.0,5,3,6,0.005,30,1402,日本EEZ
2026-02-26 03:54:24,20260226_035424,18,35.0000,141.2500,japanese_flying_squid,6,3.62,16.8,0.1995,1551,0.0,3315,42,0,0.771,0.0,1.0,4,3,6,0.008,75,1379,日本EEZ
2026-02-26 03:54:24,20260226_035424,19,33.5000,136.2500,japanese_flying_squid,6,3.69,16.5,0.2521,1957,0.0,1386,28,0,0.907,0.0,0.0,4,3,6,0.342,74,1100,日本EEZ
2026-02-26 03:54:24,20260226_035424,20,34.0000,137.7500,japanese_flying_squid,6,4.17,15.2,0.2695,1909,0.0,1708,37,0,0.85,0.0,1.0,5,3,6,0.171,72,1185,日本EEZ
2026-02-26 04:10:10,20260226_041010,1,9.0000,126.2500,bigeye,100,5.67,24.4,1.0798,5000,0.0,1311,30,150,1.0,0.0,1.0,40,31,52,0.082,211,881,菲律賓EEZ
2026-02-26 04:10:10,20260226_041010,2,9.5000,126.2500,bigeye,97,4.84,28.2,0.2943,5000,0.0,2339,59,174,0.75,0.0,1.0,38,30,49,0.062,221,853,菲律賓EEZ
2026-02-26 04:10:10,20260226_041010,3,32.2500,133.2500,albacore,96,3.72,21.4,0.3123,3332,0.0,1324,124,168,0.813,0.0,1.0,32,24,43,0.433,118,922,日本EEZ
2026-02-26 04:10:10,20260226_041010,4,9.2500,126.2500,yellowfin,95,2.27,28.0,2.1865,5000,0.0,1825,66,66,1.0,0.0,1.0,49,40,63,0.072,80,867,菲律賓EEZ
2026-02-26 04:10:10,20260226_041010,5,33.5000,138.5000,albacore,94,4.51,17.9,0.2500,2107,0.0,3586,53,0,0.814,0.0,0.9,31,24,42,0.146,104,1202,日本EEZ
2026-02-26 04:10:10,20260226_041010,6,33.0000,135.2500,bigeye,94,6.47,20.9,0.3879,3975,0.0,2004,124,140,0.818,0.0,1.0,38,30,49,0.458,202,1037,日本EEZ
2026-02-26 04:10:10,20260226_041010,7,32.5000,133.7500,albacore,94,3.76,21.1,0.2568,2681,0.0,1366,137,157,0.747,0.0,1.0,31,23,41,0.464,117,953,日本EEZ
2026-02-26 04:10:10,20260226_041010,8,33.5000,135.0000,albacore,94,4.38,18.1,0.3687,3150,0.0,1092,52,0,0.859,0.0,0.176,31,23,41,0.388,102,1045,日本EEZ
2026-02-26 04:10:10,20260226_041010,9,6.7500,158.5000,bigeye,94,4.65,29.2,0.2471,4882,0.0,3487,99,159,0.253,0.0,1.0,37,29,47,0.725,223,2321,密克羅尼西亞EEZ
2026-02-26 04:10:10,20260226_041010,10,18.0000,120.2500,skipjack,93,1.74,28.1,0.3153,5000,0.0,1464,23,105,0.961,0.0,1.0,56,46,69,0.106,30,277,菲律賓EEZ
2026-02-26 04:10:10,20260226_041010,11,13.0000,120.5000,skipjack,93,1.67,28.8,0.4320,5000,0.0,1199,16,125,0.832,0.0,1.0,56,46,69,0.002,30,577,菲律賓EEZ
2026-02-26 04:10:10,20260226_041010,12,9.0000,125.0000,yellowfin,92,2.38,27.6,0.8184,5000,0.0,1055,10,56,0.855,0.0,1.0,53,42,68,0.045,56,857,菲律賓EEZ
2026-02-26 04:10:10,20260226_041010,13,14.0000,120.2500,yellowfin,92,2.45,27.0,0.0884,1483,0.0,1118,41,121,0.861,0.0,1.0,51,41,65,0.005,77,517,菲律賓EEZ
2026-02-26 04:10:10,20260226_041010,14,8.7500,126.5000,skipjack,91,1.69,28.2,0.5223,5000,0.0,1715,66,159,0.624,0.0,1.0,57,46,70,0.104,30,900,菲律賓EEZ
2026-02-26 04:10:10,20260226_041010,15,33.5000,137.7500,pacific_saury,8,4.68,17.3,0.2391,1951,0.0,3470,46,0,0.807,0.0,0.0,5,3,6,0.212,30,1168,日本EEZ
2026-02-26 04:10:10,20260226_041010,16,34.7500,140.0000,pacific_saury,8,4.78,16.6,0.2763,2129,0.0,848,54,0,0.858,0.0,0.0,5,3,6,0.029,30,1313,日本EEZ
2026-02-26 04:10:10,20260226_041010,17,35.0000,141.7500,pacific_saury,8,4.57,17.7,0.1426,1176,0.0,5712,37,0,0.862,0.0,1.0,5,3,6,0.005,30,1402,日本EEZ
2026-02-26 04:10:10,20260226_041010,18,35.0000,141.2500,japanese_flying_squid,6,3.62,16.8,0.1995,1551,0.0,3315,42,0,0.771,0.0,1.0,4,3,6,0.008,75,1379,日本EEZ
2026-02-26 04:10:10,20260226_041010,19,33.5000,136.2500,japanese_flying_squid,6,3.69,16.5,0.2521,1957,0.0,1386,28,0,0.907,0.0,0.0,5,3,6,0.342,74,1100,日本EEZ
2026-02-26 04:10:10,20260226_041010,20,34.0000,137.7500,japanese_flying_squid,6,4.17,15.2,0.2695,1909,0.0,1708,37,0,0.85,0.0,1.0,4,3,6,0.171,72,1185,日本EEZ
2026-02-26 04:26:36,20260226_042636,1,9.0000,126.2500,bigeye,100,5.67,24.4,1.0798,5000,0.0,1311,30,150,1.0,0.0,1.0,39,31,51,0.082,211,881,菲律賓EEZ
2026-02-26 04:26:36,20260226_042636,2,9.5000,126.2500,bigeye,97,4.84,28.2,0.2943,5000,0.0,2339,59,174,0.75,0.0,1.0,38,30,50,0.062,221,853,菲律賓EEZ
2026-02-26 04:26:36,20260226_042636,3,32.2500,133.2500,albacore,96,3.72,21.4,0.3123,3332,0.0,1324,124,168,0.813,0.0,1.0,32,23,42,0.433,118,922,日本EEZ
2026-02-26 04:26:36,20260226_042636,4,9.2500,126.2500,yellowfin,95,2.27,28.0,2.1865,5000,0.0,1825,66,66,1.0,0.0,1.0,51,41,64,0.072,80,867,菲律賓EEZ
2026-02-26 04:26:36,20260226_042636,5,33.0000,135.2500,bigeye,94,6.47,20.9,0.3879,3975,0.0,2004,124,140,0.818,0.0,1.0,37,28,50,0.458,202,1037,日本EEZ
2026-02-26 04:26:36,20260226_042636,6,32.5000,133.7500,albacore,94,3.76,21.1,0.2568,2681,0.0,1366,137,157,0.747,0.0,1.0,30,23,41,0.464,117,953,日本EEZ
2026-02-26 04:26:36,20260226_042636,7,33.5000,138.5000,albacore,94,4.51,17.9,0.2500,2107,0.0,3586,53,0,0.814,0.0,0.9,30,22,41,0.146,104,1202,日本EEZ
2026-02-26 04:26:36,20260226_042636,8,33.0000,135.7500,albacore,94,3.85,20.6,0.2570,2597,0.0,2839,119,128,0.78,0.0,0.957,31,23,43,0.440,116,1060,日本EEZ
2026-02-26 04:26:36,20260226_042636,9,6.7500,158.5000,bigeye,93,4.65,29.2,0.2471,4882,0.0,3487,99,159,0.253,0.0,1.0,37,28,49,0.725,223,2321,密克羅尼西亞EEZ
2026-02-26 04:26:36,20260226_042636,10,9.0000,125.0000,yellowfin,92,2.38,27.6,0.8184,5000,0.0,1055,10,56,0.855,0.0,1.0,53,42,66,0.045,56,857,菲律賓EEZ
2026-02-26 04:26:36,20260226_042636,11,14.0000,120.2500,yellowfin,92,2.45,27.0,0.0884,1483,0.0,1118,41,121,0.861,0.0,1.0,52,42,65,0.005,77,517,菲律賓EEZ
2026-02-26 04:26:36,20260226_042636,12,13.0000,120.5000,skipjack,92,1.67,28.8,0.4320,5000,0.0,1199,16,125,0.832,0.0,1.0,57,46,70,0.002,30,577,菲律賓EEZ
2026-02-26 04:26:36,20260226_042636,13,18.0000,120.2500,skipjack,91,1.74,28.1,0.3153,5000,0.0,1464,23,105,0.961,0.0,1.0,55,45,67,0.106,30,277,菲律賓EEZ
2026-02-26 04:26:36,20260226_042636,14,8.7500,126.5000,skipjack,90,1.69,28.2,0.5223,5000,0.0,1715,66,159,0.624,0.0,1.0,54,44,67,0.104,30,900,菲律賓EEZ
2026-02-26 04:26:36,20260226_042636,15,33.5000,136.2500,pacific_saury,8,4.76,16.5,0.2521,1957,0.0,1386,28,0,0.907,0.0,0.0,5,3,6,0.342,30,1100,日本EEZ
2026-02-26 04:26:36,20260226_042636,16,33.5000,137.7500,pacific_saury,8,4.68,17.3,0.2391,1951,0.0,3470,46,0,0.807,0.0,0.0,5,3,6,0.212,30,1168,日本EEZ
2026-02-26 04:26:36,20260226_042636,17,35.0000,141.7500,pacific_saury,8,4.57,17.7,0.1426,1176,0.0,5712,37,0,0.862,0.0,1.0,4,3,6,0.005,30,1402,日本EEZ
2026-02-26 04:26:36,20260226_042636,18,34.0000,137.7500,japanese_flying_squid,7,4.17,15.2,0.2695,1909,0.0,1708,37,0,0.85,0.0,1.0,5,3,6,0.171,72,1185,日本EEZ
2026-02-26 04:26:36,20260226_042636,19,35.0000,141.2500,japanese_flying_squid,7,3.62,16.8,0.1995,1551,0.0,3315,42,0,0.771,0.0,1.0,5,3,6,0.008,75,1379,日本EEZ
2026-02-26 04:26:36,20260226_042636,20,33.7500,136.2500,japanese_flying_squid,7,4.19,15.6,0.2347,1713,0.0,810,36,0,0.948,0.0,0.39,4,3,6,0.309,73,1109,日本EEZ
2026-02-26 04:41:53,20260226_044153,1,9.0000,126.2500,bigeye,100,5.67,24.4,1.0798,5000,0.0,1311,30,150,1.0,0.0,1.0,19,10,36,0.082,211,881,菲律賓EEZ
2026-02-26 04:41:53,20260226_044153,2,9.5000,126.2500,bigeye,97,4.84,28.2,0.2943,5000,0.0,2339,59,174,0.75,0.0,1.0,19,10,35,0.062,221,853,菲律賓EEZ
2026-02-26 04:41:53,20260226_044153,3,32.2500,133.2500,albacore,96,3.72,21.4,0.3123,3332,0.0,1324,124,168,0.813,0.0,1.0,16,8,31,0.433,118,922,日本EEZ
2026-02-26 04:41:53,20260226_044153,4,9.2500,126.2500,yellowfin,95,2.27,28.0,2.1865,5000,0.0,1825,66,66,1.0,0.0,1.0,22,13,38,0.072,80,867,菲律賓EEZ
2026-02-26 04:41:53,20260226_044153,5,33.0000,135.2500,bigeye,94,6.47,20.9,0.3879,3975,0.0,2004,124,140,0.818,0.0,1.0,18,10,32,0.458,202,1037,日本EEZ
2026-02-26 04:41:53,20260226_044153,6,32.5000,133.7500,albacore,94,3.76,21.1,0.2568,2681,0.0,1366,137,157,0.747,0.0,1.0,15,7,27,0.464,117,953,日本EEZ
2026-02-26 04:41:53,20260226_044153,7,33.5000,138.5000,albacore,94,4.51,17.9,0.2500,2107,0.0,3586,53,0,0.814,0.0,0.9,16,8,30,0.146,104,1202,日本EEZ
2026-02-26 04:41:53,20260226_044153,8,33.0000,135.7500,albacore,94,3.85,20.6,0.2570,2597,0.0,2839,119,128,0.78,0.0,0.957,15,8,30,0.440,116,1060,日本EEZ
2026-02-26 04:41:53,20260226_044153,9,6.7500,158.5000,bigeye,93,4.65,29.2,0.2471,4882,0.0,3487,99,159,0.253,0.0,1.0,16,9,27,0.725,223,2321,密克羅尼西亞EEZ
2026-02-26 04:41:53,20260226_044153,10,9.0000,125.0000,yellowfin,92,2.38,27.6,0.8184,5000,0.0,1055,10,56,0.855,0.0,1.0,19,11,33,0.045,56,857,菲律賓EEZ
2026-02-26 04:41:53,20260226_044153,11,14.0000,120.2500,yellowfin,92,2.45,27.0,0.0884,1483,0.0,1118,41,121,0.861,0.0,1.0,19,10,34,0.005,77,517,菲律賓EEZ
2026-02-26 04:41:53,20260226_044153,12,13.0000,120.5000,skipjack,92,1.67,28.8,0.4320,5000,0.0,1199,16,125,0.832,0.0,1.0,26,16,43,0.002,30,577,菲律賓EEZ
2026-02-26 04:41:53,20260226_044153,13,18.0000,120.2500,skipjack,91,1.74,28.1,0.3153,5000,0.0,1464,23,105,0.961,0.0,1.0,26,16,42,0.106,30,277,菲律賓EEZ
2026-02-26 04:41:53,20260226_044153,14,8.7500,126.5000,skipjack,90,1.69,28.2,0.5223,5000,0.0,1715,66,159,0.624,0.0,1.0,25,16,42,0.104,30,900,菲律賓EEZ
2026-02-26 04:41:53,20260226_044153,15,33.5000,136.2500,pacific_saury,8,4.76,16.5,0.2521,1957,0.0,1386,28,0,0.907,0.0,0.0,4,2,6,0.342,30,1100,日本EEZ
2026-02-26 04:41:53,20260226_044153,16,33.5000,137.7500,pacific_saury,8,4.68,17.3,0.2391,1951,0.0,3470,46,0,0.807,0.0,0.0,4,2,6,0.212,30,1168,日本EEZ
2026-02-26 04:41:53,20260226_044153,17,35.0000,141.7500,pacific_saury,8,4.57,17.7,0.1426,1176,0.0,5712,37,0,0.862,0.0,1.0,4,2,6,0.005,30,1402,日本EEZ
2026-02-26 04:41:53,20260226_044153,18,34.0000,137.7500,japanese_flying_squid,7,4.17,15.2,0.2695,1909,0.0,1708,37,0,0.85,0.0,1.0,4,2,6,0.171,72,1185,日本EEZ
2026-02-26 04:41:53,20260226_044153,19,35.0000,141.2500,japanese_flying_squid,7,3.62,16.8,0.1995,1551,0.0,3315,42,0,0.771,0.0,1.0,4,2,6,0.008,75,1379,日本EEZ
2026-02-26 04:41:53,20260226_044153,20,33.7500,136.2500,japanese_flying_squid,7,4.19,15.6,0.2347,1713,0.0,810,36,0,0.948,0.0,0.39,4,2,6,0.309,73,1109,日本EEZ
2026-02-26 04:57:19,20260226_045719,1,9.0000,126.2500,bigeye,100,5.67,24.4,1.0798,5000,0.0,1311,30,150,1.0,0.0,1.0,16,9,30,0.082,211,881,菲律賓EEZ
2026-02-26 04:57:19,20260226_045719,2,9.2500,126.2500,yellowfin,97,2.27,28.0,2.1865,5000,0.0,1825,66,66,1.0,0.0,1.0,19,11,34,0.072,80,867,菲律賓EEZ
2026-02-26 04:57:19,20260226_045719,3,9.5000,126.2500,bigeye,96,4.84,28.2,0.2943,5000,0.0,2339,59,174,0.75,0.0,1.0,18,10,32,0.062,221,853,菲律賓EEZ
2026-02-26 04:57:19,20260226_045719,4,32.2500,133.2500,albacore,94,3.72,21.4,0.3123,3332,0.0,1324,124,168,0.813,0.0,1.0,16,8,30,0.433,118,922,日本EEZ
2026-02-26 04:57:19,20260226_045719,5,9.0000,125.0000,yellowfin,93,2.38,27.6,0.8184,5000,0.0,1055,10,56,0.855,0.0,1.0,20,11,33,0.045,56,857,菲律賓EEZ
2026-02-26 04:57:19,20260226_045719,6,14.0000,120.2500,yellowfin,93,2.45,27.0,0.0884,1483,0.0,1118,41,121,0.861,0.0,1.0,18,10,32,0.005,77,517,菲律賓EEZ
2026-02-26 04:57:19,20260226_045719,7,9.5000,125.2500,yellowfin,93,2.41,27.5,0.6323,5000,0.0,882,18,128,0.891,0.0,1.0,19,11,33,0.039,56,833,菲律賓EEZ
2026-02-26 04:57:19,20260226_045719,8,33.5000,135.0000,albacore,92,4.38,18.1,0.3687,3150,0.0,1092,52,0,0.859,0.0,0.176,16,8,31,0.388,102,1045,日本EEZ
2026-02-26 04:57:19,20260226_045719,9,32.5000,135.2500,albacore,92,3.95,19.8,0.5279,5000,0.0,4640,188,0,0.543,0.0,1.0,14,7,30,0.523,114,1020,日本EEZ
2026-02-26 04:57:19,20260226_045719,10,33.0000,135.2500,bigeye,92,6.47,20.9,0.3879,3975,0.0,2004,124,140,0.818,0.0,1.0,19,10,35,0.458,202,1037,日本EEZ
2026-02-26 04:57:19,20260226_045719,11,32.5000,133.7500,albacore,92,3.76,21.1,0.2568,2681,0.0,1366,137,157,0.747,0.0,1.0,14,7,27,0.464,117,953,日本EEZ
2026-02-26 04:57:19,20260226_045719,12,13.0000,120.5000,skipjack,91,1.67,28.8,0.4320,5000,0.0,1199,16,125,0.832,0.0,1.0,23,14,37,0.002,30,577,菲律賓EEZ
2026-02-26 04:57:19,20260226_045719,13,18.0000,120.2500,skipjack,89,1.74,28.1,0.3153,5000,0.0,1464,23,105,0.961,0.0,1.0,25,15,39,0.106,30,277,菲律賓EEZ
2026-02-26 04:57:19,20260226_045719,14,8.7500,126.5000,skipjack,88,1.69,28.2,0.5223,5000,0.0,1715,66,159,0.624,0.0,1.0,25,16,40,0.104,30,900,菲律賓EEZ
2026-02-26 04:57:19,20260226_045719,15,33.5000,136.2500,pacific_saury,8,4.76,16.5,0.2521,1957,0.0,1386,28,0,0.907,0.0,0.0,4,2,6,0.342,30,1100,日本EEZ
2026-02-26 04:57:19,20260226_045719,16,33.5000,137.7500,pacific_saury,8,4.68,17.3,0.2391,1951,0.0,3470,46,0,0.807,0.0,0.0,4,2,7,0.212,30,1168,日本EEZ
2026-02-26 04:57:19,20260226_045719,17,33.5000,138.5000,pacific_saury,8,4.56,17.9,0.2500,2107,0.0,3586,53,0,0.814,0.0,0.9,4,2,6,0.146,30,1202,日本EEZ
2026-02-26 04:57:19,20260226_045719,18,34.0000,137.7500,japanese_flying_squid,7,4.17,15.2,0.2695,1909,0.0,1708,37,0,0.85,0.0,1.0,4,2,6,0.171,72,1185,日本EEZ
2026-02-26 04:57:19,20260226_045719,19,35.0000,141.2500,japanese_flying_squid,7,3.62,16.8,0.1995,1551,0.0,3315,42,0,0.771,0.0,1.0,4,2,6,0.008,75,1379,日本EEZ
2026-02-26 04:57:19,20260226_045719,20,33.7500,136.2500,japanese_flying_squid,7,4.19,15.6,0.2347,1713,0.0,810,36,0,0.948,0.0,0.39,4,2,6,0.309,73,1109,日本EEZ
2026-02-26 05:07:15,20260226_050715,1,9.0000,126.2500,bigeye,100,5.67,24.4,1.0798,5000,0.0,1311,30,150,1.0,0.0,1.0,19,11,34,0.082,211,881,菲律賓EEZ
2026-02-26 05:07:15,20260226_050715,2,9.2500,126.2500,yellowfin,97,2.27,28.0,2.1865,5000,0.0,1825,66,66,1.0,0.0,1.0,18,10,34,0.072,80,867,菲律賓EEZ
2026-02-26 05:07:15,20260226_050715,3,9.5000,126.2500,bigeye,96,4.84,28.2,0.2943,5000,0.0,2339,59,174,0.75,0.0,1.0,17,10,30,0.062,221,853,菲律賓EEZ
2026-02-26 05:07:15,20260226_050715,4,32.2500,133.2500,albacore,94,3.72,21.4,0.3123,3332,0.0,1324,124,168,0.813,0.0,1.0,15,8,29,0.433,118,922,日本EEZ
2026-02-26 05:07:15,20260226_050715,5,9.0000,125.0000,yellowfin,93,2.38,27.6,0.8184,5000,0.0,1055,10,56,0.855,0.0,1.0,19,11,34,0.045,56,857,菲律賓EEZ
2026-02-26 05:07:15,20260226_050715,6,14.0000,120.2500,yellowfin,93,2.45,27.0,0.0884,1483,0.0,1118,41,121,0.861,0.0,1.0,21,12,34,0.005,77,517,菲律賓EEZ
2026-02-26 05:07:15,20260226_050715,7,9.5000,125.2500,yellowfin,93,2.41,27.5,0.6323,5000,0.0,882,18,128,0.891,0.0,1.0,20,11,36,0.039,56,833,菲律賓EEZ
2026-02-26 05:07:15,20260226_050715,8,33.5000,135.0000,albacore,92,4.38,18.1,0.3687,3150,0.0,1092,52,0,0.859,0.0,0.176,16,8,30,0.388,102,1045,日本EEZ
2026-02-26 05:07:15,20260226_050715,9,32.5000,135.2500,albacore,92,3.95,19.8,0.5279,5000,0.0,4640,188,0,0.543,0.0,1.0,16,8,27,0.523,114,1020,日本EEZ
2026-02-26 05:07:15,20260226_050715,10,33.0000,135.2500,bigeye,92,6.47,20.9,0.3879,3975,0.0,2004,124,140,0.818,0.0,1.0,22,12,37,0.458,202,1037,日本EEZ
2026-02-26 05:07:15,20260226_050715,11,32.5000,133.7500,albacore,92,3.76,21.1,0.2568,2681,0.0,1366,137,157,0.747,0.0,1.0,15,8,31,0.464,117,953,日本EEZ
2026-02-26 05:07:15,20260226_050715,12,13.0000,120.5000,skipjack,91,1.67,28.8,0.4320,5000,0.0,1199,16,125,0.832,0.0,1.0,25,15,39,0.002,30,577,菲律賓EEZ
2026-02-26 05:07:15,20260226_050715,13,18.0000,120.2500,skipjack,89,1.74,28.1,0.3153,5000,0.0,1464,23,105,0.961,0.0,1.0,29,18,46,0.106,30,277,菲律賓EEZ
2026-02-26 05:07:15,20260226_050715,14,8.7500,126.5000,skipjack,88,1.69,28.2,0.5223,5000,0.0,1715,66,159,0.624,0.0,1.0,24,15,36,0.104,30,900,菲律賓EEZ
2026-02-26 05:07:15,20260226_050715,15,33.5000,136.2500,pacific_saury,8,4.76,16.5,0.2521,1957,0.0,1386,28,0,0.907,0.0,0.0,4,2,6,0.342,30,1100,日本EEZ
2026-02-26 05:07:15,20260226_050715,16,33.5000,137.7500,pacific_saury,8,4.68,17.3,0.2391,1951,0.0,3470,46,0,0.807,0.0,0.0,4,2,7,0.212,30,1168,日本EEZ
2026-02-26 05:07:15,20260226_050715,17,33.5000,138.5000,pacific_saury,8,4.56,17.9,0.2500,2107,0.0,3586,53,0,0.814,0.0,0.9,4,2,6,0.146,30,1202,日本EEZ
2026-02-26 05:07:15,20260226_050715,18,34.0000,137.7500,japanese_flying_squid,7,4.17,15.2,0.2695,1909,0.0,1708,37,0,0.85,0.0,1.0,4,2,6,0.171,72,1185,日本EEZ
2026-02-26 05:07:15,20260226_050715,19,35.0000,141.2500,japanese_flying_squid,7,3.62,16.8,0.1995,1551,0.0,3315,42,0,0.771,0.0,1.0,4,2,6,0.008,75,1379,日本EEZ
2026-02-26 05:07:15,20260226_050715,20,33.7500,136.2500,japanese_flying_squid,7,4.19,15.6,0.2347,1713,0.0,810,36,0,0.948,0.0,0.39,4,2,6,0.309,73,1109,日本EEZ
2026-02-26 05:26:02,20260226_052602,1,9.0000,126.2500,bigeye,100,5.67,24.4,1.0798,5000,0.0,1311,30,150,1.0,0.0,1.0,20,11,35,0.082,211,881,菲律賓EEZ
2026-02-26 05:26:02,20260226_052602,2,9.2500,126.2500,yellowfin,97,2.27,28.0,2.1865,5000,0.0,1825,66,66,1.0,0.0,1.0,20,11,33,0.072,80,867,菲律賓EEZ
2026-02-26 05:26:02,20260226_052602,3,9.5000,126.2500,bigeye,96,4.84,28.2,0.2943,5000,0.0,2339,59,174,0.75,0.0,1.0,19,10,35,0.062,221,853,菲律賓EEZ
2026-02-26 05:26:02,20260226_052602,4,32.2500,133.2500,albacore,94,3.72,21.4,0.3123,3332,0.0,1324,124,168,0.813,0.0,1.0,15,8,29,0.433,118,922,日本EEZ
2026-02-26 05:26:02,20260226_052602,5,9.0000,125.0000,yellowfin,93,2.38,27.6,0.8184,5000,0.0,1055,10,56,0.855,0.0,1.0,17,10,30,0.045,56,857,菲律賓EEZ
2026-02-26 05:26:02,20260226_052602,6,14.0000,120.2500,yellowfin,93,2.45,27.0,0.0884,1483,0.0,1118,41,121,0.861,0.0,1.0,18,10,32,0.005,77,517,菲律賓EEZ
2026-02-26 05:26:02,20260226_052602,7,9.5000,125.2500,yellowfin,93,2.41,27.5,0.6323,5000,0.0,882,18,128,0.891,0.0,1.0,21,12,37,0.039,56,833,菲律賓EEZ
2026-02-26 05:26:02,20260226_052602,8,33.0000,135.2500,bigeye,92,6.47,20.9,0.3879,3975,0.0,2004,124,140,0.818,0.0,1.0,21,12,37,0.458,202,1037,日本EEZ
2026-02-26 05:26:02,20260226_052602,9,33.5000,138.5000,albacore,92,4.51,17.9,0.2500,2107,0.0,3586,53,0,0.814,0.0,0.9,18,9,34,0.146,104,1202,日本EEZ
2026-02-26 05:26:02,20260226_052602,10,33.5000,135.0000,albacore,92,4.38,18.1,0.3687,3150,0.0,1092,52,0,0.859,0.0,0.176,15,7,28,0.388,102,1045,日本EEZ
2026-02-26 05:26:02,20260226_052602,11,32.5000,135.2500,albacore,92,3.95,19.8,0.5279,5000,0.0,4640,188,0,0.543,0.0,1.0,16,8,27,0.523,114,1020,日本EEZ
2026-02-26 05:26:02,20260226_052602,12,13.0000,120.5000,skipjack,91,1.67,28.8,0.4320,5000,0.0,1199,16,125,0.832,0.0,1.0,26,16,41,0.002,30,577,菲律賓EEZ
2026-02-26 05:26:02,20260226_052602,13,18.0000,120.2500,skipjack,90,1.74,28.1,0.3153,5000,0.0,1464,23,105,0.961,0.0,1.0,27,17,42,0.106,30,277,菲律賓EEZ
2026-02-26 05:26:02,20260226_052602,14,8.7500,126.5000,skipjack,89,1.69,28.2,0.5223,5000,0.0,1715,66,159,0.624,0.0,1.0,24,15,40,0.104,30,900,菲律賓EEZ
2026-02-26 05:26:02,20260226_052602,15,33.5000,136.2500,pacific_saury,8,4.76,16.5,0.2521,1957,0.0,1386,28,0,0.907,0.0,0.0,4,2,6,0.342,30,1100,日本EEZ
2026-02-26 05:26:02,20260226_052602,16,33.5000,137.7500,pacific_saury,8,4.68,17.3,0.2391,1951,0.0,3470,46,0,0.807,0.0,0.0,4,2,6,0.212,30,1168,日本EEZ
2026-02-26 05:26:02,20260226_052602,17,35.0000,141.7500,pacific_saury,8,4.57,17.7,0.1426,1176,0.0,5712,37,0,0.862,0.0,1.0,4,2,6,0.005,30,1402,日本EEZ
2026-02-26 05:26:02,20260226_052602,18,34.0000,137.7500,japanese_flying_squid,7,4.17,15.2,0.2695,1909,0.0,1708,37,0,0.85,0.0,1.0,4,2,6,0.171,72,1185,日本EEZ
2026-02-26 05:26:02,20260226_052602,19,35.0000,141.2500,japanese_flying_squid,7,3.62,16.8,0.1995,1551,0.0,3315,42,0,0.771,0.0,1.0,4,2,6,0.008,75,1379,日本EEZ
2026-02-26 05:26:02,20260226_052602,20,33.7500,136.2500,japanese_flying_squid,7,4.19,15.6,0.2347,1713,0.0,810,36,0,0.948,0.0,0.39,4,2,7,0.309,73,1109,日本EEZ
2026-02-26 11:49:41,20260226_114941,1,9.0000,126.2500,yellowfin,99,2.77,24.4,1.0798,5000,0.0,1311,30,150,1.0,0.0,1.0,19,11,35,0.082,63,881,菲律賓EEZ
2026-02-26 11:49:41,20260226_114941,2,29.7500,132.0000,albacore,97,3.78,21.2,0.2018,2177,0.0,4722,74,132,0.68,0.0,1.0,15,8,29,0.263,118,778,公海
2026-02-26 11:49:41,20260226_114941,3,14.0000,120.2500,yellowfin,94,2.44,27.0,0.0884,1488,0.0,1118,38,123,0.899,0.0,1.0,19,10,33,0.005,77,517,菲律賓EEZ
2026-02-26 11:49:41,20260226_114941,4,29.7500,131.2500,albacore,93,3.90,20.5,0.1644,1699,0.0,2795,70,72,0.685,0.0,0.676,17,8,28,0.178,116,744,公海
2026-02-26 11:49:41,20260226_114941,5,9.5000,126.2500,yellowfin,93,2.29,27.8,0.2943,5000,0.0,2339,64,163,0.75,0.0,1.0,16,9,28,0.062,79,853,菲律賓EEZ
2026-02-26 11:49:41,20260226_114941,6,9.5000,125.2500,yellowfin,93,2.40,27.5,0.6323,5000,0.0,882,16,129,0.883,0.0,1.0,18,10,32,0.039,56,833,菲律賓EEZ
2026-02-26 11:49:41,20260226_114941,7,32.2500,133.2500,albacore,93,3.79,21.1,0.3123,3271,0.0,1324,106,143,0.741,0.0,1.0,15,8,28,0.433,118,922,日本EEZ
2026-02-26 11:49:41,20260226_114941,8,33.0000,135.7500,albacore,93,3.88,20.3,0.2570,2538,0.0,2839,143,120,0.788,0.0,0.483,16,9,30,0.440,115,1060,日本EEZ
2026-02-26 11:49:41,20260226_114941,9,13.0000,120.5000,skipjack,92,1.67,28.9,0.4320,5000,0.0,1199,13,126,0.832,0.0,1.0,26,16,41,0.002,30,577,菲律賓EEZ
2026-02-26 11:49:41,20260226_114941,10,9.5000,124.2500,bigeye,92,5.09,27.2,0.4325,5000,0.0,1198,47,109,0.78,0.004,1.0,19,11,35,0.021,218,817,菲律賓EEZ
2026-02-26 11:49:41,20260226_114941,11,33.0000,135.2500,bigeye,90,6.53,20.5,0.3879,3888,0.0,2004,127,127,0.779,0.0,1.0,18,10,33,0.458,201,1037,日本EEZ
2026-02-26 11:49:41,20260226_114941,12,7.0000,126.7500,bigeye,89,4.90,27.7,0.2579,4629,0.0,3286,68,128,0.706,0.0,1.0,18,10,32,0.236,219,1003,菲律賓EEZ
2026-02-26 11:49:41,20260226_114941,13,8.7500,126.7500,skipjack,85,1.68,28.2,0.2640,4875,0.0,4540,63,144,0.528,0.0,1.0,22,14,36,0.114,30,906,菲律賓EEZ
2026-02-26 11:49:41,20260226_114941,14,6.2500,125.7500,skipjack,82,1.60,28.6,0.1774,3389,0.0,890,17,148,0.479,0.01,1.0,24,15,40,0.192,30,1027,菲律賓EEZ
2026-02-26 11:49:41,20260226_114941,15,33.5000,137.7500,pacific_saury,7,4.74,17.0,0.2391,1908,0.0,3470,42,0,0.632,0.0,0.0,4,2,6,0.212,30,1168,日本EEZ
2026-02-26 11:49:41,20260226_114941,16,33.5000,136.7500,pacific_saury,7,4.70,17.4,0.2366,1932,0.0,2046,52,0,0.803,0.0,0.907,4,2,6,0.304,30,1122,日本EEZ
2026-02-26 11:49:41,20260226_114941,17,34.0000,137.2500,pacific_saury,7,4.86,17.1,0.1822,1455,0.0,1429,17,0,0.701,0.0,1.0,4,2,6,0.209,30,1162,日本EEZ
2026-02-26 11:49:41,20260226_114941,18,34.2500,137.7500,japanese_flying_squid,6,4.11,15.6,0.2536,1837,0.0,1030,58,0,0.661,0.0,1.0,4,2,7,0.152,73,1193,日本EEZ
2026-02-26 11:49:41,20260226_114941,19,34.5000,138.2500,japanese_flying_squid,6,4.34,14.9,0.4323,2995,0.0,1386,78,0,0.865,0.0,0.0,4,2,6,0.105,72,1225,日本EEZ
2026-02-26 11:49:41,20260226_114941,20,33.5000,136.2500,japanese_flying_squid,6,3.49,17.4,0.2521,2063,0.0,1386,22,0,0.889,0.0,0.0,4,2,6,0.342,75,1100,日本EEZ
2026-02-26 11:52:01,20260226_115201,1,9.0000,126.2500,yellowfin,99,2.77,24.4,1.0798,5000,0.0,1311,30,150,1.0,0.0,1.0,18,10,31,0.082,63,881,菲律賓EEZ
2026-02-26 11:52:01,20260226_115201,2,29.7500,132.0000,albacore,97,3.78,21.2,0.2018,2177,0.0,4722,74,132,0.68,0.0,1.0,15,8,27,0.263,118,778,公海
2026-02-26 11:52:01,20260226_115201,3,14.0000,120.2500,yellowfin,94,2.44,27.0,0.0884,1488,0.0,1118,38,123,0.899,0.0,1.0,18,11,32,0.005,77,517,菲律賓EEZ
2026-02-26 11:52:01,20260226_115201,4,29.7500,131.2500,albacore,93,3.90,20.5,0.1644,1699,0.0,2795,70,72,0.685,0.0,0.676,17,9,32,0.178,116,744,公海
2026-02-26 11:52:01,20260226_115201,5,9.5000,126.2500,yellowfin,93,2.29,27.8,0.2943,5000,0.0,2339,64,163,0.75,0.0,1.0,19,11,33,0.062,79,853,菲律賓EEZ
2026-02-26 11:52:01,20260226_115201,6,9.5000,125.2500,yellowfin,93,2.40,27.5,0.6323,5000,0.0,882,16,129,0.883,0.0,1.0,18,10,31,0.039,56,833,菲律賓EEZ
2026-02-26 11:52:01,20260226_115201,7,32.2500,133.2500,albacore,93,3.79,21.1,0.3123,3271,0.0,1324,106,143,0.741,0.0,1.0,15,8,29,0.433,118,922,日本EEZ
2026-02-26 11:52:01,20260226_115201,8,33.0000,135.7500,albacore,93,3.88,20.3,0.2570,2538,0.0,2839,143,120,0.788,0.0,0.483,17,9,32,0.440,115,1060,日本EEZ
2026-02-26 11:52:01,20260226_115201,9,13.0000,120.5000,skipjack,92,1.67,28.9,0.4320,5000,0.0,1199,13,126,0.832,0.0,1.0,25,15,40,0.002,30,577,菲律賓EEZ
2026-02-26 11:52:01,20260226_115201,10,9.5000,124.2500,bigeye,92,5.09,27.2,0.4325,5000,0.0,1198,47,109,0.78,0.004,1.0,18,10,31,0.021,218,817,菲律賓EEZ
2026-02-26 11:52:01,20260226_115201,11,33.0000,135.2500,bigeye,90,6.53,20.5,0.3879,3888,0.0,2004,127,127,0.779,0.0,1.0,18,11,33,0.458,201,1037,日本EEZ
2026-02-26 11:52:01,20260226_115201,12,7.0000,126.7500,bigeye,89,4.90,27.7,0.2579,4629,0.0,3286,68,128,0.706,0.0,1.0,18,10,33,0.236,219,1003,菲律賓EEZ
2026-02-26 11:52:01,20260226_115201,13,8.7500,126.7500,skipjack,85,1.68,28.2,0.2640,4875,0.0,4540,63,144,0.528,0.0,1.0,23,14,36,0.114,30,906,菲律賓EEZ
2026-02-26 11:52:01,20260226_115201,14,6.2500,125.7500,skipjack,82,1.60,28.6,0.1774,3389,0.0,890,17,148,0.479,0.01,1.0,26,16,42,0.192,30,1027,菲律賓EEZ
2026-02-26 11:52:01,20260226_115201,15,33.5000,137.7500,pacific_saury,7,4.74,17.0,0.2391,1908,0.0,3470,42,0,0.632,0.0,0.0,4,2,6,0.212,30,1168,日本EEZ
2026-02-26 11:52:01,20260226_115201,16,33.5000,136.7500,pacific_saury,7,4.70,17.4,0.2366,1932,0.0,2046,52,0,0.803,0.0,0.907,4,2,6,0.304,30,1122,日本EEZ
2026-02-26 11:52:01,20260226_115201,17,34.0000,137.2500,pacific_saury,7,4.86,17.1,0.1822,1455,0.0,1429,17,0,0.701,0.0,1.0,4,2,6,0.209,30,1162,日本EEZ
2026-02-26 11:52:01,20260226_115201,18,34.2500,137.7500,japanese_flying_squid,6,4.11,15.6,0.2536,1837,0.0,1030,58,0,0.661,0.0,1.0,4,2,6,0.152,73,1193,日本EEZ
2026-02-26 11:52:01,20260226_115201,19,34.5000,138.2500,japanese_flying_squid,6,4.34,14.9,0.4323,2995,0.0,1386,78,0,0.865,0.0,0.0,4,2,7,0.105,72,1225,日本EEZ
2026-02-26 11:52:01,20260226_115201,20,33.5000,136.2500,japanese_flying_squid,6,3.49,17.4,0.2521,2063,0.0,1386,22,0,0.889,0.0,0.0,4,2,6,0.342,75,1100,日本EEZ
2026-02-26 12:12:18,20260226_121218,1,9.0000,126.2500,yellowfin,99,2.77,24.4,1.0798,5000,0.0,1311,30,150,1.0,0.0,1.0,20,11,36,0.082,63,881,菲律賓EEZ
2026-02-26 12:12:18,20260226_121218,2,29.7500,132.0000,albacore,97,3.78,21.2,0.2018,2177,0.0,4722,74,132,0.68,0.0,1.0,14,7,29,0.263,118,778,公海
2026-02-26 12:12:18,20260226_121218,3,14.0000,120.2500,yellowfin,94,2.44,27.0,0.0884,1488,0.0,1118,38,123,0.899,0.0,1.0,18,9,32,0.005,77,517,菲律賓EEZ
2026-02-26 12:12:18,20260226_121218,4,29.7500,131.2500,albacore,93,3.90,20.5,0.1644,1699,0.0,2795,70,72,0.685,0.0,0.676,17,9,31,0.178,116,744,公海
2026-02-26 12:12:18,20260226_121218,5,9.5000,126.2500,yellowfin,93,2.29,27.8,0.2943,5000,0.0,2339,64,163,0.75,0.0,1.0,18,11,34,0.062,79,853,菲律賓EEZ
2026-02-26 12:12:18,20260226_121218,6,9.5000,125.2500,yellowfin,93,2.40,27.5,0.6323,5000,0.0,882,16,129,0.883,0.0,1.0,18,10,35,0.039,56,833,菲律賓EEZ
2026-02-26 12:12:18,20260226_121218,7,32.2500,133.2500,albacore,93,3.79,21.1,0.3123,3271,0.0,1324,106,143,0.741,0.0,1.0,14,7,28,0.433,118,922,日本EEZ
2026-02-26 12:12:18,20260226_121218,8,33.0000,135.7500,albacore,93,3.88,20.3,0.2570,2538,0.0,2839,143,120,0.788,0.0,0.483,17,9,32,0.440,115,1060,日本EEZ
2026-02-26 12:12:18,20260226_121218,9,9.5000,124.2500,bigeye,91,5.09,27.2,0.4325,5000,0.0,1198,47,109,0.78,0.004,1.0,17,10,32,0.021,218,817,菲律賓EEZ
2026-02-26 12:12:18,20260226_121218,10,13.0000,120.5000,skipjack,91,1.67,28.9,0.4320,5000,0.0,1199,13,126,0.832,0.0,1.0,26,16,39,0.002,30,577,菲律賓EEZ
2026-02-26 12:12:18,20260226_121218,11,33.0000,135.2500,bigeye,89,6.53,20.5,0.3879,3888,0.0,2004,127,127,0.779,0.0,1.0,18,10,32,0.458,201,1037,日本EEZ
2026-02-26 12:12:18,20260226_121218,12,7.0000,126.7500,bigeye,89,4.90,27.7,0.2579,4629,0.0,3286,68,128,0.706,0.0,1.0,16,9,30,0.236,219,1003,菲律賓EEZ
2026-02-26 12:12:18,20260226_121218,13,8.7500,126.7500,skipjack,85,1.68,28.2,0.2640,4875,0.0,4540,63,144,0.528,0.0,1.0,24,15,38,0.114,30,906,菲律賓EEZ
2026-02-26 12:12:18,20260226_121218,14,6.2500,125.7500,skipjack,82,1.60,28.6,0.1774,3389,0.0,890,17,148,0.479,0.01,1.0,27,16,43,0.192,30,1027,菲律賓EEZ
2026-02-26 12:12:18,20260226_121218,15,33.5000,137.7500,pacific_saury,7,4.74,17.0,0.2391,1908,0.0,3470,42,0,0.632,0.0,0.0,4,2,6,0.212,30,1168,日本EEZ
2026-02-26 12:12:18,20260226_121218,16,33.5000,136.7500,pacific_saury,7,4.70,17.4,0.2366,1932,0.0,2046,52,0,0.803,0.0,0.907,4,2,6,0.304,30,1122,日本EEZ
2026-02-26 12:12:18,20260226_121218,17,34.0000,137.2500,pacific_saury,7,4.86,17.1,0.1822,1455,0.0,1429,17,0,0.701,0.0,1.0,4,2,6,0.209,30,1162,日本EEZ
2026-02-26 12:12:18,20260226_121218,18,34.2500,137.7500,japanese_flying_squid,6,4.11,15.6,0.2536,1837,0.0,1030,58,0,0.661,0.0,1.0,4,2,6,0.152,73,1193,日本EEZ
2026-02-26 12:12:18,20260226_121218,19,34.5000,138.2500,japanese_flying_squid,6,4.34,14.9,0.4323,2995,0.0,1386,78,0,0.865,0.0,0.0,4,2,6,0.105,72,1225,日本EEZ
2026-02-26 12:12:18,20260226_121218,20,33.5000,136.2500,japanese_flying_squid,6,3.49,17.4,0.2521,2063,0.0,1386,22,0,0.889,0.0,0.0,3,2,6,0.342,75,1100,日本EEZ
2026-02-26 12:34:02,20260226_123402,1,9.0000,126.2500,yellowfin,99,2.77,24.4,1.0798,5000,0.0,1311,30,150,1.0,0.0,1.0,17,10,30,0.082,63,881,菲律賓EEZ
2026-02-26 12:34:02,20260226_123402,2,29.7500,132.0000,albacore,97,3.78,21.2,0.2018,2177,0.0,4722,74,132,0.68,0.0,1.0,16,8,29,0.263,118,778,公海
2026-02-26 12:34:02,20260226_123402,3,14.0000,120.2500,yellowfin,94,2.44,27.0,0.0884,1488,0.0,1118,38,123,0.899,0.0,1.0,17,10,32,0.005,77,517,菲律賓EEZ
2026-02-26 12:34:02,20260226_123402,4,29.7500,131.2500,albacore,93,3.90,20.5,0.1644,1699,0.0,2795,70,72,0.685,0.0,0.676,17,9,33,0.178,116,744,公海
2026-02-26 12:34:02,20260226_123402,5,9.5000,126.2500,yellowfin,93,2.29,27.8,0.2943,5000,0.0,2339,64,163,0.75,0.0,1.0,21,12,37,0.062,79,853,菲律賓EEZ
2026-02-26 12:34:02,20260226_123402,6,9.5000,125.2500,yellowfin,93,2.40,27.5,0.6323,5000,0.0,882,16,129,0.883,0.0,1.0,18,10,33,0.039,56,833,菲律賓EEZ
2026-02-26 12:34:02,20260226_123402,7,32.2500,133.2500,albacore,93,3.79,21.1,0.3123,3271,0.0,1324,106,143,0.741,0.0,1.0,14,7,29,0.433,118,922,日本EEZ
2026-02-26 12:34:02,20260226_123402,8,33.0000,135.7500,albacore,93,3.88,20.3,0.2570,2538,0.0,2839,143,120,0.788,0.0,0.483,14,7,27,0.440,115,1060,日本EEZ
2026-02-26 12:34:02,20260226_123402,9,9.5000,124.2500,bigeye,91,5.09,27.2,0.4325,5000,0.0,1198,47,109,0.78,0.004,1.0,18,10,31,0.021,218,817,菲律賓EEZ
2026-02-26 12:34:02,20260226_123402,10,13.0000,120.5000,skipjack,91,1.67,28.9,0.4320,5000,0.0,1199,13,126,0.832,0.0,1.0,22,14,38,0.002,30,577,菲律賓EEZ
2026-02-26 12:34:02,20260226_123402,11,33.0000,135.2500,bigeye,89,6.53,20.5,0.3879,3888,0.0,2004,127,127,0.779,0.0,1.0,20,11,37,0.458,201,1037,日本EEZ
2026-02-26 12:34:02,20260226_123402,12,7.0000,126.7500,bigeye,89,4.90,27.7,0.2579,4629,0.0,3286,68,128,0.706,0.0,1.0,18,10,33,0.236,219,1003,菲律賓EEZ
2026-02-26 12:34:02,20260226_123402,13,8.7500,126.7500,skipjack,85,1.68,28.2,0.2640,4875,0.0,4540,63,144,0.528,0.0,1.0,27,17,44,0.114,30,906,菲律賓EEZ
2026-02-26 12:34:02,20260226_123402,14,6.2500,125.7500,skipjack,82,1.60,28.6,0.1774,3389,0.0,890,17,148,0.479,0.01,1.0,25,17,42,0.192,30,1027,菲律賓EEZ
2026-02-26 12:34:02,20260226_123402,15,33.5000,137.7500,pacific_saury,7,4.74,17.0,0.2391,1908,0.0,3470,42,0,0.632,0.0,0.0,4,2,6,0.212,30,1168,日本EEZ
2026-02-26 12:34:02,20260226_123402,16,33.5000,136.7500,pacific_saury,7,4.70,17.4,0.2366,1932,0.0,2046,52,0,0.803,0.0,0.907,4,2,6,0.304,30,1122,日本EEZ
2026-02-26 12:34:02,20260226_123402,17,34.0000,137.2500,pacific_saury,7,4.86,17.1,0.1822,1455,0.0,1429,17,0,0.701,0.0,1.0,4,2,6,0.209,30,1162,日本EEZ
2026-02-26 12:34:02,20260226_123402,18,34.2500,137.7500,japanese_flying_squid,6,4.11,15.6,0.2536,1837,0.0,1030,58,0,0.661,0.0,1.0,4,2,6,0.152,73,1193,日本EEZ
2026-02-26 12:34:02,20260226_123402,19,34.5000,138.2500,japanese_flying_squid,6,4.34,14.9,0.4323,2995,0.0,1386,78,0,0.865,0.0,0.0,4,2,6,0.105,72,1225,日本EEZ
2026-02-26 12:34:02,20260226_123402,20,33.5000,136.2500,japanese_flying_squid,6,3.49,17.4,0.2521,2063,0.0,1386,22,0,0.889,0.0,0.0,4,2,6,0.342,75,1100,日本EEZ
2026-02-26 13:00:01,20260226_130001,1,9.0000,126.2500,yellowfin,100,2.77,24.4,1.0798,5000,0.0,1311,30,150,1.0,0.0,1.0,21,13,38,0.082,63,881,菲律賓EEZ
2026-02-26 13:00:01,20260226_130001,2,29.7500,132.0000,albacore,97,3.78,21.2,0.2018,2177,0.0,4722,74,132,0.68,0.0,1.0,18,9,34,0.263,118,778,公海
2026-02-26 13:00:01,20260226_130001,3,14.0000,120.2500,yellowfin,96,2.44,27.0,0.0884,1488,0.0,1118,38,123,0.899,0.0,1.0,20,11,36,0.005,77,517,菲律賓EEZ
2026-02-26 13:00:01,20260226_130001,4,9.5000,126.2500,yellowfin,96,2.29,27.8,0.2943,5000,0.0,2339,64,163,0.75,0.0,1.0,18,11,33,0.062,79,853,菲律賓EEZ
2026-02-26 13:00:01,20260226_130001,5,9.5000,125.2500,yellowfin,95,2.40,27.5,0.6323,5000,0.0,882,16,129,0.883,0.0,1.0,22,13,39,0.039,56,833,菲律賓EEZ
2026-02-26 13:00:01,20260226_130001,6,9.0000,125.0000,yellowfin,95,2.39,27.5,0.8184,5000,0.0,1055,17,56,0.832,0.0,1.0,18,9,31,0.045,56,857,菲律賓EEZ
2026-02-26 13:00:01,20260226_130001,7,29.7500,131.2500,albacore,93,3.90,20.5,0.1644,1699,0.0,2795,70,72,0.685,0.0,0.676,14,7,27,0.178,116,744,公海
2026-02-26 13:00:01,20260226_130001,8,32.2500,133.2500,albacore,93,3.79,21.1,0.3123,3271,0.0,1324,106,143,0.741,0.0,1.0,16,9,33,0.433,118,922,日本EEZ
2026-02-26 13:00:01,20260226_130001,9,9.5000,124.2500,bigeye,92,5.09,27.2,0.4325,5000,0.0,1198,47,109,0.78,0.004,1.0,18,10,34,0.021,218,817,菲律賓EEZ
2026-02-26 13:00:01,20260226_130001,10,13.0000,120.5000,skipjack,91,1.67,28.9,0.4320,5000,0.0,1199,13,126,0.832,0.0,1.0,25,15,38,0.002,30,577,菲律賓EEZ
2026-02-26 13:00:01,20260226_130001,11,33.0000,135.2500,bigeye,90,6.53,20.5,0.3879,3888,0.0,2004,127,127,0.779,0.0,1.0,18,10,31,0.458,201,1037,日本EEZ
2026-02-26 13:00:01,20260226_130001,12,7.0000,126.7500,bigeye,90,4.90,27.7,0.2579,4629,0.0,3286,68,128,0.706,0.0,1.0,20,10,34,0.236,219,1003,菲律賓EEZ
2026-02-26 13:00:01,20260226_130001,13,8.7500,126.7500,skipjack,85,1.68,28.2,0.2640,4875,0.0,4540,63,144,0.528,0.0,1.0,25,15,40,0.114,30,906,菲律賓EEZ
2026-02-26 13:00:01,20260226_130001,14,6.2500,125.7500,skipjack,82,1.60,28.6,0.1774,3389,0.0,890,17,148,0.479,0.01,1.0,29,19,45,0.192,30,1027,菲律賓EEZ
2026-02-26 13:00:01,20260226_130001,15,33.5000,137.7500,pacific_saury,7,4.74,17.0,0.2391,1908,0.0,3470,42,0,0.632,0.0,0.0,4,2,6,0.212,30,1168,日本EEZ
2026-02-26 13:00:01,20260226_130001,16,33.5000,136.7500,pacific_saury,7,4.70,17.4,0.2366,1932,0.0,2046,52,0,0.803,0.0,0.907,4,2,6,0.304,30,1122,日本EEZ
2026-02-26 13:00:01,20260226_130001,17,34.0000,137.2500,pacific_saury,7,4.86,17.1,0.1822,1455,0.0,1429,17,0,0.701,0.0,1.0,4,2,6,0.209,30,1162,日本EEZ
2026-02-26 13:00:01,20260226_130001,18,34.2500,137.7500,japanese_flying_squid,6,4.11,15.6,0.2536,1837,0.0,1030,58,0,0.661,0.0,1.0,4,2,6,0.152,73,1193,日本EEZ
2026-02-26 13:00:01,20260226_130001,19,34.5000,138.2500,japanese_flying_squid,6,4.34,14.9,0.4323,2995,0.0,1386,78,0,0.865,0.0,0.0,4,2,6,0.105,72,1225,日本EEZ
2026-02-26 13:00:01,20260226_130001,20,33.5000,136.2500,japanese_flying_squid,6,3.49,17.4,0.2521,2063,0.0,1386,22,0,0.889,0.0,0.0,4,2,6,0.342,75,1100,日本EEZ
2026-02-26 13:15:18,20260226_131518,1,9.0000,126.2500,yellowfin,100,2.77,24.4,1.0798,5000,0.0,1311,30,150,1.0,0.0,1.0,18,11,33,0.082,63,881,菲律賓EEZ
2026-02-26 13:15:18,20260226_131518,2,29.7500,132.0000,albacore,97,3.78,21.2,0.2018,2177,0.0,4722,74,132,0.68,0.0,1.0,15,8,28,0.263,118,778,公海
2026-02-26 13:15:18,20260226_131518,3,14.0000,120.2500,yellowfin,96,2.44,27.0,0.0884,1488,0.0,1118,38,123,0.899,0.0,1.0,17,10,30,0.005,77,517,菲律賓EEZ
2026-02-26 13:15:18,20260226_131518,4,9.5000,126.2500,yellowfin,96,2.29,27.8,0.2943,5000,0.0,2339,64,163,0.75,0.0,1.0,18,10,31,0.062,79,853,菲律賓EEZ
2026-02-26 13:15:18,20260226_131518,5,9.5000,125.2500,yellowfin,95,2.40,27.5,0.6323,5000,0.0,882,16,129,0.883,0.0,1.0,18,10,32,0.039,56,833,菲律賓EEZ
2026-02-26 13:15:18,20260226_131518,6,9.0000,125.0000,yellowfin,95,2.39,27.5,0.8184,5000,0.0,1055,17,56,0.832,0.0,1.0,20,12,34,0.045,56,857,菲律賓EEZ
2026-02-26 13:15:18,20260226_131518,7,29.7500,131.2500,albacore,93,3.90,20.5,0.1644,1699,0.0,2795,70,72,0.685,0.0,0.676,16,9,33,0.178,116,744,公海
2026-02-26 13:15:18,20260226_131518,8,32.2500,133.2500,albacore,93,3.79,21.1,0.3123,3271,0.0,1324,106,143,0.741,0.0,1.0,13,7,25,0.433,118,922,日本EEZ
2026-02-26 13:15:18,20260226_131518,9,9.5000,124.2500,bigeye,91,5.09,27.2,0.4325,5000,0.0,1198,47,109,0.78,0.004,1.0,20,11,34,0.021,218,817,菲律賓EEZ
2026-02-26 13:15:18,20260226_131518,10,13.0000,120.5000,skipjack,91,1.67,28.9,0.4320,5000,0.0,1199,13,126,0.832,0.0,1.0,25,16,41,0.002,30,577,菲律賓EEZ
2026-02-26 13:15:18,20260226_131518,11,33.0000,135.2500,bigeye,90,6.53,20.5,0.3879,3888,0.0,2004,127,127,0.779,0.0,1.0,20,11,33,0.458,201,1037,日本EEZ
2026-02-26 13:15:18,20260226_131518,12,7.0000,126.7500,bigeye,89,4.90,27.7,0.2579,4629,0.0,3286,68,128,0.706,0.0,1.0,19,11,34,0.236,219,1003,菲律賓EEZ
2026-02-26 13:15:18,20260226_131518,13,8.7500,126.7500,skipjack,85,1.68,28.2,0.2640,4875,0.0,4540,63,144,0.528,0.0,1.0,27,16,43,0.114,30,906,菲律賓EEZ
2026-02-26 13:15:18,20260226_131518,14,6.2500,125.7500,skipjack,82,1.60,28.6,0.1774,3389,0.0,890,17,148,0.479,0.01,1.0,26,16,43,0.192,30,1027,菲律賓EEZ
2026-02-26 13:15:18,20260226_131518,15,33.5000,137.7500,pacific_saury,7,4.74,17.0,0.2391,1908,0.0,3470,42,0,0.632,0.0,0.0,4,2,6,0.212,30,1168,日本EEZ
2026-02-26 13:15:18,20260226_131518,16,33.5000,136.7500,pacific_saury,7,4.70,17.4,0.2366,1932,0.0,2046,52,0,0.803,0.0,0.907,4,2,6,0.304,30,1122,日本EEZ
2026-02-26 13:15:18,20260226_131518,17,34.0000,137.2500,pacific_saury,7,4.86,17.1,0.1822,1455,0.0,1429,17,0,0.701,0.0,1.0,4,2,6,0.209,30,1162,日本EEZ
2026-02-26 13:15:18,20260226_131518,18,34.2500,137.7500,japanese_flying_squid,6,4.11,15.6,0.2536,1837,0.0,1030,58,0,0.661,0.0,1.0,4,2,6,0.152,73,1193,日本EEZ
2026-02-26 13:15:18,20260226_131518,19,34.5000,138.2500,japanese_flying_squid,6,4.34,14.9,0.4323,2995,0.0,1386,78,0,0.865,0.0,0.0,4,2,6,0.105,72,1225,日本EEZ
2026-02-26 13:15:18,20260226_131518,20,33.5000,136.2500,japanese_flying_squid,6,3.49,17.4,0.2521,2063,0.0,1386,22,0,0.889,0.0,0.0,4,2,6,0.342,75,1100,日本EEZ
2026-02-26 16:20:21,20260226_162021,1,9.0000,126.2500,yellowfin,100,2.77,24.4,1.0798,5000,0.0,1311,30,150,1.0,0.0,1.0,18,10,32,0.082,63,881,菲律賓EEZ
2026-02-26 16:20:21,20260226_162021,2,29.7500,132.0000,albacore,97,3.78,21.2,0.2018,2177,0.0,4722,74,132,0.68,0.0,1.0,15,8,28,0.263,118,778,公海
2026-02-26 16:20:21,20260226_162021,3,14.0000,120.2500,yellowfin,96,2.44,27.0,0.0884,1488,0.0,1118,38,123,0.899,0.0,1.0,18,10,32,0.005,77,517,菲律賓EEZ
2026-02-26 16:20:21,20260226_162021,4,9.5000,126.2500,yellowfin,96,2.29,27.8,0.2943,5000,0.0,2339,64,163,0.75,0.0,1.0,20,11,34,0.062,79,853,菲律賓EEZ
2026-02-26 16:20:21,20260226_162021,5,9.5000,125.2500,yellowfin,95,2.40,27.5,0.6323,5000,0.0,882,16,129,0.883,0.0,1.0,20,11,36,0.039,56,833,菲律賓EEZ
2026-02-26 16:20:21,20260226_162021,6,9.0000,125.0000,yellowfin,95,2.39,27.5,0.8184,5000,0.0,1055,17,56,0.832,0.0,1.0,20,11,36,0.045,56,857,菲律賓EEZ
2026-02-26 16:20:21,20260226_162021,7,29.7500,131.2500,albacore,93,3.90,20.5,0.1644,1699,0.0,2795,70,72,0.685,0.0,0.676,16,9,31,0.178,116,744,公海
2026-02-26 16:20:21,20260226_162021,8,32.2500,133.2500,albacore,93,3.79,21.1,0.3123,3271,0.0,1324,106,143,0.741,0.0,1.0,14,8,26,0.433,118,922,日本EEZ
2026-02-26 16:20:21,20260226_162021,9,13.0000,120.5000,skipjack,91,1.67,28.9,0.4320,5000,0.0,1199,13,126,0.832,0.0,1.0,26,16,41,0.002,30,577,菲律賓EEZ
2026-02-26 16:20:21,20260226_162021,10,24.0000,125.0000,bigeye,89,5.69,24.0,0.2054,2737,0.0,2509,33,230,0.34,0.0,1.0,19,11,35,0.888,210,274,公海
2026-02-26 16:20:21,20260226_162021,11,10.7500,125.7500,bigeye,87,5.32,24.4,0.1468,2119,0.0,913,30,150,0.868,0.0,1.0,19,10,34,0.022,211,773,菲律賓EEZ
2026-02-26 16:20:21,20260226_162021,12,9.5000,124.2500,bigeye,87,5.09,27.2,0.4325,5000,0.0,1198,47,109,0.78,0.004,1.0,17,10,31,0.021,218,817,菲律賓EEZ
2026-02-26 16:20:21,20260226_162021,13,8.7500,126.7500,skipjack,84,1.68,28.2,0.2640,4875,0.0,4540,63,144,0.528,0.0,1.0,24,15,40,0.114,30,906,菲律賓EEZ
2026-02-26 16:20:21,20260226_162021,14,6.2500,125.7500,skipjack,82,1.60,28.6,0.1774,3389,0.0,890,17,148,0.479,0.01,1.0,26,15,40,0.192,30,1027,菲律賓EEZ
2026-02-26 16:20:21,20260226_162021,15,33.5000,136.2500,pacific_saury,8,4.58,17.4,0.2521,2063,0.0,1386,22,0,0.889,0.0,0.0,4,2,6,0.342,30,1100,日本EEZ
2026-02-26 16:20:21,20260226_162021,16,33.5000,137.7500,pacific_saury,7,4.74,17.0,0.2391,1908,0.0,3470,42,0,0.632,0.0,0.0,4,2,6,0.212,30,1168,日本EEZ
2026-02-26 16:20:21,20260226_162021,17,33.5000,136.7500,pacific_saury,7,4.70,17.4,0.2366,1932,0.0,2046,52,0,0.803,0.0,0.907,4,2,6,0.304,30,1122,日本EEZ
2026-02-26 16:20:21,20260226_162021,18,34.2500,137.7500,japanese_flying_squid,6,4.11,15.6,0.2536,1837,0.0,1030,58,0,0.661,0.0,1.0,4,2,6,0.152,73,1193,日本EEZ
2026-02-26 16:20:21,20260226_162021,19,34.5000,138.2500,japanese_flying_squid,6,4.34,14.9,0.4323,2995,0.0,1386,78,0,0.865,0.0,0.0,4,2,6,0.105,72,1225,日本EEZ
2026-02-26 16:20:21,20260226_162021,20,33.5000,136.5000,japanese_flying_squid,6,3.53,17.3,0.2733,2221,0.0,2064,49,0,0.798,0.0,1.0,4,2,6,0.324,75,1111,日本EEZ
2026-02-26 16:50:48,20260226_165048,1,9.0000,126.2500,yellowfin,100,2.77,24.4,1.0798,5000,0.0,1311,30,150,1.0,0.0,1.0,20,11,35,0.082,63,881,菲律賓EEZ
2026-02-26 16:50:48,20260226_165048,2,29.7500,132.0000,albacore,97,3.78,21.2,0.2018,2177,0.0,4722,74,132,0.68,0.0,1.0,13,7,25,0.263,118,778,公海
2026-02-26 16:50:48,20260226_165048,3,14.0000,120.2500,yellowfin,96,2.44,27.0,0.0884,1488,0.0,1118,38,123,0.899,0.0,1.0,16,9,30,0.005,77,517,菲律賓EEZ
2026-02-26 16:50:48,20260226_165048,4,9.5000,126.2500,yellowfin,96,2.29,27.8,0.2943,5000,0.0,2339,64,163,0.75,0.0,1.0,16,9,32,0.062,79,853,菲律賓EEZ
2026-02-26 16:50:48,20260226_165048,5,9.5000,125.2500,yellowfin,95,2.40,27.5,0.6323,5000,0.0,882,16,129,0.883,0.0,1.0,19,11,33,0.039,56,833,菲律賓EEZ
2026-02-26 16:50:48,20260226_165048,6,9.0000,125.0000,yellowfin,95,2.39,27.5,0.8184,5000,0.0,1055,17,56,0.832,0.0,1.0,18,10,34,0.045,56,857,菲律賓EEZ
2026-02-26 16:50:48,20260226_165048,7,29.7500,131.2500,albacore,93,3.90,20.5,0.1644,1699,0.0,2795,70,72,0.685,0.0,0.676,14,7,25,0.178,116,744,公海
2026-02-26 16:50:48,20260226_165048,8,32.2500,133.2500,albacore,93,3.79,21.1,0.3123,3271,0.0,1324,106,143,0.741,0.0,1.0,14,7,28,0.433,118,922,日本EEZ
2026-02-26 16:50:48,20260226_165048,9,13.0000,120.5000,skipjack,91,1.67,28.9,0.4320,5000,0.0,1199,13,126,0.832,0.0,1.0,26,17,41,0.002,30,577,菲律賓EEZ
2026-02-26 16:50:48,20260226_165048,10,24.0000,125.0000,bigeye,89,5.69,24.0,0.2054,2737,0.0,2509,33,230,0.34,0.0,1.0,19,11,35,0.888,210,274,公海
2026-02-26 16:50:48,20260226_165048,11,10.7500,125.7500,bigeye,87,5.32,24.4,0.1468,2119,0.0,913,30,150,0.868,0.0,1.0,18,10,31,0.022,211,773,菲律賓EEZ
2026-02-26 16:50:48,20260226_165048,12,9.5000,124.2500,bigeye,87,5.09,27.2,0.4325,5000,0.0,1198,47,109,0.78,0.004,1.0,17,9,31,0.021,218,817,菲律賓EEZ
2026-02-26 16:50:48,20260226_165048,13,8.7500,126.7500,skipjack,84,1.68,28.2,0.2640,4875,0.0,4540,63,144,0.528,0.0,1.0,27,16,42,0.114,30,906,菲律賓EEZ
2026-02-26 16:50:48,20260226_165048,14,6.2500,125.7500,skipjack,82,1.60,28.6,0.1774,3389,0.0,890,17,148,0.479,0.01,1.0,23,15,37,0.192,30,1027,菲律賓EEZ
2026-02-26 16:50:48,20260226_165048,15,33.5000,136.2500,pacific_saury,8,4.58,17.4,0.2521,2063,0.0,1386,22,0,0.889,0.0,0.0,4,2,6,0.342,30,1100,日本EEZ
2026-02-26 16:50:48,20260226_165048,16,33.5000,137.7500,pacific_saury,7,4.74,17.0,0.2391,1908,0.0,3470,42,0,0.632,0.0,0.0,4,2,6,0.212,30,1168,日本EEZ
2026-02-26 16:50:48,20260226_165048,17,33.5000,136.7500,pacific_saury,7,4.70,17.4,0.2366,1932,0.0,2046,52,0,0.803,0.0,0.907,4,2,6,0.304,30,1122,日本EEZ
2026-02-26 16:50:48,20260226_165048,18,34.2500,137.7500,japanese_flying_squid,6,4.11,15.6,0.2536,1837,0.0,1030,58,0,0.661,0.0,1.0,4,2,6,0.152,73,1193,日本EEZ
2026-02-26 16:50:48,20260226_165048,19,34.5000,138.2500,japanese_flying_squid,6,4.34,14.9,0.4323,2995,0.0,1386,78,0,0.865,0.0,0.0,4,2,6,0.105,72,1225,日本EEZ
2026-02-26 16:50:48,20260226_165048,20,33.5000,136.5000,japanese_flying_squid,6,3.53,17.3,0.2733,2221,0.0,2064,49,0,0.798,0.0,1.0,4,2,6,0.324,75,1111,日本EEZ
2026-02-26 17:14:08,20260226_171408,1,9.0000,126.2500,yellowfin,100,2.77,24.4,1.0798,5000,0.0,1311,30,150,1.0,0.0,1.0,18,10,33,0.082,63,881,菲律賓EEZ
2026-02-26 17:14:08,20260226_171408,2,29.7500,132.0000,albacore,97,3.78,21.2,0.2018,2177,0.0,4722,74,132,0.68,0.0,1.0,14,7,26,0.263,118,778,公海
2026-02-26 17:14:08,20260226_171408,3,14.0000,120.2500,yellowfin,96,2.44,27.0,0.0884,1488,0.0,1118,38,123,0.899,0.0,1.0,20,11,33,0.005,77,517,菲律賓EEZ
2026-02-26 17:14:08,20260226_171408,4,9.5000,126.2500,yellowfin,96,2.29,27.8,0.2943,5000,0.0,2339,64,163,0.75,0.0,1.0,21,11,33,0.062,79,853,菲律賓EEZ
2026-02-26 17:14:08,20260226_171408,5,9.5000,125.2500,yellowfin,95,2.40,27.5,0.6323,5000,0.0,882,16,129,0.883,0.0,1.0,18,10,33,0.039,56,833,菲律賓EEZ
2026-02-26 17:14:08,20260226_171408,6,33.0000,135.2500,albacore,95,3.84,20.5,0.3879,3888,0.0,2004,127,127,0.779,0.0,1.0,13,7,24,0.458,116,1037,日本EEZ
2026-02-26 17:14:08,20260226_171408,7,9.0000,125.0000,yellowfin,95,2.39,27.5,0.8184,5000,0.0,1055,17,56,0.832,0.0,1.0,19,11,31,0.045,56,857,菲律賓EEZ
2026-02-26 17:14:08,20260226_171408,8,29.7500,131.2500,albacore,93,3.90,20.5,0.1644,1699,0.0,2795,70,72,0.685,0.0,0.676,15,8,30,0.178,116,744,公海
2026-02-26 17:14:08,20260226_171408,9,13.0000,120.5000,skipjack,91,1.67,28.9,0.4320,5000,0.0,1199,13,126,0.832,0.0,1.0,25,16,40,0.002,30,577,菲律賓EEZ
2026-02-26 17:14:08,20260226_171408,10,10.7500,125.7500,bigeye,90,5.32,24.4,0.1468,2119,0.0,913,30,150,0.868,0.0,1.0,19,11,34,0.022,211,773,菲律賓EEZ
2026-02-26 17:14:08,20260226_171408,11,9.5000,124.2500,bigeye,87,5.09,27.2,0.4325,5000,0.0,1198,47,109,0.78,0.004,1.0,17,10,30,0.021,218,817,菲律賓EEZ
2026-02-26 17:14:08,20260226_171408,12,26.7500,125.5000,bigeye,87,5.86,23.2,0.0884,1100,0.0,612,85,161,0.691,0.0,1.0,19,11,33,0.414,208,381,日本EEZ
2026-02-26 17:14:08,20260226_171408,13,8.7500,126.7500,skipjack,84,1.68,28.2,0.2640,4875,0.0,4540,63,144,0.528,0.0,1.0,28,18,45,0.114,30,906,菲律賓EEZ
2026-02-26 17:14:08,20260226_171408,14,6.2500,125.7500,skipjack,82,1.60,28.6,0.1774,3389,0.0,890,17,148,0.479,0.01,1.0,28,18,45,0.192,30,1027,菲律賓EEZ
2026-02-26 17:14:08,20260226_171408,15,33.5000,136.2500,pacific_saury,8,4.58,17.4,0.2521,2063,0.0,1386,22,0,0.889,0.0,0.0,4,2,6,0.342,30,1100,日本EEZ
2026-02-26 17:14:08,20260226_171408,16,33.5000,137.7500,pacific_saury,8,4.74,17.0,0.2391,1908,0.0,3470,42,0,0.632,0.0,0.0,4,3,6,0.212,30,1168,日本EEZ
2026-02-26 17:14:08,20260226_171408,17,33.5000,136.7500,pacific_saury,8,4.70,17.4,0.2366,1932,0.0,2046,52,0,0.803,0.0,0.907,4,2,6,0.304,30,1122,日本EEZ
2026-02-26 17:14:08,20260226_171408,18,34.2500,137.7500,japanese_flying_squid,6,4.11,15.6,0.2536,1837,0.0,1030,58,0,0.661,0.0,1.0,4,2,6,0.152,73,1193,日本EEZ
2026-02-26 17:14:08,20260226_171408,19,34.5000,138.2500,japanese_flying_squid,6,4.34,14.9,0.4323,2995,0.0,1386,78,0,0.865,0.0,0.0,4,2,6,0.105,72,1225,日本EEZ
2026-02-26 17:14:08,20260226_171408,20,33.5000,136.5000,japanese_flying_squid,6,3.53,17.3,0.2733,2221,0.0,2064,49,0,0.798,0.0,1.0,4,2,6,0.324,75,1111,日本EEZ
2026-02-26 17:32:58,20260226_173258,1,9.0000,126.2500,yellowfin,100,2.77,24.4,1.0798,5000,0.0,1311,30,150,1.0,0.0,1.0,19,11,34,0.082,63,881,菲律賓EEZ
2026-02-26 17:32:58,20260226_173258,2,29.7500,132.0000,albacore,97,3.78,21.2,0.2018,2177,0.0,4722,74,132,0.68,0.0,1.0,15,8,29,0.263,118,778,公海
2026-02-26 17:32:58,20260226_173258,3,14.0000,120.2500,yellowfin,96,2.44,27.0,0.0884,1488,0.0,1118,38,123,0.899,0.0,1.0,18,10,32,0.005,77,517,菲律賓EEZ
2026-02-26 17:32:58,20260226_173258,4,9.5000,126.2500,yellowfin,96,2.29,27.8,0.2943,5000,0.0,2339,64,163,0.75,0.0,1.0,18,10,31,0.062,79,853,菲律賓EEZ
2026-02-26 17:32:58,20260226_173258,5,9.5000,125.2500,yellowfin,95,2.40,27.5,0.6323,5000,0.0,882,16,129,0.883,0.0,1.0,17,10,31,0.039,56,833,菲律賓EEZ
2026-02-26 17:32:58,20260226_173258,6,33.0000,135.2500,albacore,95,3.84,20.5,0.3879,3888,0.0,2004,127,127,0.779,0.0,1.0,16,8,32,0.458,116,1037,日本EEZ
2026-02-26 17:32:58,20260226_173258,7,9.0000,125.0000,yellowfin,95,2.39,27.5,0.8184,5000,0.0,1055,17,56,0.832,0.0,1.0,19,10,34,0.045,56,857,菲律賓EEZ
2026-02-26 17:32:58,20260226_173258,8,29.7500,131.2500,albacore,93,3.90,20.5,0.1644,1699,0.0,2795,70,72,0.685,0.0,0.676,15,8,28,0.178,116,744,公海
2026-02-26 17:32:58,20260226_173258,9,13.0000,120.5000,skipjack,91,1.67,28.9,0.4320,5000,0.0,1199,13,126,0.832,0.0,1.0,25,16,39,0.002,30,577,菲律賓EEZ
2026-02-26 17:32:58,20260226_173258,10,10.7500,125.7500,bigeye,88,5.32,24.4,0.1468,2119,0.0,913,30,150,0.868,0.0,1.0,18,11,32,0.022,211,773,菲律賓EEZ
2026-02-26 17:32:58,20260226_173258,11,9.5000,124.2500,bigeye,87,5.09,27.2,0.4325,5000,0.0,1198,47,109,0.78,0.004,1.0,20,11,34,0.021,218,817,菲律賓EEZ
2026-02-26 17:32:58,20260226_173258,12,11.2500,125.7500,bigeye,87,4.87,27.9,0.0884,1591,0.0,1827,73,176,0.561,0.0,1.0,19,11,35,0.015,220,746,菲律賓EEZ
2026-02-26 17:32:58,20260226_173258,13,8.7500,126.7500,skipjack,84,1.68,28.2,0.2640,4875,0.0,4540,63,144,0.528,0.0,1.0,30,19,47,0.114,30,906,菲律賓EEZ
2026-02-26 17:32:58,20260226_173258,14,6.2500,125.7500,skipjack,82,1.60,28.6,0.1774,3389,0.0,890,17,148,0.479,0.01,1.0,24,15,39,0.192,30,1027,菲律賓EEZ
2026-02-26 17:32:58,20260226_173258,15,33.5000,136.2500,pacific_saury,8,4.58,17.4,0.2521,2063,0.0,1386,22,0,0.889,0.0,0.0,4,2,6,0.342,30,1100,日本EEZ
2026-02-26 17:32:58,20260226_173258,16,33.5000,137.7500,pacific_saury,8,4.74,17.0,0.2391,1908,0.0,3470,42,0,0.632,0.0,0.0,4,2,6,0.212,30,1168,日本EEZ
2026-02-26 17:32:58,20260226_173258,17,33.5000,136.7500,pacific_saury,8,4.70,17.4,0.2366,1932,0.0,2046,52,0,0.803,0.0,0.907,4,2,6,0.304,30,1122,日本EEZ
2026-02-26 17:32:58,20260226_173258,18,34.2500,137.7500,japanese_flying_squid,6,4.11,15.6,0.2536,1837,0.0,1030,58,0,0.661,0.0,1.0,4,2,6,0.152,73,1193,日本EEZ
2026-02-26 17:32:58,20260226_173258,19,34.5000,138.2500,japanese_flying_squid,6,4.34,14.9,0.4323,2995,0.0,1386,78,0,0.865,0.0,0.0,4,2,6,0.105,72,1225,日本EEZ
2026-02-26 17:32:58,20260226_173258,20,33.5000,136.5000,japanese_flying_squid,6,3.53,17.3,0.2733,2221,0.0,2064,49,0,0.798,0.0,1.0,4,2,6,0.324,75,1111,日本EEZ
2026-02-26 18:38:04,20260226_183804,1,9.0000,126.2500,yellowfin,100,2.77,24.4,1.0798,5000,0.0,1311,30,150,1.0,0.0,1.0,21,12,38,0.082,63,881,菲律賓EEZ
2026-02-26 18:38:04,20260226_183804,2,29.7500,132.0000,albacore,97,3.78,21.2,0.2018,2177,0.0,4722,74,132,0.68,0.0,1.0,16,9,29,0.263,118,778,公海
2026-02-26 18:38:04,20260226_183804,3,14.0000,120.2500,yellowfin,96,2.44,27.0,0.0884,1488,0.0,1118,38,123,0.899,0.0,1.0,18,10,33,0.005,77,517,菲律賓EEZ
2026-02-26 18:38:04,20260226_183804,4,9.5000,126.2500,yellowfin,96,2.29,27.8,0.2943,5000,0.0,2339,64,163,0.75,0.0,1.0,18,9,32,0.062,79,853,菲律賓EEZ
2026-02-26 18:38:04,20260226_183804,5,9.5000,125.2500,yellowfin,95,2.40,27.5,0.6323,5000,0.0,882,16,129,0.883,0.0,1.0,18,11,31,0.039,56,833,菲律賓EEZ
2026-02-26 18:38:04,20260226_183804,6,33.0000,135.2500,albacore,95,3.84,20.5,0.3879,3888,0.0,2004,127,127,0.779,0.0,1.0,15,8,30,0.458,116,1037,日本EEZ
2026-02-26 18:38:04,20260226_183804,7,9.0000,125.0000,yellowfin,95,2.39,27.5,0.8184,5000,0.0,1055,17,56,0.832,0.0,1.0,17,10,31,0.045,56,857,菲律賓EEZ
2026-02-26 18:38:04,20260226_183804,8,29.7500,131.2500,albacore,93,3.90,20.5,0.1644,1699,0.0,2795,70,72,0.685,0.0,0.676,16,9,33,0.178,116,744,公海
2026-02-26 18:38:04,20260226_183804,9,13.0000,120.5000,skipjack,91,1.67,28.9,0.4320,5000,0.0,1199,13,126,0.832,0.0,1.0,27,16,41,0.002,30,577,菲律賓EEZ
2026-02-26 18:38:04,20260226_183804,10,10.7500,125.7500,bigeye,88,5.32,24.4,0.1468,2119,0.0,913,30,150,0.868,0.0,1.0,19,11,34,0.022,211,773,菲律賓EEZ
2026-02-26 18:38:04,20260226_183804,11,11.2500,125.7500,bigeye,86,4.87,27.9,0.0884,1591,0.0,1827,73,176,0.561,0.0,1.0,20,11,35,0.015,220,746,菲律賓EEZ
2026-02-26 18:38:04,20260226_183804,12,24.2500,125.0000,bigeye,84,5.90,23.1,0.1429,1790,0.0,1434,46,244,0.317,0.0,1.0,18,10,33,0.863,208,279,公海
2026-02-26 18:38:04,20260226_183804,13,8.7500,126.7500,skipjack,84,1.68,28.2,0.2640,4875,0.0,4540,63,144,0.528,0.0,1.0,23,15,37,0.114,30,906,菲律賓EEZ
2026-02-26 18:38:04,20260226_183804,14,6.2500,125.7500,skipjack,82,1.60,28.6,0.1774,3389,0.0,890,17,148,0.479,0.01,1.0,25,16,42,0.192,30,1027,菲律賓EEZ
2026-02-26 18:38:04,20260226_183804,15,33.5000,136.5000,pacific_saury,8,4.63,17.3,0.2733,2221,0.0,2064,49,0,0.798,0.0,1.0,4,2,6,0.324,30,1111,日本EEZ
2026-02-26 18:38:04,20260226_183804,17,33.5000,137.7500,pacific_saury,8,4.74,17.0,0.2391,1908,0.0,3470,42,0,0.632,0.0,0.0,4,2,6,0.212,30,1168,日本EEZ
2026-02-26 18:38:04,20260226_183804,18,34.2500,137.7500,japanese_flying_squid,6,4.11,15.6,0.2536,1837,0.0,1030,58,0,0.661,0.0,1.0,4,2,7,0.152,73,1193,日本EEZ
2026-02-26 18:38:04,20260226_183804,19,34.5000,138.2500,japanese_flying_squid,6,4.34,14.9,0.4323,2995,0.0,1386,78,0,0.865,0.0,0.0,4,2,6,0.105,72,1225,日本EEZ
2026-02-26 18:38:04,20260226_183804,20,33.7500,158.7500,japanese_flying_squid,6,4.06,15.5,0.0884,640,0.0,3270,84,0,0.287,0.0,1.0,4,2,6,0.000,73,2233,公海
2026-02-27 21:08:07,20260227_210807,1,20.0000,120.7500,yellowfin,95,2.49,26.6,0.4469,2500,4.7,2622,19,123,0.5,0.254,0.0,18,10,31,0.326,55,159,菲律賓EEZ
2026-02-27 21:08:07,20260227_210807,2,20.0000,121.2500,yellowfin,95,2.38,27.2,0.2132,2500,4.6,1816,37,155,0.137,0.94,1.0,16,9,28,0.385,55,166,菲律賓EEZ
2026-02-27 21:08:07,20260227_210807,3,20.0000,121.7500,yellowfin,95,2.33,27.6,0.1466,1860,4.6,2090,66,169,0.063,0.139,1.0,18,11,33,0.443,56,176,菲律賓EEZ
2026-02-27 21:08:07,20260227_210807,1,23.5000,123.0000,bigeye,95,5.62,24.6,0.1831,2192,4.8,3043,62,220,0.037,0.134,0.577,15,9,29,0.938,211,160,台灣EEZ
2026-02-27 21:08:07,20260227_210807,2,23.7500,124.7500,bigeye,95,5.59,24.6,0.2141,2500,4.8,3254,90,221,0.084,0.0,0.469,20,12,35,0.947,211,257,公海
2026-02-27 21:08:07,20260227_210807,3,24.0000,124.2500,bigeye,95,5.65,24.2,0.2223,2500,4.8,2020,50,238,0.041,0.0,0.0,19,10,31,0.953,211,235,公海
2026-02-27 21:08:07,20260227_210807,1,20.0000,120.2500,mahi_mahi,95,2.48,26.8,0.5179,2500,4.7,3742,18,98,0.34,0.065,0.0,44,35,57,0.269,30,157,菲律賓EEZ
2026-02-27 21:08:07,20260227_210807,1,20.0000,120.5000,blue_marlin,95,2.48,26.9,0.5868,2500,4.7,3861,21,114,0.487,0.256,0.0,44,33,57,0.297,55,157,菲律賓EEZ
2026-02-27 21:08:07,20260227_210807,2,20.0000,121.0000,blue_marlin,95,2.45,26.8,0.2829,2500,4.7,1383,48,125,0.328,0.575,0.123,45,34,57,0.356,55,162,菲律賓EEZ
2026-02-27 21:08:07,20260227_210807,3,20.5000,118.0000,blue_marlin,95,2.67,25.3,0.2122,2500,4.8,4000,13,126,0.211,0.0,0.54,44,34,56,0.093,53,179,菲律賓EEZ
2026-02-27 21:08:07,20260227_210807,1,20.2500,120.5000,mackerel_scad,94,2.51,26.5,0.4002,2500,4.7,3018,25,117,0.388,0.35,0.661,45,34,58,0.323,40,142,菲律賓EEZ
2026-02-27 21:08:07,20260227_210807,3,20.0000,119.2500,mahi_mahi,94,2.55,26.2,0.3407,2500,4.8,4000,15,89,0.269,0.0,0.046,44,33,57,0.167,30,167,菲律賓EEZ
2026-02-27 21:08:07,20260227_210807,4,20.2500,119.7500,mahi_mahi,94,2.53,26.3,0.4083,2500,4.7,4000,20,88,0.247,0.091,0.0,45,34,58,0.234,30,145,菲律賓EEZ
2026-02-27 21:08:07,20260227_210807,3,20.5000,118.7500,mackerel_scad,75,2.65,25.4,0.3112,2500,4.8,4000,29,93,0.147,0.0,0.39,35,27,46,0.149,39,152,菲律賓EEZ
2026-02-27 21:08:07,20260227_210807,4,20.5000,120.0000,mackerel_scad,75,2.51,26.4,0.2786,2500,4.7,3415,30,101,0.172,0.279,0.288,35,27,46,0.283,40,128,菲律賓EEZ
2026-02-27 21:08:07,20260227_210807,1,20.7500,118.2500,skipjack,60,2.00,25.6,0.2418,2500,4.8,4000,26,125,0.178,0.0,0.491,24,15,40,0.117,30,158,菲律賓EEZ
2026-02-27 21:08:07,20260227_210807,2,21.7500,118.0000,skipjack,59,2.02,25.2,0.2524,2500,4.7,4000,23,136,0.015,0.0,1.0,24,16,39,0.122,30,136,台灣EEZ
2026-02-27 21:08:07,20260227_210807,3,22.5000,118.7500,skipjack,59,2.13,24.2,0.2354,2500,4.8,4000,31,78,0.008,0.0,0.095,26,16,42,0.212,30,85,台灣EEZ
2026-02-27 21:08:07,20260227_210807,1,26.0000,124.7500,albacore,59,3.07,24.8,0.5754,2500,4.7,917,75,190,0.186,0.0,0.511,15,8,28,0.608,95,320,日本EEZ
2026-02-27 21:08:07,20260227_210807,2,24.7500,125.0000,albacore,57,3.38,23.0,0.2436,2500,4.9,850,108,222,0.18,0.0,1.0,14,8,26,0.814,92,291,公海
2026-02-27 21:26:01,20260227_212601,1,5.0000,128.5000,skipjack,95,1.63,28.9,0.1423,2500,4.5,5536,25,105,0.093,0.0,0.91,25,15,41,0.571,30,1150,公海
2026-02-27 21:26:01,20260227_212601,2,5.0000,129.0000,skipjack,95,1.64,28.8,0.1854,2500,4.5,5017,19,117,0.077,0.0,0.0,28,16,44,0.613,30,1162,公海
2026-02-27 21:26:01,20260227_212601,3,5.0000,129.7500,skipjack,95,1.64,28.8,0.1531,2500,4.5,5058,23,134,0.051,0.0,0.0,26,16,41,0.647,30,1180,公海
2026-02-27 21:26:01,20260227_212601,3,5.0000,129.5000,yellowfin,95,2.20,28.8,0.1492,2500,4.5,5068,20,132,0.033,0.0,0.0,18,11,34,0.640,57,1174,公海
2026-02-27 21:26:01,20260227_212601,4,5.0000,130.0000,yellowfin,95,2.19,29.0,0.1821,2500,4.5,5047,23,136,0.08,0.0,0.0,18,10,31,0.650,58,1186,帛琉EEZ
2026-02-27 21:26:01,20260227_212601,5,5.0000,130.5000,yellowfin,95,2.20,29.0,0.2131,2500,4.5,4868,22,136,0.024,0.0,0.0,18,10,31,0.643,58,1199,帛琉EEZ
2026-02-27 21:26:01,20260227_212601,1,6.2500,124.2500,bigeye,95,5.66,24.4,0.2472,2500,4.8,814,30,150,0.368,0.0,0.0,19,10,34,0.083,211,1006,菲律賓EEZ
2026-02-27 21:26:01,20260227_212601,2,6.2500,169.5000,bigeye,95,5.66,24.4,0.2472,2500,4.8,2102,30,150,0.43,0.0,0.626,18,10,33,0.411,211,2898,馬紹爾群島EEZ
2026-02-27 21:26:01,20260227_212601,3,7.5000,169.0000,bigeye,95,5.04,29.2,0.2472,2500,4.8,1129,68,138,0.449,0.0,0.753,18,10,31,0.597,223,2847,馬紹爾群島EEZ
2026-02-27 21:26:01,20260227_212601,1,26.5000,127.2500,albacore,95,3.61,21.8,0.3190,2500,5.0,1145,37,199,0.311,0.0,0.286,15,9,30,0.289,91,451,日本EEZ
2026-02-27 21:26:01,20260227_212601,2,26.5000,171.7500,albacore,95,3.91,20.2,0.2154,2229,5.1,5984,112,103,0.091,0.0,1.0,14,8,28,0.340,115,2860,公海
2026-02-27 21:26:01,20260227_212601,3,26.2500,172.2500,albacore,95,3.75,21.0,0.1442,1569,5.0,5956,93,106,0.404,0.0,0.405,17,9,32,0.394,117,2887,公海
2026-02-27 21:26:01,20260227_212601,4,6.2500,125.7500,mahi_mahi,95,2.14,28.6,0.2349,2500,4.4,890,17,145,0.547,0.117,0.0,44,34,58,0.192,30,1027,菲律賓EEZ
2026-02-27 21:26:01,20260227_212601,5,6.2500,126.2500,mahi_mahi,95,2.27,28.0,0.1214,2233,4.5,1890,26,146,0.185,0.161,0.0,44,34,57,0.240,30,1036,菲律賓EEZ
2026-02-27 21:26:01,20260227_212601,7,6.7500,126.0000,mahi_mahi,95,2.19,28.5,0.2394,2500,4.4,920,32,149,0.536,0.167,0.525,43,33,57,0.188,30,1003,菲律賓EEZ
2026-02-27 21:26:01,20260227_212601,4,6.5000,126.2500,blue_marlin,95,2.44,27.9,0.2472,2500,4.8,1720,45,156,0.2,0.423,0.0,44,33,58,0.225,100,1022,菲律賓EEZ
2026-02-27 21:26:01,20260227_212601,5,7.0000,126.5000,blue_marlin,95,2.30,27.7,0.1083,1946,4.5,994,45,144,0.486,0.03,0.0,45,34,58,0.215,99,998,菲律賓EEZ
2026-02-27 21:26:01,20260227_212601,6,7.5000,126.7500,blue_marlin,95,2.26,28.1,0.0971,1792,4.5,2426,24,138,0.42,0.209,0.0,45,34,57,0.198,57,975,菲律賓EEZ
2026-02-27 21:26:01,20260227_212601,2,6.7500,126.2500,mackerel_scad,95,2.45,27.7,0.2472,2500,4.8,1100,61,156,0.559,0.237,1.0,44,34,56,0.210,45,1007,菲律賓EEZ
2026-02-27 21:26:01,20260227_212601,3,7.2500,126.7500,mackerel_scad,95,2.26,28.2,0.0972,1796,4.5,2856,22,133,0.42,0.182,1.0,44,34,56,0.217,46,989,菲律賓EEZ
2026-02-28 03:35:49,20260228_033549,1,5.0000,128.5000,skipjack,95,1.63,28.9,0.1423,2500,4.5,5536,25,105,0.093,0.0,0.91,25,15,41,0.571,30,1150,公海
2026-02-28 03:35:49,20260228_033549,2,5.0000,129.0000,skipjack,95,1.64,28.8,0.1854,2500,4.5,5017,19,117,0.077,0.0,0.0,28,16,44,0.613,30,1162,公海
2026-02-28 03:35:49,20260228_033549,3,5.0000,129.7500,skipjack,95,1.64,28.8,0.1531,2500,4.5,5058,23,134,0.051,0.0,0.0,26,16,41,0.647,30,1180,公海
2026-02-28 03:35:49,20260228_033549,3,5.0000,129.5000,yellowfin,95,2.20,28.8,0.1492,2500,4.5,5068,20,132,0.033,0.0,0.0,18,11,34,0.640,57,1174,公海
2026-02-28 03:35:49,20260228_033549,4,5.0000,130.0000,yellowfin,95,2.19,29.0,0.1821,2500,4.5,5047,23,136,0.08,0.0,0.0,18,10,31,0.650,58,1186,帛琉EEZ
2026-02-28 03:35:49,20260228_033549,5,5.0000,130.5000,yellowfin,95,2.20,29.0,0.2131,2500,4.5,4868,22,136,0.024,0.0,0.0,18,10,31,0.643,58,1199,帛琉EEZ
2026-02-28 03:35:49,20260228_033549,1,6.2500,124.2500,bigeye,95,5.66,24.4,0.2472,2500,4.8,814,30,150,0.368,0.0,0.0,19,10,34,0.083,211,1006,菲律賓EEZ
2026-02-28 03:35:49,20260228_033549,2,6.2500,169.5000,bigeye,95,5.66,24.4,0.2472,2500,4.8,2102,30,150,0.43,0.0,0.626,18,10,33,0.411,211,2898,馬紹爾群島EEZ
2026-02-28 03:35:49,20260228_033549,3,7.5000,169.0000,bigeye,95,5.04,29.2,0.2472,2500,4.8,1129,68,138,0.449,0.0,0.753,18,10,31,0.597,223,2847,馬紹爾群島EEZ
2026-02-28 03:35:49,20260228_033549,1,27.2500,143.0000,albacore,95,4.05,19.8,0.2083,2082,5.2,5963,71,0,0.354,0.043,1.0,16,9,31,0.058,114,1289,日本EEZ
2026-02-28 03:35:49,20260228_033549,2,27.5000,140.0000,albacore,95,4.05,19.6,0.2268,2245,5.2,3859,30,0,0.329,0.05,1.0,15,8,30,0.093,88,1131,日本EEZ
2026-02-28 03:35:49,20260228_033549,3,27.7500,142.5000,albacore,95,4.07,19.8,0.2603,2500,5.2,1712,48,0,0.403,0.0,1.0,15,7,28,0.050,95,1269,日本EEZ
2026-02-28 03:35:49,20260228_033549,2,6.2500,125.7500,mahi_mahi,95,2.14,28.6,0.2349,2500,4.4,890,17,145,0.547,0.117,0.0,44,34,58,0.192,30,1027,菲律賓EEZ
2026-02-28 03:35:49,20260228_033549,3,6.2500,126.2500,mahi_mahi,95,2.27,28.0,0.1214,2233,4.5,1890,26,146,0.185,0.161,0.0,44,34,57,0.240,30,1036,菲律賓EEZ
2026-02-28 03:35:49,20260228_033549,5,6.7500,126.0000,mahi_mahi,95,2.19,28.5,0.2394,2500,4.4,920,32,149,0.536,0.167,0.525,43,33,57,0.188,30,1003,菲律賓EEZ
2026-02-28 03:35:49,20260228_033549,2,6.5000,126.2500,blue_marlin,95,2.44,27.9,0.2472,2500,4.8,1720,45,156,0.2,0.423,0.0,44,33,58,0.225,100,1022,菲律賓EEZ
2026-02-28 03:35:49,20260228_033549,3,7.0000,126.5000,blue_marlin,95,2.30,27.7,0.1083,1946,4.5,994,45,144,0.486,0.03,0.0,45,34,58,0.215,99,998,菲律賓EEZ
2026-02-28 03:35:49,20260228_033549,4,7.5000,126.7500,blue_marlin,95,2.26,28.1,0.0971,1792,4.5,2426,24,138,0.42,0.209,0.0,45,34,57,0.198,57,975,菲律賓EEZ
2026-02-28 03:35:49,20260228_033549,1,6.7500,126.2500,mackerel_scad,95,2.45,27.7,0.2472,2500,4.8,1100,61,156,0.559,0.237,1.0,44,34,56,0.210,45,1007,菲律賓EEZ
2026-02-28 03:35:49,20260228_033549,2,7.2500,126.7500,mackerel_scad,95,2.26,28.2,0.0972,1796,4.5,2856,22,133,0.42,0.182,1.0,44,34,56,0.217,46,989,菲律賓EEZ
2026-02-28 22:39:53,20260228_223953,1,30.7500,133.2500,albacore,95,5.08,18.9,0.2091,1940,6.9,4644,139,294,0.895,0.0,1.0,14,7,28,0.478,112,869,日本EEZ
2026-02-28 22:39:53,20260228_223953,2,30.7500,133.7500,albacore,95,5.08,19.0,0.1915,1778,6.9,4495,139,294,0.972,0.0,1.0,16,8,30,0.539,112,892,日本EEZ
2026-02-28 22:39:53,20260228_223953,3,30.7500,134.2500,albacore,95,5.07,19.0,0.2015,1873,6.9,4500,139,294,0.964,0.0,1.0,16,8,28,0.584,112,915,日本EEZ
2026-02-28 22:39:53,20260228_223953,1,9.5000,124.2500,yellowfin,95,2.87,25.3,0.3481,2500,5.2,1198,25,110,0.754,0.0,0.0,19,10,34,0.021,53,817,菲律賓EEZ
2026-02-28 22:39:53,20260228_223953,2,9.0000,124.2500,yellowfin,95,2.83,25.5,0.2830,2500,5.1,1427,25,110,0.298,0.0,0.0,21,12,37,0.029,54,846,菲律賓EEZ
2026-02-28 22:39:53,20260228_223953,3,9.7500,124.7500,yellowfin,95,2.89,25.2,0.4473,2500,5.2,889,25,110,0.609,0.0,0.0,19,11,34,0.025,53,810,菲律賓EEZ
2026-02-28 22:39:53,20260228_223953,1,26.7500,135.0000,bigeye,95,7.83,20.9,0.2526,2500,6.5,4392,117,281,0.019,0.0,1.0,19,10,33,0.177,202,852,公海
2026-02-28 22:39:53,20260228_223953,2,26.7500,134.5000,bigeye,95,7.83,20.9,0.2677,2500,6.5,5006,117,281,0.031,0.0,1.0,18,11,33,0.169,202,826,公海
2026-02-28 22:39:53,20260228_223953,3,29.0000,137.7500,bigeye,95,8.16,19.9,0.2194,2194,6.7,4298,130,288,0.847,0.0,1.0,21,12,39,0.258,200,1041,公海
2026-02-28 22:39:53,20260228_223953,1,10.2500,121.7500,skipjack,95,2.24,25.0,0.5127,2500,5.2,1268,30,199,0.749,0.0,0.0,26,16,42,0.002,30,746,菲律賓EEZ
2026-02-28 22:39:53,20260228_223953,4,8.5000,148.2500,skipjack,95,2.12,25.7,0.1003,1580,5.1,898,25,165,0.006,0.0,0.0,27,16,42,0.790,30,1765,密克羅尼西亞EEZ
2026-02-28 22:39:53,20260228_223953,5,8.5000,148.7500,skipjack,95,2.12,25.7,0.1003,1580,5.1,355,25,165,0.006,0.0,0.0,27,17,42,0.790,30,1790,密克羅尼西亞EEZ
2026-02-28 22:39:53,20260228_223953,2,32.2500,128.2500,japanese_flying_squid,9,4.19,17.6,0.3192,2500,7.0,201,147,299,0.993,0.0,0.991,4,2,6,0.018,76,728,公海
2026-02-28 22:39:53,20260228_223953,4,32.7500,133.7500,japanese_flying_squid,9,4.19,17.5,0.2873,2392,7.0,1033,150,301,0.966,0.0,1.0,4,2,6,0.436,75,963,日本EEZ
2026-02-28 22:39:53,20260228_223953,5,32.7500,134.2500,japanese_flying_squid,9,4.19,17.5,0.2680,2232,7.0,1537,150,301,0.966,0.0,1.0,4,2,6,0.473,75,984,日本EEZ
2026-02-28 22:39:53,20260228_223953,2,33.2500,137.5000,pacific_saury,9,5.65,17.1,0.3341,2500,7.1,3970,153,302,0.981,0.0,1.0,4,2,6,0.258,32,1148,日本EEZ
2026-02-28 22:39:53,20260228_223953,3,33.2500,137.0000,pacific_saury,9,5.64,17.1,0.2948,2377,7.1,3160,153,302,0.989,0.0,1.0,4,2,6,0.309,32,1125,日本EEZ
2026-03-02 01:10:17,20260302_011017,3,20.5000,120.0000,blue_marlin,95,2.54,26.2,0.4209,2500,4.7,3415,33,102,0.411,0.105,1.0,43,33,56,0.277,54,128,菲律賓EEZ
2026-03-02 01:10:17,20260302_011017,4,19.7500,120.5000,blue_marlin,95,2.46,26.9,0.5715,2500,4.7,3546,24,116,0.711,0.0,0.258,44,34,58,0.267,55,172,菲律賓EEZ
2026-03-02 01:10:17,20260302_011017,5,20.2500,120.5000,blue_marlin,95,2.49,26.8,0.5826,2500,4.7,3018,30,120,0.494,0.0,1.0,45,34,59,0.317,55,142,菲律賓EEZ
2026-03-02 01:10:17,20260302_011017,1,29.5000,131.5000,albacore,95,3.59,22.2,0.7368,2500,5.0,3946,72,187,0.486,0.261,0.132,13,7,25,0.194,120,746,公海
2026-03-02 01:10:17,20260302_011017,1,19.5000,120.0000,mahi_mahi,95,2.51,26.4,0.2647,2500,4.7,4180,20,78,0.123,0.0,0.0,45,34,57,0.197,30,187,菲律賓EEZ
2026-03-02 01:10:17,20260302_011017,2,29.0000,131.5000,albacore,95,3.66,21.5,0.4845,2500,5.0,4246,137,204,0.794,0.049,1.0,14,7,29,0.171,119,730,公海
2026-03-02 01:10:17,20260302_011017,3,29.0000,131.0000,albacore,95,3.64,21.8,0.6170,2500,5.0,3480,109,205,0.532,0.019,0.641,16,8,31,0.131,119,707,公海
2026-03-02 01:10:17,20260302_011017,2,19.0000,120.0000,mahi_mahi,95,2.53,26.4,0.2434,2500,4.7,3160,20,81,0.251,0.0,0.0,44,35,57,0.159,30,217,菲律賓EEZ
2026-03-02 01:10:17,20260302_011017,3,20.0000,120.0000,mahi_mahi,95,2.48,26.7,0.4425,2500,4.7,3624,20,82,0.39,0.023,0.0,45,35,57,0.237,30,157,菲律賓EEZ
2026-03-02 01:10:17,20260302_011017,1,29.2500,132.0000,bigeye,94,6.18,22.2,0.7165,2500,5.0,5566,144,212,0.376,0.014,0.0,20,10,35,0.234,205,762,公海
2026-03-02 01:10:17,20260302_011017,1,19.5000,120.7500,yellowfin,94,2.55,26.0,0.4294,2500,4.7,3378,34,130,0.825,0.046,0.0,21,12,36,0.266,54,188,菲律賓EEZ
2026-03-02 01:10:17,20260302_011017,1,26.2500,125.2500,skipjack,94,2.05,24.9,0.5404,2500,4.7,1255,74,192,0.548,0.131,1.0,25,16,40,0.519,30,351,日本EEZ
2026-03-02 01:10:17,20260302_011017,2,29.2500,131.5000,bigeye,94,6.22,21.9,0.7110,2500,5.0,4096,129,203,0.59,0.072,0.909,17,9,31,0.183,205,738,公海
2026-03-02 01:10:17,20260302_011017,3,29.2500,131.0000,bigeye,94,6.21,21.9,0.7275,2500,5.0,3516,138,201,0.182,0.193,1.0,19,10,36,0.139,205,715,公海
2026-03-02 01:10:17,20260302_011017,2,20.0000,120.5000,yellowfin,94,2.46,27.0,0.6344,2500,4.7,3861,26,115,0.226,0.0,0.708,20,11,36,0.292,55,157,菲律賓EEZ
2026-03-02 01:10:17,20260302_011017,3,19.2500,121.2500,yellowfin,94,2.58,25.8,0.3001,2500,4.7,1814,51,131,0.122,0.068,1.0,22,13,38,0.283,53,209,菲律賓EEZ
2026-03-02 01:10:17,20260302_011017,2,26.5000,125.7500,skipjack,94,2.04,24.8,0.5945,2500,4.7,1485,96,164,0.866,0.073,0.0,27,17,44,0.436,32,382,日本EEZ
2026-03-02 01:10:17,20260302_011017,3,19.2500,120.5000,mackerel_scad,94,2.39,27.6,0.3081,2500,4.7,3198,21,113,0.474,0.07,0.0,44,34,57,0.218,40,202,菲律賓EEZ
2026-03-02 01:10:17,20260302_011017,3,26.0000,124.7500,skipjack,94,2.05,24.9,0.5426,2500,4.7,917,70,190,0.629,0.151,1.0,27,18,45,0.597,30,320,日本EEZ
2026-03-02 21:16:02,20260302_211602,1,19.5000,120.0000,skipjack,95,1.88,26.7,0.2462,2500,4.7,4180,16,79,0.136,0.0,0.0,27,17,43,0.197,30,187,菲律賓EEZ
2026-03-02 21:16:02,20260302_211602,2,5.0000,130.7500,skipjack,95,1.65,28.7,0.2547,2500,4.5,4744,48,155,0.074,0.0,0.0,23,14,38,0.633,30,1205,帛琉EEZ
2026-03-02 21:16:02,20260302_211602,3,5.0000,130.2500,skipjack,95,1.65,28.7,0.2332,2500,4.5,4958,28,155,0.033,0.0,0.0,24,15,38,0.649,30,1192,帛琉EEZ
2026-03-02 21:16:02,20260302_211602,2,19.7500,120.5000,blue_marlin,95,2.43,27.2,0.4592,2500,4.7,3546,17,116,0.798,0.037,0.528,44,34,57,0.267,55,172,菲律賓EEZ
2026-03-02 21:16:02,20260302_211602,1,28.7500,131.5000,albacore,95,3.62,21.7,0.3210,2500,5.0,4318,130,187,0.623,0.0,0.0,15,8,28,0.159,119,722,公海
2026-03-02 21:16:02,20260302_211602,2,28.5000,132.0000,albacore,95,3.66,21.5,0.2512,2500,5.0,3963,132,182,0.277,0.041,0.0,16,9,32,0.184,119,739,公海
2026-03-02 21:16:02,20260302_211602,3,27.0000,129.5000,albacore,95,3.68,21.4,0.2257,2500,5.0,3468,99,146,0.185,0.088,1.0,17,9,33,0.095,118,575,日本EEZ
2026-03-02 21:16:02,20260302_211602,1,21.7500,123.0000,bigeye,95,5.15,26.8,0.1858,2500,4.7,4082,29,227,0.287,0.082,0.293,18,10,32,0.840,217,159,台灣EEZ
2026-03-02 21:16:02,20260302_211602,5,20.2500,120.5000,blue_marlin,95,2.46,27.1,0.5631,2500,4.7,3018,26,118,0.455,0.165,0.0,44,34,56,0.317,55,142,菲律賓EEZ
2026-03-02 21:16:02,20260302_211602,2,21.7500,123.2500,bigeye,95,5.34,25.6,0.2035,2500,4.7,4632,120,222,0.056,0.041,0.361,18,10,32,0.860,214,172,台灣EEZ
2026-03-02 21:16:02,20260302_211602,3,21.5000,122.7500,bigeye,95,5.17,26.7,0.1907,2500,4.7,4868,34,227,0.268,0.039,0.0,20,11,37,0.781,217,152,台灣EEZ
2026-03-02 21:16:02,20260302_211602,6,23.7500,122.7500,blue_marlin,95,2.45,27.1,0.2654,2500,4.7,2761,20,203,0.58,0.043,0.0,45,35,57,0.880,55,153,台灣EEZ
2026-03-02 21:16:02,20260302_211602,2,19.0000,120.0000,mahi_mahi,94,2.52,26.5,0.2259,2500,4.7,3160,15,83,0.213,0.0,0.0,44,34,57,0.159,30,217,菲律賓EEZ
2026-03-02 21:16:02,20260302_211602,1,19.7500,120.0000,mackerel_scad,94,2.47,26.8,0.2778,2500,4.7,3902,16,77,0.335,0.0,0.0,43,33,57,0.216,40,172,菲律賓EEZ
2026-03-02 21:16:02,20260302_211602,3,20.0000,120.0000,mahi_mahi,94,2.46,26.9,0.3800,2500,4.7,3624,17,80,0.521,0.0,0.0,44,34,57,0.237,30,157,菲律賓EEZ
2026-03-02 21:16:02,20260302_211602,4,19.2500,120.5000,mahi_mahi,94,2.37,27.8,0.2205,2500,4.7,3198,15,108,0.317,0.103,0.0,42,32,55,0.218,30,202,菲律賓EEZ
2026-03-02 21:16:02,20260302_211602,1,19.5000,121.0000,yellowfin,94,2.50,26.6,0.4050,2500,4.7,3525,22,133,0.22,0.026,0.219,18,10,33,0.290,54,191,菲律賓EEZ
2026-03-02 21:16:02,20260302_211602,2,20.5000,120.0000,yellowfin,94,2.52,26.4,0.4925,2500,4.7,3415,22,99,0.412,0.012,0.33,18,11,32,0.277,54,128,菲律賓EEZ
2026-03-02 21:16:02,20260302_211602,3,20.0000,120.5000,yellowfin,94,2.45,27.1,0.5635,2500,4.7,3861,24,116,0.368,0.034,0.0,20,11,36,0.292,55,157,菲律賓EEZ
2026-03-02 21:16:02,20260302_211602,2,19.2500,120.0000,mackerel_scad,94,2.51,26.5,0.2425,2500,4.7,3670,16,80,0.234,0.0,0.055,45,35,58,0.177,40,202,菲律賓EEZ
2026-03-02 21:57:59,20260302_215759,1,27.0000,129.5000,albacore,95,3.68,21.4,0.2257,2500,5.0,3468,99,146,0.185,0.088,1.0,15,8,27,0.095,118,575,日本EEZ
2026-03-02 21:57:59,20260302_215759,2,19.7500,120.5000,blue_marlin,95,2.43,27.2,0.4592,2500,4.7,3546,17,116,0.798,0.037,0.528,44,34,57,0.267,55,172,菲律賓EEZ
2026-03-02 21:57:59,20260302_215759,2,28.5000,131.2500,albacore,95,3.57,22.1,0.2740,2500,5.0,3992,105,178,0.407,0.056,1.0,15,8,30,0.130,120,703,公海
2026-03-02 21:57:59,20260302_215759,3,20.5000,120.0000,blue_marlin,95,2.52,26.4,0.4925,2500,4.7,3415,22,99,0.412,0.012,0.33,44,34,58,0.277,54,128,菲律賓EEZ
2026-03-02 21:57:59,20260302_215759,3,29.0000,128.7500,albacore,95,3.78,20.8,0.7159,2500,5.0,964,198,213,0.192,0.0,0.214,16,8,31,0.060,117,606,日本EEZ
2026-03-02 21:57:59,20260302_215759,1,19.5000,120.0000,mahi_mahi,95,2.49,26.7,0.2462,2500,4.7,4180,16,79,0.136,0.0,0.0,45,34,58,0.197,30,187,菲律賓EEZ
2026-03-02 21:57:59,20260302_215759,5,20.2500,120.5000,blue_marlin,95,2.46,27.1,0.5631,2500,4.7,3018,26,118,0.455,0.165,0.0,44,33,57,0.317,55,142,菲律賓EEZ
2026-03-02 21:57:59,20260302_215759,2,19.0000,120.0000,mahi_mahi,94,2.52,26.5,0.2259,2500,4.7,3160,15,83,0.213,0.0,0.0,44,33,57,0.159,30,217,菲律賓EEZ
2026-03-02 21:57:59,20260302_215759,1,26.2500,125.7500,skipjack,94,2.12,24.1,0.3945,2500,4.7,1753,113,214,0.135,0.146,0.0,25,15,39,0.478,36,374,日本EEZ
2026-03-02 21:57:59,20260302_215759,1,19.7500,120.0000,mackerel_scad,94,2.47,26.8,0.2778,2500,4.7,3902,16,77,0.335,0.0,0.0,43,33,56,0.216,40,172,菲律賓EEZ
2026-03-02 21:57:59,20260302_215759,3,20.0000,120.0000,mahi_mahi,94,2.46,26.9,0.3800,2500,4.7,3624,17,80,0.521,0.0,0.0,43,33,56,0.237,30,157,菲律賓EEZ
2026-03-02 21:57:59,20260302_215759,2,26.2500,125.2500,skipjack,94,2.05,24.9,0.5192,2500,4.8,1255,65,181,0.516,0.11,1.0,24,14,40,0.519,30,351,日本EEZ
2026-03-02 21:57:59,20260302_215759,1,5.2500,131.2500,yellowfin,94,2.22,28.7,0.2941,2500,4.5,4620,19,153,0.303,0.0,0.0,17,10,32,0.585,57,1206,帛琉EEZ
2026-03-02 21:57:59,20260302_215759,3,26.7500,126.0000,skipjack,94,2.06,24.6,0.5521,2500,4.7,1456,89,164,0.793,0.042,0.0,24,15,37,0.376,30,403,日本EEZ
2026-03-02 21:57:59,20260302_215759,1,5.0000,136.2500,bigeye,94,4.64,29.5,0.1114,2292,4.5,4364,45,190,0.008,0.0,0.0,17,9,30,0.163,224,1378,密克羅尼西亞EEZ
2026-03-02 21:57:59,20260302_215759,2,19.5000,121.0000,yellowfin,94,2.50,26.6,0.4050,2500,4.7,3525,22,133,0.22,0.026,0.219,20,11,36,0.290,54,191,菲律賓EEZ
2026-03-02 21:57:59,20260302_215759,3,25.7500,124.2500,yellowfin,94,2.57,25.8,0.5124,2500,4.7,1065,63,188,0.174,0.014,0.0,21,12,39,0.663,74,290,公海
2026-03-02 21:57:59,20260302_215759,2,19.2500,120.0000,mackerel_scad,94,2.51,26.5,0.2425,2500,4.7,3670,16,80,0.234,0.0,0.055,43,34,56,0.177,40,202,菲律賓EEZ
2026-03-02 21:57:59,20260302_215759,2,5.0000,135.7500,bigeye,94,4.63,29.7,0.1159,2410,4.5,4585,32,171,0.015,0.0,0.0,18,10,33,0.177,224,1360,帛琉EEZ
2026-03-02 21:57:59,20260302_215759,3,5.5000,137.2500,bigeye,94,4.61,29.8,0.0992,2075,4.5,4528,41,187,0.015,0.0,0.0,19,10,35,0.172,225,1392,密克羅尼西亞EEZ
2026-03-02 22:27:40,20260302_222740,1,29.2500,128.7500,albacore,95,3.77,20.9,0.7285,2500,5.0,960,197,215,0.233,0.013,0.0,16,8,29,0.055,117,616,日本EEZ
2026-03-02 22:27:40,20260302_222740,2,19.7500,120.5000,blue_marlin,95,2.43,27.2,0.4592,2500,4.7,3546,17,116,0.798,0.037,0.528,44,34,57,0.267,55,172,菲律賓EEZ
2026-03-02 22:27:40,20260302_222740,2,29.5000,129.2500,albacore,95,3.73,21.0,0.6136,2500,5.0,862,193,211,0.217,0.016,0.023,16,9,33,0.058,117,646,日本EEZ
2026-03-02 22:27:40,20260302_222740,3,27.2500,129.5000,albacore,95,3.63,21.6,0.2891,2500,5.0,2551,141,184,0.201,0.073,0.0,14,7,26,0.089,119,582,日本EEZ
2026-03-02 22:27:40,20260302_222740,1,19.5000,120.0000,mahi_mahi,95,2.49,26.7,0.2462,2500,4.7,4180,16,79,0.136,0.0,0.0,45,35,57,0.197,30,187,菲律賓EEZ
2026-03-02 22:27:40,20260302_222740,3,20.5000,120.0000,blue_marlin,95,2.52,26.4,0.4925,2500,4.7,3415,22,99,0.412,0.012,0.33,45,35,60,0.277,54,128,菲律賓EEZ
2026-03-02 22:27:40,20260302_222740,5,20.2500,120.5000,blue_marlin,95,2.46,27.1,0.5631,2500,4.7,3018,26,118,0.455,0.165,0.0,45,34,57,0.317,55,142,菲律賓EEZ
2026-03-02 22:27:40,20260302_222740,2,20.0000,120.0000,mahi_mahi,95,2.46,26.9,0.3800,2500,4.7,3624,17,80,0.521,0.0,0.0,44,34,56,0.237,30,157,菲律賓EEZ
2026-03-02 22:27:40,20260302_222740,1,26.2500,125.5000,skipjack,94,2.12,24.2,0.4228,2500,4.8,1554,113,203,0.296,0.051,0.124,31,19,49,0.500,36,362,日本EEZ
2026-03-02 22:27:40,20260302_222740,3,19.5000,120.5000,mahi_mahi,94,2.39,27.6,0.3182,2500,4.7,3232,15,116,0.631,0.0,0.709,43,33,56,0.242,30,187,菲律賓EEZ
2026-03-02 22:27:40,20260302_222740,1,19.7500,120.0000,mackerel_scad,94,2.47,26.8,0.2778,2500,4.7,3902,16,77,0.335,0.0,0.0,44,34,56,0.216,40,172,菲律賓EEZ
2026-03-02 22:27:40,20260302_222740,2,26.5000,126.0000,skipjack,94,2.09,24.4,0.4863,2500,4.7,1897,102,182,0.615,0.046,0.0,25,15,40,0.414,33,394,日本EEZ
2026-03-02 22:27:40,20260302_222740,1,5.2500,131.2500,yellowfin,94,2.22,28.7,0.2941,2500,4.5,4620,19,153,0.303,0.0,0.0,20,12,37,0.585,57,1206,帛琉EEZ
2026-03-02 22:27:40,20260302_222740,2,25.7500,124.2500,yellowfin,94,2.57,25.8,0.5124,2500,4.7,1065,63,188,0.174,0.014,0.0,18,11,32,0.663,74,290,公海
2026-03-02 22:27:40,20260302_222740,3,26.0000,126.0000,skipjack,94,2.10,24.3,0.4196,2500,4.7,2008,109,203,0.062,0.264,0.0,27,17,45,0.493,35,376,日本EEZ
2026-03-02 22:27:40,20260302_222740,3,19.5000,121.0000,yellowfin,94,2.50,26.6,0.4050,2500,4.7,3525,22,133,0.22,0.026,0.219,21,11,36,0.290,54,191,菲律賓EEZ
2026-03-02 22:27:40,20260302_222740,1,5.0000,135.7500,bigeye,94,4.63,29.7,0.1159,2410,4.5,4585,32,171,0.015,0.0,0.0,19,11,33,0.177,224,1360,帛琉EEZ
2026-03-02 22:27:40,20260302_222740,2,19.2500,120.0000,mackerel_scad,94,2.51,26.5,0.2425,2500,4.7,3670,16,80,0.234,0.0,0.055,43,33,56,0.177,40,202,菲律賓EEZ
2026-03-02 22:27:40,20260302_222740,2,5.0000,136.2500,bigeye,94,4.64,29.5,0.1114,2292,4.5,4364,45,190,0.008,0.0,0.0,17,10,30,0.163,224,1378,密克羅尼西亞EEZ
2026-03-02 22:27:40,20260302_222740,3,5.0000,135.2500,bigeye,94,4.68,29.3,0.1271,2500,4.5,4757,33,161,0.018,0.039,0.0,20,11,36,0.201,224,1343,帛琉EEZ
2026-03-03 03:08:16,20260303_030816,1,29.2500,134.0000,albacore,95,4.00,19.8,0.3298,2500,5.1,3485,132,0,0.282,0.118,0.0,15,8,28,0.439,114,858,公海
2026-03-03 03:08:16,20260303_030816,1,26.5000,125.5000,skipjack,95,2.08,24.6,0.5221,2500,4.8,1073,74,187,0.645,0.062,0.0,25,15,40,0.456,30,372,日本EEZ
2026-03-03 03:08:16,20260303_030816,2,28.7500,131.2500,albacore,95,3.67,21.4,0.3980,2500,5.0,3928,122,203,0.707,0.018,0.0,13,7,25,0.140,118,711,公海
2026-03-03 03:08:16,20260303_030816,3,28.7500,134.0000,albacore,95,4.05,19.5,0.3926,2500,5.2,3187,162,0,0.562,0.087,0.0,14,8,27,0.375,113,844,公海
2026-03-03 03:08:16,20260303_030816,2,26.7500,126.0000,skipjack,94,2.06,24.6,0.5521,2500,4.7,1456,89,164,0.793,0.042,0.0,28,17,43,0.376,30,403,日本EEZ
2026-03-03 03:08:16,20260303_030816,3,26.2500,126.0000,skipjack,94,2.12,24.1,0.4338,2500,4.7,1952,112,198,0.14,0.111,0.0,25,16,41,0.454,36,385,日本EEZ
2026-03-03 03:08:16,20260303_030816,1,25.7500,124.2500,yellowfin,94,2.57,25.8,0.5124,2500,4.7,1065,63,188,0.174,0.014,0.0,18,11,33,0.663,74,290,公海
2026-03-03 03:08:16,20260303_030816,2,26.2500,125.0000,yellowfin,94,2.74,24.6,0.5947,2500,4.8,956,49,121,0.735,0.067,0.0,19,11,32,0.535,71,341,日本EEZ
2026-03-03 03:08:16,20260303_030816,1,5.0000,131.5000,bigeye,94,4.78,28.8,0.2041,2500,4.5,3047,32,159,0.292,0.0,0.0,17,10,31,0.580,222,1226,帛琉EEZ
2026-03-03 03:08:16,20260303_030816,3,27.0000,125.7500,yellowfin,94,2.72,24.7,0.6753,2500,4.8,583,50,151,0.939,0.0,0.556,20,12,34,0.356,71,402,日本EEZ
2026-03-03 03:08:16,20260303_030816,2,5.5000,131.5000,bigeye,93,4.82,28.7,0.3760,2500,4.5,5232,12,164,0.255,0.0,0.0,20,11,35,0.547,222,1200,帛琉EEZ
2026-03-03 03:08:16,20260303_030816,3,5.0000,132.0000,bigeye,93,4.71,29.2,0.1543,2500,4.5,3274,25,179,0.109,0.0,0.0,18,11,33,0.531,223,1240,帛琉EEZ
2026-03-03 03:08:16,20260303_030816,1,34.7500,158.5000,japanese_flying_squid,9,4.28,14.7,1.0953,2500,5.8,4744,77,0,0.276,0.096,0.0,4,2,6,0.000,72,2239,公海
2026-03-03 03:08:16,20260303_030816,2,34.7500,159.0000,japanese_flying_squid,9,4.13,15.3,1.0677,2500,5.7,4426,74,0,0.324,0.034,0.0,4,2,6,0.000,73,2265,公海
2026-03-03 03:08:16,20260303_030816,3,34.2500,159.2500,japanese_flying_squid,9,4.26,14.9,1.0485,2500,5.8,3686,84,0,0.227,0.011,0.354,4,2,6,0.000,72,2269,公海
2026-03-03 03:08:16,20260303_030816,4,35.0000,158.0000,japanese_flying_squid,9,4.10,15.3,0.9095,2500,5.7,4648,106,0,0.178,0.053,0.0,4,2,6,0.000,73,2218,公海
2026-03-03 03:08:16,20260303_030816,5,35.0000,159.5000,japanese_flying_squid,9,3.68,16.8,1.0497,2500,5.5,4742,99,0,0.811,0.1,0.0,4,2,6,0.000,75,2296,公海
2026-03-03 03:08:16,20260303_030816,1,35.0000,164.5000,pacific_saury,9,5.22,15.1,1.0560,2500,5.7,5941,135,0,0.971,0.0,0.331,4,2,7,0.000,30,2560,公海
2026-03-03 03:08:16,20260303_030816,2,35.0000,151.0000,pacific_saury,9,4.57,16.8,0.4773,2500,5.3,6035,232,0,0.168,0.409,1.0,4,2,6,0.000,58,1857,公海
2026-03-03 03:08:16,20260303_030816,3,35.0000,165.0000,pacific_saury,9,5.12,15.6,1.0579,2500,5.7,5898,135,0,0.929,0.0,0.0,4,2,6,0.000,30,2586,公海
2026-03-03 03:34:37,20260303_033437,1,20.2500,120.0000,blue_marlin,95,2.49,26.8,0.5145,2500,4.7,3520,19,89,0.288,0.011,0.256,44,34,57,0.257,55,142,菲律賓EEZ
2026-03-03 03:34:37,20260303_033437,1,19.7500,120.0000,mahi_mahi,95,2.47,26.8,0.2778,2500,4.7,3902,16,77,0.335,0.0,0.0,45,34,58,0.216,30,172,菲律賓EEZ
2026-03-03 03:34:37,20260303_033437,2,19.7500,120.5000,blue_marlin,95,2.43,27.2,0.4592,2500,4.7,3546,17,116,0.798,0.037,0.528,44,34,56,0.267,55,172,菲律賓EEZ
2026-03-03 03:34:37,20260303_033437,5,20.2500,120.5000,blue_marlin,95,2.46,27.1,0.5631,2500,4.7,3018,26,118,0.455,0.165,0.0,46,35,57,0.317,55,142,菲律賓EEZ
2026-03-03 03:34:37,20260303_033437,1,29.2500,134.0000,albacore,95,4.00,19.8,0.3298,2500,5.1,3485,132,0,0.282,0.118,0.0,17,9,31,0.439,114,858,公海
2026-03-03 03:34:37,20260303_033437,2,19.2500,120.0000,mahi_mahi,95,2.51,26.5,0.2425,2500,4.7,3670,16,80,0.234,0.0,0.055,44,33,58,0.177,30,202,菲律賓EEZ
2026-03-03 03:34:37,20260303_033437,1,26.5000,125.5000,skipjack,95,2.08,24.6,0.5221,2500,4.8,1073,74,187,0.645,0.062,0.0,26,16,42,0.456,30,372,日本EEZ
2026-03-03 03:34:37,20260303_033437,2,28.7500,131.2500,albacore,95,3.67,21.4,0.3980,2500,5.0,3928,122,203,0.707,0.018,0.0,14,7,28,0.140,118,711,公海
2026-03-03 03:34:37,20260303_033437,3,19.5000,120.5000,mahi_mahi,95,2.39,27.6,0.3182,2500,4.7,3232,15,116,0.631,0.0,0.709,44,35,57,0.242,30,187,菲律賓EEZ
2026-03-03 03:34:37,20260303_033437,3,28.7500,134.0000,albacore,95,4.05,19.5,0.3926,2500,5.2,3187,162,0,0.562,0.087,0.0,15,8,29,0.375,113,844,公海
2026-03-03 03:34:37,20260303_033437,2,26.7500,126.0000,skipjack,94,2.06,24.6,0.5521,2500,4.7,1456,89,164,0.793,0.042,0.0,26,16,41,0.376,30,403,日本EEZ
2026-03-03 03:34:37,20260303_033437,3,26.2500,126.0000,skipjack,94,2.12,24.1,0.4338,2500,4.7,1952,112,198,0.14,0.111,0.0,26,16,43,0.454,36,385,日本EEZ
2026-03-03 03:34:37,20260303_033437,1,25.7500,124.2500,yellowfin,94,2.57,25.8,0.5124,2500,4.7,1065,63,188,0.174,0.014,0.0,19,10,33,0.663,74,290,公海
2026-03-03 03:34:37,20260303_033437,2,26.2500,125.0000,yellowfin,94,2.74,24.6,0.5947,2500,4.8,956,49,121,0.735,0.067,0.0,19,10,34,0.535,71,341,日本EEZ
2026-03-03 03:34:37,20260303_033437,1,5.0000,131.5000,bigeye,94,4.78,28.8,0.2041,2500,4.5,3047,32,159,0.292,0.0,0.0,17,10,31,0.580,222,1226,帛琉EEZ
2026-03-03 03:34:37,20260303_033437,3,27.0000,125.7500,yellowfin,94,2.72,24.7,0.6753,2500,4.8,583,50,151,0.939,0.0,0.556,18,10,33,0.356,71,402,日本EEZ
2026-03-03 03:34:37,20260303_033437,3,27.5000,126.2500,mackerel_scad,93,2.97,22.8,0.7119,2500,4.9,817,66,137,0.7,0.097,0.293,43,33,55,0.254,33,442,日本EEZ
2026-03-03 03:34:37,20260303_033437,2,5.5000,131.5000,bigeye,93,4.82,28.7,0.3760,2500,4.5,5232,12,164,0.255,0.0,0.0,18,10,34,0.547,222,1200,帛琉EEZ
2026-03-04 05:31:16,20260304_053116,1,9.5000,125.0000,skipjack,95,2.14,25.6,0.4719,2500,5.1,1803,25,100,1.0,0.0,0.0,26,16,41,0.034,30,829,菲律賓EEZ
2026-03-04 05:31:16,20260304_053116,1,31.5000,134.5000,bigeye,95,8.55,18.8,0.2725,2500,6.9,4350,80,270,0.804,0.0,1.0,19,11,34,0.596,197,951,日本EEZ
2026-03-04 05:31:16,20260304_053116,2,31.5000,135.0000,bigeye,95,8.54,18.8,0.2725,2500,6.9,2795,80,270,0.807,0.0,1.0,18,10,33,0.608,197,974,日本EEZ
2026-03-04 05:31:16,20260304_053116,3,31.5000,135.5000,bigeye,95,8.55,18.8,0.2725,2500,6.9,4018,80,270,0.803,0.0,1.0,18,9,33,0.596,197,998,日本EEZ
2026-03-04 05:31:16,20260304_053116,1,30.7500,133.2500,albacore,95,4.99,19.3,0.2614,2500,6.8,4644,77,267,0.801,0.0,1.0,17,9,34,0.478,113,869,日本EEZ
2026-03-04 05:31:16,20260304_053116,2,30.7500,133.7500,albacore,95,4.99,19.3,0.2613,2500,6.8,4495,77,267,0.977,0.0,1.0,18,9,32,0.539,113,892,日本EEZ
2026-03-04 05:31:16,20260304_053116,3,30.7500,134.2500,albacore,95,4.99,19.3,0.2613,2500,6.8,4500,77,267,0.972,0.0,1.0,15,8,28,0.584,113,915,日本EEZ
2026-03-04 05:31:16,20260304_053116,1,9.0000,125.0000,mahi_mahi,95,2.77,25.8,0.4794,2500,5.1,1055,25,100,1.0,0.0,0.0,46,35,59,0.045,30,857,菲律賓EEZ
2026-03-04 05:31:16,20260304_053116,1,17.2500,124.7500,blue_marlin,95,3.52,22.6,0.3833,2500,5.7,3284,44,216,1.0,0.0,0.0,45,35,58,0.143,92,406,菲律賓EEZ
2026-03-04 05:31:16,20260304_053116,2,17.7500,124.7500,blue_marlin,95,3.57,22.5,0.3758,2500,5.8,4200,46,219,1.0,0.0,0.0,45,34,58,0.195,91,382,菲律賓EEZ
2026-03-04 05:31:16,20260304_053116,3,18.2500,124.7500,blue_marlin,95,3.61,22.3,0.3758,2500,5.8,4960,46,221,1.0,0.0,0.0,44,34,57,0.258,91,360,菲律賓EEZ
2026-03-04 05:31:16,20260304_053116,3,6.5000,125.7500,mahi_mahi,95,2.56,26.9,0.4383,2500,4.9,884,25,100,0.998,0.0,0.0,44,33,58,0.180,30,1013,菲律賓EEZ
2026-03-04 05:31:16,20260304_053116,1,13.7500,125.0000,yellowfin,95,3.20,23.9,0.4082,2500,5.5,3581,38,199,1.0,0.0,0.0,19,11,36,0.009,69,592,菲律賓EEZ
2026-03-04 05:31:16,20260304_053116,2,14.2500,125.0000,yellowfin,95,3.25,23.7,0.4007,2500,5.5,5798,38,201,1.0,0.0,0.0,20,11,34,0.013,69,566,菲律賓EEZ
2026-03-04 05:31:16,20260304_053116,2,13.2500,125.0000,skipjack,95,2.43,24.1,0.4157,2500,5.4,2926,36,196,1.0,0.0,0.0,23,14,38,0.006,30,620,菲律賓EEZ
2026-03-04 05:31:16,20260304_053116,3,9.5000,124.5000,skipjack,95,2.14,25.6,0.5271,2500,5.1,1522,25,100,1.0,0.0,0.0,26,16,41,0.025,30,821,菲律賓EEZ
2026-03-04 05:31:16,20260304_053116,3,15.2500,125.0000,yellowfin,95,3.34,23.3,0.3857,2500,5.6,5152,40,206,1.0,0.0,0.0,18,10,33,0.031,68,513,菲律賓EEZ
2026-03-04 05:31:16,20260304_053116,5,9.0000,124.5000,mahi_mahi,95,2.77,25.8,0.5346,2500,5.1,1397,25,100,1.0,0.0,0.0,44,34,57,0.033,30,849,菲律賓EEZ
2026-03-04 05:31:16,20260304_053116,1,21.2500,125.0000,mackerel_scad,95,3.86,21.6,0.3932,2500,6.1,5841,52,236,1.0,0.0,0.0,44,35,57,0.769,30,274,公海
2026-03-04 05:31:16,20260304_053116,2,20.7500,125.0000,mackerel_scad,95,3.82,21.7,0.3857,2500,6.0,5818,52,234,1.0,0.0,0.0,44,34,55,0.684,30,284,公海
